tree
version=v4
num_class=1
num_tree_per_iteration=1
label_index=0
max_feature_idx=14
objective=quantile
feature_names=hour dow dom is_payday days_to_festival in_festival after_festival is_haat area_code log_base_out log_base_in lag168_out_ratio how4_out_ratio lag168_in_ratio how4_in_ratio
feature_infos=[0:23] [0:6] [1:30] [0:1] [0:10] [0:1] [0:1] [0:1] [0:4] [6.9096493174915565:9.8165818517807502] [6.1572879067910398:8.9953406527916453] [0.0039056496306810479:19.896346733934273] [0.0085488031675565422:7.9187306684296273] [0.0057229155075113258:7.6057398984615041] [0.0083442188966757237:4.5834211502782933]
tree_sizes=2778 2938 2966 2932 2929 2925 2952 2936 2966 2934 2947 2978 2941 2950 2939 2975 2966 2969 2975 2965 2979 2984 2977 2962 2957 2958 2993 3002 2994 2990 3009 3013 3000 3013 3013 2977 2989 3016 3040 3021 3005 3007 3021 3004 3007 3017 3007 3003 3026 3026 2977 3022 3028 3017 3007 3035 3001 3014 3032 3014 3047 2983 3019 3023 3049 2997 3044 3042 3048 3013 3016 3022 3027 3009 3071 3045 3033 3052 3006 3043 3021 3024 3023 3050 2988 2999 3024 3031 3013 2989 3041 3015 3038 3029 3014 3049 3022 3027 3032 3035 3030 3009 3032 3026 3048 3010 3038 3025 3011 3022 3055 2977 3027 3008 3024 2979 3032 3037 3023 3004 2978 3001 3026 3046 2970 3028 3008 2987 3002 3022 3013 3019 3052 3070 2995 3003 3026 3021 3004 3044 3016 3071 3034 3049 3010 3014 3022 3030 3082 3010 3029 3045 3039 3012 3029 2994 3036 3057 3052 3028 3018 3032 3063 3048 3047 2999 2987 3046 3008 3076 3054 3000 3029 3038 3026 3045 2990 3003 3048 3011 3019 3056 3034 3027 2988 3023 2994 3028 2975 3026 3008 2944 3028 3025 3022 3005 2979 2982 2994 3055 3055 3022 2988 2956 3027 2998 3047 2956 3018 2998 2963 3047 2968 3001 3001 2991 2987 2989 3001 2956 2967 3046 2939 2984 2921 3001 2961 2914 2958 3009 2950 2990 3034 2904 3002 3001 2935 2945 2942 2974 2915 2970 2964 3003 2945 2991 2956 3021 2978 2978

Tree=0
num_leaves=31
num_cat=0
split_feature=14 4 14 14 4 6 14 14 3 12 12 4 4 14 14 14 14 4 6 11 8 4 2 11 14 12 12 4 14 12
split_gain=1733.44 333.601 169.64 150.141 127.25 38.395 34.8219 31.1108 26.0931 20.9954 19.2573 17.1809 13.5738 12.2153 11.0765 10.2975 9.70501 19.2489 7.98795 9.34467 7.95117 7.6246 7.30009 6.82017 6.38732 5.7946 5.63304 5.62732 5.59318 4.30562
threshold=1.7343742541738503 1.0000000180025095e-35 2.2958000509363887 1.3419024302228508 1.0000000180025095e-35 1.0000000180025095e-35 2.0287922379007273 2.1067637228976905 1.0000000180025095e-35 3.373311256205707 2.3181706551236823 9.5000000000000018 8.5000000000000018 1.5174173116226817 1.6390585273934948 2.6779668097023817 1.0809422387544811 1.0000000180025095e-35 1.0000000180025095e-35 3.3619682843963106 1.5000000000000002 8.5000000000000018 23.500000000000004 2.2499107316361919 3.0374753188956065 3.3051653086412491 2.2738706688326817 7.5000000000000009 1.8774612757519582 1.5100280716235479
decision_type=2 2 2 2 2 2 2 2 2 2 2 2 2 2 2 2 2 2 2 2 2 2 2 2 2 2 2 2 2 2
left_child=3 7 6 16 14 8 12 28 10 11 -4 -8 29 -6 -5 -10 -1 -18 19 -14 -17 -15 -13 -16 25 -12 -7 -11 -2 -3
right_child=1 2 5 4 13 26 9 -9 15 27 24 22 18 21 23 20 17 -19 -20 -21 -22 -23 -24 -25 -26 -27 -28 -29 -30 -31
leaf_value=2.1071457765844945 2.2203762583214397 2.1853157149544016 2.2135816063360378 2.1995204943891293 2.1598938936589462 2.1706712316934529 2.2028982090187599 2.2571842421423414 2.2046265495937236 2.2258876158674297 2.2200589745769319 2.1826320541521853 2.1815367667764862 2.1782638827730212 2.2063531413086652 2.2004148698180872 2.1774338792772383 2.1478999093656994 2.1663316141470772 2.1939881930928551 2.2359860008849184 2.1680425887991648 2.1960694579748745 2.2321912489375606 2.2654877585302642 2.2340213868826369 2.1953010343925867 2.2086598752261208 2.2318702989821615 2.1960604345921779
leaf_weight=50231 687 1027 851 1818 6151 207 1928 1097 1423 202 705 1259 3592 2871 424 249 1454 8046 729 636 273 4634 1066 90 143 826 400 551 887 2188
leaf_count=50231 687 1027 851 1818 6151 207 1928 1097 1423 202 705 1259 3592 2871 424 249 1454 8046 729 636 273 4634 1066 90 143 826 400 551 887 2188
internal_value=2.17176 2.1845 2.18209 2.16824 2.17255 2.18985 2.1791 2.20101 2.19145 2.18238 2.19481 2.18102 2.17708 2.1707 2.18334 2.1871 2.16709 2.16856 2.17544 2.17628 2.19311 2.17206 2.17812 2.18982 2.19792 2.19698 2.17805 2.19007 2.1965 2.17961
internal_weight=96645 20926 18255 75719 15988 5077 13178 2671 4470 5006 2525 4253 8172 13656 2332 1945 59731 9500 4957 4228 522 7505 2325 514 1674 1531 607 753 1574 3215
internal_count=96645 20926 18255 75719 15988 5077 13178 2671 4470 5006 2525 4253 8172 13656 2332 1945 59731 9500 4957 4228 522 7505 2325 514 1674 1531 607 753 1574 3215
is_linear=0
shrinkage=1


Tree=1
num_leaves=31
num_cat=0
split_feature=14 4 14 14 4 6 11 14 14 6 2 14 4 14 14 12 2 12 14 0 8 4 12 4 7 8 11 14 14 0
split_gain=1546.79 298.896 157.263 147.266 106.7 43.2648 35.0732 34.7151 16.3355 16.3242 18.2086 14.7582 25.8687 12.1758 9.46189 8.96987 8.37859 9.28834 7.99771 7.62391 7.50331 6.93777 5.83035 5.74624 5.59084 6.88743 5.47069 5.11747 5.04357 5.03151
threshold=1.7451389203567496 1.0000000180025095e-35 1.3863288808738476 2.1574592703957265 1.0000000180025095e-35 1.0000000180025095e-35 3.0162205704559386 2.1067637228976905 2.7609992057429866 1.0000000180025095e-35 5.5000000000000009 1.182773151721862 1.0000000180025095e-35 1.8891820173047686 1.5825564943545232 3.7319206342178548 5.5000000000000009 3.4493351246816402 1.5267596359297346 21.500000000000004 1.5000000000000002 8.5000000000000018 1.3677312072546379 8.5000000000000018 1.0000000180025095e-35 2.5000000000000004 1.2438483294612259 2.7609992057429866 1.8316268875488217 12.500000000000002
decision_type=2 2 2 2 2 2 2 2 2 2 2 2 2 2 2 2 2 2 2 2 2 2 2 2 2 2 2 2 2 2
left_child=2 7 11 9 18 6 8 28 19 10 -3 -1 -13 22 -6 29 -8 24 -4 21 -10 -5 -12 -16 25 -18 -20 -7 -2 -15
right_child=1 3 4 5 14 27 16 -9 20 -11 13 12 -14 15 23 -17 17 -19 26 -21 -22 -23 -24 -25 -26 -27 -28 -29 -30 -31
leaf_value=-0.054482910972252399 0.041966157919421092 0.010991270486250411 0.024739589117483488 0.03688601077161284 -0.0075723620243021072 0.0097507710187557245 0.034817662309212613 0.08203036308957451 0.032715127753299579 -0.0027688379367055292 0.0047321597523011802 0.01123104401699373 -0.018786853821483158 0.0087642464785048554 0.0094165475580241693 0.04987053864202641 0.048606828654090384 0.058374415741812249 0.028226668702631436 0.014036342600791452 0.061485768418742162 0.027411396168133581 0.016571984967114574 -0.00079348064820323756 0.059510971953171544 0.02488871725880315 0.040375908450861898 0.029223511632506607 0.059426046943893467 0.023940331469507505
leaf_weight=53723 423 2753 866 1222 6782 677 463 1133 199 947 712 1203 6788 337 2143 253 710 1059 520 272 232 2068 2012 3490 122 175 702 150 1115 3479
leaf_count=53723 423 2753 866 1222 6782 677 463 1133 199 947 712 1203 6788 337 2143 253 710 1059 520 272 232 2068 2012 3490 122 175 702 150 1115 3479
internal_value=-0.000195907 0.0119917 -0.00347606 0.00965643 0.00120906 0.0150844 0.0164505 0.0275908 0.0135324 0.00585485 0.00647601 -0.00457708 -0.00257227 0.00786618 -0.000549739 0.00959818 0.0210577 0.0224201 0.0116667 0.01242 0.0227262 0.0130851 0.005279 0.000964849 0.0189821 0.0175989 0.0142717 0.00431076 0.0226983 0.00899371
internal_weight=96730 20513 76217 17842 14503 7349 6522 2671 3993 10493 9546 61714 7991 6793 12415 4069 2529 2066 2088 3562 431 3290 2724 5633 1007 885 1222 827 1538 3816
internal_count=96730 20513 76217 17842 14503 7349 6522 2671 3993 10493 9546 61714 7991 6793 12415 4069 2529 2066 2088 3562 431 3290 2724 5633 1007 885 1222 827 1538 3816
is_linear=0
shrinkage=0.05


Tree=2
num_leaves=31
num_cat=0
split_feature=14 4 14 14 4 12 14 6 2 6 6 3 14 4 14 12 14 12 4 3 12 0 12 14 14 14 0 0 14 0
split_gain=1385.09 279.1 139.604 122.766 78.2247 36.753 28.7218 17.5099 18.0254 17.2243 15.5443 14.7111 14.5742 24.2968 12.6622 8.88462 8.71283 8.61651 6.84841 6.62609 5.88038 7.09231 5.30504 4.81232 4.80344 4.62614 4.48303 4.34633 4.26499 7.13263
threshold=1.7142594256379193 1.0000000180025095e-35 2.1574592703957265 1.3863288808738476 1.0000000180025095e-35 2.6319920180431451 2.0143457220755261 1.0000000180025095e-35 4.5000000000000009 1.0000000180025095e-35 1.0000000180025095e-35 1.0000000180025095e-35 1.0285614451838905 1.0000000180025095e-35 1.8891820173047686 3.7319206342178548 2.7609992057429866 3.0336481365421735 8.5000000000000018 1.0000000180025095e-35 0.76537315468129263 18.500000000000004 3.4493351246816402 1.213379077275677 1.5825564943545232 2.3437685657724976 21.500000000000004 12.500000000000002 2.4906633606924822 15.500000000000002
decision_type=2 2 2 2 2 2 2 2 2 2 2 2 2 2 2 2 2 2 2 2 2 2 2 2 2 2 2 2 2 2
left_child=3 6 7 12 20 9 -2 8 -3 16 11 22 -1 23 -10 27 19 -8 24 26 -5 -22 25 -14 -6 -7 -4 -16 -13 -30
right_child=1 2 5 4 18 10 17 -9 14 -11 -12 28 13 -15 15 -17 -18 -19 -20 -21 21 -23 -24 -25 -26 -27 -28 -29 29 -31
leaf_value=-0.061898375790896104 0.049488693421682745 0.0060954958563589796 0.035334366318060556 0.014797026270161351 -0.0033207559076733543 0.035603851411814887 0.068071092750686166 -0.0045924599773742303 0.013311485060438452 0.0050712606878228744 0.018698047459168587 0.028815058283133639 -0.0017329687361457742 -0.020840580951427847 0.0077541739569994914 0.050902307544719042 0.056690516398142814 0.086387912139576917 -0.0073691556826198717 0.019676559112102952 0.026481418929455342 0.038852197583204497 0.056471542496329186 0.01173579982904982 0.0078617092269672503 0.049839360577234218 0.018379742801676268 0.022164046612928177 0.061656759943251351 0.029474721840358178
leaf_weight=48812 1355 2336 1495 303 2662 304 1042 1044 3656 456 393 803 984 10996 349 253 238 372 7012 1304 1178 468 1018 1031 1731 542 170 3841 195 493
leaf_count=48812 1355 2336 1495 303 2662 304 1042 1044 3656 456 393 803 984 10996 349 253 238 372 7012 1304 1178 468 1018 1031 1731 542 170 3841 195 493
internal_value=-0.000412864 0.0107279 0.00855479 -0.00362259 0.000724875 0.0139043 0.0255525 0.00510105 0.00571873 0.0103426 0.0173853 0.0184873 -0.00456165 -0.00307471 0.00683479 0.00862818 0.0116355 0.0305375 -0.000857081 0.0108976 0.00998204 0.0111604 0.0214485 0.0019727 0.000690871 0.0185225 0.012988 0.00807876 0.0147854 0.0176744
internal_weight=96836 21659 18890 75177 13354 7411 2769 11479 10435 3663 3748 3355 61823 13011 8099 4443 3207 1414 11405 2969 1949 1646 1864 2015 4393 846 1665 4190 1491 688
internal_count=96836 21659 18890 75177 13354 7411 2769 11479 10435 3663 3748 3355 61823 13011 8099 4443 3207 1414 11405 2969 1949 1646 1864 2015 4393 846 1665 4190 1491 688
is_linear=0
shrinkage=0.05


Tree=3
num_leaves=31
num_cat=0
split_feature=14 4 14 14 4 12 14 4 4 4 14 6 12 14 0 14 6 2 14 14 14 4 0 11 11 8 0 11 4 11
split_gain=1252.72 228.316 131.908 110.693 78.8669 35.894 29.9523 19.4502 16.3373 12.9118 11.0263 10.4559 9.12448 9.02641 8.52528 8.42609 6.81561 6.6968 6.43683 6.40662 6.3639 10.3275 6.16612 6.16037 5.25316 4.78038 4.71488 4.62474 4.35692 4.22555
threshold=1.6952142143795002 1.0000000180025095e-35 2.0904543030714344 1.2648265340737657 1.0000000180025095e-35 2.3629150681186144 2.0143457220755261 8.5000000000000018 9.5000000000000018 9.5000000000000018 1.5267596359297346 1.0000000180025095e-35 2.2088749738977822 2.2958000509363887 16.500000000000004 1.4606615179810833 1.0000000180025095e-35 23.500000000000004 3.0374753188956065 1.950209636259844 0.98321410447944702 1.0000000180025095e-35 12.500000000000002 4.5347215397859291 7.701608116388571 3.5000000000000004 15.500000000000002 3.0162205704559386 8.5000000000000018 4.9651627472506323
decision_type=2 2 2 2 2 2 2 2 2 2 2 2 2 2 2 2 2 2 2 2 2 2 2 2 2 2 2 2 2 2
left_child=3 6 9 20 15 8 26 18 -4 19 -6 13 -8 -9 22 -5 -10 -11 25 -3 -1 -22 -15 -21 -16 -7 -2 -19 -12 -24
right_child=1 2 5 4 10 7 12 11 16 17 28 -13 -14 14 24 -17 -18 27 -20 23 21 -23 29 -25 -26 -27 -28 -29 -30 -31
leaf_value=-0.061098204479514057 0.033146392648115079 0.013564382390958696 0.030599288782130155 0.01556737733969637 -0.01126644594940622 0.044457496266747588 0.051641510543722527 0.024222804556822825 0.021381186042551927 0.0042870300684158787 0.0058142172396722152 0.017346936861874711 0.079594558190322684 0.019174451505682186 0.031311073354336534 0.027301269584690237 0.00065435540711080711 0.0089211403978136424 0.067412629946443259 0.021946043011614253 0.0011645595122815378 -0.023841811253011814 0.06474607465552093 0.050553077815014169 0.047105866135566381 0.016473494013456432 0.05108001884815791 0.023351495790170068 -0.0039196737619660469 0.083198463150297025
leaf_weight=47552 428 3414 1741 1225 9080 1688 620 951 1512 3171 2263 507 819 67 1165 1338 458 2139 93 1324 1417 7695 350 98 102 58 1024 667 3655 74
leaf_count=47552 428 3414 1741 1225 9080 1688 620 951 1512 3171 2263 507 819 67 1165 1338 458 2139 93 1324 1417 7695 350 98 102 58 1024 667 3655 74
internal_value=-0.000528208 0.00981531 0.00787859 -0.00365948 -0.00019105 0.0124367 0.0229315 0.015178 0.0087025 0.00418339 -0.00157621 0.0128327 0.0280438 0.0140661 0.0161888 0.00791455 0.00558376 0.00262924 0.0192795 0.00610422 -0.0047344 -0.00352393 0.0217821 0.00892405 0.0140213 0.0185968 0.017865 0.00440841 0.000103074 0.0240094
internal_weight=96695 22470 19579 74225 17561 8766 2891 5055 3711 10813 14998 3216 1439 2709 1758 2563 1970 5977 1839 4836 56664 9112 491 1422 1267 1746 1452 2806 5918 424
internal_count=96695 22470 19579 74225 17561 8766 2891 5055 3711 10813 14998 3216 1439 2709 1758 2563 1970 5977 1839 4836 56664 9112 491 1422 1267 1746 1452 2806 5918 424
is_linear=0
shrinkage=0.05


Tree=4
num_leaves=31
num_cat=0
split_feature=14 4 14 14 4 14 12 14 4 4 14 4 6 12 2 12 14 11 4 14 14 14 0 6 3 14 8 8 0 12
split_gain=1099.77 193.93 106.525 105.129 61.2179 29.4456 24.9296 18.9602 12.6148 12.3315 12.0439 17.5314 11.3421 9.50261 7.97299 7.41339 7.34207 7.14983 6.64421 5.30061 5.28332 5.2673 5.06055 5.0143 4.80889 4.27899 4.23893 4.74455 3.85954 3.83592
threshold=1.6952142143795002 1.0000000180025095e-35 1.3419024302228508 2.194209813763786 1.0000000180025095e-35 1.974723118924252 2.6319920180431451 1.8891820173047686 8.5000000000000018 9.5000000000000018 1.0285614451838905 1.0000000180025095e-35 1.0000000180025095e-35 2.2314396735834108 25.500000000000004 3.6242137430533221 2.7609992057429866 4.5347215397859291 8.5000000000000018 1.5267596359297346 2.5268017676855781 3.0374753188956065 16.500000000000004 1.0000000180025095e-35 1.0000000180025095e-35 2.36773265736463 2.5000000000000004 1.5000000000000002 13.500000000000002 3.0336481365421735
decision_type=2 2 2 2 2 2 2 2 2 2 2 2 2 2 2 2 2 2 2 2 2 2 2 2 2 2 2 2 2 2
left_child=2 5 10 7 -4 -2 12 18 21 17 -1 -12 16 26 22 23 24 -9 -3 -6 -16 29 28 -11 -5 -15 27 -7 -10 -8
right_child=1 3 4 6 19 13 8 9 14 15 11 -13 -14 25 20 -17 -18 -19 -20 -21 -22 -23 -24 -25 -26 -27 -28 -29 -30 -31
leaf_value=-0.055818829844123424 0.040624744717321658 0.01261038258373294 0.022412603709828144 0.029197601950474335 -0.0092793907278968524 0.0533856944618539 0.033305844255366916 0.021748518889690052 0.031096962915421734 0.013001429399550155 0.0042214262807724759 -0.020086070679462355 0.005128700149547292 0.070909828005256165 0.034330131405417144 0.026737742976623569 0.047913890470708743 0.040615599803536226 0.0036003440997353048 -0.00016162501821250788 0.051903367871767095 0.065265539920922336 0.020111951387295084 -0.0018921597795777557 0.016806645533328248 0.087201691972316531 0.03580353460824167 0.094080072913372448 0.050398085723330072 0.047090918173616748
leaf_weight=48643 1298 2251 2074 1431 6482 409 316 2891 184 2914 1725 9292 399 505 535 317 243 231 3535 5843 411 86 1002 650 1121 355 258 46 157 872
leaf_count=48643 1298 2251 2074 1431 6482 409 316 2891 184 2914 1725 9292 399 505 535 317 243 231 3535 5843 411 86 1002 650 1121 355 258 46 157 872
internal_value=-0.000731582 0.00897154 -0.00366863 0.00718919 0.000191332 0.0211059 0.012234 0.00452381 0.0151095 0.00627374 -0.00460024 -0.00310747 0.0090263 0.0257057 0.0128899 0.00439191 0.0101521 0.00861307 0.00240581 -0.00114605 0.0164059 0.0190973 0.0104133 0.00374018 0.00936128 0.0292442 0.0214376 0.0243407 0.0156745 0.0182323
internal_weight=96476 22417 74059 19546 14399 2871 6757 12789 3563 7003 59660 11017 3194 1573 2289 3881 2795 3122 5786 12325 946 1274 1343 3564 2552 860 713 455 341 1188
internal_count=96476 22417 74059 19546 14399 2871 6757 12789 3563 7003 59660 11017 3194 1573 2289 3881 2795 3122 5786 12325 946 1274 1343 3564 2552 860 713 455 341 1188
is_linear=0
shrinkage=0.05


Tree=5
num_leaves=31
num_cat=0
split_feature=14 4 14 14 4 14 14 12 14 4 0 14 4 4 4 11 14 0 8 12 11 8 0 14 0 11 0 12 2 12
split_gain=994.043 170.955 105.931 78.0784 49.4331 30.5204 26.8373 17.6787 15.6135 13.834 12.0629 8.32431 11.25 6.88186 5.79959 5.74365 5.36748 5.2016 6.54944 5.7155 4.67921 5.5693 4.49186 4.40558 3.91298 3.78399 3.69014 3.98447 3.50039 3.43342
threshold=1.6390585273934948 1.0000000180025095e-35 2.0904543030714344 1.2751611647832297 1.0000000180025095e-35 2.1752531023704997 2.6779668097023817 3.1935254887084805 1.8774612757519582 9.5000000000000018 15.500000000000002 0.95212868522054228 1.0000000180025095e-35 9.5000000000000018 8.5000000000000018 1.575826340680816 1.4606615179810833 15.500000000000002 1.5000000000000002 3.6242137430533221 2.2499107316361919 2.5000000000000004 13.500000000000002 2.7609992057429866 19.500000000000004 4.5347215397859291 14.500000000000002 0.53672721155741032 25.500000000000004 3.7319206342178548
decision_type=2 2 2 2 2 2 2 2 2 2 2 2 2 2 2 2 2 2 2 2 2 2 2 2 2 2 2 2 2 2
left_child=3 5 8 11 26 17 7 9 15 20 22 -1 -13 25 -9 -3 -6 18 -2 -19 -4 -22 -8 -7 -17 -10 -5 -28 -16 -15
right_child=1 2 6 4 16 23 10 14 13 -11 -12 12 -14 29 28 24 -18 19 -20 -21 21 -23 -24 -25 -26 -27 27 -29 -30 -31
leaf_value=-0.057068383554118099 0.010831488580262331 0.00078467259526293501 0.021066514692757648 0.01072448038774867 -0.012111270627819937 0.065981825551916937 0.044727290872023019 0.040112114203817606 0.020078297921440665 0.014232019334109293 0.033388061286667908 0.0012627536830272686 -0.021159842391905222 0.0092606677721820182 0.026859202899834067 0.0069057767361364146 -0.0030017913482091206 0.044448494009092149 0.037309084485551737 0.06762313705432843 0.034866939275277446 0.022713810695354684 0.063998673698438827 0.089016146444531985 0.01622774162710856 0.041131570533317008 0.0034079993490592994 0.024822150230394475 0.032678541696467438 0.037077549715841686
leaf_weight=46853 177 3194 1275 866 6432 839 137 684 2233 2825 933 1635 8689 2729 749 3666 6233 1526 457 44 791 441 304 101 703 143 186 1144 562 169
leaf_count=46853 177 3194 1275 866 6432 839 137 684 2233 2825 933 1635 8689 2729 749 3666 6233 1526 457 44 791 441 304 101 703 143 186 1144 562 169
internal_value=-0.000871072 0.00778867 0.00619881 -0.00383811 -0.000609314 0.01868 0.010458 0.00925549 0.00331191 0.00775319 0.0168705 -0.00467732 -0.0033921 0.00540007 0.0132707 0.00185574 -0.00181011 0.0154628 0.0116404 0.0170064 0.0104567 0.0126542 0.0236848 0.0262234 0.00303387 0.00739478 0.00631603 0.00796992 0.0113234 0.00376466
internal_weight=96720 24682 21538 72038 14861 3144 8701 7327 12837 5332 1374 57177 10324 5274 1995 7563 12665 2204 634 1570 2507 1232 441 940 4369 2376 2196 1330 1311 2898
internal_count=96720 24682 21538 72038 14861 3144 8701 7327 12837 5332 1374 57177 10324 5274 1995 7563 12665 2204 634 1570 2507 1232 441 940 4369 2376 2196 1330 1311 2898
is_linear=0
shrinkage=0.05


Tree=6
num_leaves=31
num_cat=0
split_feature=14 4 14 14 4 14 14 14 12 6 12 0 8 4 11 4 14 4 14 7 3 2 4 11 14 14 12 6 0 7
split_gain=912.004 164.059 112.677 59.4948 38.5161 36.3942 26.6024 15.0017 13.0748 11.1494 9.84413 8.86881 12.514 8.59786 7.46495 6.87917 5.65461 6.18228 5.63183 5.53348 5.05345 4.95334 4.29703 4.13047 4.06994 3.95604 3.95484 3.90253 3.78049 3.47989
threshold=1.5825564943545232 1.0000000180025095e-35 2.0593173842938475 1.213379077275677 1.0000000180025095e-35 1.974723118924252 2.4252354490724621 1.8197179827656431 3.4493351246816402 1.0000000180025095e-35 3.4493351246816402 15.500000000000002 2.5000000000000004 9.5000000000000018 3.0700631488550734 8.5000000000000018 0.90427163435460833 1.0000000180025095e-35 2.4906633606924822 1.0000000180025095e-35 1.0000000180025095e-35 4.5000000000000009 7.5000000000000009 0.85431972455537886 2.7609992057429866 1.4142411981559178 1.3040386106145412 1.0000000180025095e-35 12.500000000000002 1.0000000180025095e-35
decision_type=2 2 2 2 2 2 2 2 2 2 2 2 2 2 2 2 2 2 2 2 2 2 2 2 2 2 2 2 2 2
left_child=3 5 7 16 -5 23 8 15 13 11 18 12 21 -4 22 26 -1 -18 -7 -14 -13 -8 -9 -2 -11 -6 -3 -15 -16 -10
right_child=1 2 6 4 25 10 9 14 29 24 -12 20 19 27 28 -17 17 -19 -20 -21 -22 -23 -24 -25 -26 -27 -28 -29 -30 -31
leaf_value=-0.056523805792022819 0.021682699023550547 0.00066708175927064021 0.023858452792074492 0.015361051556385303 -0.013031308014588891 0.050589876222157076 0.048014187164065768 0.018014742760477626 0.033769983590924146 0.01019168234901055 0.072426288332933353 0.038811757125356526 0.017631831672859418 0.016708790001589296 0.004981144755317096 -0.00040088943531902733 -0.0025471059741508477 -0.0214774903658453 0.08344543256638029 0.042056044250488867 0.024750504888865033 0.069539741367507291 0.0067053501703584102 0.037411667823264189 0.023906993997839299 -0.0053964336170072491 0.012241734580352737 0.0033081127133403124 0.021636342324909526 0.038811640514804319
leaf_weight=45833 355 911 2316 2255 6718 1047 73 1569 870 271 287 1279 139 2150 217 4831 1445 7661 207 233 978 278 3234 1578 149 5823 2139 571 1204 137
leaf_count=45833 355 911 2316 2255 6718 1047 73 1569 870 271 287 1279 139 2150 217 4831 1445 7661 207 233 978 278 3234 1578 149 5823 2139 571 1204 137
internal_value=-0.000963642 0.00683436 0.00533802 -0.00398545 -0.00117126 0.0169775 0.0095648 0.00250797 0.00757445 0.0131029 0.0227093 0.0141779 0.0189972 0.00653464 0.00434287 0.00105887 -0.00474335 -0.00360532 0.0207974 0.0126075 0.012634 0.0257692 0.003401 0.0124082 0.00547619 -0.00225301 0.00291803 0.00462881 0.00752639 0.0127756
internal_weight=96758 27023 23549 69735 14796 3474 9444 14105 6044 3400 1541 2980 723 5037 6224 7881 54939 9106 1254 372 2257 351 4803 1933 420 12541 3050 2721 1421 1007
internal_count=96758 27023 23549 69735 14796 3474 9444 14105 6044 3400 1541 2980 723 5037 6224 7881 54939 9106 1254 372 2257 351 4803 1933 420 12541 3050 2721 1421 1007
is_linear=0
shrinkage=0.05


Tree=7
num_leaves=31
num_cat=0
split_feature=14 4 14 14 4 14 14 6 6 11 11 0 11 14 14 8 0 1 1 14 12 4 0 4 2 0 8 2 1 8
split_gain=826.052 131.031 87.8147 75.4014 43.6343 22.8136 21.8405 14.6048 11.9189 12.3741 11.8682 11.3034 6.74141 6.42892 6.38079 6.0666 9.51187 5.89392 6.15543 5.64734 5.29035 5.10679 5.07636 4.58061 4.5421 4.27992 5.23982 4.19993 7.83008 4.36888
threshold=1.6288899423526615 1.0000000180025095e-35 2.2958000509363887 1.213379077275677 1.0000000180025095e-35 1.8316268875488217 2.1752531023704997 1.0000000180025095e-35 1.0000000180025095e-35 2.1947354938223502 2.58994535021841 15.500000000000002 1.794938462183576 0.9367563544942582 1.4142411981559178 1.0000000180025095e-35 16.500000000000004 3.5000000000000004 5.5000000000000009 2.8590536614180526 3.855148062680124 8.5000000000000018 12.500000000000002 1.0000000180025095e-35 5.5000000000000009 15.500000000000002 1.5000000000000002 18.500000000000004 3.5000000000000004 1.0000000180025095e-35
decision_type=2 2 2 2 2 2 2 2 2 2 2 2 2 2 2 2 2 2 2 2 2 2 2 2 2 2 2 2 2 2
left_child=3 6 5 13 -5 21 20 10 9 24 19 22 -8 -1 -6 16 -11 -18 -19 -4 25 -3 -12 -15 -7 26 -2 28 29 -27
right_child=1 2 7 4 14 8 12 -9 -10 15 11 -13 -14 23 -16 -17 17 18 -20 -21 -22 -23 -24 -25 -26 27 -28 -29 -30 -31
leaf_value=-0.052143678111503902 0.0085492998991292656 0.0088678174521862798 0.024529750925589157 0.015682335587177031 -0.012908174020015196 0.0054427934401061525 0.047528905115197473 0.0096228419334655479 -0.00036926884348410186 0.005588300835719099 0.022700838499001764 0.031828993994896228 0.070307052819332472 -0.0031821604630670598 -0.0039295702526617989 0.017793064074094905 0.039188444663383087 0.012131248195764287 0.040392370692874102 0.032514813715534725 0.059126245361931229 0.00023209659040184053 0.055665861857112413 -0.020416769893791209 0.014903528396626169 0.058590183911013873 0.03521133089317293 0.048401113358720882 0.020350009602816476 0.037410862761724749
leaf_weight=46339 180 2572 1899 2495 6819 1688 343 587 1010 294 91 1782 587 1333 7581 2696 562 445 186 224 47 3945 478 7012 3384 147 483 567 443 438
leaf_count=46339 180 2572 1899 2495 6819 1688 343 587 1010 294 91 1782 587 1333 7581 2696 562 445 186 224 47 3945 478 7012 3384 147 483 567 443 438
internal_value=-0.00108771 0.00672143 0.00533054 -0.00382368 -0.000904115 0.00358956 0.0161128 0.0111035 0.00505845 0.00562128 0.0120764 0.0145236 0.0225806 -0.0047257 -0.00196181 0.00763447 0.0101984 0.0121836 0.00886688 0.00936646 0.0135033 0.00127589 0.020659 -0.00344817 0.00396096 0.0131577 0.0097813 0.0145611 0.0126556 0.016453
internal_weight=96657 25078 21843 71579 16895 16782 3235 5061 10265 9255 4474 2351 930 54684 14400 4183 1487 1193 631 2123 2305 6517 569 8345 5072 2258 663 1595 1028 585
internal_count=96657 25078 21843 71579 16895 16782 3235 5061 10265 9255 4474 2351 930 54684 14400 4183 1487 1193 631 2123 2305 6517 569 8345 5072 2258 663 1595 1028 585
is_linear=0
shrinkage=0.05


Tree=8
num_leaves=31
num_cat=0
split_feature=14 5 14 14 5 14 14 12 0 12 12 0 6 3 8 14 11 14 3 6 12 5 2 6 8 7 10 14 14 7
split_gain=758.174 129.707 88.688 53.5095 30.2769 25.9596 24.6462 15.8093 14.8011 9.18209 7.76374 7.56593 7.41679 10.486 7.03349 6.44689 6.14581 6.0857 6.01113 9.60751 5.71198 5.50312 5.28285 6.93077 5.46424 4.94232 4.10035 4.09418 4.04561 4.00783
threshold=1.5736253221588223 1.0000000180025095e-35 2.2958000509363887 1.1722672580382916 1.0000000180025095e-35 1.9371143048785475 2.1752531023704997 2.4306248239214576 16.500000000000004 3.6242137430533221 1.3195402670430956 19.500000000000004 1.0000000180025095e-35 1.0000000180025095e-35 2.5000000000000004 1.8436487260493313 2.6655016853320763 0.83042774607865388 1.0000000180025095e-35 1.0000000180025095e-35 2.3409067331657796 1.0000000180025095e-35 5.5000000000000009 1.0000000180025095e-35 1.0000000180025095e-35 1.0000000180025095e-35 6.2718704092600168 1.3863288808738476 2.6779668097023817 1.0000000180025095e-35
decision_type=2 2 2 2 2 2 2 2 2 2 2 2 2 2 2 2 2 2 2 2 2 2 2 2 2 2 2 2 2 2
left_child=3 2 5 17 27 10 15 -4 14 12 -2 18 13 -7 28 -3 -8 -1 19 26 -13 -19 -10 24 -24 -26 -12 -5 -9 -16
right_child=1 6 7 4 -6 9 16 8 22 -11 11 20 -14 -15 29 -17 -18 21 -20 -21 -22 -23 23 -25 25 -27 -28 -29 -30 -31
leaf_value=-0.053681496480577552 -0.002520197021471477 0.028101521459476045 0.019433187568905434 -0.0130072877708328 0.012299602491220536 0.021344243197544119 0.055644245763029038 0.040213197380185611 0.016367134974205819 0.029893742789432423 0.026625803777388542 0.013329745535683038 -0.0011601996481211741 0.0090675706802548894 0.0056213237132587456 0.043189099425392868 0.069886403392621574 -0.021980475763959242 -0.00042055841911869604 -0.012791403747757639 0.022893885964889341 -0.0025616583440528804 0.037716382408657406 0.012578105582355378 0.015185132051741882 0.029665869143876752 0.010946297542420089 -0.0051300461481971179 0.068179849474303611 0.035840973659382692
leaf_weight=44174 3179 1427 1853 7041 2377 3149 657 142 538 668 53 1061 694 2724 63 1202 283 7578 2865 591 251 1455 1095 278 271 166 3431 6491 266 373
leaf_count=44174 3179 1427 1853 7041 2377 3149 657 142 538 668 53 1061 694 2724 63 1202 283 7578 2865 591 251 1455 1095 278 271 166 3431 6491 266 373
internal_value=-0.00119123 0.00586693 0.00452933 -0.00397708 -0.00143284 0.00293957 0.0147534 0.0104113 0.0125439 0.00528334 0.00145613 0.0022649 0.00471524 0.00529286 0.0182227 0.0122689 0.0217021 -0.00473782 0.00160663 0.00284049 0.00574695 -0.0035553 0.0105026 0.0117956 0.0131136 0.00838673 0.00384041 -0.00234703 0.0229412 0.0138073
internal_weight=96396 27280 23711 69116 15909 18666 3569 5045 3192 7235 11431 8252 6567 5873 844 2629 940 53207 6940 4075 1312 9033 2348 1810 1532 437 3484 13532 408 436
internal_count=96396 27280 23711 69116 15909 18666 3569 5045 3192 7235 11431 8252 6567 5873 844 2629 940 53207 6940 4075 1312 9033 2348 1810 1532 437 3484 13532 408 436
is_linear=0
shrinkage=0.05


Tree=9
num_leaves=31
num_cat=0
split_feature=14 4 14 14 4 14 14 11 11 14 12 4 8 12 0 8 7 14 14 11 0 4 8 0 4 14 12 0 1 4
split_gain=685.846 100.154 73.7662 64.0106 29.1726 21.0552 16.6789 13.7217 9.18236 9.12658 7.83888 7.40732 6.63927 5.57821 4.92083 5.5405 7.28248 4.88831 4.68513 4.56133 4.30295 4.99885 4.26034 9.287 4.01914 3.95891 3.84599 4.17742 3.67927 3.65577
threshold=1.6390585273934948 1.0000000180025095e-35 1.254898667010069 2.2958000509363887 1.0000000180025095e-35 2.2958000509363887 1.8316268875488217 3.0162205704559386 3.0700631488550734 0.86746141427363688 3.6242137430533221 1.0000000180025095e-35 1.5000000000000002 3.084457104000434 12.500000000000002 2.5000000000000004 1.0000000180025095e-35 2.8590536614180526 1.4606615179810833 0.99909786633030162 13.500000000000002 3.5000000000000004 1.0000000180025095e-35 16.500000000000004 8.5000000000000018 2.7609992057429866 1.127708237104577 19.500000000000004 3.5000000000000004 8.5000000000000018
decision_type=2 2 2 2 2 2 2 2 2 2 2 2 2 2 2 2 2 2 2 2 2 2 2 2 2 2 2 2 2 2
left_child=2 5 9 6 -4 10 29 17 19 -1 26 -11 24 25 -14 -16 -17 -5 -6 -8 -21 -22 23 -10 -9 -7 -2 -28 -23 -3
right_child=1 3 4 7 18 13 8 12 22 11 -12 -13 14 -15 15 16 -18 -19 -20 20 21 28 -24 -25 -26 -27 27 -29 -30 -31
leaf_value=-0.05000247191511295 0.020283122251704994 0.0079752322340352726 0.014844103009424457 0.018627801857584322 -0.010108616800471003 0.043435638997787733 0.0042787956260903664 0.034631555929477517 -0.003339199542904073 -0.001243374020504176 0.054240756632213089 -0.018765720505518845 0.016988643730978761 0.070871581212144194 0.063661812651002903 0.005508018231702958 0.042797380369916815 0.029129441799026681 -0.0028228122396169904 0.001287944637286756 0.022219747209401071 0.012861201429928052 0.013402668218853192 0.029621760321266802 0.02390059836074096 0.10667819200772405 0.031436599679173019 0.046340971301187889 0.0056024735735955011 0.00070638536331653573
leaf_weight=44853 388 2469 2366 2524 7052 345 1479 612 187 1777 107 9680 93 240 241 111 377 308 6137 781 746 3214 1479 876 813 52 1460 546 1508 3788
leaf_count=44853 388 2469 2366 2524 7052 345 1479 612 187 1777 107 9680 93 240 241 111 377 308 6137 781 746 3214 1479 876 813 52 1460 546 1508 3788
internal_value=-0.00132643 0.00585313 -0.00379844 0.00464084 -0.000750564 0.0142001 0.00313215 0.00955011 0.00437196 -0.00464038 0.0121331 -0.0033809 0.0124677 0.0223155 0.0160462 0.017428 0.0143648 0.00723517 -0.00166768 0.00351449 0.00410546 0.00460132 0.00697876 0.00939323 0.0104035 0.0186776 0.0115414 0.0124227 0.00400042 0.00109717
internal_weight=96609 24744 71865 21606 15555 3138 16527 5079 10270 56310 2501 11457 2247 637 822 729 488 2832 13189 7728 6249 5468 2542 1063 1425 397 2394 2006 4722 6257
internal_count=96609 24744 71865 21606 15555 3138 16527 5079 10270 56310 2501 11457 2247 637 822 729 488 2832 13189 7728 6249 5468 2542 1063 1425 397 2394 2006 4722 6257
is_linear=0
shrinkage=0.05


Tree=10
num_leaves=31
num_cat=0
split_feature=14 4 14 14 14 12 4 14 4 12 14 4 14 11 14 7 4 11 8 8 0 1 14 8 2 14 4 0 4 0
split_gain=647.852 94.8486 79.3661 43.7555 22.8019 19.7963 18.9804 11.6277 8.60481 6.84884 6.56098 6.4173 5.82758 5.48887 5.3344 5.19352 4.9826 4.65811 4.38838 5.94107 4.60077 4.0987 3.80892 3.77806 3.68162 3.57363 3.30052 3.24972 3.1816 3.04582
threshold=1.5361014333496903 1.0000000180025095e-35 2.0904543030714344 1.1932275766107703 2.1067637228976905 2.6319920180431451 1.0000000180025095e-35 1.8197179827656431 8.5000000000000018 3.1935254887084805 0.8111321174248185 9.5000000000000018 3.0374753188956065 2.0415457702536757 1.8197179827656431 1.0000000180025095e-35 1.0000000180025095e-35 1.575826340680816 2.5000000000000004 1.5000000000000002 13.500000000000002 5.5000000000000009 2.7609992057429866 1.0000000180025095e-35 25.500000000000004 2.5268017676855781 8.5000000000000018 12.500000000000002 9.5000000000000018 17.500000000000004
decision_type=2 2 2 2 2 2 2 2 2 2 2 2 2 2 2 2 2 2 2 2 2 2 2 2 2 2 2 2 2 2
left_child=3 4 7 10 14 11 -5 13 12 22 -1 25 -7 -3 -2 18 -12 -9 19 23 -21 -16 -6 -10 -13 -4 -8 -19 -29 -27
right_child=1 2 5 6 9 8 26 17 15 -11 16 24 -14 -15 21 -17 -18 27 -20 20 -22 -23 -24 -25 -26 29 -28 28 -30 -31
leaf_value=-0.049270282671325771 0.02318728753321965 -0.0014436295894381336 0.017596652948678043 0.0095912561465058225 0.044068048247131474 0.031206572071201172 -0.0048441969588679523 0.0057567285765680633 0.020660203692964171 0.062241843018305744 -0.0030612691026655359 0.0069927947744420575 0.05093735608546214 0.0068602053455025375 0.031739365718445989 0.030511390301383414 -0.019477355741906625 0.0011343368032577144 0.0023326999320711513 0.034348807011345926 0.051322197985494956 0.051613141765864762 0.093271420723818374 0.0073630974526495392 0.018252616386285662 0.045089052089963923 -0.013016852915372804 0.017586281660194405 0.008499901503013314 0.021225102853537202
leaf_weight=43819 1527 5730 1761 2035 743 1412 4512 2444 1431 315 1606 1454 82 3707 897 454 8659 503 214 127 133 219 59 330 967 159 7106 1989 1903 217
leaf_count=43819 1527 5730 1761 2035 743 1412 4512 2444 1431 315 1606 1454 82 3707 897 454 8659 503 214 127 133 219 59 330 967 159 7106 1989 1903 217
internal_value=-0.00140208 0.00488289 0.00377004 -0.00407215 0.0122872 0.00761297 -0.00154289 0.00170619 0.0100968 0.0182766 -0.00471064 0.00533348 0.0131392 0.000568506 0.00975596 0.00840647 -0.00357282 0.00327606 0.00741611 0.00813706 0.0151923 0.0123835 0.0158229 0.0070954 0.00357084 0.00733037 -0.00232312 0.00424915 0.00473792 0.0117553
internal_weight=96514 28777 25017 67737 3760 8741 13653 16276 4183 1117 54084 4558 1494 9437 2643 2689 10265 6839 2235 2021 260 1116 802 1761 2421 2137 11618 4395 3892 376
internal_count=96514 28777 25017 67737 3760 8741 13653 16276 4183 1117 54084 4558 1494 9437 2643 2689 10265 6839 2235 2021 260 1116 802 1761 2421 2137 11618 4395 3892 376
is_linear=0
shrinkage=0.05


Tree=11
num_leaves=31
num_cat=0
split_feature=14 4 14 14 4 14 12 11 6 3 4 2 14 6 14 14 1 12 0 8 8 0 0 14 8 7 7 8 8 3
split_gain=571.222 81.4116 58.1863 55.9388 23.2694 20.4133 16.671 10.3145 9.72437 7.35196 6.81608 6.73203 6.71845 5.40467 4.902 4.89216 4.87736 4.55686 4.15352 5.68719 4.41941 3.94915 3.77651 3.44669 3.37982 3.63606 3.28756 3.68115 3.27491 3.16065
threshold=1.5642527002665703 1.0000000180025095e-35 2.1067637228976905 1.0683955935720295 1.0000000180025095e-35 1.9627218027417925 2.2738706688326817 1.1290066874173572 1.0000000180025095e-35 1.0000000180025095e-35 8.5000000000000018 25.500000000000004 2.5697686166586133 1.0000000180025095e-35 2.3437685657724976 1.3323664022418613 3.5000000000000004 1.0934661344549224 18.500000000000004 1.5000000000000002 2.5000000000000004 20.500000000000004 16.500000000000004 0.8111321174248185 1.0000000180025095e-35 1.0000000180025095e-35 1.0000000180025095e-35 2.5000000000000004 1.0000000180025095e-35 1.0000000180025095e-35
decision_type=2 2 2 2 2 2 2 2 2 2 2 2 2 2 2 2 2 2 2 2 2 2 2 2 2 2 2 2 2 2
left_child=3 5 7 23 -5 17 13 28 9 16 14 26 24 29 -8 -6 18 -2 19 -9 -20 -19 -16 -1 -7 -26 27 -12 -3 -4
right_child=1 2 6 4 15 12 10 8 -10 -11 11 -13 -14 -15 22 -17 -18 21 20 -21 -22 -23 -24 -25 25 -27 -28 -29 -30 -31
leaf_value=-0.046950299427977585 0.014972583182641431 0.0057881920864434333 0.01960883743327383 0.0083904276800826332 -0.013509549379806316 0.05206582146048875 0.024076179894218425 0.005429804757690674 -0.0088719640075325401 0.0040136999646935567 0.0167610682314711 0.02669348233819669 0.074623003037175256 -0.0055153005677412402 0.044985963282150411 -0.0060620121257556198 0.0083012127040455758 0.026644831464839275 0.030860013030379021 0.016602720496993607 0.00953419933710648 0.043800583617151702 0.030338204314749036 -0.015522826131661498 0.028720047540693041 0.064453165778430882 0.029071614287499378 -0.0045842765617281718 -0.0045168274632222385 0.0094607897734705904
leaf_weight=43841 402 1225 1605 2903 7994 592 775 1035 1143 4102 1462 1265 230 392 306 8081 3221 1486 643 1228 454 135 813 6084 654 116 302 216 2653 1290
leaf_count=43841 402 1225 1605 2903 7994 592 775 1035 1143 4102 1462 1265 230 392 306 8081 3221 1486 643 1228 454 135 813 6084 654 116 302 216 2653 1290
internal_value=-0.00149915 0.00455848 0.00351015 -0.00393836 -0.00162768 0.011556 0.00686209 0.00171166 0.00244546 0.00291444 0.00864078 0.00724961 0.0157915 0.00408123 0.0110243 -0.0023717 0.00395001 0.00822294 0.00528274 0.00405877 0.00780766 0.00940469 0.0131412 -0.00481673 0.0144567 0.0122727 0.00542929 0.00456496 -0.000526046 0.00482729
internal_weight=96648 27745 24130 68903 18978 3615 8426 15704 11826 10683 5139 3245 1592 3287 1894 16075 6581 2023 3360 2263 1097 1621 1119 49925 1362 770 1980 1678 3878 2895
internal_count=96648 27745 24130 68903 18978 3615 8426 15704 11826 10683 5139 3245 1592 3287 1894 16075 6581 2023 3360 2263 1097 1621 1119 49925 1362 770 1980 1678 3878 2895
is_linear=0
shrinkage=0.05


Tree=12
num_leaves=31
num_cat=0
split_feature=14 14 14 4 4 4 14 6 11 6 6 2 0 8 14 8 14 0 11 11 14 2 10 9 8 11 7 11 1 0
split_gain=522.137 74.376 41.0945 37.0183 35.24 17.6926 16.7534 8.04748 7.72998 7.37102 6.85171 7.79246 5.88993 7.93801 5.12647 4.55855 4.06637 3.62657 3.97099 3.34713 3.30933 3.30811 3.39946 3.06862 3.05562 3.01637 2.90653 2.89523 2.85316 2.76313
threshold=1.4987510280621184 1.950209636259844 0.96754055282421392 1.0000000180025095e-35 1.0000000180025095e-35 1.5000000000000002 2.36773265736463 1.0000000180025095e-35 3.0700631488550734 1.0000000180025095e-35 1.0000000180025095e-35 4.5000000000000009 15.500000000000002 2.5000000000000004 2.5697686166586133 1.0000000180025095e-35 1.7343742541738503 15.500000000000002 2.1150661114527134 3.0700631488550734 1.3234149717375743 4.5000000000000009 8.0974766984949458 8.6764404406004125 1.5000000000000002 1.0794824288328337 1.0000000180025095e-35 5.2271684412942863 5.5000000000000009 14.500000000000002
decision_type=2 2 2 2 2 2 2 2 2 2 2 2 2 2 2 2 2 2 2 2 2 2 2 2 2 2 2 2 2 2
left_child=2 4 -1 14 17 -4 7 8 25 12 11 -6 13 21 15 -3 -13 24 28 -14 -7 -8 -23 -16 -2 -5 -15 -10 -19 -29
right_child=1 3 5 6 10 20 9 -9 27 -11 -12 16 19 26 23 -17 -18 18 -20 -21 -22 22 -24 -25 -26 -27 -28 29 -30 -31
leaf_value=-0.039808101575354374 0.0025549715618160933 0.047113169531938115 0.0040651976872951917 0.0058774402924199852 -0.0039773734279361164 -0.014355035408817286 0.041446322232730398 -0.0028121544694171981 0.018061319473756155 0.0078735903180212393 -0.013201711328388172 0.0028922788656094529 0.019374147550002829 0.013527522157459474 0.051817892597558639 0.027645541335777409 0.0085251352510470804 0.020679582757409606 0.035997928012371214 0.029551415137837756 -0.0072688140465340702 0.052792703589952431 0.029025878128095112 0.07773871597817722 0.0254198162231167 0.012785532396925715 0.027471622460335073 0.0053072582210916368 0.041442561750636389 0.03297726917075143
leaf_weight=47245 339 603 3329 1125 3120 9652 88 791 1374 485 1210 5696 1621 199 165 785 4373 1067 294 1155 6009 231 45 61 470 4158 275 84 208 389
leaf_count=47245 339 603 3329 1125 3120 9652 88 791 1374 485 1210 5696 1621 199 165 785 4373 1067 294 1155 6009 231 45 61 470 4158 275 84 208 389
internal_value=-0.00159634 0.0038274 -0.00408659 0.00657034 0.00159832 -0.00212217 0.00561564 0.00427282 0.00480365 0.00821054 0.000667059 0.000997421 0.00898727 0.0126611 0.0136803 0.0125432 0.00167395 0.00723717 0.00863926 0.00787824 -0.00282581 0.0182143 0.0209058 0.0206637 0.00451792 0.00383021 0.00839662 0.00758798 0.00743137 0.0109619
internal_weight=96646 30411 66235 13634 16777 18990 12020 7921 7130 4099 14399 13189 3614 838 1614 1388 10069 2378 1569 2776 15661 364 276 226 809 5283 474 1847 1275 473
internal_count=96646 30411 66235 13634 16777 18990 12020 7921 7130 4099 14399 13189 3614 838 1614 1388 10069 2378 1569 2776 15661 364 276 226 809 5283 474 1847 1275 473
is_linear=0
shrinkage=0.05


Tree=13
num_leaves=31
num_cat=0
split_feature=14 14 14 4 4 4 12 12 4 4 6 2 14 0 14 8 12 11 14 14 14 0 1 8 12 6 8 11 0 0
split_gain=496.064 57.8314 45.4473 32.9498 26.2619 21.4751 15.6861 6.92643 6.33473 6.20083 6.19429 5.99513 5.09417 4.78218 4.68779 4.62429 4.61151 4.46316 4.05235 3.87813 3.85415 3.39844 3.15352 3.06373 3.06175 2.70263 2.51154 2.46111 5.40515 2.42461
threshold=1.5267596359297346 1.950209636259844 0.86746141427363688 1.0000000180025095e-35 1.5000000000000002 1.5000000000000002 2.6062466583150026 3.4493351246816402 8.5000000000000018 9.5000000000000018 1.0000000180025095e-35 5.5000000000000009 1.254898667010069 15.500000000000002 2.6779668097023817 1.5000000000000002 1.3195402670430956 2.1150661114527134 2.3437685657724976 2.7609992057429866 1.3234149717375743 20.500000000000004 3.5000000000000004 2.5000000000000004 3.5351141344718853 1.0000000180025095e-35 1.5000000000000002 0.83922503212625343 17.500000000000004 16.500000000000004
decision_type=2 2 2 2 2 2 2 2 2 2 2 2 2 2 2 2 2 2 2 2 2 2 2 2 2 2 2 2 2 2
left_child=2 4 -1 7 13 20 9 19 18 -5 11 -6 -7 26 24 -16 -13 -15 -8 23 -4 -18 -23 -3 -10 -11 -2 -14 -29 -9
right_child=1 3 5 6 10 12 8 29 14 25 -12 16 27 17 15 -17 21 -19 -20 -21 -22 22 -24 -25 -26 -27 -28 28 -30 -31
leaf_value=-0.040852610759580035 0.00045925119530915593 0.038875969673972707 -5.9105287229139615e-06 0.01687734753267307 -0.0022357371488143569 -0.015559877043715113 0.019894344829591386 0.056984912150217573 0.011890400547329887 0.010103236354712119 -0.012290276755409391 -1.3991892562692771e-05 -0.013931445529823096 0.021259931027116544 0.013991128087372262 0.043261568580234805 0.0079468955875764691 0.034646026926532972 0.030134300083437194 0.07182763476859394 0.012325944238102349 0.035965776180773193 0.0066951119500973022 0.026673994823456827 0.021424951491053931 -0.00082403304099353978 0.023822421513643589 -0.0086527855200892092 0.0035210140666813352 0.047070413907612886
leaf_weight=45012 360 816 2499 3152 3683 9369 923 68 1538 2914 1130 2292 2516 1333 336 322 5624 345 912 68 1429 155 171 459 1162 788 515 5105 1453 222
leaf_count=45012 360 816 2499 3152 3683 9369 923 68 1538 2914 1130 2292 2516 1333 336 322 5624 345 912 68 1429 155 171 459 1162 788 515 5105 1453 222
internal_value=-0.00165101 0.00378175 -0.00401236 0.00615497 0.00170169 -0.00217045 0.00525151 0.01282 0.00732428 0.00368106 0.000794713 0.00112998 -0.00288538 0.0063396 0.00603335 0.00981763 0.0018794 0.00790226 0.00968665 0.0113068 0.00118635 0.00261344 0.00757669 0.0106863 0.00511111 0.00229335 0.00334286 -0.002041 -0.00153096 0.0198276
internal_weight=96671 29288 67383 13680 15608 22371 12047 1633 5193 6854 13055 11925 18443 2553 3358 658 8242 1678 1835 1343 3928 5950 326 1275 2700 3702 875 9074 6558 290
internal_count=96671 29288 67383 13680 15608 22371 12047 1633 5193 6854 13055 11925 18443 2553 3358 658 8242 1678 1835 1343 3928 5950 326 1275 2700 3702 875 9074 6558 290
is_linear=0
shrinkage=0.05


Tree=14
num_leaves=31
num_cat=0
split_feature=14 14 14 4 4 4 12 14 14 12 2 6 14 12 14 0 8 0 2 12 6 11 13 0 13 1 4 1 11 9
split_gain=465.499 58.3372 40.3144 27.1699 20.3101 18.5652 12.8702 7.71033 7.43145 6.22431 5.59554 4.69505 4.24889 4.10504 3.9768 3.67962 4.34134 3.61645 3.54159 3.34932 3.15521 3.36327 3.14876 3.1202 3.11896 2.77965 2.51918 2.2933 2.21801 2.15024
threshold=1.4797050175418609 1.974723118924252 0.8111321174248185 1.0000000180025095e-35 8.5000000000000018 1.0000000180025095e-35 2.8755997661057462 2.6779668097023817 1.7343742541738503 3.5351141344718853 14.500000000000002 1.0000000180025095e-35 2.7609992057429866 1.0934661344549224 1.254898667010069 19.500000000000004 1.0000000180025095e-35 15.500000000000002 14.500000000000002 1.1774420736118369 1.0000000180025095e-35 2.0415457702536757 2.394618835683934 16.500000000000004 2.5319308328611312 3.5000000000000004 2.5000000000000004 3.5000000000000004 1.0135009932032066 8.732665724659757
decision_type=2 2 2 2 2 2 2 2 2 2 2 2 2 2 2 2 2 2 2 2 2 2 2 2 2 2 2 2 2 2
left_child=2 3 -1 17 6 -4 12 9 20 11 24 28 18 -10 -7 -15 27 -2 -3 -19 21 -5 -21 -9 -8 29 -18 -17 -6 -26
right_child=1 4 5 8 7 14 10 23 13 -11 -12 -13 -14 15 -16 16 26 19 -20 22 -22 -23 -24 -25 25 -27 -28 -29 -30 -31
leaf_value=-0.040392719272858348 0.013839269075889152 0.014950729609765437 0.003030336600947918 -0.0028120814670795917 0.0050622915486871582 -0.014849830133577484 0.023603656362410685 0.039750891266714133 -0.003630075025599964 0.019801683953480725 0.054850915960945705 -0.0014356717940317448 0.048459449579233101 0.0058177007077233819 -0.007555570515373553 0.038833658577277094 0.016392673757630247 0.013293719702228946 0.025988035668673921 0.024264449537701033 -0.014472744684434602 0.005221468192179877 0.043267420905377107 0.014567877788232604 0.029082722617709906 0.034739651152993926 0.0084663781696305718 0.011971949776622722 0.013800028416508556 0.042939907865580121
leaf_weight=43947 902 2704 3381 5095 806 10615 962 356 1030 1113 475 923 185 4524 7833 116 64 455 1025 1099 728 2947 72 524 249 107 1039 165 3326 55
leaf_count=43947 902 2704 3381 5095 806 10615 962 356 1030 1113 475 923 185 4524 7833 116 64 455 1025 1099 728 2947 72 524 249 107 1039 165 3326 55
internal_value=-0.00168774 0.00335856 -0.00406957 0.001542 0.00594457 -0.00231321 0.00814648 0.00414444 0.00076776 0.00351978 0.0115855 0.00277448 0.00652274 0.00199049 -0.00293745 0.00249831 0.00475433 0.00635285 0.0061558 0.00776138 -0.000199545 8.57984e-05 0.00917592 0.00852273 0.00996722 0.0136131 0.00334089 0.0103025 0.00349467 0.0160526
internal_weight=96822 31046 65776 18236 12810 21829 5762 7048 15708 6168 1848 5055 3914 6938 18448 5908 1384 2528 3729 1626 8770 8042 1171 880 1373 411 1103 281 4132 304
internal_count=96822 31046 65776 18236 12810 21829 5762 7048 15708 6168 1848 5055 3914 6938 18448 5908 1384 2528 3729 1626 8770 8042 1171 880 1373 411 1103 281 4132 304
is_linear=0
shrinkage=0.05


Tree=15
num_leaves=31
num_cat=0
split_feature=14 14 14 4 4 4 12 12 14 6 4 3 6 14 3 14 2 11 4 12 11 8 14 0 0 0 0 8 4 8
split_gain=431.872 56.0803 38.4379 31.759 19.6116 16.6874 16.0131 6.79298 6.18656 6.01641 5.88912 4.82655 4.34162 4.828 3.99246 3.89188 3.39001 3.26695 3.22388 3.07862 3.05234 2.74091 2.72424 2.55936 2.90199 2.57038 2.43034 4.29757 4.06627 4.04819
threshold=1.4606615179810833 1.8891820173047686 0.73771259894200913 1.0000000180025095e-35 1.0000000180025095e-35 1.5000000000000002 3.0336481365421735 2.8755997661057462 2.8590536614180526 1.0000000180025095e-35 9.5000000000000018 1.0000000180025095e-35 1.0000000180025095e-35 2.3437685657724976 1.0000000180025095e-35 1.1616312127447528 23.500000000000004 1.9695313138527692 9.5000000000000018 1.7762499382849202 0.71395200432043016 1.5000000000000002 1.3234149717375743 19.500000000000004 17.500000000000004 12.500000000000002 18.500000000000004 1.0000000180025095e-35 5.5000000000000009 1.5000000000000002
decision_type=2 2 2 2 2 2 2 2 2 2 2 2 2 2 2 2 2 2 2 2 2 2 2 2 2 2 2 2 2 2
left_child=2 5 -1 7 22 17 8 -3 9 14 20 12 13 -8 19 -6 -12 -2 -17 -5 -7 -15 -4 24 25 -21 29 28 -28 -22
right_child=1 3 4 6 15 10 11 -9 -10 -11 16 -13 -14 21 -16 18 -18 -19 -20 23 26 -23 -24 -25 -26 -27 27 -29 -30 -31
leaf_value=-0.041045508119160259 0.01233428000724311 0.029659337206323352 0.00054895138225890833 0.012147103159131926 -0.015814615153696279 -0.0063369219825178298 0.020854266484098535 0.05268003133342495 0.03710719738897781 -0.0020770461717553273 -0.0065431323037064299 0.015186407993255583 0.0092365808520179851 0.027452071380506645 0.0071858570078102832 -0.0048816097530901747 0.0021374494232973924 0.022703383802880259 -0.012595512323744496 0.00020729369133807383 -0.0016088767581591082 0.041932532826482627 0.012924678043414224 0.021998327142812548 0.0038887715110416075 0.021603895634357741 0.014093334060682278 0.0076586321304120547 0.041754561277968977 0.0088501186403814273
leaf_weight=42321 1999 1369 2647 1882 9057 579 908 545 266 1056 4306 1548 340 622 3921 4356 3558 694 5623 169 1862 357 862 913 581 1143 166 1494 83 1720
leaf_count=42321 1999 1369 2647 1882 9057 579 908 545 266 1056 4306 1548 340 622 3921 4356 3558 694 5623 169 1862 357 862 913 581 1143 166 1494 83 1720
internal_value=-0.00172811 0.00301721 -0.00407502 0.00516325 -0.00240741 0.000980802 0.00432073 0.0111964 0.00326704 0.00306001 0.000276727 0.00709271 0.00858329 0.0095204 0.00349692 -0.00304056 -0.000619279 0.00458039 -0.00235946 0.00448165 0.00147019 0.0119561 0.00102736 0.005531 0.0044823 0.00578506 0.00184507 0.00337636 0.00945783 0.00109994
internal_weight=96947 32081 64866 15620 22545 16461 13706 1914 9931 9665 13768 3775 2227 1887 8609 19036 7864 2693 9979 4688 5904 979 3509 2806 1893 1312 5325 1743 249 3582
internal_count=96947 32081 64866 15620 22545 16461 13706 1914 9931 9665 13768 3775 2227 1887 8609 19036 7864 2693 9979 4688 5904 979 3509 2806 1893 1312 5325 1743 249 3582
is_linear=0
shrinkage=0.05


Tree=16
num_leaves=31
num_cat=0
split_feature=14 14 14 4 4 4 11 0 12 6 12 12 14 4 14 12 0 12 2 4 1 6 0 0 11 6 6 3 13 14
split_gain=402.243 43.4239 42.5195 24.4797 16.3943 15.7242 8.90478 7.83392 8.26593 5.97524 5.13082 4.72659 4.21376 3.9623 3.92101 3.69175 3.31636 3.29985 3.02274 2.78985 2.64521 3.99442 2.59913 4.56669 2.59905 2.57835 2.55237 2.55213 2.53751 2.5266
threshold=1.4887791821174821 2.0744882328909844 0.75473980904493376 1.0000000180025095e-35 1.5000000000000002 2.5000000000000004 3.4272328614264569 15.500000000000002 1.0201082071805421 1.0000000180025095e-35 3.855148062680124 1.3195402670430956 2.7609992057429866 3.5000000000000004 1.1932275766107703 2.7771242299877339 15.500000000000002 2.8755997661057462 18.500000000000004 8.5000000000000018 3.5000000000000004 1.0000000180025095e-35 17.500000000000004 12.500000000000002 2.1396246490835984 1.0000000180025095e-35 1.0000000180025095e-35 1.0000000180025095e-35 2.5731981536595332 1.294277290714531
decision_type=2 2 2 2 2 2 2 2 2 2 2 2 2 2 2 2 2 2 2 2 2 2 2 2 2 2 2 2 2 2
left_child=2 3 -1 11 29 17 12 25 -9 15 13 -2 26 -10 -6 -8 -13 -3 -18 -16 21 -15 23 -17 -20 27 -7 -5 -25 -4
right_child=1 5 4 7 14 6 9 8 10 -11 -12 16 -14 20 19 22 18 -19 24 -21 -22 -23 -24 28 -26 -27 -28 -29 -30 -31
leaf_value=-0.038386326769944967 0.011116910914189818 0.025366965625317081 -0.00088486961082958617 0.0026211506564913205 -0.014680123212214563 0.011938834919421182 0.014325355597253285 -0.0035178277542806595 0.015169859615661455 0.003733382265099572 0.037636217178900699 0.017159156698046622 0.019039286345126683 0.010512553121619731 -0.0034261467459603119 0.0073054796037856423 0.020690590910040781 0.040472814558688369 0.033893897215751694 -0.011839170538052991 0.0030761398301970121 -0.004105719861797163 0.021112346320080147 0.023478204737593975 0.042210147974243765 -0.014085634385307903 -0.00012121844005446481 -0.0051353403731280488 0.043355607675830077 0.009291388414235862
leaf_weight=42772 827 1200 2702 3172 9385 4749 451 2373 894 388 226 715 517 3730 3682 117 820 637 303 6083 3465 663 1182 258 152 653 550 2638 260 1366
leaf_count=42772 827 1200 2702 3172 9385 4749 451 2373 894 388 226 715 517 3730 3682 117 820 637 303 6083 3465 663 1182 258 152 653 550 2638 260 1366
internal_value=-0.00179511 0.00290885 -0.00400061 0.00158475 -0.00227798 0.00555873 0.00464943 0.000899853 0.00169104 0.00704819 0.00238472 0.00591587 0.00355399 0.00219264 -0.00289034 0.0080291 0.00723618 0.00975231 0.0087647 -0.00218894 0.0018338 0.00264853 0.00903412 0.0116142 0.012033 -0.000489712 0.00313361 -0.000154907 0.0136293 0.000604719
internal_weight=96930 30940 65990 20631 23218 10309 8472 17814 11351 2656 8978 2817 5816 8752 19150 2268 1990 1837 1275 9765 7858 4393 1817 635 455 6463 5299 5810 518 4068
internal_count=96930 30940 65990 20631 23218 10309 8472 17814 11351 2656 8978 2817 5816 8752 19150 2268 1990 1837 1275 9765 7858 4393 1817 635 455 6463 5299 5810 518 4068
is_linear=0
shrinkage=0.05


Tree=17
num_leaves=31
num_cat=0
split_feature=14 14 14 4 4 4 14 4 14 12 0 4 11 6 11 0 12 14 7 0 12 0 11 14 1 12 4 7 8 1
split_gain=379.781 48.1516 35.0805 23.9672 14.6145 13.8338 13.3633 4.72736 4.62678 4.51763 4.00666 4.13861 3.82103 3.56189 3.50885 3.24877 3.34708 3.0875 3.03572 3.1911 2.83427 2.60921 2.59369 2.42126 2.17822 2.12032 2.10086 2.08462 2.07469 2.99529
threshold=1.4046003497233397 1.8316268875488217 0.73771259894200913 1.0000000180025095e-35 1.0000000180025095e-35 1.0000000180025095e-35 2.36773265736463 8.5000000000000018 3.0374753188956065 1.6437705664233684 12.500000000000002 7.5000000000000009 1.9217326278759874 1.0000000180025095e-35 2.0165737572659705 14.500000000000002 2.2499799031666559 1.1722672580382916 1.0000000180025095e-35 19.500000000000004 1.3040386106145412 17.500000000000004 3.0162205704559386 2.620276331773133 3.5000000000000004 4.1612021925986946 9.5000000000000018 1.0000000180025095e-35 1.0000000180025095e-35 5.5000000000000009
decision_type=2 2 2 2 2 2 2 2 2 2 2 2 2 2 2 2 2 2 2 2 2 2 2 2 2 2 2 2 2 2
left_child=2 5 -1 12 -4 14 9 20 13 -5 -11 25 23 22 -2 -9 -17 -6 19 -13 -7 27 24 -3 -8 -12 -19 -10 29 -21
right_child=1 3 4 6 17 7 8 15 21 10 11 18 -14 -15 -16 16 -18 26 -20 28 -22 -23 -24 -25 -26 -27 -28 -29 -30 -31
leaf_value=-0.037183037939505316 0.012330541167439571 0.020309231039599952 0.0024102568438688025 0.0039605806416724973 -0.014328076453970915 -0.0021996480973105891 0.019808331504284085 -0.0088968604345211772 0.04540938955865198 -0.00080139205374898806 0.015382934382844632 0.0056652141868550176 0.03860674894712228 0.0044711163293483696 0.024345495446094489 -0.0029091017057046925 0.0063826857983897691 -0.00467243122923578 0.023053728252842964 0.016600885161342883 0.005759440030034816 0.015992838409593459 0.021610022967325351 0.047792790145160254 0.0076512817749556251 0.036839785446632148 -0.012292154800762213 0.014148010085423319 0.011136953798244259 0.032256300119284251
leaf_weight=42411 1855 1150 3068 3397 9335 1911 1330 3167 181 699 2137 3486 976 444 516 4297 1319 3454 211 324 3673 105 1432 47 510 103 4325 58 853 52
leaf_count=42411 1855 1150 3068 3397 9335 1911 1330 3167 181 699 2137 3486 976 444 516 4297 1319 3454 211 324 3673 105 1432 47 510 103 4325 58 853 52
internal_value=-0.00180871 0.00242558 -0.0041245 0.00425979 -0.00240858 0.000508423 0.00356285 -7.55215e-05 0.00602217 0.00267626 0.00333439 0.00368685 0.00917395 0.00550861 0.00404681 -0.000798703 -7.65681e-05 -0.00297826 0.00287657 0.002614 0.00106196 0.0115698 0.00607885 0.0072807 0.00483696 0.00546875 -0.00224258 0.0144561 0.00480472 0.00789893
internal_weight=96826 34233 62593 17495 20182 16738 15322 14367 4060 11262 7865 7166 2173 3716 2371 8783 5616 17114 4926 4715 5584 344 3272 1197 1840 2240 7779 239 1229 376
internal_count=96826 34233 62593 17495 20182 16738 15322 14367 4060 11262 7865 7166 2173 3716 2371 8783 5616 17114 4926 4715 5584 344 3272 1197 1840 2240 7779 239 1229 376
is_linear=0
shrinkage=0.05


Tree=18
num_leaves=31
num_cat=0
split_feature=14 14 14 4 14 4 4 11 14 4 0 12 0 0 4 0 11 0 7 8 0 12 8 2 11 4 0 12 11 7
split_gain=353.985 46.3465 37.6454 22.9253 13.4502 13.2204 11.331 5.13414 4.63018 4.4339 4.32698 4.99013 3.26605 3.22918 3.54644 2.87448 2.54476 2.49764 2.96851 3.31711 6.50966 2.45026 2.41088 2.318 2.25682 2.27539 2.19595 2.11728 2.04095 1.98867
threshold=1.4046003497233397 1.7979313060407407 0.73771259894200913 1.0000000180025095e-35 2.36773265736463 1.0000000180025095e-35 1.0000000180025095e-35 3.0162205704559386 2.5697686166586133 8.5000000000000018 12.500000000000002 2.5031710056371956 16.500000000000004 10.500000000000002 9.5000000000000018 16.500000000000004 2.065805809405481 19.500000000000004 1.0000000180025095e-35 1.0000000180025095e-35 15.500000000000002 2.7469130447725001 2.5000000000000004 23.500000000000004 0.83922503212625343 3.5000000000000004 13.500000000000002 2.4092921713649753 0.80747147779981054 1.0000000180025095e-35
decision_type=2 2 2 2 2 2 2 2 2 2 2 2 2 2 2 2 2 2 2 2 2 2 2 2 2 2 2 2 2 2
left_child=2 6 -1 8 10 -4 16 -6 22 28 -5 24 -10 -7 27 21 -2 18 19 20 -13 -9 -3 -11 -12 -26 -23 -15 -8 -27
right_child=1 3 5 4 7 13 9 15 12 23 11 17 -14 14 -16 -17 -18 -19 -20 -21 -22 26 -24 -25 25 29 -28 -29 -30 -31
leaf_value=-0.035168673233030794 0.011080263673552124 0.031821430302277888 0.0021332386052617127 -0.0015872098860007493 0.01395208259380968 -0.017442732114589767 -0.004999611340787532 0.016172005854179616 0.059161696304557823 -0.0070180292288133288 -0.00046887607577112767 -0.020548840339605131 0.041032833144398088 -0.0061148851754918611 -0.013036367034566735 0.018349118173347084 0.021030573231949051 0.02090833708865461 0.026190585163750287 0.0044463556550527542 0.017992447972135932 0.0254051219330051 0.020428805240086341 -0.00054795253041485536 0.014548057140445934 0.0056314036425924273 0.046382828896239708 0.0017976347815380886 0.0041184493591192002 0.019151648024939169
leaf_weight=42387 1818 1310 3152 1053 2193 3922 730 121 95 4713 1104 177 140 5169 7386 1312 436 648 191 1392 1325 208 782 3388 798 5465 210 632 4437 176
leaf_count=42387 1818 1310 3152 1053 2193 3922 730 121 95 4713 1104 177 140 5169 7386 1312 436 648 191 1392 1325 208 782 3388 798 5465 210 632 4437 176
internal_value=-0.00185145 0.00223803 -0.00408537 0.00391444 0.00325444 -0.00231257 0.000218398 0.00575668 0.00855823 -0.000338409 0.00243369 0.00271993 0.0152128 -0.00286078 -0.00248616 0.00769584 0.00349601 0.00421511 0.00362237 0.00322391 0.00485353 0.0107699 0.00781071 -0.00106839 0.00197998 0.00233809 0.0125837 -0.00156094 0.000806076 0.00198458
internal_weight=96870 34222 62648 18700 16373 20261 15522 4044 2327 13268 12329 11276 235 17109 13187 1851 2254 3733 3085 2894 1502 539 2092 8101 7543 6439 418 5801 5167 5641
internal_count=96870 34222 62648 18700 16373 20261 15522 4044 2327 13268 12329 11276 235 17109 13187 1851 2254 3733 3085 2894 1502 539 2092 8101 7543 6439 418 5801 5167 5641
is_linear=0
shrinkage=0.05


Tree=19
num_leaves=31
num_cat=0
split_feature=14 14 14 4 4 4 14 8 0 1 1 2 14 14 6 11 2 11 11 13 0 0 11 6 8 8 0 7 0 0
split_gain=335.353 53.3564 28.6418 15.8604 12.2614 10.6351 10.4213 5.77985 8.09293 4.8703 4.6803 4.24912 3.58978 3.27049 3.0884 3.1094 2.84778 2.76893 2.62657 2.62303 2.77853 2.56387 2.5091 2.46652 2.29624 4.00747 5.47992 3.2245 2.13804 2.1589
threshold=1.3323664022418613 1.7874681706139648 0.66942980461417545 2.5000000000000004 1.5000000000000002 8.5000000000000018 2.3437685657724976 1.0000000180025095e-35 15.500000000000002 3.5000000000000004 5.5000000000000009 14.500000000000002 2.7609992057429866 2.8590536614180526 1.0000000180025095e-35 1.4524321949659302 23.500000000000004 3.0162205704559386 0.7609916245258197 1.8455262928542358 17.500000000000004 12.500000000000002 3.0700631488550734 1.0000000180025095e-35 2.5000000000000004 1.5000000000000002 15.500000000000002 1.0000000180025095e-35 17.500000000000004 19.500000000000004
decision_type=2 2 2 2 2 2 2 2 2 2 2 2 2 2 2 2 2 2 2 2 2 2 2 2 2 2 2 2 2 2
left_child=2 5 -1 12 -4 11 7 8 -5 18 -11 22 24 17 15 -9 -7 -8 -10 20 -20 -17 -2 -19 25 26 -3 -26 -23 -30
right_child=1 3 4 6 -6 16 13 14 9 10 -12 -13 -14 -15 -16 21 -18 23 19 -21 -22 28 -24 -25 27 -27 -28 -29 29 -31
leaf_value=-0.035839715745928702 -4.1658041275225439e-05 -0.019348975101795965 0.00056225059382053466 -0.011002197701622921 -0.012036368366058382 -0.0072738004444660026 0.011719832069453623 0.00062155066695468181 0.010203006743273886 0.0014779266120503445 0.019872689519616585 0.011720078159458166 0.044095239196077218 0.02333304129860881 -0.0060425053300524889 -0.0009460207586367115 -0.0010971419540411807 0.020388848562254553 0.013728968567691222 0.018580795777742933 0.034410413808555397 0.013153504281581022 0.0088122084518459983 0.0027232299416161789 0.012098443208123531 0.047911394959879561 0.026041372272930026 0.036174136635154418 0.0023830550839207014 0.010119668419813939
leaf_weight=40698 5018 116 3279 453 15431 5605 1879 1941 346 1011 458 2634 170 657 858 682 3969 1348 191 1040 341 1590 1114 230 1029 132 1791 225 1388 1257
leaf_count=40698 5018 116 3279 453 15431 5605 1879 1941 346 1011 458 2634 170 657 858 682 3969 1348 191 1040 341 1590 1114 230 1029 132 1791 225 1388 1257
internal_value=-0.00187503 0.00182892 -0.00421139 0.00367611 -0.0025922 -9.81473e-05 0.00299936 0.00223001 0.0038151 0.00465456 0.00248809 0.00116016 0.00673838 0.00516043 0.00144116 0.00179498 -0.00125026 0.00454585 0.00631387 0.00718193 0.0100376 0.0024639 0.000438681 0.00608999 0.00637261 0.00740804 0.00682485 0.00468899 0.00292208 0.00205104
internal_weight=96881 37473 59408 19133 18710 18340 15670 11556 3840 3387 1469 8766 3463 4114 7716 6858 9574 3457 1918 1572 532 4917 6132 1578 3293 2039 1907 1254 4235 2645
internal_count=96881 37473 59408 19133 18710 18340 15670 11556 3840 3387 1469 8766 3463 4114 7716 6858 9574 3457 1918 1572 532 4917 6132 1578 3293 2039 1907 1254 4235 2645
is_linear=0
shrinkage=0.05


Tree=20
num_leaves=31
num_cat=0
split_feature=14 14 14 4 4 4 12 14 14 6 2 8 2 12 13 4 14 3 1 2 8 11 6 11 12 8 7 14 13 1
split_gain=310.141 40.1871 28.145 15.5779 10.5489 10.5176 7.9453 4.40181 4.38166 4.21864 3.96921 3.88023 3.63126 3.10266 2.82085 2.70461 2.68256 2.61724 2.47338 2.20515 2.17378 1.90237 1.79019 1.75843 1.50201 1.4866 2.14906 1.52949 1.51549 1.471
threshold=1.3234149717375743 1.8090495114568139 0.66942980461417545 1.0000000180025095e-35 1.0000000180025095e-35 8.5000000000000018 2.2738706688326817 2.3192212600573567 2.5697686166586133 1.0000000180025095e-35 14.500000000000002 1.0000000180025095e-35 5.5000000000000009 2.4092921713649753 1.6382729737348802 9.5000000000000018 1.610285747657193 1.0000000180025095e-35 3.5000000000000004 7.5000000000000009 1.5000000000000002 2.1663703362806506 1.0000000180025095e-35 2.065805809405481 1.7601746447116684 2.5000000000000004 1.0000000180025095e-35 1.9627218027417925 1.8041305161347074 3.5000000000000004
decision_type=2 2 2 2 2 2 2 2 2 2 2 2 2 2 2 2 2 2 2 2 2 2 2 2 2 2 2 2 2 2
left_child=2 5 -1 8 24 10 9 11 25 17 13 18 20 -2 -14 21 -7 29 -8 -16 -9 -6 -18 -12 -4 28 27 -27 -3 -5
right_child=1 3 4 6 15 16 7 12 -10 -11 23 -13 14 -15 19 -17 22 -19 -20 -21 -22 -23 -24 -25 -26 26 -28 -29 -30 -31
leaf_value=-0.034038714017910802 -4.4540611503996843e-05 0.018274242410465897 -0.0010214107523998162 0.012668941413463501 -0.0089748358485376156 -0.0069655190341240056 0.019138754687964818 0.00032717383140764471 0.05081862770385262 -0.006679828793294886 0.007292909521530372 0.0056699542144846432 -0.0010509369662287796 0.0072629700905944717 0.034425912251755862 -0.014355808597451293 0.0011129549452264847 0.0030451278239176575 0.0080971015359077234 0.016354821334115265 0.016235819136630025 -0.0033154550866124188 -0.01022805836329045 0.017078291934382525 0.0066593949999554404 0.026691178379037311 0.039238885040338164 0.0056927340175405867 0.029541690794502237 0.005056267548177484
leaf_weight=40621 5112 317 2102 2377 5247 6104 1019 476 230 884 2240 3098 171 1432 427 8675 3470 3113 760 1900 331 1583 540 517 705 283 141 341 959 1463
leaf_count=40621 5112 317 2102 2377 5247 6104 1019 476 230 884 2240 3098 171 1432 427 8675 3470 3113 760 1900 331 1583 540 517 705 283 141 341 959 1463
internal_value=-0.0019453 0.00159594 -0.00421097 0.00327775 -0.00258355 1.15878e-05 0.00272832 0.00381814 0.00715324 0.00159053 0.00122514 0.00286344 0.00522693 0.000554705 0.00616893 -0.00309416 -0.00110441 0.00200417 0.00472456 0.00662441 0.00231103 -0.00234993 -9.97518e-05 0.00281647 0.000236907 0.00641597 0.0046732 0.00341346 0.00746081 0.0028776
internal_weight=96638 37705 58933 18290 18312 19415 16019 8182 2271 7837 9301 4877 3305 6544 2498 15505 10114 6953 1779 2327 807 6830 4010 2757 2807 2041 765 624 1276 3840
internal_count=96638 37705 58933 18290 18312 19415 16019 8182 2271 7837 9301 4877 3305 6544 2498 15505 10114 6953 1779 2327 807 6830 4010 2757 2807 2041 765 624 1276 3840
is_linear=0
shrinkage=0.05


Tree=21
num_leaves=31
num_cat=0
split_feature=14 14 14 4 4 4 14 8 0 2 14 12 2 7 2 6 0 11 14 1 11 0 8 12 1 12 0 0 12 6
split_gain=304.243 40.9452 28.16 14.509 10.9714 9.34867 8.49215 4.42773 7.68836 3.90677 3.85099 3.54675 3.18479 2.90633 2.87185 3.92651 2.86415 2.77894 2.82297 2.74228 2.73911 3.74956 2.88613 2.45223 2.37562 2.35784 2.33528 2.30298 2.17707 2.08514
threshold=1.3131875711225278 1.7874681706139648 0.65351835533872782 1.0000000180025095e-35 1.0000000180025095e-35 9.5000000000000018 2.3437685657724976 1.0000000180025095e-35 15.500000000000002 14.500000000000002 2.5697686166586133 2.5031710056371956 23.500000000000004 1.0000000180025095e-35 5.5000000000000009 1.0000000180025095e-35 15.500000000000002 3.0162205704559386 3.0374753188956065 3.5000000000000004 0.69861776903204464 18.500000000000004 1.0000000180025095e-35 1.0589607478781462 3.5000000000000004 0.92440733752962223 12.500000000000002 10.500000000000002 1.2416670953716158 1.0000000180025095e-35
decision_type=2 2 2 2 2 2 2 2 2 2 2 2 2 2 2 2 2 2 2 2 2 2 2 2 2 2 2 2 2 2
left_child=2 5 -1 10 -4 9 7 8 -5 20 -3 19 -7 25 -8 17 -12 -16 -19 28 -2 -22 -23 -24 -25 -9 -27 -6 -10 -28
right_child=1 3 4 6 27 12 14 13 11 -11 16 -13 -14 -15 15 -17 -18 18 -20 -21 21 22 23 24 -26 26 29 -29 -30 -31
leaf_value=-0.032857644593861993 -0.006006052788520011 0.02517082167564208 0.00061463083876966485 -0.013262062732832479 -0.015270619838551847 -0.0084467176568471369 0.0071837606555884463 -0.010674072115529081 0.0092629573017203436 0.010575746210282027 0.056169251432852556 0.017928781520969515 -0.00075904291678110191 0.014375040623390718 0.017284708618698196 0.0033807396665308299 0.031227103744791009 0.020035587345174796 0.041051164856177241 0.0012450641328004626 7.7464231902351267e-06 0.028548353419621045 -0.002344013014216449 0.016337989204306232 0.0070218322848457681 -0.0025629275431400737 0.0065216209627627034 -0.0092174534536496443 0.018002338344436479 -0.0043540253179374169
leaf_weight=40529 937 2149 2841 479 4677 4992 1070 380 492 2742 65 1469 4105 481 1435 530 159 1233 133 811 4636 163 511 461 480 890 5756 10847 746 659
leaf_count=40529 937 2149 2841 479 4677 4992 1070 380 492 2742 65 1469 4105 481 1435 530 159 1233 133 811 4636 163 511 461 480 890 5756 10847 746 659
internal_value=-0.00195121 0.00153909 -0.00420111 0.00318503 -0.00257691 -9.90709e-05 0.00266119 0.00198018 0.00334376 0.000961731 0.00684155 0.00415293 -0.00125701 0.00131276 0.00454328 0.00526719 0.0130804 0.00601392 0.00762811 0.00280869 0.000349192 0.000727082 0.00280186 0.00209366 0.00360786 0.00107677 0.00127652 -0.00309972 0.00428917 0.00160951
internal_weight=96858 37964 58894 18937 18365 19027 16564 12163 3997 9930 2373 3518 9097 8166 4401 3331 224 2801 1366 2049 7188 6251 1615 1452 941 7685 7305 15524 1238 6415
internal_count=96858 37964 58894 18937 18365 19027 16564 12163 3997 9930 2373 3518 9097 8166 4401 3331 224 2801 1366 2049 7188 6251 1615 1452 941 7685 7305 15524 1238 6415
is_linear=0
shrinkage=0.05


Tree=22
num_leaves=31
num_cat=0
split_feature=14 14 14 4 4 4 12 14 12 0 8 2 6 8 14 3 0 0 8 0 1 1 14 8 8 0 11 11 0 13
split_gain=279.351 31.9967 30.7981 12.2889 10.0387 7.84883 6.01626 4.52821 4.18793 5.84092 4.09545 3.68695 3.25753 2.82401 2.79097 2.62236 2.60186 2.56914 2.3238 2.85756 3.42363 3.2855 2.98496 2.2696 2.52696 2.98098 2.25086 2.12865 2.96833 2.04509
threshold=1.3234149717375743 1.7874681706139648 0.72009244182909959 1.0000000180025095e-35 1.0000000180025095e-35 3.5000000000000004 2.9483121465240987 2.5697686166586133 1.1774420736118369 18.500000000000004 1.5000000000000002 4.5000000000000009 1.0000000180025095e-35 1.0000000180025095e-35 2.8590536614180526 1.0000000180025095e-35 12.500000000000002 16.500000000000004 3.5000000000000004 11.500000000000002 3.5000000000000004 5.5000000000000009 1.6859029167546222 1.5000000000000002 1.0000000180025095e-35 16.500000000000004 1.4165078373129989 2.1396246490835984 12.500000000000002 1.8041305161347074
decision_type=2 2 2 2 2 2 2 2 2 2 2 2 2 2 2 2 2 2 2 2 2 2 2 2 2 2 2 2 2 2
left_child=2 4 -1 7 26 -4 12 -3 -6 10 -10 -8 14 29 15 -5 -13 -9 19 -12 22 -22 -21 24 25 -18 -2 -7 -29 -11
right_child=1 3 5 6 8 27 11 17 9 13 18 16 -14 -15 -16 -17 23 -19 -20 20 21 -23 -24 -25 -26 -27 -28 28 -30 -31
leaf_value=-0.029320472459903536 0.0056632304101864985 0.021108621101825056 -0.0015323684764027006 0.0089335098508458322 -0.0061549157312392458 -0.011716358932282726 0.0044195473531920158 0.048753473373663966 -0.0057133334666875282 0.0058910041156125638 -0.0071906816823414507 0.0014037515935134152 -0.003097884079047963 0.0056841921610353389 0.028945422935073108 0.0032046500872222835 -0.019491194525428187 0.033149723108089627 -0.0050487945968747923 0.017128952665430831 -0.0012055044331477057 0.012850804701883628 0.0040168848661587082 0.021435123393015384 0.0018876544129193555 0.01760696660885867 0.01439883164870329 -0.0095506223043378656 0.0023675820561505699 0.0283395694977529
leaf_weight=41944 1488 2132 4066 5865 4932 10328 1001 101 5182 117 545 345 1294 1957 223 4788 90 136 1168 459 975 159 382 841 379 1875 1229 1900 910 74
leaf_count=41944 1488 2132 4066 5865 4932 10328 1001 101 5182 117 545 345 1294 1957 223 4788 90 136 1168 459 975 159 382 841 379 1875 1229 1900 910 74
internal_value=-0.00200676 0.0013545 -0.00415128 0.00279496 -0.000117053 -0.0023698 0.00231693 0.00616505 -0.000595612 -5.35499e-05 -0.000620069 0.00387221 0.00173788 0.00228585 0.00202004 0.00190416 0.00463173 0.0127215 0.00065347 0.00150794 0.0023924 0.000599646 0.00480975 0.00507849 0.00427901 0.005 0.00269231 -0.00296392 -0.00174377 0.008089
internal_weight=96885 37737 59148 19070 18667 17204 16701 2369 15950 11018 8870 4531 12170 2148 10876 10653 3530 237 3688 2520 1975 1134 841 3185 2344 1965 2717 13138 2810 191
internal_count=96885 37737 59148 19070 18667 17204 16701 2369 15950 11018 8870 4531 12170 2148 10876 10653 3530 237 3688 2520 1975 1134 841 3185 2344 1965 2717 13138 2810 191
is_linear=0
shrinkage=0.05


Tree=23
num_leaves=31
num_cat=0
split_feature=14 14 14 4 4 4 7 8 8 0 0 6 2 14 14 14 6 2 11 12 11 10 0 2 10 4 10 2 8 4
split_gain=270.48 32.3764 31.1628 10.8611 8.78789 7.90508 4.96994 7.46646 11.4825 6.01522 5.07141 4.66838 5.15429 4.16527 3.58411 3.414 2.72035 3.28418 2.5232 2.21899 2.20854 2.11425 2.05162 1.78372 1.73378 1.66347 1.61939 1.52154 1.4757 1.42848
threshold=1.3323664022418613 1.8891820173047686 0.61344849924216194 1.0000000180025095e-35 1.0000000180025095e-35 1.0000000180025095e-35 1.0000000180025095e-35 2.5000000000000004 1.5000000000000002 15.500000000000002 13.500000000000002 1.0000000180025095e-35 4.5000000000000009 1.5642527002665703 2.5697686166586133 1.0683955935720295 1.0000000180025095e-35 5.5000000000000009 3.8547777300917869 4.0035509476549178 0.69861776903204464 8.079201013952007 16.500000000000004 7.5000000000000009 7.3932630881070338 9.5000000000000018 7.3032541220246348 18.500000000000004 1.0000000180025095e-35 5.5000000000000009
decision_type=2 2 2 2 2 2 2 2 2 2 2 2 2 2 2 2 2 2 2 2 2 2 2 2 2 2 2 2 2 2
left_child=2 5 -1 -4 14 -2 7 8 9 -6 -10 12 -7 -14 19 -5 17 -11 -19 27 -15 -12 24 -20 -16 -17 -24 -3 -29 -22
right_child=1 4 3 15 6 11 -8 -9 10 16 21 -13 13 20 22 25 -18 18 23 -21 29 -23 26 -25 -26 -27 -28 28 -30 -31
leaf_value=-0.031704139102458173 0.010084469134713437 0.018678729368208403 0.00048052943295355554 -0.012189450226038887 -0.014184197389540749 -0.0059468444364859183 0.01587465171929708 0.0015183017508080907 0.013192486149706898 0.0051388336324596287 0.045814372914747568 -0.012398660517686119 -0.0021351996384959687 -0.0034884704197925241 0.031804238575012245 -0.0040049068128677808 -2.8919553785242841e-05 0.012549711459411415 0.028230841774056766 0.032233823127672971 0.0009220942436257457 0.027167738743937377 0.061233728895129506 0.013228033645317104 0.067695128335692675 -0.010900262074294873 0.015930954622027343 0.032837195994053527 0.017082079515954841 0.0067587593164931854
leaf_weight=39322 3110 938 3137 9005 362 4185 1061 3772 254 1868 404 1501 5660 816 40 3530 775 3729 326 110 2117 164 42 917 52 4475 98 242 421 4362
leaf_count=39322 3110 938 3137 9005 362 4185 1061 3772 254 1868 404 1501 5660 816 40 3530 775 3729 326 110 2117 164 42 917 52 4475 98 242 421 4362
internal_value=-0.00202826 0.00130793 -0.00412223 -0.00252321 0.00304815 6.1835e-05 0.00259976 0.00232241 0.00312024 0.00254043 0.00874696 -0.000327505 -9.33501e-05 0.000399458 0.00619403 -0.00302175 0.00283979 0.00315789 0.00382944 0.00540327 0.00118917 0.0113732 0.0120259 0.00578037 0.0178261 -0.00227046 0.00821428 0.00493129 0.0067647 0.00149792
internal_weight=96795 37326 59469 20147 15575 21751 13632 12571 8799 7977 822 18641 17140 12955 1943 17010 7615 6840 4972 1711 7295 568 232 1243 92 8005 140 1601 663 6479
internal_count=96795 37326 59469 20147 15575 21751 13632 12571 8799 7977 822 18641 17140 12955 1943 17010 7615 6840 4972 1711 7295 568 232 1243 92 8005 140 1601 663 6479
is_linear=0
shrinkage=0.05


Tree=24
num_leaves=31
num_cat=0
split_feature=14 14 14 14 4 4 4 4 0 12 0 2 6 11 8 8 1 14 2 12 0 0 2 2 0 4 12 12 4 9
split_gain=259.949 33.3859 22.1378 9.1745 8.36098 6.61184 5.76223 3.753 3.09632 3.85335 4.52106 3.9201 2.98872 3.61044 2.5657 5.47758 2.55347 3.10138 2.13152 2.10568 2.8699 2.22738 2.02987 1.90061 1.86843 1.86432 1.81711 1.80861 1.73725 1.63034
threshold=1.1932275766107703 1.6952142143795002 0.6266988368345684 2.2958000509363887 9.5000000000000018 1.0000000180025095e-35 3.5000000000000004 1.0000000180025095e-35 12.500000000000002 1.3040386106145412 18.500000000000004 18.500000000000004 1.0000000180025095e-35 1.8590002854035503 1.5000000000000002 3.5000000000000004 3.5000000000000004 1.5267596359297346 23.500000000000004 2.2738706688326817 16.500000000000004 12.500000000000002 18.500000000000004 12.500000000000002 19.500000000000004 9.5000000000000018 2.9079687597149522 0.96260034456839605 5.5000000000000009 8.7087422738129803
decision_type=2 2 2 2 2 2 2 2 2 2 2 2 2 2 2 2 2 2 2 2 2 2 2 2 2 2 2 2 2 2
left_child=2 4 -1 6 8 -4 22 29 -2 23 14 26 13 -8 -11 16 17 -16 -6 -9 21 -21 -3 -10 -15 -7 -12 -25 -26 -5
right_child=1 3 5 7 18 25 12 19 9 10 11 -13 -14 24 15 -17 -18 -19 -20 20 -22 -23 -24 27 28 -27 -28 -29 -30 -31
leaf_value=-0.029515365365388471 -0.0035635438907087938 0.010365158632001156 -0.00044015007916020394 0.026296336810788929 -0.0088625877910456195 -0.0073164894185153029 0.0016790980512425271 0.0076329353213426352 -0.0035192831197532444 0.0012002691249145229 0.011022564852692068 0.033820396183724288 -0.0054267958487099408 0.0063779522032454614 0.024070424377354609 -0.0060449622216491132 0.0089391883667809206 0.021619161526300681 -0.002692380884001728 0.0022366993283344308 0.0099118830394709714 0.028182634510076372 0.020574526070397441 -4.0132194864973283e-06 -0.00033542550541692541 -0.013066675560061592 0.014504484373743199 0.014223807025364672 0.016970388753941173 0.035987558072033299
leaf_weight=39650 2565 3220 2241 502 5373 5392 5308 1591 2442 2349 786 57 1338 4761 46 325 411 150 4364 123 2528 820 868 1008 181 6859 41 454 1065 138
leaf_count=39650 2565 3220 2241 502 5373 5392 5308 1591 2442 2349 786 57 1338 4761 46 325 411 150 4364 123 2528 820 868 1008 181 6859 41 454 1065 138
internal_value=-0.00200328 0.000908113 -0.00430553 0.00223834 -0.000557411 -0.00263318 0.00164835 0.00397054 0.000411885 0.000892922 0.00195078 0.00512443 0.00112108 0.00138533 0.0010957 0.00331545 0.00612026 0.0108163 -0.001616 0.00351442 0.00420484 0.00655885 0.00328033 -0.000235657 0.0022249 -0.00308995 0.0042503 0.00119015 0.00394863 0.00757812
internal_weight=96956 42814 54142 22443 20371 14492 16741 5702 10634 8069 4165 884 12653 11315 3281 932 607 196 9737 5062 3471 943 4088 3904 6007 12251 827 1462 1246 640
internal_count=96956 42814 54142 22443 20371 14492 16741 5702 10634 8069 4165 884 12653 11315 3281 932 607 196 9737 5062 3471 943 4088 3904 6007 12251 827 1462 1246 640
is_linear=0
shrinkage=0.05


Tree=25
num_leaves=31
num_cat=0
split_feature=14 14 14 4 4 4 14 14 0 12 0 8 0 1 14 1 11 9 2 1 1 9 10 12 7 6 6 2 11 4
split_gain=249.408 34.3827 22.7212 8.07519 7.73768 7.53007 5.8919 4.45457 3.52782 3.17662 5.71125 2.85502 6.67304 3.90434 2.84349 2.68502 2.24383 2.23706 2.08522 2.07296 2.44413 2.0902 2.2073 2.2671 2.00237 1.93696 1.85567 2.66551 2.11561 1.85498
threshold=1.1932275766107703 1.7874681706139648 0.61344849924216194 1.0000000180025095e-35 1.0000000180025095e-35 8.5000000000000018 2.2958000509363887 2.5697686166586133 16.500000000000004 0.98315794437631931 18.500000000000004 1.0000000180025095e-35 15.500000000000002 3.5000000000000004 1.4606615179810833 5.5000000000000009 4.2129620902320442 8.2404125740008851 12.500000000000002 5.5000000000000009 3.5000000000000004 8.2342691559977776 8.3232923043627114 2.1877790537261439 1.0000000180025095e-35 1.0000000180025095e-35 1.0000000180025095e-35 5.5000000000000009 3.5815273656378563 9.5000000000000018
decision_type=2 2 2 2 2 2 2 2 2 2 2 2 2 2 2 2 2 2 2 2 2 2 2 2 2 2 2 2 2 2
left_child=2 5 -1 -4 7 9 11 -3 17 -2 -11 12 -6 16 -7 -15 -14 -9 -18 20 21 -12 23 -23 -13 -16 27 -8 -29 -5
right_child=1 4 3 29 6 14 26 8 -10 10 19 24 13 15 25 -17 18 -19 -20 -21 -22 22 -24 -25 -26 -27 -28 28 -30 -31
leaf_value=-0.028523361240205991 -0.0023986301824425512 0.018402225213524619 0.00038122664912866523 -0.0073264602959981209 -0.011997989912631221 -0.008098106114553312 0.0059208360719821621 0.028610685183083719 0.020417165076800751 0.0012817397060582722 0.010049518116782161 0.0020397639378751989 0.014486671888473579 -0.00065885780901237879 -0.001313745987880313 0.016570472366881146 0.03169354013770033 0.062744754719056578 0.0088964718913843426 0.025564191195573849 0.0050547081031794327 0.026487123097572864 0.00015838224537240522 0.033253284228809542 0.012348022193766524 -0.0096915052958013587 0.0020394692762322939 0.013966838476762878 0.019075473553424697 -0.012533353446080853
leaf_weight=39291 3040 2163 2291 5609 484 5482 1196 52 138 6741 324 7379 1603 954 5860 406 185 41 81 178 809 150 64 65 424 901 614 2069 1221 7021
leaf_count=39291 3040 2163 2291 5609 484 5482 1196 52 138 6741 324 7379 1603 954 5860 406 185 41 81 178 809 150 64 65 424 901 614 2069 1221 7021
internal_value=-0.00203519 0.000826528 -0.00428521 -0.00262416 0.00240926 -0.000447617 0.00202636 0.00506683 0.0116667 0.000478849 0.000983674 0.00139979 0.00254107 0.00336172 -0.0013081 0.00132353 0.00484484 0.0191935 0.00909774 0.00367924 0.00303824 0.00544776 0.00862007 0.0110465 0.000856721 -0.000621951 0.00344118 0.00379402 0.00452887 -0.00311956
internal_weight=96836 42624 54212 14921 19010 23614 16616 2394 231 11371 8331 11516 3713 3229 12243 1360 1869 93 266 1590 1412 603 279 215 7803 6761 5100 4486 3290 12630
internal_count=96836 42624 54212 14921 19010 23614 16616 2394 231 11371 8331 11516 3713 3229 12243 1360 1869 93 266 1590 1412 603 279 215 7803 6761 5100 4486 3290 12630
is_linear=0
shrinkage=0.05


Tree=26
num_leaves=31
num_cat=0
split_feature=14 14 14 4 4 12 4 6 14 0 7 14 0 2 14 14 0 8 8 3 8 8 0 1 12 8 0 1 14 0
split_gain=234.069 32.4936 19.9868 9.93544 8.12342 6.14372 5.44426 4.09131 3.50226 3.1227 3.14756 3.06109 2.51955 2.5015 2.20428 2.08917 2.08523 2.95787 2.70207 2.07865 2.04193 3.79527 3.04185 2.21684 1.96152 1.86876 2.77366 2.50928 2.60872 1.82141
threshold=1.1399544637471482 1.777302339336903 0.56314660339021627 1.0000000180025095e-35 3.5000000000000004 1.5100280716235479 3.5000000000000004 1.0000000180025095e-35 1.4987510280621184 12.500000000000002 1.0000000180025095e-35 2.8590536614180526 17.500000000000004 18.500000000000004 3.0374753188956065 0.75473980904493376 15.500000000000002 1.0000000180025095e-35 1.5000000000000002 1.0000000180025095e-35 2.5000000000000004 1.5000000000000002 16.500000000000004 2.5000000000000004 2.8755997661057462 1.0000000180025095e-35 19.500000000000004 3.5000000000000004 2.2538453153242952 16.500000000000004
decision_type=2 2 2 2 2 2 2 2 2 2 2 2 2 2 2 2 2 2 2 2 2 2 2 2 2 2 2 2 2 2
left_child=2 4 -1 -4 -2 -3 13 8 19 -8 11 20 -13 14 -7 -5 18 24 -10 -6 21 22 -11 -23 -18 27 -27 28 -24 -22
right_child=1 5 3 15 7 6 9 -9 16 10 -12 12 -14 -15 -16 -17 17 -19 -20 -21 29 23 25 -25 -26 26 -28 -29 -30 -31
leaf_value=-0.029953266522659939 0.0034585186470444482 0.0015287258425148555 0.00064153385409333199 -0.011560609976163122 -0.0022089646922824166 0.014182104945406587 -0.0022024837525141472 -0.013491739080938365 -0.0096085689001119117 -0.0032009294830209235 0.015304109860884613 0.031356871619370001 0.007303099258063106 0.023894317662140303 0.041366597822131125 -0.0090878053182791851 0.006968783456874815 4.6193441950984635e-05 0.0015042507221571535 -0.0075133384122778347 0.0061888560052736656 0.045088559907241581 0.017487031749237304 0.020307693671970817 0.026634052362292049 -0.0039059581543320118 0.0071651303789398105 0.0056895487839696141 0.0096454278882832922 -0.0012588711099951531
leaf_weight=37605 5944 4349 2218 4286 4776 2807 895 1708 1656 777 815 235 199 759 61 7979 777 3631 1533 5106 1266 104 746 200 88 757 1406 1153 1228 1602
leaf_count=37605 5944 4349 2218 4286 4776 2807 895 1708 1656 777 815 235 199 759 61 7979 777 3631 1533 5106 1266 104 746 200 88 757 1406 1153 1228 1602
internal_value=-0.00206153 0.000598052 -0.00433766 -0.00275944 -0.000584679 0.0021388 0.00261825 -0.00108301 -0.000855867 0.00208073 0.00232265 0.00207123 0.00617511 0.00430521 0.00362971 -0.00331635 -5.53037e-05 0.000638344 -0.00103324 -0.00147845 0.00187845 0.00237718 0.002104 0.00782895 0.00326589 0.00253308 0.00140314 0.00331468 0.00439716 0.000770571
internal_weight=96666 44578 52088 14483 25219 19359 15010 19275 17567 11383 10488 9673 434 3627 2868 12265 7685 4496 3189 9882 9239 6371 6067 304 865 5290 2163 3127 1974 2868
internal_count=96666 44578 52088 14483 25219 19359 15010 19275 17567 11383 10488 9673 434 3627 2868 12265 7685 4496 3189 9882 9239 6371 6067 304 865 5290 2163 3127 1974 2868
is_linear=0
shrinkage=0.05


Tree=27
num_leaves=31
num_cat=0
split_feature=14 14 14 4 4 14 4 2 14 3 6 12 0 11 14 11 11 0 4 0 12 0 0 4 0 12 12 10 9 12
split_gain=225.584 28.5941 20.9812 10.5319 7.97724 6.19565 3.42509 3.19621 2.82241 2.74781 3.12546 2.30726 2.29144 2.58738 2.25611 2.10847 1.76576 3.8951 1.83005 1.74036 1.55731 2.63834 1.56246 1.49651 1.46823 3.14602 1.3949 1.33904 2.11236 1.51991
threshold=1.1399544637471482 1.7343742541738503 0.51253053724982567 1.0000000180025095e-35 9.5000000000000018 2.2958000509363887 1.5000000000000002 14.500000000000002 1.610285747657193 1.0000000180025095e-35 1.0000000180025095e-35 2.9483121465240987 12.500000000000002 3.0700631488550734 0.75473980904493376 2.1150661114527134 0.60662448519596002 17.500000000000004 5.5000000000000009 14.500000000000002 1.111259116614127 20.500000000000004 21.500000000000004 9.5000000000000018 17.500000000000004 0.76537315468129263 2.688176041406114 8.3626837661926192 8.5489257659686064 3.2481109671717454
decision_type=2 2 2 2 2 2 2 2 2 2 2 2 2 2 2 2 2 2 2 2 2 2 2 2 2 2 2 2 2 2
left_child=2 4 -1 -4 7 6 -3 16 24 10 11 -7 -8 20 -5 -9 -2 -18 26 -17 -14 -22 -23 -16 -6 -26 -19 28 -13 -30
right_child=1 5 3 14 8 9 12 15 -10 -11 -12 27 13 -15 23 19 17 18 -20 -21 21 22 -24 -25 25 -27 -28 -29 29 -31
leaf_value=-0.031219055583452934 -0.0071601679051796477 0.012833258241547942 0.00046423843929329777 -0.011159804054848278 -0.0086389688557087421 0.012633940443644374 -0.0027331302222326458 0.0042368020050936898 -0.0010385685928040167 0.0067957818905591523 0.0014415801377222013 0.017598878730717651 -0.0017368493982855401 0.0084855729313960005 -0.0056978510127396803 0.0055426778856993708 -0.0025713479367568165 -3.9698828182143583e-05 0.0097845450499502943 0.024552538113046293 0.0025423438868188743 0.014545847723715005 0.00013048980588383857 -0.011589944744484864 -0.0092138784359151703 0.0015806238170241857 0.012086720573356569 -0.0070200693955060987 0.0077801180854099638 0.032095726337457477
leaf_weight=36277 1167 2462 2433 5546 5894 1733 1281 2937 2488 1960 593 1046 1431 2621 3596 308 5351 1211 967 223 6195 974 357 4410 1570 1449 129 56 64 291
leaf_count=36277 1167 2462 2433 5546 5894 1733 1281 2937 2488 1960 593 1046 1431 2621 3596 308 5351 1211 967 223 6195 974 357 4410 1570 1449 129 56 64 291
internal_value=-0.00206659 0.000538673 -0.00429777 -0.00278855 -0.000652909 0.00187903 0.00135402 0.000230618 -0.00160556 0.00327964 0.00406688 0.00468652 0.00102691 0.00124892 -0.00333235 0.00151672 -0.000274789 1.30463e-06 0.00171868 0.00441619 0.00084459 0.00113207 0.00315176 -0.0027954 -0.00202121 -0.00112455 0.000522387 0.00615305 0.0064561 0.00978873
internal_weight=97020 44758 52262 15985 23694 21064 15321 12293 11401 5743 3783 3190 12859 11578 13552 3468 8825 7658 2307 531 8957 7526 1331 8006 8913 3019 1340 1457 1401 355
internal_count=97020 44758 52262 15985 23694 21064 15321 12293 11401 5743 3783 3190 12859 11578 13552 3468 8825 7658 2307 531 8957 7526 1331 8006 8913 3019 1340 1457 1401 355
is_linear=0
shrinkage=0.05


Tree=28
num_leaves=31
num_cat=0
split_feature=14 14 14 4 12 4 0 7 6 2 4 2 14 2 0 11 12 8 8 0 1 14 9 14 13 12 0 12 8 8
split_gain=226.714 24.4707 20.4003 8.72005 6.2178 6.06027 3.29155 3.03183 2.7772 3.1182 2.61049 2.50043 2.45725 2.19584 2.39378 4.15949 2.46955 2.12232 2.12767 3.10946 2.6479 2.50384 2.06614 1.98804 1.85327 1.76223 1.75488 2.57321 1.64802 5.77233
threshold=1.1399544637471482 1.7244064180199186 0.51253053724982567 1.0000000180025095e-35 2.0444085328148494 9.5000000000000018 12.500000000000002 1.0000000180025095e-35 1.0000000180025095e-35 4.5000000000000009 3.5000000000000004 24.500000000000004 3.0374753188956065 5.5000000000000009 18.500000000000004 0.69861776903204464 2.688176041406114 1.5000000000000002 3.5000000000000004 11.500000000000002 3.5000000000000004 1.5084236004176028 7.8371387042249507 0.88651070079589156 1.0417845671538075 2.7771242299877339 20.500000000000004 1.127708237104577 2.5000000000000004 1.5000000000000002
decision_type=2 2 2 2 2 2 2 2 2 2 2 2 2 2 2 2 2 2 2 2 2 2 2 2 2 2 2 2 2 2
left_child=2 5 -1 -4 10 13 -6 8 9 -8 -3 -7 22 -2 17 -16 -17 -15 19 -19 21 -21 -11 -5 -13 -22 -12 -28 29 -24
right_child=1 4 3 23 6 11 7 -9 -10 12 26 24 -14 14 15 16 -18 18 -20 20 25 -23 28 -25 -26 -27 27 -29 -30 -31
leaf_value=-0.0295366868555344 -0.0054354455612042052 0.0087258301383755354 -0.00014955492594336889 -0.010296136549149374 -6.4122976415926486e-05 -0.0073621558217157662 0.0025074309623119859 0.019388015749632913 -0.0012030537945801863 0.0056235669701789432 -0.00086949099715976459 -0.008378799440463356 0.031093642699360852 -0.0023092099698814217 -0.00097605013730419721 0.0098765604498620881 0.030463183516338019 -0.004305297979464667 -0.0015393161916933181 0.023484463818713053 0.0051184317569064972 0.017090998450200297 0.012825190750915315 -0.008194957649372973 -2.2400759266478322e-05 0.029003721876663575 -0.0010941180310143463 0.0099964481280622949 0.0064823308271857345 0.039728741674545952
leaf_weight=36234 1044 2254 2439 7743 1151 6796 1768 991 796 1675 4281 737 196 4998 1452 1738 102 469 1200 66 742 253 3906 5761 3649 49 1279 1549 1164 274
leaf_count=36234 1044 2254 2439 7743 1151 6796 1768 991 796 1675 4281 737 196 4998 1452 1738 102 469 1200 66 742 253 3906 5761 3649 49 1279 1549 1164 274
internal_value=-0.00206427 0.000554184 -0.00430142 -0.00281095 0.00177974 -0.000565573 0.00253712 0.00280873 0.00254167 0.0027925 0.000815443 -0.00140494 0.00325364 0.000209278 0.000416026 0.00154617 0.003125 -6.23646e-05 0.00104534 0.00225142 0.00369369 0.00753918 0.00309944 -0.00330791 -0.000474237 0.00214286 0.000345336 0.00131188 0.00357971 0.00404306
internal_weight=96756 44579 52177 15943 21284 23295 11921 10770 9779 8983 9363 11182 7215 12113 11069 3292 1840 7777 2779 1579 1110 319 7019 13504 4386 791 7109 2828 5344 4180
internal_count=96756 44579 52177 15943 21284 23295 11921 10770 9779 8983 9363 11182 7215 12113 11069 3292 1840 7777 2779 1579 1110 319 7019 13504 4386 791 7109 2828 5344 4180
is_linear=0
shrinkage=0.05


Tree=29
num_leaves=31
num_cat=0
split_feature=14 14 14 4 4 12 11 4 12 6 0 0 12 8 8 14 1 11 14 0 2 14 12 14 8 0 1 0 2 1
split_gain=216.34 29.8122 18.4653 11.2737 6.57468 4.74032 4.58086 4.0821 3.81376 3.65585 3.27125 2.32277 4.07196 2.40515 2.34475 2.25587 2.05838 1.93806 1.91828 1.74992 1.72971 1.70535 1.61292 1.65117 1.50507 1.48261 1.41906 1.37579 1.36414 1.82772
threshold=1.0561918689278753 1.7343742541738503 0.49973006638848472 1.0000000180025095e-35 1.0000000180025095e-35 1.0201082071805421 2.065805809405481 8.5000000000000018 2.8755997661057462 1.0000000180025095e-35 13.500000000000002 17.500000000000004 0.47513863528590267 1.5000000000000002 1.0000000180025095e-35 2.194209813763786 3.5000000000000004 2.1150661114527134 1.6014300663913297 13.500000000000002 25.500000000000004 0.7030220205362262 1.7601746447116684 0.8111321174248185 1.0000000180025095e-35 14.500000000000002 3.5000000000000004 13.500000000000002 18.500000000000004 3.5000000000000004
decision_type=2 2 2 2 2 2 2 2 2 2 2 2 2 2 2 2 2 2 2 2 2 2 2 2 2 2 2 2 2 2
left_child=2 4 -1 22 17 24 11 8 27 10 -8 13 -13 -6 -14 -9 19 -2 -15 -10 -17 -5 -4 -24 -3 -19 -20 -7 29 -29
right_child=1 5 3 21 6 7 9 15 16 -11 -12 12 14 18 -16 20 -18 25 26 -21 -22 -23 23 -25 -26 -27 -28 28 -30 -31
leaf_value=-0.02885826927423242 0.0029571384953705074 0.0020019744329309213 0.00018216605049210536 -0.010514441517216467 -0.009158922855298143 0.0010153028797507946 -0.0027923274828690445 0.0022093475096307109 0.0070126547926080826 -0.015562060770870984 0.0043406075618897368 -0.0096636292852682083 0.015005888176380728 -0.0040344281366367076 -0.00089972628456981346 0.0047844508019325264 0.011414425038676819 0.0054899021683273968 0.0097322420665394843 0.02304925341204675 0.011036677210556744 -0.0085217415545168554 0.01204273712780864 0.0070493403467595849 -0.0086274405138530106 0.021925228929872795 -0.0031798956137010226 0.011187347181927999 0.017347773526742518 0.0027333816309032515
leaf_weight=35668 3309 870 1786 4878 6506 755 3310 6235 280 694 3190 1981 273 1772 3982 2524 908 349 316 1165 1554 6749 40 203 815 236 288 3474 616 1714
leaf_count=35668 3309 870 1786 4878 6506 755 3310 6235 280 694 3190 1981 273 1772 3982 2524 908 349 316 1165 1554 6749 40 203 815 236 288 3474 616 1714
internal_value=-0.0020448 0.000378214 -0.00435934 -0.00279584 -0.00074525 0.00178623 -0.0010761 0.0020091 0.00279286 -3.75325e-05 0.000330768 -0.00157031 -0.000830662 -0.00208962 4.11269e-05 0.00133181 0.00451976 0.00115049 -0.000728116 0.00569204 0.0022462 -0.00339598 0.000643173 0.00446502 -0.000756678 0.00380342 0.0017053 0.00217335 0.00243453 0.00217039
internal_weight=96440 47116 49324 13656 26206 20910 22312 19225 8912 7194 6500 15118 6236 8882 4255 10313 2353 3894 2376 1445 4078 11627 2029 243 1685 585 604 6559 5804 5188
internal_count=96440 47116 49324 13656 26206 20910 22312 19225 8912 7194 6500 15118 6236 8882 4255 10313 2353 3894 2376 1445 4078 11627 2029 243 1685 585 604 6559 5804 5188
is_linear=0
shrinkage=0.05


Tree=30
num_leaves=31
num_cat=0
split_feature=14 14 14 4 4 4 14 6 12 0 12 14 12 0 8 0 3 12 0 4 8 0 2 10 6 9 10 2 14 8
split_gain=205.309 25.4882 19.3902 10.3917 5.41719 5.24927 4.06263 3.06484 2.86729 2.60488 3.76186 2.43846 2.27371 3.01235 2.78237 2.20643 2.18793 2.08312 1.95408 1.88093 1.76124 3.40219 1.74983 1.96892 2.01987 2.04318 2.52233 1.66723 1.66304 2.14927
threshold=1.0561918689278753 1.6952142143795002 0.47177057315336812 1.0000000180025095e-35 9.5000000000000018 1.0000000180025095e-35 2.2746248560556226 1.0000000180025095e-35 2.1666505857418072 12.500000000000002 1.3040386106145412 0.72009244182909959 0.39007067860011652 17.500000000000004 1.5000000000000002 19.500000000000004 1.0000000180025095e-35 2.5788027413837171 21.500000000000004 5.5000000000000009 1.0000000180025095e-35 15.500000000000002 5.5000000000000009 8.244914729201275 1.0000000180025095e-35 8.732665724659757 8.0948577222048659 17.500000000000004 2.5697686166586133 1.5000000000000002
decision_type=2 2 2 2 2 2 2 2 2 2 2 2 2 2 2 2 2 2 2 2 2 2 2 2 2 2 2 2 2 2
left_child=2 4 -1 -4 9 8 7 16 -3 -2 -11 -5 -6 14 20 27 19 -15 22 -7 21 -14 -8 24 25 -24 -27 -12 -10 -30
right_child=1 5 3 11 12 6 18 -9 28 10 15 -13 13 17 -16 -17 -18 -19 -20 -21 -22 -23 23 -25 -26 26 -28 -29 29 -31
leaf_value=-0.028445491109695239 -0.0042593595075337068 0.0093822732614388532 0.00091890180953081442 -0.010079141004592057 -0.014669557389310618 0.0023907123222819521 0.0031389814751703071 -0.0066411502036744135 0.019657713911231472 -0.0016910722974905834 0.0026610880324938282 -0.0078450528970289996 -0.0066172465261919514 -0.0014262147070319877 -0.0015029675919821578 0.010039106924195485 0.0010401758858487075 0.0081027714889864606 -0.0089753549780159213 0.008162180393153886 -0.011434903952785444 0.011105731572156052 0.011753517381752464 -0.0014982487951547584 0.001028280444762264 0.036410945033388896 0.010845997984428826 0.011703148712003833 0.010144030419914088 0.037851877399901868
leaf_weight=35042 3450 1476 2182 5834 1101 2857 1275 1306 1203 4927 3578 6423 1486 2904 2231 362 5901 392 169 4127 3528 144 2685 340 539 201 210 604 96 107
leaf_count=35042 3450 1476 2182 5834 1101 2857 1275 1306 1203 4927 3578 6423 1486 2904 2231 362 5901 392 169 4127 3528 144 2685 340 539 201 210 604 96 107
internal_value=-0.00208575 0.000273416 -0.00433611 -0.00279417 -0.00083519 0.0014912 0.00119837 0.000753645 0.00348369 -0.000128087 0.000300389 -0.00336012 -0.00161039 -0.00138746 -0.00194817 0.00133803 0.000987581 -0.000130462 0.00236298 0.00158648 -0.00258627 -0.001227 0.00253333 0.00305031 0.00339065 0.00388243 0.00716545 0.00101387 0.00509957 0.00928571
internal_weight=96680 47199 49481 14439 24707 22492 19610 14191 2882 12921 9471 12257 11786 10685 7389 4544 12885 3296 5419 6984 5158 1630 5250 3975 3635 3096 411 4182 1406 203
internal_count=96680 47199 49481 14439 24707 22492 19610 14191 2882 12921 9471 12257 11786 10685 7389 4544 12885 3296 5419 6984 5158 1630 5250 3975 3635 3096 411 4182 1406 203
is_linear=0
shrinkage=0.05


Tree=31
num_leaves=31
num_cat=0
split_feature=14 14 4 12 14 4 0 12 4 12 0 0 2 4 12 0 12 0 0 12 2 0 6 12 3 6 0 14 7 14
split_gain=205.04 33.8108 8.91574 6.1243 5.86944 8.53717 3.35776 3.55845 3.05636 3.03442 3.46949 2.81348 2.71743 2.56635 2.3642 3.07849 2.33476 2.16622 2.14187 2.0386 1.97233 1.85069 1.56823 1.50047 2.18366 2.40908 1.68987 2.24813 1.79662 1.46877
threshold=0.72009244182909959 1.5825564943545232 9.5000000000000018 2.2738706688326817 0.42384005681624831 1.0000000180025095e-35 12.500000000000002 1.2094716214639416 1.0000000180025095e-35 1.0201082071805421 20.500000000000004 22.500000000000004 23.500000000000004 9.5000000000000018 0.39007067860011652 17.500000000000004 1.0776131046609396 12.500000000000002 17.500000000000004 2.688176041406114 14.500000000000002 21.500000000000004 1.0000000180025095e-35 2.9483121465240987 1.0000000180025095e-35 1.0000000180025095e-35 19.500000000000004 2.7609992057429866 1.0000000180025095e-35 2.5697686166586133
decision_type=2 2 2 2 2 2 2 2 2 2 2 2 2 2 2 2 2 2 2 2 2 2 2 2 2 2 2 2 2 2
left_child=4 2 6 9 -1 11 20 -8 29 -3 13 16 -4 -11 -14 -16 -6 -10 -9 -20 -2 22 -12 26 25 -25 27 28 -19 -5
right_child=1 3 12 8 5 -7 7 18 17 10 21 -13 14 -15 15 -17 -18 23 19 -21 -22 -23 -24 24 -26 -27 -28 -29 -30 -31
leaf_value=-0.028669104267755714 -0.00622859781758599 -0.0030440195355099821 -0.0097164259511795092 0.017491599812434776 -0.0027880133991848837 -0.0097083361237529312 -0.0019645378607259087 0.0021815230497459863 -0.00070839276450313697 0.0047962782434422526 0.013633965373727542 0.0071926833730398517 -0.010306045829280753 -0.0013865322606912065 -0.0052129239096407286 0.0052591124552611879 0.0039716674053788667 0.0013504230522372945 0.0073532927417930749 0.019124916198462634 0.00025447303373776867 0.0009702049929798224 -0.004563419508700972 0.012743550707606202 0.005167776691169558 -0.00074581334206388146 0.0093898471844310952 0.022846889473258573 0.022105046368646464 0.030273887438683079
leaf_weight=33943 3922 2953 7413 1268 794 6842 5207 2923 1343 4975 1909 106 1041 4280 3741 933 287 3120 917 151 1479 739 160 2363 1876 402 1143 159 152 183
leaf_count=33943 3922 2953 7413 1268 794 6842 5207 2923 1343 4975 1909 106 1041 4280 3741 933 287 3120 917 151 1479 739 160 2363 1876 402 1143 159 152 183
internal_value=-0.00206691 -5.13235e-05 -0.001278 0.00120721 -0.00469623 -0.00348051 -0.00042777 0.000153293 0.00204888 0.000534096 0.000885765 0.000433866 -0.00222349 0.000418691 -0.0014042 -0.000924263 -0.000328401 0.00175317 0.00127662 0.00319288 -0.00141733 0.00242521 0.00319236 0.00202659 0.00265999 0.00355334 0.00138391 0.000829203 0.000547065 0.00420055
internal_weight=96724 54752 27727 27025 41972 8029 14599 9198 12009 15016 12063 1187 13128 9255 5715 4674 1081 10558 3991 1068 5401 2808 2069 9215 4641 2765 4574 3431 3272 1451
internal_count=96724 54752 27727 27025 41972 8029 14599 9198 12009 15016 12063 1187 13128 9255 5715 4674 1081 10558 3991 1068 5401 2808 2069 9215 4641 2765 4574 3431 3272 1451
is_linear=0
shrinkage=0.05


Tree=32
num_leaves=31
num_cat=0
split_feature=14 14 4 14 4 12 0 6 3 14 11 0 11 0 7 2 12 0 2 13 0 12 11 2 2 1 2 8 4 0
split_gain=199.249 30.4439 8.70747 7.80695 7.88581 5.04831 3.3818 2.854 4.32054 3.38506 2.70495 3.10283 2.57859 3.92544 2.53436 2.52446 2.47548 2.2332 2.08884 2.0273 1.98716 1.69995 1.62856 1.59694 1.51481 1.77731 1.66666 1.48703 1.67668 1.39293
threshold=0.75473980904493376 1.6288899423526615 9.5000000000000018 0.47177057315336812 1.0000000180025095e-35 1.5100280716235479 15.500000000000002 1.0000000180025095e-35 1.0000000180025095e-35 2.8590536614180526 0.88689386011493176 17.500000000000004 0.41251442257211318 17.500000000000004 1.0000000180025095e-35 18.500000000000004 4.1612021925986946 19.500000000000004 23.500000000000004 0.59844757438908902 19.500000000000004 2.9079687597149522 1.162628140788337 10.500000000000002 11.500000000000002 3.5000000000000004 5.5000000000000009 1.0000000180025095e-35 8.5000000000000018 19.500000000000004
decision_type=2 2 2 2 2 2 2 2 2 2 2 2 2 2 2 2 2 2 2 2 2 2 2 2 2 2 2 2 2 2
left_child=3 2 12 -1 6 27 22 8 9 14 -4 18 -2 24 16 -16 17 -7 -12 -8 -10 -15 -5 -11 25 26 -14 29 -29 -3
right_child=1 5 10 4 -6 7 19 -9 20 23 11 -13 13 21 15 -17 -18 -19 -20 -21 -22 -23 -24 -25 -26 -27 -28 28 -30 -31
leaf_value=-0.025805368817127895 -0.0052905164885451344 -0.0026859467587496168 -0.0092257848513489851 -0.0020461552735508539 -0.0090738857940385782 0.005333850683629582 0.012042238891095638 -0.0015759012270888965 0.0013553617902095788 0.021484090693907294 -0.0093707469848879951 0.0022465233395517711 -0.0072136940409639333 0.0045904736226384446 0.014098020385385596 0.0307709571024696 0.020712642365940729 0.011983810370600716 -0.003284146821277176 0.0027308251956321581 0.0084058730664089195 0.016678572895016439 0.0063505405038238871 0.031467567354261594 0.00054563369298328286 -0.0055167888154034053 0.0015344281981637224 0.0017096000175909325 -0.0052455168738618921 0.0078586158890825292
leaf_weight=35058 2526 585 5142 799 6500 6643 58 1544 5188 196 4120 1435 822 2972 522 193 548 2085 3047 109 1419 101 135 185 4014 2410 2394 2071 2201 1709
leaf_count=35058 2526 585 5142 799 6500 6643 58 1544 5188 196 4120 1435 822 2972 522 193 548 2085 3047 109 1419 101 135 185 4014 2410 2394 2071 2201 1709
internal_value=-0.00208884 -7.32369e-05 -0.00117707 -0.00464369 -0.00319103 0.00120192 0.00072207 0.0016242 0.00181135 0.00244794 -0.00208964 -0.00154732 -0.000354027 -6.41088e-05 0.00227154 0.00513986 0.00205045 0.00184578 -0.00197224 0.00727545 0.000812016 0.00149203 -0.00044968 0.00707349 -0.000560167 -0.00108959 -0.000320275 1.06598e-05 -0.000540732 0.00103749
internal_weight=96731 54072 28983 42659 7601 25089 1101 18523 16979 10372 13744 8602 15239 12713 9991 715 9276 8728 7167 167 6607 3073 934 381 9640 5626 3216 6566 4272 2294
internal_count=96731 54072 28983 42659 7601 25089 1101 18523 16979 10372 13744 8602 15239 12713 9991 715 9276 8728 7167 167 6607 3073 934 381 9640 5626 3216 6566 4272 2294
is_linear=0
shrinkage=0.05


Tree=33
num_leaves=31
num_cat=0
split_feature=14 14 14 4 4 12 4 11 0 0 0 7 1 6 1 3 0 13 12 12 0 8 8 11 0 11 0 8 12 14
split_gain=201.073 29.345 7.25665 7.98614 6.4688 6.26839 5.13331 4.38985 3.25798 3.03046 2.72882 2.69237 2.68735 3.40972 3.37649 2.19579 2.06487 2.06341 1.89826 1.87979 3.06808 1.92908 1.87533 1.65577 1.54164 1.50859 1.40534 2.55792 1.3996 1.96465
threshold=0.72009244182909959 1.5448855561719099 0.40455183758037494 1.0000000180025095e-35 1.5000000000000002 1.0201082071805421 3.5000000000000004 2.1396246490835984 15.500000000000002 17.500000000000004 10.500000000000002 1.0000000180025095e-35 3.5000000000000004 1.0000000180025095e-35 5.5000000000000009 1.0000000180025095e-35 13.500000000000002 0.59844757438908902 2.7469130447725001 0.43231017910896119 17.500000000000004 1.0000000180025095e-35 1.0000000180025095e-35 1.0794824288328337 19.500000000000004 3.6627829982867177 14.500000000000002 1.5000000000000002 0.36299386945380935 2.0287922379007273
decision_type=2 2 2 2 2 2 2 2 2 2 2 2 2 2 2 2 2 2 2 2 2 2 2 2 2 2 2 2 2 2
left_child=2 4 -1 8 -2 22 16 10 23 -9 -6 12 13 15 18 -8 -7 -10 -14 -12 -21 -22 28 -4 -16 -26 27 -17 -3 -30
right_child=1 5 3 -5 7 6 11 9 17 -11 19 -13 14 -15 24 26 -18 -19 -20 20 21 -23 -24 -25 25 -27 -28 -29 29 -31
leaf_value=-0.02646911269967683 0.0016498924743865299 -0.016350718662172234 -0.0019832711650359107 -0.008717266859073208 -0.010486315453588583 0.0026442769395938481 0.0090409674766128954 -0.0029361386683368139 0.010914758126631882 0.0087363111976012913 -0.0081170347014021954 0.0097245383235320549 -0.0043057665367887202 -0.0031502614135778743 0.0037229803015933582 -0.015837620606845817 0.013429210190512592 0.0018987147001759408 0.0040853050060683464 -0.005427938428194095 0.015543419378976559 -0.0005707730682830138 -0.0060679848268269639 0.0041288740778382665 0.0096630074688934739 0.026028891056321925 0.0050522932114767669 0.003136891915128265 0.0088396626616906449 -0.0038125928803587972
leaf_weight=33537 4613 136 927 7145 2949 1027 4516 4729 66 653 3457 1113 3253 1975 1535 451 5031 79 644 7218 78 2593 2070 166 445 92 4248 938 769 370
leaf_count=33537 4613 136 927 7145 2949 1027 4516 4729 66 653 3457 1113 3253 1975 1535 451 5031 79 644 7218 78 2593 2070 166 445 92 4248 938 769 370
internal_value=-0.00204409 -5.30948e-05 -0.00465172 -0.00333592 -0.00125904 0.00105494 0.0013242 -0.00162084 0.000371566 -0.000382759 -0.00202976 0.000923997 0.000777199 0.00120465 -9.13063e-05 0.00157441 0.00259326 0.00741379 -0.000958431 -0.00172561 -0.00137476 7.30052e-05 -0.000979074 -0.000562673 0.00153957 0.00384544 0.000916266 -0.000464364 0.000529411 0.00110184
internal_weight=96823 54903 41920 8383 26290 28613 25268 21677 1238 5382 16295 19210 18097 12128 5969 10153 6058 145 3897 13346 9889 2671 3345 1093 2072 537 5637 1389 1275 1139
internal_count=96823 54903 41920 8383 26290 28613 25268 21677 1238 5382 16295 19210 18097 12128 5969 10153 6058 145 3897 13346 9889 2671 3345 1093 2072 537 5637 1389 1275 1139
is_linear=0
shrinkage=0.05


Tree=34
num_leaves=31
num_cat=0
split_feature=14 14 12 14 0 4 4 8 4 12 0 0 12 14 0 8 12 13 2 2 2 14 9 1 6 6 3 0 13 1
split_gain=194.132 23.2837 7.89616 7.52889 6.71337 6.13128 5.65569 5.33472 4.15321 2.61866 2.33472 2.30844 1.80603 1.73721 1.72994 1.71346 1.98869 2.5208 1.71227 1.69746 1.69253 1.89 1.60639 1.53121 1.52635 1.42686 1.72073 1.42136 1.40809 1.3846
threshold=0.7030220205362262 1.3863288808738476 1.127708237104577 0.45677519373947462 13.500000000000002 1.0000000180025095e-35 9.5000000000000018 1.5000000000000002 3.5000000000000004 3.2481109671717454 12.500000000000002 10.500000000000002 2.5031710056371956 2.7609992057429866 20.500000000000004 1.0000000180025095e-35 0.36299386945380935 1.7494754156615933 15.500000000000002 11.500000000000002 18.500000000000004 3.0374753188956065 7.7153743689023901 3.5000000000000004 1.0000000180025095e-35 1.0000000180025095e-35 1.0000000180025095e-35 16.500000000000004 0.92598520035944032 3.5000000000000004
decision_type=2 2 2 2 2 2 2 2 2 2 2 2 2 2 2 2 2 2 2 2 2 2 2 2 2 2 2 2 2 2
left_child=3 6 15 -1 7 -5 11 -4 20 13 -9 18 19 14 29 16 -3 -18 -2 23 21 -6 -14 -13 28 26 -11 -15 -8 -10
right_child=1 2 4 5 8 -7 24 10 9 25 -12 12 22 27 -16 -17 17 -19 -20 -21 -22 -23 -24 -25 -26 -27 -28 -29 -30 -31
leaf_value=-0.023809639627868515 -0.0073568673695211806 -0.012031114049579631 -0.0097075035530278589 0.0010359535290217475 0.0077858497358645586 -0.0078760242343708011 -0.0086007070550869098 -0.00032957911471782192 0.0030762494722631731 0.0123280083648069 0.0098693578376783594 -0.00068007055298066176 0.017189976746747059 0.025614254831075774 0.0076448071410235565 -0.005125616960582737 0.012625592767529632 -0.0020668866058844919 0.00052122973627386567 0.0011678651553534058 0.018570542411555719 0.030576559303138642 0.003047486785104624 -0.0053965468941741231 -0.01479272466520009 -0.0034394284483861811 0.0058870957252073813 0.0037529701899838286 -0.0052303924214271982 -0.00082477338577857792
leaf_weight=34689 2018 341 2202 990 4236 5841 2630 2838 7512 1083 1148 2124 131 206 2071 4420 650 797 559 3102 1125 55 508 2207 1222 255 1284 214 5630 4634
leaf_count=34689 2018 341 2202 990 4236 5841 2630 2838 7512 1083 1148 2124 131 206 2071 4420 650 797 559 3102 1125 55 508 2207 1222 255 1284 214 5630 4634
internal_value=-0.00206789 -0.000125178 0.000652817 -0.00465077 0.00100076 -0.00313351 -0.00148055 -0.000458954 0.00139912 0.00102005 0.000632212 -0.000689737 -0.000273787 0.000759376 0.000665751 -0.000964885 0.000341162 0.00115066 -0.00199263 -0.000493073 0.00260709 0.00215451 0.00227699 -0.00113253 -0.0023687 0.00247521 0.00285805 0.00392857 -0.0021247 0.000438003
internal_weight=96722 55202 35071 41520 28863 6831 20131 6188 22675 17259 3986 10649 8072 14637 14217 6208 1788 1447 2577 7433 5416 4291 639 4331 9482 2622 2367 420 8260 12146
internal_count=96722 55202 35071 41520 28863 6831 20131 6188 22675 17259 3986 10649 8072 14637 14217 6208 1788 1447 2577 7433 5416 4291 639 4331 9482 2622 2367 420 8260 12146
is_linear=0
shrinkage=0.05


Tree=35
num_leaves=31
num_cat=0
split_feature=14 14 14 4 12 4 0 8 0 8 10 0 0 7 14 4 2 14 8 0 14 1 12 0 2 1 2 2 1 1
split_gain=196.115 23.5924 8.11251 6.75004 6.08919 5.68967 3.10189 4.9541 8.6021 4.65473 3.116 2.84751 2.81402 3.01336 2.8666 2.59364 2.50979 2.20407 2.09707 2.0586 1.90597 1.7736 1.72359 1.68842 1.68462 1.63738 2.3011 1.5071 1.5689 1.87081
threshold=0.7030220205362262 1.4887791821174821 0.40455183758037494 1.0000000180025095e-35 2.1666505857418072 9.5000000000000018 14.500000000000002 1.0000000180025095e-35 16.500000000000004 1.5000000000000002 8.1014030824208962 12.500000000000002 19.500000000000004 1.0000000180025095e-35 2.194209813763786 9.5000000000000018 10.500000000000002 1.6952142143795002 2.5000000000000004 15.500000000000002 1.1510957525484971 3.5000000000000004 1.0776131046609396 10.500000000000002 4.5000000000000009 3.5000000000000004 5.5000000000000009 21.500000000000004 3.5000000000000004 5.5000000000000009
decision_type=2 2 2 2 2 2 2 2 2 2 2 2 2 2 2 2 2 2 2 2 2 2 2 2 2 2 2 2 2 2
left_child=2 5 -1 19 15 16 9 17 10 -6 18 -11 13 -10 -14 21 23 -8 -9 22 -7 -3 -4 -2 -19 26 -25 28 -26 -30
right_child=1 4 3 -5 6 20 7 8 12 11 -12 -13 14 -15 -16 -17 -18 24 -20 -21 -22 -23 -24 25 27 -27 -28 -29 29 -31
leaf_value=-0.023976661399039159 -0.007808025013146324 0.0056893796548426814 -0.0021327971895583535 -0.0082090708603661106 -0.0096518263184433521 -0.0080572132045885671 0.016395512639575387 0.03668590563442637 -0.0021068943782721833 0.00063172934393782942 0.03318074528171968 0.012055485119253228 0.018069549588041939 0.013392898526808528 -0.0011512028005399675 -0.0017596859114209511 0.00048251240047132086 0.0027285196690758 0.010580492884848108 0.0065251964446373214 -0.0052600084987187486 -0.00077732241027166744 0.0037536334399671857 -0.0065994009137069088 0.020255649996210979 -0.0054131609090760291 0.0023240433956403838 0.0067286050838759881 0.00074210682786033072 0.017576165505117185
leaf_weight=33657 1488 5629 817 6826 1163 5120 164 181 3566 1782 67 1246 709 432 539 7813 6038 760 254 123 6378 3250 259 772 1347 2149 2344 1200 396 450
leaf_count=33657 1488 5629 817 6826 1163 5120 164 181 3566 1782 67 1246 709 432 539 7813 6038 760 254 123 6378 3250 259 772 1347 2149 2344 1200 396 450
internal_value=-0.00204496 -9.11539e-05 -0.00463414 -0.00320561 0.000824285 -0.00125757 0.00158319 0.00205911 0.00109777 0.000440228 0.0073506 0.00147292 0.000499427 -0.000147575 0.00257211 0.000176131 -0.000532016 0.00333912 0.0058046 0.000254377 -0.00206471 0.000760783 -0.000446098 -0.00119429 0.00311461 -0.00077398 -4.17213e-05 0.00359122 0.00437072 0.00268321
internal_weight=96919 55237 41682 8025 30948 24289 14256 10065 5748 4191 502 3028 5246 3998 1248 16692 12791 4317 435 1199 11498 8879 1076 6753 4153 5265 3116 3393 2193 846
internal_count=96919 55237 41682 8025 30948 24289 14256 10065 5748 4191 502 3028 5246 3998 1248 16692 12791 4317 435 1199 11498 8879 1076 6753 4153 5265 3116 3393 2193 846
is_linear=0
shrinkage=0.05


Tree=36
num_leaves=31
num_cat=0
split_feature=14 14 14 4 4 4 12 14 0 12 0 6 14 0 12 0 8 2 12 4 12 2 0 12 14 12 12 11 8 8
split_gain=192.812 22.4895 8.88406 7.60499 6.04865 3.73887 3.3556 3.35297 3.26848 3.33179 3.62783 2.18254 2.14123 1.62139 1.61883 1.74031 2.74282 1.58711 1.56715 1.56553 1.47557 1.45469 1.43566 1.43477 1.42052 1.34783 1.33559 1.32414 1.3198 2.45485
threshold=0.7030220205362262 1.7343742541738503 0.40455183758037494 9.5000000000000018 1.0000000180025095e-35 1.0000000180025095e-35 0.98315794437631931 1.2236211263607217 11.500000000000002 1.2094716214639416 19.500000000000004 1.0000000180025095e-35 2.2538453153242952 20.500000000000004 0.47513863528590267 14.500000000000002 1.5000000000000002 18.500000000000004 2.5278353214516947 3.5000000000000004 1.5100280716235479 4.5000000000000009 15.500000000000002 2.8755997661057462 1.924314182998786 3.132656804889534 3.3051653086412491 0.15611232472912856 1.5000000000000002 3.5000000000000004
decision_type=2 2 2 2 2 2 2 2 2 2 2 2 2 2 2 2 2 2 2 2 2 2 2 2 2 2 2 2 2 2
left_child=2 3 -1 8 22 23 -7 -5 -2 -10 17 14 13 20 -9 16 -16 28 -17 -12 -8 -18 -4 -3 -25 -26 -27 -24 -11 -30
right_child=1 5 4 7 -6 6 12 11 9 10 19 -13 -14 -15 15 18 21 -19 -20 -21 -22 -23 27 24 25 26 -28 -29 29 -31
leaf_value=-0.02278783412344559 -0.0044594001315441233 0.011314564715429423 -0.00061609056323272838 -0.0074885573800613746 -0.0077699791087755673 -0.0045350306274912159 -0.0036995359960050448 -0.0098129417986146834 -0.0016540429467808114 -0.00084063510337138193 0.018666682535459295 -0.010637735381042859 0.0068735337745115246 0.0076550376415413166 -0.0081661362977473607 -0.0010026110010990068 -0.0055666304157409689 0.011201921464947527 0.0060533953291099542 0.0048853312618139036 0.0023966254946541825 0.0067306913581066212 0.0022975596336167374 -0.0045470035304254188 0.042091364462883543 -0.013862448392387103 0.020811808744485061 0.0099220009741721078 0.0090269545527355485 -0.0033858693099236507
leaf_weight=33539 4257 2060 1071 6430 6906 1368 1283 674 6339 4285 256 1399 5600 1668 2078 3859 542 632 557 287 8386 732 87 106 133 58 338 48 1187 658
leaf_count=33539 4257 2060 1071 6430 6906 1368 1283 674 6339 4285 256 1399 5600 1668 2078 3859 542 632 557 287 8386 732 87 106 133 58 338 48 1187 658
internal_value=-0.00204306 -0.000104402 -0.00461105 -0.000895764 -0.00312623 0.00118333 0.000927341 -0.00167814 -0.000184628 0.000192758 0.000920601 -0.00109796 0.00111974 0.000724617 -0.000794837 -0.000590887 -0.00144988 0.000604849 6.11401e-05 0.00485267 0.000476263 0.000376765 0.000140961 0.00292208 0.005 0.0060586 0.00459596 0.005 0.00035889 0.00147696
internal_weight=96823 55172 41651 34172 8112 21000 18305 16271 17901 13644 7305 9841 16937 11337 8442 7768 3352 6762 4416 543 9669 1274 1206 2695 635 529 396 135 6130 1845
internal_count=96823 55172 41651 34172 8112 21000 18305 16271 17901 13644 7305 9841 16937 11337 8442 7768 3352 6762 4416 543 9669 1274 1206 2695 635 529 396 135 6130 1845
is_linear=0
shrinkage=0.05


Tree=37
num_leaves=31
num_cat=0
split_feature=14 14 14 4 4 2 12 2 12 0 11 2 13 1 0 11 0 0 12 2 1 6 7 1 10 0 0 14 9 14
split_gain=188.221 17.5478 10.6014 7.87017 7.41958 2.98207 2.81086 2.44171 2.30549 2.30211 2.9266 2.81433 1.90815 1.85286 1.66614 1.54795 1.90926 1.53895 1.45835 1.4253 1.40508 1.84917 1.80052 1.38866 1.38225 1.36316 2.17789 1.57651 1.3539 1.24824
threshold=0.72009244182909959 1.6196293705256368 0.36853772872751567 1.0000000180025095e-35 9.5000000000000018 4.5000000000000009 2.9483121465240987 23.500000000000004 0.36299386945380935 11.500000000000002 2.065805809405481 19.500000000000004 1.4927723905671002 5.5000000000000009 22.500000000000004 0.41251442257211318 19.500000000000004 22.500000000000004 0.13734462831246702 14.500000000000002 3.5000000000000004 1.0000000180025095e-35 1.0000000180025095e-35 3.5000000000000004 8.3539509340366518 19.500000000000004 17.500000000000004 2.8590536614180526 8.7087422738129803 1.1399544637471482
decision_type=2 2 2 2 2 2 2 2 2 2 2 2 2 2 2 2 2 2 2 2 2 2 2 2 2 2 2 2 2 2
left_child=2 4 -1 14 9 12 13 29 -9 19 15 -12 -3 17 -4 -11 -17 20 -16 -2 21 22 25 -14 28 26 27 -7 -8 -6
right_child=1 5 3 -5 7 6 24 8 -10 10 11 -13 23 -15 18 16 -18 -19 -20 -21 -22 -23 -24 -25 -26 -27 -28 -29 -30 -31
leaf_value=-0.022499437350097948 -0.005116267514329381 -0.0070753756699986044 -8.3618398436296825e-05 -0.0074685955309944548 -0.0097295360508656906 0.0043719729193590863 0.0064408065117104937 -0.0085028525981190994 -0.0015483794689027152 -0.004295618672632953 0.0042758117777488914 0.03543030513440467 0.0029478985018738645 0.0081956725619216995 -0.00044145964446007938 -0.0015216223198450175 0.00398929990684315 -0.014641596484631692 0.0074222760229610751 0.0011723366524366077 -0.0013847812453998583 -0.0028440324373255089 0.025718561769844724 -0.003474337803315321 -0.0062384174048338778 0.0082668344482073244 -0.0036786874327109499 0.030851067162156822 0.01254651042960909 -0.006216701029490776
leaf_weight=32763 2862 742 1244 7728 2720 4328 3651 1041 5022 2095 2661 61 1908 2396 45 4890 1851 202 65 1050 2739 1668 258 1852 176 3403 1451 70 772 5095
leaf_count=32763 2862 742 1244 7728 2720 4328 3651 1041 5022 2095 2661 61 1908 2396 45 4890 1851 202 65 1050 2739 1668 258 1852 176 3403 1451 70 772 5095
internal_value=-0.00203592 -0.000112256 -0.00456267 -0.00305109 -0.000946914 0.000844003 0.00109311 -0.00178628 -0.00103332 -0.000193925 0.000160926 0.00159441 -0.000324302 0.000788676 0.000465287 -0.000280671 8.82646e-05 0.000570507 0.00636364 -0.00124233 0.000633397 0.000882089 0.00115142 0.000132978 0.00218634 0.00103653 0.000573601 0.00112778 0.00235926 -0.00237044
internal_weight=96809 54964 41845 9082 29348 25616 21114 13878 6063 15470 11558 2722 4502 16515 1354 8836 6741 14119 110 3912 13917 11178 9510 3760 4599 9252 5849 4398 4423 7815
internal_count=96809 54964 41845 9082 29348 25616 21114 13878 6063 15470 11558 2722 4502 16515 1354 8836 6741 14119 110 3912 13917 11178 9510 3760 4599 9252 5849 4398 4423 7815
is_linear=0
shrinkage=0.05


Tree=38
num_leaves=31
num_cat=0
split_feature=14 14 14 4 12 4 4 8 0 8 0 0 12 0 12 6 7 12 0 12 1 1 6 0 12 3 0 14 8 1
split_gain=188.142 19.0365 10.3132 6.95405 6.63486 4.43887 4.1679 2.60193 2.31614 2.76708 2.20704 2.13004 2.56619 2.39586 2.25588 1.99177 1.78317 1.75972 1.69626 1.8754 1.67953 2.15848 1.87534 1.61202 1.55978 1.55025 1.51473 2.36116 1.88189 1.64384
threshold=0.7030220205362262 1.4419369525273356 0.36853772872751567 1.0000000180025095e-35 1.0201082071805421 9.5000000000000018 3.5000000000000004 1.0000000180025095e-35 13.500000000000002 1.5000000000000002 15.500000000000002 12.500000000000002 0.39007067860011652 17.500000000000004 0.6646058647154115 1.0000000180025095e-35 1.0000000180025095e-35 0.39007067860011652 12.500000000000002 1.8423115137213653 3.5000000000000004 5.5000000000000009 1.0000000180025095e-35 8.5000000000000018 0.86731382346897345 1.0000000180025095e-35 14.500000000000002 0.99722161406906573 1.0000000180025095e-35 3.5000000000000004
decision_type=2 2 2 2 2 2 2 2 2 2 2 2 2 2 2 2 2 2 2 2 2 2 2 2 2 2 2 2 2 2
left_child=2 5 -1 10 7 11 -6 17 9 -8 24 -2 -13 26 -15 18 20 -3 -7 -20 22 -22 25 -11 -4 -10 27 -14 -28 -29
right_child=1 4 3 -5 6 15 8 -9 16 23 -12 12 13 14 -16 -17 -18 -19 19 -21 21 -23 -24 -25 -26 -27 28 29 -30 -31
leaf_value=-0.021388563613942854 -0.0040539130517058325 -0.0086530987399628424 -0.0024585007583148577 -0.0072807195831819833 0.0085424364618912861 -0.007442440412209911 -0.0091492492581832629 -0.0065769945994513307 0.0086035475739284269 -0.013225783916758252 0.0060781488887988342 -0.0045602080183808711 0.015215158906934943 0.00054238295254645577 0.011578446964211224 -0.013481398520334843 0.012364873249904464 0.0056944090165740929 -0.0043984639044409241 0.0023178550643795808 -0.0015670673804139214 0.0050733118865986734 -0.0013980962128417437 0.0032082141781103312 0.0021116761060202714 0.0030428755901338918 0.011023698715837109 0.0070729079511610967 -0.003849978925937159 -0.0025468889608190348
leaf_weight=32904 4890 285 713 7443 6718 3759 1372 3060 3919 194 130 1770 60 730 789 1374 869 1147 4388 1066 4057 1811 1737 2651 434 4921 147 634 2136 743
leaf_count=32904 4890 285 713 7443 6718 3759 1372 3060 3919 194 130 1770 60 730 789 1374 869 1147 4388 1066 4057 1811 1737 2651 434 4921 147 634 2136 743
internal_value=-0.00203514 -0.000121952 -0.00457356 -0.00304473 0.000647352 -0.00124211 0.000931182 -0.00113758 0.000591936 -0.000458858 0.000364133 -0.000579462 -2.06889e-05 0.000535406 0.00220869 -0.00198687 0.000847868 0.000621507 -0.00172202 -0.00115878 0.000731224 5.28277e-05 0.00110759 0.000430579 -0.000335659 0.00140271 -0.000147851 0.00112387 -0.000948315 0.000700798
internal_weight=96851 55227 41624 8720 32741 22486 28249 4492 21531 4217 1277 11899 7009 5239 1519 10587 17314 1432 9213 5454 16445 5868 10577 2845 1147 8840 3720 1437 2283 1377
internal_count=96851 55227 41624 8720 32741 22486 28249 4492 21531 4217 1277 11899 7009 5239 1519 10587 17314 1432 9213 5454 16445 5868 10577 2845 1147 8840 3720 1437 2283 1377
is_linear=0
shrinkage=0.05


Tree=39
num_leaves=31
num_cat=0
split_feature=14 14 14 4 4 14 12 6 3 6 11 0 9 1 1 2 6 2 9 0 12 0 13 12 12 0 12 12 12 4
split_gain=180.372 16.4317 10.7519 7.54749 4.48069 3.63501 2.85761 2.3291 2.69258 1.94148 1.94813 1.97614 1.92481 1.89944 2.47044 1.80097 2.02897 1.76842 1.71873 1.68788 1.25844 1.18384 1.75794 1.21857 1.1694 2.15993 1.23491 1.16926 1.16157 1.13943
threshold=0.7030220205362262 1.5174173116226817 0.35208839802829789 1.0000000180025095e-35 7.5000000000000009 1.8891820173047686 2.4306248239214576 1.0000000180025095e-35 1.0000000180025095e-35 1.0000000180025095e-35 0.72883507490400479 18.500000000000004 7.8156651439797651 5.5000000000000009 3.5000000000000004 5.5000000000000009 1.0000000180025095e-35 14.500000000000002 7.8371387042249507 17.500000000000004 3.7319206342178548 22.500000000000004 0.59844757438908902 1.2416670953716158 0.3197795857231292 17.500000000000004 2.5788027413837171 3.084457104000434 1.127708237104577 9.5000000000000018
decision_type=2 2 2 2 2 2 2 2 2 2 2 2 2 2 2 2 2 2 2 2 2 2 2 2 2 2 2 2 2 2
left_child=2 4 -1 21 6 9 17 8 -6 10 -3 -12 -7 14 -13 -14 20 -2 19 -8 -17 23 -23 -4 -10 -26 -27 -16 -15 -5
right_child=1 5 3 29 7 12 18 -9 24 -11 11 13 15 28 27 16 -18 -19 -20 -21 -22 22 -24 -25 25 26 -28 -29 -30 -31
leaf_value=-0.020705856945395423 -0.0029440871817034823 -0.0038699121544458689 -0.00069891966391373323 -0.0051600405353675327 -0.00069248254814184107 0.00036073434011901068 0.0078221167389488349 -0.012627065458528998 -0.0085953799287657486 -0.0058416465254166267 -0.0001984470236223991 0.0082033798969041432 0.00082769337662462429 0.0001144554030824186 -0.0030511696888473007 0.0072487715292744786 -0.0011390573416703573 0.00073754117060288781 0.0023648572784921874 0.033079873866412743 0.012689879301502192 0.010303480517774466 -0.00088496788340213005 0.0052952167265115256 -0.0061036760980926258 -0.001378166442829106 0.0092470416529502435 0.018860105576966494 0.017954103621478684 -0.0085450238081522887
leaf_weight=32248 6406 1798 1126 3428 3552 3554 283 1582 1585 1022 7443 1657 2537 142 1529 7086 1207 3534 907 41 1194 40 52 145 5906 1466 102 56 388 4368
leaf_count=32248 6406 1798 1126 3428 3552 3554 283 1582 1585 1022 7443 1657 2537 142 1529 7086 1207 3534 907 41 1194 40 52 145 5906 1466 102 56 388 4368
internal_value=-0.00205968 -0.000182532 -0.00455201 -0.00304018 -0.00111654 0.000617464 -0.000367471 -0.00170612 -0.00147927 3.38428e-05 0.000198646 0.000443601 0.00114328 0.00137593 0.000922269 0.00144544 0.00176188 -0.000648895 0.00190495 0.00503086 0.00204106 0.000392515 0.00586956 -3.9351e-06 -0.00193675 -0.00167514 -2.55114e-05 -0.00048896 0.00415094 -0.00364033
internal_weight=96384 54977 41407 9159 25364 29613 11171 14193 12611 14035 13013 11215 15578 3772 3242 12024 9487 9940 1231 324 8280 1363 92 1271 9059 7474 1568 1585 530 7796
internal_count=96384 54977 41407 9159 25364 29613 11171 14193 12611 14035 13013 11215 15578 3772 3242 12024 9487 9940 1231 324 8280 1363 92 1271 9059 7474 1568 1585 530 7796
is_linear=0
shrinkage=0.05


Tree=40
num_leaves=31
num_cat=0
split_feature=14 14 14 4 4 0 12 4 11 0 8 12 4 6 3 6 6 0 12 12 8 13 10 14 0 12 9 12 14 8
split_gain=179.19 18.9463 7.68981 4.81611 4.70689 4.00732 3.61871 3.61371 3.40461 2.07294 3.66915 1.76379 1.64071 1.81121 2.47667 1.6136 1.38905 1.25215 1.56163 1.18479 1.52066 1.8374 1.15171 1.18238 1.90536 1.22103 1.17276 1.41789 1.30715 2.00486
threshold=0.59995196162031739 1.5174173116226817 0.35208839802829789 1.0000000180025095e-35 1.5000000000000002 10.500000000000002 1.0201082071805421 3.5000000000000004 2.065805809405481 13.500000000000002 1.5000000000000002 0.21840486120628935 5.5000000000000009 1.0000000180025095e-35 1.0000000180025095e-35 1.0000000180025095e-35 1.0000000180025095e-35 17.500000000000004 2.5525349097281964 0.37712232498372095 1.0000000180025095e-35 1.7364893904591325 6.3682407829821726 2.5697686166586133 19.500000000000004 2.1454331528412554 8.061039607437765 2.688176041406114 2.2746248560556226 1.0000000180025095e-35
decision_type=2 2 2 2 2 2 2 2 2 2 2 2 2 2 2 2 2 2 2 2 2 2 2 2 2 2 2 2 2 2
left_child=2 4 -1 -4 -2 -6 19 22 11 10 -9 -7 -11 14 -14 17 -13 -10 -19 -3 21 -21 -8 24 -24 -25 27 -26 29 -28
right_child=1 6 3 -5 5 8 7 9 15 12 -12 16 13 -15 -16 -17 -18 18 -20 20 -22 -23 23 25 26 -27 28 -29 -30 -31
leaf_value=-0.019709866777884902 0.00060166650802595089 -0.012208609588787007 0.00013199159984242308 -0.0068941536747804972 -0.0068073490375528956 -0.0076376135240480789 0.0114794661092449 -0.013492017679471925 0.00010854417493277344 -0.0027010224601072309 0.0012742966642559986 -0.0030297998027467594 0.0070593069264047155 -0.0020347777183528392 0.0018207992363419535 -0.010614429286686496 -0.011172314839335545 0.0039429791174941135 0.012964563731344608 0.011682380704317508 -0.0047658052702281043 -0.0032606356770192215 0.0052819468472894556 -0.0074432241460472923 0.00069003334904389638 0.019255278502003009 0.035234664543826399 0.021785165310678607 0.0012486326214638359 0.012996764993400878
leaf_weight=32441 4847 251 967 5473 5725 1386 114 966 3234 1546 2588 11339 5467 1711 7608 389 786 400 173 450 2182 647 4193 85 460 447 154 59 176 556
leaf_count=32441 4847 251 967 5473 5725 1386 114 966 3234 1546 2588 11339 5467 1711 7608 389 786 400 173 450 2182 647 4193 85 460 447 154 59 176 556
internal_value=-0.0020347 -0.000272615 -0.0046605 -0.0030823 -0.00119859 -0.00149198 0.000610248 0.00081324 -0.00112018 0.000483756 -0.000610581 -0.00150655 0.000721894 0.000883943 0.00108413 0.000123926 -0.0013134 0.000437351 0.00259162 -0.000892352 -0.000638915 0.000879671 0.00186259 0.00176998 0.00155591 0.00402256 0.00314947 0.00126204 0.00425508 0.00521127
internal_weight=96820 57939 38881 6440 28279 23432 29660 26130 17707 19886 3554 13511 16332 14786 13075 4196 12125 3807 573 3530 3279 1097 6244 6130 5598 532 1405 519 886 710
internal_count=96820 57939 38881 6440 28279 23432 29660 26130 17707 19886 3554 13511 16332 14786 13075 4196 12125 3807 573 3530 3279 1097 6244 6130 5598 532 1405 519 886 710
is_linear=0
shrinkage=0.05


Tree=41
num_leaves=31
num_cat=0
split_feature=14 14 14 4 4 8 0 12 14 6 11 1 1 14 12 14 0 0 8 8 0 0 14 12 14 14 12 3 9 1
split_gain=180.739 16.6576 11.8744 5.02206 4.79146 2.63936 8.67163 4.11411 2.76562 2.53364 3.22252 2.4434 2.47776 2.08344 2.41047 2.19493 1.86114 1.79442 6.02583 2.7588 2.0355 1.84641 1.76039 1.65749 1.58908 1.58786 1.5604 1.54009 1.65738 1.56039
threshold=0.68593867737839054 1.5736253221588223 0.33806301758129265 9.5000000000000018 1.0000000180025095e-35 1.0000000180025095e-35 15.500000000000002 1.0011105265823765 2.8590536614180526 1.0000000180025095e-35 1.8389232171010292 3.5000000000000004 5.5000000000000009 2.0439602148248484 0.41821408167091356 1.6483436658293988 14.500000000000002 16.500000000000004 1.5000000000000002 2.5000000000000004 19.500000000000004 8.5000000000000018 1.8197179827656431 1.5423343093898365 1.254898667010069 1.7451389203567496 2.4306248239214576 1.0000000180025095e-35 7.0608597345663666 3.5000000000000004
decision_type=2 2 2 2 2 2 2 2 2 2 2 2 2 2 2 2 2 2 2 2 2 2 2 2 2 2 2 2 2 2
left_child=2 3 -1 26 -4 6 -3 -7 17 10 24 13 22 14 -8 -16 -12 18 -9 -20 -19 -21 -13 -22 -5 -25 -2 28 -23 -29
right_child=1 5 4 9 -6 7 11 8 -10 -11 16 12 -14 -15 15 -17 -18 20 19 21 23 27 -24 25 -26 -27 -28 29 -30 -31
leaf_value=-0.019027545578845013 -0.0014605013619201611 -0.007307965230346998 -0.00018236084756791078 -0.0060785516177558757 -0.0064159743612789257 -0.0066708493173469044 -0.011039645884149353 -0.013691808208407867 0.018244839920921421 -0.010727708720410284 -0.0025273807754149901 0.004321868801120763 0.012315717852090116 0.0068654843406150759 0.025139117367745257 0.012312316137234214 0.0037497311901407491 -0.0021654372326320756 0.019557203678437197 -0.015463688854787308 -0.00074386645918605478 0.021004435729534039 -0.0039644199823438966 0.013192333153718866 -0.0040054176531806119 0.0047658325909481526 0.0030182473979385367 0.0030976704834069788 0.0066297103150489119 -0.0056156750484470629
leaf_weight=31956 12994 1464 1351 4990 7816 1788 98 739 467 1806 2035 739 1131 3274 76 1085 947 5113 651 143 1706 86 1182 303 3573 2324 1768 1192 3201 606
leaf_count=31956 12994 1464 1351 4990 7816 1788 98 739 467 1806 2035 739 1131 3274 76 1085 947 5113 651 143 1706 86 1182 303 3573 2324 1768 1192 3201 606
internal_value=-0.00201255 -0.000150593 -0.0045246 -0.00100541 -0.00293826 0.000727491 0.00142612 0.000382389 0.000628817 -0.00170811 -0.00143569 0.00210613 0.00101245 0.00284249 0.00457109 0.00520672 -2.01219e-05 0.00051855 0.00114989 0.00168481 7.62215e-05 0.0013026 -8.06883e-05 0.000873528 -0.00192865 0.00166159 -0.00036987 0.00146018 0.00210374 0.000283647
internal_weight=96604 55481 41123 28113 9167 27368 9049 18319 16531 13351 11545 7585 3052 4533 1259 1161 2982 16064 6618 5879 9446 5228 1921 4333 8563 2627 14762 5085 3287 1798
internal_count=96604 55481 41123 28113 9167 27368 9049 18319 16531 13351 11545 7585 3052 4533 1259 1161 2982 16064 6618 5879 9446 5228 1921 4333 8563 2627 14762 5085 3287 1798
is_linear=0
shrinkage=0.05


Tree=42
num_leaves=31
num_cat=0
split_feature=14 14 14 4 11 4 6 3 6 0 7 8 0 14 2 8 8 0 0 11 1 14 0 8 1 14 14 8 0 10
split_gain=178.127 19.3902 6.84841 5.29531 4.47423 4.03011 3.51416 3.56029 3.12431 2.33829 2.03796 2.22274 6.55754 2.16207 1.79005 1.76292 6.33368 3.39386 2.40699 1.74074 1.72758 3.02167 1.71343 1.92131 1.65782 1.87571 1.61689 1.58748 1.45547 1.26412
threshold=0.57495924942895926 1.4046003497233397 0.33806301758129265 3.5000000000000004 0.71395200432043016 1.0000000180025095e-35 1.0000000180025095e-35 1.0000000180025095e-35 1.0000000180025095e-35 10.500000000000002 1.0000000180025095e-35 1.0000000180025095e-35 16.500000000000004 3.0374753188956065 25.500000000000004 1.5000000000000002 2.5000000000000004 19.500000000000004 16.500000000000004 1.5390298218923189 3.5000000000000004 2.2538453153242952 14.500000000000002 1.5000000000000002 5.5000000000000009 1.9004715023551899 1.7048336813644955 1.0000000180025095e-35 14.500000000000002 6.5216906299781039
decision_type=2 2 2 2 2 2 2 2 2 2 2 2 2 2 2 2 2 2 2 2 2 2 2 2 2 2 2 2 2 2
left_child=2 3 -1 -2 -3 -4 7 10 9 -5 11 12 -6 15 -12 17 28 -13 -18 29 21 26 23 -9 25 -22 -14 -24 -17 -11
right_child=1 4 5 8 6 -7 -8 22 -10 19 14 13 20 -15 -16 16 18 -19 -20 -21 24 -23 27 -25 -26 -27 -28 -29 -30 -31
leaf_value=-0.018089229552839481 -8.0376033816672774e-05 -0.0039127973323674521 -0.00021375782837575178 -0.0058062399874309091 -0.0020410857136677939 -0.0068569210017963168 -0.0037005001217751961 -0.01027067102150532 -0.011196215339962633 0.0026604552775514813 0.009197989765429045 -0.00491890569373514 0.033104058558659548 0.022326308945661805 0.032540698824302598 0.014218561638724645 0.0060347311022769645 0.0053656187713518617 -0.00075877487750685378 -0.00064770665401052007 0.010417842860736347 0.0089662904516690529 0.0047569097613810122 7.4221936265625433e-05 0.016377967520191213 -0.0037962688402231673 0.021560909341314577 -3.5074548923549495e-05 0.032836493650963923 -0.0040321731973244094
leaf_weight=32099 5802 3593 915 4874 1945 5224 2530 1044 1520 287 829 2532 42 121 88 323 3203 2124 2955 4119 535 1048 2534 1816 605 573 663 4823 276 7775
leaf_count=32099 5802 3593 915 4874 1945 5224 2530 1044 1520 287 829 2532 42 121 88 323 3203 2124 2955 4119 535 1048 2534 1816 605 573 663 4823 276 7775
internal_value=-0.0020186 -0.000285854 -0.0046731 -0.00136338 0.000482134 -0.00314302 0.000678067 0.000838882 -0.00177524 -0.00158165 0.00126469 0.00114045 0.00197653 0.000748221 0.00356052 0.000677735 0.00119358 -7.08775e-05 0.00071614 -0.00121131 0.00328044 0.00438391 9.44492e-05 -0.000944057 0.0021512 0.0010018 0.00691489 0.000498164 0.00610184 -0.00163855
internal_weight=96817 58579 38238 24377 34202 6139 30609 28079 18575 17055 17862 16945 5411 11534 917 11413 6757 4656 6158 12181 3466 1753 10217 2860 1713 1108 705 7357 599 8062
internal_count=96817 58579 38238 24377 34202 6139 30609 28079 18575 17055 17862 16945 5411 11534 917 11413 6757 4656 6158 12181 3466 1753 10217 2860 1713 1108 705 7357 599 8062
is_linear=0
shrinkage=0.05


Tree=43
num_leaves=31
num_cat=0
split_feature=14 14 4 14 4 12 13 6 2 4 8 11 1 1 6 12 12 13 14 2 11 14 2 12 12 12 13 10 14 2
split_gain=176.481 15.1235 6.637 5.75083 3.75054 3.33204 2.87869 2.42142 2.15347 1.85762 1.6664 1.63747 1.5347 2.95922 2.12523 1.42719 1.38201 1.67084 1.59665 1.36252 1.29549 1.39325 1.25977 1.25081 1.22905 1.15593 1.03063 1.0048 0.996888 0.979619
threshold=0.53854056593088895 1.5825564943545232 9.5000000000000018 0.31107002481476337 1.0000000180025095e-35 1.0201082071805421 0.92598520035944032 1.0000000180025095e-35 14.500000000000002 1.0000000180025095e-35 1.0000000180025095e-35 2.065805809405481 3.5000000000000004 5.5000000000000009 1.0000000180025095e-35 0.3197795857231292 0.41821408167091356 1.7494754156615933 1.6483436658293988 24.500000000000004 6.5797783177436804 2.6779668097023817 5.5000000000000009 0.96260034456839605 2.5788027413837171 2.5525349097281964 1.5142473074030183 6.5216906299781039 2.0439602148248484 8.5000000000000018
decision_type=2 2 2 2 2 2 2 2 2 2 2 2 2 2 2 2 2 2 2 2 2 2 2 2 2 2 2 2 2 2
left_child=3 2 8 -1 23 10 -4 15 11 26 16 22 14 25 20 27 -3 18 -18 -17 -11 -22 -2 -5 -10 -14 -7 -8 29 -20
right_child=1 5 6 4 -6 9 7 -9 24 12 -12 -13 13 -15 -16 19 17 -19 28 -21 21 -23 -24 -25 -26 -27 -28 -29 -30 -31
leaf_value=-0.01803677134998203 -0.0071375500292983896 -0.009171867163716858 -0.0060402756014927041 -0.0013109094675577745 -0.0069285101615696593 -0.0019492311149790717 0.0077548229713437335 -0.009319542719555542 0.00067720228429583884 0.0039640880719512507 -0.0067730641705439996 0.00094780234905560601 -0.0041384792661852887 0.0035565800699755737 -0.0022859274434130455 -0.0038220806760949294 0.0265407465113075 -0.0014719167680497711 -7.1926684910160815e-05 -3.4495158977543838e-05 0.011514549061585911 0.024661672903529143 -0.0018319043151564262 0.0053972436168485231 0.011640628947520481 0.0013851585183888894 0.011325200121945558 -0.0085057164188837645 -0.009608762456947046 0.015697730266865859
leaf_weight=31166 1058 203 5032 752 4808 464 40 1517 4643 11336 1763 3355 2957 3443 1989 4527 49 575 98 3363 239 58 7898 99 338 979 2603 967 58 152
leaf_count=31166 1058 203 5032 752 4808 464 40 1517 4643 11336 1763 3355 2957 3443 1989 4527 49 575 98 3363 239 58 7898 99 338 979 2603 967 58 152
internal_value=-0.00198588 -0.000306848 -0.00102908 -0.00470808 -0.00324174 0.000569976 -0.00178234 -0.00130786 -0.000356235 0.000762837 -0.00103175 -0.000711154 0.00059497 1.42284e-05 0.000909557 -0.000993033 0.000462554 0.00127682 0.00396358 -0.000766795 0.0011678 0.00442761 -0.00106409 -0.00018214 0.000520979 -0.000922257 0.00191229 -0.00276564 0.00262987 0.004
internal_weight=96529 59704 32738 36825 5659 26966 15446 10414 17292 24068 2898 12311 21001 7379 13622 8897 1135 932 357 7890 11633 297 8956 851 4981 3936 3067 1007 308 250
internal_count=96529 59704 32738 36825 5659 26966 15446 10414 17292 24068 2898 12311 21001 7379 13622 8897 1135 932 357 7890 11633 297 8956 851 4981 3936 3067 1007 308 250
is_linear=0
shrinkage=0.05


Tree=44
num_leaves=31
num_cat=0
split_feature=14 14 14 8 0 12 4 4 8 8 0 0 0 14 6 12 3 12 12 14 14 9 1 2 13 14 1 2 12 0
split_gain=175.323 13.1381 7.62761 4.60846 8.52826 4.24344 3.96497 3.95635 3.2919 6.46272 6.43875 3.45825 4.07725 3.26691 2.27522 2.15968 2.11496 2.10648 1.92678 1.83879 1.81091 1.79657 1.7366 1.66205 1.84793 1.65339 1.98325 1.57213 1.5094 2.50213
threshold=0.57495924942895926 1.303461280669326 0.32424495138584525 1.0000000180025095e-35 15.500000000000002 0.36299386945380935 3.5000000000000004 1.0000000180025095e-35 1.5000000000000002 2.5000000000000004 19.500000000000004 16.500000000000004 13.500000000000002 1.3768368967954074 1.0000000180025095e-35 1.3195402670430956 1.0000000180025095e-35 2.6581073991100173 2.0652008422460999 1.4987510280621184 1.7979313060407407 9.0590679506132847 3.5000000000000004 6.5000000000000009 1.5142473074030183 1.9627218027417925 3.5000000000000004 4.5000000000000009 0.90547479096102712 14.500000000000002
decision_type=2 2 2 2 2 2 2 2 2 2 2 2 2 2 2 2 2 2 2 2 2 2 2 2 2 2 2 2 2 2
left_child=2 6 -1 4 19 -6 -2 -4 10 28 17 12 -11 -14 16 -13 -8 -5 25 -3 22 -20 23 -7 -25 26 -15 -22 -10 -30
right_child=1 3 7 8 5 20 14 -9 9 11 -12 15 13 18 -16 -17 -18 -19 21 -21 27 -23 -24 24 -26 -27 -28 -29 29 -31
leaf_value=-0.016684542576313754 -3.1970171192176294e-05 0.0015724226229414243 -0.00030453990360513309 -0.0078677420206889441 -0.0084616229875046391 0.00044068680803415979 -0.0020017190019727157 -0.0063504498062727545 -0.0010856087466070245 -0.00044813775079735325 0.0025279789874987401 -0.0063098777576913213 0.028502255529665961 0.013299394510217794 -0.010390089889436431 -0.00030106686038436001 -0.0053300081875256233 0.00069412126618529626 0.015842280427624932 -0.0080718676212586746 0.00023506664656753481 0.020706195661352338 0.0074434106920247163 0.032610830134088657 0.017049332067995426 -0.00046782202041541535 0.0018123637848020673 0.0080087542820495156 0.0092783797320315897 0.025326909230988466
leaf_weight=31561 4779 1037 976 5288 483 87 6905 5459 158 4611 4512 2160 43 575 1242 5115 7218 1187 609 1909 1100 48 1015 106 176 1010 716 5395 675 500
leaf_count=31561 4779 1037 976 5288 483 87 6905 5459 158 4611 4512 2160 43 575 1242 5115 7218 1187 609 1909 1100 48 1015 106 176 1010 716 5395 675 500
internal_value=-0.00198826 -0.000274384 -0.00463417 0.000266778 0.00111514 0.00193016 -0.00130908 -0.00306527 -8.58247e-05 0.00036683 -0.000754074 6.81791e-05 0.000813189 0.00224758 -0.00170029 -0.000711341 -0.00151986 -0.00176448 0.00204868 -0.00119824 0.00220904 0.00443683 0.00385115 0.00678862 0.00865248 0.0013668 0.00255228 0.00185912 0.00370217 0.00431915
internal_weight=96655 58659 37996 38515 11308 8362 20144 6435 27207 16220 10987 14887 7612 3001 15365 7275 14123 6475 2958 2946 7879 657 1384 369 282 2301 1291 6495 1333 1175
internal_count=96655 58659 37996 38515 11308 8362 20144 6435 27207 16220 10987 14887 7612 3001 15365 7275 14123 6475 2958 2946 7879 657 1384 369 282 2301 1291 6495 1333 1175
is_linear=0
shrinkage=0.05


Tree=45
num_leaves=31
num_cat=0
split_feature=14 14 14 4 11 4 0 8 8 0 0 8 6 8 2 1 14 13 0 11 0 14 11 0 8 2 14 14 1 0
split_gain=179.864 12.1821 7.76963 4.93679 3.90646 3.76363 2.67344 5.71662 4.32984 3.87596 3.61741 3.43793 2.53899 2.38506 2.33562 2.19202 4.25934 2.14523 1.68446 1.73508 2.57882 1.62214 1.49116 1.47332 1.87919 1.45995 1.44914 1.42436 2.02335 1.62311
threshold=0.57495924942895926 1.4419369525273356 0.28886469119929453 9.5000000000000018 0.71395200432043016 1.0000000180025095e-35 14.500000000000002 1.5000000000000002 1.0000000180025095e-35 16.500000000000004 16.500000000000004 1.5000000000000002 1.0000000180025095e-35 2.5000000000000004 5.5000000000000009 3.5000000000000004 2.122017345078635 0.92598520035944032 11.500000000000002 0.41251442257211318 17.500000000000004 1.6483436658293988 0.60662448519596002 19.500000000000004 2.5000000000000004 4.5000000000000009 1.6196293705256368 1.8197179827656431 5.5000000000000009 19.500000000000004
decision_type=2 2 2 2 2 2 2 2 2 2 2 2 2 2 2 2 2 2 2 2 2 2 2 2 2 2 2 2 2 2
left_child=2 3 -1 14 -3 -4 7 -6 10 11 26 -10 17 -13 -2 16 21 -5 -16 -20 -21 -12 -22 -11 -25 -9 -8 -17 -29 -30
right_child=1 4 5 12 6 -7 8 25 9 23 15 13 -14 -15 18 27 -18 -19 19 20 22 -23 -24 24 -26 -27 -28 28 29 -31
leaf_value=-0.016841348513986245 -0.0068112867334630921 -0.0039706742815351637 -0.00057383695081104468 -0.0051855107517332771 -0.0075987608845467722 -0.0064596612881841833 0.0075339356418591026 -0.0030179843350153735 -0.020662110070054234 -0.0019766527012614926 0.029047013151824348 0.023959287532976055 -0.0099389730741840238 0.0074543044323843403 -0.0022290746902818583 0.012402775233749296 0.006775703613176697 -0.0028439663207273421 -0.0016458442006042279 0.00016413210078206904 0.0011646652245628868 0.017217969648108497 0.0097368050508085877 0.0045141853501387587 -0.0022416730788875363 0.0039400236508105677 -0.0024870061634145058 -0.0036792083894075741 0.0027518772111764359 0.018893496161392791
leaf_weight=30648 1138 3224 1095 4031 2756 6508 360 863 248 6276 40 338 1630 1834 4460 611 2502 6709 2090 4538 460 778 956 3601 1909 4145 1507 1032 470 366
leaf_count=30648 1138 3224 1095 4031 2756 6508 360 863 248 6276 40 338 1630 1834 4460 611 2502 6709 2090 4538 460 778 956 3601 1909 4145 1507 1032 470 366
internal_value=-0.00195283 -0.000218441 -0.00462223 -0.00102683 0.000421484 -0.0031915 0.000601295 -0.000195777 0.000884234 0.000367449 0.0018419 0.00219008 -0.0017502 0.00282689 -0.000370915 0.00245818 0.00329819 -0.00147114 -0.000173546 0.000258577 0.00069365 0.00643032 0.0025565 -6.78891e-06 0.000589835 0.000810702 -7.23097e-05 0.0013332 0.00064775 0.00247608
internal_weight=97123 58872 38251 26012 32860 7603 29636 7764 21872 14206 7666 2420 12370 2172 13642 5799 3320 10740 12504 8044 5954 818 1416 11786 5510 5008 1867 2479 1868 836
internal_count=97123 58872 38251 26012 32860 7603 29636 7764 21872 14206 7666 2420 12370 2172 13642 5799 3320 10740 12504 8044 5954 818 1416 11786 5510 5008 1867 2479 1868 836
is_linear=0
shrinkage=0.05


Tree=46
num_leaves=31
num_cat=0
split_feature=14 14 14 4 6 12 2 0 8 8 0 0 0 12 14 8 8 12 8 14 1 12 0 14 8 14 12 14 0 8
split_gain=172.132 13.9849 5.95194 5.33478 4.38343 3.81479 3.22512 2.90743 4.59343 3.44625 4.72057 2.62399 2.02145 1.98124 2.21767 1.88571 1.82923 1.61975 1.59538 2.22418 1.97874 1.5346 3.09171 1.84007 2.63415 1.51221 1.4331 1.35875 1.35138 1.34338
threshold=0.51253053724982567 1.4046003497233397 0.28886469119929453 1.0000000180025095e-35 1.0000000180025095e-35 1.1928464110842623 5.5000000000000009 14.500000000000002 1.5000000000000002 1.0000000180025095e-35 16.500000000000004 18.500000000000004 12.500000000000002 1.4306309953909928 0.8111321174248185 1.5000000000000002 2.5000000000000004 2.1052781914187464 2.5000000000000004 1.7142594256379193 3.5000000000000004 0.39007067860011652 17.500000000000004 1.0934280538995245 1.5000000000000002 1.4700593891048779 0.36299386945380935 1.1510957525484971 8.5000000000000018 1.0000000180025095e-35
decision_type=2 2 2 2 2 2 2 2 2 2 2 2 2 2 2 2 2 2 2 2 2 2 2 2 2 2 2 2 2 2
left_child=2 4 -1 -4 6 26 27 8 25 11 15 -9 13 -8 17 -11 -10 -15 -17 20 -20 -14 -23 24 -24 -7 -3 -2 -18 -28
right_child=1 5 3 -5 -6 7 12 9 16 10 -12 -13 21 14 -16 18 28 -19 19 -21 -22 22 23 -25 -26 -27 29 -29 -30 -31
leaf_value=-0.015976232270136326 -0.0057306000537068365 -0.012537487271166048 0.00039982251891995142 -0.0063873841760967581 -0.0093529585984587615 0.002303428672530011 -0.0037795088710021589 0.003038570096214983 0.011193320189139554 -0.01529768641747405 -0.00010550179565406255 0.011243981057363881 -0.0024609323448375603 0.0011350245894259229 -0.0027480737083627172 0.022678438200625012 -0.012098266402340728 0.0081356555625235957 0.02077175086957108 0.0052257748951073085 0.0087946406814781494 -0.00094063811142292724 0.019637398262239675 0.0045434745321579796 0.009435574100336401 -0.0078649222354324946 0.0022313275037477991 -0.0030312083340380889 0.0016771255735245094 -0.0033351137096356803
leaf_weight=30619 4087 472 874 4885 1674 585 4415 4159 644 136 10477 3026 2827 638 3880 334 282 51 104 1404 178 4749 41 1402 123 2181 1598 2380 4106 4528
leaf_count=30619 4087 472 874 4885 1674 585 4415 4159 644 136 10477 3026 2827 638 3880 334 282 51 104 1404 178 4749 41 1402 123 2181 1598 2380 4106 4528
internal_value=-0.00197705 -0.00034234 -0.00469487 -0.00322018 -0.00121007 0.000323843 -0.00104156 0.000581908 -0.000235959 0.000903723 0.000406474 0.00177801 -0.000699549 -0.00123219 -0.000502299 0.0025371 0.000663751 0.00211175 0.00292079 0.00229537 0.00634752 -0.000176111 0.000257323 0.00218391 0.00719512 -0.00187274 -0.000756291 -0.00200016 0.00029854 -0.000551748
internal_weight=96859 60481 36378 5759 26267 34214 24593 27616 7798 19818 12633 7185 18126 8984 4569 2156 5032 689 2020 1686 282 9142 6315 1566 164 2766 6598 6467 4388 6126
internal_count=96859 60481 36378 5759 26267 34214 24593 27616 7798 19818 12633 7185 18126 8984 4569 2156 5032 689 2020 1686 282 9142 6315 1566 164 2766 6598 6467 4388 6126
is_linear=0
shrinkage=0.05


Tree=47
num_leaves=31
num_cat=0
split_feature=14 14 4 14 4 12 0 8 6 11 0 1 1 6 0 8 0 14 0 8 14 8 2 12 11 1 4 14 12 2
split_gain=167.088 15.3129 4.95263 4.08334 4.74161 3.37784 3.9173 3.41483 3.17183 2.71423 2.82192 1.81134 3.26043 2.29724 1.6766 1.67382 3.16934 2.80715 2.78457 2.7439 2.21596 2.34871 1.56992 1.45187 1.61729 1.29301 1.29226 1.2773 1.26294 1.24528
threshold=0.45677519373947462 1.3863288808738476 3.5000000000000004 0.28886469119929453 1.0000000180025095e-35 1.0201082071805421 13.500000000000002 1.5000000000000002 1.0000000180025095e-35 1.0135009932032066 18.500000000000004 5.5000000000000009 3.5000000000000004 1.0000000180025095e-35 20.500000000000004 1.0000000180025095e-35 16.500000000000004 2.1386486113466212 16.500000000000004 1.5000000000000002 1.7244064180199186 2.5000000000000004 4.5000000000000009 0.47513863528590267 0.2890576380407171 3.5000000000000004 8.5000000000000018 1.4887791821174821 2.5525349097281964 28.500000000000004
decision_type=2 2 2 2 2 2 2 2 2 2 2 2 2 2 2 2 2 2 2 2 2 2 2 2 2 2 2 2 2 2
left_child=3 2 -2 -1 -5 26 7 -7 9 14 -11 12 13 15 -4 16 -8 -18 19 -17 -21 -22 -9 -16 -25 -12 -3 -14 -29 -23
right_child=1 5 8 4 -6 6 11 22 -10 10 25 -13 27 -15 23 18 17 -19 -20 20 21 29 -24 24 -26 -27 -28 28 -30 -31
leaf_value=-0.01521605413212644 -0.00032706112082146591 -0.00025293049150276091 -0.00541378429229939 0.000514236988097309 -0.0064469708096798256 -0.0070974347806398224 0.00039555537382061852 -0.0041932499484293355 -0.0088998919346358913 -0.0024706140655539627 0.02327255319033902 0.0062195463461408012 0.0069664107459868705 -0.0021700989351810715 -0.0040477284093828562 -0.011036444751067817 0.018042522464963451 0.0078267351428551596 0.0013081941078491963 0.019509478972888 0.030849028837813361 0.012420937237216869 0.0026661183002155151 0.012477889664386364 0.0006882737112409497 0.0064924129214784122 -0.0051947323397132728 -0.0036492978638186443 0.0022494611229846766 -0.0040278846784538224
leaf_weight=30619 6464 2464 6504 633 3577 2265 1568 710 1707 8932 40 3712 642 1803 2524 235 703 2095 6152 156 245 1094 3304 42 583 220 2718 3776 995 253
leaf_count=30619 6464 2464 6504 633 3577 2265 1568 710 1707 8932 40 3712 642 1803 2524 235 703 2095 6152 156 245 1094 3304 42 583 220 2718 3776 995 253
internal_value=-0.00199127 -0.000432593 -0.00132625 -0.00476169 -0.00330166 0.000259385 0.000464857 -0.000644212 -0.00170592 -0.00151897 -0.000904048 0.000762089 0.000571333 0.000966861 -0.00210453 0.0012075 0.00199725 0.00300572 0.00078365 0.00241301 0.00309496 0.00253769 0.000231688 -0.00115751 0.000999999 0.00423077 -0.000918565 -0.00047386 -0.000755608 0.00171863
internal_weight=96735 61906 27016 34829 4210 34890 29708 6279 20552 18845 9192 23429 19717 14304 9653 12501 4366 2798 8135 1983 1748 1592 4014 3149 625 260 5182 5413 4771 1347
internal_count=96735 61906 27016 34829 4210 34890 29708 6279 20552 18845 9192 23429 19717 14304 9653 12501 4366 2798 8135 1983 1748 1592 4014 3149 625 260 5182 5413 4771 1347
is_linear=0
shrinkage=0.05


Tree=48
num_leaves=31
num_cat=0
split_feature=14 14 4 6 11 2 0 12 8 0 2 4 14 14 4 4 12 13 12 4 1 14 8 0 8 14 2 0 14 12
split_gain=169.858 15.7112 5.32257 3.38299 3.66658 2.52794 2.38001 2.07438 2.45044 3.23632 1.97638 1.89001 1.70498 1.62323 3.18496 1.34017 1.28053 1.15649 1.13448 1.12731 1.1081 2.18404 1.10773 4.69917 2.44388 2.13167 2.01512 1.59098 1.31274 1.69399
threshold=0.38686320398709767 1.1510957525484971 8.5000000000000018 1.0000000180025095e-35 2.0415457702536757 5.5000000000000009 12.500000000000002 0.36299386945380935 1.0000000180025095e-35 15.500000000000002 14.500000000000002 1.0000000180025095e-35 0.65351835533872782 0.26049975660661623 1.0000000180025095e-35 5.5000000000000009 1.5596605137936936 1.8176133468656095 1.3835488272055205 3.5000000000000004 3.5000000000000004 1.6288899423526615 1.5000000000000002 18.500000000000004 2.5000000000000004 1.9004715023551899 6.5000000000000009 16.500000000000004 1.610285747657193 0.53672721155741032
decision_type=2 2 2 2 2 2 2 2 2 2 2 2 2 2 2 2 2 2 2 2 2 2 2 2 2 2 2 2 2 2
left_child=13 2 10 4 5 -3 -6 -7 9 -9 16 -8 -4 -1 -15 19 -2 20 -19 -13 21 -11 23 -10 25 -24 -25 -26 29 -28
right_child=1 3 12 -5 6 7 11 8 22 17 -12 15 -14 14 -16 -17 -18 18 -20 -21 -22 -23 24 26 27 -27 28 -29 -30 -31
leaf_value=-0.015338144873971789 -0.0029296746644641046 -0.0031420540107454081 -0.0053329410608684543 -0.0049489322367898053 -0.0014172225831227279 -0.0061839454671340343 0.013448200858184942 -0.0027552834355193583 -0.0049102466751824404 0.028209351966475366 0.00033585165927898088 0.0029276558779376023 -0.0048434136656235072 -0.0002101859888017642 -0.0071315148356438929 0.0040245525973164869 0.00030088096417318428 -0.0010340273559755696 0.011593033579024485 -0.0019162310210489504 0.0072349019959798942 0.01002907043366362 -0.00016337967160981058 0.018318695961049028 0.0030101026058927637 0.021751153287614618 -0.0096141793613892072 -0.0019310316827185672 -8.5473150580997785e-05 0.0084081655462793538
leaf_weight=29258 5169 6908 3712 3382 3191 1066 1306 1061 3765 68 2963 1625 6292 512 3295 8986 1315 677 753 1338 482 594 181 137 2822 243 159 3270 1588 646
leaf_count=29258 5169 6908 3712 3382 3191 1066 1306 1061 3765 68 2963 1625 6292 512 3295 8986 1315 677 753 1338 482 594 181 137 2822 243 159 3270 1588 646
internal_value=-0.00194721 -0.00043792 -0.00162228 8.27144e-05 0.000208485 -0.000180181 0.0007856 0.000139332 0.000277878 0.00142366 -0.000771145 0.00108072 -0.00242603 -0.00485483 -0.00388364 0.000883336 -0.00126003 0.00238151 0.00143357 -3.88132e-05 0.00356643 0.00489426 -4.72262e-05 -0.000520255 0.000409759 0.00408019 0.00114624 0.0001543 0.000808607 0.00245341
internal_weight=96764 63699 19451 44248 40866 24420 16446 17512 16446 3635 9447 13255 10004 33065 3807 11949 6484 2574 1430 2963 1144 662 12811 6295 6516 424 2530 6092 2393 805
internal_count=96764 63699 19451 44248 40866 24420 16446 17512 16446 3635 9447 13255 10004 33065 3807 11949 6484 2574 1430 2963 1144 662 12811 6295 6516 424 2530 6092 2393 805
is_linear=0
shrinkage=0.05


Tree=49
num_leaves=31
num_cat=0
split_feature=13 0 12 13 4 4 0 8 7 8 8 8 8 0 8 8 4 13 10 13 6 12 0 13 8 13 12 12 13 12
split_gain=167.216 10.3614 7.46119 6.64489 4.38143 2.77184 2.25895 2.861 2.50802 1.8581 3.22293 5.14019 2.69785 2.70018 1.75032 1.70602 1.63699 1.48429 1.48371 1.35502 1.24527 1.23683 1.1802 1.17756 1.1488 1.10916 2.45792 1.02213 1.2005 1.00268
threshold=0.46280463479336115 12.500000000000002 1.0776131046609396 0.26438069042239559 1.0000000180025095e-35 8.5000000000000018 19.500000000000004 1.0000000180025095e-35 1.0000000180025095e-35 3.5000000000000004 1.5000000000000002 2.5000000000000004 1.0000000180025095e-35 15.500000000000002 1.5000000000000002 1.0000000180025095e-35 9.5000000000000018 2.2560922663394209 7.2198555220619971 1.3247073119978052 1.0000000180025095e-35 0.92440733752962223 13.500000000000002 1.2140185390304221 2.5000000000000004 1.7632493506213716 0.36299386945380935 2.688176041406114 1.7102863626460556 0.88633335334409069
decision_type=2 2 2 2 2 2 2 2 2 2 2 2 2 2 2 2 2 2 2 2 2 2 2 2 2 2 2 2 2 2
left_child=3 5 15 -1 22 -2 8 19 9 10 12 18 13 -4 -7 25 -17 24 -12 -8 -21 -6 29 -16 -9 26 -3 28 -14 -5
right_child=1 2 6 4 21 14 7 17 -10 -11 11 -13 27 -15 23 16 -18 -19 -20 20 -22 -23 -24 -25 -26 -27 -28 -29 -30 -31
leaf_value=-0.014247091641370708 -0.0016617302271321934 -0.0017670737845851279 -0.0018120944911474573 -0.0011337617516985388 -0.0063345724921775887 -0.0058567092836484778 -0.006883827885013071 0.0063680030129372083 0.013686961608017438 -0.0041499934345248877 0.065389999154992093 0.0022607686860031772 -0.0022637618181590336 0.0041771598004818585 -0.0040453030233818061 -0.0012613690892450875 -0.0049523814570938372 -0.0031975104067015047 0.017674168071660095 0.014185053942382559 -0.005775751674871786 -0.0027645473734970922 0.0041897693544087492 -0.0012070893692902878 -0.00015964720550365702 -0.0038029460982711692 0.0088940317777993546 0.0012190139910239599 -0.0085597458745575641 0.0057917799752241509
leaf_weight=29765 8194 1102 3354 679 4415 5196 96 2211 1017 2066 83 5941 3765 4561 2088 5533 4894 1209 738 1812 147 793 96 2193 1215 834 705 1079 1055 82
leaf_count=29765 8194 1102 3354 679 4415 5196 96 2211 1017 2066 83 5941 3765 4561 2088 5533 4894 1209 738 1812 147 793 96 2193 1215 834 705 1079 1055 82
internal_value=-0.00191698 -0.000326416 8.90192e-05 -0.0046288 -0.00312036 -0.00134712 0.000519126 0.00133034 0.000289741 0.000180637 0.000324163 0.00121857 -0.000113654 0.000489576 -0.00192941 -0.000909857 -0.00119737 0.000641854 0.00492692 0.00288321 0.00316743 -0.00366552 0.000192531 -0.0011808 0.00117338 0.000225292 0.000921416 -0.000923039 -0.00123444 -0.000466493
internal_weight=96918 61088 43417 35830 6065 17671 30349 6690 23659 22642 20576 6762 13814 7915 9477 13068 10427 4635 821 2055 1959 5208 857 4281 3426 2641 1807 5899 4820 761
internal_count=96918 61088 43417 35830 6065 17671 30349 6690 23659 22642 20576 6762 13814 7915 9477 13068 10427 4635 821 2055 1959 5208 857 4281 3426 2641 1807 5899 4820 761
is_linear=0
shrinkage=0.05


Tree=50
num_leaves=31
num_cat=0
split_feature=14 13 4 0 8 12 14 4 14 12 6 0 2 13 4 2 8 12 12 12 9 12 8 8 9 14 8 14 13 9
split_gain=167.447 12.2594 4.5026 3.91881 3.97307 3.26972 2.22296 3.63302 1.87745 1.85703 1.73679 1.57337 1.7215 1.31132 1.41747 1.27218 1.19662 1.5935 1.15074 1.09283 1.43622 1.06471 1.75921 3.01902 1.5306 1.26765 1.20421 1.85735 1.50701 1.48528
threshold=0.38686320398709767 1.086776935934002 9.5000000000000018 13.500000000000002 1.5000000000000002 1.0201082071805421 0.26049975660661623 1.0000000180025095e-35 0.7030220205362262 1.144642841892302 1.0000000180025095e-35 20.500000000000004 5.5000000000000009 1.568973627525841 1.5000000000000002 4.5000000000000009 1.0000000180025095e-35 1.039915470202802 3.2481109671717454 1.7601746447116684 8.9899118750170839 2.4552279164174151 1.5000000000000002 2.5000000000000004 8.018038154644211 1.0683955935720295 3.5000000000000004 1.5084236004176028 1.1833205035980352 8.1000349558465654
decision_type=2 2 2 2 2 2 2 2 2 2 2 2 2 2 2 2 2 2 2 2 2 2 2 2 2 2 2 2 2 2
left_child=6 2 9 4 -3 13 -1 -8 -4 -2 11 12 -7 14 -5 -6 19 -18 -11 20 -13 22 25 24 -24 -14 27 28 -23 -30
right_child=1 3 8 5 15 10 7 -9 -10 18 -12 16 21 -15 -16 -17 17 -19 -20 -21 -22 26 23 -25 -26 -27 -28 -29 29 -31
leaf_value=-0.014006297248103797 -0.002223624665971884 -0.0054565798013077819 -0.0051221127212217991 0.0035786048921562404 -0.0037702947929921732 -0.00053832786098273336 0.00022819706354434977 -0.0061950349446416334 -0.004215079885269416 -0.00044963040840265215 -0.00229670505059517 0.0084299120683540701 0.022089492909546853 -0.0044612881751681646 -0.00097165240308507469 0.0014251628180021773 0.015688521332872241 0.003633832564545433 0.013236029146795451 0.019887847712914769 0.015054629385125995 0.025159580229376872 0.042433451717818566 0.0029020944824600502 0.014088471883573421 -0.0011449696752608681 -0.0039571308607381436 0.0045594636525372973 0.014932695219662243 0.0020598008759955865
leaf_weight=29284 6830 4650 3987 770 1052 5113 518 3263 5393 4666 1985 718 76 2868 3363 4753 55 2027 96 88 68 45 49 4313 209 4357 490 5173 94 147
leaf_count=29284 6830 4650 3987 770 1052 5113 518 3263 5393 4666 1985 718 76 2868 3363 4753 55 2027 96 88 68 45 49 4313 209 4357 490 5173 94 147
internal_value=-0.00193368 -0.000429969 -0.00141904 5.85203e-05 -0.000781924 0.000333041 -0.00481854 -0.0036776 -0.00223348 -0.000760008 0.000600431 0.000722786 0.000564137 -0.000622055 -5.20215e-05 9.04381e-05 0.00179973 0.00114793 -2.10115e-06 0.0033524 0.00276081 0.000834948 0.000492002 0.00118027 0.00643411 -0.000217687 0.00135401 0.00156714 0.00548951 0.00392116
internal_weight=96500 63435 20972 42463 10455 32008 33065 3781 9380 11592 25007 23022 20066 7001 4133 5805 2956 2082 4762 874 786 14953 9004 4571 258 4433 5949 5459 286 241
internal_count=96500 63435 20972 42463 10455 32008 33065 3781 9380 11592 25007 23022 20066 7001 4133 5805 2956 2082 4762 874 786 14953 9004 4571 258 4433 5949 5459 286 241
is_linear=0
shrinkage=0.05


Tree=51
num_leaves=31
num_cat=0
split_feature=14 0 12 4 14 4 11 6 4 3 1 1 0 10 8 8 8 11 13 0 14 10 2 1 8 14 10 14 12 14
split_gain=168.415 12.75 7.53056 3.01651 2.77465 3.52864 2.53828 2.41219 2.29159 2.0388 1.54172 3.399 1.41842 1.35753 1.2891 1.18175 1.14995 1.13505 1.17998 1.07528 1.19173 1.04425 1.0306 1.79477 1.64398 1.53177 1.55437 0.972368 0.953601 0.948247
threshold=0.38686320398709767 12.500000000000002 1.127708237104577 1.5000000000000002 0.24433431584371992 1.0000000180025095e-35 2.0165737572659705 1.0000000180025095e-35 9.5000000000000018 1.0000000180025095e-35 3.5000000000000004 5.5000000000000009 19.500000000000004 8.0974766984949458 1.0000000180025095e-35 1.0000000180025095e-35 3.5000000000000004 0.96705685249811701 1.7364893904591325 9.5000000000000018 0.73771259894200913 6.3950671084078259 5.5000000000000009 3.5000000000000004 1.5000000000000002 1.1051255950058894 7.7103871642948247 1.4142411981559178 2.0652008422460999 1.4987510280621184
decision_type=2 2 2 2 2 2 2 2 2 2 2 2 2 2 2 2 2 2 2 2 2 2 2 2 2 2 2 2 2 2
left_child=4 3 8 -2 -1 -6 14 9 22 10 -4 13 16 -12 -5 -10 28 18 -13 -16 -21 -19 -3 24 25 26 -24 -9 -11 -30
right_child=1 2 7 6 5 -7 -8 27 15 12 11 17 -14 -15 19 -17 -18 21 -20 20 -22 -23 23 -25 -26 -27 -28 -29 29 -31
leaf_value=-0.013811490835107812 -0.00013424896005303526 -0.0057849858712274013 0.0054492336827979089 -0.0053272902245842454 -0.00011365182060282609 -0.0060193207109979904 -0.0027792217982285034 -0.0070402809978440898 -0.00075250231302749287 -0.0017120409262855484 -0.0018312940736245722 0.012990430184899926 0.0038196999798240962 0.0058623226788167004 -0.0041798288588099494 -0.0047159372941860279 -0.0061948224228129062 0.013078909557555023 0.029493477402753571 0.0030196781335509906 -0.0035248797876888966 0.0050754903710347066 0.017876753104258344 -0.0015746534996112121 -0.0008143935904711615 0.0040655678334497068 0.00071261361403694061 -0.0018600579985405927 0.0048854511410930685 0.0005975786584747814
leaf_weight=28719 3229 681 8817 2083 633 3951 5115 269 1288 3257 4236 45 2331 708 5133 5372 737 82 44 148 4012 2927 50 3490 1729 1698 42 1919 641 3581
leaf_count=28719 3229 681 8817 2083 633 3951 5115 269 1288 3257 4236 45 2331 708 5133 5372 737 82 44 148 4012 2927 50 3490 1729 1698 42 1919 641 3581
internal_value=-0.00190874 -0.000401641 7.23636e-05 -0.00145791 -0.00478981 -0.00364747 -0.00173155 0.000528146 -0.000867597 0.000655695 0.000996796 0.000496144 0.000110457 -0.000317558 -0.0021475 -0.00154655 -0.000198395 0.00179471 0.00735955 -0.00189551 -0.00129808 0.00163011 -0.000279585 -9.91594e-05 0.00069764 0.00175978 0.00804348 -0.00106947 -1.27034e-05 0.000483182
internal_weight=96967 63664 43944 19720 33303 4584 16491 29594 14350 27406 16859 8042 10547 4944 11376 6660 8216 3098 89 9293 4160 3009 7690 7009 3519 1790 92 2188 7479 4222
internal_count=96967 63664 43944 19720 33303 4584 16491 29594 14350 27406 16859 8042 10547 4944 11376 6660 8216 3098 89 9293 4160 3009 7690 7009 3519 1790 92 2188 7479 4222
is_linear=0
shrinkage=0.05


Tree=52
num_leaves=31
num_cat=0
split_feature=13 13 13 4 4 12 0 8 4 12 8 0 6 12 0 11 12 2 12 8 10 12 9 12 0 9 10 2 0 9
split_gain=159.573 10.563 4.24237 4.06326 3.46561 2.85407 2.32394 2.64628 2.26451 2.55883 2.07739 2.37344 1.94904 1.82527 2.41936 1.98436 1.70269 1.58282 1.5724 1.5501 1.42495 1.35167 1.20084 1.16825 1.49173 1.38388 1.249 1.16436 1.17185 1.17156
threshold=0.38142354505681708 1.086776935934002 0.22117591506872816 1.0000000180025095e-35 9.5000000000000018 0.43231017910896119 13.500000000000002 1.5000000000000002 1.0000000180025095e-35 0.90547479096102712 1.0000000180025095e-35 17.500000000000004 1.0000000180025095e-35 1.2880618422925456 16.500000000000004 3.5815273656378563 1.4641107512188394 4.5000000000000009 2.688176041406114 1.5000000000000002 7.6786877941015632 1.1621788815330534 7.0608597345663666 0.40368157437839791 19.500000000000004 8.1897475901767134 8.1014030824208962 14.500000000000002 11.500000000000002 7.0737992226866719
decision_type=2 2 2 2 2 2 2 2 2 2 2 2 2 2 2 2 2 2 2 2 2 2 2 2 2 2 2 2 2 2
left_child=2 4 -1 18 16 -5 7 -7 -4 -10 11 -8 21 -12 15 19 27 -9 23 -15 -19 -6 -21 -3 26 -26 -25 28 -2 -30
right_child=1 3 8 5 12 6 10 17 9 -11 13 -13 -14 14 -16 -17 -18 20 -20 22 -22 -23 -24 24 25 -27 -28 -29 29 -31
leaf_value=-0.013593693088334078 -0.0032656097678410755 -0.0056439799533966953 -0.0011930387460953509 -0.0051746550755061137 -0.0044758220548247523 -0.0049190897766075324 -0.00046729121754629494 -0.0048355235193236652 -0.0062292555418528087 0.00011595260044826572 -0.0025117873640181291 0.0057885475275725341 -0.0083256223338337553 -0.009271069776845187 -0.00068473377275415275 0.017274043583568457 0.00048555608405017329 0.0031108690713670534 0.0133825508716593 0.01634149151427652 -0.003177392913540915 -0.002274231705356984 0.0053523441536994162 0.0003840219683738064 0.0015424288779163295 0.012683336670808693 0.010262954107310207 -0.00027632120331184788 0.0057086132347462159 -0.0017374691439546457
leaf_weight=27770 2903 347 797 1997 4841 3787 3615 1028 4557 386 5482 4623 1149 337 9289 296 3297 2580 1128 75 1127 3363 2340 2830 653 792 450 2200 58 2891
leaf_count=27770 2903 347 797 1997 4841 3787 3615 1028 4557 386 5482 4623 1149 337 9289 296 3297 2580 1128 75 1127 3363 2340 2830 653 792 450 2200 58 2891
internal_value=-0.00190426 -0.000430702 -0.00469561 1.79996e-05 -0.00135784 -0.000182635 -7.64927e-05 -0.000793242 -0.00345819 -0.00385697 0.000157922 0.000814517 -0.00207046 -0.000145632 0.000191699 0.00141404 -0.000770554 -5.28102e-06 0.00120161 0.000995638 0.000476125 -0.00180034 0.00143892 0.000826103 0.00103174 0.00237024 0.000442072 -0.00116245 -0.0015311 -0.000829096
internal_weight=96988 63478 33510 42776 20702 36576 34579 8522 5740 4943 26057 8238 9353 17819 12337 3048 11349 4735 6200 2752 3707 8204 2415 5072 4725 1445 3280 8052 5852 2949
internal_count=96988 63478 33510 42776 20702 36576 34579 8522 5740 4943 26057 8238 9353 17819 12337 3048 11349 4735 6200 2752 3707 8204 2415 5072 4725 1445 3280 8052 5852 2949
is_linear=0
shrinkage=0.05


Tree=53
num_leaves=31
num_cat=0
split_feature=13 13 13 6 6 2 11 12 2 4 0 8 12 8 8 2 9 0 0 9 13 1 11 0 11 8 13 11 4 0
split_gain=162.552 9.52107 4.99615 3.73843 3.3562 4.1612 2.87251 2.40008 2.3782 1.88139 1.71918 3.67876 3.71266 2.66736 1.70643 1.5193 1.95986 1.46509 1.72993 1.53388 1.18702 1.17102 1.14736 1.1345 1.15046 1.13047 1.24616 1.28083 1.1123 1.15565
threshold=0.39389798313252355 1.086776935934002 0.26438069042239559 1.0000000180025095e-35 1.0000000180025095e-35 4.5000000000000009 0.99909786633030162 0.53672721155741032 5.5000000000000009 8.5000000000000018 19.500000000000004 1.5000000000000002 2.8755997661057462 2.5000000000000004 1.0000000180025095e-35 7.5000000000000009 9.0411041535398358 16.500000000000004 7.5000000000000009 7.0608597345663666 1.6512694853941763 3.5000000000000004 3.7553789038118102 12.500000000000002 0.83922503212625343 1.0000000180025095e-35 1.4713760589886473 0.36198681841950436 1.5000000000000002 19.500000000000004
decision_type=2 2 2 2 2 2 2 2 2 2 2 2 2 2 2 2 2 2 2 2 2 2 2 2 2 2 2 2 2 2
left_child=2 3 -1 6 5 23 8 25 -2 -4 11 12 -9 -13 -12 16 -14 18 -15 -20 21 -16 28 -3 -25 26 27 -7 -8 -30
right_child=1 4 9 -5 -6 7 22 10 -10 -11 14 13 15 17 20 -17 -18 -19 19 -21 -22 -23 -24 24 -26 -27 -28 -29 29 -31
leaf_value=-0.011701353601098525 -0.0053226633216214882 -0.0059178531660516948 -0.0024134095964538273 -0.0079325708974834954 -0.0046578973537620737 0.00030044447758521581 0.0017375248257082134 -0.0022428376949169145 -0.0021531570165257449 -0.0063498441915226661 0.01033146459104229 0.012571100571856631 0.0065378724027964049 -0.0095412353040927808 0.0079437912880947637 0.0018790575866068381 0.03015570061362044 -0.00057161071232722776 0.015136691850101528 0.0043192726445021217 0.00037457153702693125 0.00098870580170813183 0.0051027731311596497 -0.0045822405489275376 -0.00059716874563736774 -0.004581554071305078 -0.0036282231328642017 0.01020416185981407 -0.0017368221303671505 0.0099316624106410671
leaf_weight=29675 2893 1348 1984 1100 3574 305 1206 8771 7895 2205 1962 989 512 202 1268 2388 42 3058 154 5363 2927 923 326 1601 5044 1486 571 163 6568 168
leaf_count=29675 2893 1348 1984 1100 3574 305 1206 8771 7895 2205 1962 989 512 202 1268 2388 42 3058 154 5363 2927 923 326 1601 5044 1486 571 163 6568 168
internal_value=-0.00186669 -0.000361187 -0.00465893 -0.0012567 6.20138e-05 0.00019615 -0.0010931 0.000457791 -0.00163052 -0.00304249 0.00058843 0.000365705 -0.000231795 0.00108233 0.00126412 0.00130523 0.00366426 0.000804944 0.00127732 0.00144372 0.000783508 0.00166362 -0.000391873 -0.000821345 -0.000553049 -0.0010198 0.000245427 0.00215812 -0.000511207 -0.000761581
internal_weight=96671 62807 33864 20156 42651 39077 19056 31084 10788 4189 28559 21479 11713 9766 7080 2942 554 8777 5719 5517 5118 2191 8268 7993 6645 2525 1039 468 7942 6736
internal_count=96671 62807 33864 20156 42651 39077 19056 31084 10788 4189 28559 21479 11713 9766 7080 2942 554 8777 5719 5517 5118 2191 8268 7993 6645 2525 1039 468 7942 6736
is_linear=0
shrinkage=0.05


Tree=54
num_leaves=31
num_cat=0
split_feature=14 0 12 14 4 4 11 8 0 14 8 8 14 0 8 0 14 14 0 9 14 2 14 12 8 4 14 8 1 0
split_gain=166.191 9.40764 4.93021 4.05848 4.44371 2.95049 2.22922 1.7582 2.05291 1.85298 1.97305 4.70046 3.93874 3.75029 2.69909 2.06105 3.20065 2.04042 1.8474 1.67693 1.61183 1.60986 1.57386 1.56027 1.55972 1.50987 1.46986 1.42618 1.35676 1.27688
threshold=0.38686320398709767 12.500000000000002 1.1928464110842623 0.23707954617091323 1.0000000180025095e-35 1.5000000000000002 1.575826340680816 3.5000000000000004 18.500000000000004 0.98321410447944702 1.5000000000000002 2.5000000000000004 1.4515314580274434 18.500000000000004 1.0000000180025095e-35 15.500000000000002 1.4987510280621184 1.7048336813644955 18.500000000000004 9.0411041535398358 0.83042774607865388 11.500000000000002 1.3323664022418613 2.1877790537261439 3.5000000000000004 1.0000000180025095e-35 2.2746248560556226 1.0000000180025095e-35 3.5000000000000004 18.500000000000004
decision_type=2 2 2 2 2 2 2 2 2 2 2 2 2 2 2 2 2 2 2 2 2 2 2 2 2 2 2 2 2 2
left_child=3 5 25 -1 19 24 -7 9 20 -4 13 26 23 14 15 16 28 21 -14 -5 -9 -17 -16 29 -2 -3 -12 -27 -11 -13
right_child=1 2 7 4 -6 6 -8 8 -10 10 11 12 18 -15 22 17 -18 -19 -20 -21 -22 -23 -24 -25 -26 27 -28 -29 -30 -31
leaf_value=-0.012347742106347911 -0.0010216078727830699 0.0009460081785812865 0.01165853216621069 -0.00030314003649732331 -0.0050993135322280059 -0.0037590654793201875 -0.0023062170882509987 0.0020437938231908622 0.0029129056147668008 0.0069366809162619255 0.023350033598990513 0.017858528774292986 0.0028547443990567622 0.0041289276829313201 -0.00034532896038197452 0.0037682437572807447 -0.0064798759246254157 0.0022018917854664394 -0.0041597024430781024 0.0029370566489211204 -0.0083614253201169334 0.012441317708557418 -0.007990558083534445 0.021999791741752324 0.0077380375624321656 0.00037438953128053013 0.018717124165191501 -0.0027196568266377656 -0.00091811270635691947 0.0028151380914647134
leaf_weight=28252 2563 2350 113 620 4298 9309 7156 202 1023 607 137 223 5552 7124 1430 182 1800 2982 1527 49 1322 135 2441 44 642 2497 625 10501 815 171
leaf_count=28252 2563 2350 113 620 4298 9309 7156 202 1023 607 137 223 5552 7124 1430 182 1800 2982 1527 49 1322 135 2441 44 642 2497 625 10501 815 171
internal_value=-0.0018622 -0.000362596 4.53153e-05 -0.00472757 -0.0034095 -0.00127097 -0.00154115 0.000434896 -0.000818611 0.000558128 0.00053014 0.0011662 0.000786882 0.000229503 -0.000376252 0.000244593 -0.000654874 0.00112307 0.000502188 0.000381165 -0.00198163 0.00493691 -0.00142211 0.00538813 0.000117003 -0.000676962 0.00490814 -0.00088783 0.00111814 0.00439086
internal_weight=96692 63473 43803 33219 4967 19670 16465 28455 2547 25908 25795 8279 7517 17516 10392 6521 3222 3299 7079 669 1524 317 3871 438 3205 15348 762 12998 1422 394
internal_count=96692 63473 43803 33219 4967 19670 16465 28455 2547 25908 25795 8279 7517 17516 10392 6521 3222 3299 7079 669 1524 317 3871 438 3205 15348 762 12998 1422 394
is_linear=0
shrinkage=0.05


Tree=55
num_leaves=31
num_cat=0
split_feature=14 0 12 14 4 0 6 3 1 1 2 14 12 14 11 14 2 6 10 4 14 6 13 12 11 14 9 12 11 13
split_gain=166.472 10.5812 6.61009 2.73275 3.05057 2.64601 1.74498 2.27392 1.54934 2.92448 1.49973 1.66553 1.42046 1.62032 1.35672 1.36462 1.34458 1.48 1.2551 1.2482 1.3757 1.22688 1.19622 1.19258 1.00281 0.967665 0.883899 0.87938 0.849166 0.837967
threshold=0.33806301758129265 12.500000000000002 1.1928464110842623 0.23707954617091323 1.0000000180025095e-35 8.5000000000000018 1.0000000180025095e-35 1.0000000180025095e-35 3.5000000000000004 5.5000000000000009 4.5000000000000009 0.40455183758037494 2.5788027413837171 0.99722161406906573 0.96705685249811701 1.0561918689278753 4.5000000000000009 1.0000000180025095e-35 8.0631905169155207 1.5000000000000002 0.44206302601010677 1.0000000180025095e-35 1.3550942153933996 2.0444085328148494 5.2271684412942863 1.8090495114568139 9.0141087323992366 0.80777029362974762 1.3652229423000029 1.580533991990227
decision_type=2 2 2 2 2 2 2 2 2 2 2 2 2 2 2 2 2 2 2 2 2 2 2 2 2 2 2 2 2 2
left_child=3 5 16 -1 -5 19 7 8 -4 18 26 27 21 -14 -11 -16 -3 -18 -10 -2 -21 -13 -15 29 25 -24 -7 -12 -17 -9
right_child=1 2 6 4 -6 10 -8 23 9 14 11 12 13 22 15 28 17 -19 -20 20 -22 -23 24 -25 -26 -27 -28 -29 -30 -31
leaf_value=-0.011715673750965709 -0.0010336723452659834 -0.0042079750755337044 0.0055250642169286691 6.7485564892582914e-05 -0.0048895826092539407 -0.0049428977537653677 -0.0031146905061313207 -0.0036167201810121856 -0.0019787753301232702 0.037359148702566916 0.00077136440540139471 -0.0017263712013344517 0.0092172991482601403 -0.004683123574546145 0.016112432912492303 -0.0034455597406979534 -0.00080989480523298643 -0.0059917226723701367 0.0059506744242459574 -0.0058586865960056659 -0.0039161224148623087 -0.0076500543635783479 0.010508447662840398 0.0014231998367782448 -0.0052370778954373256 0.0010601606227669271 0.0016944494365591122 0.0053119760802037182 0.0051917419690472363 0.00039092230402316134
leaf_weight=28203 1146 3021 8363 513 3260 2422 2103 2214 3987 80 55 8709 79 509 66 251 11499 1021 742 1409 4342 831 409 5619 194 394 235 48 2663 2330
leaf_count=28203 1146 3021 8363 513 3260 2422 2103 2214 3987 80 55 8709 79 509 66 251 11499 1021 742 1409 4342 831 409 5619 194 394 235 48 2663 2330
internal_value=-0.00182786 -0.000370014 6.94954e-05 -0.00477952 -0.00351577 -0.00129968 0.000522907 0.000633668 0.00100235 0.000494928 -0.000902054 -0.000649271 -0.000707866 0.000678232 0.00169935 0.00152684 -0.000759605 -0.000531151 -0.000284417 -0.00210019 -0.00240045 -0.000938156 0.000312084 4.77209e-05 0.00131896 0.00209838 -0.00197027 0.00567961 0.00136582 -0.000554579
internal_weight=96717 64741 43959 31976 3773 20782 28418 26315 16152 7789 13885 11228 11125 1585 3060 2980 15541 12520 4729 6897 5751 9540 1506 10163 997 803 2657 103 2914 4544
internal_count=96717 64741 43959 31976 3773 20782 28418 26315 16152 7789 13885 11228 11125 1585 3060 2980 15541 12520 4729 6897 5751 9540 1506 10163 997 803 2657 103 2914 4544
is_linear=0
shrinkage=0.05


Tree=56
num_leaves=31
num_cat=0
split_feature=14 0 14 4 12 4 0 8 8 14 8 14 13 8 0 14 14 12 1 14 2 8 1 14 0 0 0 14 4 12
split_gain=160.367 7.00354 5.04313 4.8325 4.01317 3.06422 1.91439 1.81062 2.62866 2.85083 2.74883 1.9999 2.22072 2.13512 1.95481 1.95265 1.84082 1.72473 1.6594 3.69458 2.15845 1.60698 1.52344 1.39254 1.54199 1.27364 1.23899 1.22665 1.2116 1.20021
threshold=0.38686320398709767 12.500000000000002 0.20757583040822872 1.0000000180025095e-35 1.1928464110842623 1.0000000180025095e-35 19.500000000000004 3.5000000000000004 1.5000000000000002 1.4700593891048779 2.5000000000000004 1.0130834839572627 0.9959348209140767 1.0000000180025095e-35 15.500000000000002 1.8197179827656431 1.5084236004176028 1.127708237104577 3.5000000000000004 1.6483436658293988 25.500000000000004 1.0000000180025095e-35 3.5000000000000004 0.66942980461417545 10.500000000000002 9.5000000000000018 10.500000000000002 1.5915062091090195 1.5000000000000002 2.688176041406114
decision_type=2 2 2 2 2 2 2 2 2 2 2 2 2 2 2 2 2 2 2 2 2 2 2 2 2 2 2 2 2 2
left_child=2 5 -1 26 28 -2 7 8 11 -10 -11 12 -6 14 16 -16 22 -7 19 27 -20 -8 -13 24 25 -19 -4 -12 -3 -15
right_child=1 4 3 -5 6 17 21 -9 9 10 18 13 -14 29 15 -17 -18 23 20 -21 -22 -23 -24 -25 -26 -27 -28 -29 -30 -31
leaf_value=-0.012272840046201258 0.00074013376282548965 0.00058738249415321922 -0.00029545541629361733 -0.0047519656124433212 0.001942920900584973 -0.0035239536665907061 0.010002561846567181 -0.0038190175569086104 0.014134978003178459 0.015377010392359197 0.011370032606289928 0.006196628730898518 0.018153064689716114 -0.0042748714262816614 0.0090235789478250901 0.0015007337116554381 -0.0062236498790189335 0.0012233525504424265 -0.003284059122399618 0.0019924429318391398 0.015460551001026217 0.0022283827189316157 -0.0019487970052423399 -0.0032606388425443335 -0.0025035743796685845 0.0040426774928827205 0.0026150862669228462 0.022604342917249415 -0.0022934219054798598 0.0012722754984100548
leaf_weight=26844 2782 2719 824 5531 110 6258 1892 2034 420 762 177 643 62 3997 705 3719 1745 684 2268 3554 167 4153 829 9455 487 42 46 121 12651 1066
leaf_count=26844 2782 2719 824 5531 110 6258 1892 2034 420 762 177 643 62 3997 705 3719 1745 684 2268 3554 167 4153 829 9455 487 42 46 121 12651 1066
internal_value=-0.00185417 -0.000381249 -0.00466762 -0.0034065 -2.90006e-05 -0.001164 0.000322965 0.0001097 0.000251903 0.000998124 0.000759681 -0.000180958 0.00517442 -0.000253465 0.000274178 0.000956147 -0.000663663 -0.00141676 0.000415936 0.00106178 -0.000605751 0.00111249 0.000638586 -0.00103018 0.000564714 0.00202479 5.74701e-05 0.00640939 -0.000679897 -0.00104977
internal_weight=96747 63502 33245 6401 43794 19708 28424 22379 20345 7469 7049 12876 172 12704 7641 4424 3217 16926 6287 3852 2435 6045 1472 10668 1213 726 870 298 15370 5063
internal_count=96747 63502 33245 6401 43794 19708 28424 22379 20345 7469 7049 12876 172 12704 7641 4424 3217 16926 6287 3852 2435 6045 1472 10668 1213 726 870 298 15370 5063
is_linear=0
shrinkage=0.05


Tree=57
num_leaves=31
num_cat=0
split_feature=14 0 14 12 4 4 11 0 14 8 8 14 12 8 14 8 0 14 14 12 1 0 0 8 0 9 8 14 0 12
split_gain=160.083 7.27039 4.39759 3.86466 3.32436 3.13642 2.32963 1.82776 2.15705 1.85629 2.92404 2.72758 2.88797 2.58336 1.99892 2.07643 2.39456 1.90678 1.84837 1.81172 2.26951 1.90836 1.70246 1.5613 2.3781 1.45833 1.30951 1.24688 1.21228 1.44917
threshold=0.35208839802829789 12.500000000000002 0.21491882147311586 0.98315794437631931 1.0000000180025095e-35 1.5000000000000002 3.0162205704559386 19.500000000000004 1.2443660819559548 3.5000000000000004 1.5000000000000002 1.5361014333496903 2.4306248239214576 2.5000000000000004 1.0130834839572627 1.0000000180025095e-35 14.500000000000002 1.6674831078000392 1.3419024302228508 1.6771324164686841 5.5000000000000009 15.500000000000002 16.500000000000004 3.5000000000000004 8.5000000000000018 7.5873738590892907 1.0000000180025095e-35 1.4987510280621184 16.500000000000004 0.39007067860011652
decision_type=2 2 2 2 2 2 2 2 2 2 2 2 2 2 2 2 2 2 2 2 2 2 2 2 2 2 2 2 2 2
left_child=2 5 -1 28 -4 -2 23 9 -9 10 14 12 -12 -13 25 16 27 -18 19 21 -21 -17 -19 -7 -25 -5 -10 -16 -3 -30
right_child=1 3 4 7 -6 6 -8 8 26 -11 11 13 -14 -15 15 18 17 22 -20 20 -22 -23 -24 24 -26 -27 -28 -29 29 -31
leaf_value=-0.011394360606256537 0.00053114451639976409 -0.0029441251024411252 -0.00019948297288520478 0.014940750201492953 -0.0045122788853496831 -0.0035430262883989652 0.0003003164863249661 0.022416437649621434 0.0082251831312211716 -0.0042326932474704253 0.0078029652859971238 0.014672684759968994 0.02400120659493209 0.0012575529010969268 -4.2751972166159733e-05 0.0038756887067131506 0.0085602598676205368 -0.002823788139970509 -0.0053534233971946135 0.002822615573011094 0.023992578465260365 -0.0054864133627278095 0.0030714032754581362 -0.0043381446467567206 0.0016018171475768808 0.0042508185547555635 0.0018723756851000866 -0.0080351811949576184 -0.0022402795201351233 0.00040668885685538037
leaf_weight=26973 3353 3476 721 47 4626 12049 2198 53 2137 2171 726 787 45 6238 1216 609 927 1439 4071 559 87 871 3261 1277 1533 231 4991 1064 4124 4759
leaf_count=26973 3353 3476 721 47 4626 12049 2198 53 2137 2171 726 787 45 6238 1216 609 927 1439 4071 559 87 871 3261 1277 1533 231 4991 1064 4124 4759
internal_value=-0.00181222 -0.000369292 -0.00468286 -6.72269e-06 -0.00337292 -0.00114895 -0.00142376 0.000287027 0.000988023 8.02896e-05 0.00021688 0.000996664 0.00381971 0.000686832 -0.000205814 -0.000288572 0.000248513 0.00080238 -0.00097386 0.000221071 0.00243034 -0.000743244 0.000393616 -0.0016485 -0.00058719 0.0039928 0.000913298 -0.00111842 -0.00075613 -0.000446359
internal_weight=96619 64299 32320 43889 5347 20410 17057 31530 7181 24349 22178 7796 771 7025 14382 14104 7907 5627 6197 2126 646 1480 4700 14859 2810 278 7128 2280 12359 8883
internal_count=96619 64299 32320 43889 5347 20410 17057 31530 7181 24349 22178 7796 771 7025 14382 14104 7907 5627 6197 2126 646 1480 4700 14859 2810 278 7128 2280 12359 8883
is_linear=0
shrinkage=0.05


Tree=58
num_leaves=31
num_cat=0
split_feature=14 12 14 5 0 0 5 2 6 1 6 1 2 0 8 0 14 0 14 2 8 14 3 2 12 14 10 14 13 0
split_gain=161.823 6.61523 4.76927 4.79026 3.83089 3.06984 2.22263 2.02537 2.01022 1.83155 1.726 1.81448 1.71052 1.66882 1.35948 1.97251 1.94888 1.98136 1.78292 1.61124 1.46399 2.62598 1.33743 1.16981 1.26793 1.58453 1.14308 1.12489 1.48629 1.47602
threshold=0.33806301758129265 1.144642841892302 0.18621845708737503 1.0000000180025095e-35 9.5000000000000018 12.500000000000002 1.0000000180025095e-35 4.5000000000000009 1.0000000180025095e-35 3.5000000000000004 1.0000000180025095e-35 3.5000000000000004 10.500000000000002 1.0000000180025095e-35 3.5000000000000004 8.5000000000000018 0.8111321174248185 10.500000000000002 1.8316268875488217 20.500000000000004 1.0000000180025095e-35 1.0130834839572627 1.0000000180025095e-35 13.500000000000002 1.5423343093898365 0.64016356270154462 6.3682407829821726 0.91978011693624928 1.580533991990227 21.500000000000004
decision_type=2 2 2 2 2 2 2 2 2 2 2 2 2 2 2 2 2 2 2 2 2 2 2 2 2 2 2 2 2 2
left_child=2 4 -1 -4 6 14 -2 9 -9 -7 11 22 -13 -5 16 -16 19 -18 -17 23 -19 -22 27 -3 25 -25 -14 29 -29 -6
right_child=1 5 3 13 10 7 -8 8 -10 -11 -12 12 26 -15 15 18 17 20 -20 -21 21 -23 -24 24 -26 -27 -28 28 -30 -31
leaf_value=-0.011824048534363852 -0.0035700506390086689 0.00061688214330190552 -0.0045014870325550413 0.002607458571026326 -0.0030103145117429046 0.002218096876891566 0.00012153810740386216 0.0021899928836925197 -0.0028427717766278688 -0.0038502669984584862 -0.006224567423507776 -0.0036583526123447011 0.0078170757615162734 -0.0006768940466871364 -0.0011811429945430868 0.014988222969096868 -0.0067233312158389794 -0.0072548187983977764 -0.0010406824824250481 -0.0023324228873313857 0.0080808239870597404 -0.0017811688519247118 -0.0014887086265192419 0.0054970960460572265 0.0096031210517348101 -0.0024063046437822048 -0.00062052908136581088 0.0044205511868201496 -0.00078942829915828832 0.0039495370640850224
leaf_weight=25640 5752 1122 5526 94 611 2207 995 21738 2171 3263 1101 4268 48 844 1420 515 1979 1101 415 656 250 4487 3285 125 61 133 3383 2181 1177 319
leaf_count=25640 5752 1122 5526 94 611 2207 995 21738 2171 3263 1101 4268 48 844 1420 515 1979 1101 415 656 250 4487 3285 125 61 133 3383 2181 1177 319
internal_value=-0.00176412 -0.000325264 -0.00466671 -0.00345297 -0.00100346 5.12679e-05 -0.00200608 0.000328635 0.000527206 -0.000539306 -0.000590302 -0.000452463 -0.000992987 -0.000149255 -0.000613178 0.000468084 -0.000869479 -0.00123257 0.00225806 0.000484024 -0.0007691 -0.000387377 9.70541e-05 0.00141915 0.00409091 0.00255814 -0.000161762 0.000678637 0.00110482 -0.000860216
internal_weight=96867 64763 32104 6464 23120 41643 6747 29379 23909 5470 16373 15272 7699 938 12264 2350 9914 7817 930 2097 5838 4737 7573 1441 319 258 3431 4288 3358 930
internal_count=96867 64763 32104 6464 23120 41643 6747 29379 23909 5470 16373 15272 7699 938 12264 2350 9914 7817 930 2097 5838 4737 7573 1441 319 258 3431 4288 3358 930
is_linear=0
shrinkage=0.05


Tree=59
num_leaves=31
num_cat=0
split_feature=14 0 14 4 12 2 6 4 12 14 4 6 0 12 14 2 3 4 4 4 9 13 14 4 9 10 7 2 14 13
split_gain=159.996 7.25266 5.2766 3.89581 3.84906 2.47851 2.6305 1.97922 1.47558 2.00887 1.46173 1.35407 1.25047 1.78187 1.58794 1.24441 1.2181 1.94553 1.31656 1.11431 1.0509 1.02155 1.02051 1.13008 2.39616 1.09412 0.940779 0.970286 1.06822 0.908943
threshold=0.35208839802829789 12.500000000000002 0.18621845708737503 1.0000000180025095e-35 0.88633335334409069 4.5000000000000009 1.0000000180025095e-35 1.0000000180025095e-35 1.5260017570108799 0.8111321174248185 1.5000000000000002 1.0000000180025095e-35 16.500000000000004 0.39007067860011652 1.0934280538995245 9.5000000000000018 1.0000000180025095e-35 5.5000000000000009 3.5000000000000004 1.0000000180025095e-35 8.1688229513542439 0.31785451061863679 0.75473980904493376 1.0000000180025095e-35 8.4133431082311336 6.5216906299781039 1.0000000180025095e-35 25.500000000000004 2.2746248560556226 1.7632493506213716
decision_type=2 2 2 2 2 2 2 2 2 2 2 2 2 2 2 2 2 2 2 2 2 2 2 2 2 2 2 2 2 2
left_child=2 5 -1 -4 12 -2 8 -6 19 10 -10 16 21 22 15 -15 17 18 -9 -7 -17 -3 23 24 -14 -25 -19 28 -28 -16
right_child=1 4 3 -5 7 6 -8 11 9 -11 -12 -13 13 14 29 20 -18 26 -20 -21 -22 -23 -24 25 -26 -27 27 -29 -30 -31
leaf_value=-0.011259939180253812 -0.0042853874633118063 0.0029062594967255496 -0.00024516353797367912 -0.00425540613423537 0.0056022018208207007 2.8212363841556398e-05 -0.0067229598617788147 0.001984462137746132 0.0078756788793939436 -0.0011196327720556759 0.0016930659025210953 -0.0031790696178946318 -9.2532017487149086e-05 -0.00094376248248069766 0.0016720468602860038 0.0027031932595771809 -0.00039565869554599267 0.0028563470635131708 -0.0022931566138367819 -0.0019912577991502201 0.019418074961324135 -0.0035546655499019233 -0.0036510696806942508 0.016311912802840323 0.0091388838713489292 -0.0015385000334025101 0.025546494466183296 0.038103754280610247 -0.00011288190941878464 -0.0026668291972622511
leaf_weight=25645 3838 55 974 5889 4569 1673 1538 3240 92 6187 436 2399 107 75 2882 60 11753 7668 2956 6520 56 2554 3163 40 54 795 89 63 169 1181
leaf_count=25645 3838 55 974 5889 4569 1673 1538 3240 92 6187 436 2399 107 75 2882 60 11753 7668 2956 6520 56 2554 3163 40 54 795 89 63 169 1181
internal_value=-0.00178505 -0.0003381 -0.00464317 -0.00341177 2.2991e-05 -0.0011201 -0.000853096 0.000293866 -0.000649988 -0.000100522 0.00285985 0.000138157 -0.000785703 -0.000489125 0.00023037 0.00468586 0.000243271 0.000555163 -0.000109749 -0.00110033 0.00793103 -0.00174205 -0.00122506 0.000170682 0.00400621 -0.000568863 0.00107085 0.00372274 0.00236434 2.09193e-05
internal_weight=96720 64212 32508 6863 43928 20284 16446 32906 14908 6715 528 28337 11022 8413 4254 191 25938 14185 6196 8193 116 2609 4159 996 161 835 7989 321 258 4063
internal_count=96720 64212 32508 6863 43928 20284 16446 32906 14908 6715 528 28337 11022 8413 4254 191 25938 14185 6196 8193 116 2609 4159 996 161 835 7989 321 258 4063
is_linear=0
shrinkage=0.05


Tree=60
num_leaves=31
num_cat=0
split_feature=14 0 14 4 12 4 4 12 14 8 1 6 1 14 14 8 14 12 13 0 0 12 8 14 6 2 10 13 10 2
split_gain=157.736 7.60324 5.08553 3.42959 3.01509 2.66893 2.23846 2.14603 1.52337 1.45653 1.48961 2.24807 1.93021 2.21177 1.43813 1.28071 1.23112 1.31831 2.31244 1.20083 1.18636 2.1023 1.28246 1.28223 1.10509 1.32982 0.9906 0.977455 0.956377 0.936545
threshold=0.33806301758129265 12.500000000000002 0.21491882147311586 7.5000000000000009 0.96260034456839605 1.0000000180025095e-35 1.0000000180025095e-35 1.127708237104577 1.1510957525484971 3.5000000000000004 3.5000000000000004 1.0000000180025095e-35 5.5000000000000009 1.1722672580382916 1.0934280538995245 1.0000000180025095e-35 0.96754055282421392 0.34771450359961475 1.7243216747023489 18.500000000000004 20.500000000000004 2.0244651440600081 1.5000000000000002 2.122017345078635 1.0000000180025095e-35 5.5000000000000009 8.48369581756935 0.33069641203793926 7.9078086359491522 23.500000000000004
decision_type=2 2 2 2 2 2 2 2 2 2 2 2 2 2 2 2 2 2 2 2 2 2 2 2 2 2 2 2 2 2
left_child=2 3 -1 -2 15 -4 -6 8 -5 10 11 14 -12 -14 -8 16 -3 28 -19 -11 21 22 -16 -22 25 -17 -15 -27 -18 -9
right_child=1 4 5 7 6 -7 9 29 -10 19 12 -13 13 26 20 24 17 18 -20 -21 23 -23 -24 -25 -26 27 -28 -29 -30 -31
leaf_value=-0.0098477551878792535 -0.00078288125409584509 0.008130249707665467 -0.00023290525422152333 -0.0040148645209121285 0.0061086422448304754 -0.0038343382970079071 0.0089202107869822099 -0.0039893812213981916 -0.00069506981607410389 -0.0048571472336631314 -0.0021769136743232521 -0.0028442186198459306 0.017060256211788222 0.0010897813444597649 -0.0025463212936956761 -0.0037074094918158594 -0.0011492962950248949 0.0094081310644172148 -0.0015881471220334593 0.00047683320546548303 0.012767082194463628 0.0039032683391435636 0.0022355863560927338 0.0022661355029777275 -0.0056355968306525343 0.0034437200595183468 0.015149951503096682 -0.00081197271025261703 -0.0078326002040870844 -0.0013398550838724975
leaf_weight=26983 8828 90 674 4185 4389 4291 138 4400 571 1466 6428 2109 100 3556 2593 2328 848 569 686 1058 823 6721 1702 719 630 86 42 6606 236 2767
leaf_count=26983 8828 90 674 4185 4389 4291 138 4400 571 1466 6428 2109 100 3556 2593 2328 848 569 686 1058 823 6721 1702 719 630 86 42 6606 236 2767
internal_value=-0.00177351 -0.000353621 -0.00464787 -0.00114236 1.90093e-05 -0.00317724 0.000274148 -0.00169546 -0.00251892 0.000106537 0.000222413 0.000542045 -0.000244915 0.000665223 0.000793162 -0.000653615 0.00037258 0.000151773 0.00125498 -0.00103804 0.000737377 0.000555554 -0.000308499 0.00203632 -0.000911918 -0.000770511 0.000461366 -0.000412434 -0.00112546 -0.00114902
internal_weight=96622 64674 31948 20751 43923 4965 31844 11923 4756 27455 24931 14805 10126 3698 12696 12079 2429 2339 1255 2524 12558 11016 4295 1542 9650 9020 3598 6692 1084 7167
internal_count=96622 64674 31948 20751 43923 4965 31844 11923 4756 27455 24931 14805 10126 3698 12696 12079 2429 2339 1255 2524 12558 11016 4295 1542 9650 9020 3598 6692 1084 7167
is_linear=0
shrinkage=0.05


Tree=61
num_leaves=31
num_cat=0
split_feature=14 0 14 4 12 4 11 0 8 8 14 8 8 14 1 13 14 12 0 14 1 0 14 3 2 11 8 14 2 7
split_gain=154.716 6.49223 6.08372 4.64629 3.48454 2.59623 2.07448 2.00502 1.6614 2.77907 2.5552 2.98902 2.10889 2.48374 2.7243 2.08492 1.92743 1.61401 1.46723 2.6137 1.5764 1.65021 1.39201 1.37302 1.33401 1.50037 1.28147 1.76223 1.27217 1.27688
threshold=0.33806301758129265 12.500000000000002 0.18621845708737503 1.0000000180025095e-35 0.88633335334409069 1.5000000000000002 1.6532454442056228 19.500000000000004 3.5000000000000004 1.5000000000000002 0.98321410447944702 1.0000000180025095e-35 2.5000000000000004 1.6483436658293988 3.5000000000000004 0.9959348209140767 1.4046003497233397 2.5031710056371956 15.500000000000002 1.4987510280621184 3.5000000000000004 14.500000000000002 1.7560480992863496 1.0000000180025095e-35 12.500000000000002 1.1796617473822806 2.5000000000000004 1.5448855561719099 25.500000000000004 1.0000000180025095e-35
decision_type=2 2 2 2 2 2 2 2 2 2 2 2 2 2 2 2 2 2 2 2 2 2 2 2 2 2 2 2 2 2
left_child=2 5 -1 -4 -3 -2 -7 8 9 10 15 18 -11 14 17 -6 -16 -14 19 20 24 -22 -20 28 -12 -26 27 -9 -15 -30
right_child=1 4 3 -5 7 6 -8 26 -10 12 11 -13 13 23 16 -17 -18 -19 22 -21 21 -23 -24 -25 25 -27 -28 -29 29 -31
leaf_value=-0.010216645595309971 0.00011632508281904197 -0.0017000908173622484 1.2416033498793101e-05 -0.0038389573993655706 0.0028427285931504568 -0.0028737546151408376 -0.0018783932431329299 0.013505768781044418 -0.0036937872000846806 0.015938148763870067 0.013220159983167074 -0.0030746797851490689 0.015632230782630159 0.0013268975600111493 0.0090483504135740068 0.014392120740344544 0.00013183813243610891 0.018240367305883114 0.0072455659494819781 -0.0054229663433782811 -0.0040281817348184713 0.0096589480558490898 0.0016040859741832431 -0.0023716480387570645 0.013553084023015752 -0.0013161343075581162 -0.00081746004450891922 0.0045784496907909956 0.010171782281718588 0.039829285788596687
leaf_weight=25606 3459 11000 905 5606 179 10511 6745 304 2308 846 261 6817 309 3305 236 79 805 62 579 1860 701 216 3996 1996 84 280 1960 5400 273 54
leaf_count=25606 3459 11000 905 5606 179 10511 6745 304 2308 846 261 6817 309 3305 236 79 805 62 579 1860 701 216 3996 1996 84 280 1960 5400 273 54
internal_value=-0.00176976 -0.000360156 -0.00460613 -0.00324144 -1.59429e-05 -0.00108979 -0.0013404 0.000241567 2.65377e-05 0.0001552 -0.000243158 -0.000329189 0.000915545 0.000632101 0.00250708 0.00468992 0.00119596 0.00618598 0.000327816 -0.000458555 0.00106355 -0.000256272 0.000912567 0.00016169 0.003 0.00104395 0.000949894 0.00132889 0.000740638 0.0037156
internal_weight=96742 64625 32117 6511 43910 20715 17256 32910 25246 22938 15052 14794 7886 7040 1412 258 1041 371 7977 3402 1542 917 4575 5628 625 364 7664 5704 3632 327
internal_count=96742 64625 32117 6511 43910 20715 17256 32910 25246 22938 15052 14794 7886 7040 1412 258 1041 371 7977 3402 1542 917 4575 5628 625 364 7664 5704 3632 327
is_linear=0
shrinkage=0.05


Tree=62
num_leaves=31
num_cat=0
split_feature=14 0 4 14 4 11 6 1 4 12 13 2 13 14 13 0 1 8 9 14 0 2 2 13 2 12 14 0 1 14
split_gain=152.972 7.73389 5.24061 4.75815 3.26065 3.24298 2.52989 2.62942 1.87404 1.5271 1.35871 1.2472 1.19 1.12963 1.76724 1.11305 1.69492 1.66497 1.25692 1.09221 1.08764 1.08253 1.46264 0.988519 0.987572 0.986205 1.24709 0.91521 1.56562 0.859924
threshold=0.2989680364959823 8.5000000000000018 3.5000000000000004 0.1650978538400571 1.0000000180025095e-35 1.1117419506711426 1.0000000180025095e-35 3.5000000000000004 7.5000000000000009 1.2262478765103497 0.38142354505681708 24.500000000000004 0.33069641203793926 0.66942980461417545 0.57051563843242903 19.500000000000004 1.5000000000000002 1.5000000000000002 7.1961919126441538 0.96754055282421392 17.500000000000004 18.500000000000004 16.500000000000004 1.7760424220819302 14.500000000000002 0.24533744914098818 1.2236211263607217 1.0000000180025095e-35 2.5000000000000004 1.5642527002665703
decision_type=2 2 2 2 2 2 2 2 2 2 2 2 2 2 2 2 2 2 2 2 2 2 2 2 2 2 2 2 2 2
left_child=3 8 12 -1 -5 15 7 10 -2 -10 -7 -9 -3 14 -11 16 -4 19 -19 -17 -8 22 24 29 -14 -21 -27 28 -6 -22
right_child=1 2 5 4 27 6 20 11 9 13 -12 -13 21 -15 -16 17 -18 18 -20 25 23 -23 -24 -25 -26 26 -28 -29 -30 -31
leaf_value=-0.010318054944491112 -0.0012581727042390784 0.0042069306565581145 -0.00059696891152508644 -0.00060935545432294321 0.0028503348728534839 0.0093433195580078891 -0.0058246655848479033 -0.0020447194012926965 -0.0038697627012673113 -0.0012690134246842379 0.0011901056531909886 0.0012228075140418551 0.00088416772541979676 -0.0043909822043492024 0.0039914308498689311 0.0080673688073261678 -0.0037953469022339748 0.0041011584307038829 -0.0031332108010375991 -0.0053933097929069126 0.014918430250415022 0.0051205207741372933 -0.0012471178455639869 -0.0027416163568724748 0.0050286541629863887 0.0051808267290085084 0.00062656020882047043 -0.0041708051925417192 -0.00296779430222243 0.004687808393230416
leaf_weight=24565 3312 70 2167 939 74 57 2019 9390 3817 46 14089 2277 5490 694 55 77 5680 173 3590 552 52 2757 2708 867 2751 237 2698 5295 173 150
leaf_count=24565 3312 70 2167 939 74 57 2019 9390 3817 46 14089 2277 5490 694 55 77 5680 173 3590 552 52 2757 2708 867 2751 237 2698 5295 173 150
internal_value=-0.00177704 -0.000411632 -0.000210974 -0.00466985 -0.00346474 -0.000477029 -0.000166258 -4.45631e-06 -0.00187658 -0.00252819 0.000453837 -0.000560128 0.000640243 -0.000534592 0.00440594 -0.00106893 -0.00148273 -0.000625769 -0.00135929 0.000148708 -0.00151878 0.000607032 0.000384052 -0.000229187 0.000715325 1.86395e-05 0.000383304 -0.00392638 -0.000951418 0.00292079
internal_weight=96821 65775 57851 31046 6481 44075 28901 25813 7924 4612 14146 11667 13776 795 101 15174 7847 7327 3763 3564 3088 13706 10949 1069 8241 3487 2935 5542 247 202
internal_count=96821 65775 57851 31046 6481 44075 28901 25813 7924 4612 14146 11667 13776 795 101 15174 7847 7327 3763 3564 3088 13706 10949 1069 8241 3487 2935 5542 247 202
is_linear=0
shrinkage=0.05


Tree=63
num_leaves=31
num_cat=0
split_feature=14 0 14 11 4 4 4 4 1 2 14 10 2 13 8 0 1 1 0 0 8 10 12 0 13 4 9 2 1 12
split_gain=150.436 8.09819 4.57902 3.54844 2.98461 2.56935 2.51546 1.71828 1.65089 1.72049 1.58949 1.25769 1.01034 1.00444 0.916446 1.7483 1.21976 1.23667 1.17395 1.07807 0.885783 1.16363 0.88276 0.960322 1.06927 1.01536 0.830783 0.807768 1.36384 0.76962
threshold=0.27902878525081015 8.5000000000000018 0.17870156100901541 2.1396246490835984 1.0000000180025095e-35 1.5000000000000002 7.5000000000000009 1.0000000180025095e-35 3.5000000000000004 9.5000000000000018 0.45677519373947462 7.5462372585311437 9.5000000000000018 1.3151550947220201 1.5000000000000002 16.500000000000004 4.5000000000000009 1.5000000000000002 16.500000000000004 9.5000000000000018 1.0000000180025095e-35 8.244914729201275 0.96260034456839605 20.500000000000004 1.7760424220819302 9.5000000000000018 9.4934426062098094 5.5000000000000009 3.5000000000000004 1.0934661344549224
decision_type=2 2 2 2 2 2 2 2 2 2 2 2 2 2 2 2 2 2 2 2 2 2 2 2 2 2 2 2 2 2
left_child=2 6 -1 5 -4 -3 -2 -5 13 -10 -8 -11 27 -7 15 -14 17 18 -16 -18 21 -17 -15 26 25 29 -24 -9 -29 -25
right_child=1 3 4 7 -6 8 10 12 9 11 -12 -13 14 22 16 20 19 -19 -20 -21 -22 -23 23 24 -26 -27 -28 28 -30 -31
leaf_value=-0.0094220950538975844 -0.0010508949353630055 0.0008277762113916903 -0.0003875726052347327 0.0095349082956820708 -0.0037204671489426372 -0.0013335993310052792 -0.0040313320529337142 3.6382579644931064e-05 -0.0036082430111100102 0.00059720925538169715 -0.0032134714692079974 -0.0022155684452941078 -0.0040834610095918005 -0.0020986365842815343 0.0081114891855261061 0.0049059218940461051 0.014399915453658632 -0.0038643318901233183 -0.0044821408297631409 0.0031523844835938636 -0.0023511382926649591 -0.0061703098790968115 -0.000251333707195777 0.024473852998622633 0.0019601022120627957 0.0035219916471296471 0.0087771921951059779 0.0048087772080786795 -0.0022042335019089947 0.014535877929444477
leaf_weight=25154 3650 7938 697 1423 4271 8612 2028 3189 8747 2718 2935 2371 2329 2474 636 1490 66 1084 422 1319 1538 144 5449 48 846 224 128 3996 708 154
leaf_count=25154 3650 7938 697 1423 4271 8612 2028 3189 8747 2718 2935 2371 2329 2474 636 1490 66 1084 422 1319 1538 144 5449 48 846 224 128 3996 708 154
internal_value=-0.00175373 -0.000428705 -0.00468628 -0.000216441 -0.00329912 -0.000482134 -0.0018594 0.000358699 -0.000683171 -0.00109353 -0.00259218 -0.000362548 0.000218367 -0.000366603 -0.00014289 -0.000546266 0.000486248 -0.000261439 0.00095463 0.0016426 0.000217527 0.00102815 -6.9732e-06 0.000285442 0.00152516 0.00356807 2.68843e-06 0.000631571 0.00104804 0.00613861
internal_weight=96788 66666 30122 58053 4968 39709 8613 18344 31771 13836 4963 5089 16921 17935 9028 5501 3527 2142 1058 1385 3172 1634 9323 6849 1272 426 5577 7893 4704 202
internal_count=96788 66666 30122 58053 4968 39709 8613 18344 31771 13836 4963 5089 16921 17935 9028 5501 3527 2142 1058 1385 3172 1634 9323 6849 1272 426 5577 7893 4704 202
is_linear=0
shrinkage=0.05


Tree=64
num_leaves=31
num_cat=0
split_feature=14 0 14 4 6 1 1 3 14 4 14 4 14 4 2 2 9 11 14 7 13 7 14 13 11 14 9 2 14 13
split_gain=150.75 7.19709 4.23402 3.01108 2.72642 3.02381 4.01579 2.68438 1.83507 1.79222 1.80128 1.45796 1.30525 1.45738 1.21084 1.09914 1.12336 1.07999 1.06403 1.01018 0.968984 0.949423 0.854535 0.833092 0.823232 1.3718 0.822007 0.788674 0.752077 0.748278
threshold=0.27902878525081015 8.5000000000000018 0.1650978538400571 1.0000000180025095e-35 1.0000000180025095e-35 3.5000000000000004 5.5000000000000009 1.0000000180025095e-35 1.182773151721862 8.5000000000000018 0.44206302601010677 9.5000000000000018 0.38686320398709767 4.5000000000000009 28.500000000000004 11.500000000000002 7.4581302845945263 0.72883507490400479 1.0683955935720295 1.0000000180025095e-35 0.93809801806673188 1.0000000180025095e-35 0.38686320398709767 0.46280463479336115 1.4524321949659302 1.213379077275677 9.4934426062098094 10.500000000000002 1.1722672580382916 1.3971976855270074
decision_type=2 2 2 2 2 2 2 2 2 2 2 2 2 2 2 2 2 2 2 2 2 2 2 2 2 2 2 2 2 2
left_child=2 9 -1 -4 5 7 12 22 -6 -2 -11 29 13 -7 19 18 -17 -14 -8 26 -16 23 -3 -18 -12 -26 -13 -19 -20 -9
right_child=1 4 3 -5 8 6 15 11 -10 10 24 14 17 -15 20 16 21 27 28 -21 -22 -23 -24 -25 25 -27 -28 -29 -30 -31
leaf_value=-0.0093504445211217979 -0.0011216798837794882 -0.0041052461182596988 -0.00059191574559390025 -0.003693399513091724 -0.0058324440073245542 0.0045030881636727122 -0.0036809221969828494 -0.0049888526156784858 -0.0025838534038590453 -0.0040302775172596289 -0.0028834531507408202 0.00094176380589881348 -0.0032910387437592747 -0.00013792722831225681 -0.0031209059470682409 0.0074304104350906858 0.0052618938181435947 -0.0029766870242433534 0.0057317396162382362 0.011273938977301657 -0.00051011028434602517 0.011740538984061024 0.0020058181915328373 0.0012860696788239731 0.003672833505486266 -0.0086139054078409414 0.004616027812793938 -0.00076032994363429149 -4.6684246777009244e-05 -0.0013941789825809576
leaf_weight=24491 4040 99 794 4911 866 57 672 1224 3277 1788 2192 3924 3811 109 1209 318 80 7083 166 144 4330 106 16501 3622 278 273 69 5435 3310 1561
leaf_count=24491 4040 99 794 4911 866 57 672 1224 3277 1788 2192 3924 3811 109 1209 318 80 7083 166 144 4330 106 16501 3622 278 273 69 5435 3310 1561
internal_value=-0.0017454 -0.000415816 -0.00467545 -0.00344873 -0.000215878 -0.000120752 -0.000526668 0.000225215 -0.00145185 -0.00176817 -0.0024509 -0.000329429 -0.00097757 0.00343373 -3.92736e-05 0.000372249 0.000950072 -0.00102242 -0.000202508 0.000607927 -0.000522659 0.000711658 0.000641565 0.000578065 -0.00164601 8.16685e-05 0.000459553 -0.000798052 0.000149596 -0.00133752
internal_weight=96740 66544 30196 5705 57973 53830 24769 29061 4143 8571 4531 12461 16495 166 9676 8274 4126 16329 4148 4137 5539 3808 16600 3702 2743 551 3993 12518 3476 2785
internal_count=96740 66544 30196 5705 57973 53830 24769 29061 4143 8571 4531 12461 16495 166 9676 8274 4126 16329 4148 4137 5539 3808 16600 3702 2743 551 3993 12518 3476 2785
is_linear=0
shrinkage=0.05


Tree=65
num_leaves=31
num_cat=0
split_feature=14 14 0 4 8 0 12 11 14 4 4 14 0 2 14 12 9 11 13 4 4 12 14 0 1 1 2 12 11 0
split_gain=152.438 8.02166 5.12838 4.77228 2.58299 3.14866 2.36492 2.1656 1.98449 1.9077 1.80782 1.39206 1.38874 1.17011 1.12502 1.23083 2.03444 1.11817 1.15835 1.19318 1.08798 0.999042 0.923089 0.899649 0.888472 1.79735 1.27685 0.960975 0.918899 0.884122
threshold=0.33806301758129265 0.1650978538400571 12.500000000000002 1.0000000180025095e-35 3.5000000000000004 8.5000000000000018 0.6091033743276294 0.71395200432043016 1.7979313060407407 8.5000000000000018 1.0000000180025095e-35 1.4142411981559178 20.500000000000004 23.500000000000004 1.5448855561719099 0.86731382346897345 8.2737830991807133 3.5815273656378563 1.2044135671301424 9.5000000000000018 1.5000000000000002 0.23801269327374347 1.2340644875082172 1.0000000180025095e-35 3.5000000000000004 5.5000000000000009 13.500000000000002 2.2499799031666559 2.4544972227762987 13.500000000000002
decision_type=2 2 2 2 2 2 2 2 2 2 2 2 2 2 2 2 2 2 2 2 2 2 2 2 2 2 2 2 2 2
left_child=1 -1 4 23 9 -6 11 -4 -8 -2 -9 21 17 -11 15 -14 -17 24 19 -19 -10 -7 -23 -3 26 -26 -12 -28 -29 -25
right_child=2 3 7 -5 5 6 8 10 20 13 12 -13 14 -15 -16 16 -18 18 -20 -21 -22 22 -24 29 25 -27 27 28 -30 -31
leaf_value=-0.0088571282064843892 -0.0010432093248668945 0.0022007965648008503 -0.0012681944524607332 -0.0033166207224283499 -0.0027294222401797442 -0.0075192006706786708 0.016316990539758623 0.005050541805064538 0.017220767335116387 -0.0039330981092482844 0.001646651313947271 -0.0060126244797741937 0.0017509817153301699 -0.0018633244824564116 0.0020582127495065981 0.023366587916073146 0.0023264905237297714 0.0067507973945137899 0.0013195729707583188 0.015511796862869687 -0.00085811890349735565 0.0087575475237006446 0.00011720276800620622 -0.00056259276426282305 -0.0029908943156545004 0.0011932002856371491 -0.0032023016960324932 0.0021167324244022144 -0.0032281648276583177 0.0018161686154001119
leaf_weight=24445 7976 100 9906 6538 1981 135 721 4611 70 5207 6417 319 545 3596 3455 104 125 220 4200 60 464 133 184 934 6111 2661 3087 1596 728 50
leaf_count=24445 7976 100 9906 6538 1981 135 721 4611 70 5207 6417 319 545 3596 3455 104 125 220 4200 60 464 133 184 934 6111 2661 3087 1596 728 50
internal_value=-0.00168904 -0.00450728 -0.00029035 -0.00309105 -0.00093717 0.000203393 0.00158934 1.64274e-05 0.00292829 -0.00120955 0.000206367 -0.000590144 6.1584e-05 -0.00171703 0.000899739 0.00262274 0.00569869 -7.9746e-05 0.00063616 0.00375 0.000617976 0.00119469 0.00272871 -1.84514e-05 -0.000235438 -0.000616736 4.73441e-05 -0.00051839 0.000249569 -0.000477643
internal_weight=96679 32067 64612 7622 20786 4007 2026 43826 1255 16779 33920 771 29309 8803 4229 774 229 25080 4480 280 534 452 317 1084 20600 8772 11828 5411 2324 984
internal_count=96679 32067 64612 7622 20786 4007 2026 43826 1255 16779 33920 771 29309 8803 4229 774 229 25080 4480 280 534 452 317 1084 20600 8772 11828 5411 2324 984
is_linear=0
shrinkage=0.05


Tree=66
num_leaves=31
num_cat=0
split_feature=14 14 14 4 4 6 2 0 12 11 14 12 1 3 1 2 10 6 11 0 14 8 8 11 11 13 14 10 9 11
split_gain=150.265 6.90252 5.1672 3.95574 2.77442 2.25542 2.85347 1.75208 1.42096 1.44255 1.33331 1.27692 1.43488 1.93213 1.22789 1.03115 1.04051 1.00797 0.99293 0.920129 0.88301 0.908399 1.7321 0.958687 0.851828 0.842081 0.837588 0.812486 0.803879 0.796398
threshold=0.27902878525081015 0.57495924942895926 0.14025677994862054 1.0000000180025095e-35 7.5000000000000009 1.0000000180025095e-35 4.5000000000000009 22.500000000000004 1.111259116614127 0.96705685249811701 1.610285747657193 2.5031710056371956 3.5000000000000004 1.0000000180025095e-35 5.5000000000000009 15.500000000000002 7.3542622043925308 1.0000000180025095e-35 2.1150661114527134 13.500000000000002 0.96754055282421392 1.5000000000000002 2.5000000000000004 2.1663703362806506 0.72883507490400479 0.57051563843242903 0.22211085468778977 6.9055226160628376 7.0973673913061956 1.0467999530092691
decision_type=2 2 2 2 2 2 2 2 2 2 2 2 2 2 2 2 2 2 2 2 2 2 2 2 2 2 2 2 2 2
left_child=2 4 -1 -4 7 6 18 8 15 -10 -7 12 13 -8 20 -2 27 29 19 -3 25 -22 23 -23 -21 -14 -5 -17 -28 -6
right_child=1 5 3 26 17 10 11 -9 9 -11 -12 -13 14 -15 -16 16 -18 -19 -20 24 21 22 -24 -25 -26 -27 28 -29 -30 -31
leaf_value=-0.0091514968312354419 -0.0018947892847055226 -0.0037390513760340925 -0.00038934157625495502 -0.0041047106695533157 -0.0028134891134776866 -0.0046468052916161084 0.0016568958374237669 0.0064136384162842191 0.0096918175583577196 0.0012440806019758375 -0.0012159645289342342 0.0019655989196989618 -0.0023308173128926369 -0.001286942120337818 0.00052093080669119655 -0.0013528132241627609 -0.0012139579234778791 -0.0061059870420150575 0.00070754172429942795 -0.0039995840208199504 -0.004259649680594526 0.0046702400637771589 -0.0019829340174979779 0.021305142423098777 -0.00081027762060264087 0.00072525385973180856 0.0012940296308846884 0.0033164193712800073 -0.0029791621891189606 -0.00028169529858620247
leaf_weight=22875 2260 2920 1014 3918 3424 2083 12908 58 44 232 2161 9495 316 6508 4880 106 557 558 2001 2015 4463 130 3006 73 4091 1586 49 244 2249 531
leaf_count=22875 2260 2920 1014 3918 3424 2083 12908 58 44 232 2161 9495 316 6508 4880 106 557 558 2001 2015 4463 130 3006 73 4091 1586 49 244 2249 531
internal_value=-0.00169113 -0.000366843 -0.00462299 -0.00345782 -0.0017432 -0.000178731 -9.21103e-05 -0.000686948 -0.000832124 0.00260869 -0.00128888 9.05096e-05 -5.31456e-05 0.000227646 -0.000430332 -0.00113199 0.000292171 -0.0025626 -0.000810285 -0.00103368 -0.000759349 -0.000998437 -0.00035681 0.0041133 -0.000684574 0.000205046 -0.00393018 0.00242857 -0.00317232 -0.00228192
internal_weight=96755 66650 30105 7230 8014 58636 54392 3501 3443 276 4244 43365 33870 19416 14454 3167 907 4513 11027 9026 9574 7672 3209 203 6106 1902 6216 350 2298 3955
internal_count=96755 66650 30105 7230 8014 58636 54392 3501 3443 276 4244 43365 33870 19416 14454 3167 907 4513 11027 9026 9574 7672 3209 203 6106 1902 6216 350 2298 3955
is_linear=0
shrinkage=0.05


Tree=67
num_leaves=31
num_cat=0
split_feature=14 0 14 4 4 6 2 12 0 14 9 13 13 2 2 13 11 1 1 11 4 14 11 11 14 9 0 9 12 13
split_gain=151.258 6.33864 5.91073 4.10553 2.53619 2.40148 1.98198 1.65324 1.62246 2.81553 1.43077 1.23947 1.06808 1.04632 1.30737 1.26565 0.906977 0.868758 0.97633 0.813692 0.886 0.788987 0.786051 0.816848 0.783471 0.812231 1.16728 0.734879 0.847071 0.733815
threshold=0.27902878525081015 11.500000000000002 0.14642576161854132 1.0000000180025095e-35 1.0000000180025095e-35 1.0000000180025095e-35 4.5000000000000009 0.86731382346897345 19.500000000000004 1.254898667010069 7.1961919126441538 0.46280463479336115 0.38142354505681708 5.5000000000000009 7.5000000000000009 2.5319308328611312 0.98350715881239925 3.5000000000000004 5.5000000000000009 0.013736085451027684 1.0000000180025095e-35 0.44206302601010677 0.93530309377049814 0.014943810810677889 1.610285747657193 8.5286749066711849 13.500000000000002 8.3051415326792455 0.72412079033307097 0.14671830223221019
decision_type=2 2 2 2 2 2 2 2 2 2 2 2 2 2 2 2 2 2 2 2 2 2 2 2 2 2 2 2 2 2
left_child=2 5 -1 29 12 6 11 10 13 -10 -6 -2 -3 16 15 24 -9 -14 -19 -8 -21 22 23 -22 25 -15 -27 28 -24 -4
right_child=1 4 3 -5 7 -7 19 8 9 -11 -12 -13 17 14 -16 -17 -18 18 -20 20 21 -23 27 -25 -26 26 -28 -29 -30 -31
leaf_value=-0.0085455061513708182 -0.0030121128683950143 0.0035452756029120758 -0.0018137042256708648 -0.0033727110549887323 0.0042752814178875628 -0.0057134474543961422 -0.002194661831156399 -0.0054368436680795329 0.016732839057367058 0.0021016286373160978 -0.0018309044633649737 -0.0029217839568238518 0.0044861211773389803 0.0026132543981058094 -0.00035235439680613248 0.01454092632680158 -0.0012926732574894675 -0.00085696089917918069 0.0054317958706290304 0.00037194842075622981 0.0025796547265527162 -0.00092459247989220411 -0.0026910191903811278 -0.0023157981201209839 -0.00044672604041977169 0.01187782895860231 0.0031664670526665266 -0.0018280300199874655 0.0021295390323755382 0.00013874578992837145
leaf_weight=23250 940 44 111 5864 267 1379 1267 808 61 6596 9283 2526 3423 851 15262 230 6047 2266 1131 2213 57 8240 50 1568 1529 76 134 153 141 852
leaf_count=23250 940 44 111 5864 267 1379 1267 808 61 6596 9283 2526 3423 851 15262 230 6047 2266 1131 2213 57 8240 50 1568 1529 76 134 153 141 852
internal_value=-0.0016518 -0.000321753 -0.00459438 -0.00330087 -1.85398e-05 -0.00110716 -0.00094579 -0.000166976 7.27867e-06 0.000700765 -0.000743457 -0.00201385 0.000871211 -0.000177849 2.15672e-05 0.00101064 -0.000703867 0.000821113 0.000254635 -0.000675361 -0.000552247 -0.00074885 -0.00164805 -0.00210769 0.00069498 0.00173892 0.00452381 0.000523255 0.00259162 -0.000275183
internal_weight=96619 66542 30077 6827 48008 18534 17155 41144 31594 6657 9550 3466 6864 24937 18082 2820 6855 6820 3397 13689 12422 10209 1969 1625 2590 1061 210 344 191 963
internal_count=96619 66542 30077 6827 48008 18534 17155 41144 31594 6657 9550 3466 6864 24937 18082 2820 6855 6820 3397 13689 12422 10209 1969 1625 2590 1061 210 344 191 963
is_linear=0
shrinkage=0.05


Tree=68
num_leaves=31
num_cat=0
split_feature=14 14 0 4 6 2 14 4 1 1 2 6 14 2 0 12 11 14 12 12 14 12 2 10 11 14 13 2 14 0
split_gain=147.904 6.01031 5.86766 2.76014 2.53269 2.17602 2.1715 2.96405 1.34612 2.10873 1.35838 1.29106 1.11788 1.04976 1.03638 0.924727 0.873252 0.845742 0.817241 0.814451 0.889213 0.8056 0.764342 1.18668 0.764004 0.752851 0.938834 0.730481 0.715108 2.51549
threshold=0.26983293981221812 0.1650978538400571 12.500000000000002 2.5000000000000004 1.0000000180025095e-35 5.5000000000000009 0.45677519373947462 7.5000000000000009 3.5000000000000004 5.5000000000000009 28.500000000000004 1.0000000180025095e-35 1.777302339336903 4.5000000000000009 1.0000000180025095e-35 0.78721326236926303 0.7609916245258197 0.95212868522054228 0.52066231261145879 1.4946896374400966 1.2443660819559548 1.2416670953716158 18.500000000000004 7.4010022939192739 1.2785630314478074 1.4142411981559178 1.6382729737348802 25.500000000000004 1.1932275766107703 14.500000000000002
decision_type=2 2 2 2 2 2 2 2 2 2 2 2 2 2 2 2 2 2 2 2 2 2 2 2 2 2 2 2 2 2
left_child=1 -1 6 -3 5 16 7 15 10 17 18 13 -6 -8 -5 22 -4 -10 -7 20 21 27 -2 -24 -19 26 -21 -11 29 -20
right_child=2 3 4 14 12 8 11 -9 9 19 -12 -13 -14 -15 -16 -17 -18 24 28 25 -22 -23 23 -25 -26 -27 -28 -29 -30 -31
leaf_value=-0.0076649158435195819 -0.0013641369520981654 -0.00066913078693891473 -0.0030687227134974567 0.00084077897725787654 -0.0044985760183621397 -0.00033963184852628658 -0.0025761513422589439 -0.0028334410235789434 0.00068925052311372072 -0.00012511309673085913 -0.00057873111031234018 -0.0044303194279226915 -0.001634220812442817 -0.00083378927668707997 -0.0032513492377558915 0.0020577429212041889 -0.00079356450037565754 -0.0043108558714447052 0.015509084331157589 0.006093170489408742 -0.0034304452559335962 0.015012857082277776 0.0026469301601304797 -0.0010306853299186954 -0.00081265474208441876 0.003173795874186459 0.015956212093087896 0.0056655128773651841 0.0032499686308541951 0.0016974381037840611
leaf_weight=24386 1467 1042 2811 103 1549 1907 3400 2602 1069 424 4222 1351 1600 13598 4213 298 7642 2697 131 217 959 64 76 99 4671 2364 41 112 10923 695
leaf_count=24386 1467 1042 2811 103 1549 1907 3400 2602 1069 424 4222 1351 1600 13598 4213 298 7642 2697 131 217 959 64 76 99 4671 2364 41 112 10923 695
internal_value=-0.00166918 -0.00460328 -0.000366405 -0.00308697 -2.92542e-05 7.58248e-05 -0.0010159 -0.00199472 0.000289217 -0.000106199 0.000568295 -0.000773613 -0.00139568 -0.000655372 -0.00364458 -0.000515465 -0.000546734 -0.00056122 0.000810631 0.000812006 -9.30095e-05 0.00141667 -0.000980513 0.00214286 -0.000751901 0.00135011 0.00391473 0.000783581 0.000966464 0.00238499
internal_weight=96733 29744 66989 5358 44098 40949 22891 4542 30496 12618 17878 18349 3149 16998 4316 1940 10453 8437 13656 4181 1559 600 1642 175 7368 2622 258 536 11749 826
internal_count=96733 29744 66989 5358 44098 40949 22891 4542 30496 12618 17878 18349 3149 16998 4316 1940 10453 8437 13656 4181 1559 600 1642 175 7368 2622 258 536 11749 826
is_linear=0
shrinkage=0.05


Tree=69
num_leaves=31
num_cat=0
split_feature=14 0 14 4 4 14 6 3 2 14 12 14 2 11 8 14 7 2 0 14 12 14 12 11 0 9 14 1 1 13
split_gain=143.565 7.00819 4.30527 3.83069 3.62917 2.7935 2.12177 2.11909 1.86238 1.58778 1.39608 1.22574 1.1777 1.22615 1.10073 1.93792 1.06553 1.81029 1.00991 1.60018 0.986431 0.919273 2.21995 1.22682 0.89443 0.887088 0.918574 0.874391 2.12521 1.34824
threshold=0.23707954617091323 10.500000000000002 0.13471814537672347 1.0000000180025095e-35 7.5000000000000009 0.45677519373947462 1.0000000180025095e-35 1.0000000180025095e-35 6.5000000000000009 1.4515314580274434 2.0444085328148494 1.182773151721862 17.500000000000004 0.29824169358431057 3.5000000000000004 0.9367563544942582 1.0000000180025095e-35 25.500000000000004 9.5000000000000018 0.79185215920177832 1.0201082071805421 0.86746141427363688 1.5596605137936936 1.2949752172760902 8.5000000000000018 7.917998553695055 0.73771259894200913 5.5000000000000009 3.5000000000000004 0.30641155586020813
decision_type=2 2 2 2 2 2 2 2 2 2 2 2 2 2 2 2 2 2 2 2 2 2 2 2 2 2 2 2 2 2
left_child=2 4 -1 12 9 20 7 8 -3 21 -9 -8 13 -4 15 18 27 -18 -7 25 -6 22 -2 -24 -16 -20 -27 28 -10 -30
right_child=1 6 3 -5 5 14 11 10 16 -11 -12 -13 -14 -15 24 -17 17 -19 19 -21 -22 -23 23 -25 -26 26 -28 -29 29 -31
leaf_value=-0.0080553632896632876 -0.0006068721276666863 0.0048239844204819972 -0.00036047907372687316 -0.0033696825508835663 -0.0031257305207724982 -0.0018862719626202757 -0.0060751913281778258 -0.0021931631670075121 0.0010838773033764668 0.0055716053721705646 0.00011933966897766649 -0.0025175608454015455 -0.0012799658699473738 0.0017514953096850643 -0.0030891568735885531 -0.010018001307290697 0.0035927571565026158 0.020205811186069584 -0.0013327126339522516 -0.0028837417507168181 0.00096254796483071338 -0.0052474156311727409 0.0078015318387541915 0.0041902272282738368 0.0036806765789643386 0.0069190064820449856 0.0035712338187902566 0.0017548464620650316 0.0026434670063791941 -0.0016061879738396559
leaf_weight=22631 4901 2504 301 4909 3280 2884 558 11709 11934 463 6916 3161 408 107 1004 957 891 89 73 417 72 1323 41 216 574 58 75 4838 53 9491
leaf_count=22631 4901 2504 301 4909 3280 2884 558 11709 11934 463 6916 3161 408 107 1004 957 891 89 73 417 72 1323 41 216 574 58 75 4838 53 9491
internal_value=-0.00168725 -0.00044844 -0.00467908 -0.00345415 -0.00135206 -0.00199276 -0.000165313 -7.69243e-05 0.000184563 -0.000485312 -0.000495303 -0.00131622 -0.000281864 0.00161765 -0.00135055 -0.00175179 6.48435e-05 0.00168367 -0.00120759 0.000617976 -0.00315036 -0.000687395 -0.00038581 0.00414397 -0.000215464 0.0042233 0.00665413 4.55877e-06 -0.00013223 -0.000688392
internal_weight=96838 68482 28356 5725 16338 9394 52144 48425 29800 6944 18625 3719 816 408 6042 4464 27296 980 3507 623 3352 6481 5158 257 1578 206 133 26316 21478 9544
internal_count=96838 68482 28356 5725 16338 9394 52144 48425 29800 6944 18625 3719 816 408 6042 4464 27296 980 3507 623 3352 6481 5158 257 1578 206 133 26316 21478 9544
is_linear=0
shrinkage=0.05


Tree=70
num_leaves=31
num_cat=0
split_feature=14 0 14 8 4 0 6 2 12 0 14 8 12 14 1 12 14 9 0 14 8 0 0 14 14 14 8 14 0 14
split_gain=145.35 7.01212 4.65709 2.76336 2.72291 2.40507 2.24957 2.30507 2.14583 2.03964 2.06319 1.58444 1.22176 2.10959 1.45606 1.14621 1.68933 1.12317 1.11908 1.64566 1.11045 1.10708 1.21997 1.08808 1.56725 1.07661 1.06398 1.9342 1.12763 3.23647
threshold=0.23707954617091323 12.500000000000002 0.14025677994862054 3.5000000000000004 1.0000000180025095e-35 7.5000000000000009 1.0000000180025095e-35 4.5000000000000009 0.98315794437631931 20.500000000000004 1.5448855561719099 1.0000000180025095e-35 0.28214596688078336 1.2443660819559548 3.5000000000000004 1.8597649084503747 0.96754055282421392 8.2737830991807133 16.500000000000004 0.36853772872751567 1.5000000000000002 10.500000000000002 1.5000000000000002 0.35208839802829789 0.59995196162031739 1.213379077275677 2.5000000000000004 0.2989680364959823 1.0000000180025095e-35 0.8111321174248185
decision_type=2 2 2 2 2 2 2 2 2 2 2 2 2 2 2 2 2 2 2 2 2 2 2 2 2 2 2 2 2 2
left_child=2 3 -1 6 -4 -5 7 -2 18 -10 17 23 -7 14 -14 16 21 -11 19 -3 25 22 26 -9 -25 -20 28 -28 29 -13
right_child=1 8 4 5 -6 12 -8 11 9 10 -12 15 13 -15 -16 -17 -18 -19 20 -21 -22 -23 -24 24 -26 -27 27 -29 -30 -31
leaf_value=-0.0074723915406862129 -0.0033808565588892463 0.0023857881867677699 -0.00042490763462237036 -0.0024203747012621043 -0.0030235735846828714 -0.0051540964302731048 -0.0049318172035197816 -0.0031405438404819609 0.00013411155604708955 0.022231985422206075 0.0036835621918817063 0.005183442522532322 0.024351179386987346 0.0025260650081681407 0.0095155891895115762 0.0011000031511355013 -0.0054688775245618458 0.002812090017958483 0.0039713762644746449 -0.0024937942382481965 -0.0013806961903123493 0.016172787259704096 -0.0012024963203822795 -9.6620298693167808e-05 -0.0054057296981407004 -0.000154240424561432 0.001490638185676484 -0.0028032565074190652 -0.00012202089442997456 -0.00097364594216818243
leaf_weight=22897 3789 40 767 1656 4504 305 1488 710 28147 78 3297 302 55 1975 165 3026 1643 110 718 3451 5079 77 4684 1152 1432 3205 203 535 913 379
leaf_count=22897 3789 40 767 1656 4504 305 1488 710 28147 78 3297 302 55 1975 165 3026 1643 110 718 3451 5079 77 4684 1152 1432 3205 203 535 913 379
internal_value=-0.00163677 -0.000395256 -0.00466096 -0.00107375 -0.003321 0.000101058 -0.00131388 -0.00116609 -1.86981e-05 0.000200429 0.00134146 -0.000888683 0.00108 0.00149203 0.00613636 -0.000617243 -0.000907739 0.00643617 -0.000573522 -0.00133343 -0.000278828 -0.000573101 -0.000638542 -0.00185792 -0.00138158 0.000353045 0.000295882 -0.00127371 0.00102258 0.00256241
internal_weight=96782 68614 28168 24489 5271 4156 20333 18845 44125 31632 3485 15056 2500 2195 220 11762 8736 188 12493 3491 9002 7093 7016 3294 2584 3923 2332 738 1594 681
internal_count=96782 68614 28168 24489 5271 4156 20333 18845 44125 31632 3485 15056 2500 2195 220 11762 8736 188 12493 3491 9002 7093 7016 3294 2584 3923 2332 738 1594 681
is_linear=0
shrinkage=0.05


Tree=71
num_leaves=31
num_cat=0
split_feature=14 14 0 4 6 2 1 6 1 11 12 11 14 12 12 0 2 1 2 10 2 13 12 0 14 13 2 11 13 14
split_gain=147.059 8.14008 5.164 3.94224 2.41906 2.15063 1.71338 2.1485 1.91958 1.37491 0.963785 1.24652 1.28223 0.930146 0.878097 0.92129 1.03992 0.834028 1.35432 1.53999 1.26393 0.899419 0.858539 0.828737 0.821614 0.809494 0.768462 1.00336 0.789228 0.741487
threshold=0.27902878525081015 0.13471814537672347 12.500000000000002 1.0000000180025095e-35 1.0000000180025095e-35 4.5000000000000009 3.5000000000000004 1.0000000180025095e-35 5.5000000000000009 0.010980585576780994 2.3181706551236823 2.7050664919739842 2.2958000509363887 1.2094716214639416 0.58990850474134804 1.0000000180025095e-35 4.5000000000000009 1.5000000000000002 5.5000000000000009 6.3549855041068239 26.500000000000004 1.6512694853941763 2.1877790537261439 20.500000000000004 0.52496091453661553 0.44937201345838279 17.500000000000004 0.29824169358431057 0.19120629927941438 0.53854056593088895
decision_type=2 2 2 2 2 2 2 2 2 2 2 2 2 2 2 2 2 2 2 2 2 2 2 2 2 2 2 2 2 2
left_child=1 -1 4 26 5 29 7 17 -8 -7 -9 12 -12 -10 15 16 -5 18 -4 20 21 -20 23 -19 -6 -25 27 -3 -29 -2
right_child=2 3 6 14 24 9 8 10 13 -11 11 -13 -14 -15 -16 -17 -18 22 19 -21 -22 -23 -24 25 -26 -27 -28 28 -30 -31
leaf_value=-0.0072744396054053757 -0.0027921652971910319 -0.00032120916139918593 -0.0022459276785840219 -0.0049155164782404039 -0.0047217727987636463 -0.0026954147621089533 -0.0017821637998616431 -0.0038218082560164792 -0.0013394433056609254 -0.00067819726718322993 0.0050698230062029351 -0.0013465553821949356 0.010873016910878856 0.002516846713661963 -0.00024174242565041111 -0.0030308393839059908 0.0013959337992683308 -2.9726036349772476e-05 0.015003262593150128 0.00078909572110620488 0.0017656893256739277 0.016710097723095681 0.0062589611031991206 -0.0045248502472689123 -0.0040860636765447387 0.0034529361954107464 -0.00083107616766460554 0.0022498023468602905 9.9591467885618449e-05 -0.0030631296917744146
leaf_weight=22524 1157 391 2077 55 419 691 12558 2200 1812 16067 123 759 50 4562 219 6212 85 4013 40 9274 72 42 3776 68 1271 2684 546 66 80 3101
leaf_count=22524 1157 391 2077 55 419 691 12558 2200 1812 16067 123 759 50 4562 219 6212 85 4013 40 9274 72 42 3776 68 1271 2684 546 66 80 3101
internal_value=-0.00159773 -0.00449467 -0.000289303 -0.00308597 -0.000901965 -0.000755616 2.607e-05 0.000296289 -0.000333299 -0.000500658 -0.00092912 0.000418454 0.00424855 0.000373391 -0.00354665 -0.00365397 0.000357142 0.000470379 0.000176009 0.000430631 0.00538961 0.00963415 0.000791669 0.000454544 -0.00272189 0.00112282 -0.00029086 0.00105214 0.00458904 -0.00175904
internal_weight=96994 30178 66816 7654 22706 21016 44110 25178 18932 16758 3132 932 173 6374 6571 6352 140 22046 11505 9428 154 82 10541 6765 1690 2752 1083 537 146 4258
internal_count=96994 30178 66816 7654 22706 21016 44110 25178 18932 16758 3132 932 173 6374 6571 6352 140 22046 11505 9428 154 82 10541 6765 1690 2752 1083 537 146 4258
is_linear=0
shrinkage=0.05


Tree=72
num_leaves=31
num_cat=0
split_feature=14 14 12 4 6 2 0 8 14 14 8 14 14 2 12 0 0 2 14 0 14 14 14 0 14 2 13 0 14 11
split_gain=147.858 7.77985 4.07709 3.66179 2.70378 1.70979 1.33828 2.2143 1.56423 1.31688 1.3045 1.63867 1.22761 1.15544 1.0928 1.08239 1.08053 1.14056 1.23744 1.0689 2.20095 1.07127 1.05896 1.05816 1.16079 1.55912 0.980993 1.28967 1.54843 1.45017
threshold=0.26983293981221812 0.13471814537672347 1.3195402670430956 1.0000000180025095e-35 1.0000000180025095e-35 4.5000000000000009 14.500000000000002 1.5000000000000002 1.5361014333496903 0.66942980461417545 1.0000000180025095e-35 1.5084236004176028 1.182773151721862 28.500000000000004 0.68367058472598952 7.5000000000000009 15.500000000000002 11.500000000000002 2.122017345078635 16.500000000000004 1.4419369525273356 0.98321410447944702 0.59995196162031739 19.500000000000004 1.7451389203567496 14.500000000000002 1.3151550947220201 17.500000000000004 1.5361014333496903 1.2785630314478074
decision_type=2 2 2 2 2 2 2 2 2 2 2 2 2 2 2 2 2 2 2 2 2 2 2 2 2 2 2 2 2 2
left_child=1 -1 4 -3 5 22 7 8 -4 -9 11 -8 -6 -7 -5 -11 -13 -18 -19 20 -12 -21 -2 26 25 -25 27 -23 29 -29
right_child=2 3 6 14 12 13 10 9 -10 15 19 16 -14 -15 -16 -17 17 18 -20 21 -22 23 -24 24 -26 -27 -28 28 -30 -31
leaf_value=-0.0069057067204854024 -0.0025972034233487356 -0.00024983448157571598 -0.0012155563973854282 -0.0028476967523671515 -0.0048133021823214958 -0.00043292423387281077 0.011240858447920485 0.0032938553895872622 -0.0077426017436403446 -0.0041072838584554888 -0.002274258547497611 -0.0035997527663647806 -0.0022609288369513326 -0.0026215711717507339 0.0008773450113836968 0.00087904762586761293 0.00094327958309871297 0.008512066994025699 0.0029556181459464057 0.011409485749225921 0.0066524895377407193 -0.0027127417414552742 -0.0022957654279349097 0.0020912730807211874 0.00011907072837046371 0.012790698155561759 -0.0026754297981379212 0.02093020027305445 -0.00073322625542627748 0.0080625966612993729
leaf_weight=22581 1693 1054 6505 6103 1139 19406 254 261 1519 682 821 695 938 2590 62 7066 2942 1109 1897 55 1953 993 3932 445 2796 343 5970 52 519 533
leaf_count=22581 1693 1054 6505 6103 1139 19406 254 261 1519 682 821 695 938 2590 62 7066 2942 1109 1897 55 1953 993 3932 445 2796 343 5970 52 519 533
internal_value=-0.00157252 -0.00450336 -0.000271057 -0.00307453 -0.000708466 -0.000577641 7.61816e-05 -0.000269134 -0.000856183 0.000319015 0.000335172 0.000901115 -0.00244824 -0.000378706 -0.00354015 0.000201341 0.000750413 0.000968392 0.00165336 6.56065e-05 0.000948088 -0.000143517 -0.00135556 -0.000176381 0.000538503 0.0022335 -0.000493989 0.000436336 0.00161232 0.00337607
internal_weight=96908 29800 67108 7219 29698 27621 37410 16033 8024 8009 21377 6897 2077 21996 6165 7748 6643 5948 3006 14480 2774 11706 5625 11651 3584 788 8067 2097 1104 585
internal_count=96908 29800 67108 7219 29698 27621 37410 16033 8024 8009 21377 6897 2077 21996 6165 7748 6643 5948 3006 14480 2774 11706 5625 11651 3584 788 8067 2097 1104 585
is_linear=0
shrinkage=0.05


Tree=73
num_leaves=31
num_cat=0
split_feature=14 14 0 4 6 2 11 0 8 8 14 12 14 8 8 0 10 8 12 12 13 8 0 14 14 0 1 1 14 8
split_gain=140.075 5.77127 5.61807 3.71484 2.40337 1.99802 1.37588 1.44198 1.87724 3.27265 3.38202 2.92295 2.55717 2.0331 1.56933 1.54672 1.38356 1.29935 1.34863 1.22784 1.55156 1.20925 2.90219 1.7256 1.44997 1.4024 1.83572 2.11584 1.19843 1.10792
threshold=0.23707954617091323 0.12932958133920672 11.500000000000002 1.0000000180025095e-35 1.0000000180025095e-35 4.5000000000000009 0.79220143938460519 19.500000000000004 3.5000000000000004 1.5000000000000002 1.5361014333496903 2.4306248239214576 1.0130834839572627 2.5000000000000004 1.0000000180025095e-35 15.500000000000002 7.2198555220619971 1.0000000180025095e-35 2.2314396735834108 1.2880618422925456 0.91389173186698114 1.0000000180025095e-35 14.500000000000002 1.3506517479241213 1.7560480992863496 14.500000000000002 3.5000000000000004 5.5000000000000009 1.4419369525273356 3.5000000000000004
decision_type=2 2 2 2 2 2 2 2 2 2 2 2 2 2 2 2 2 2 2 2 2 2 2 2 2 2 2 2 2 2
left_child=1 -1 4 -3 5 -2 17 8 9 12 11 -11 14 16 -8 -16 -12 -4 -19 -17 -21 22 -14 25 -24 26 -23 -28 -13 -7
right_child=2 3 6 -5 -6 29 7 -9 -10 10 13 28 21 -15 15 19 -18 18 -20 20 -22 23 24 -25 -26 -27 27 -29 -30 -31
leaf_value=-0.0066814309694481966 -0.0026085991187465608 -0.00023878762303825973 0.00065167100474180074 -0.0028140472727451629 -0.0045366468472517168 -0.0011544270734781341 0.00075202869705137372 0.0020991691458933197 -0.0033696708290173378 0.0051457561297721076 0.054224207569999551 0.021860348478091277 -0.0041977463060258223 0.0004213808601174444 0.0095013307686145597 -0.00016239757225080896 0.0083172259961500662 -0.0016241855820430262 0.012447243047848652 -0.0008856090044944134 0.014804455956473526 0.0060651383502216029 0.0056205296434270469 -0.0049477479851530665 0.00018989903794681281 -0.0023699254073399306 -0.0044426016530754652 0.0069524880832464902 0.021714152824861645 0.00046001397627585438
leaf_weight=22087 3841 877 2581 5259 1525 12320 414 8017 2362 930 99 58 3000 6757 132 173 912 9234 42 41 50 485 1204 4773 4245 1889 521 168 80 2689
leaf_count=22087 3841 877 2581 5259 1525 12320 414 8017 2362 930 99 58 3000 6757 132 173 912 9234 42 41 50 485 1204 4773 4245 1889 521 168 80 2689
internal_value=-0.00161551 -0.00458013 -0.000394796 -0.0032236 -0.0010908 -0.000936341 -0.000100381 5.2326e-05 -0.000115401 7.51876e-06 0.000788817 0.00342697 -0.000396316 0.000426106 0.00234568 0.00459596 0.00251731 -0.00056802 -0.000844115 0.00238636 0.00708791 -0.0005327 -0.000117767 -0.000980093 0.000569828 -5.38699e-05 0.00130324 -0.000355589 0.0102174 -0.000675929
internal_weight=96765 28223 68542 6136 20375 18850 48167 36310 28293 25931 8836 1068 17095 7768 810 396 1011 11857 9276 264 91 16285 8449 7836 5449 3063 1174 689 138 15009
internal_count=96765 28223 68542 6136 20375 18850 48167 36310 28293 25931 8836 1068 17095 7768 810 396 1011 11857 9276 264 91 16285 8449 7836 5449 3063 1174 689 138 15009
is_linear=0
shrinkage=0.05


Tree=74
num_leaves=31
num_cat=0
split_feature=13 13 13 4 4 6 2 13 12 12 0 8 8 12 2 12 12 4 12 12 13 12 13 12 0 11 13 12 12 13
split_gain=137.604 6.90714 5.70559 2.77406 2.75748 2.41778 1.98513 1.43248 1.11611 1.05469 1.09091 1.27044 1.06526 1.01891 0.989841 0.909776 0.880604 0.946224 1.60379 0.873848 0.870407 0.847494 0.962513 0.804377 0.787902 0.774434 0.740291 0.928641 0.909329 1.24152
threshold=0.21347285111196837 0.4745487675611883 0.13164469831455791 9.5000000000000018 1.0000000180025095e-35 1.0000000180025095e-35 4.5000000000000009 1.2044135671301424 0.96260034456839605 2.5031710056371956 19.500000000000004 1.5000000000000002 1.5000000000000002 0.011540746903424477 6.5000000000000009 0.011540746903424477 0.58990850474134804 8.5000000000000018 0.72412079033307097 0.55415891551107666 1.1092501241614976 1.8967190785398451 2.0222925118553277 0.37712232498372095 9.5000000000000018 3.5044698874427351 1.1499938111449854 2.3181706551236823 1.3835488272055205 0.65463554738839358
decision_type=2 2 2 2 2 2 2 2 2 2 2 2 2 2 2 2 2 2 2 2 2 2 2 2 2 2 2 2 2 2
left_child=2 3 -1 13 -4 6 24 -7 -5 10 12 14 20 -2 -12 -6 -14 26 -19 -15 25 22 -13 -17 -3 -8 28 -28 -18 -30
right_child=1 5 4 8 15 7 9 -9 -10 -11 11 21 16 19 -16 23 17 18 -20 -21 -22 -23 -24 -25 -26 -27 27 -29 29 -31
leaf_value=-0.0062316170688045862 0.00097972074276693141 -0.0023449830080356721 -0.00015642673659523474 -0.0026330561668769267 0.00026991363053231152 -0.0036521446378205385 -0.00044944906611630014 -0.0018791516892200291 -2.3345803463581245e-05 0.0017567134417296581 0.0056137379493020395 -0.00036596885819948022 -0.002126200913150935 -0.0012608879084196173 0.0020176542444409278 -0.003063530770139078 -0.0033549875233511114 0.0084888309598643834 0.0021032421121013403 7.0687161074331373e-05 -0.0024236226476957025 0.010070560683870267 -0.011050114704269771 -0.0015339555201360801 -0.0015549875956953332 0.0051122648921911491 0.0019395691544922369 -0.0057540782082990388 0.0041186285382033483 -0.0016924869123906229
leaf_weight=22530 113 1233 725 3781 70 1117 6800 3407 398 9488 781 3971 1420 3046 5231 3256 739 97 2871 1444 7329 118 384 902 10189 133 3421 496 174 1036
leaf_count=22530 113 1233 725 3781 70 1117 6800 3407 398 9488 781 3971 1420 3046 5231 3256 739 97 2871 1444 7329 118 384 902 10189 133 3421 496 174 1036
internal_value=-0.00156463 -0.000376137 -0.00455791 -0.00168641 -0.0030214 -0.000185738 -9.57784e-05 -0.00129753 -0.00261905 5.5181e-05 -7.15706e-05 0.000355268 -0.000254121 -0.000839671 0.000830005 -0.00350993 0.00013458 0.000320352 0.00104784 -0.000957685 -0.000533587 -0.000282809 -0.000396098 -0.0036051 -0.000683769 -0.000131979 -4.77339e-05 0.00034848 -0.000844024 -1.19209e-09
internal_weight=96700 69217 27483 8782 4953 60435 55911 4524 4179 44489 35001 10485 24516 4603 6012 4228 10254 8834 2968 4490 14262 4473 4355 4158 11422 6933 5866 3917 1949 1210
internal_count=96700 69217 27483 8782 4953 60435 55911 4524 4179 44489 35001 10485 24516 4603 6012 4228 10254 8834 2968 4490 14262 4473 4355 4158 11422 6933 5866 3917 1949 1210
is_linear=0
shrinkage=0.05


Tree=75
num_leaves=31
num_cat=0
split_feature=14 14 4 14 6 3 1 1 4 14 13 12 6 2 2 7 10 10 11 2 14 12 10 13 11 12 11 10 1 12
split_gain=141.295 6.3958 4.25108 3.42742 2.3879 2.46062 2.36305 2.29268 2.15405 1.71024 0.893928 0.859387 0.853543 0.842525 0.811235 1.00096 0.704726 0.990849 0.692054 0.681472 0.735676 0.955608 1.14348 0.828443 0.672997 0.670635 0.664198 0.772496 0.657489 0.700659
threshold=0.1935711841940839 0.45677519373947462 7.5000000000000009 0.1241425062426041 1.0000000180025095e-35 1.0000000180025095e-35 3.5000000000000004 5.5000000000000009 1.0000000180025095e-35 1.610285747657193 1.535637331458642 0.012053298097908274 1.0000000180025095e-35 10.500000000000002 18.500000000000004 1.0000000180025095e-35 8.9365556447439864 8.9712685928948392 0.93530309377049814 9.5000000000000018 1.8197179827656431 2.8089142424960887 7.0287092079217368 1.4388314788492214 1.2785630314478074 0.50484537123055562 3.0162205704559386 7.8564486174118766 1.5000000000000002 2.2738706688326817
decision_type=2 2 2 2 2 2 2 2 2 2 2 2 2 2 2 2 2 2 2 2 2 2 2 2 2 2 2 2 2 2
left_child=3 2 11 -1 5 6 -3 19 -5 -6 16 -2 18 -13 -9 -16 26 25 -4 24 21 -21 -23 -24 -8 -18 -7 -28 29 -11
right_child=1 4 12 8 9 10 7 14 -10 28 -12 13 -14 -15 15 -17 17 -19 -20 20 -22 22 23 -25 -26 -27 27 -29 -30 -31
leaf_value=-0.0062082716636313057 0.0010227866638967606 0.0015914683968577998 -0.0021745913658668568 -0.00031594891698354479 -0.0038559603611959068 -0.0018633630543159641 -0.0044886243623768812 -0.0002220287240743659 -0.0028735690914779566 -0.00066716753031890639 -0.00035418064959974124 -0.0010233894781734305 -0.0040807118494443932 7.3195241906321952e-05 0.0024965551840617451 0.029031554118048915 -0.0001247424302624198 -0.0048472414410018986 -0.00010790831045929367 -0.00085430275273845786 -0.0056742301764646369 0.026024708449032031 0.015895076916456159 -0.0038329450338619557 -0.0020204376236276265 0.007324785375682214 -0.00045183260808391129 0.01230418047316832 -0.0029440180470468652 0.0061762780980549985
leaf_weight=21771 190 18029 4033 606 2291 12805 1273 2996 3569 472 8751 1636 614 1964 2893 71 42 95 358 7211 1134 42 47 107 1656 84 354 101 1543 186
leaf_count=21771 190 18029 4033 606 2291 12805 1273 2996 3569 472 8751 1636 614 1964 2893 71 42 95 358 7211 1134 42 47 107 1656 84 354 101 1543 186
internal_value=-0.00153801 -0.000383782 -0.00164582 -0.00469552 -0.000205282 -0.000118824 0.000139738 -0.000275388 -0.00338323 -0.00131567 -0.000531217 -0.000382587 -0.0026024 -0.000555557 0.000520133 0.00110661 -0.000786664 0.00201357 -0.00235823 -0.000688754 -0.000463062 -0.000281492 0.00316326 0.00116883 -0.00134688 0.00492063 -0.000833335 0.00104395 -0.00032031 0.00100304
internal_weight=96924 70978 8795 25946 62183 57691 35459 17430 4175 4492 22232 3790 5005 3600 5960 2964 13481 221 4391 11470 8541 7407 196 154 2929 126 13260 455 2201 658
internal_count=96924 70978 8795 25946 62183 57691 35459 17430 4175 4492 22232 3790 5005 3600 5960 2964 13481 221 4391 11470 8541 7407 196 154 2929 126 13260 455 2201 658
is_linear=0
shrinkage=0.05


Tree=76
num_leaves=31
num_cat=0
split_feature=14 14 14 4 4 6 1 1 14 2 14 2 1 7 14 12 0 14 11 0 14 8 8 8 14 14 12 14 0 8
split_gain=142.69 5.63724 4.57748 3.39386 2.64908 1.77775 1.68263 1.4946 1.60609 1.44916 1.34687 1.15608 1.61995 1.03854 0.954901 0.946839 0.977423 0.99639 1.14013 0.892845 1.12235 0.976929 1.64922 1.25462 2.06595 0.954618 0.882036 0.824563 0.786272 0.959223
threshold=0.22211085468778977 0.12932958133920672 0.55052538487118607 1.0000000180025095e-35 8.5000000000000018 1.0000000180025095e-35 3.5000000000000004 5.5000000000000009 1.0130834839572627 28.500000000000004 1.4419369525273356 5.5000000000000009 1.5000000000000002 1.0000000180025095e-35 0.42384005681624831 2.6319920180431451 14.500000000000002 1.5915062091090195 0.59160902327126352 18.500000000000004 1.4515314580274434 1.5000000000000002 3.5000000000000004 1.0000000180025095e-35 1.303461280669326 1.254898667010069 0.6091033743276294 1.5267596359297346 12.500000000000002 3.5000000000000004
decision_type=2 2 2 2 2 2 2 2 2 2 2 2 2 2 2 2 2 2 2 2 2 2 2 2 2 2 2 2 2 2
left_child=1 -1 4 -3 -2 6 9 8 -8 11 -7 12 -4 28 -6 16 -10 18 -18 21 26 23 27 24 25 -20 -21 -23 29 -14
right_child=2 3 5 -5 14 10 7 -9 15 -11 -12 -13 13 -15 -16 -17 17 -19 19 20 -22 22 -24 -25 -26 -27 -28 -29 -30 -31
leaf_value=-0.0057855925315274436 -0.00046884061976473188 -1.6633884426566063e-05 -0.0023552192733531773 -0.002480817290806985 -0.0021954119884350495 -0.0033178805727352469 0.00041607076516008584 0.00038212073852516844 -0.0045687903404198552 -0.0013284218337363323 -0.00094742213480675751 0.0015038293601042669 -0.0024297554563504236 0.013952159160212925 -0.0015284890897769598 0.00075063373310321237 -0.0044596852613812896 -0.0045770688450142765 0.0088301499708123895 -0.001281938808938286 -0.0012304208693955212 0.0075048311154020976 -0.0059713867768257101 -0.0091275862867006095 -0.0026047559370475913 0.011890617517562735 0.0067929801682925341 -0.00016865570651640233 0.0019962554132882666 0.0025832157246012937
leaf_weight=22180 4742 784 2846 4589 3367 1700 3585 8691 3473 5804 2637 18713 602 112 1734 1357 1082 3468 50 180 591 303 210 846 268 41 561 149 1999 162
leaf_count=22180 4742 784 2846 4589 3367 1700 3585 8691 3473 5804 2637 18713 602 112 1734 1357 1082 3468 50 180 591 303 210 846 268 41 561 149 1999 162
internal_value=-0.00153915 -0.00458262 -0.000328629 -0.00312954 -0.00132734 -0.000163218 -8.64913e-05 -0.000391271 -0.000675577 0.000164031 -0.00113788 0.000332732 -0.000289286 0.000547825 -0.00211821 -0.00094165 -0.0010925 -0.000780102 -0.000269798 0.00020475 0.00119369 -0.000500805 0.00104229 -0.00134855 0.00112813 0.00763736 0.00248988 0.00274336 0.000356495 -0.00100785
internal_weight=96826 27553 69273 5373 9843 59430 55093 24855 16164 30238 4337 24434 5721 2875 5101 12579 11222 7749 4281 3199 1332 1867 662 1205 359 91 741 452 2763 764
internal_count=96826 27553 69273 5373 9843 59430 55093 24855 16164 30238 4337 24434 5721 2875 5101 12579 11222 7749 4281 3199 1332 1867 662 1205 359 91 741 452 2763 764
is_linear=0
shrinkage=0.05


Tree=77
num_leaves=31
num_cat=0
split_feature=14 14 0 4 6 11 6 0 8 14 1 4 14 14 8 14 14 12 14 0 1 0 8 14 0 0 14 4 11 7
split_gain=141.427 6.02466 5.04099 3.58993 1.66625 1.79216 1.42835 1.29398 1.88741 1.56267 1.38159 1.33857 1.51639 1.20421 1.1077 1.94722 1.58506 1.12873 1.3755 1.5589 1.41044 1.12919 1.4116 1.41481 1.49195 1.32667 1.69214 1.11351 1.10536 1.09321
threshold=0.22211085468778977 0.1241425062426041 8.5000000000000018 1.0000000180025095e-35 1.0000000180025095e-35 2.1396246490835984 1.0000000180025095e-35 19.500000000000004 1.5000000000000002 1.0130834839572627 3.5000000000000004 1.5000000000000002 0.65351835533872782 1.5267596359297346 1.5000000000000002 0.36853772872751567 1.1616312127447528 0.80777029362974762 1.0130834839572627 12.500000000000002 2.5000000000000004 12.500000000000002 1.0000000180025095e-35 1.3506517479241213 15.500000000000002 14.500000000000002 1.2236211263607217 1.0000000180025095e-35 0.2890576380407171 1.0000000180025095e-35
decision_type=2 2 2 2 2 2 2 2 2 2 2 2 2 2 2 2 2 2 2 2 2 2 2 2 2 2 2 2 2 2
left_child=1 -1 6 -3 5 7 -2 14 9 -9 -11 12 -10 -6 17 -16 -17 -4 19 27 -21 -20 23 -23 -25 26 -24 -19 -12 -7
right_child=2 3 4 -5 13 29 -8 8 11 10 28 -13 -14 -15 15 16 -18 18 21 20 -22 22 25 24 -26 -27 -28 -29 -30 -31
leaf_value=-0.0056321038404664615 -0.0013400755181864337 -2.1780003627080012e-05 -0.0024293557116449684 -0.002382683995053344 -0.003150403606624034 0.00085145622237722037 -0.003948043859072446 0.007567686107151788 0.0045861788697757963 0.004036127091585298 -0.0059477580990292336 -0.0016512613337617292 0.0010068180103386488 -0.00082627332655051437 0.0036231308224776979 -0.001493028154977168 0.0010983574194944449 0.0032481586557251718 -0.0042040426865661536 0.01179391608918459 0.0037018353286691918 0.0076692507985697683 0.0060253869243676664 -0.0052723711329457123 0.0029205429809858081 -0.0053795677609059581 -0.0027744597048162969 -0.00071783167884338726 0.00036026338838722775 0.0068394571165440706
leaf_weight=21849 9651 846 1621 4867 1818 15216 811 154 124 3623 359 4708 969 2375 67 3941 6761 511 2083 49 306 399 330 1205 1447 2926 1382 2296 2682 1150
leaf_count=21849 9651 846 1621 4867 1818 15216 811 154 124 3623 359 4708 969 2375 67 3941 6761 511 2083 49 306 399 330 1205 1447 2926 1382 2296 2682 1150
internal_value=-0.00151907 -0.00454648 -0.000309148 -0.00310082 -0.000128373 -5.42279e-05 -0.00132002 -0.000242865 0.000170773 0.000734818 0.000619747 -0.000492158 0.00108417 -0.00108872 -0.000448982 -6.45383e-05 -0.000117736 -0.000733426 -0.000577549 0.000328905 0.0034507 -0.000870857 -0.000591105 0.000244181 -0.000173455 -0.00114058 -3.50479e-05 -6.59079e-05 -0.000166065 0.00038311
internal_weight=96526 27562 68964 5713 58502 54309 10462 37943 12619 6818 6664 5801 1093 4193 25324 10769 10702 14555 12934 3162 355 9772 7689 3051 2652 4638 1712 2807 3041 16366
internal_count=96526 27562 68964 5713 58502 54309 10462 37943 12619 6818 6664 5801 1093 4193 25324 10769 10702 14555 12934 3162 355 9772 7689 3051 2652 4638 1712 2807 3041 16366
is_linear=0
shrinkage=0.05


Tree=78
num_leaves=31
num_cat=0
split_feature=14 14 14 4 4 2 6 2 2 0 12 14 2 11 10 10 2 9 11 0 4 11 9 14 11 11 0 12 2 12
split_gain=138.689 6.97792 3.29504 3.05491 2.74082 1.48959 1.82664 1.19085 1.41633 1.14301 1.19007 1.12822 1.06651 1.0186 1.01686 0.982561 0.932751 0.870848 0.86476 0.983517 0.813001 1.29697 0.997753 0.806383 0.799306 0.882805 0.797904 0.932199 1.30865 1.1931
threshold=0.18621845708737503 0.42384005681624831 0.11125199692356876 8.5000000000000018 1.0000000180025095e-35 4.5000000000000009 1.0000000180025095e-35 7.5000000000000009 11.500000000000002 1.0000000180025095e-35 0.62800667330029813 1.6196293705256368 28.500000000000004 1.2785630314478074 6.3682407829821726 7.2052692178094775 5.5000000000000009 7.7672331243730399 0.7609916245258197 20.500000000000004 5.5000000000000009 0.020534942116858006 8.9106362855643972 1.4987510280621184 2.2773597956675844 0.82237912736726237 21.500000000000004 1.3195402670430956 3.5000000000000004 1.144642841892302
decision_type=2 2 2 2 2 2 2 2 2 2 2 2 2 2 2 2 2 2 2 2 2 2 2 2 2 2 2 2 2 2
left_child=2 3 -1 9 -4 18 7 16 20 17 -11 -8 14 -5 24 -15 -7 -2 -3 -20 -9 -22 -23 -21 25 -10 27 28 29 -25
right_child=1 5 4 13 -6 6 11 8 12 10 -12 -13 -14 15 -16 -17 -18 -19 19 23 21 22 -24 26 -26 -27 -28 -29 -30 -31
leaf_value=-0.0057262671004732497 -0.0016202806254590086 -0.002367971179356409 -0.00020290062254034658 -0.0021474941412283634 -0.0026916534453524099 -0.00032857505914200819 -0.0030046190917017409 -0.001931287128540145 0.0032042377610759874 -0.0010567941498126404 0.00053041137235483365 -0.00078168472544534967 -0.0011056112019030193 0.0029214902333987419 0.00052735085524286654 -0.0012175393298637822 0.0019638646611361706 0.0014110959930389994 -0.001351116582828338 0.012364185176890004 0.010760209705501161 0.00063815984579908627 -0.0048457774133336675 0.0014303932839350596 -0.00053924569066346668 0.0085087027849775152 -0.0068385038800362983 0.00059457586715611988 -0.0038096546078684613 0.022343182860810395
leaf_weight=20584 139 3552 693 4263 4296 3092 2332 7428 73 2818 576 2154 6041 42 20591 72 6039 438 7716 58 85 2560 352 45 132 134 158 296 45 50
leaf_count=20584 139 3552 693 4263 4296 3092 2332 7428 73 2818 576 2154 6041 42 20591 72 6039 438 7716 58 85 2560 352 45 132 134 158 296 45 50
internal_value=-0.00151073 -0.000377451 -0.00466957 -0.00173575 -0.00351674 -0.000197274 -7.96868e-05 1.32169e-05 -0.000111778 -0.000731555 -0.00108132 -0.00104325 7.95287e-05 -0.00264679 0.000248446 0.00201754 0.000525133 0.00132582 -0.000700505 -0.000423041 -0.000606716 8.84206e-05 -8.92869e-05 0.00144172 0.0029646 0.00490338 0.000892255 0.00199541 0.00535714 0.00868421
internal_weight=96854 71281 25573 8348 4989 62933 51013 46527 37396 3971 3394 4486 26971 4377 20930 114 9131 577 11920 8368 10425 2997 2912 652 339 207 594 436 140 95
internal_count=96854 71281 25573 8348 4989 62933 51013 46527 37396 3971 3394 4486 26971 4377 20930 114 9131 577 11920 8368 10425 2997 2912 652 339 207 594 436 140 95
is_linear=0
shrinkage=0.05


Tree=79
num_leaves=31
num_cat=0
split_feature=14 14 0 4 6 2 1 1 6 12 12 3 1 14 12 14 2 13 10 12 14 4 0 14 1 0 1 1 10 12
split_gain=136.086 6.57339 4.31534 2.55827 1.8207 1.9331 1.37651 1.66006 1.28065 1.24398 1.04428 0.923309 1.15329 0.805208 0.917394 0.769921 0.734418 1.74367 1.4164 0.733853 0.731105 1.14913 0.736236 1.15575 2.40249 0.711867 0.782887 0.855123 0.657929 0.653343
threshold=0.21491882147311586 0.12932958133920672 12.500000000000002 1.0000000180025095e-35 1.0000000180025095e-35 4.5000000000000009 5.5000000000000009 3.5000000000000004 1.0000000180025095e-35 1.127708237104577 1.4641107512188394 1.0000000180025095e-35 1.0000000180025095e-35 1.8197179827656431 3.2481109671717454 0.47177057315336812 9.5000000000000018 0.44937201345838279 7.3194233265470983 0.36299386945380935 0.38686320398709767 1.0000000180025095e-35 1.0000000180025095e-35 0.2989680364959823 3.5000000000000004 7.5000000000000009 1.5000000000000002 5.5000000000000009 8.3421449322073489 0.84777217278175254
decision_type=2 2 2 2 2 2 2 2 2 2 2 2 2 2 2 2 2 2 2 2 2 2 2 2 2 2 2 2 2 2
left_child=1 -1 4 -3 5 15 7 8 11 -6 -10 -4 -13 14 16 -2 -9 18 -18 -5 21 28 23 24 -23 -21 -27 -28 -7 -24
right_child=2 3 6 19 9 20 -8 13 10 -11 -12 12 -14 -15 -16 -17 17 -19 -20 25 -22 22 29 -25 -26 26 27 -29 -30 -31
leaf_value=-0.0049625356231666855 -0.0019628757375204074 -4.8438006755778695e-05 0.0014755876814137332 -0.0024122667532779632 -0.0038694880631183603 0.00014693672128455462 0.0016672604543905751 -0.0019439956540696136 -0.0034635798729824295 -0.0022549916187482488 -0.00043267736435367268 -0.003103186461182648 0.00042338653055298359 -0.0052834927459309367 0.01118278289440509 -0.0020541627691221015 0.0049236674187342769 -0.00040497186367263358 0.00034690001468712562 -0.0023695652144559397 -0.00057244557208451809 0.0046220699427832 -0.0014858917791867492 -0.0014762889333098396 -0.00041354236887339345 0.001832471741142116 -0.0013679834531836188 0.001504799438923945 0.0018073199217113331 0.00097945439278493396
leaf_weight=22197 1374 729 12641 3333 985 744 6327 4938 1346 917 1819 2101 7370 2393 132 3397 49 5037 83 538 14526 55 2853 395 96 69 253 46 55 126
leaf_count=22197 1374 729 12641 3333 985 744 6327 4938 1346 917 1819 2101 7370 2393 132 3397 49 5037 83 538 14526 55 2853 395 96 69 253 46 55 126
internal_value=-0.00150809 -0.0045104 -0.000338954 -0.00286635 -0.000856679 -0.000736846 -4.02399e-05 -0.000154186 7.97155e-05 -0.0023449 -0.000860981 0.000214362 -0.000158907 -0.00062223 -0.000429242 -0.00163593 -0.00048333 -6.67452e-05 0.00560606 -0.00333687 -0.000509285 -0.00108002 -0.00146809 0.000219779 0.0039404 -0.00207506 -0.000380436 -0.0014883 0.000632039 -0.00177744
internal_weight=96924 27165 69759 4968 25523 23621 44236 37909 25277 1902 3165 22112 9471 12632 10239 4771 10107 5169 132 4239 18850 4324 3525 546 151 906 368 299 799 2979
internal_count=96924 27165 69759 4968 25523 23621 44236 37909 25277 1902 3165 22112 9471 12632 10239 4771 10107 5169 132 4239 18850 4324 3525 546 151 906 368 299 799 2979
is_linear=0
shrinkage=0.05


Tree=80
num_leaves=31
num_cat=0
split_feature=14 14 14 4 4 6 2 1 12 0 14 1 7 12 8 12 0 8 14 11 14 4 12 14 8 8 0 14 1 12
split_gain=139.696 6.03084 3.30759 4.01795 2.84424 1.74372 1.76053 1.4726 1.13519 1.30002 1.10506 1.05677 1.30951 0.973123 0.920606 0.90228 0.886375 1.86162 1.07456 1.05604 2.31012 1.15442 1.05581 1.10773 1.1222 1.75831 1.4356 2.53729 1.15547 0.948717
threshold=0.17177523891156851 0.38686320398709767 0.11125199692356876 1.0000000180025095e-35 8.5000000000000018 1.0000000180025095e-35 4.5000000000000009 3.5000000000000004 0.6091033743276294 1.0000000180025095e-35 0.2989680364959823 1.5000000000000002 1.0000000180025095e-35 0.011540746903424477 3.5000000000000004 0.46109249075020248 19.500000000000004 1.5000000000000002 0.73771259894200913 0.55908964553542562 1.2031764477955085 1.5000000000000002 1.1621788815330534 0.64016356270154462 1.5000000000000002 2.5000000000000004 10.500000000000002 2.214016318150803 2.5000000000000004 2.1257748730304864
decision_type=2 2 2 2 2 2 2 2 2 2 2 2 2 2 2 2 2 2 2 2 2 2 2 2 2 2 2 2 2 2
left_child=2 4 -1 -4 8 6 7 11 9 10 -2 -3 -13 -8 -12 -5 22 -18 -19 -20 -21 -22 -15 -24 -25 26 -26 29 -29 -28
right_child=1 5 3 15 -6 -7 13 -9 -10 -11 14 12 -14 16 -16 -17 17 18 19 20 21 -23 23 24 25 -27 27 28 -30 -31
leaf_value=-0.0051867941716113603 0.002506545836305457 -0.0023478026846060875 0.00024541062256897375 -0.0025039836960559477 -0.0018653041450362685 -0.0021152629452768578 0.0041149356214152475 -0.0024467099769076364 0.0011597069445054124 -0.00083745825895012297 -0.001545824649678566 0.0011128917637101621 0.0098730689473379776 -0.00086130679267766097 0.0026340793189761303 0.00057929288911718268 0.0028878288301388256 0.0019924152254733327 -0.0033981843551632654 0.0069491515127182886 0.0075993584107269564 -0.0031466190219679234 0.0020499161759446587 -0.0006166563563290143 -0.0028519205814677576 0.00064403217794846022 0.026664346718198402 0.01369409000404872 -0.0016220895618218754 0.013485711877959217
leaf_weight=20500 149 1525 587 3573 4343 4623 100 7503 479 2979 267 2898 121 9463 70 54 7003 622 1828 161 397 1585 792 13581 178 10392 66 260 265 213
leaf_count=20500 149 1525 587 3573 4343 4623 100 7503 479 2979 267 2898 121 9463 70 54 7003 622 1828 161 397 1585 792 13581 178 10392 66 260 265 213
internal_value=-0.00141944 -0.000304261 -0.00466214 -0.00338633 -0.00157295 -0.00013889 -6.55619e-05 -0.000604716 -0.000600914 -0.000916307 0.00148148 0.000105633 0.000647564 7.29106e-05 -0.000103859 -0.00400745 6.2384e-05 0.00044153 -0.000340737 -0.000643416 0.000109658 -0.000358225 -6.24834e-05 0.000103506 4.508e-05 0.000411464 0.00243381 0.00333333 0.00128571 0.00718638
internal_weight=96577 71863 24714 4214 8287 63576 58953 12047 3944 3465 486 4544 3019 46906 337 3627 46806 11596 4593 3971 2143 1982 35210 25747 24955 11374 982 804 525 279
internal_count=96577 71863 24714 4214 8287 63576 58953 12047 3944 3465 486 4544 3019 46906 337 3627 46806 11596 4593 3971 2143 1982 35210 25747 24955 11374 982 804 525 279
is_linear=0
shrinkage=0.05


Tree=81
num_leaves=31
num_cat=0
split_feature=14 14 0 4 14 4 14 11 0 14 12 14 6 12 14 12 7 9 10 14 0 14 0 8 8 14 12 14 11 11
split_gain=136.284 5.34993 4.95744 3.65323 1.36887 1.72306 1.22451 1.20107 1.65449 1.43172 1.14296 1.51538 1.10666 0.975873 0.99991 0.943503 0.936934 0.909479 0.902123 0.872339 0.831881 0.796439 0.770304 1.82966 2.36883 2.49128 2.53277 1.70756 1.416 1.21959
threshold=0.1935711841940839 0.10401388126354093 8.5000000000000018 1.0000000180025095e-35 0.45677519373947462 1.0000000180025095e-35 0.90427163435460833 0.79220143938460519 20.500000000000004 1.5448855561719099 3.0336481365421735 2.8590536614180526 1.0000000180025095e-35 0.6646058647154115 1.254898667010069 1.8261172215224712 1.0000000180025095e-35 9.0666110948102023 6.9055226160628376 1.2031764477955085 10.500000000000002 0.48620449771148549 1.0000000180025095e-35 1.0000000180025095e-35 2.5000000000000004 0.77234689896875075 0.016909315208142959 0.59995196162031739 0.020960480762499119 0.041807385994202161
decision_type=2 2 2 2 2 2 2 2 2 2 2 2 2 2 2 2 2 2 2 2 2 2 2 2 2 2 2 2 2 2
left_child=1 -1 4 -3 5 17 22 20 10 13 11 16 -7 -10 -15 -8 21 -2 -16 -17 -4 -9 23 27 25 26 -25 29 -27 -6
right_child=2 3 7 -5 6 12 15 8 9 -11 -12 -13 -14 14 18 19 -18 -19 -20 -21 -22 -23 -24 24 -26 28 -28 -29 -30 -31
leaf_value=-0.0051609811083158791 -8.129562626754016e-05 -9.0685608773119727e-05 -0.0012282999022924729 -0.0022844910275173075 -0.0001489702243324899 -0.0013794395594873864 -0.0078353783116910936 0.0011215962575339912 0.00041044330603875312 0.0019652523479734845 0.0017557195349619777 0.011645456823199037 -0.0036733884201177549 0.019359331757939895 0.013201873940086983 0.0020148799883155303 0.0045244080712586498 0.0026201469644014847 0.0086375000793446743 -0.0054965731969249063 -0.00065147422006506814 -0.00067023599517462406 -0.00095821535053079916 0.0058947439455911818 -0.0027616395223642883 -0.00057675447951002269 0.006482284650668183 -0.0059411161956194085 0.0080480032521934967 0.0038447922413084932
leaf_weight=19763 880 909 1685 5202 568 5310 536 605 211 3615 6108 262 494 42 64 310 752 57 367 596 12759 32779 1567 259 275 349 40 373 78 55
leaf_count=19763 880 909 1685 5202 568 5310 536 605 211 3615 6108 262 494 42 64 310 752 57 367 596 12759 32779 1567 259 275 349 40 373 78 55
internal_value=-0.00143543 -0.00454201 -0.000303258 -0.00324906 -0.00124159 -0.00170672 -0.000615263 -0.000117218 1.06003e-05 0.000943241 -8.83832e-05 -0.000200304 -0.00202791 0.00304093 0.00430232 -0.00184466 -0.000229378 0.000282816 0.00358469 -0.000860928 -0.000513709 -0.000268693 -0.000117846 0.000533299 0.00204296 0.00353994 0.00704013 -0.000983937 0.00108899 0.000617976
internal_weight=96870 25874 70996 6111 11747 6741 5006 59249 44805 4299 40506 34398 5804 684 473 1442 34136 937 431 906 14444 33384 3564 1997 1001 726 299 996 427 623
internal_count=96870 25874 70996 6111 11747 6741 5006 59249 44805 4299 40506 34398 5804 684 473 1442 34136 937 431 906 14444 33384 3564 1997 1001 726 299 996 427 623
is_linear=0
shrinkage=0.05


Tree=82
num_leaves=31
num_cat=0
split_feature=14 14 14 4 4 0 8 12 14 12 0 8 0 14 9 12 14 2 14 14 14 1 7 9 14 0 14 0 14 4
split_gain=135.018 5.96666 4.52125 4.30887 3.45158 1.83477 2.1032 1.68582 1.50743 1.47174 1.72773 1.42338 2.13064 1.33333 1.25803 1.18442 1.301 1.17647 1.16367 1.11474 1.11322 1.07148 0.940847 0.931563 0.926232 1.00106 2.22813 1.36686 1.27681 1.84186
threshold=0.17177523891156851 0.42384005681624831 0.10401388126354093 1.0000000180025095e-35 9.5000000000000018 12.500000000000002 1.0000000180025095e-35 0.28214596688078336 0.59995196162031739 0.6646058647154115 1.0000000180025095e-35 1.0000000180025095e-35 14.500000000000002 0.15226268694702264 7.6330002734839537 0.86731382346897345 1.4234017701694244 25.500000000000004 0.2989680364959823 1.4515314580274434 0.31107002481476337 3.5000000000000004 1.0000000180025095e-35 9.0303522680558377 0.96754055282421392 22.500000000000004 1.4887791821174821 16.500000000000004 1.8316268875488217 5.5000000000000009
decision_type=2 2 2 2 2 2 2 2 2 2 2 2 2 2 2 2 2 2 2 2 2 2 2 2 2 2 2 2 2 2
left_child=2 4 -1 7 9 6 8 -4 17 10 14 12 19 -9 -2 16 -13 21 -16 -7 -11 -3 -17 -20 -14 26 -26 -28 29 -29
right_child=1 5 3 -5 -6 11 -8 13 -10 20 -12 15 24 -15 18 22 -18 -19 23 -21 -22 -23 -24 -25 25 -27 27 28 -30 -31
leaf_value=-0.0048977525001936617 -0.0022065129170013372 0.00044077524849697486 -0.00037779774002976579 -0.0022408170083069849 -0.0017793835811575961 0.00065114595468314439 -0.00056164640969649348 0.00195365926842178 -0.0053933558343762329 0.0023148004768323129 -0.00086366869187236869 -0.00053522829599075871 0.0079801503475810942 0.00096614028646370355 0.002305928215342657 -0.00015289575744147822 -0.005575358039907401 0.001194796765798322 0.0013628525001065323 -0.0064112198641345349 0.00025027011883430511 -0.0026756499935641233 0.0062700608826659152 -0.0038916350057889982 0.0082663764572061208 -0.0024135523474073384 -0.0017183970417363058 0.001465764514190782 0.0026514148632286066 0.0092966765840865415
leaf_weight=19962 114 549 601 4261 4336 1039 15757 54 1869 122 3623 6311 93 54 134 21683 1825 206 329 1223 417 662 1276 53 510 1022 1926 499 5504 635
leaf_count=19962 114 549 601 4261 4336 1039 15757 54 1869 122 3623 6311 93 54 134 21683 1825 206 329 1223 417 662 1276 53 510 1022 1926 499 5504 635
internal_value=-0.00142935 -0.000327469 -0.00459891 -0.0032495 -0.00152169 -0.000153303 -0.000562675 0.00035966 -0.00171333 -0.000596829 -0.000908771 2.57187e-05 0.00047747 0.00611111 0.00150794 -0.000155171 -0.000673551 -0.000483417 0.00255814 -0.0009107 0.00186456 -0.00107762 2.85279e-05 0.00115183 0.00078565 0.000739896 0.000906986 0.000715786 0.00105604 0.00258377
internal_weight=96649 71717 24932 4970 9128 62589 19043 709 3286 4792 4253 43546 12451 108 630 31095 8136 1417 516 2262 539 1211 22959 382 10189 10096 9074 8564 6638 1134
internal_count=96649 71717 24932 4970 9128 62589 19043 709 3286 4792 4253 43546 12451 108 630 31095 8136 1417 516 2262 539 1211 22959 382 10189 10096 9074 8564 6638 1134
is_linear=0
shrinkage=0.05


Tree=83
num_leaves=31
num_cat=0
split_feature=14 14 12 4 14 1 1 6 12 6 1 0 0 14 4 12 0 13 3 4 10 10 10 9 3 13 13 14 12 0
split_gain=132.463 6.39705 5.11313 3.29951 2.07515 1.34233 1.57264 1.25162 1.17911 1.09862 1.04513 1.37501 0.972478 0.942944 0.892815 0.908294 0.886312 0.869089 0.84583 0.993417 0.977044 1.00962 0.829057 1.11011 0.795951 1.06668 1.20132 0.782376 1.09537 0.854909
threshold=0.18621845708737503 0.11502245135679885 0.58990850474134804 1.0000000180025095e-35 0.27902878525081015 3.5000000000000004 5.5000000000000009 1.0000000180025095e-35 0.016174109248933727 1.0000000180025095e-35 3.5000000000000004 1.5000000000000002 18.500000000000004 1.2751611647832297 7.5000000000000009 0.2941640170233652 9.5000000000000018 0.97267289174317051 1.0000000180025095e-35 9.5000000000000018 8.9365556447439864 8.9664399056028383 7.535697024692495 8.2564234166383361 1.0000000180025095e-35 1.5467497958311716 1.5142473074030183 1.0130834839572627 1.5763921561138052 11.500000000000002
decision_type=2 2 2 2 2 2 2 2 2 2 2 2 2 2 2 2 2 2 2 2 2 2 2 2 2 2 2 2 2 2
left_child=1 -1 4 -3 8 7 27 18 10 24 11 -2 22 -14 15 -5 -10 -9 -4 -20 -21 -22 23 -8 25 26 -6 28 29 -7
right_child=2 3 5 14 9 6 12 17 16 -11 -12 -13 13 -15 -16 -17 -18 -19 19 20 21 -23 -24 -25 -26 -27 -28 -29 -30 -31
leaf_value=-0.0043867305428740245 -0.00011474700106066218 0.00012274256985131033 0.001402517340946876 -0.001622898532354208 -0.00027413808293481017 -0.0011067185363938892 0.00029612122324163372 -0.0028838486950049629 -0.001794126105383701 -0.0027974982433764018 -0.00075691828103922833 0.0020477188643256783 0.011487770361394449 0.0030954027787284356 -0.0024354830636819404 4.4469556877722792e-05 -0.00079221562938121585 -0.00066757024541530118 -0.0021027680326025037 0.00030259926337682162 0.0072950697658904053 -0.0054570087931302214 -0.001723360057117249 0.011349790020809549 -0.0014680178787142841 -0.0059141422118394633 0.010062370150180586 -0.0024758029995962721 0.0028420227580286421 0.0016512855794994837
leaf_weight=20944 129 660 15213 1051 7193 1851 2818 533 2621 1036 482 81 40 2034 2603 291 1023 3271 2546 8751 65 40 2748 157 5074 870 64 11105 693 735
leaf_count=20944 129 660 15213 1051 7193 1851 2818 533 2621 1036 482 81 40 2034 2603 291 1023 3271 2546 8751 65 40 2748 157 5074 870 64 11105 693 735
internal_value=-0.00141654 -0.00450487 -0.000307913 -0.00281759 -0.00102111 -5.60848e-05 -0.000351879 0.000159603 -0.00197878 -0.000729439 -8.67064e-05 0.00285714 0.000219955 0.00114754 -0.00336502 -0.00231744 -0.00233809 -0.00068875 0.000280855 -4.47302e-05 0.000205509 0.005 -0.000116199 0.000462184 -0.000606395 -0.00029962 -0.000101283 -0.000661848 1.67722e-05 -0.000456304
internal_weight=96722 25549 71173 4605 18573 52600 22181 30419 4336 14237 692 210 7797 2074 3945 1342 3644 3804 26615 11402 8856 105 5723 2975 13201 8127 7257 14384 3279 2586
internal_count=96722 25549 71173 4605 18573 52600 22181 30419 4336 14237 692 210 7797 2074 3945 1342 3644 3804 26615 11402 8856 105 5723 2975 13201 8127 7257 14384 3279 2586
is_linear=0
shrinkage=0.05


Tree=84
num_leaves=31
num_cat=0
split_feature=14 14 14 4 4 12 0 4 0 0 14 12 11 0 14 8 14 10 8 0 14 8 8 11 14 9 9 9 0 0
split_gain=134.03 6.52368 4.29945 6.67698 1.93794 1.80815 1.75929 1.57386 1.4725 1.62583 1.24809 1.1742 1.0485 1.04544 1.94474 1.18799 2.86451 2.07283 1.82648 1.88195 2.79169 1.60373 1.29524 1.15593 1.19103 0.992983 1.72638 0.98756 0.918956 0.877948
threshold=0.15855883354382452 0.33806301758129265 0.094428933784625621 1.0000000180025095e-35 1.0000000180025095e-35 0.76537315468129263 12.500000000000002 3.5000000000000004 1.0000000180025095e-35 13.500000000000002 0.28886469119929453 0.2941640170233652 0.68394140137149251 19.500000000000004 1.254898667010069 3.5000000000000004 1.0130834839572627 6.8283963286207827 1.5000000000000002 18.500000000000004 1.5361014333496903 2.5000000000000004 1.0000000180025095e-35 6.5797783177436804 2.0904543030714344 8.5019566520587713 8.049626465811679 7.9412288308423822 15.500000000000002 14.500000000000002
decision_type=2 2 2 2 2 2 2 2 2 2 2 2 2 2 2 2 2 2 2 2 2 2 2 2 2 2 2 2 2 2
left_child=2 5 -1 11 -3 7 -6 8 10 -10 -2 -4 -8 15 25 16 17 -14 22 20 -20 27 -18 24 -23 26 -15 -22 -19 -24
right_child=1 4 3 -5 6 -7 12 -9 9 -11 -12 -13 13 14 -16 -17 18 28 19 -21 21 23 29 -25 -26 -27 -28 -29 -30 -31
leaf_value=-0.0047654867443936147 0.0026530781900625799 0.0014567774720243354 0.00010824745189387301 -0.0021410042004478126 -0.0010589395039731107 0.0013360204605910083 -0.0010178468684409526 -0.0012822804759676193 -0.00068238389567117563 0.001231869549034951 0.0015708811364619436 0.0018258646041227418 0.015918724290648178 0.0011298214090848216 0.0013372028487611625 -0.0024199754095240592 0.00010033338870646888 0.0051844933287332794 0.0078329929871119221 -0.005859765497375026 0.045340770542573988 0.0023130105018275954 3.9218744096609893e-05 0.028165608352131118 -0.0027413579887177338 -0.0052419837377259675 0.016736859044397139 0.0074819636275058887 0.0023296585985581632 -0.0032366515425426637
leaf_weight=18725 51 9231 683 4548 17828 181 7954 5960 1648 82 86 64 47 90 7455 2152 6740 129 480 861 71 2882 1668 51 1697 43 81 662 205 4392
leaf_count=18725 51 9231 683 4548 17828 181 7954 5960 1648 82 86 64 47 90 7455 2152 6740 129 480 861 71 2882 1668 51 1697 43 81 662 205 4392
internal_value=-0.00137663 -0.000307109 -0.00461491 -0.00335694 -0.000140532 -0.00165335 -0.000252128 -0.0017676 -0.000500805 -0.000895955 0.00448905 0.0010241 -5.84186e-05 7.80975e-05 0.000580909 -9.68837e-05 2.38862e-05 0.00431758 -5.99889e-05 0.000608591 0.000930172 0.000603206 -0.000410157 0.000259178 0.000175801 0.00528037 0.0069883 0.00277626 0.00293413 -0.000940595
internal_weight=96747 72727 24020 5295 64719 8008 55488 7827 1867 1730 137 747 37660 29706 7669 22037 19885 381 19504 6704 5843 5363 12800 4630 4579 214 171 733 334 6060
internal_count=96747 72727 24020 5295 64719 8008 55488 7827 1867 1730 137 747 37660 29706 7669 22037 19885 381 19504 6704 5843 5363 12800 4630 4579 214 171 733 334 6060
is_linear=0
shrinkage=0.05


Tree=85
num_leaves=31
num_cat=0
split_feature=14 14 4 14 4 0 12 12 8 14 0 12 0 8 14 10 8 14 0 12 14 1 12 12 0 14 12 14 0 14
split_gain=129.447 5.37143 7.77178 4.94921 2.36546 1.59968 1.51867 1.3933 1.365 1.81535 2.35075 1.7017 1.54121 1.38899 1.54499 1.86953 1.32587 1.43606 1.26213 1.414 1.46492 1.28447 1.22342 1.13432 1.07459 2.32071 1.06875 1.34238 1.416 1.03945
threshold=0.15855883354382452 0.094428933784625621 1.0000000180025095e-35 0.35208839802829789 9.5000000000000018 12.500000000000002 0.28214596688078336 0.6646058647154115 3.5000000000000004 0.9367563544942582 10.500000000000002 1.144642841892302 1.5000000000000002 2.5000000000000004 0.42384005681624831 7.1779410258993943 1.0000000180025095e-35 1.0130834839572627 8.5000000000000018 0.6091033743276294 1.7979313060407407 1.0000000180025095e-35 0.37712232498372095 2.3409067331657796 8.5000000000000018 0.40455183758037494 2.4092921713649753 1.3768368967954074 11.500000000000002 1.4142411981559178
decision_type=2 2 2 2 2 2 2 2 2 2 2 2 2 2 2 2 2 2 2 2 2 2 2 2 2 2 2 2 2 2
left_child=1 -1 6 4 7 8 -3 -2 9 11 -11 12 13 14 15 -5 -12 -18 -10 29 21 -21 -4 -13 -14 -26 -19 28 -28 -20
right_child=3 2 22 5 -6 -7 -8 -9 18 10 16 23 24 -15 -16 -17 17 26 19 20 -22 -23 -24 -25 25 -27 27 -29 -30 -31
leaf_value=-0.0045274777219905388 -0.00048667232570420368 0.00027754800067684337 -0.0021127357644168342 -0.003193740663452559 -0.0015347730945607363 -1.5960678996762752e-05 0.0016995380484999267 0.001577390359933631 -0.0012412208077568951 -0.0085110714124634369 -0.0087420090141495758 0.00077633771029152155 -0.0041878043030701443 -0.0040129465949876632 -6.5711036059754244e-06 0.0053151910680819614 0.0084810569497487161 -0.0021952842995005407 0.0013512531078930809 0.026063291718004863 0.00043264560116409984 0.010531963576381496 4.6334831765325663e-05 0.0038214755089853109 0.0031692822790351225 -0.0019198496463579389 0.0059205279886560607 -0.00085780617583074885 0.015643022714247331 -0.0062933123152865466
leaf_weight=18708 4147 692 4418 41 3994 44064 65 260 1951 1614 914 2989 683 357 3035 105 173 2909 438 65 552 649 127 101 116 1783 242 1313 41 324
leaf_count=18708 4147 692 4418 41 3994 44064 65 260 1951 1614 914 2989 683 357 3035 105 173 2909 438 65 552 649 127 101 116 1783 242 1313 41 324
internal_value=-0.00137246 -0.00455644 -0.00315164 -0.000323224 -0.00146471 -0.000174453 0.00153897 -0.000665987 -0.000540575 -0.00074196 -0.00133639 -0.000276874 -0.000759805 -8.19684e-05 0.00024992 0.00527397 -0.000851217 -0.000510903 0.000290273 0.00116371 0.00218799 0.00368347 -0.00393289 0.00067961 -0.00168861 -0.00107688 -0.000682576 0.000357142 0.00348056 -0.000538059
internal_weight=96870 24010 5302 72860 8401 64459 757 4407 20395 16416 7206 9210 6120 3538 3181 146 5592 4678 3979 2028 1266 714 4545 3090 2582 1899 4505 1596 283 762
internal_count=96870 24010 5302 72860 8401 64459 757 4407 20395 16416 7206 9210 6120 3538 3181 146 5592 4678 3979 2028 1266 714 4545 3090 2582 1899 4505 1596 283 762
is_linear=0
shrinkage=0.05


Tree=86
num_leaves=31
num_cat=0
split_feature=14 14 5 12 6 3 14 2 12 11 11 13 1 1 0 6 9 13 10 14 14 0 14 13 10 11 9 12 9 8
split_gain=131.568 5.27411 4.3501 3.86907 1.9463 1.3172 1.42251 1.23482 1.1641 1.12745 1.27596 0.944619 0.937524 1.105 0.882344 0.876242 1.24739 0.929577 0.861316 0.856345 0.817497 1.07625 0.813943 0.79784 1.30719 0.810784 0.726459 0.710963 0.861003 1.19181
threshold=0.17177523891156851 0.094428933784625621 1.0000000180025095e-35 0.53672721155741032 1.0000000180025095e-35 1.0000000180025095e-35 0.27902878525081015 4.5000000000000009 0.27153305017447688 0.79220143938460519 0.80747147779981054 1.5467497958311716 5.5000000000000009 3.5000000000000004 20.500000000000004 1.0000000180025095e-35 7.8291570095906939 1.1402037631080228 7.0421313648025921 0.26049975660661623 1.4987510280621184 21.500000000000004 0.44206302601010677 1.3346530799940461 7.5742375894019602 2.58994535021841 8.0405943742157699 0.58990850474134804 8.2432030660917555 1.5000000000000002
decision_type=2 2 2 2 2 2 2 2 2 2 2 2 2 2 2 2 2 2 2 2 2 2 2 2 2 2 2 2 2 2
left_child=1 -1 8 4 5 11 -7 9 -3 -5 -11 -2 13 15 -12 16 -9 -17 -18 -15 -16 -22 -6 24 -19 -26 -10 28 29 -20
right_child=3 2 -4 7 22 6 -8 12 26 10 14 -13 -14 19 20 17 18 23 27 -21 21 -23 -24 -25 25 -27 -28 -29 -30 -31
leaf_value=-0.0042978194767231805 -0.00032985776656714664 -0.002128450781453432 4.3628421583663436e-05 -0.0025305603786014673 -0.00332865883172417 -0.001767592542745707 -0.0011955094375020511 -0.00099291593868412764 -0.00049217829338511472 0.004194572163050545 -0.001116048903174611 -0.0064227812005077829 0.0013567362419188798 0.0023782883095149446 0.019033281676973688 -0.0028008463010637378 0.0072922978924776383 -0.0019192240982719622 0.013521530951651518 -0.0011114108649078868 0.0060098048226507163 -0.0094906611791133067 -0.0023687280891883083 -0.0013966086853341756 0.0017729204091218996 0.012308052829388343 -0.0012590730283279471 0.00087721316588226838 0.00018533316109592006 0.0017362968836366309
leaf_weight=18645 9880 4404 848 2012 546 1748 4744 6015 295 83 7582 701 6620 50 52 707 119 153 59 9764 379 128 749 2886 110 43 545 16748 255 64
leaf_count=18645 9880 4404 848 2012 546 1748 4744 6015 295 83 7582 701 6620 50 52 707 119 153 59 9764 379 128 749 2886 110 43 545 16748 255 64
internal_value=-0.00138208 -0.00452905 -0.00325181 -0.000303823 -0.000930424 -0.000788673 -0.00134935 -9.00084e-05 -0.00378909 -0.000584214 -0.000324661 -0.000444666 2.60351e-05 -7.20808e-05 -0.000387546 9.22334e-05 0.000208511 -0.000601437 0.00042476 -0.0005268 0.00152952 0.000917159 -0.00279923 -0.000238096 0.00218954 0.00545752 -0.00208333 0.000395304 0.00253968 0.00597561
internal_weight=96934 24737 6092 72197 18368 17073 6492 53829 5244 10236 8224 10581 43593 36973 8141 27159 23260 3899 17245 9814 559 507 1295 3192 306 153 840 17126 378 123
internal_count=96934 24737 6092 72197 18368 17073 6492 53829 5244 10236 8224 10581 43593 36973 8141 27159 23260 3899 17245 9814 559 507 1295 3192 306 153 840 17126 378 123
is_linear=0
shrinkage=0.05


Tree=87
num_leaves=31
num_cat=0
split_feature=14 14 14 5 5 12 11 0 0 12 0 0 13 10 2 2 12 1 11 12 0 0 13 6 1 10 11 8 8 14
split_gain=131.089 5.47167 3.78595 5.06838 1.77616 1.64398 1.55696 1.52567 1.45391 1.38582 1.05788 1.0142 0.905395 1.49612 0.888161 0.921963 0.966864 1.05077 1.15846 0.970962 2.03079 0.858996 1.08164 0.78334 0.751279 0.733505 0.726749 0.88913 0.846933 0.75857
threshold=0.15226268694702264 0.26983293981221812 0.094428933784625621 1.0000000180025095e-35 1.0000000180025095e-35 0.2941640170233652 0.42536474294466392 1.0000000180025095e-35 11.500000000000002 0.36299386945380935 9.5000000000000018 8.5000000000000018 0.19863370444022513 7.0287092079217368 19.500000000000004 5.5000000000000009 0.012053298097908274 3.5000000000000004 0.66815810468340919 0.02022941081225382 1.5000000000000002 1.5000000000000002 0.092677121775998877 1.0000000180025095e-35 3.5000000000000004 6.8283963286207827 1.1117419506711426 1.0000000180025095e-35 3.5000000000000004 0.96754055282421392
decision_type=2 2 2 2 2 2 2 2 2 2 2 2 2 2 2 2 2 2 2 2 2 2 2 2 2 2 2 2 2 2
left_child=2 7 -1 6 8 21 -4 -2 23 -8 11 14 13 -12 15 -9 -17 19 -19 20 -18 -5 -23 24 -3 -10 27 29 -28 -27
right_child=1 4 3 5 -6 -7 9 10 25 -11 12 -13 -14 -15 -16 16 17 18 -20 -21 -22 22 -24 -25 -26 26 28 -29 -30 -31
leaf_value=-0.0041038270004603401 0.0019547706427894248 -0.00036383568133840504 -0.0019874609183981795 0.00086058880047596472 0.0011851629087057391 0.0016952857951939863 -0.0015704948037391 -0.0018004268859711803 0.0012538498392165977 0.0010587289551750353 0.0034699890995056742 -0.002550650661793765 -0.00095659548712180619 2.7641160621186279e-05 -0.0017643445437743235 0.0010240689727533893 0.00016992583468765921 -0.0013110149072363929 0.00150163357035432 -0.00075705434899188623 0.0027758115382010493 0.0009688380411239008 -0.00059278436355497265 -0.0024906336375034146 -0.0013070174533905729 0.0073543265290554041 0.00013884903938849062 -0.0012475769306319524 -0.0019513907658213266 0.00040269811873849511
leaf_weight=18764 135 8261 4047 96 9516 43 134 1101 4205 46 53 332 708 394 1360 86 247 839 42 760 43 101 441 1422 6530 79 21953 10078 2150 2696
leaf_count=18764 135 8261 4047 96 9516 43 134 1101 4205 46 53 332 708 394 1360 86 247 839 42 760 43 101 441 1422 6530 79 21953 10078 2150 2696
internal_value=-0.00135276 -0.000304152 -0.00458601 -0.00334963 -0.00017342 0.00065345 -0.00399456 -0.00173771 -0.00027835 0.000555554 -0.00185667 -0.00218295 -0.000497837 0.00126398 -0.00198526 -0.00152021 -0.000884979 -0.001116 -0.00238933 -4.76202e-05 0.00241379 1.56728e-05 -0.000756459 -0.000679394 -0.000571633 -0.000120382 -0.00019158 -0.000495216 -2.96655e-05 0.000297296
internal_weight=96662 72990 23672 4908 66890 681 4227 6100 57374 180 5965 4810 1155 447 4478 3118 2017 1931 881 1050 290 638 542 16213 14791 41161 36956 12853 24103 2775
internal_count=96662 72990 23672 4908 66890 681 4227 6100 57374 180 5965 4810 1155 447 4478 3118 2017 1931 881 1050 290 638 542 16213 14791 41161 36956 12853 24103 2775
is_linear=0
shrinkage=0.05


Tree=88
num_leaves=31
num_cat=0
split_feature=14 14 4 14 4 12 2 3 2 6 2 4 12 11 4 14 12 0 11 0 13 1 1 13 0 0 12 11 10 2
split_gain=127.216 6.46873 5.65777 3.82597 3.14753 1.41111 1.12273 1.0704 1.04131 1.03532 1.02834 0.948151 0.850438 0.812851 0.781959 0.768407 1.28833 0.831025 0.993395 0.838257 0.986842 0.764896 1.25266 0.909911 0.6968 0.964897 0.923331 0.837159 0.927118 1.43055
threshold=0.17177523891156851 0.094428933784625621 1.0000000180025095e-35 0.44206302601010677 9.5000000000000018 0.2941640170233652 4.5000000000000009 1.0000000180025095e-35 7.5000000000000009 1.0000000180025095e-35 14.500000000000002 1.0000000180025095e-35 0.94265681857819605 1.2785630314478074 8.5000000000000018 0.15226268694702264 0.2941640170233652 1.5000000000000002 0.014026924939995879 8.5000000000000018 0.1134940027656537 3.5000000000000004 1.5000000000000002 2.1656704416185533 1.0000000180025095e-35 9.5000000000000018 0.011540746903424477 0.38650678917590264 6.888668013928366 6.5000000000000009
decision_type=2 2 2 2 2 2 2 2 2 2 2 2 2 2 2 2 2 2 2 2 2 2 2 2 2 2 2 2 2 2
left_child=1 -1 15 4 10 14 21 -7 -8 12 13 -10 -6 24 -4 16 17 18 -3 -19 -21 22 23 -5 -2 26 -26 -27 -29 -30
right_child=3 2 5 6 9 7 8 -9 11 -11 -12 -13 -14 -15 -16 -17 -18 19 -20 20 -22 -23 -24 -25 25 27 -28 28 29 -31
leaf_value=-0.0038868657754522447 0.00037269570300421038 0.00036419646283207194 -0.0013133595871933441 -0.0037645534975946832 -0.0012784894386198926 3.9806489108045445e-05 0.0012010244723788619 -0.0020105961187980577 0.0010496199085731875 -0.0030218190435727719 0.000515309551106504 -0.00053604180824645123 0.0015289407915640273 0.0032286201417507116 -0.0022214628860940337 -0.00078471593338874266 0.0017616387752634637 -0.00042543582529986159 0.0021735626451167816 0.00080511138600473898 -6.4277653408920172e-05 -0.0020404811428023839 0.0011208728270444329 0.0018533506083702517 0.00087031339670154786 -0.00098342075064251997 -0.0012153162470600063 0.0031256624145065276 0.0024243563957743897 -0.00067279066859283619
leaf_weight=18610 473 52 1820 1181 3783 365 9072 282 8837 650 1352 32617 115 60 2796 178 44 416 40 49 84 7296 3019 297 49 254 2415 48 79 264
leaf_count=18610 473 52 1820 1181 3783 365 9072 282 8837 650 1352 32617 115 60 2796 178 44 416 40 49 84 7296 3019 297 49 254 2415 48 79 264
internal_value=-0.00133322 -0.00442594 -0.00301665 -0.000268645 -0.00120101 -0.00363196 -0.000125886 -0.00144513 -2.33555e-05 -0.0021526 -0.000334402 -0.000129542 -0.00184454 -0.000771555 -0.00393848 0.000735804 0.00149635 0.000928236 0.00532609 0.000191256 0.00364662 -0.000565167 -5.22583e-05 -0.00124493 -0.000868231 -0.00114024 -0.00159091 0.000581394 0.00203325 0.00112245
internal_weight=96597 24736 6126 71861 9542 5263 62319 647 50526 4548 4994 41454 3898 3642 4616 863 685 641 92 549 133 11793 4497 1478 3582 3109 2464 645 391 343
internal_count=96597 24736 6126 71861 9542 5263 62319 647 50526 4548 4994 41454 3898 3642 4616 863 685 641 92 549 133 11793 4497 1478 3582 3109 2464 645 391 343
is_linear=0
shrinkage=0.05


Tree=89
num_leaves=31
num_cat=0
split_feature=14 14 14 4 4 11 11 12 14 11 0 14 1 1 7 12 0 1 0 11 14 11 9 9 12 9 12 0 14 13
split_gain=128.414 4.91606 4.57343 5.04988 2.29753 1.36759 1.23419 1.21902 2.56923 1.0596 0.962833 1.10844 0.92803 2.05895 0.916671 0.915134 0.906734 1.46348 0.901372 1.3358 1.49971 2.31393 0.887728 1.06377 0.876226 0.811121 0.776778 0.773176 1.94255 0.823975
threshold=0.15226268694702264 0.42384005681624831 0.088883986181368682 1.0000000180025095e-35 9.5000000000000018 0.23767433275110014 0.42536474294466392 1.8423115137213653 0.79185215920177832 1.2785630314478074 1.0000000180025095e-35 0.28886469119929453 4.5000000000000009 1.5000000000000002 1.0000000180025095e-35 0.2941640170233652 10.500000000000002 4.5000000000000009 20.500000000000004 0.69861776903204464 1.6288899423526615 1.9929367320107787 7.6201483528888607 7.4391979579425511 0.44608220339315774 8.2153473904155874 0.018035768771074438 18.500000000000004 1.4326904105520948 1.1833205035980352
decision_type=2 2 2 2 2 2 2 2 2 2 2 2 2 2 2 2 2 2 2 2 2 2 2 2 2 2 2 2 2 2
left_child=2 4 -1 5 9 -4 -5 18 12 10 11 -2 13 -9 27 -8 -12 -18 -3 -20 21 22 23 -21 -6 -17 -13 -10 29 -29
right_child=1 7 3 6 24 -7 15 8 14 -11 16 26 -14 -15 -16 25 17 -19 19 20 -22 -23 -24 -25 -26 -27 -28 28 -30 -31
leaf_value=-0.0038737820558265956 0.0020946674580136571 -0.00084297066392046446 -0.00012539842745898025 -0.0018470963130584645 -0.0015978473291276222 0.00143436031773558 -0.0023674996253742111 0.00054948564721546032 -0.00041033119273535383 0.0034991195706711251 -0.00067380632617353576 -0.0011757489921771138 0.0012526544247619697 0.012960889754337396 0.0062301444744167793 0.00093413817776622659 -0.00051350588761628943 0.0026871896709261961 -0.00069386848664073784 0.0011767847391951629 0.00064637974723302707 0.013708032839730575 0.0021477391639502532 0.0079355875695128805 -0.00064795053478704321 -0.0010741411167180543 0.0015706562247208549 0.024355583046667111 0.0011400818255041364 0.010583750590523897
leaf_weight=18034 125 26710 691 4712 3553 76 72 46 17193 46 4390 324 76 71 1512 52 210 104 6689 89 2981 43 1041 90 1355 62 164 48 6180 88
leaf_count=18034 125 26710 691 4712 3553 76 72 46 17193 46 4390 324 76 71 1512 52 210 104 6689 89 2981 43 1041 90 1355 62 164 48 6180 88
internal_value=-0.00133728 -0.000300707 -0.00453585 -0.00329656 -0.00131487 0.000475879 -0.0038873 -0.00013499 0.000134051 -0.000599479 -0.00066485 0.00119902 0.00588083 0.00867521 8.97234e-05 0.000107526 -0.000907739 0.0016879 -0.000315199 6.72265e-05 0.000761073 0.00220507 0.00180328 0.00505586 -0.00209658 0.00289474 0.00012295 1.29726e-05 0.000486066 0.00639706
internal_weight=96827 73128 23699 5665 10271 767 4898 62857 25214 5363 5317 613 193 117 25021 186 4704 314 37643 10933 4244 1263 1220 179 4908 114 488 23509 6316 136
internal_count=96827 73128 23699 5665 10271 767 4898 62857 25214 5363 5317 613 193 117 25021 186 4704 314 37643 10933 4244 1263 1220 179 4908 114 488 23509 6316 136
is_linear=0
shrinkage=0.05


Tree=90
num_leaves=31
num_cat=0
split_feature=14 14 4 0 14 8 11 8 14 12 14 0 14 4 13 12 0 13 4 14 9 12 14 1 0 14 14 1 3 3
split_gain=128.489 5.05417 5.42144 4.92472 2.30138 1.78309 1.53595 1.50673 1.7378 1.40266 1.38304 1.26109 1.55112 1.16056 1.49293 1.29343 1.39978 1.35708 1.14031 1.05595 1.24056 1.05024 1.0227 1.40171 1.00469 1.96278 1.8875 1.45212 1.29378 0.948387
threshold=0.15226268694702264 0.088883986181368682 1.0000000180025095e-35 12.500000000000002 0.26983293981221812 1.0000000180025095e-35 0.23767433275110014 1.0000000180025095e-35 0.59995196162031739 0.2941640170233652 0.33806301758129265 16.500000000000004 1.4987510280621184 2.5000000000000004 0.33069641203793926 1.3195402670430956 15.500000000000002 1.7102863626460556 9.5000000000000018 1.4700593891048779 8.5489257659686064 0.012053298097908274 2.5697686166586133 3.5000000000000004 22.500000000000004 1.8436487260493313 1.1170251600835941 1.0000000180025095e-35 1.0000000180025095e-35 1.0000000180025095e-35
decision_type=2 2 2 2 2 2 2 2 2 2 2 2 2 2 2 2 2 2 2 2 2 2 2 2 2 2 2 2 2 2
left_child=1 -1 6 4 18 11 -3 8 10 -4 -6 12 -5 14 -7 17 19 -15 21 20 -17 -2 23 24 25 27 -26 -13 -29 -11
right_child=3 2 9 5 7 13 -8 -9 -10 29 -12 22 -14 15 -16 16 -18 -19 -20 -21 -22 -23 -24 -25 26 -27 -28 28 -30 -31
leaf_value=-0.0036825675706480907 0.0014991213154691226 -0.00011303585039697203 -0.0017305316665157508 0.0033943773704228001 -0.0036382406740866516 0.0017789539238961738 0.00091083370694932406 -0.00050321121598293265 -0.0049939938488552486 0.00012179509330958415 0.00023834203459500121 -0.00023033329377948158 -0.0024168351570528425 -0.0006272368376909589 0.00099764233888992608 0.00097546601126330878 -0.0006573516730673804 -0.0063797925235966951 -0.0015119525659422497 0.0018934246052546651 0.010865826833109153 -0.00062579995301078782 -0.0022028158704797802 0.00085275233520131053 0.0071228786769306955 0.0068815323846211241 -0.0022102479893925954 0.022813345582013408 0.0087117426880580322 -0.0018597730652285969
leaf_weight=18002 115 714 4570 1580 345 82 89 19169 1886 175 1566 87 2955 9663 5887 270 11078 1899 2795 2731 73 2954 1046 3169 83 2777 555 134 123 127
leaf_count=18002 115 714 4570 1580 345 82 89 19169 1886 175 1566 87 2955 9663 5887 270 11078 1899 2795 2731 73 2954 1046 3169 83 2777 555 134 123 127
internal_value=-0.00130296 -0.00450374 -0.00320264 -0.000265127 -0.000773501 6.65267e-05 0.000603984 -0.000547767 -0.00145773 -0.00383005 -0.000395082 0.000571987 -9.37167e-05 -0.000133038 0.000495057 -0.000278838 4.1689e-05 -0.000671165 -0.00165757 0.000985685 0.00360058 -0.000992181 0.000950588 0.00117061 0.00182362 0.00219321 1.56728e-05 0.00575581 0.00764591 -0.000529803
internal_weight=96699 23677 5675 73022 28830 44192 803 22966 3797 4872 1911 12509 4535 31683 5969 25714 14152 11562 5864 3074 343 3069 7974 6928 3759 3121 638 344 257 302
internal_count=96699 23677 5675 73022 28830 44192 803 22966 3797 4872 1911 12509 4535 31683 5969 25714 14152 11562 5864 3074 343 3069 7974 6928 3759 3121 638 344 257 302
is_linear=0
shrinkage=0.05


Tree=91
num_leaves=31
num_cat=0
split_feature=14 14 4 14 6 12 3 11 14 4 12 1 1 14 11 12 6 2 1 12 14 12 11 10 13 12 11 11 11 14
split_gain=121.885 6.53511 5.22824 4.52639 1.89456 1.77047 1.43453 1.37191 0.931474 0.918192 0.914695 0.865221 2.00945 1.22385 1.2515 0.992486 0.913152 0.763416 0.787552 0.78336 1.57384 1.42231 1.33422 1.2512 1.06753 1.4884 0.966765 0.953095 0.761528 0.83708
threshold=0.15855883354382452 0.088883986181368682 1.0000000180025095e-35 0.55052538487118607 1.0000000180025095e-35 0.28214596688078336 1.0000000180025095e-35 0.36198681841950436 0.22211085468778977 9.5000000000000018 0.28214596688078336 5.5000000000000009 3.5000000000000004 0.96754055282421392 0.2890576380407171 1.4462720853258568 1.0000000180025095e-35 28.500000000000004 2.5000000000000004 2.0444085328148494 1.5448855561719099 2.5031710056371956 2.6655016853320763 7.1141086558181206 1.970036994867572 2.2966739864518382 2.065805809405481 2.58994535021841 1.0299904282167851 0.44206302601010677
decision_type=2 2 2 2 2 2 2 2 2 2 2 2 2 2 2 2 2 2 2 2 2 2 2 2 2 2 2 2 2 2
left_child=1 -1 10 4 6 -4 -2 -7 -8 -9 -3 12 16 15 -15 -14 17 18 -5 -20 26 22 -22 -24 25 -25 -21 -28 -10 -30
right_child=3 2 5 11 -6 7 8 9 28 -11 -12 -13 13 14 -16 -17 -18 -19 19 20 21 -23 23 24 -26 -27 27 -29 29 -31
leaf_value=-0.0034776830187221428 -0.00041709390364222685 5.9960799364854327e-05 -0.0016239060965553094 0.0003822418554317606 -0.0026566057797399963 -0.0015076710198257319 -0.0015595234799849306 0.00088879166387160504 -0.0010675240450242049 -0.0005570687301873627 0.0013897209321957343 0.00092011927036405672 -0.00032072242201340307 -0.0076460468469168111 -0.0019964796236851905 0.0026290946936568058 -0.0013497980552950083 -0.00082583772503409033 0.0011130454206005121 -0.00070973522309782176 0.0042161833609445356 -0.0010180247801545011 0.022993950977544385 0.018796141637342733 -0.0016295267413875736 0.0023115268434282812 0.013365215862838934 0.0077367383911590886 -0.0031997611613406927 0.0030887693275145375
leaf_weight=17876 7635 765 4753 18687 914 258 1216 89 3381 121 66 8651 2400 515 12599 735 4335 5797 3488 130 335 1112 50 42 57 43 148 291 52 109
leaf_count=17876 7635 765 4753 18687 914 258 1216 89 3381 121 66 8651 2400 515 12599 735 4335 5797 3488 130 335 1112 50 42 57 43 148 291 52 109
internal_value=-0.00129229 -0.00438775 -0.00296762 -0.000273784 -0.00110731 -0.00355392 -0.000945293 -0.000619659 -0.00162674 0.00238095 0.000716004 -8.71004e-05 -0.000165867 -0.000624347 -0.000836512 0.000263157 4.99771e-05 0.000147447 0.000270064 0.00078476 0.00152174 0.000735203 0.00287476 0.00619792 0.00380282 0.00735294 0.00378735 0.00490888 -0.00121683 0.00214286
internal_weight=96650 23928 6052 72722 13307 5221 12393 468 4758 210 831 59415 50764 16249 13114 3135 34515 30180 24383 5696 2208 1639 527 192 142 85 569 439 3542 161
internal_count=96650 23928 6052 72722 13307 5221 12393 468 4758 210 831 59415 50764 16249 13114 3135 34515 30180 24383 5696 2208 1639 527 192 142 85 569 439 3542 161
is_linear=0
shrinkage=0.05


Tree=92
num_leaves=31
num_cat=0
split_feature=14 14 4 14 4 0 8 12 14 8 14 14 0 14 0 0 12 12 14 0 14 12 6 9 14 1 12 14 12 4
split_gain=125.185 5.87429 7.02784 3.47043 1.74268 1.47191 2.73573 1.41217 1.3964 1.15964 1.30627 1.07809 1.02929 2.82545 1.01835 1.02024 1.01789 1.00155 1.95828 1.91447 1.1915 0.98814 0.936628 0.91611 0.907615 0.965596 1.11259 1.23292 0.890489 0.889108
threshold=0.15226268694702264 0.079833095026609027 1.0000000180025095e-35 0.27902878525081015 8.5000000000000018 14.500000000000002 1.0000000180025095e-35 0.28214596688078336 2.5697686166586133 1.0000000180025095e-35 0.59995196162031739 0.35208839802829789 8.5000000000000018 0.38686320398709767 1.0000000180025095e-35 9.5000000000000018 0.28214596688078336 0.27153305017447688 1.7560480992863496 15.500000000000002 1.3952280761848197 0.62800667330029813 1.0000000180025095e-35 7.5307873048590457 0.40455183758037494 3.5000000000000004 1.3040386106145412 0.49973006638848472 1.2416670953716158 1.0000000180025095e-35
decision_type=2 2 2 2 2 2 2 2 2 2 2 2 2 2 2 2 2 2 2 2 2 2 2 2 2 2 2 2 2 2
left_child=1 -1 7 4 14 9 8 -3 17 10 11 -5 22 -14 -2 21 -4 20 -19 -20 -7 -16 -11 -17 -13 26 27 -26 -12 -8
right_child=3 2 16 5 -6 6 29 -9 -10 12 28 24 13 -15 15 23 -18 18 19 -21 -22 -23 -24 -25 25 -27 -28 -29 -30 -31
leaf_value=-0.0037385833933298099 0.0015270645987788517 1.3211202060897026e-05 -0.0016866925021203141 -0.0033502139360534903 -0.0012380044905923359 0.00037495444327787392 0.0015426854943074247 0.0012734800789045259 -0.0043062301182515625 -0.00060590543344443356 -0.0049407455581274694 0.0033354635833063757 0.003093965184221292 -9.7663587076872037e-05 -0.00064162536566451391 0.0027220004527886243 -0.00077030101515530359 0.0066742602363515291 -0.0078321219731639965 0.0035749391413800028 -0.014462826910471916 0.0027902703230998959 -0.0017407917192569025 0.00010308742570823522 0.0028801675930804314 -0.0011805872531870075 -0.0031569495486536234 0.0012928159939134254 -0.0029841794414629218 -0.00062303338524817
leaf_weight=16502 93 973 5854 244 3399 801 3665 51 1078 6842 549 66 107 17157 2334 41 385 2197 353 5633 182 51 576 564 120 715 137 490 3659 22063
leaf_count=16502 93 973 5854 244 3399 801 3665 51 1078 6842 549 66 107 17157 2334 41 385 2197 353 5633 182 51 576 564 120 715 137 490 3659 22063
internal_value=-0.00125623 -0.0044088 -0.00322388 -0.000231551 -0.00133601 -0.000124112 9.28488e-05 0.000615233 0.000783872 -0.000378646 -0.00100335 0.000135439 -0.000227292 -1.56407e-05 -0.000475188 -0.000635453 -0.00385398 0.00098407 0.00116522 0.000696624 -0.000523908 -0.00110063 -0.000719872 0.00119835 0.000628271 0.000369356 0.0016265 0.00254098 -0.00148289 -0.000182293
internal_weight=96881 23765 7263 73116 6482 66634 35972 1024 10244 30662 5980 1772 24682 17264 3083 2990 6239 9166 8183 5986 983 2385 7418 605 1528 1462 747 610 4208 25728
internal_count=96881 23765 7263 73116 6482 66634 35972 1024 10244 30662 5980 1772 24682 17264 3083 2990 6239 9166 8183 5986 983 2385 7418 605 1528 1462 747 610 4208 25728
is_linear=0
shrinkage=0.05


Tree=93
num_leaves=31
num_cat=0
split_feature=14 14 4 12 6 2 12 3 4 13 12 12 4 13 12 12 14 13 2 9 10 13 4 14 9 11 14 8 11 10
split_gain=120.653 6.07428 6.31332 3.75457 2.04957 1.67791 1.56358 1.63045 1.19224 1.14502 0.954976 0.918185 1.17816 0.758525 1.36394 0.812676 0.755677 0.815981 0.791578 0.758521 0.856181 0.752124 0.73692 0.715551 0.861343 0.822866 0.68497 0.667088 0.897159 0.851019
threshold=0.15226268694702264 0.081845263849881819 1.0000000180025095e-35 0.6091033743276294 1.0000000180025095e-35 5.5000000000000009 0.2941640170233652 1.0000000180025095e-35 1.0000000180025095e-35 0.40746890113321693 0.2941640170233652 0.010856347883850983 4.5000000000000009 0.092677121775998877 0.20017889409664549 0.013454374309724354 0.44206302601010677 1.7243216747023489 19.500000000000004 8.2629566199062712 6.3682407829821726 0.65463554738839358 8.5000000000000018 0.59995196162031739 9.0034365696575112 0.20737836948696584 0.31107002481476337 3.5000000000000004 0.016121106078620551 7.1855444268780495
decision_type=2 2 2 2 2 2 2 2 2 2 2 2 2 2 2 2 2 2 2 2 2 2 2 2 2 2 2 2 2 2
left_child=1 -1 10 4 5 9 22 -8 -5 -2 13 12 -7 14 -3 -15 18 19 27 20 -18 23 -4 -11 25 -25 -6 -13 -29 -30
right_child=3 2 6 8 26 11 7 -9 -10 21 -12 16 -14 15 -16 -17 17 -19 -20 -21 -22 -23 -24 24 -26 -27 -28 28 29 -31
leaf_value=-0.0034414633885740324 -0.0014227857173567844 0.00023067781482407452 -0.0011038660103239856 0.0019983584356272795 -0.0029875920203038552 0.00010827772574094181 0.00049701928039258135 -0.0017525668424919231 -0.00024995290148867197 -0.00077259123381411259 0.0013091435391960771 -0.0003944843546933138 0.0046963672259016541 0.0016487487549882033 0.0019198512198201506 -0.00040708180442494018 0.0050168363381184007 -0.0052988632558529526 -0.00084559672680590474 0.00085569527716662609 -0.0008008337269768917 -0.0021344103057635041 -0.0018615471211795187 0.0021242448623801017 -0.0051154586502795713 0.0054057232193712966 -0.0025275416328106887 -0.00061476948356182896 0.0023681399944736892 0.00061836304905325227
leaf_weight=16717 2149 242 2170 7296 506 78 179 126 44867 537 48 3657 46 47 41 591 136 697 2120 3423 3936 1982 3399 190 45 53 965 137 69 177
leaf_count=16717 2149 242 2170 7296 506 78 179 126 44867 537 48 3657 46 47 41 591 136 697 2120 3423 3936 1982 3399 190 45 53 965 137 69 177
internal_value=-0.00125825 -0.0043697 -0.00311486 -0.000254976 -0.000821175 -0.000684954 -0.0037317 -0.000245903 -2.80862e-05 -0.00147902 0.000624354 -0.000413099 0.00387097 0.000266014 0.00242049 -0.000689656 -0.000450113 -0.000135499 -0.000868508 1.66766e-05 -0.0004445 -0.000814038 -0.00392261 0.000454544 0.00246528 0.00364197 -0.00262067 -0.000457922 0.00152741 0.00333333
internal_weight=96626 23560 6843 73066 20903 19432 5874 305 52163 4956 969 14476 124 921 283 638 14352 8192 6160 7495 4072 2807 5569 825 288 243 1471 4040 383 246
internal_count=96626 23560 6843 73066 20903 19432 5874 305 52163 4956 969 14476 124 921 283 638 14352 8192 6160 7495 4072 2807 5569 825 288 243 1471 4040 383 246
is_linear=0
shrinkage=0.05


Tree=94
num_leaves=31
num_cat=0
split_feature=14 14 14 4 4 11 0 8 8 14 0 8 0 14 14 13 14 12 2 6 0 0 1 1 0 14 0 4 0 14
split_gain=118.505 6.41973 3.13929 5.19821 2.74206 1.83031 1.6346 1.46554 2.33804 1.49146 1.73766 1.3168 2.3836 1.80261 1.31398 1.28338 1.76144 1.22178 1.19115 1.35424 1.18708 1.33761 1.72025 1.77105 1.42786 1.24387 1.17381 1.20151 1.14981 1.14414
threshold=0.11502245135679885 0.1935711841940839 0.079833095026609027 1.0000000180025095e-35 7.5000000000000009 0.77676767660897428 19.500000000000004 1.5000000000000002 2.5000000000000004 1.0130834839572627 12.500000000000002 1.0000000180025095e-35 12.500000000000002 1.3679531999252081 1.5538181032107765 1.4086834754138486 2.194209813763786 0.46109249075020248 5.5000000000000009 1.0000000180025095e-35 10.500000000000002 14.500000000000002 3.5000000000000004 5.5000000000000009 17.500000000000004 1.2031764477955085 11.500000000000002 9.5000000000000018 15.500000000000002 1.3131875711225278
decision_type=2 2 2 2 2 2 2 2 2 2 2 2 2 2 2 2 2 2 2 2 2 2 2 2 2 2 2 2 2 2
left_child=2 4 -1 -4 17 18 7 9 15 10 -7 12 -11 20 -8 -9 26 -2 -3 -20 -13 22 -22 -24 -23 -25 -17 -28 -12 -26
right_child=1 5 3 -5 -6 6 14 8 -10 11 28 13 -14 -15 -16 16 -18 -19 19 -21 21 24 23 25 29 -27 27 -29 -30 -31
leaf_value=-0.0033640728148786299 -0.00038176035698082948 -0.0013449864018731164 0.00016910185054082435 -0.0015401467902226491 -0.0014539116628488875 5.9946488457207399e-05 0.0043532468621855312 -0.0005578794594929212 -6.4338028506902074e-06 -0.0091018385982188921 0.0077794227438689805 -0.0081875226962721346 0.00018785294440871558 -0.0054225980968839564 0.0013343968990972535 0.0062743410203885538 0.0070053239885935056 0.0013725144311909671 -0.00027923870645750069 -0.002042504752484086 0.0048024977459715512 -0.0033216122758273634 -0.0046749436277745277 0.017119042349217139 0.011657973695649918 0.0024731498741027967 0.023508933745303877 0.014086364325288142 0.0038276458373402199 -0.0056099382713273877
leaf_weight=16400 2066 5960 645 3921 2801 3746 1149 464 15388 723 139 447 7711 4926 6947 122 721 50 16309 1451 943 1751 810 79 187 189 114 112 258 100
leaf_count=16400 2066 5960 645 3921 2801 3746 1149 464 15388 723 139 447 7711 4926 6947 122 721 50 16309 1451 943 1751 810 79 187 189 114 112 258 100
internal_value=-0.0012563 -0.000334577 -0.00458266 -0.00342313 -0.00208155 -0.000213158 -3.25364e-05 -0.000166968 0.000182908 -0.000435959 0.000418777 -0.000634167 -0.000180224 -0.00104008 0.000613882 0.00204501 0.00299813 -0.000723064 -0.000571249 -0.000365992 -0.000317356 -4.80426e-05 0.000863433 -0.000500929 -0.000951915 0.00302239 0.00591954 0.0080531 0.00356423 0.00231707
internal_weight=96629 75663 20966 4566 4917 70746 47026 38930 16921 22009 4143 17866 8434 9432 8096 1533 1069 2116 23720 17760 4506 4059 2021 1078 2038 268 348 226 397 287
internal_count=96629 75663 20966 4566 4917 70746 47026 38930 16921 22009 4143 17866 8434 9432 8096 1533 1069 2116 23720 17760 4506 4059 2021 1078 2038 268 348 226 397 287
is_linear=0
shrinkage=0.05


Tree=95
num_leaves=31
num_cat=0
split_feature=14 14 4 0 6 7 2 12 2 6 12 12 9 2 2 0 13 12 10 9 12 14 0 10 12 14 8 11 13 14
split_gain=118.929 6.82193 5.871 2.73337 1.38437 1.29355 1.22376 1.19953 1.14752 1.13261 1.06796 1.09947 1.05459 0.946919 1.08349 0.937248 0.890459 0.882464 0.877784 1.09624 0.87977 0.901235 1.73652 1.593 0.915808 1.87905 0.871188 0.855843 1.21686 1.1722
threshold=0.15226268694702264 0.079833095026609027 1.0000000180025095e-35 8.5000000000000018 1.0000000180025095e-35 1.0000000180025095e-35 4.5000000000000009 0.2941640170233652 4.5000000000000009 1.0000000180025095e-35 1.8597649084503747 3.6242137430533221 7.5788482560776034 28.500000000000004 27.500000000000004 19.500000000000004 3.8390809835390827 0.20017889409664549 8.9311498447307187 9.1424004294361136 0.28214596688078336 0.47177057315336812 14.500000000000002 8.310540370335934 0.80777029362974762 0.40455183758037494 2.5000000000000004 0.41251442257211318 1.3768289722579556 1.294277290714531
decision_type=2 2 2 2 2 2 2 2 2 2 2 2 2 2 2 2 2 2 2 2 2 2 2 2 2 2 2 2 2 2
left_child=1 -1 -3 4 8 6 -5 -4 26 13 -7 -12 -10 14 15 18 -11 -16 19 20 -8 22 23 24 -22 -26 -2 28 -17 -29
right_child=3 2 7 5 -6 10 9 -9 12 16 11 -13 -14 -15 17 27 -18 -19 -20 -21 21 -23 -24 -25 25 -27 -28 29 -30 -31
leaf_value=-0.0031895106594804282 -0.0010060166587082364 9.9124063071258091e-05 -0.0014393670230225509 -0.0011356633918078035 -0.0022286361389474824 -0.0010373408728544325 -0.002076536017773706 -0.000208725374582258 -0.0012112714547982172 -0.0018509328661102274 0.0086776755928636099 0.00060336505338804487 -0.00025406391433965039 -0.0010509846085320525 -0.0023229661118535218 0.00023229601762877065 0.0040350801413529249 0.0030305448420038187 -0.003543762749757982 0.0050452709153634839 -0.00014489214171897979 -0.00019913898767707868 0.0041788808127809314 0.0032016812139557616 0.006214866640428994 0.00020438229591238441 -0.0024932848637046101 0.0049295972516455655 -0.0067616844489780574 0.0020590048602675565
leaf_weight=16342 1607 1036 5896 10891 1002 628 570 303 1122 3993 983 563 8858 5535 64 2070 87 1340 374 725 873 23080 48 42 46 188 958 719 445 6343
leaf_count=16342 1607 1036 5896 10891 1002 628 570 303 1122 3993 983 563 8858 5535 64 2070 87 1340 374 725 873 23080 48 42 46 188 958 719 445 6343
internal_value=-0.00122045 -0.00430865 -0.00303041 -0.000225143 -0.000866245 -7.94382e-05 -0.000124755 -0.00361268 -0.000723397 -1.31076e-05 0.00111775 0.00182406 -0.000480963 6.33496e-05 0.000154764 0.000100919 -0.000808825 0.00151709 -5.51157e-05 -1.99449e-05 -7.58655e-05 -3.02768e-05 0.00130743 0.000918189 0.000555554 0.00333333 -0.00166667 0.000523649 -0.000268391 0.00080572
internal_weight=96731 23577 7235 73154 13547 59607 57433 6199 12545 46542 2174 1546 9980 42462 36927 35523 4080 1404 25946 25572 24847 24277 1197 1149 1107 234 2565 9577 2515 7062
internal_count=96731 23577 7235 73154 13547 59607 57433 6199 12545 46542 2174 1546 9980 42462 36927 35523 4080 1404 25946 25572 24847 24277 1197 1149 1107 234 2565 9577 2515 7062
is_linear=0
shrinkage=0.05


Tree=96
num_leaves=31
num_cat=0
split_feature=14 14 14 5 5 0 8 8 12 6 3 0 13 14 14 11 1 12 14 14 12 14 0 13 14 1 12 2 14 1
split_gain=113.162 5.94967 3.59028 4.99769 2.16806 1.38754 1.55278 1.52502 1.29713 1.21441 1.3824 0.97545 0.947746 0.899592 1.27717 0.931726 0.87562 1.1445 1.14312 0.864045 0.851998 1.95732 0.943296 1.22423 1.14142 1.27223 1.53624 1.155 1.14685 0.988077
threshold=0.11502245135679885 0.26983293981221812 0.069870493580420953 1.0000000180025095e-35 1.0000000180025095e-35 14.500000000000002 1.0000000180025095e-35 1.0000000180025095e-35 0.20017889409664549 1.0000000180025095e-35 1.0000000180025095e-35 9.5000000000000018 0.29596914495003307 0.58731392421636974 0.33806301758129265 1.2281439571743611 3.5000000000000004 1.3040386106145412 0.38686320398709767 0.15226268694702264 0.39007067860011652 1.4887791821174821 15.500000000000002 1.580533991990227 2.0439602148248484 3.5000000000000004 2.688176041406114 7.5000000000000009 1.7979313060407407 5.5000000000000009
decision_type=2 2 2 2 2 2 2 2 2 2 2 2 2 2 2 2 2 2 2 2 2 2 2 2 2 2 2 2 2 2
left_child=2 4 -1 -4 9 7 20 13 -5 10 11 -2 -6 14 -3 -15 17 -16 -18 -12 -7 -22 23 -23 25 26 27 -24 -29 -27
right_child=1 5 3 8 12 6 -8 -9 -10 -11 19 -13 -14 15 16 -17 18 -19 -20 -21 21 22 24 -25 -26 29 -28 28 -30 -31
leaf_value=-0.0036557754555825925 -0.0005825180277520567 -0.0031549334330389445 -0.0015288557146781864 -0.000209464235639465 0.00030060715863418016 -0.0011270025123550935 -0.00040371937886883629 -0.00038697323552816998 0.00079911000323623692 -0.002401904093899562 -0.0016267109279625852 0.00019486520155560891 -0.003521267931083229 -0.0046029554283243705 0.0022148373470631455 -0.0026934680872425397 0.0048068084629166591 -0.0022038325152480983 -0.0013833978686238067 -0.0011178072087085792 0.0094042514623911069 0.0025568190013184298 -0.0020979596101883546 -0.0074349274714348591 0.00074688106005482821 0.00025986905177972751 0.01743499958843301 0.019056566666390287 0.0045897996170995176 0.01144533733859494
leaf_weight=14508 3275 344 5566 803 1138 1313 25650 24879 103 618 956 491 94 947 559 3268 40 125 733 2174 462 344 336 504 4665 1458 228 223 454 283
leaf_count=14508 3275 344 5566 803 1138 1313 25650 24879 103 618 956 491 94 947 559 3268 40 125 733 2174 462 344 336 504 4665 1458 228 223 454 283
internal_value=-0.00126273 -0.000360703 -0.00451144 -0.00353214 -0.00158701 -0.000200181 1.11347e-05 -0.000445866 -8.83014e-05 -0.00190578 -0.00171549 -0.0010701 0.000357142 -0.00116024 -0.000224876 -0.00155991 0.000422099 0.00172515 -0.00073092 -0.00249201 0.000530671 0.000705034 0.000532665 -0.00104953 0.00070812 0.00147217 0.00269541 0.00186081 0.00305022 0.000600229
internal_weight=96541 75561 20980 6472 8746 66815 35920 30895 906 7514 6896 3766 1232 6016 1801 4215 1457 684 773 3130 10270 8957 8495 848 7647 2982 1241 1013 677 1741
internal_count=96541 75561 20980 6472 8746 66815 35920 30895 906 7514 6896 3766 1232 6016 1801 4215 1457 684 773 3130 10270 8957 8495 848 7647 2982 1241 1013 677 1741
is_linear=0
shrinkage=0.05


Tree=97
num_leaves=31
num_cat=0
split_feature=14 14 14 4 4 6 0 0 8 14 14 11 13 14 2 2 14 8 14 0 14 1 1 2 14 1 12 2 13 1
split_gain=116.994 6.15806 3.55224 4.36232 2.89636 1.55147 1.00755 0.997829 1.26373 1.12905 1.33025 0.953537 1.03128 0.934014 0.956498 1.09781 0.871463 0.836019 0.835901 0.824051 0.820018 0.813571 0.802477 0.783816 0.901275 1.73986 0.78867 0.775091 0.940772 0.748559
threshold=0.11502245135679885 0.26983293981221812 0.067858485438324859 1.0000000180025095e-35 8.5000000000000018 1.0000000180025095e-35 9.5000000000000018 12.500000000000002 1.0000000180025095e-35 0.59995196162031739 0.33806301758129265 0.51305091251275237 0.19120629927941438 0.42384005681624831 25.500000000000004 27.500000000000004 0.49973006638848472 1.0000000180025095e-35 0.15226268694702264 1.0000000180025095e-35 0.24433431584371992 3.5000000000000004 1.5000000000000002 5.5000000000000009 0.28886469119929453 2.5000000000000004 0.01635378004448804 14.500000000000002 0.22862123873148757 3.5000000000000004
decision_type=2 2 2 2 2 2 2 2 2 2 2 2 2 2 2 2 2 2 2 2 2 2 2 2 2 2 2 2 2 2
left_child=2 4 -1 17 6 7 19 8 9 10 -3 18 -13 -12 29 -16 -7 -4 -6 -2 21 22 -8 -10 25 26 -25 -21 -29 -15
right_child=1 5 3 -5 11 16 20 -9 23 -11 13 12 -14 14 15 -17 -18 -19 -20 27 -22 -23 -24 24 -26 -27 -28 28 -30 -31
leaf_value=-0.003696026262176104 0.0017746243147794103 -0.0030696463069099086 -0.00053454602344372851 -0.0014787656708225628 -0.0015031176177698652 -0.0021829004313405178 0.00059675854607507423 0.00019291704943308851 -0.00099391171046129038 -0.0037751115899063558 0.0019824046131224956 0.00068593292654496574 -0.00065792105137365978 0.0010408882739256775 0.0066009221197746012 0.00047664676927968623 -0.0014460405542045006 8.825670979562461e-05 -0.0012440804032970011 -0.00056890038018027908 -0.0019014352824456675 0.00013892266030247964 0.002239665539362628 0.0026623280674245046 -6.1150028086914178e-05 -0.0002584883448925232 0.0019964574440070591 0.00030393572783045484 -0.0013698528386015536 -0.0020447583896602167
leaf_weight=14136 83 316 408 5914 1332 429 95 41013 4542 1730 156 130 404 452 43 163 4426 561 2727 2463 135 258 85 59 12874 209 92 819 222 653
leaf_count=14136 83 316 408 5914 1332 429 95 41013 4542 1730 156 130 404 452 43 163 4426 561 2727 2463 135 258 85 59 12874 209 92 819 222 653
internal_value=-0.00119928 -0.000285207 -0.00450045 -0.00356894 -0.00153262 -0.000122624 -0.000576924 -5.55371e-05 -0.000333272 -0.00119983 -0.000316883 -0.00239822 -0.000411986 0.000316972 -0.000118232 0.00300971 -0.000983523 -0.000459238 -0.00265952 -0.00088793 0.00136998 0.00242009 0.005 -0.000162017 3.24909e-05 0.0025 0.0065894 -0.00100457 0.000139288 -0.000701359
internal_weight=96929 75910 21019 6883 8753 67157 4160 62302 21289 3513 1783 4593 534 1467 1311 206 4855 969 4059 3587 573 438 180 17776 13234 360 151 3504 1041 1105
internal_count=96929 75910 21019 6883 8753 67157 4160 62302 21289 3513 1783 4593 534 1467 1311 206 4855 969 4059 3587 573 438 180 17776 13234 360 151 3504 1041 1105
is_linear=0
shrinkage=0.05


Tree=98
num_leaves=31
num_cat=0
split_feature=14 14 4 14 4 12 6 7 0 12 12 14 14 0 8 0 0 14 8 8 11 12 1 1 14 13 9 9 0 13
split_gain=112.547 5.0791 5.36271 3.88299 1.99331 1.56702 1.53398 1.06067 1.15755 0.973644 0.950942 0.995549 0.88829 1.39518 1.20192 2.26688 1.47415 1.46197 1.98696 1.37461 1.08321 1.19143 0.915107 1.18244 1.05218 1.24316 0.963784 1.18039 0.902283 0.933813
threshold=0.11930858671163726 0.065571124312808565 1.0000000180025095e-35 0.21491882147311586 8.5000000000000018 1.1774420736118369 1.0000000180025095e-35 1.0000000180025095e-35 8.5000000000000018 0.46109249075020248 0.2617604386058241 0.12932958133920672 0.79185215920177832 12.500000000000002 3.5000000000000004 8.5000000000000018 10.500000000000002 1.0130834839572627 1.0000000180025095e-35 1.0000000180025095e-35 0.74479280410000925 1.4152562361112508 5.5000000000000009 3.5000000000000004 1.4326904105520948 1.8041305161347074 8.5066250412077888 8.2681440413724285 11.500000000000002 0.79621563173389942
decision_type=2 2 2 2 2 2 2 2 2 2 2 2 2 2 2 2 2 2 2 2 2 2 2 2 2 2 2 2 2 2
left_child=1 -1 7 4 9 6 -5 8 -3 -2 -6 -12 20 14 16 -16 -14 18 -18 -19 -7 -22 23 -15 25 26 27 -24 29 -23
right_child=3 2 -4 5 10 12 -8 -9 -10 -11 11 -13 13 22 15 -17 17 19 -20 -21 21 28 24 -25 -26 -27 -28 -29 -30 -31
leaf_value=-0.0037634704330170746 -0.00029110786569158399 -0.00020197084367070268 -0.0013757764579361848 -0.00048848781229990086 -0.0013506159248284236 -0.0023086987975491817 -0.0020265285769259993 0.0021424851817564454 0.00059915291099435063 0.0011646620107228778 0.00026012433284632849 -0.00097391476507282702 -0.0042655308408087724 0.00065623820141998167 -0.0035067513149923575 0.0084107231712963557 -0.0013138487174379737 -0.0080914041498829446 0.0095990108751836303 -0.00070546248097714203 6.5872057774110171e-05 0.0030286455042681419 0.004001376894100306 -0.0015246686935093082 0.0020556074781404006 0.010772447526774254 -0.0072386680503281932 0.012660293386398578 0.0056752915167549364 -0.0011985403444728848
leaf_weight=13832 2613 999 6564 26915 1892 225 2035 44 50 103 60 1079 2025 16996 1075 906 363 737 246 4486 1102 685 302 7029 3913 40 141 125 110 233
leaf_count=13832 2613 999 6564 26915 1892 225 2035 44 50 103 60 1079 2025 16996 1075 906 363 737 246 4486 1102 685 302 7029 3913 40 141 125 110 233
internal_value=-0.00118881 -0.00438108 -0.00334792 -0.000279443 -0.00152862 -0.000176428 -0.000457687 -0.000105216 -0.000424215 -0.00054492 -0.0024101 -0.00126866 2.34407e-05 -3.43905e-05 -0.000547877 0.00055275 -0.00082538 -0.000421812 0.00189655 -0.000692132 0.000966029 0.00131455 0.000142576 1.97699e-05 0.000795177 0.00273026 0.00213028 0.00331382 0.00253891 0.00202614
internal_weight=96925 21489 7657 75436 5747 69689 28950 1093 1049 2716 3031 1139 40739 38384 9838 1981 7857 5832 609 5223 2355 2130 28546 24025 4521 608 568 427 1028 918
internal_count=96925 21489 7657 75436 5747 69689 28950 1093 1049 2716 3031 1139 40739 38384 9838 1981 7857 5832 609 5223 2355 2130 28546 24025 4521 608 568 427 1028 918
is_linear=0
shrinkage=0.05


Tree=99
num_leaves=31
num_cat=0
split_feature=14 14 5 14 3 6 5 14 12 10 0 8 0 0 6 13 9 2 8 14 1 1 1 11 14 13 9 12 0 14
split_gain=114.071 4.56502 4.08903 3.77851 1.49608 1.81812 1.22597 1.41844 1.2137 1.49195 1.06925 1.15737 1.04398 1.03924 0.947996 0.893118 0.883117 0.875982 0.78946 0.77931 0.808625 0.754674 1.15717 0.688587 0.669146 0.665422 0.936423 0.631167 0.619321 0.832508
threshold=0.11930858671163726 0.065571124312808565 1.0000000180025095e-35 0.18621845708737503 1.0000000180025095e-35 1.0000000180025095e-35 1.0000000180025095e-35 0.44206302601010677 0.3197795857231292 7.10615046080403 1.5000000000000002 3.5000000000000004 8.5000000000000018 9.5000000000000018 1.0000000180025095e-35 0.11771068212702961 7.9412288308423822 25.500000000000004 1.0000000180025095e-35 0.15226268694702264 4.5000000000000009 3.5000000000000004 5.5000000000000009 0.63826853052072807 2.4252354490724621 0.33069641203793926 7.4391979579425511 0.010856347883850983 12.500000000000002 0.86746141427363688
decision_type=2 2 2 2 2 2 2 2 2 2 2 2 2 2 2 2 2 2 2 2 2 2 2 2 2 2 2 2 2 2
left_child=1 -1 12 4 5 8 7 14 10 -10 11 15 -3 -12 23 16 -2 -17 -4 20 -11 -9 24 27 28 26 -8 -5 29 -23
right_child=3 2 18 6 -6 -7 25 21 9 19 13 -13 -14 -15 -16 17 -18 -19 -20 -21 -22 22 -24 -25 -26 -27 -28 -29 -30 -31
leaf_value=-0.0035634964999023962 -0.00080651176124018589 -0.0014113797388414459 -0.00044404193934100141 0.0010373315500472686 -0.0012665197935788446 -0.0023746489558245962 -0.002385439422145412 -2.3153069846622921e-05 0.0025798263752309846 0.0011994258423018759 -0.00082353545151449064 0.0011342295740825036 -7.4288888493123551e-06 0.00096172557602661841 -0.0017164172494616465 -0.00064336992661048319 0.0013209922707627089 0.00085690661160687598 9.9596570577294207e-05 -0.00036550717612623111 -0.00090293557305608186 -0.00049506442168707526 0.0002023726087396574 0.00017503010191991571 -0.011899330299065203 0.0005702576887497557 0.0012144350821886667 -0.00068647711781143358 -0.00099250164442432468 -0.0040236904207249739
leaf_weight=13780 44 6374 468 76 1493 281 63 31840 93 64 1190 51 171 83 627 449 68 41 615 280 42 1907 7549 1238 202 9259 800 5486 10064 2265
leaf_count=13780 44 6374 468 76 1493 281 63 31840 93 64 1190 51 171 83 627 449 68 41 615 280 42 1907 7549 1238 202 9259 800 5486 10064 2265
internal_value=-0.00117328 -0.00439509 -0.00341374 -0.000260408 -0.0017217 -0.00101638 -0.00017485 -0.000259086 -0.000571727 0.00168058 -0.00113188 0.000513016 -0.00388465 -0.00197565 -0.000906828 -9.9669e-05 0.00392857 -0.00102041 -0.000567868 0.00031088 0.00396226 -0.000169712 -0.000395007 -0.000735295 -0.000657294 0.000334913 0.0016628 -0.000972673 -0.000616747 -0.00112896
internal_weight=96963 21408 7628 75555 4179 2686 71376 61254 2405 479 1926 653 6545 1273 7427 602 112 490 1083 386 106 53827 21987 6800 14438 10122 863 5562 14236 4172
internal_count=96963 21408 7628 75555 4179 2686 71376 61254 2405 479 1926 653 6545 1273 7427 602 112 490 1083 386 106 53827 21987 6800 14438 10122 863 5562 14236 4172
is_linear=0
shrinkage=0.05


Tree=100
num_leaves=31
num_cat=0
split_feature=14 14 14 4 4 12 6 11 13 14 0 6 1 2 2 1 2 1 13 14 12 0 13 12 13 1 12 10 14 9
split_gain=111.189 5.39293 3.8263 4.48096 2.41509 1.84422 1.72534 1.67486 1.44027 1.27354 1.19559 1.05793 1.59972 1.37977 1.36792 1.0958 0.968059 1.01105 1.1797 0.913427 1.08669 1.85955 0.906056 1.08818 0.891515 1.76492 0.856471 0.771572 0.789719 1.08587
threshold=0.10728911571493753 0.26983293981221812 0.057891262204215345 1.0000000180025095e-35 3.5000000000000004 0.20017889409664549 1.0000000180025095e-35 0.38650678917590264 0.13629249550934366 0.14642576161854132 7.5000000000000009 1.0000000180025095e-35 3.5000000000000004 10.500000000000002 28.500000000000004 5.5000000000000009 5.5000000000000009 2.5000000000000004 1.3971976855270074 0.15226268694702264 0.11695012343445631 1.5000000000000002 0.19120629927941438 0.01560799077449878 0.095864467011453444 5.5000000000000009 0.44608220339315774 6.3549855041068239 0.64016356270154462 9.0234856047750949
decision_type=2 2 2 2 2 2 2 2 2 2 2 2 2 2 2 2 2 2 2 2 2 2 2 2 2 2 2 2 2 2
left_child=2 4 -1 5 24 -4 7 19 9 -9 -10 12 14 -14 16 -15 17 18 -3 -6 21 -21 23 -23 25 -2 -13 -17 29 -29
right_child=1 11 3 -5 6 -7 -8 8 10 -11 -12 26 13 15 -16 27 -18 -19 -20 20 -22 22 -24 -25 -26 -27 -28 28 -30 -31
leaf_value=-0.0045123994240150837 0.0013807683473376444 -0.0017404907822217504 -0.00026973392892451812 -0.0013938086170927767 -0.00093101888286541829 0.0010119605122764202 -0.0022944343478339124 -0.00041501172163433688 -0.0014172914275516653 0.0011559708759328767 0.00012433948882953987 -0.0018978582970664037 -0.001204373753557869 -0.00049414172223596604 -0.00090947864739009685 0.0072492312514526123 0.0010826827436242607 0.0016641739193416325 0.00048007938565213014 -0.00084837511342025654 -0.0012061170516574271 0.0031195419935008788 0.000483757830939373 0.00073968069051574467 -9.9869660772333295e-05 -0.0015987135158003693 -0.0011582877355793711 0.0013299363243192992 0.00052077387383528786 0.0061776436157613499
leaf_weight=12644 80 2451 1020 6522 2137 69 673 91 362 90 817 942 15828 7783 6516 75 20899 1610 2409 1461 1244 42 252 45 2163 61 3964 622 4074 74
leaf_count=12644 80 2451 1020 6522 2137 69 673 91 362 90 817 942 15828 7783 6516 75 20899 1610 2409 1461 1244 42 252 45 2163 61 3964 622 4074 74
internal_value=-0.00115183 -0.000282356 -0.00444705 -0.00356129 -0.0013963 -0.000592288 -0.00184641 -0.00159838 -3.67659e-05 0.00411602 -0.000674301 -0.000124691 -6.90569e-05 -0.000345447 0.00016305 4.43447e-05 0.000318059 -0.000216384 -0.000576133 -0.0020083 -0.00145204 -0.000666668 0.00266962 0.00706896 1.30196e-05 0.00386525 -0.000831636 0.000634674 0.000555554 0.00211207
internal_weight=97020 76765 20255 7611 9518 1089 7214 6541 1360 181 1179 67247 62341 28456 33885 12628 27369 6470 4860 5181 3044 1800 339 87 2304 141 4906 4845 4770 696
internal_count=97020 76765 20255 7611 9518 1089 7214 6541 1360 181 1179 67247 62341 28456 33885 12628 27369 6470 4860 5181 3044 1800 339 87 2304 141 4906 4845 4770 696
is_linear=0
shrinkage=0.05


Tree=101
num_leaves=31
num_cat=0
split_feature=14 14 14 4 4 14 0 0 8 14 0 14 0 11 12 0 8 8 14 12 14 14 8 13 8 14 12 14 14 12
split_gain=111.007 5.15379 5.10736 4.6309 1.95375 1.2414 1.16156 1.04701 1.30266 2.57413 2.27672 1.39592 1.31172 1.29894 1.04029 1.55772 1.29481 2.06723 2.2613 2.2391 2.70766 1.50914 1.04951 1.91927 1.1608 0.994837 0.978649 1.18906 0.942523 1.01846
threshold=0.11502245135679885 0.053813276110247325 0.26983293981221812 1.0000000180025095e-35 3.5000000000000004 0.15226268694702264 8.5000000000000018 11.500000000000002 3.5000000000000004 0.90427163435460833 8.5000000000000018 1.8197179827656431 10.500000000000002 2.0415457702536757 1.3346499513179573 1.0000000180025095e-35 2.5000000000000004 1.0000000180025095e-35 0.61344849924216194 0.016715340805481042 0.8111321174248185 0.72009244182909959 1.0000000180025095e-35 0.48918754278197091 1.5000000000000002 1.3590842466151341 0.029088779508699588 0.42384005681624831 0.66942980461417545 1.144642841892302
decision_type=2 2 2 2 2 2 2 2 2 2 2 2 2 2 2 2 2 2 2 2 2 2 2 2 2 2 2 2 2 2
left_child=1 -1 4 -3 -2 -6 -5 8 9 14 -10 13 -11 -12 15 16 17 18 26 21 -21 -19 -16 24 -24 -14 27 -4 29 -17
right_child=2 3 7 6 5 -7 -8 -9 10 12 11 -13 25 -15 22 28 -18 19 -20 20 -22 -23 23 -25 -26 -27 -28 -29 -30 -31
leaf_value=-0.0044753506231590056 -1.1734025952793757e-05 -0.00016328187218778281 0.0034315973864873744 -0.0013180836531896142 -0.0010062790778053402 -0.00068908232257596403 6.7714297375372979e-05 9.2505462076331296e-05 -0.0011287794876272447 -0.0063008952800732284 0.0067516347343039469 -9.3775668634204715e-05 6.1467853960263911e-05 0.015727229727386126 -0.0013656823064019724 -0.00064607683557488227 -0.00070255269300562712 0.0059160202220050057 -0.0043398770461186452 0.0097947658350945252 0.0033894391958664265 8.5264476394204903e-05 0.0051146548770716798 0.0015625083170803121 0.004572056187141643 -0.0083069309583598122 0.0066807856841741044 0.00051607884813414462 -0.0046263813737785521 0.0014247069325181044
leaf_weight=12167 2102 1301 70 7345 2030 4611 129 48000 2024 1903 778 558 1386 202 341 5364 851 144 328 76 120 382 55 1183 42 959 65 715 793 586
leaf_count=12167 2102 1301 70 7345 2030 4611 129 48000 2024 1903 778 558 1386 202 341 5364 851 144 328 76 120 382 55 1183 42 959 65 715 793 586
internal_value=-0.0011122 -0.00433388 -0.00022057 -0.00341026 -0.00135709 -0.00177759 -0.00388948 -7.20968e-05 -0.000387055 -0.000586801 0.000474451 0.00192458 -0.00163371 0.00306122 -0.000186686 -0.000386561 0.000616138 0.0013421 5.09326e-05 0.00344875 0.0080102 0.00174905 0.000983959 0.00164062 0.00840206 -0.000842219 0.00141176 0.000923566 -0.000795641 -0.000579833
internal_weight=96610 20942 75668 8775 8743 6641 7474 66925 18925 15363 3562 1538 4248 980 11115 9494 2751 1900 1178 722 196 526 1621 1280 97 2345 850 785 6743 5950
internal_count=96610 20942 75668 8775 8743 6641 7474 66925 18925 15363 3562 1538 4248 980 11115 9494 2751 1900 1178 722 196 526 1621 1280 97 2345 850 785 6743 5950
is_linear=0
shrinkage=0.05


Tree=102
num_leaves=31
num_cat=0
split_feature=14 13 14 4 4 12 14 12 0 8 14 0 14 11 7 4 14 4 12 11 10 2 13 12 14 0 14 1 14 14
split_gain=106.746 5.89279 3.69115 3.10604 1.83405 1.32268 1.63312 1.44391 1.22363 1.50582 1.06209 0.929645 1.68353 0.895784 0.887144 0.868616 0.841094 1.14614 0.823485 0.794046 0.792344 0.92235 0.898243 0.789883 1.07964 0.786523 1.60176 1.60337 0.954779 0.8917
threshold=0.11502245135679885 0.06679649413127188 0.26983293981221812 1.0000000180025095e-35 3.5000000000000004 1.1774420736118369 0.79185215920177832 1.4306309953909928 11.500000000000002 3.5000000000000004 0.15226268694702264 7.5000000000000009 1.1932275766107703 0.74479280410000925 1.0000000180025095e-35 8.5000000000000018 0.053813276110247325 1.0000000180025095e-35 0.68367058472598952 0.20737836948696584 6.8328969891406821 28.500000000000004 3.2865486359908105 5.1016967195759895 2.214016318150803 10.500000000000002 1.1051255950058894 3.5000000000000004 0.95212868522054228 0.99722161406906573
decision_type=2 2 2 2 2 2 2 2 2 2 2 2 2 2 2 2 2 2 2 2 2 2 2 2 2 2 2 2 2 2
left_child=1 16 4 14 -2 -4 7 -7 9 25 19 -11 -13 -9 -3 -5 -1 -18 -12 -6 21 22 -10 -22 -25 29 27 -27 -29 -8
right_child=2 3 5 15 10 6 8 13 20 11 18 12 -14 -15 -16 -17 17 -19 -20 -21 23 -23 -24 24 -26 26 -28 28 -30 -31
leaf_value=-0.0042552292174291356 2.7733969142739123e-05 -0.00015028831623432404 -0.00056601554089095042 -0.00068603628198110362 -0.0011514175696699825 0.00023047674783992157 -0.0027034565316433504 -0.0033116925230328668 0.0037257272201803057 -0.003852280166630417 -0.00069903642591497353 0.017679895802739209 0.0014872513733363416 0.0036321507706806797 0.0020458309739377401 -0.0013765477800279809 -0.00025863850683130539 -0.0015084279917000237 0.0013890513094270019 -0.00068806120920790774 -4.8026777330696702e-05 -0.0041976981050675854 -0.012891093740982601 0.01998806719578362 0.0014872161711999309 0.017801006898483705 -0.0028954935971916454 0.0050938370459797135 -0.0020292784162526264 -0.0072066979449680983
leaf_weight=12176 2088 934 26370 1854 1267 1259 1138 78 3004 516 4635 90 1339 965 43 3333 361 2348 56 772 28258 343 102 80 249 104 1925 104 286 903
leaf_count=12176 2088 934 26370 1854 1267 1259 1138 78 3004 516 4635 90 1339 965 43 3333 361 2348 56 772 28258 343 102 80 249 104 1925 104 286 903
internal_value=-0.00112962 -0.00428025 -0.000256221 -0.00298021 -0.00121796 -0.000129857 4.87188e-05 0.00134231 -2.87465e-05 -0.000659642 -0.00161961 0.000501284 0.00115815 0.00271812 -0.000394065 -0.00346732 -0.00481861 -0.00402178 -0.0012055 -0.00257234 9.73892e-05 0.000813278 0.001085 1.10178e-05 0.00244681 -0.00116592 -0.000556016 0.0019838 0.000512819 -0.00188878
internal_weight=96980 21049 75931 6164 8818 67113 40743 2302 38441 6405 6730 1945 1429 1043 977 5187 14885 2709 4691 2039 32036 3449 3106 28587 329 4460 2419 494 390 2041
internal_count=96980 21049 75931 6164 8818 67113 40743 2302 38441 6405 6730 1945 1429 1043 977 5187 14885 2709 4691 2039 32036 3449 3106 28587 329 4460 2419 494 390 2041
is_linear=0
shrinkage=0.05


Tree=103
num_leaves=31
num_cat=0
split_feature=14 14 4 0 6 0 13 13 14 3 1 1 14 14 0 7 12 9 11 2 14 14 9 9 2 2 2 13 12 4
split_gain=106.265 6.13218 4.03664 3.56411 2.02826 0.96249 0.9075 1.06876 0.881223 1.32846 0.855728 1.32274 1.31327 1.20551 1.16368 0.845807 0.817724 0.839352 0.811734 0.794722 0.751178 0.744776 0.867422 0.938855 0.818314 0.710944 0.772462 0.688763 0.917333 0.679341
threshold=0.11502245135679885 0.060904787669005034 1.0000000180025095e-35 9.5000000000000018 1.0000000180025095e-35 8.5000000000000018 0.61323818738018654 0.81003661871505772 0.21491882147311586 1.0000000180025095e-35 3.5000000000000004 5.5000000000000009 0.23707954617091323 0.96754055282421392 22.500000000000004 1.0000000180025095e-35 0.41821408167091356 8.6906223842569208 0.2890576380407171 11.500000000000002 2.1067637228976905 1.0561918689278753 7.5496036098085737 8.3403216879861279 18.500000000000004 28.500000000000004 27.500000000000004 0.19120629927941438 0.46109249075020248 9.5000000000000018
decision_type=2 2 2 2 2 2 2 2 2 2 2 2 2 2 2 2 2 2 2 2 2 2 2 2 2 2 2 2 2 2
left_child=1 -1 15 4 8 -4 -6 -8 9 16 12 13 14 -12 -5 -3 -2 27 -15 -13 -10 22 -21 -24 -25 26 -14 28 -18 -7
right_child=3 2 5 10 6 29 7 -9 20 -11 11 19 25 18 -16 -17 17 -19 -20 21 -22 -23 23 24 -26 -27 -28 -29 -30 -31
leaf_value=-0.0036449323178624317 -0.0003073576680175193 -0.00018482808099222768 -0.0011456612321768635 0.0015178236885858268 -0.0020717905143735494 0.00023512149720068067 0.00092215879472614065 -0.0041285939640183867 -0.0004748924371963486 -0.0010388220129725276 0.00036011458363734638 -0.00047742689924339902 0.00031581367251337866 -0.0064417650246568871 -0.0013974347184017393 0.0018980019315253272 0.0005976844524412466 -0.001697544050863059 -0.0018555947091607274 0.0051462791947546839 0.015865012820805571 0.0011828253491142687 -0.00054624927983202957 0.010878703581304916 0.0021162508609354341 -0.001053945493192451 0.0027541261144211049 6.4969058287941606e-05 0.0015895753981008762 -0.00048062291604464432
leaf_weight=12978 2955 1106 6765 251 971 56 181 286 12670 2038 3370 4012 25311 504 90 44 65 48 12254 67 59 3319 327 85 179 5365 1317 103 54 65
leaf_count=12978 2955 1106 6765 251 971 56 181 286 12670 2038 3370 4012 25311 504 90 44 65 48 12254 67 59 3319 327 85 179 5365 1317 103 54 65
internal_value=-0.0011159 -0.0042624 -0.00317695 -0.000244529 -0.000828617 -0.00363491 -0.00263561 -0.000824412 -0.000684194 -0.00122839 -4.34902e-05 -0.000268899 0.000124635 -0.000529515 0.00321114 -0.000434784 -0.0005969 0.00203704 -0.000751686 0.000257227 -0.000459189 0.000758108 0.00229483 0.00168359 0.00390151 9.17376e-05 0.000197535 0.00333333 0.00592437 0.000785123
internal_weight=96895 21014 8036 75881 19430 6886 1438 467 17992 5263 56451 24117 32334 16128 341 1150 3225 270 12758 7989 12729 3977 658 591 264 31993 26628 222 119 121
internal_count=96895 21014 8036 75881 19430 6886 1438 467 17992 5263 56451 24117 32334 16128 341 1150 3225 270 12758 7989 12729 3977 658 591 264 31993 26628 222 119 121
is_linear=0
shrinkage=0.05


Tree=104
num_leaves=31
num_cat=0
split_feature=14 14 14 4 4 6 14 2 1 2 2 2 2 13 10 0 0 0 8 14 14 11 13 14 14 11 1 14 11 11
split_gain=102.127 6.08581 3.72563 3.5713 2.68951 1.38046 1.26159 0.973883 0.944488 1.69718 1.32641 0.961499 1.53514 0.888231 0.768749 0.749436 0.719732 0.71412 0.839451 1.93708 1.0107 1.51736 0.97786 1.1186 1.81445 1.01038 0.805478 1.00213 0.848485 0.696559
threshold=0.091560473374119808 0.26983293981221812 0.053813276110247325 1.0000000180025095e-35 8.5000000000000018 1.0000000180025095e-35 0.15226268694702264 14.500000000000002 3.5000000000000004 2.5000000000000004 21.500000000000004 27.500000000000004 28.500000000000004 0.30641155586020813 7.6126096850768432 22.500000000000004 9.5000000000000018 19.500000000000004 1.5000000000000002 1.1170251600835941 2.1752531023704997 0.7609916245258197 0.79621563173389942 0.49973006638848472 0.64016356270154462 0.24560590960793319 2.5000000000000004 0.28886469119929453 0.025448572034430007 0.011320652026947235
decision_type=2 2 2 2 2 2 2 2 2 2 2 2 2 2 2 2 2 2 2 2 2 2 2 2 2 2 2 2 2 2
left_child=2 4 -1 -4 7 6 -6 16 10 -10 17 -12 15 -9 -11 -13 29 26 19 -19 21 -21 23 -20 -25 -24 27 28 -3 -2
right_child=1 8 3 -5 5 -7 -8 13 9 14 11 12 -14 -15 -16 -17 -18 18 22 20 -22 -23 25 24 -26 -27 -28 -29 -30 -31
leaf_value=-0.0038594881693138103 0.00090537351857253735 0.0019183375993185347 -0.00013797665120276491 -0.001249339556373205 -0.00087602358656942332 -0.0019658557559223623 -0.00058898275456006346 0.00018385415910988708 -0.0025650818640686928 6.4687779752313756e-06 -0.0015894590524580293 0.002534340737601299 -0.00087037373069861253 -0.0031972692554311424 -0.00077219138297300789 -0.0026466198062677325 0.00020623926066873152 0.017458096343035006 -0.0035406137071964856 0.00090508346561543303 -0.0013877086754140833 0.0091217131083887841 -0.0066811418038714258 0.014981908840000092 0.0021296426258969321 -7.3687842100349617e-05 0.0013464499831095551 -0.00021891588439706966 -0.00018430512614189657 -0.00048827957615564776
leaf_weight=12150 53 110 936 5175 2404 818 2771 1585 3189 15346 4867 1524 6464 72 9824 97 401 69 85 1068 1178 1276 271 63 346 1687 4862 14574 100 3377
leaf_count=12150 53 110 936 5175 2404 818 2771 1585 3189 15346 4867 1524 6464 72 9824 97 401 69 85 1068 1178 1276 271 63 346 1687 4862 14574 100 3377
internal_value=-0.00110097 -0.000317339 -0.00446881 -0.00346179 -0.00138098 -0.0021133 -0.0018116 -0.000581269 -0.000135076 -0.00035421 2.57487e-05 -0.000386814 -5.25677e-05 0.000431502 -0.000216529 0.00132326 -0.00101932 0.000233756 0.000709084 0.00119604 0.0010335 0.00163396 -4.0795e-06 0.0019838 0.00306846 -0.000505619 8.75484e-05 -9.6051e-05 0.00333333 -0.00125365
internal_weight=96742 78481 18261 6111 11481 5993 5175 5488 67000 28359 38641 12952 8085 1657 25170 1621 3831 25689 6043 3591 3522 2344 2452 494 409 1958 19646 14784 210 3430
internal_count=96742 78481 18261 6111 11481 5993 5175 5488 67000 28359 38641 12952 8085 1657 25170 1621 3831 25689 6043 3591 3522 2344 2452 494 409 1958 19646 14784 210 3430
is_linear=0
shrinkage=0.05


Tree=105
num_leaves=31
num_cat=0
split_feature=14 14 13 4 4 12 0 6 1 10 12 0 0 8 12 4 14 4 12 9 14 11 11 13 11 7 10 10 14 13
split_gain=102.497 5.56942 3.90311 3.17514 2.71623 1.42346 1.13508 1.41583 1.06584 1.02823 0.938293 0.92303 0.763942 1.20297 0.728305 0.821104 0.697761 0.997889 1.91013 0.911591 0.899727 0.690498 0.652181 0.94254 0.975906 0.966853 0.780116 1.18243 0.777114 0.800863
threshold=0.091560473374119808 0.17177523891156851 0.044898928177376569 1.0000000180025095e-35 8.5000000000000018 0.2617604386058241 11.500000000000002 1.0000000180025095e-35 3.5000000000000004 6.3549855041068239 0.19513604225284981 7.5000000000000009 1.5000000000000002 1.5000000000000002 0.014832145907619042 2.5000000000000004 1.9004715023551899 3.5000000000000004 2.1052781914187464 7.0417760547946449 1.1287959537132226 0.020534942116858006 2.0415457702536757 1.1716768627872554 3.7553789038118102 1.0000000180025095e-35 7.6169807863739329 8.003766949125291 2.5268017676855781 3.1371312366538722
decision_type=2 2 2 2 2 2 2 2 2 2 2 2 2 2 2 2 2 2 2 2 2 2 2 2 2 2 2 2 2 2
left_child=2 4 -1 -4 10 12 7 8 -3 16 14 -12 13 -6 15 -2 17 -8 20 -20 -19 -15 -11 24 -24 -25 -26 -28 -27 -30
right_child=1 6 3 -5 5 -7 9 -9 -10 22 11 -13 -14 21 -16 -17 -18 18 19 -21 -22 -23 23 25 26 28 27 -29 29 -31
leaf_value=-0.0036677573008942008 0.0012196771994378761 -2.1224034012417457e-05 -0.00016890620271705316 -0.0011431721134075603 0.0018706049245328219 -0.00023183554972068825 0.010154917712752601 -0.0017479540905465383 -0.00065765645379497139 -0.00041666351655002813 -7.5568365867186582e-05 0.00074733354470726994 -0.0011107472590175186 -0.0011859252270033449 -0.00045596437730343974 -0.00013876141589441726 -0.0011653955583239811 0.004832054580128007 0.0018110551765236184 0.010038853121103969 -0.0061042576787006149 0.00012611859965717809 0.0019610015059427434 -0.00010423151170875467 0.0048492605236914489 0.011893164931073674 0.01358484910074872 0.0055293226073094906 -0.0048286141774223417 0.011565568673328228
leaf_weight=12247 96 12156 939 5145 43 579 97 1760 9839 30894 856 234 2310 315 1762 141 312 75 71 66 231 137 1492 13750 208 597 63 48 281 129
leaf_count=12247 96 12156 939 5145 43 579 97 1760 9839 30894 856 234 2310 315 1762 141 312 75 71 66 231 137 1492 13750 208 597 63 48 281 129
internal_value=-0.0010825 -0.000296785 -0.00444902 -0.00341387 -0.00170169 -0.00268026 -0.000170602 -0.00045359 -0.000344398 -3.14621e-05 -0.000629655 0.000550458 -0.00314617 -0.00136364 -0.00127314 0.00132911 0.00169014 0.00277778 0.00177201 0.00667883 -0.000424838 -0.00212389 -6.23669e-05 0.000190728 0.00126725 5.86151e-05 0.00377743 0.00716216 0.00155412 -0.000121952
internal_weight=96873 78542 18331 6084 6473 3384 72069 23755 21995 48314 3089 1090 2805 495 1999 237 852 540 443 137 306 452 47462 16568 1811 14757 319 111 1007 410
internal_count=96873 78542 18331 6084 6473 3384 72069 23755 21995 48314 3089 1090 2805 495 1999 237 852 540 443 137 306 452 47462 16568 1811 14757 319 111 1007 410
is_linear=0
shrinkage=0.05


Tree=106
num_leaves=31
num_cat=0
split_feature=14 14 13 4 4 0 12 11 6 0 8 11 0 0 12 14 8 0 14 11 14 9 12 13 0 14 12 0 14 12
split_gain=100.349 6.21206 4.47968 3.79348 2.54448 1.72345 1.08965 1.05374 0.936752 0.885102 1.17639 0.783431 0.767 0.751096 0.741622 1.49512 1.4284 1.77544 1.48113 0.988541 0.928693 0.902278 0.880652 0.993021 1.02819 1.43828 0.846929 0.740734 1.11906 1.54691
threshold=0.091560473374119808 0.18621845708737503 0.049167290738655396 1.0000000180025095e-35 8.5000000000000018 11.500000000000002 0.2617604386058241 0.38650678917590264 1.0000000180025095e-35 1.5000000000000002 3.5000000000000004 0.16832285013800702 1.5000000000000002 9.5000000000000018 0.019485612502206737 0.96754055282421392 3.5000000000000004 7.5000000000000009 1.2443660819559548 0.013736085451027684 1.3768368967954074 8.4584754540489637 0.44608220339315774 0.26438069042239559 8.5000000000000018 0.47177057315336812 2.8406717104720709 8.5000000000000018 1.8197179827656431 2.4783214366956514
decision_type=2 2 2 2 2 2 2 2 2 2 2 2 2 2 2 2 2 2 2 2 2 2 2 2 2 2 2 2 2 2
left_child=2 4 -1 11 7 8 9 13 14 10 -6 12 -4 -2 15 19 20 -18 21 -3 22 -19 -16 -24 -25 -26 -27 -20 29 -29
right_child=1 5 3 -5 6 -7 -8 -9 -10 -11 -12 -13 -14 -15 16 -17 17 18 27 -21 -22 -23 23 24 25 26 -28 28 -30 -31
leaf_value=-0.003344663266546546 -0.00027823983567563715 -0.00039950729350904271 0.00014271344915297099 -0.0011276845348625027 -0.00070685299904324342 4.4509797141240335e-05 -0.00043807597387051533 0.00044247838405209064 -0.001562541350530044 -0.0010085947529274017 0.00079926045980910007 0.0012432693822630699 -0.00021986390215271974 0.0009399548866291347 -0.00095247861685069518 -0.012227746580004676 -0.0016883333783843215 0.0090608367366222381 -0.0035194534434093566 0.00084335205726802833 -0.0075811118142432247 0.017046078505606251 0.00058553075064055884 -0.0013856647547695186 0.00087055518312450825 -0.00092044781288753833 0.0050442904581546374 0.0064555434682302265 -0.00055947364071667254 0.020122742872989607
leaf_weight=12567 3082 2037 41 4814 603 48263 798 284 1670 2385 43 65 807 87 3420 191 1112 114 359 2682 861 40 1009 1164 721 6143 140 808 495 77
leaf_count=12567 3082 2037 41 4814 603 48263 798 284 1670 2385 43 65 807 87 3420 191 1112 114 359 2682 861 40 1009 1164 721 6143 140 808 495 77
internal_value=-0.00106893 -0.000292539 -0.00440418 -0.00324516 -0.0016836 -0.000150479 -0.00257117 -0.000699393 -0.000506229 -0.00300396 -0.00136223 -0.000290253 -0.000695756 -0.000960872 -0.000417116 0.000122198 -0.000577964 0.000407653 0.00133914 0.000297731 -0.00079804 0.00603896 -0.000689451 -0.000434239 -0.000617043 -0.000388351 -0.000631069 0.000922943 0.00144927 0.00251412
internal_weight=96882 78588 18294 5727 7282 71306 3829 3453 23043 3031 646 913 848 3169 21373 4910 16463 3005 1893 4719 13458 154 12597 9177 8168 7004 6283 1739 1380 885
internal_count=96882 78588 18294 5727 7282 71306 3829 3453 23043 3031 646 913 848 3169 21373 4910 16463 3005 1893 4719 13458 154 12597 9177 8168 7004 6283 1739 1380 885
is_linear=0
shrinkage=0.05


Tree=107
num_leaves=31
num_cat=0
split_feature=14 14 14 4 4 1 1 6 6 3 12 13 14 2 12 11 2 10 0 14 12 0 12 12 0 13 14 12 8 13
split_gain=102.243 5.19549 4.40613 2.87289 2.74517 1.56146 2.29984 1.57746 1.14141 1.17952 0.988871 1.12423 1.2112 0.971423 0.941401 1.2373 0.892989 0.849636 0.821747 0.80583 0.757902 0.911375 0.736518 0.730826 0.722118 1.14465 0.780057 0.624161 0.767857 0.618128
threshold=0.091560473374119808 0.18621845708737503 0.047163662417578141 8.5000000000000018 1.0000000180025095e-35 3.5000000000000004 5.5000000000000009 1.0000000180025095e-35 1.0000000180025095e-35 1.0000000180025095e-35 0.2941640170233652 0.12649949122913601 0.15226268694702264 28.500000000000004 1.3511854668059446 2.1947354938223502 11.500000000000002 7.3815665170261147 7.5000000000000009 0.22933176348806558 0.013961081296346161 1.5000000000000002 0.2941640170233652 0.18962242370120233 17.500000000000004 2.2560922663394209 2.2746248560556226 0.027951857891066644 3.5000000000000004 0.095864467011453444
decision_type=2 2 2 2 2 2 2 2 2 2 2 2 2 2 2 2 2 2 2 2 2 2 2 2 2 2 2 2 2 2
left_child=2 3 -1 10 23 7 19 13 9 17 16 -12 -13 -3 -9 24 -2 22 -14 20 21 -7 -5 -4 26 -26 -16 28 -6 -18
right_child=1 5 4 8 27 6 -8 14 -10 -11 11 12 18 -15 15 -17 29 -19 -20 -21 -22 -23 -24 -25 25 -27 -28 -29 -30 -31
leaf_value=-0.003420152643637302 -0.00042103524972584991 0.0005467306748176185 -0.0002049899769530453 1.6182383584730225e-05 -0.00073982668519132432 -0.0031361356306960548 0.00035584200410810479 -0.0015394446225655968 -0.0018939601418599937 -0.00089695200687477268 0.00094559720089042686 0.001281037880130631 -0.00087606637556010038 -0.0006759573524543535 4.5722582503463948e-05 -0.0024439301529695532 0.00048765258493181852 -0.00062610081483271268 0.0015563043693090279 -0.0010629590594190307 -0.0018205718030395029 0.003240259210409185 0.0013086946083576319 0.0012571182411055201 0.013770448584872317 -0.0065668397724569635 0.0098062180908296652 -0.0011305432429802654 0.00049623803568341843 -9.8349474493397755e-05
leaf_weight=11879 1635 29027 910 319 1130 61 10242 2441 533 2396 133 74 193 6852 583 1861 259 491 84 19244 602 70 69 50 173 80 41 4318 57 1042
leaf_count=11879 1635 29027 910 319 1130 61 10242 2441 533 2396 133 74 193 6852 583 1861 259 491 84 19244 602 70 69 50 173 80 41 4318 57 1042
internal_value=-0.00104229 -0.000256991 -0.00440308 -0.00153431 -0.00335267 -0.000127462 -0.000400246 7.33097e-05 -0.00247899 -0.00212977 -0.000482457 0.00161157 0.000128204 0.000191058 -0.000742423 -0.000105918 -0.000827658 -0.000563141 -0.00138989 -0.000712571 -0.0023397 0.00110687 0.00118557 -0.000885418 0.00144242 0.00369565 0.000528845 -0.00378293 -0.00276748 0.000149884
internal_weight=96849 78505 18344 7228 6465 71277 30219 41058 3808 3275 3420 484 351 35879 5179 2738 2936 879 277 19977 733 131 388 960 877 253 624 5505 1187 1301
internal_count=96849 78505 18344 7228 6465 71277 30219 41058 3808 3275 3420 484 351 35879 5179 2738 2936 879 277 19977 733 131 388 960 877 253 624 5505 1187 1301
is_linear=0
shrinkage=0.05


Tree=108
num_leaves=31
num_cat=0
split_feature=14 14 13 4 4 12 0 14 11 8 13 14 12 10 2 0 4 14 12 7 9 2 8 9 3 2 13 14 13 13
split_gain=100.052 5.88043 5.80318 3.10165 3.08701 0.925546 1.63914 2.77238 2.04914 1.53845 1.37039 0.981973 1.40991 1.72918 1.34502 1.20196 0.985225 0.925136 0.964664 0.878015 0.940275 1.1565 0.870616 0.844438 0.842444 0.8324 0.836064 0.917019 1.00112 0.792018
threshold=0.091560473374119808 0.25236997910659409 0.044898928177376569 1.5000000000000002 8.5000000000000018 0.47513863528590267 19.500000000000004 1.3768368967954074 0.30798000206248605 2.5000000000000004 1.6987012200490532 1.7451389203567496 1.1774420736118369 6.8732608763446477 19.500000000000004 22.500000000000004 7.5000000000000009 0.15226268694702264 0.2617604386058241 1.0000000180025095e-35 8.6906223842569208 5.5000000000000009 3.5000000000000004 8.3365875429847378 1.0000000180025095e-35 12.500000000000002 0.095864467011453444 0.097406725082805526 0.087291263395237101 0.25471490476112818
decision_type=2 2 2 2 2 2 2 2 2 2 2 2 2 2 2 2 2 2 2 2 2 2 2 2 2 2 2 2 2 2
left_child=2 4 -1 -4 25 10 19 8 -8 11 -3 12 16 -14 -15 -13 -9 18 -6 -7 24 -22 -11 -16 -21 -2 27 -27 -29 -19
right_child=1 5 3 -5 17 6 7 9 -10 22 -12 15 13 14 23 -17 -18 29 -20 20 21 -23 -24 -25 -26 26 -28 28 -30 -31
leaf_value=-0.0031548508492500928 -0.00030782209502351751 -0.00034596372437368622 -0.00015100943888896723 -0.001002972839947825 -0.00086928693892417543 -0.00026878319628418664 0.011464301749200243 0.0062152917402404952 0.0059432876078207722 -0.0047287700152343374 -0.0068213437468204064 0.0014850522803127129 0.024980039586950557 0.0039583933943754509 0.0081182025913485705 -0.018937520700346502 -0.0014468357044770171 -0.00053184876948714666 -0.00022142956310868247 0.0044972031069954073 0.027268014096999527 0.0052826724951119397 0.001311779266314648 0.015505751571350474 -0.0014883960830941935 -0.00022903422364975586 -6.2847976371581183e-06 0.00031248193364828258 0.001198957994582531 -0.0019393171542338517
leaf_weight=12257 3033 12638 1080 5069 2442 41991 67 524 1041 1565 561 5346 52 449 64 121 636 2250 340 915 52 225 989 77 517 71 1794 78 76 536
leaf_count=12257 3033 12638 1080 5069 2442 41991 67 524 1041 1565 561 5346 52 449 64 121 636 2250 340 915 52 225 989 77 517 71 1794 78 76 536
internal_value=-0.00101677 -0.00023837 -0.00433446 -0.00308099 -0.00133239 -6.70807e-05 2.37033e-05 0.00057131 0.00294224 0.000303877 -0.000442838 0.000674782 0.00168701 0.00356698 0.00279661 0.000341137 0.000646551 -0.0021444 -0.00278936 -0.000113274 0.000997658 0.00366426 -0.000751763 0.00705674 0.000481842 -0.000437452 0.000349182 0.00322222 0.00538961 -0.00150036
internal_weight=96856 78450 18406 6149 10620 67830 54631 10931 1108 9823 13199 7269 1802 642 590 5467 1160 5568 2782 43700 1709 277 2554 141 1432 5052 2019 225 154 2786
internal_count=96856 78450 18406 6149 10620 67830 54631 10931 1108 9823 13199 7269 1802 642 590 5467 1160 5568 2782 43700 1709 277 2554 141 1432 5052 2019 225 154 2786
is_linear=0
shrinkage=0.05


Tree=109
num_leaves=31
num_cat=0
split_feature=13 13 13 4 6 3 0 11 8 0 12 12 8 0 0 13 12 9 2 9 8 12 13 4 11 9 10 2 9 11
split_gain=89.4661 8.61915 4.00487 2.75298 2.40628 1.58793 1.03973 1.01814 0.947187 0.909766 0.848034 1.11759 0.752822 0.749924 0.737628 1.13297 0.725804 0.84353 0.986997 0.855792 0.689374 1.2566 0.685663 0.992062 0.674465 0.613304 1.10169 0.699241 1.06355 0.560452
threshold=0.095864467011453444 0.039333188216560365 0.22862123873148757 3.5000000000000004 1.0000000180025095e-35 1.0000000180025095e-35 11.500000000000002 0.45273935515264696 1.0000000180025095e-35 1.5000000000000002 0.027951857891066644 0.22478834217975827 1.5000000000000002 8.5000000000000018 1.0000000180025095e-35 0.42099630865526533 0.19513604225284981 7.7153743689023901 12.500000000000002 8.3258939429620948 2.5000000000000004 0.019727422722089709 0.33069641203793926 8.5000000000000018 0.22204193438121464 9.0920390351113571 8.3232923043627114 9.5000000000000018 9.1424004294361136 1.162628140788337
decision_type=2 2 2 2 2 2 2 2 2 2 2 2 2 2 2 2 2 2 2 2 2 2 2 2 2 2 2 2 2 2
left_child=1 -1 4 9 5 -2 8 20 14 -3 -5 13 -13 -12 15 -4 -11 -18 -19 -20 21 -7 23 -8 -25 -24 27 28 -27 -16
right_child=2 3 6 10 -6 7 22 -9 -10 16 11 12 -14 -15 29 -17 17 18 19 -21 -22 -23 25 24 -26 26 -28 -29 -30 -31
leaf_value=-0.0030784125310875602 -0.00017827679322507579 0.00015139666861006218 0.0024988500899591564 -0.00060657708050621689 -0.0016546760826764585 0.00032096703119127289 0.0030316930617712888 0.0004953705206561372 -0.00038788632323162825 -0.00028068124396378414 -0.0011164761290862384 -0.0006518326088414011 0.00029983327922692115 5.0114837654421834e-05 -0.0017558638720363258 -0.0013261932160745253 -0.00044614912836939667 -0.00033835993145405575 0.0015473904711941549 0.00042862244525408358 -0.00084281771583263627 -0.00082166408574653417 -0.00023913665279459091 -0.0019064479735907036 0.00066222039731962624 0.003587257701633444 0.00053670355479643332 0.0037135974962686398 0.01345887598470262 -0.00030408295606733588
leaf_weight=11877 5223 67 235 1398 671 274 114 178 17100 1417 3759 193 114 104 1653 894 40 83 41 43 1163 1648 45002 61 45 114 2442 244 83 543
leaf_count=11877 5223 67 235 1398 671 274 114 178 17100 1417 3759 193 114 104 1653 894 40 83 41 43 1163 1648 45002 61 45 114 2442 244 83 543
internal_value=-0.00107015 -0.00413253 -0.00031582 -0.00277518 -0.00129792 -0.00107 -0.000184592 -0.00193534 -0.000483477 -0.00100828 -0.00331178 -0.00366907 -0.000765474 -0.00389982 -0.00125564 -0.000217007 -0.00124384 0.00152174 0.00308383 0.00690476 -0.00214749 -0.00156608 -5.76875e-05 0.00272727 -0.000754718 -7.04826e-05 0.000636489 0.00293651 0.00515228 -0.00178962
internal_weight=96823 19136 77687 7259 9157 8486 68530 3263 20425 1691 5568 4170 307 3863 3325 1129 1624 207 167 84 3085 1922 48105 220 106 47885 2883 441 197 2196
internal_count=96823 19136 77687 7259 9157 8486 68530 3263 20425 1691 5568 4170 307 3863 3325 1129 1624 207 167 84 3085 1922 48105 220 106 47885 2883 441 197 2196
is_linear=0
shrinkage=0.05


Tree=110
num_leaves=31
num_cat=0
split_feature=14 13 14 4 4 11 1 1 0 14 9 6 1 0 8 10 0 10 9 11 2 14 7 2 1 11 4 14 13 0
split_gain=96.1389 6.26026 5.31665 3.08759 1.95725 1.37252 1.32548 2.07194 1.18902 1.64101 1.02922 0.869073 0.917532 0.818667 1.53868 0.781502 0.773168 0.761918 0.753405 0.772495 0.735553 0.728765 0.802317 0.723605 0.718085 0.773351 0.841564 0.801871 0.743075 0.925796
threshold=0.091560473374119808 0.039333188216560365 0.17177523891156851 1.0000000180025095e-35 9.5000000000000018 0.32870985385070511 3.5000000000000004 5.5000000000000009 8.5000000000000018 1.0130834839572627 8.3638838932584836 1.0000000180025095e-35 1.5000000000000002 1.5000000000000002 1.5000000000000002 7.7069783210486014 2.5000000000000004 6.8283963286207827 7.8156651439797651 0.024735986732953356 14.500000000000002 2.4252354490724621 1.0000000180025095e-35 25.500000000000004 2.5000000000000004 2.1663703362806506 5.5000000000000009 0.25236997910659409 2.4573012026826384 19.500000000000004
decision_type=2 2 2 2 2 2 2 2 2 2 2 2 2 2 2 2 2 2 2 2 2 2 2 2 2 2 2 2 2 2
left_child=1 -1 4 -3 5 20 11 8 -8 10 15 24 -13 14 -6 -10 18 -7 19 -5 -2 22 -11 -15 -4 26 27 -26 29 -27
right_child=2 3 6 16 13 17 7 -9 9 21 -12 12 -14 23 -16 -17 -18 -19 -20 -21 -22 -23 -24 -25 25 28 -28 -29 -30 -31
leaf_value=-0.0029239166083658108 -0.00039268978294768395 -0.00010937648029659975 9.9901242406611322e-06 -0.00044661096547525818 0.0019845600736641193 0.0021734109696449353 -0.001279482652245441 0.00029514937351391546 0.00076189002833905277 -0.0022467904524260947 -0.00045439083820113143 0.00032408841075753675 -0.0017877144692847542 -0.0010922379712297705 -0.00055733907529982509 0.0044938251777608155 -0.0010358775069668372 0.00016692324210485811 -0.00064602805071305722 0.00062155879463150646 -2.9830541865259769e-06 -0.01349056986341343 0.0024470098460513713 -0.00050635636276273436 0.001255724678969537 0.0055570409815149727 -6.6394282890458768e-05 0.0021582400936673747 -0.0025447142840266264 0.019999562894091803
leaf_weight=11825 2122 1027 27595 173 40 41 3266 10310 2775 11704 1687 1760 3430 1618 429 44 4254 354 965 45 883 222 519 976 104 1568 5209 1297 342 170
leaf_count=11825 2122 1027 27595 173 40 41 3266 10310 2775 11704 1687 1760 3430 1618 429 44 4254 354 965 45 883 222 519 976 104 1568 5209 1297 342 170
internal_value=-0.00102187 -0.00428646 -0.000260946 -0.00303527 -0.00163469 -0.000808825 -0.000137636 -0.000387691 -0.000681853 -0.00051354 0.000304038 4.64123e-05 -0.000558768 -0.00255142 -0.000628999 0.000888612 -0.00351021 0.00196202 -0.00237954 0.000275228 -0.00117305 -0.000809563 -0.000757998 -0.002899 0.000132974 0.000529343 0.000264749 0.0013526 0.00137019 0.00178941
internal_weight=96754 18289 78465 6464 6463 3400 72002 30527 20217 16951 4506 41475 5190 3063 469 2819 5437 395 1183 218 3005 12445 12223 2594 36285 8690 6610 1401 2080 1738
internal_count=96754 18289 78465 6464 6463 3400 72002 30527 20217 16951 4506 41475 5190 3063 469 2819 5437 395 1183 218 3005 12445 12223 2594 36285 8690 6610 1401 2080 1738
is_linear=0
shrinkage=0.05


Tree=111
num_leaves=31
num_cat=0
split_feature=14 13 14 4 4 12 14 0 8 14 12 10 11 0 8 0 14 12 10 14 11 10 1 1 12 14 10 0 14 10
split_gain=96.7243 6.73364 5.19671 2.89152 2.56889 1.27272 1.88432 1.16829 1.13121 1.14641 1.21053 1.59067 0.790067 0.772067 1.50749 1.66091 1.49792 2.44837 1.26498 1.17949 1.78317 1.18072 1.09918 0.914831 0.870743 2.11528 1.01236 0.784972 2.7778 1.07822
threshold=0.091560473374119808 0.039333188216560365 0.1935711841940839 1.0000000180025095e-35 8.5000000000000018 1.3677312072546379 0.79185215920177832 12.500000000000002 1.0000000180025095e-35 1.0428862247689232 2.4306248239214576 7.3979822511376261 0.37429226967300683 11.500000000000002 3.5000000000000004 8.5000000000000018 1.3679531999252081 2.4306248239214576 8.0948577222048659 1.7979313060407407 2.1396246490835984 7.403999947666315 3.5000000000000004 1.5000000000000002 2.5278353214516947 1.6288899423526615 7.5948528882893145 10.500000000000002 1.0130834839572627 7.8005042921748808
decision_type=2 2 2 2 2 2 2 2 2 2 2 2 2 2 2 2 2 2 2 2 2 2 2 2 2 2 2 2 2 2
left_child=1 -1 4 -3 12 -4 -7 8 9 10 -8 -12 -2 14 27 -16 17 23 24 20 22 -22 -17 -15 -18 26 -26 -10 29 -29
right_child=2 3 5 -5 -6 6 7 -9 13 -11 11 -13 -14 16 15 19 18 -19 -20 -21 21 -23 -24 -25 25 -27 -28 28 -30 -31
leaf_value=-0.0027811639003222002 -0.000180278059509068 -9.7677958031690512e-05 -0.00033125070899738869 -0.00086059779717673375 -0.00070091145608649433 0.0024805372250004745 -0.0047707084935700271 0.00062220115616296858 -0.0041316792105304317 -0.0094191466157387688 -0.0023654996874678423 0.011450631463700456 0.00040509808682890258 0.010546754660683347 -0.0020582992583320888 0.018535825626817957 -0.0034776127652974458 0.015778433997744864 0.0052949723954737286 0.00027512945121098897 0.016941928663025359 0.011113212617600648 -0.0059984816812319519 0.0007670564380364113 0.015711814897840948 -0.001390190481806624 -0.0028536225885764733 0.0062113204684581189 -0.0020192485095995201 0.012297387544217175
leaf_weight=11859 3229 999 34639 5532 3983 1330 291 25623 1834 661 68 65 366 110 1038 124 785 41 223 403 83 83 108 431 92 539 42 162 2142 40
leaf_count=11859 3229 999 34639 5532 3983 1330 291 25623 1834 661 68 65 366 110 1038 124 785 41 223 403 83 83 108 431 92 539 42 162 2142 40
internal_value=-0.00099639 -0.00426047 -0.000232063 -0.00297122 -0.00147664 -9.91457e-05 0.000107659 3.74402e-05 -0.000440471 -0.00195853 7.07535e-05 0.00402256 -0.000507651 -0.000241547 -0.000537645 0.000655246 0.000545735 0.00273196 -0.000211185 0.00236579 0.00429648 0.00825301 0.00146552 0.00183919 -0.000747601 0.000572064 0.00619403 -0.00106271 -0.000456486 0.00514851
internal_weight=96925 18390 78535 6531 7578 70957 36318 34988 9365 1085 424 133 3595 8280 6017 1839 2263 582 1681 801 398 166 232 541 1458 673 134 4178 2344 202
internal_count=96925 18390 78535 6531 7578 70957 36318 34988 9365 1085 424 133 3595 8280 6017 1839 2263 582 1681 801 398 166 232 541 1458 673 134 4178 2344 202
is_linear=0
shrinkage=0.05


Tree=112
num_leaves=31
num_cat=0
split_feature=14 14 14 4 4 6 11 0 8 14 0 13 10 0 14 1 1 13 3 14 3 8 0 14 14 12 14 14 11 4
split_gain=94.7794 7.83007 4.10887 2.54126 1.8145 1.3814 1.46171 1.20813 1.47577 1.21031 1.11667 1.01857 1.04838 0.99185 0.93494 1.24444 0.90711 0.822198 0.819572 0.816755 1.09472 0.788829 1.05172 1.77484 0.825231 1.04494 1.79005 1.10583 0.972743 0.951752
threshold=0.091560473374119808 0.027473859133533174 0.1935711841940839 1.0000000180025095e-35 2.5000000000000004 1.0000000180025095e-35 0.38650678917590264 12.500000000000002 1.0000000180025095e-35 1.2031764477955085 2.5000000000000004 0.17065110039629119 6.8557819266806108 1.5000000000000002 0.20757583040822872 5.5000000000000009 3.5000000000000004 0.11771068212702961 1.0000000180025095e-35 0.065571124312808565 1.0000000180025095e-35 1.0000000180025095e-35 16.500000000000004 1.4987510280621184 2.2958000509363887 0.3197795857231292 1.7560480992863496 1.213379077275677 1.3652229423000029 5.5000000000000009
decision_type=2 2 2 2 2 2 2 2 2 2 2 2 2 2 2 2 2 2 2 2 2 2 2 2 2 2 2 2 2 2
left_child=1 -1 4 -3 17 6 13 8 9 14 19 12 -8 -6 15 16 18 -2 -4 20 -5 22 23 -9 25 27 28 -24 -27 -30
right_child=2 3 7 10 5 -7 11 21 -10 -11 -12 -13 -14 -15 -16 -17 -18 -19 -20 -21 -22 -23 24 -25 -26 26 -28 -29 29 -31
leaf_value=-0.0027055619280779084 0.00035107482811406153 -9.1989810773205697e-05 -6.0665332226803993e-05 0.00049377899967204084 -8.058964703208058e-05 -0.0014803246158452024 0.00099656879330651442 0.0026768657374187758 -0.0001806881478295248 -0.014993740731479964 -0.00090010580282936777 -0.00044903706759348122 0.00036880706396066486 -0.00060507388107548311 -0.0010199534112916965 0.0016562155762284863 -0.00095845121736458719 -0.00028385031022645074 0.0016487118304232531 -0.00052823543668239451 -0.00071260464808423833 -0.00014904685957429156 0.0017120684115977517 -0.0029176418167906307 -3.3894958632920928e-06 0.0056648760684692816 0.0034107432296391783 -0.0042053541137839308 0.012317417933257196 0.0090796159552163115
leaf_weight=11554 517 1028 61 67 1036 549 49 1617 21276 261 4592 242 326 3971 4835 40 141 946 52 1108 45 31553 540 2943 2576 590 3302 597 174 186
leaf_count=11554 517 1028 61 67 1036 549 49 1617 21276 261 4592 242 326 3971 4835 40 141 946 52 1108 45 31553 540 2943 2576 590 3302 597 174 186
internal_value=-0.000976193 -0.00420626 -0.000218169 -0.0028655 -0.00132006 -0.00169529 -0.00146159 -9.92322e-05 -0.000364885 -0.0011039 -0.00327082 0.000834683 0.00246667 -0.00174456 -0.000934881 0.00180272 0.00051181 0.000263157 0.00384956 -0.00192623 0.00214286 6.14807e-05 0.000397204 -0.000208335 0.000743878 0.00109575 0.00145578 -0.000250661 0.00336842 0.00541667
internal_weight=96774 18394 78380 6840 7636 6173 5624 70744 26666 5390 5812 617 375 5007 5129 294 254 1463 113 1220 112 44078 12525 4560 7965 5389 4252 1137 950 360
internal_count=96774 18394 78380 6840 7636 6173 5624 70744 26666 5390 5812 617 375 5007 5129 294 254 1463 113 1220 112 44078 12525 4560 7965 5389 4252 1137 950 360
is_linear=0
shrinkage=0.05


Tree=113
num_leaves=31
num_cat=0
split_feature=14 14 14 4 4 12 12 2 12 2 10 6 6 12 10 4 12 9 14 0 9 10 13 12 12 14 11 4 12 0
split_gain=92.8708 7.80785 4.2785 2.80117 2.39837 2.18094 1.60599 1.12796 1.26813 1.5465 0.79385 0.77405 0.763748 0.732363 1.17506 0.714959 0.712611 0.704104 0.702166 0.699252 0.692661 0.624393 0.715589 0.636973 1.13013 0.664312 0.920454 0.716263 0.62002 0.602333
threshold=0.086295104002923687 0.027473859133533174 0.1935711841940839 1.0000000180025095e-35 8.5000000000000018 0.46109249075020248 0.022644289869261477 4.5000000000000009 0.010856347883850983 16.500000000000004 8.9497017820357705 1.0000000180025095e-35 1.0000000180025095e-35 0.15853286013538914 7.5868140994542168 9.5000000000000018 0.02549002247696816 9.1155182333359264 0.069870493580420953 8.5000000000000018 8.0983831829183792 8.3551079822954843 2.3636632358156966 2.2314396735834108 1.2880618422925456 1.7874681706139648 1.6736092545905168 7.5000000000000009 0.21195280718300627 1.5000000000000002
decision_type=2 2 2 2 2 2 2 2 2 2 2 2 2 2 2 2 2 2 2 2 2 2 2 2 2 2 2 2 2 2
left_child=1 -1 4 13 5 -2 15 19 9 -9 11 17 29 16 -15 18 20 -10 -5 -4 -3 22 -19 24 -23 26 -26 -27 -8 -6
right_child=2 3 7 6 12 -7 28 8 10 -11 -12 -13 -14 14 -16 -17 -18 21 -20 -21 -22 23 -24 -25 25 27 -28 -29 -30 -31
leaf_value=-0.0025672261853097555 -0.00013244027177292217 0.0006462510655315313 -0.0011744987496779939 0.00037239699133040339 -0.00016447502824328599 0.0017170747155903034 -0.0008951527732730893 0.004170981450282038 4.2870619642427742e-05 -0.00060287898547866769 -0.0024581813844032105 -0.00099168886040819663 -0.0012303683407064025 0.0011593415071056031 -0.00033589370704563225 -0.00083129305300999763 -0.00028147744493126628 0.0040526371579651345 -0.00021412153690716692 -0.00057985535454248196 -8.0462805124527259e-05 -7.1307447021665696e-05 0.016473896728994693 -0.0030146273590327013 0.010608647039997275 -0.016798544785871478 0.0061095057314292768 0.011191634294541952 -0.0003561475587725886 -0.00059726065303427386
leaf_weight=11489 3968 83 2162 92 658 45 4096 60 49764 71 621 5080 596 78 65 461 592 390 264 11258 108 674 69 385 110 64 159 60 193 3192
leaf_count=11489 3968 83 2162 92 658 45 4096 60 49764 71 621 5080 596 78 65 461 592 390 264 11258 108 674 69 385 110 64 159 60 193 3192
internal_value=-0.000940439 -0.0042352 -0.000213263 -0.00277852 -0.00127616 -0.000389984 -0.00323737 -8.64986e-05 9.8237e-06 0.00492366 -1.3955e-06 1.80589e-05 -0.00207602 -0.000248381 0.00304196 -0.00120563 -0.000849299 7.59543e-05 0.000477527 -0.000499256 0.00180628 0.00101779 0.00262527 0.000509641 0.00113871 0.00326972 0.00466543 0.000241934 -0.00362439 -0.00181818
internal_weight=96907 17521 79386 6032 8459 4013 5106 70927 57507 131 57376 56755 4446 926 143 817 783 51675 356 13420 191 1911 459 1452 1067 393 269 124 4289 3850
internal_count=96907 17521 79386 6032 8459 4013 5106 70927 57507 131 57376 56755 4446 926 143 817 783 51675 356 13420 191 1911 459 1452 1067 393 269 124 4289 3850
is_linear=0
shrinkage=0.05


Tree=114
num_leaves=31
num_cat=0
split_feature=13 13 13 4 0 4 12 8 12 12 10 4 2 8 2 2 2 13 0 1 12 8 9 0 11 13 11 6 10 2
split_gain=88.2132 7.49802 5.2284 2.95044 1.4929 1.42163 1.17678 1.13999 1.08663 1.37764 1.09327 0.805778 0.794388 0.758881 0.768307 0.97033 0.729376 0.894357 0.715124 0.672709 1.12696 0.815915 1.63398 0.655401 0.656219 0.809261 0.634923 0.634081 0.622466 0.880351
threshold=0.06679649413127188 0.14163935223132665 0.032127325037693298 8.5000000000000018 12.500000000000002 5.5000000000000009 0.2617604386058241 1.0000000180025095e-35 0.19513604225284981 0.032781885571144261 7.0421313648025921 1.0000000180025095e-35 11.500000000000002 1.0000000180025095e-35 5.5000000000000009 7.5000000000000009 10.500000000000002 0.11771068212702961 13.500000000000002 3.5000000000000004 0.014622045854339181 1.5000000000000002 8.2527908074299265 1.5000000000000002 0.020960480762499119 0.092677121775998877 0.016757504322706351 1.0000000180025095e-35 6.9001640274899589 12.500000000000002
decision_type=2 2 2 2 2 2 2 2 2 2 2 2 2 2 2 2 2 2 2 2 2 2 2 2 2 2 2 2 2 2
left_child=2 3 -1 8 7 -4 27 -3 9 12 28 -9 19 -6 -15 18 -12 -18 -16 21 -21 22 -2 26 -25 -26 -14 -5 29 -10
right_child=1 4 5 6 13 -7 -8 11 10 -11 16 -13 23 14 15 -17 17 -19 -20 20 -22 -23 -24 24 25 -27 -28 -29 -30 -31
leaf_value=-0.0024235886657391192 -0.00066077867273314208 -0.00065607326577674541 -0.00026843894757452722 -0.00065040423153664006 0.0010640808945121293 -0.00088512984850956558 -5.0504619075118144e-05 0.00045492326967657261 0.0010036136627292629 -0.00049487128411374005 -0.00045261405272286085 -0.00030533102763135895 0.0013630295071778984 -0.001016168589075783 0.0071625160689950994 -0.00010120552214055537 0.00054206941004177609 -0.00062193621368992254 0.0018445787939036979 0.00012560754424119794 -0.00078874018407928915 -0.00028447948230308611 0.00070544788147168709 -5.9425075509454112e-05 0.0010342621625836796 -0.00014964352635482006 -0.00026175759071042144 -0.0016043254236048834 0.0013296087712816981 -0.00080059409260124564
leaf_weight=11446 70 6153 1276 3441 12555 2184 400 3328 94 1689 411 19698 94 7619 276 21127 199 130 2763 118 245 283 74 382 42 58 59 571 50 40
leaf_count=11446 70 6153 1276 3441 12555 2184 400 3328 94 1689 411 19698 94 7619 276 21127 199 130 2763 118 245 283 74 382 42 58 59 571 50 40
internal_value=-0.000925162 -0.000281754 -0.0044633 -0.00169231 -0.00011963 -0.00276012 -0.00258613 -0.000397376 -0.000715702 -0.00116249 0.000790042 -0.000235822 -1.75451e-05 6.31472e-05 -6.68566e-05 7.11732e-05 -6.75688e-05 0.00168693 0.000906547 -0.00107595 -0.0026584 0.00026932 0.00333333 0.00129921 0.00039419 0.004 0.00415033 -0.00284397 0.00423913 0.00246269
internal_weight=96875 81969 14906 8450 73519 3460 4412 29179 4038 3114 924 23026 1425 44340 31785 24166 740 329 3039 790 363 427 144 635 482 100 153 4012 184 134
internal_count=96875 81969 14906 8450 73519 3460 4412 29179 4038 3114 924 23026 1425 44340 31785 24166 740 329 3039 790 363 427 144 635 482 100 153 4012 184 134
is_linear=0
shrinkage=0.05


Tree=115
num_leaves=31
num_cat=0
split_feature=14 14 14 4 4 12 13 0 8 14 12 14 9 14 12 14 4 12 14 0 14 10 14 1 1 14 3 14 14 0
split_gain=91.3623 8.8478 3.90389 2.1429 2.11603 1.3691 1.11201 1.04956 1.22507 1.24487 1.93778 1.24024 2.07441 1.22865 1.79512 1.20481 1.12116 1.11941 1.11365 1.04838 2.20355 1.8507 1.64503 1.04712 1.86607 1.58643 1.33392 1.24204 1.14805 0.963754
threshold=0.086295104002923687 0.027473859133533174 0.1935711841940839 2.5000000000000004 5.5000000000000009 0.2617604386058241 0.15236272482519106 19.500000000000004 1.5000000000000002 1.3768368967954074 0.52066231261145879 0.79185215920177832 7.1961919126441538 1.213379077275677 0.28214596688078336 1.0809422387544811 1.0000000180025095e-35 1.8967190785398451 1.1616312127447528 22.500000000000004 1.4515314580274434 7.403999947666315 1.3863288808738476 5.5000000000000009 3.5000000000000004 2.0593173842938475 1.0000000180025095e-35 1.7142594256379193 1.777302339336903 21.500000000000004
decision_type=2 2 2 2 2 2 2 2 2 2 2 2 2 2 2 2 2 2 2 2 2 2 2 2 2 2 2 2 2 2
left_child=1 -1 3 -2 -3 -5 -7 -4 13 10 11 12 -10 14 -9 -16 -14 -11 -12 20 21 -15 -23 24 27 26 -25 -22 -26 -29
right_child=2 4 7 5 -6 6 -8 8 9 17 18 -13 16 19 15 -17 -18 -19 -20 -21 23 22 -24 25 28 -27 -28 29 -30 -31
leaf_value=-0.0023242689186269926 0.00010714646559433603 -0.00025429144726505629 -0.00023580133231653443 -0.000505944385263028 -0.00076387936509374568 0.00037206859531076892 -0.0004848255990229849 0.00082614043286689017 0.014211324117425157 -0.0044119690156207998 0.010041400309960195 -0.0021723240819680255 0.0024927596402980522 -0.00052150720548891499 0.016335872608490645 0.0064789802473393422 -4.5078980956587791e-06 0.0068365636722897433 0.0046172609729812283 -0.0013611005491786596 0.010242857391857298 0.0077809495630423 0.02318126493603466 0.0081321813407486728 0.0008260672969676293 0.0020034005698133621 0.013672649856827458 0.004843069343709463 -0.0067487319644255628 -0.0031547840476113089
leaf_weight=11439 1590 2193 54795 5419 3886 701 658 518 41 2532 112 1862 225 77 53 172 1153 225 461 1644 340 72 65 265 908 642 127 2578 873 1068
leaf_count=11439 1590 2193 54795 5419 3886 701 658 518 41 2532 112 1862 225 77 53 172 1153 225 461 1644 340 72 65 265 908 642 127 2578 873 1068
internal_value=-0.000913398 -0.00418084 -0.000190463 -0.00121176 -0.00263942 -0.00159929 -0.000180281 -6.97673e-05 0.000286329 -0.000235215 0.000345095 -0.000123439 0.000990133 0.000653051 0.00260431 0.00633333 0.000660376 -0.00104643 0.00302792 0.000485621 0.000751959 0.00574766 0.00923358 0.000594764 0.000332061 0.00205996 0.00456633 0.000933265 -0.00101348 0.00066374
internal_weight=96694 17518 79176 8368 6079 6778 1359 70808 16013 6611 3854 3281 1419 9402 743 225 1378 2757 573 8659 7015 214 137 6801 5767 1034 392 3986 1781 3646
internal_count=96694 17518 79176 8368 6079 6778 1359 70808 16013 6611 3854 3281 1419 9402 743 225 1378 2757 573 8659 7015 214 137 6801 5767 1034 392 3986 1781 3646
is_linear=0
shrinkage=0.05


Tree=116
num_leaves=31
num_cat=0
split_feature=14 14 14 4 4 6 11 2 4 1 2 2 13 11 13 0 14 9 9 11 11 10 1 0 8 10 0 2 0 2
split_gain=92.7544 8.23191 3.29388 2.43453 1.75805 1.13979 0.985703 0.84771 0.801958 0.721719 1.62907 1.24361 0.714921 1.01899 0.965192 0.836664 1.19321 0.701814 0.780395 1.42581 0.682234 1.05512 1.2954 0.743342 0.693218 0.681323 1.02722 0.678256 0.669935 0.678207
threshold=0.086295104002923687 0.027473859133533174 0.1935711841940839 3.5000000000000004 9.5000000000000018 1.0000000180025095e-35 0.027715354007347662 16.500000000000004 1.0000000180025095e-35 3.5000000000000004 2.5000000000000004 3.5000000000000004 0.44937201345838279 0.71395200432043016 0.40746890113321693 18.500000000000004 1.3952280761848197 7.6696021677863273 9.0141087323992366 1.8996832512456356 0.27023824020987602 7.0364507636117475 1.0000000180025095e-35 1.5000000000000002 3.5000000000000004 7.007581260813585 7.5000000000000009 11.500000000000002 9.5000000000000018 1.5000000000000002
decision_type=2 2 2 2 2 2 2 2 2 2 2 2 2 2 2 2 2 2 2 2 2 2 2 2 2 2 2 2 2 2
left_child=1 -1 3 25 6 20 -3 -8 12 11 -11 17 14 -14 -4 -15 -17 -10 -19 -20 23 22 -22 24 -5 26 -2 -12 29 -23
right_child=2 4 8 5 -6 -7 7 -9 9 10 27 -13 13 15 -16 16 -18 18 19 -21 21 28 -24 -25 -26 -27 -28 -29 -30 -31
leaf_value=-0.002204669183430348 0.0002619478253958303 -2.7382598894311259e-05 0.00063395606406873835 -0.00030548005436139636 -0.00088123387014613661 -0.001191728100007023 -0.0005224793577513193 -0.00012949091816443341 0.0031163063787136244 -0.0021692281057757515 -0.00058712575902078359 -0.00017998233132026305 -0.0010725475062968307 0.00057104683561398856 0.0043531331356857581 0.010476593927596402 0.0068085923770764478 0.00037850445605947674 0.00088622599418143599 0.013557599647192345 0.00084721892885448915 0.0010410388766378008 0.00021237982968252885 -0.00056797211210594771 0.00066405832060598732 -1.5695621377159912e-05 0.001015004552956199 0.00026157098402158858 0.0015487725242572482 -0.0004721113564672265
leaf_weight=11506 300 548 1109 914 2889 625 2115 509 582 3279 15042 32393 2330 4852 140 86 1519 2599 186 70 47 40 233 3403 85 1624 60 6756 46 997
leaf_count=11506 300 548 1109 914 2889 625 2115 509 582 3279 15042 32393 2330 4852 140 86 1519 2599 186 70 47 40 233 3403 85 1624 60 6756 46 997
internal_value=-0.000927089 -0.00421444 -0.000199013 -0.00113685 -0.00272315 -0.00161189 -0.00191047 -0.00231326 -8.83115e-05 -0.000156551 -0.000362285 -1.25605e-05 0.000325826 0.000166722 0.00144515 0.000490165 0.00147975 0.000891765 0.000569176 0.00320312 -0.00139202 -0.000414528 0.00232143 -0.00169469 -0.000495497 0.000393144 0.00236111 -0.000205983 -0.00112188 -0.0013838
internal_weight=96884 17567 79317 8374 6061 6390 3172 2624 70943 60907 25077 35830 10036 8787 1249 6457 1605 3437 2855 256 5765 1363 280 4402 999 1984 360 21798 1083 1037
internal_count=96884 17567 79317 8374 6061 6390 3172 2624 70943 60907 25077 35830 10036 8787 1249 6457 1605 3437 2855 256 5765 1363 280 4402 999 1984 360 21798 1083 1037
is_linear=0
shrinkage=0.05


Tree=117
num_leaves=31
num_cat=0
split_feature=14 14 14 4 4 12 12 6 8 12 0 10 3 9 14 13 11 4 14 11 1 14 12 6 1 13 1 2 2 1
split_gain=89.2486 9.74315 4.03756 2.79983 1.83903 1.25701 1.25594 0.988593 0.871848 0.897919 0.931081 1.83415 0.853518 1.01526 0.838795 1.00019 0.838794 0.819589 0.79047 0.643737 0.610718 0.606338 0.985227 0.604559 0.669965 0.754254 0.632429 1.19115 1.06284 0.70498
threshold=0.084109403795395443 0.027473859133533174 0.1935711841940839 1.0000000180025095e-35 8.5000000000000018 2.0244651440600081 0.020744651813237997 1.0000000180025095e-35 3.5000000000000004 0.19513604225284981 7.5000000000000009 6.8283963286207827 1.0000000180025095e-35 7.4269095197394899 0.10401388126354093 0.14671830223221019 3.8547777300917869 9.5000000000000018 0.14642576161854132 0.1624024580081305 5.5000000000000009 0.060904787669005034 0.12789232298815734 1.0000000180025095e-35 1.5000000000000002 2.2100280715990692 3.5000000000000004 28.500000000000004 10.500000000000002 5.5000000000000009
decision_type=2 2 2 2 2 2 2 2 2 2 2 2 2 2 2 2 2 2 2 2 2 2 2 2 2 2 2 2 2 2
left_child=1 -1 4 19 8 16 17 12 9 -2 -11 -12 13 -6 -10 -16 23 -5 -13 21 -15 22 -3 26 25 -25 27 -4 -28 -30
right_child=2 3 5 6 7 -7 -8 -9 14 10 11 18 -14 20 15 -17 -18 -19 -20 -21 -22 -23 -24 24 -26 -27 28 -29 29 -31
leaf_value=-0.0020920708324445535 -0.0003364959686137842 3.9394617712887286e-05 0.00026452314120337231 0.00010786755369012773 0.0006443141704009208 0.00074293828034801678 -0.00071437801518347589 -0.001312628159088341 0.00067420953275457325 -0.00012979948247993854 0.001908009432623472 0.00081449730155268058 -0.00056480489794055733 -0.0004079448804997903 -0.0003103444048103165 0.0016655369075563146 0.015101668172235405 -0.00072624228576957076 -1.9473191569196112e-05 0.000605138317593239 0.00046539835544762154 -0.0001800370440300863 0.00079922572237250066 0.00029532490654101198 -0.0017800176880066344 -0.012449949604312772 -0.00091012861144141016 -0.0012285866931123384 -0.00037968333068509429 0.0010078524431008657
leaf_weight=11509 2372 196 19466 274 59 21281 4206 633 60 1133 44 101 2905 748 152 63 61 337 238 59 192 579 44 1177 2183 119 12231 4411 6651 3084
leaf_count=11509 2372 196 19466 274 59 21281 4206 633 60 1133 44 101 2905 748 152 63 61 337 238 59 192 579 44 1177 2183 119 12231 4411 6651 3084
internal_value=-0.000898228 -0.00416299 -0.000190516 -0.00247147 -0.0012069 -6.5381e-05 -0.00294478 -0.00190324 -0.000447995 -0.000640433 0.000310025 0.00244125 -0.00160605 -0.000345347 0.00227273 0.000813952 -0.000203816 -0.000826515 0.00119469 0.000125284 -0.000744682 -0.000238096 0.001875 -0.000211063 -0.000846509 5.40112e-05 -0.00016284 1.52855e-05 -0.000356461 3.33835e-05
internal_weight=96568 17204 79364 5695 8700 70664 4817 4537 4163 3888 1516 383 3904 999 275 215 49383 611 339 878 940 819 240 49322 3479 1296 45843 23877 21966 9735
internal_count=96568 17204 79364 5695 8700 70664 4817 4537 4163 3888 1516 383 3904 999 275 215 49383 611 339 878 940 819 240 49322 3479 1296 45843 23877 21966 9735
is_linear=0
shrinkage=0.05


Tree=118
num_leaves=31
num_cat=0
split_feature=14 14 14 4 4 12 13 12 6 3 8 8 9 0 13 12 13 9 1 2 8 14 9 11 10 1 2 12 2 2
split_gain=88.5945 7.56046 3.8325 2.57863 1.82898 1.3237 1.23145 1.00888 0.881801 0.864784 0.861966 0.944844 0.720743 0.696503 0.894976 0.661276 0.909974 0.644907 0.858736 0.574913 0.76344 1.01701 0.84111 0.722053 0.561455 0.543453 1.17536 0.811846 0.743204 0.742043
threshold=0.07767228816245815 0.027473859133533174 0.1935711841940839 3.5000000000000004 1.0000000180025095e-35 0.2617604386058241 0.14163935223132665 0.01560799077449878 1.0000000180025095e-35 1.0000000180025095e-35 2.5000000000000004 1.5000000000000002 8.2327807673683022 7.5000000000000009 0.17722521121159038 4.1612021925986946 1.4927723905671002 8.4516163389667476 3.5000000000000004 16.500000000000004 2.5000000000000004 0.053813276110247325 7.7737608275368482 0.12061217298369876 8.0295204167317333 3.5000000000000004 18.500000000000004 0.44608220339315774 2.5000000000000004 28.500000000000004
decision_type=2 2 2 2 2 2 2 2 2 2 2 2 2 2 2 2 2 2 2 2 2 2 2 2 2 2 2 2 2 2
left_child=1 -1 4 19 -2 8 10 12 9 -6 11 17 -5 -8 -15 25 -17 18 -7 -3 21 -21 -23 -24 -18 29 28 -28 -27 -4
right_child=2 3 15 7 5 6 13 -9 -10 -11 -12 -13 -14 14 -16 16 24 -19 -20 20 -22 22 23 -25 -26 26 27 -29 -30 -31
leaf_value=-0.0019911272705871509 0.00014612263857416481 -0.00019756314195362902 0.00013709786535437884 -0.00053396205404733835 -0.00024535746012329263 0.0010231155516749093 -0.00065055558396057752 -0.00069530481861852615 -0.0012946779208747139 -0.00053986692513882141 -0.00035940197135478932 0.00096875853555212989 0.00075531542266640307 0.0017668629201769695 -0.00035503176552339425 -0.0040500842959486508 0.0052891791431888199 -0.00085036958269430168 0.00041468769471217788 0.00048929940335370309 -0.0002888315780616744 0.00026998602120013475 -0.00035581059137708339 0.0005695463547073956 -0.0037777705367298682 -0.0018338823120407522 -0.00072765573337675452 0.0013348404163564013 -0.00052296214090776329 -0.00096536963297006123
leaf_weight=11458 1420 548 33190 111 3472 124 621 3291 616 2905 203 53 78 91 131 142 1110 90 150 52 182 57 199 57 251 3251 1368 5223 19707 6603
leaf_count=11458 1420 548 33190 111 3472 124 621 3291 616 2905 203 53 78 91 131 142 1110 90 150 52 182 57 199 57 251 3251 1368 5223 19707 6603
internal_value=-0.000919033 -0.00431392 -0.000244733 -0.00259563 -0.00116748 -0.00144631 -7.86068e-05 -0.0032615 -0.00173245 -0.00155794 0.0016129 0.00291367 0.000291004 -0.00132266 0.00108108 -0.0001161 0.000921489 0.00200549 0.00321168 -0.000479453 0.000667275 0.0019863 0.000910542 -0.000312501 0.00131888 -0.00013859 -0.000301027 0.000287512 -0.00046999 -1.79692e-05
internal_weight=96754 16033 80721 4575 9876 8456 1463 3480 6993 6377 620 417 189 843 222 70845 1503 364 274 1095 547 365 313 256 1361 69342 29549 6591 22958 39793
internal_count=96754 16033 80721 4575 9876 8456 1463 3480 6993 6377 620 417 189 843 222 70845 1503 364 274 1095 547 365 313 256 1361 69342 29549 6591 22958 39793
is_linear=0
shrinkage=0.05


Tree=119
num_leaves=31
num_cat=0
split_feature=14 14 14 4 4 12 13 11 11 13 12 10 12 2 13 2 1 1 14 14 2 14 7 14 14 1 12 1 14 11
split_gain=90.5412 9.24871 2.9136 1.82941 1.74088 1.02152 0.967053 1.26058 0.927579 0.91861 0.942872 1.04146 0.874745 0.770471 0.742434 0.808598 0.668457 1.31515 1.5476 0.760032 0.674494 0.776062 1.52842 1.07782 0.681011 0.65224 1.15852 0.649124 0.633406 0.63278
threshold=0.084109403795395443 0.027473859133533174 0.1935711841940839 7.5000000000000009 9.5000000000000018 0.022644289869261477 0.18404661755429819 0.37429226967300683 0.0082972199255493522 0.071665382508574363 0.014832145907619042 7.2052692178094775 0.2617604386058241 17.500000000000004 0.15823962081731302 23.500000000000004 3.5000000000000004 5.5000000000000009 0.20042166693570657 2.36773265736463 18.500000000000004 1.8197179827656431 1.0000000180025095e-35 1.8774612757519582 0.22211085468778977 3.5000000000000004 0.013162474226473111 2.5000000000000004 0.14025677994862054 0.48293436127605976
decision_type=2 2 2 2 2 2 2 2 2 2 2 2 2 2 2 2 2 2 2 2 2 2 2 2 2 2 2 2 2 2
left_child=1 -1 3 6 5 -3 7 9 -6 -2 11 -11 -5 -7 15 -14 -4 19 -19 -18 -20 24 23 -23 -22 -13 -27 -17 -16 -9
right_child=2 4 16 12 8 13 -8 29 -10 10 -12 25 14 -15 28 27 17 18 20 -21 21 22 -24 -25 -26 26 -28 -29 -30 -31
leaf_value=-0.0018939238554062097 -0.00048799307730808549 0.00010166492729309315 0.0001338905712223635 -0.00051582319538275685 0.00023482737646371372 -0.00042437852613984084 -0.0007578265685853836 0.00078744211868693795 -0.00081255394094087777 -0.00037767876150284358 -4.5863183788773091e-05 0.0021960354185880777 -0.00037264418706560275 -2.7492551779032217e-06 0.00054713757681638399 0.00035894842557085291 -0.00068965655823259196 0.0018051204126172265 -0.00014089704916000662 -0.012721255302773536 0.0014072851860875836 0.017207061948885726 0.028735795274876831 0.0036256595981849836 0.00029679982182445868 0.0019673262028034231 -0.00051162322874518079 0.0011257677702823032 -0.0006508258723594444 -8.1100446210038786e-05
leaf_weight=11359 287 445 40835 4057 47 2192 334 172 2667 89 2640 40 306 368 45 121 19596 50 6794 282 56 107 48 857 2337 50 48 79 416 90
leaf_count=11359 287 445 40835 4057 47 2192 334 172 2667 89 2640 40 306 368 45 121 19596 50 6794 282 56 107 48 857 2337 50 48 79 416 90
internal_value=-0.000870433 -0.00417438 -0.000162788 -0.00102234 -0.00253454 -0.00170549 -0.000186668 6.44016e-05 -0.00345247 -0.00021243 5.75503e-05 0.00314978 -0.0016461 -0.00208984 -0.000294727 0.00102767 -5.65103e-05 -0.000235172 0.000224899 -0.000472383 0.000181879 0.00075624 0.00191699 0.0014834 0.000265356 0.00586956 0.00367347 0.0035 -0.00174621 0.00339695
internal_weight=96814 17078 79736 8774 5719 3005 3750 3416 2714 3154 2867 227 5024 2560 967 506 70962 30127 10249 19878 10199 3405 1012 964 2393 138 98 200 461 262
internal_count=96814 17078 79736 8774 5719 3005 3750 3416 2714 3154 2867 227 5024 2560 967 506 70962 30127 10249 19878 10199 3405 1012 964 2393 138 98 200 461 262
is_linear=0
shrinkage=0.05


Tree=120
num_leaves=31
num_cat=0
split_feature=14 14 14 4 4 2 0 12 2 11 2 12 13 11 2 14 1 13 12 0 13 0 14 11 12 9 4 14 13 11
split_gain=91.4016 10.4733 2.61298 1.90502 1.08485 0.978121 0.952507 0.717242 0.794776 0.707082 0.687233 0.614945 1.23114 0.779948 0.999003 1.05992 1.50266 0.970481 1.08795 0.776048 0.799623 1.11503 0.976635 0.722487 0.667582 0.753846 0.65636 0.626233 0.620001 0.609128
threshold=0.091560473374119808 0.027473859133533174 0.1935711841940839 4.5000000000000009 9.5000000000000018 16.500000000000004 2.5000000000000004 0.011540746903424477 23.500000000000004 0.1624024580081305 5.5000000000000009 2.0244651440600081 1.1716768627872554 3.1207047060510233 24.500000000000004 1.0561918689278753 3.5000000000000004 1.0522151197720431 3.0336481365421735 7.5000000000000009 1.1499938111449854 12.500000000000002 1.3419024302228508 3.5815273656378563 2.6062466583150026 8.0292358163665423 1.0000000180025095e-35 1.4887791821174821 1.2140185390304221 2.1150661114527134
decision_type=2 2 2 2 2 2 2 2 2 2 2 2 2 2 2 2 2 2 2 2 2 2 2 2 2 2 2 2 2 2
left_child=1 -1 4 5 10 -3 -5 -6 -9 -7 -2 23 13 19 15 16 -15 -17 24 -13 22 -22 29 -4 25 -19 -14 -23 -28 -21
right_child=2 3 11 6 7 9 -8 8 -10 -11 -12 12 26 14 -16 17 -18 18 -20 20 21 27 -24 -25 -26 -27 28 -29 -30 -31
leaf_value=-0.0017948445343279494 -0.00057310553569671547 -0.00033725880077270504 -0.00020522720272542693 -0.00033637422482002118 0.00081049242359624804 -1.1912922901714029e-05 -0.00068755640004647173 -0.00071952505285753079 -0.00023300312042124962 0.0014225301615339069 -8.5918080372455964e-05 -0.0028798859519931601 0.0050727276848965518 0.0030911904619069239 -0.0036753263072722246 0.0013695443551043085 0.013215858924664091 0.0097641127314589491 0.015591532695122931 0.00158434092780286 -0.0014586197933111197 0.01517603227562643 -0.0023547100985448696 0.0076879146281083072 -0.0062152345851762972 0.0065947198834944362 -0.0033392135007407724 0.0054689379246814183 -0.00012825923162916646 0.0037804775941966519
leaf_weight=11473 379 1312 49333 1020 40 684 3805 1938 1658 44 3647 170 2380 77 96 330 66 40 81 852 66 43 737 143 64 64 431 40 15347 516
leaf_count=11473 379 1312 49333 1020 40 684 3805 1938 1658 44 3647 170 2380 77 96 330 66 40 81 852 66 43 737 143 64 64 431 40 15347 516
internal_value=-0.000897334 -0.00407569 -0.000155213 -0.00253096 -0.00103237 -0.00125 -0.00307254 -0.00165842 -0.00173248 0.000219779 -0.000466966 -6.03883e-05 0.00016355 0.00106107 0.00239609 0.00303324 0.00688811 0.00208117 0.00443775 0.00061056 0.000856254 0.00439597 0.0006057 -0.000157249 0.00214286 0.00461538 3.30314e-06 0.00825301 -0.00011345 0.0013962
internal_weight=96876 18338 78538 6865 7662 2040 4825 3636 3596 728 4026 70876 21400 3242 818 722 143 579 249 2424 2254 149 2105 49476 168 104 18158 83 15778 1368
internal_count=96876 18338 78538 6865 7662 2040 4825 3636 3596 728 4026 70876 21400 3242 818 722 143 579 249 2424 2254 149 2105 49476 168 104 18158 83 15778 1368
is_linear=0
shrinkage=0.05


Tree=121
num_leaves=31
num_cat=0
split_feature=14 14 4 14 4 8 0 12 2 2 0 12 4 12 12 1 2 9 2 2 11 14 0 1 14 14 11 12 6 1
split_gain=88.4917 9.62963 2.30588 2.14904 1.56842 1.13762 1.23003 1.03303 1.02837 1.17551 1.26665 0.916689 0.884754 0.834326 0.813799 1.13589 0.768418 0.667875 0.66205 0.659069 0.644592 0.620679 1.10472 0.568013 0.765931 0.532123 0.503684 0.489432 0.466551 0.540238
threshold=0.047163662417578141 0.091560473374119808 3.5000000000000004 0.22211085468778977 9.5000000000000018 1.0000000180025095e-35 6.5000000000000009 0.10146836030122026 25.500000000000004 28.500000000000004 1.5000000000000002 0.46109249075020248 9.5000000000000018 0.39007067860011652 0.03057491011296894 3.5000000000000004 27.500000000000004 7.8156651439797651 8.5000000000000018 4.5000000000000009 0.27023824020987602 0.12932958133920672 6.5000000000000009 1.5000000000000002 0.067858485438324859 0.18621845708737503 0.0082972199255493522 0.011540746903424477 1.0000000180025095e-35 1.5000000000000002
decision_type=2 2 2 2 2 2 2 2 2 2 2 2 2 2 2 2 2 2 2 2 2 2 2 2 2 2 2 2 2 2
left_child=7 2 -2 4 11 14 12 -1 27 10 16 19 17 21 15 18 -10 23 -4 -3 26 22 -12 -7 -25 -13 -14 -6 -5 -30
right_child=1 3 5 28 8 6 -8 -9 9 -11 13 25 20 -15 -16 -17 -18 -19 -20 -21 -22 -23 -24 24 -26 -27 -28 -29 29 -31
leaf_value=-0.001700104212274702 -7.4188295516792259e-05 -0.00088402114480247386 0.0013053988136218558 -6.4713063650330844e-05 0.00058620333502885035 -0.00026662389698246558 0.0006358933439255984 0.00014496963820163678 0.0018573689256041557 -0.00039644243711052908 -0.00049356572808853419 0.0016882126574854002 0.00016454496413044595 0.0017087175037269415 -0.00074504099053796186 -0.00043474217620763063 1.2153492274012175e-05 -0.00024700890430695788 -0.00026794753761714448 -7.0510662277390265e-05 0.00064125926540756087 -0.00097597992752600975 0.0005555606822216536 0.00057338921649099353 0.00025234072727152375 0.00033241206942471503 -0.00071776964063269147 -0.0006642596983565636 0.00013717005224493084 -0.0015587014488896429
leaf_weight=11808 1541 197 40 64329 43 59 58 61 77 854 215 46 52 91 2520 190 52 587 42 4427 53 159 89 48 102 106 1175 2750 1675 3358
leaf_count=11808 1541 197 40 64329 43 59 58 61 77 854 215 46 52 91 2520 190 52 587 42 4427 53 159 89 48 102 106 1175 2750 1675 3358
internal_value=-0.000888601 -0.000323484 -0.00217798 -0.000170644 -0.000892819 -0.00270605 -0.00183693 -0.0049326 -0.00158199 -0.000543267 0.00100293 -0.000268008 -0.00203757 -3.61023e-05 -0.00337035 -0.00077206 0.00546512 -0.000728644 0.00414634 -0.0003936 -0.00285156 -0.000896329 0.00042763 0.00169856 0.00333333 0.00355263 -0.00308476 -0.0021536 -7.58352e-05 -0.000539441
internal_weight=96804 84935 6467 78468 9106 4926 2134 11869 4330 1537 683 4776 2076 554 2792 272 129 796 82 4624 1280 463 304 209 150 152 1227 2793 69362 5033
internal_count=96804 84935 6467 78468 9106 4926 2134 11869 4330 1537 683 4776 2076 554 2792 272 129 796 82 4624 1280 463 304 209 150 152 1227 2793 69362 5033
is_linear=0
shrinkage=0.05


Tree=122
num_leaves=31
num_cat=0
split_feature=14 14 4 0 14 12 7 12 14 14 1 12 14 11 4 9 4 9 10 11 2 12 10 12 14 9 12 12 12 4
split_gain=88.496 8.96161 2.44765 1.57985 1.40948 1.92289 1.21954 1.22228 0.978655 1.28628 1.30056 0.957502 1.36898 1.09847 0.889 0.912289 0.874941 0.820722 1.24752 0.840581 0.809007 0.838186 0.853644 0.801184 0.773625 0.762367 1.2569 0.750985 0.70332 0.66798
threshold=0.047163662417578141 0.091560473374119808 9.5000000000000018 8.5000000000000018 0.12932958133920672 0.20017889409664549 1.0000000180025095e-35 0.029088779508699588 0.1935711841940839 0.20757583040822872 4.5000000000000009 0.019727422722089709 0.98321410447944702 0.013736085451027684 1.0000000180025095e-35 9.0234856047750949 7.5000000000000009 8.5708759621347657 7.5208607374836234 0.021442272691904147 16.500000000000004 0.16296266310720589 7.5868140994542168 0.089459012174142233 0.23707954617091323 7.8291570095906939 0.019061265577988297 0.012463173051847798 0.012053298097908274 5.5000000000000009
decision_type=2 2 2 2 2 2 2 2 2 2 2 2 2 2 2 2 2 2 2 2 2 2 2 2 2 2 2 2 2 2
left_child=23 2 6 11 5 -5 7 25 16 10 -10 12 13 28 15 -13 -6 18 19 27 -9 -22 -23 -1 -17 26 -2 -15 -3 -25
right_child=1 3 -4 4 8 -7 -8 20 9 -11 -12 14 -14 17 -16 24 -18 -19 -20 -21 21 22 -24 29 -26 -27 -28 -29 -30 -31
leaf_value=-0.0016094018791354505 0.00017743872285005079 0.00039719948995700833 -0.00060538884978280413 0.00010694811297970401 4.0115517320650052e-06 0.0010785650179973309 0.00067084001090582661 -0.00038650786322516411 0.002772573458933697 -9.9625688753024187e-05 -0.00061805174056740134 -5.3707646679973438e-05 -0.011273905698324987 0.0023440142016306125 -0.00044802532527632487 -5.2811674142517857e-05 -0.000848361252243004 -0.00043286907759468589 0.0013235676728699853 -0.0005990986740640452 -0.00028252648275956107 0.001406546303681864 -0.00022308272958854308 0.00036514579374041035 0.0063822747287854715 -3.8530192698747881e-05 0.00094689622770019726 0.00031290101417146828 -0.00059356382809075013 -0.00057920097560350205
leaf_weight=11757 117 509 3113 305 398 101 40 2093 84 58855 61 1278 197 75 9597 59 572 777 1270 662 420 46 45 55 70 588 40 1251 2230 67
leaf_count=11757 117 509 3113 305 398 101 40 2093 84 58855 61 1278 197 75 9597 59 572 777 1270 662 420 46 45 55 70 588 40 1251 2230 67
internal_value=-0.00089071 -0.000324857 -0.00210858 -0.000176834 -5.43274e-05 0.00288177 -0.00117882 -0.00128247 -7.4205e-05 -4.83063e-05 0.00465517 -0.000588318 -0.000129825 -1.03348e-05 -0.000878773 0.000294953 -0.00164949 0.000514249 0.000862491 8.04817e-05 -0.0017934 -9.78593e-06 0.00434066 -0.00493266 0.00430232 0.000503355 0.00359872 0.000806937 -0.000783134 -0.000901641
internal_weight=96732 84853 6502 78351 60376 406 3389 3349 59970 59000 145 17975 6971 6774 11004 1407 970 4035 3258 1988 2604 511 91 11879 129 745 157 1326 2739 122
internal_count=96732 84853 6502 78351 60376 406 3389 3349 59970 59000 145 17975 6971 6774 11004 1407 970 4035 3258 1988 2604 511 91 11879 129 745 157 1326 2739 122
is_linear=0
shrinkage=0.05


Tree=123
num_leaves=31
num_cat=0
split_feature=13 13 4 12 2 6 12 8 13 4 11 10 0 0 8 0 9 11 0 13 0 8 8 0 9 13 0 9 10 0
split_gain=87.5253 9.60397 2.4264 1.40713 1.23368 1.00443 0.976503 0.930427 1.09074 1.06339 0.965842 0.928223 0.842099 1.04087 1.11975 0.905147 0.836601 0.822957 0.811708 0.911182 0.747117 1.05855 2.04309 1.4414 1.1262 0.785136 0.928294 1.18061 0.90454 0.87328
threshold=0.032127325037693298 0.10960733792093803 9.5000000000000018 0.46109249075020248 17.500000000000004 1.0000000180025095e-35 0.019727422722089709 1.5000000000000002 1.086776935934002 1.0000000180025095e-35 0.013736085451027684 6.9233927857041184 2.5000000000000004 8.5000000000000018 1.0000000180025095e-35 5.5000000000000009 8.2527908074299265 0.03887794290427448 9.5000000000000018 0.74060853787073677 20.500000000000004 1.5000000000000002 2.5000000000000004 10.500000000000002 8.809196953578434 0.27394499998834448 8.5000000000000018 8.0775069121958119 6.3373233947321248 7.5000000000000009
decision_type=2 2 2 2 2 2 2 2 2 2 2 2 2 2 2 2 2 2 2 2 2 2 2 2 2 2 2 2 2 2
left_child=-1 2 4 5 12 6 7 8 11 -9 -11 -3 17 14 -14 -16 -15 -2 -8 -20 21 25 23 -23 -25 26 27 -5 -27 -29
right_child=1 3 -4 20 -6 -7 18 9 -10 10 -12 -13 13 16 15 -17 -18 -19 19 -21 -22 22 -24 24 -26 28 -28 29 -30 -31
leaf_value=-0.0015369217469142441 -0.00011771538200674582 -0.0011746471259077296 -0.00058574397636486787 0.0028308594224429502 9.810830634510845e-05 -0.00094335361367741733 -0.00038484934398450927 0.00093172705634416537 -0.0050598371646406208 -0.0011405816771996938 -0.00011906580564037021 0.00076762179599719883 -0.00050817204198626926 0.00140591653381763 -0.00074225162129371394 -8.1521768493261209e-05 -0.00032617749694748282 0.00061125425089910215 0.0003188489402419166 -0.0012788557745895168 0.0013004886326326457 -0.00048359596495955504 0.00011774039057335559 0.0096052378137005678 -0.00041796137624398817 0.0054912366273133298 -0.00045123601788866325 -0.0019239675737107 -0.0006425660500627568 0.0017047550562825386
leaf_weight=11399 1111 550 4224 136 657 1621 6161 387 145 625 1189 3087 1496 72 229 1182 81 70 2694 4068 7249 534 18921 1074 264 108 311 49 26732 209
leaf_count=11399 1111 550 4224 136 657 1621 6161 387 145 625 1189 3087 1496 72 229 1182 81 70 2694 4068 7249 534 18921 1074 264 108 311 49 26732 209
internal_value=-0.000854505 -0.000304215 -0.00183732 -0.000120478 -0.00108003 -0.000474255 -0.000371841 0.000156275 0.00063194 -0.000661064 -0.00116869 0.000801484 -0.00139236 -0.00183007 -0.00204162 -0.00103118 0.00218954 -0.000258257 -0.000616344 -0.000238096 1.01631e-05 -6.08229e-05 0.000208482 0.00178419 0.00266069 -0.000264114 0.00138298 0.00299492 -0.000307378 0.00100775
internal_weight=96635 85236 9122 76114 4898 20527 18906 5983 3782 2201 1814 3637 4241 3060 2907 1411 153 1181 12923 6762 55587 48338 20793 1872 1338 27545 705 394 26840 258
internal_count=96635 85236 9122 76114 4898 20527 18906 5983 3782 2201 1814 3637 4241 3060 2907 1411 153 1181 12923 6762 55587 48338 20793 1872 1338 27545 705 394 26840 258
is_linear=0
shrinkage=0.05


Tree=124
num_leaves=31
num_cat=0
split_feature=14 14 4 0 14 1 1 10 0 14 8 8 14 14 14 8 1 14 1 1 11 1 14 14 6 14 13 2 2 9
split_gain=90.981 9.9823 1.58695 1.38717 2.27655 1.92861 1.36975 1.08942 1.02529 2.50552 1.03994 2.38708 2.78134 2.24406 1.7613 1.57316 1.26683 1.21088 1.23416 1.22501 1.19732 1.01858 0.914535 0.899689 0.898985 0.820891 0.993305 0.806064 0.801313 0.829569
threshold=0.047163662417578141 0.091560473374119808 9.5000000000000018 8.5000000000000018 0.12932958133920672 3.5000000000000004 5.5000000000000009 7.3884244819594844 1.0000000180025095e-35 0.9367563544942582 1.5000000000000002 1.0000000180025095e-35 0.7030220205362262 0.51253053724982567 0.36853772872751567 3.5000000000000004 3.5000000000000004 0.86746141427363688 5.5000000000000009 3.5000000000000004 0.012283572797342318 2.5000000000000004 0.65351835533872782 0.42384005681624831 1.0000000180025095e-35 0.32424495138584525 0.17065110039629119 5.5000000000000009 18.500000000000004 7.8544212981904709
decision_type=2 2 2 2 2 2 2 2 2 2 2 2 2 2 2 2 2 2 2 2 2 2 2 2 2 2 2 2 2 2
left_child=-1 2 28 8 5 7 -7 -5 9 10 11 13 20 16 15 25 -3 18 19 21 -13 -14 -15 -18 27 26 -12 -10 29 -2
right_child=1 3 -4 4 -6 6 -8 -9 24 -11 14 12 17 22 -16 -17 23 -19 -20 -21 -22 -23 -24 -25 -26 -27 -28 -29 -30 -31
leaf_value=-0.0014464559481537848 -1.4556837566511692e-05 0.0030944395791090091 -0.00057490713799444133 0.0013884024570085217 -3.3687019834352298e-05 -5.3542517056361956e-05 0.0012969506113859528 0.00091900801303051798 -0.00057545677236092631 -0.0076325691620303619 -0.0015067118403372917 0.0036847173390692324 0.0054257588529612105 -0.00063340154349143113 -0.0023408466158408364 0.0028684505026422796 0.0028146954899748184 -0.00074511736647289023 0.006425659431019852 -0.0005497566345973188 0.013501629896450391 0.0091481241393581072 -0.00536501670668528 -0.00045286632482116596 -0.00094914583533410764 -0.0009447547326241365 0.0011021526310400337 -0.00012851693539308424 0.00017149572225210916 -0.0003151147755218739
leaf_weight=11900 788 94 3102 51 59911 231 40 70 3277 390 76 61 181 649 697 77 59 216 58 189 58 44 172 188 1053 264 468 9654 296 2309
leaf_count=11900 788 94 3102 51 59911 231 40 70 3277 390 76 61 181 649 697 77 59 216 58 189 58 44 172 188 1053 264 468 9654 296 2309
internal_value=-0.000843123 -0.00026811 -0.00215166 -0.000111726 3.06665e-06 0.00380102 0.00145756 0.00904959 -0.000497909 0.000214411 0.000632215 0.00139919 0.00348823 -5.16363e-05 -0.000322378 0.00115819 0.00335777 0.00226744 0.00368644 0.00272947 0.0105462 0.00522222 -0.00146772 0.00147773 -0.000698657 0.000507425 0.00161765 -0.000584256 -0.00140436 -0.00164191
internal_weight=96623 84723 6495 78228 60303 392 271 121 17925 3941 3551 1969 807 1162 1582 885 341 688 472 414 119 225 821 247 13984 808 544 12931 3393 3097
internal_count=96623 84723 6495 78228 60303 392 271 121 17925 3941 3551 1969 807 1162 1582 885 341 688 472 414 119 225 821 247 13984 808 544 12931 3393 3097
is_linear=0
shrinkage=0.05


Tree=125
num_leaves=31
num_cat=0
split_feature=14 14 4 14 4 2 0 1 12 13 9 0 12 8 0 8 1 1 2 14 13 12 9 1 12 8 8 14 11 12
split_gain=88.8953 9.71934 2.26668 1.33108 1.4558 1.02537 1.02368 0.934714 0.7946 1.14486 0.719643 0.698672 0.740214 1.18427 2.98252 0.727333 0.808877 0.622493 1.05675 0.733818 1.14116 1.09401 1.02127 0.744699 0.840845 0.894558 0.99686 0.911612 1.19075 0.936628
threshold=0.027473859133533174 0.091560473374119808 5.5000000000000009 0.22211085468778977 8.5000000000000018 25.500000000000004 9.5000000000000018 5.5000000000000009 0.46109249075020248 0.18404661755429819 7.8544212981904709 2.5000000000000004 0.11695012343445631 1.0000000180025095e-35 6.5000000000000009 1.5000000000000002 3.5000000000000004 3.5000000000000004 2.5000000000000004 1.0130834839572627 0.97267289174317051 0.22478834217975827 7.5873738590892907 5.5000000000000009 2.7469130447725001 1.5000000000000002 2.5000000000000004 1.4987510280621184 0.52921889025971625 2.1454331528412554
decision_type=2 2 2 2 2 2 2 2 2 2 2 2 2 2 2 2 2 2 2 2 2 2 2 2 2 2 2 2 2 2
left_child=-1 2 10 4 8 -6 7 -7 -3 -10 -2 15 -13 -14 -15 16 -4 -5 -19 20 -20 -22 -23 24 25 -21 -27 28 -28 -30
right_child=1 3 11 17 5 6 -8 -9 9 -11 -12 12 13 14 -16 -17 -18 18 19 23 21 22 -24 -25 -26 26 27 -29 29 -31
leaf_value=-0.0013904782348120896 5.7944765733828436e-05 -4.8353692505654115e-05 0.0007042599319836227 0.00010615510823855106 -0.00054806165434889123 -0.00024457619799500709 0.0023617183733203109 0.00072863879699176998 0.0017114704046140164 -5.9354582856763425e-05 -0.00020070004992633306 -0.00083559621200451342 -0.00062575027119575639 -0.00028063788531775073 0.0010946558731093927 -0.00048458214908505854 -0.00034305307070683065 -0.0016445378699757982 3.8662128718345319e-05 -0.003055025191503264 -0.0022056493276566224 0.0094172132834891495 0.0036027890059545029 0.00012267069880439547 0.0013888371191707334 0.0077826963223000152 -0.0057782510978400658 -0.0045213075771614736 0.0027161314202952297 -0.0039559138955496077
leaf_weight=11428 617 4259 80 40048 3228 1251 64 212 62 69 1838 868 1870 745 41 706 126 3242 7459 5632 186 90 635 7222 815 278 370 1850 1339 230
leaf_count=11428 617 4259 80 40048 3228 1251 64 212 62 69 1838 868 1870 745 41 706 126 3242 7459 5632 186 90 635 7222 815 278 370 1850 1339 230
internal_value=-0.000858457 -0.000304454 -0.00210492 -0.000146485 -0.000713506 -0.00131966 -0.00025213 -0.000522899 -5.69488e-05 0.00377862 -0.000885948 -0.00277953 -0.00309875 -0.00268449 -0.00105598 -0.00154605 0.00106796 -7.17633e-05 -0.000246696 -0.000140965 0.000244921 0.00191548 0.0027931 -0.000323073 -0.000591593 -0.00072121 -0.000156136 -0.000368172 0.000389375 0.000991076
internal_weight=96860 85432 6891 78541 9145 4755 1527 1463 4390 131 2455 4436 3524 2656 786 912 206 69396 29348 26106 8370 911 725 17736 10514 9699 4067 3789 1939 1569
internal_count=96860 85432 6891 78541 9145 4755 1527 1463 4390 131 2455 4436 3524 2656 786 912 206 69396 29348 26106 8370 911 725 17736 10514 9699 4067 3789 1939 1569
is_linear=0
shrinkage=0.05


Tree=126
num_leaves=31
num_cat=0
split_feature=14 14 4 0 14 12 12 0 14 8 13 14 14 9 13 2 12 14 4 12 13 0 4 12 8 0 9 12 11 8
split_gain=90.966 8.27184 2.54167 1.15125 1.54889 1.38682 1.30614 1.05915 1.4892 0.918257 1.69293 2.05013 3.07471 1.26565 1.24427 1.14356 1.03033 0.884916 0.880597 1.89132 1.03255 0.800909 0.997883 0.964366 1.35763 1.61639 0.919993 0.799727 0.792806 0.768982
threshold=0.027473859133533174 0.091560473374119808 5.5000000000000009 8.5000000000000018 0.12932958133920672 0.15414498897030426 0.16712540254139388 1.5000000000000002 0.98321410447944702 1.5000000000000002 0.15823962081731302 0.33806301758129265 0.42384005681624831 7.894485013644668 0.35617945172932791 11.500000000000002 0.015413725602349977 0.20757583040822872 3.5000000000000004 0.012824697325264192 0.31785451061863679 2.5000000000000004 9.5000000000000018 0.14561919094659626 1.0000000180025095e-35 6.5000000000000009 7.8291570095906939 0.21840486120628935 0.013443037622638985 1.0000000180025095e-35
decision_type=2 2 2 2 2 2 2 2 2 2 2 2 2 2 2 2 2 2 2 2 2 2 2 2 2 2 2 2 2 2
left_child=-1 2 29 7 5 -5 -7 8 9 10 15 17 13 -13 18 -3 -15 -12 19 -11 -21 22 26 -23 -25 -26 -4 -6 -20 -2
right_child=1 3 21 4 27 6 -8 -9 -10 14 11 12 -14 16 -16 -17 -18 -19 28 20 -22 23 -24 24 25 -27 -28 -29 -30 -31
leaf_value=-0.0013209261489156767 -0.0002402596062362585 0.00056711867047009093 0.0007097467941605826 -0.00028352937174291036 -0.00056757660560848662 0.0010226867114219069 0.00070441791865158811 -0.00033669470136764941 -0.011157253175290555 0.0019444833664129697 0.00033307556701091712 0.00028442447896683193 0.00080197199215548034 0.0057057530931501387 -0.0020956405700381475 0.002161314470292228 0.0076618867649834209 -0.0013389299447224797 -0.00059169135017255023 -9.2402488464203236e-05 0.0031077562202121295 -0.00066720800934881716 -0.00039686164658074991 -0.00057932393871670763 -0.00020623696972413589 0.0010399228885541621 -2.2419602418067138e-05 4.1693144505291612e-05 5.5905832023621557e-05 2.6982594576531991e-05
leaf_weight=11440 1261 111 46 135 2943 44 207 10043 251 69 306 42 3155 58 748 68 40 653 577 436 59 1868 707 1178 446 41 151 57079 1212 1178
leaf_count=11440 1261 111 46 135 2943 44 207 10043 251 69 306 42 3155 58 748 68 40 653 577 436 59 1868 707 1178 446 41 151 57079 1212 1178
internal_value=-0.000809513 -0.000246852 -0.00190954 -0.000100722 3.47517e-06 0.00316062 0.00535856 -0.000453782 -1.60577e-05 0.000110166 0.000571846 0.000371414 0.00096358 0.00821428 -0.000549824 0.00533519 0.0113265 -0.00166319 1.48734e-05 0.00173759 0.000656564 -0.00262227 -0.00129425 -0.00296207 -0.00208709 0.000133469 0.00185279 -1.68284e-05 -0.000528229 -0.000612957
internal_weight=96552 85112 6876 78236 60408 386 251 17828 7785 7534 4433 4254 3295 140 3101 179 98 959 2353 564 495 4437 904 3533 1665 487 197 60022 1789 2439
internal_count=96552 85112 6876 78236 60408 386 251 17828 7785 7534 4433 4254 3295 140 3101 179 98 959 2353 564 495 4437 904 3533 1665 487 197 60022 1789 2439
is_linear=0
shrinkage=0.05


Tree=127
num_leaves=31
num_cat=0
split_feature=14 14 4 12 13 0 0 14 8 14 0 8 11 8 0 14 14 12 1 11 14 14 1 11 1 12 0 1 9 0
split_gain=89.0677 8.14927 1.81845 1.03799 1.16656 0.96454 0.824086 2.40834 1.05527 1.55897 1.82529 1.23217 1.5151 1.21009 2.4216 1.61145 1.15392 1.7735 1.49427 1.45201 1.05934 1.17705 1.0467 1.59343 1.07145 1.04575 1.01267 1.58295 0.962147 1.82148
threshold=0.027473859133533174 0.091560473374119808 9.5000000000000018 0.46109249075020248 1.4495235348821598 2.5000000000000004 19.500000000000004 1.2648265340737657 1.5000000000000002 1.0130834839572627 11.500000000000002 2.5000000000000004 1.3497287473936999 1.0000000180025095e-35 14.500000000000002 1.8197179827656431 1.5538181032107765 2.8406717104720709 3.5000000000000004 2.9194546467599451 1.303461280669326 1.2648265340737657 1.5000000000000002 1.4348282008496624 5.5000000000000009 2.6062466583150026 16.500000000000004 3.5000000000000004 8.4333855801208077 21.500000000000004
decision_type=2 2 2 2 2 2 2 2 2 2 2 2 2 2 2 2 2 2 2 2 2 2 2 2 2 2 2 2 2 2
left_child=-1 2 5 4 -3 -2 8 28 9 10 -5 12 -10 14 -11 20 17 18 -15 -20 21 -16 23 -12 -24 -18 -22 -28 -8 -30
right_child=1 3 -4 6 -6 -7 7 -9 11 13 22 -13 -14 16 15 -17 25 -19 19 -21 26 -23 24 -25 -26 -27 27 -29 29 -31
leaf_value=-0.0012568107051869851 7.351776639683111e-05 -0.00018394173903336144 -0.00052220089722841223 -3.2630996027879773e-05 -0.0054865256715079733 -0.00028222963402669215 0.0045455916455417527 0.00046042058892599197 -0.00073062143669944503 -0.0035435558905776866 0.0098147004313308191 9.3727334401140346e-06 0.0066206665340258347 -0.00018057369852347914 0.0067395002022335726 -0.00019976663232486411 -0.0086280313455284249 0.0082267459633701603 -0.0050934746877124952 0.0048154711326533024 0.0022622763233721855 0.011662442644891019 0.0021889854458700176 0.0030599268008458668 0.01394876652627809 -0.0013634826724674438 0.015561993456608978 0.0064448329080047974 0.0057033713017497168 0.018817357440005546
leaf_weight=11449 769 21785 3275 4900 1055 2838 415 10523 683 3006 48 17417 1222 4407 56 4001 1793 162 2983 225 1191 41 819 77 46 1026 50 335 74 66
leaf_count=11449 769 21785 3275 4900 1055 2838 415 10523 683 3006 48 17417 1222 4407 56 4001 1793 162 2983 225 1191 41 819 77 46 1026 50 335 74 66
internal_value=-0.000854741 -0.000298871 -0.00194856 -0.000154071 -0.00043783 -0.00117411 -3.74342e-05 0.000348437 -0.00013352 -0.000346898 0.000365024 0.000144394 0.0013517 -0.000564434 -0.000126729 0.000481141 -0.000922991 -0.000608848 -0.000718977 -0.0015399 0.00178422 0.00685567 0.00232323 0.0066 0.0017052 -0.00178964 0.00147208 0.0037013 0.00355856 0.00714286
internal_weight=96737 85288 6882 78406 22840 3607 55566 11078 44488 25166 5890 19322 1905 19276 8680 5674 10596 7777 7615 3208 1673 97 990 125 865 2819 1576 385 555 140
internal_count=96737 85288 6882 78406 22840 3607 55566 11078 44488 25166 5890 19322 1905 19276 8680 5674 10596 7777 7615 3208 1673 97 990 125 865 2819 1576 385 555 140
is_linear=0
shrinkage=0.05


Tree=128
num_leaves=31
num_cat=0
split_feature=14 14 4 12 0 11 13 14 12 0 1 12 11 10 8 0 14 12 14 14 0 10 14 13 8 3 4 11 13 13
split_gain=89.2911 5.91112 2.81373 1.54446 1.25389 1.18768 1.01544 0.966708 0.859219 0.752864 1.15742 0.72299 0.710224 0.668879 0.655505 0.605942 0.860472 0.559016 1.16708 0.55657 1.38043 0.714051 0.592447 0.559615 0.692707 1.02153 0.569656 0.535154 0.597082 0.500389
threshold=0.027473859133533174 0.21491882147311586 3.5000000000000004 0.25370637152879755 2.5000000000000004 0.14356560726223849 0.19120629927941438 0.069870493580420953 4.1612021925986946 9.5000000000000018 4.5000000000000009 0.46109249075020248 0.05686833674621037 6.5216906299781039 1.5000000000000002 5.5000000000000009 0.065571124312808565 0.15853286013538914 0.10728911571493753 0.14642576161854132 8.5000000000000018 7.3542622043925308 0.11930858671163726 0.084600253606774936 1.0000000180025095e-35 1.0000000180025095e-35 5.5000000000000009 1.6139254119302333 1.4927723905671002 0.052895562704879787
decision_type=2 2 2 2 2 2 2 2 2 2 2 2 2 2 2 2 2 2 2 2 2 2 2 2 2 2 2 2 2 2
left_child=-1 2 11 4 7 -6 9 -4 -3 -5 -11 -2 -9 -10 19 -16 -17 -18 -19 20 23 22 -22 24 29 26 -26 -15 -29 -7
right_child=1 8 3 6 5 14 -8 12 13 10 -12 -13 -14 27 15 16 17 18 -20 -21 21 -23 -24 -25 25 -27 -28 28 -30 -31
leaf_value=-0.001197614468355177 -8.3116130170773928e-06 -0.00014831671109554023 0.00027422155353346755 4.3434871526614946e-05 -0.00053900408918361312 -8.5686837876378203e-05 -0.00091444992076534961 -0.00031902887559337738 0.016912813386449895 0.0026005423341017935 -0.00016095635041167957 0.0017566743295143288 0.000818171291553411 0.013316033852249899 -0.00080088099820497648 0.00037940304046664799 -0.00047827907446552475 0.00023045730671866451 -0.00048327489787696208 -0.0014976708497505343 0.0010044452581437356 -0.00018633964166447117 0.00018913982662626316 -0.00070577184594322877 3.1991044161337001e-05 -0.00030791265059308605 0.00051874058883073424 -0.0038113308214143063 0.0032501045037274705 -0.00051969046926176015
leaf_weight=11423 3683 68198 206 1240 2714 252 516 3507 57 60 51 76 45 75 71 62 251 312 336 234 43 195 82 800 68 77 74 126 1286 754
leaf_count=11423 3683 68198 206 1240 2714 252 516 3507 57 60 51 76 45 75 71 62 251 312 336 234 43 195 82 800 68 77 74 126 1286 754
internal_value=-0.000830668 -0.000275656 -0.00115189 -0.0015272 -0.0017718 -0.00220158 -0.000206214 -0.00104843 -7.82897e-05 0.000514433 0.00445946 4.12332e-05 -0.00124156 0.00108808 -0.00160759 -0.000542637 -0.000213321 -0.00060623 0.000169752 -0.00203374 -0.00180171 0.00125 0.0042 -0.00228395 -0.00161225 0.000936072 0.0034507 0.00088433 0.000665721 -0.002167
internal_weight=96874 85451 15709 11950 10083 6325 1867 3758 69742 1351 111 3759 3552 1544 3611 1032 961 899 648 2579 2345 320 125 2025 1225 219 142 1487 1412 1006
internal_count=96874 85451 15709 11950 10083 6325 1867 3758 69742 1351 111 3759 3552 1544 3611 1032 961 899 648 2579 2345 320 125 2025 1225 219 142 1487 1412 1006
is_linear=0
shrinkage=0.05


Tree=129
num_leaves=31
num_cat=0
split_feature=14 14 4 10 12 13 6 1 2 13 8 14 14 2 3 4 2 11 11 9 12 10 14 10 14 9 13 14 11 10
split_gain=90.7185 6.5358 1.6523 0.925327 0.9229 1.21883 0.80224 1.01853 1.0191 1.4493 0.740054 0.640241 0.780408 0.635006 0.625081 0.728253 0.856297 0.966178 1.22661 0.870345 0.663135 0.713608 0.624667 0.720317 0.614401 1.1797 0.604329 0.552561 0.689296 0.670701
threshold=0.027473859133533174 0.091560473374119808 9.5000000000000018 7.1455246758823021 0.58990850474134804 0.26438069042239559 1.0000000180025095e-35 3.5000000000000004 10.500000000000002 1.4495235348821598 1.0000000180025095e-35 0.15226268694702264 1.0428862247689232 23.500000000000004 1.0000000180025095e-35 9.5000000000000018 28.500000000000004 0.2145647552644607 0.22978388595139612 8.5351844632388687 0.02022941081225382 7.4058628623263116 0.28886469119929453 7.16330001877113 0.32424495138584525 8.3141829512043284 0.51663130976197691 0.36853772872751567 0.5437274715988184 7.7103871642948247
decision_type=2 2 2 2 2 2 2 2 2 2 2 2 2 2 2 2 2 2 2 2 2 2 2 2 2 2 2 2 2 2
left_child=-1 2 3 -2 6 10 7 14 11 -10 -6 -9 -13 -4 -3 -16 17 19 -19 20 21 -17 -8 -24 25 -23 -26 28 -12 -30
right_child=1 4 13 -5 5 -7 22 8 9 -11 27 12 -14 -15 15 16 -18 18 -20 -21 -22 24 23 -25 26 -27 -28 -29 29 -31
leaf_value=-0.0011334147052129086 2.4126600887166653e-05 0.00015752682419730422 -0.00060098537966855187 -0.00019335603098627051 -0.00092399791781735963 -1.4810186380248715e-05 -0.00091637251722622717 -0.0005924354094749046 7.8535584769465048e-05 -0.0058146551539472006 0.0001914351091316834 -0.00034470375757863879 -0.0039101369176970753 -0.00032092007930170212 -0.00066397888698369013 2.5264486524760123e-05 -0.00031080458080541822 0.0053946480268700281 0.0011126774908279632 -0.00078136152108858054 -0.00024870415788697377 0.0018803642452344131 -0.0033306143110492983 0.00015009156493768592 -0.0026172033365875601 0.00083452739506726216 0.0046367523927845133 -0.00052869781470524832 0.002476095754089665 0.0006668163613596503
leaf_weight=11419 985 7427 1833 2632 68 52270 850 1160 4510 397 92 3911 1136 1443 1273 238 2443 50 480 301 587 40 265 725 45 59 73 59 142 54
leaf_count=11419 985 7427 1833 2632 68 52270 850 1160 4510 397 92 3911 1136 1443 1273 238 2443 50 480 301 587 40 265 725 45 59 73 59 142 54
internal_value=-0.000796509 -0.000237762 -0.00171406 -0.00097733 -0.000108386 1.18618e-05 -0.000352331 -0.000275592 -0.000627138 -8.86501e-05 0.00271084 -0.00105284 -0.000809393 -0.00252747 2.45839e-05 -0.000374845 -6.48761e-05 0.000739454 0.00254717 2.60599e-05 0.000710172 0.00214286 -0.0013587 -0.000505052 0.00421659 0.00712121 0.00177966 0.00364553 0.00454861 0.00622449
internal_weight=96967 85548 6893 3617 78655 52685 25970 24130 11114 4907 415 6207 5047 3276 13016 5589 4316 1873 530 1343 1042 455 1840 990 217 99 118 347 288 196
internal_count=96967 85548 6893 3617 78655 52685 25970 24130 11114 4907 415 6207 5047 3276 13016 5589 4316 1873 530 1343 1042 455 1840 990 217 99 118 347 288 196
is_linear=0
shrinkage=0.05


Tree=130
num_leaves=31
num_cat=0
split_feature=14 14 2 6 12 0 13 0 14 8 1 9 13 14 14 8 9 4 12 14 14 0 14 10 2 9 14 7 12 14
split_gain=90.711 5.58772 1.97724 1.81859 0.770752 1.31444 1.05134 0.711444 1.46387 1.17761 0.710776 1.00221 0.871647 1.16794 0.696369 0.641071 0.788862 0.637307 1.14049 0.909249 0.855896 0.790018 1.15177 0.899798 0.771915 0.767041 0.790071 0.722152 0.823127 0.680413
threshold=0.027473859133533174 0.1935711841940839 5.5000000000000009 1.0000000180025095e-35 0.20017889409664549 2.5000000000000004 0.084600253606774936 5.5000000000000009 0.053813276110247325 1.0000000180025095e-35 3.5000000000000004 8.8172221631982968 0.081870316554649922 0.065571124312808565 0.079833095026609027 1.5000000000000002 8.1228533973262191 1.0000000180025095e-35 2.5525349097281964 2.0287922379007273 1.1510957525484971 18.500000000000004 0.65351835533872782 7.5208607374836234 17.500000000000004 8.0983831829183792 1.7979313060407407 1.0000000180025095e-35 3.5351141344718853 0.79185215920177832
decision_type=2 2 2 2 2 2 2 2 2 2 2 2 2 2 2 2 2 2 2 2 2 2 2 2 2 2 2 2 2 2
left_child=-1 2 14 4 5 6 10 -7 -9 -10 11 15 13 -12 -2 -4 -17 18 19 21 -20 -3 24 25 -23 26 -24 -22 -29 -25
right_child=1 17 3 -5 -6 7 -8 8 9 -11 12 -13 -14 -15 -16 16 -18 -19 20 -21 27 22 23 29 -26 -27 -28 28 -30 -31
leaf_value=-0.0010811162544820377 -0.00057093608328215859 -5.2357330627523434e-05 0.00069751587654623968 -0.00083190838296199471 5.3673985705093983e-05 -0.00060662577206284656 -0.00013043520315823427 0.0003854982805359859 -0.00037758092603886275 -3.7145059845367795e-05 0.00051964653111990242 0.00057523161151681521 0.00079886498500441195 -0.00043010372565598125 -0.00040925816647142737 0.00021473701429960162 -0.00020547577436094558 -0.0001986408987738287 0.0113408285169973 -0.0069362636765611637 0.006505698800933395 0.0015350710768024921 -0.0008721346378323078 0.0067179002416756957 0.005709104886062649 -0.0086460993371041649 0.023852232439484474 0.026845048934810115 0.00068550299964466755 0.0054584267881707671
leaf_weight=11516 1253 5935 121 985 2315 459 2137 150 2521 1508 70 58 43 329 2273 186 141 60633 55 747 1202 65 680 42 61 175 121 91 66 911
leaf_count=11516 1253 5935 121 985 2315 459 2137 150 2521 1508 70 58 43 329 2273 186 141 60633 55 747 1202 65 680 42 61 175 121 91 66 911
internal_value=-0.000817201 -0.000255061 -0.0011475 -0.000817837 -0.000616658 -0.000856534 -5.67273e-05 -0.00138853 -0.0011833 -0.00136386 0.00132911 0.00260869 -0.000135748 -0.000864663 -0.00217811 0.00180803 0.000657491 -7.16275e-05 0.000295044 8.18347e-05 0.00161245 0.000237796 0.00108272 0.000780196 0.00571428 -0.000286886 0.000368288 0.00136497 0.00455414 0.00187303
internal_weight=96849 85333 14549 11023 10038 7723 3085 4638 4179 4029 948 506 442 399 3526 448 327 70784 10151 8737 1414 7990 2055 1929 126 976 801 1359 157 953
internal_count=96849 85333 14549 11023 10038 7723 3085 4638 4179 4029 948 506 442 399 3526 448 327 70784 10151 8737 1414 7990 2055 1929 126 976 801 1359 157 953
is_linear=0
shrinkage=0.05


Tree=131
num_leaves=31
num_cat=0
split_feature=14 14 4 0 12 11 1 4 14 12 11 11 8 0 1 8 10 13 12 8 0 14 0 10 14 12 11 12 8 14
split_gain=90.2629 5.76234 1.63935 1.3015 0.856722 0.997619 1.02816 1.79961 0.963396 1.14144 1.20208 0.980372 0.883543 1.45941 0.79293 1.025 1.33157 0.791715 0.772441 0.76686 1.24378 1.48583 1.2554 1.04878 0.998449 1.53149 1.13674 1.01568 0.873745 2.05012
threshold=0.027473859133533174 0.091560473374119808 3.5000000000000004 19.500000000000004 0.011540746903424477 1.0135009932032066 1.5000000000000002 9.5000000000000018 0.64016356270154462 1.0934661344549224 1.8796971021235731 1.5940723076925878 2.5000000000000004 10.500000000000002 3.5000000000000004 1.5000000000000002 8.3775327624076201 0.39389798313252355 1.5763921561138052 1.5000000000000002 9.5000000000000018 1.0934280538995245 17.500000000000004 6.3950671084078259 1.5538181032107765 2.3409067331657796 1.3497287473936999 2.6062466583150026 3.5000000000000004 0.73771259894200913
decision_type=2 2 2 2 2 2 2 2 2 2 2 2 2 2 2 2 2 2 2 2 2 2 2 2 2 2 2 2 2 2
left_child=-1 2 -2 4 -3 6 -6 14 9 -7 11 12 13 -11 15 16 -8 -18 -16 20 -10 -22 -23 -24 25 26 -25 -26 29 -21
right_child=1 3 -4 -5 5 8 7 -9 19 10 -12 -13 -14 -15 18 -17 17 -19 -20 28 21 22 23 24 27 -27 -28 -29 -30 -31
leaf_value=-0.0010251104994477601 -1.5352945458098945e-05 0.00067375308043345658 -0.00032373523175524668 0.00057587252121347869 1.218965493330008e-05 -0.00017481031589800834 0.00043880987274563896 -0.0006315932383666803 -0.004691380195227083 0.0064286784614626894 -0.00017271488767584876 0.0058518156133533054 -0.00041569469985965025 0.00017406104816065457 -0.00031507405818594227 -0.0002594242837303604 0.00046849788533359589 0.013960813471791079 0.010914358214674322 0.0051520033770855048 0.0020377397329932457 -0.001926627353883774 0.015349568096964942 0.014366120832408924 -0.0054159992924446149 0.0071967122862529103 -0.0044446845090980345 0.00057985226092213465 -0.0010481964525640172 0.0008506479890583277
leaf_weight=11416 1654 436 5174 16103 7863 981 2031 10031 470 153 277 171 193 147 5433 1421 48 49 59 171 2412 10685 71 40 768 382 335 3063 4147 10585
leaf_count=11416 1654 436 5174 16103 7863 981 2031 10031 470 153 277 171 193 147 5433 1421 48 49 59 171 2412 10685 71 40 768 382 335 3063 4147 10585
internal_value=-0.000789459 -0.000230983 -0.0016242 -0.000109839 -0.000213227 -0.000228763 -0.000457584 -0.000655937 -5.29241e-05 0.00103538 0.00227949 0.00343373 0.00230223 0.004 -0.000144344 0.00043815 0.00113252 0.00685567 -0.000520759 -0.000116063 -0.000333591 -0.00026639 -0.000447733 0.000237174 0.000143852 0.00180317 -0.000466668 -0.000184026 0.000149969 0.000387689
internal_weight=96769 85353 6828 78525 62422 61986 26935 19072 35051 1922 941 664 493 300 9041 3549 2128 97 5492 33129 18226 17756 15344 4659 4588 757 375 3831 14903 10756
internal_count=96769 85353 6828 78525 62422 61986 26935 19072 35051 1922 941 664 493 300 9041 3549 2128 97 5492 33129 18226 17756 15344 4659 4588 757 375 3831 14903 10756
is_linear=0
shrinkage=0.05


Tree=132
num_leaves=31
num_cat=0
split_feature=14 14 4 12 11 2 12 0 11 12 8 10 14 10 2 11 9 11 2 13 12 0 2 1 1 14 14 12 6 1
split_gain=91.3176 5.46005 2.01549 0.963451 0.806334 0.966658 0.920161 0.772081 0.671365 1.88183 1.37361 0.7981 0.918136 1.08232 0.745466 0.878268 1.03434 1.05713 0.705593 0.739876 1.14907 0.745708 0.731466 0.686122 1.54535 1.07511 1.33196 0.795204 0.79449 0.843238
threshold=0.027473859133533174 0.11502245135679885 9.5000000000000018 0.20596900030616466 0.2793347194160965 14.500000000000002 0.014832145907619042 6.5000000000000009 0.013736085451027684 0.017656385088529385 1.5000000000000002 6.9568225872516161 0.86746141427363688 7.0315933435224993 26.500000000000004 0.016440992560009589 8.5351844632388687 0.016121106078620551 14.500000000000002 0.22117591506872816 0.013162474226473111 1.0000000180025095e-35 2.5000000000000004 3.5000000000000004 5.5000000000000009 0.96754055282421392 0.23707954617091323 0.2941640170233652 1.0000000180025095e-35 1.5000000000000002
decision_type=2 2 2 2 2 2 2 2 2 2 2 2 2 2 2 2 2 2 2 2 2 2 2 2 2 2 2 2 2 2
left_child=-1 2 4 -4 5 6 -2 -5 10 14 11 -3 13 -13 15 16 17 -10 19 20 -15 22 -21 28 25 26 -25 -27 -11 -30
right_child=1 8 3 7 -6 -7 -8 -9 9 23 -12 12 -14 18 -16 -17 -18 -19 -20 21 -22 -23 -24 24 -26 27 -28 -29 29 -31
leaf_value=-0.00096988873474833446 0.00033090238033662791 -0.0019012251363828498 -0.0004484670105655889 -0.00038565293616241126 0.00019046244517393766 3.5199125063412994e-05 -0.0002250214295920902 0.00019276487255017103 0.0018083675903105387 0.00018134806117705684 -0.00074926613294369528 0.0068113243280423343 -0.0072154014891238549 0.0034573890631436482 0.0022973797994915164 0.0001966852284432167 -0.00066417802411730426 0.0028404474788214606 -0.00030760659676132187 -0.00091617043205345454 0.0003686328382301476 -0.00053009917246934644 0.0035338090167035085 -0.00049700309560998573 0.00031737065338816934 -0.0071635952439727292 0.00044119639051600932 -0.0018898649948448833 0.00030355307349079393 -0.0013263671699215651
leaf_weight=11498 171 331 3979 259 254 1428 3215 234 621 35375 1057 50 150 46 137 1691 151 67 745 89 109 373 141 1482 10421 477 4533 12661 1598 3525
leaf_count=11498 171 331 3979 259 254 1428 3215 234 621 35375 1057 50 150 46 137 1691 151 67 745 89 109 373 141 1482 10421 477 4533 12661 1598 3525
internal_value=-0.000777761 -0.000214362 -0.00134172 -0.00211539 -0.000659038 -0.000803906 -0.00126403 -3.04272e-05 -7.25319e-05 -4.18632e-05 -0.000794243 -3.44161e-05 0.00040223 0.000763038 0.00126172 0.00106719 0.00238975 0.00321221 0.000522288 0.0015963 0.00467742 0.000804311 0.00304348 -9.14785e-05 -0.000274567 -0.00054117 1.24676e-05 -0.000794643 4.22231e-05 -0.000539724
internal_weight=96868 85370 9540 4472 5068 4814 3386 493 75830 72739 3091 2034 1703 1553 2667 2530 839 688 1503 758 155 603 230 70072 29574 19153 6015 13138 40498 5123
internal_count=96868 85370 9540 4472 5068 4814 3386 493 75830 72739 3091 2034 1703 1553 2667 2530 839 688 1503 758 155 603 230 70072 29574 19153 6015 13138 40498 5123
is_linear=0
shrinkage=0.05


Tree=133
num_leaves=31
num_cat=0
split_feature=13 13 12 12 4 10 10 6 1 1 2 9 11 6 2 0 0 3 4 10 2 11 12 0 2 7 12 10 8 12
split_gain=87.5258 4.00231 2.50943 1.9882 1.98197 0.91955 0.912861 0.875866 1.24886 0.989173 0.96508 0.781787 0.832561 0.76947 0.984961 0.818483 1.05727 0.738675 1.32325 0.898508 0.732905 0.717875 0.908918 0.717826 0.673158 0.71253 0.6687 0.778898 0.658852 0.647873
threshold=0.032127325037693298 0.13164469831455791 0.19513604225284981 0.089459012174142233 3.5000000000000004 7.4076273569118598 7.3979822511376261 1.0000000180025095e-35 1.5000000000000002 3.5000000000000004 2.5000000000000004 8.3487622017190422 0.15611232472912856 1.0000000180025095e-35 4.5000000000000009 2.5000000000000004 5.5000000000000009 1.0000000180025095e-35 9.5000000000000018 8.9365556447439864 28.500000000000004 0.03887794290427448 0.026184248440403405 10.500000000000002 25.500000000000004 1.0000000180025095e-35 4.3652583259319444 8.1183433968251091 1.0000000180025095e-35 2.2738706688326817
decision_type=2 2 2 2 2 2 2 2 2 2 2 2 2 2 2 2 2 2 2 2 2 2 2 2 2 2 2 2 2 2
left_child=3 2 4 -1 5 6 -2 9 29 17 -11 12 -4 14 -6 21 -17 26 -19 20 -20 -16 -23 -10 -12 -26 -3 -28 -18 -9
right_child=1 7 11 -5 13 -7 -8 8 23 10 24 -13 -14 -15 15 16 28 18 19 -21 -22 22 -24 -25 25 -27 27 -29 -30 -31
leaf_value=-0.00092105220491995189 9.2109069467425961e-05 0.00046906040337028871 -0.00020392130789318992 0.00041488972015212987 -0.0005339817932716504 -0.00014116511868968117 0.00093830391777769079 -3.6470412486248725e-05 -0.0013069388325320881 -0.0012496050326506591 -0.00022188993195584154 -9.4070232536101959e-05 0.00038417435638305841 -0.00084529212507863385 -0.00014062368054602498 -0.00065835485490462484 -0.0003320934577824427 -0.0012025196344899718 0.00062216420208328926 0.0034601284554243205 -0.00037192197550831718 -0.0003208495050668185 0.00067520640324742311 -0.0019609907527631913 0.00078866455597748899 0.0068397247969929284 0.013765018351347967 -0.0066924852018162458 -9.1529196073911377e-05 0.0029250621768572575
leaf_weight=11421 981 21048 273 40 1752 1089 64 1525 1165 3469 26137 776 953 599 1529 321 1725 3478 5271 158 6997 78 59 2519 1803 52 289 42 928 268
leaf_count=11421 981 21048 273 40 1752 1089 64 1525 1165 3469 26137 776 953 599 1529 321 1725 3478 5271 158 6997 78 59 2519 1803 52 289 42 928 268
internal_value=-0.000775187 -0.00022426 -0.00110857 -0.00487785 -0.00146028 -0.000126524 0.000933013 -9.16868e-05 -0.000700202 -4.3205e-05 -0.000249675 0.000494504 0.00128059 -0.0018674 -0.00170682 -0.00132543 -0.00182246 0.000131024 -0.000127013 0.000114275 6.60242e-05 -0.000438176 0.0030292 -0.00122693 -0.000152188 0.000768193 0.000322979 0.00255287 -0.00149454 0.00038204
internal_weight=96809 85348 11127 11461 9125 2134 1045 74221 5477 68744 31461 2002 1226 6991 6392 4640 2974 37283 15904 12426 12268 1666 137 3684 27992 1855 21379 331 2653 1793
internal_count=96809 85348 11127 11461 9125 2134 1045 74221 5477 68744 31461 2002 1226 6991 6392 4640 2974 37283 15904 12426 12268 1666 137 3684 27992 1855 21379 331 2653 1793
is_linear=0
shrinkage=0.05


Tree=134
num_leaves=31
num_cat=0
split_feature=14 14 4 0 14 12 1 9 9 10 11 13 13 2 12 10 2 14 11 14 10 8 12 14 8 8 14 0 13 14
split_gain=89.6983 4.50158 1.48089 0.959497 1.68416 1.68868 1.00931 2.80919 0.883591 1.07432 0.869804 1.59411 1.5302 0.938399 0.871922 0.809799 0.900665 0.942097 0.799418 1.3814 1.01725 0.786031 1.55523 0.930738 0.732682 1.97718 3.02526 2.26956 2.06686 1.98819
threshold=0.027473859133533174 0.091560473374119808 5.5000000000000009 8.5000000000000018 0.13471814537672347 0.15414498897030426 2.5000000000000004 8.1228533973262191 8.9899118750170839 8.3314205508096446 2.9672637880526658 1.5247060705142805 1.2244971556761237 7.5000000000000009 2.1877790537261439 8.2888878778008355 17.500000000000004 1.0561918689278753 0.031903568509714618 0.9367563544942582 6.8595602066316461 1.0000000180025095e-35 0.14561919094659626 0.073887093182827615 1.0000000180025095e-35 1.5000000000000002 0.25236997910659409 1.0000000180025095e-35 0.26438069042239559 0.66942980461417545
decision_type=2 2 2 2 2 2 2 2 2 2 2 2 2 2 2 2 2 2 2 2 2 2 2 2 2 2 2 2 2 2
left_child=-1 2 21 18 5 -5 7 -7 -6 10 14 12 -12 -13 15 -10 17 -17 19 20 -3 -2 -23 -24 -22 26 28 29 -26 -28
right_child=1 3 -4 4 8 6 -8 -9 9 -11 11 13 -14 -15 -16 16 -18 -19 -20 -21 24 22 23 -25 25 -27 27 -29 -30 -31
leaf_value=-0.00087673406421804429 -0.00022923201795116714 -0.00061149341202715486 -0.00030968574700121916 -0.00028089000560560404 -0.00012765245383202637 0.0013136019698692701 0.00044492038216033172 0.00054718914132627827 0.00015184227423026533 0.00012659387982711764 0.007342326988568907 0.015763611249326927 0.012293133426123974 0.0032110314413536512 -0.0022245159388323008 0.0059317543702612462 0.0073579660392176921 0.00017736486797369479 -0.00030806946774595444 -0.0071249499123737974 -0.0002843322614901307 -5.0544825148794489e-05 0.0011675113147576717 0.00016116143650721598 0.0028757311892860615 -0.00012450350331218816 0.0095103020827301786 0.00012582616928381182 -0.0010302703808836426 0.0034850862310142464
leaf_weight=11446 1280 1095 4440 161 53416 48 228 55 554 4453 41 83 49 229 277 147 231 396 8558 367 2089 887 84 211 155 3098 70 1878 47 642
leaf_count=11446 1280 1095 4440 161 53416 48 228 55 554 4453 41 83 49 229 277 147 231 396 8558 367 2089 887 84 211 155 3098 70 1878 47 642
internal_value=-0.000747817 -0.00018993 -0.00141408 -8.21148e-05 1.34165e-05 0.00292683 0.00496979 0.00907767 -1.05229e-05 0.000541794 0.00150224 0.00358209 0.00944444 0.00189102 0.000981307 0.00151355 0.00255814 0.00144567 -0.000402524 -8.52676e-05 3.63665e-05 -0.000430545 0.000499153 0.00364407 0.000232484 0.000517826 0.00148281 0.00102316 0.00737624 0.00342697
internal_weight=96715 85269 6902 78367 60368 492 331 103 59876 6460 2007 402 90 312 1605 1328 774 543 17999 9441 9074 2462 1182 295 7979 5890 2792 2590 202 712
internal_count=96715 85269 6902 78367 60368 492 331 103 59876 6460 2007 402 90 312 1605 1328 774 543 17999 9441 9074 2462 1182 295 7979 5890 2792 2590 202 712
is_linear=0
shrinkage=0.05


Tree=135
num_leaves=31
num_cat=0
split_feature=14 14 4 12 2 0 14 12 7 14 8 0 14 14 0 0 8 14 1 2 1 10 12 12 10 14 14 0 8 2
split_gain=89.5189 4.07353 1.7806 0.938218 2.12676 0.865354 1.22306 1.13837 0.940164 0.977903 0.846267 2.21039 1.79107 0.909244 1.21486 0.835708 1.40878 0.830654 1.08586 1.29231 0.860647 0.824555 0.991134 1.87726 0.890127 0.823772 0.812982 0.788835 0.786576 0.753114
threshold=0.027473859133533174 0.097406725082805526 9.5000000000000018 0.18962242370120233 12.500000000000002 11.500000000000002 1.2848189421591869 0.53672721155741032 1.0000000180025095e-35 2.7609992057429866 1.0000000180025095e-35 14.500000000000002 1.3506517479241213 2.2958000509363887 16.500000000000004 2.5000000000000004 3.5000000000000004 1.8316268875488217 3.5000000000000004 6.5000000000000009 1.5000000000000002 8.2024652738655117 1.039915470202802 1.6093500536482601 8.244914729201275 0.069870493580420953 1.4887791821174821 12.500000000000002 2.5000000000000004 25.500000000000004
decision_type=2 2 2 2 2 2 2 2 2 2 2 2 2 2 2 2 2 2 2 2 2 2 2 2 2 2 2 2 2 2
left_child=-1 2 3 15 -5 -3 -7 28 10 26 11 27 -13 14 -14 16 25 18 19 -16 -21 -19 -23 -24 -25 -2 -10 -9 -8 -4
right_child=1 5 29 4 -6 6 7 8 9 -11 -12 12 13 -15 17 -17 -18 21 -20 20 -22 22 23 24 -26 -27 -28 -29 -30 -31
leaf_value=-0.00083200675497076759 0.00028731983540220126 -0.00016044256533419385 -0.00046362644889038533 -0.00010388713524362864 0.0011849868116343199 0.00071289493341907407 -0.0011676069533748407 -0.018483958668721202 0.015149928676590027 -0.0030941933030191617 -0.00068111122594141334 0.010878207455353931 -0.00025120564419827876 -0.00054356441819106832 -0.0024535571164646195 -0.00020403848709821173 0.00077559777378606457 0.0022592325953342692 0.0051637376971505524 0.0059146127126667378 0.027127289410931895 -0.0098192463713562828 0.026412899794290491 0.0095335485768915547 0.0038968873926094592 -0.00011805644430753675 0.0058255006622407518 -0.003160630981378441 -0.0078497559568262154 -0.00016340466523052406
leaf_weight=11407 142 29520 2483 251 105 12328 1397 129 45 244 22173 75 1990 2726 42 2757 63 2384 700 79 61 40 41 57 154 745 1240 1842 734 1162
leaf_count=11407 142 29520 2483 251 105 12328 1397 129 45 244 22173 75 1990 2726 42 2757 63 2384 700 79 61 40 41 57 154 745 1240 1842 734 1162
internal_value=-0.00074684 -0.000193038 -0.00128957 -0.000569777 0.00188202 -8.46796e-05 4.52743e-05 -0.000101376 -3.11575e-05 0.00118051 -8.8174e-05 0.000285852 0.000641393 0.000571669 0.000939076 -0.000805235 0.000473683 0.00149241 0.00282313 0.00626374 0.00857143 0.00105381 0.00356164 0.00472222 0.0028199 -3.946e-05 0.00173152 -0.00122019 -0.00122243 -0.00209191
internal_weight=97116 85709 7708 4063 356 78001 48481 36153 34022 1529 32493 10320 8349 8274 5548 3707 950 3558 882 182 140 2676 292 252 211 887 1285 1971 2131 3645
internal_count=97116 85709 7708 4063 356 78001 48481 36153 34022 1529 32493 10320 8349 8274 5548 3707 950 3558 882 182 140 2676 292 252 211 887 1285 1971 2131 3645
is_linear=0
shrinkage=0.05


Tree=136
num_leaves=31
num_cat=0
split_feature=14 14 4 2 6 14 14 8 12 14 13 13 12 10 14 14 2 2 13 9 2 10 13 12 10 14 2 14 0 12
split_gain=89.4053 3.53505 1.33182 0.936273 1.06299 0.890197 0.970608 0.844672 1.68924 1.43639 0.939736 0.818527 0.723751 1.5794 1.03314 0.688103 0.663068 0.656384 0.655906 1.13884 0.618228 0.617862 0.593879 0.779751 0.569688 0.559203 0.89803 0.553795 0.552619 0.739477
threshold=0.027473859133533174 0.091560473374119808 9.5000000000000018 4.5000000000000009 1.0000000180025095e-35 0.27902878525081015 0.2989680364959823 1.0000000180025095e-35 0.17142763520873339 0.053813276110247325 0.064186623883692964 0.089893813027290118 0.027951857891066644 7.2198555220619971 0.07579886385575714 0.15226268694702264 18.500000000000004 25.500000000000004 0.069094771518869988 7.6153897707972575 11.500000000000002 7.3903164390418681 0.081870316554649922 0.19513604225284981 8.9497017820357705 0.071981322272154119 15.500000000000002 0.067858485438324859 19.500000000000004 1.5423343093898365
decision_type=2 2 2 2 2 2 2 2 2 2 2 2 2 2 2 2 2 2 2 2 2 2 2 2 2 2 2 2 2 2
left_child=-1 2 7 15 24 -6 -7 9 18 20 -10 21 13 -11 16 22 -14 -4 19 27 -2 -12 23 -3 28 26 -20 -9 -5 -30
right_child=1 3 17 4 5 6 -8 8 10 12 11 -13 14 -15 -16 -17 -18 -19 25 -21 -22 -23 -24 -25 -26 -27 -28 -29 29 -31
leaf_value=-0.00079404050080573269 2.2981687837842198e-05 -0.00054118062899048442 -0.00041492684773103351 -1.0733050357267546e-05 -0.00079157280086991025 0.0013526010531289181 -0.00075935578377089538 0.00071824270195097923 -7.3798529837146081e-05 0.00084222923181304825 0.00084184302126352143 -1.2967386465781152e-05 -0.000263197740306011 -0.00016474476659547504 -0.0008360544856956955 -0.00049779809504920368 0.00026235641337899731 -0.00017899561857306212 0.00056448599377283105 -0.0002135048264614561 0.0005334711881636949 0.00057631776040016104 -0.00052280939892543441 0.00072395242675316789 -0.0012837545280116255 9.487995798473581e-06 -0.00016999453484083929 -0.00021409168573875129 0.00019809487799600769 0.0039965221744524835
leaf_weight=11457 62 61 2192 45487 847 53 4738 54 61 45 47 44 1059 127 460 13977 106 1048 61 715 54 62 866 41 598 521 57 52 8765 3056
leaf_count=11457 62 61 2192 45487 847 53 4738 54 61 45 47 44 1059 127 460 13977 106 1048 61 715 54 62 866 41 598 521 57 52 8765 3056
internal_value=-0.000752432 -0.00019551 -0.0012868 -0.000100589 -1.68399e-05 -0.000672225 -0.000408058 -0.000623085 0.000197131 -0.00134083 0.00434579 0.00643791 -0.00168893 0.00139535 -0.00201539 -0.000456676 -0.00122318 -0.00202161 -0.00041096 -0.00134592 0.00405172 0.00876147 -0.00174587 0.00186274 4.69715e-05 0.000790296 0.0038983 0.00349056 6.29918e-05 0.000367565
internal_weight=96773 85316 6827 78489 63544 5638 4791 3587 1674 1913 214 153 1797 172 1625 14945 1165 3240 1460 821 116 109 968 102 57906 639 118 106 57308 11821
internal_count=96773 85316 6827 78489 63544 5638 4791 3587 1674 1913 214 153 1797 172 1625 14945 1165 3240 1460 821 116 109 968 102 57906 639 118 106 57308 11821
is_linear=0
shrinkage=0.05


Tree=137
num_leaves=31
num_cat=0
split_feature=14 14 4 8 12 12 14 0 11 4 14 13 1 2 1 8 1 1 11 11 13 14 10 2 10 6 12 10 2 12
split_gain=87.1089 3.42347 1.56925 1.02239 1.953 0.954174 1.35968 0.941115 0.900968 0.771227 0.770554 0.744437 0.868945 0.746062 0.740991 1.10769 0.691538 0.820323 0.679573 0.638597 0.603695 0.9553 0.700361 0.596052 0.889546 0.669459 0.833388 0.843788 0.651206 0.63233
threshold=0.027473859133533174 0.091560473374119808 1.0000000180025095e-35 1.0000000180025095e-35 0.13734462831246702 0.03057491011296894 0.071981322272154119 6.5000000000000009 0.0082972199255493522 9.5000000000000018 0.047163662417578141 0.044898928177376569 4.5000000000000009 8.5000000000000018 1.5000000000000002 2.5000000000000004 5.5000000000000009 2.5000000000000004 0.16832285013800702 0.79220143938460519 0.069094771518869988 0.081845263849881819 6.8406913489029089 5.5000000000000009 8.9497017820357705 1.0000000180025095e-35 0.53672721155741032 7.1598182381200806 3.5000000000000004 0.012053298097908274
decision_type=2 2 2 2 2 2 2 2 2 2 2 2 2 2 2 2 2 2 2 2 2 2 2 2 2 2 2 2 2 2
left_child=-1 2 10 5 8 -4 11 14 -5 20 -2 12 13 -7 15 -6 17 -13 -12 23 22 -22 -10 24 -3 29 -27 -28 -26 -25
right_child=1 19 3 4 7 6 -8 -9 9 -11 18 16 -14 -15 -16 -17 -18 -19 -20 -21 21 -23 -24 25 28 26 27 -29 -30 -31
leaf_value=-0.00075089880694920522 0.00043656030103888144 -0.00045973666142196541 8.1052817375890424e-05 0.00052675846902207628 0.00086783339044179471 -2.3373946352025937e-05 -0.00071834268793041561 0.00086002390332050836 0.00018049328113295309 -0.00050545361464420803 -1.492847645706349e-05 -0.0001935827326039951 -0.00018278988140374883 0.00077727678372279893 -2.3603492963093846e-05 4.3766182107207398e-06 7.4898091414844864e-05 -0.00057320358105149337 0.00041199686292225717 -2.4717086573929802e-05 0.00035606723724016659 -0.0004467802569785009 -0.00038265039640140308 0.00063919933280320482 0.0021280436060617989 -0.00073458677866230409 -0.003774117219267582 0.0021299773340354464 -0.0007006966489443477 -6.9557354576208955e-05
leaf_weight=11499 65 7847 290 59 77 77 1192 62 52 999 910 558 90 64 540 122 177 713 71 46792 173 141 490 400 44 1766 63 194 41 21413
leaf_count=11499 65 7847 290 59 77 77 1192 62 52 999 910 558 90 64 540 122 177 713 71 46792 173 141 490 400 44 1766 63 194 41 21413
internal_value=-0.000770822 -0.000221217 -0.0012872 -0.00160483 -0.000893187 -0.00221607 -0.00249216 0.00117977 -0.00176071 -0.00195418 0.000497131 -0.00157534 0.0010606 0.00351064 0.000683355 0.00329146 -0.00199586 -0.00240362 0.000147807 -0.000127292 -0.000852805 0.000891719 -0.00186347 -0.000300303 -0.000675745 -0.000175366 -0.00104548 0.00161478 0.00441176 -9.46695e-05
internal_weight=96981 85482 6922 5876 2715 3161 2871 801 1914 1855 1046 1679 231 141 739 199 1448 1271 981 78560 856 314 542 31768 7932 23836 2023 257 85 21813
internal_count=96981 85482 6922 5876 2715 3161 2871 801 1914 1855 1046 1679 231 141 739 199 1448 1271 981 78560 856 314 542 31768 7932 23836 2023 257 85 21813
is_linear=0
shrinkage=0.05


Tree=138
num_leaves=31
num_cat=0
split_feature=14 14 4 4 0 14 11 14 12 11 14 12 8 14 1 11 10 0 10 11 12 9 0 12 0 8 9 1 12 1
split_gain=87.3715 3.84204 1.12017 0.856226 0.964737 0.786565 1.00817 0.744003 1.41705 0.993223 0.870162 1.94602 0.728896 1.80262 2.00413 2.38817 1.82699 1.37136 1.32212 0.967918 0.926934 0.928655 0.911255 0.729296 1.04797 1.22906 0.940129 0.897439 0.794452 1.40208
threshold=0.027473859133533174 0.091560473374119808 1.0000000180025095e-35 1.0000000180025095e-35 11.500000000000002 0.060904787669005034 0.05686833674621037 1.3323664022418613 0.34771450359961475 0.12661141321606034 0.40455183758037494 0.33449836375219416 1.5000000000000002 0.99722161406906573 2.5000000000000004 1.0299904282167851 6.6654048684478697 17.500000000000004 7.4817256062530708 3.6627829982867177 0.18962242370120233 8.9263016328953686 12.500000000000002 2.5525349097281964 14.500000000000002 1.0000000180025095e-35 8.9918292710276848 1.0000000180025095e-35 1.694458609628106 5.5000000000000009
decision_type=2 2 2 2 2 2 2 2 2 2 2 2 2 2 2 2 2 2 2 2 2 2 2 2 2 2 2 2 2 2
left_child=-1 2 5 -3 -5 6 -2 9 -9 -6 11 -11 13 14 15 -12 -16 23 -17 22 -19 -22 -14 24 26 -26 -15 -27 -29 -30
right_child=1 3 -4 4 7 -7 -8 8 -10 10 12 -13 19 17 16 18 -18 20 -20 -21 21 -23 -24 -25 25 27 -28 28 29 -31
leaf_value=-0.00071974881943266894 -0.00015907899104616272 0.00041758137877583799 -0.00023722599284412666 -0.00019265832835453793 -0.0017496511506074931 -5.4197548140714204e-05 0.00025856101141526178 -0.0087664336966518618 -0.00023759652459852377 0.00023312978827639579 0.017305994592980236 0.0036034626994978455 0.0026358077900986831 0.0013632299342153048 0.01929331371948485 -0.0032333036804296535 0.001220820425733637 -0.0048060798030792476 0.008475794752026141 0.0078952723805722456 0.0059772616469039698 -0.0065572232981842716 -0.0005235242762476743 -0.0029523959758032117 0.0097452520051269781 0.00453641787103886 0.0074916327363612912 -0.0044044390210664025 -0.0011211164703917029 0.026582072802690183
leaf_weight=11347 57 11186 5862 25884 596 780 199 564 29143 277 40 63 299 1632 41 52 654 110 41 57 799 90 4608 476 89 219 185 1225 229 52
leaf_count=11347 57 11186 5862 25884 596 780 199 564 29143 277 40 63 299 1632 41 52 654 110 41 57 799 90 4608 476 89 219 185 1225 229 52
internal_value=-0.000718903 -0.000171854 -0.00130328 -7.25737e-05 -0.000139786 0.000212354 0.00261719 9.50749e-06 -0.000124046 0.000344768 0.000450257 0.00294118 0.000372544 0.000746544 0.00291063 0.00853383 0.00183453 0.000395612 0.00413978 -7.45379e-05 0.00205706 0.0025928 -0.000149787 -8.52323e-06 0.000232717 -0.000617421 0.00108145 -0.000913045 -0.00134794 0.00104982
internal_weight=96856 85509 6898 78611 67425 1036 256 41541 29707 11834 11238 340 10898 5934 828 133 695 5106 93 4964 999 889 4907 4107 3631 1814 1817 1725 1506 281
internal_count=96856 85509 6898 78611 67425 1036 256 41541 29707 11834 11238 340 10898 5934 828 133 695 5106 93 4964 999 889 4907 4107 3631 1814 1817 1725 1506 281
is_linear=0
shrinkage=0.05


Tree=139
num_leaves=31
num_cat=0
split_feature=13 13 12 6 2 0 12 8 1 13 6 1 12 11 2 13 12 9 11 11 13 11 12 11 8 0 2 13 13 13
split_gain=83.69 2.64372 1.83001 1.37884 1.09857 0.92925 1.0704 0.945829 1.38671 0.842945 0.806019 1.16793 0.88659 0.797193 0.72704 0.721949 0.721086 0.695869 0.65796 0.649198 0.620184 0.710654 0.598929 0.563868 0.56246 0.730705 0.722408 0.579506 0.559149 0.510141
threshold=0.032127325037693298 0.10235859600511218 0.048391918360802984 1.0000000180025095e-35 4.5000000000000009 2.5000000000000004 0.11695012343445631 1.5000000000000002 3.5000000000000004 0.049167290738655396 1.0000000180025095e-35 1.5000000000000002 2.2738706688326817 0.027715354007347662 4.5000000000000009 1.0185482944130884 1.8597649084503747 7.6153897707972575 2.7050664919739842 0.082026226804671212 2.3636632358156966 1.399922176487203 0.25370637152879755 0.019595646389531509 1.0000000180025095e-35 8.5000000000000018 10.500000000000002 0.061703856849321469 0.06679649413127188 0.15823962081731302
decision_type=2 2 2 2 2 2 2 2 2 2 2 2 2 2 2 2 2 2 2 2 2 2 2 2 2 2 2 2 2 2
left_child=2 3 -1 4 22 7 17 8 13 -8 14 12 16 23 29 -13 20 -7 -14 -11 21 -12 -2 -6 25 27 -27 -21 -10 -3
right_child=1 10 -4 -5 5 6 9 -9 28 19 11 15 18 -15 -16 -17 -18 -19 -20 24 -22 -23 -24 -25 -26 26 -28 -29 -30 -31
leaf_value=-0.00068421651152803659 -0.00037007563744001297 -0.00037801569159586238 0.00015403693878547373 -0.00079100880159448301 0.00055242018847910426 0.00013764101200145111 0.00019291277270379152 -4.7446333081381195e-05 0.00027469185283412876 -0.00062782907647998868 5.6909189005220166e-05 -0.0010303505030183171 0.0046712918904074467 0.00090572568001079943 2.4451573371398422e-05 -0.0019439858068652661 -0.0070026516824559203 -0.00040885575482017556 -0.0038150220740646918 -1.9897924808962947e-05 -0.010034755717769678 0.0063301053598079976 0.0005131056563663078 -0.00032261201719835288 2.2155553877494583e-05 -0.00031766279418401458 0.00094116427625613665 -0.00042845810947190013 -0.00027871156967110614 -0.00042341148905930223
leaf_weight=11382 1609 855 100 459 138 110 363 1139 43 285 1136 1288 201 94 56633 2592 234 885 67 419 84 153 65 57 1417 78 69 1033 171 13686
leaf_count=11382 1609 855 100 459 138 110 363 1139 43 285 1136 1288 201 94 56633 2592 234 885 67 419 84 153 65 57 1417 78 69 1033 171 13686
internal_value=-0.000726678 -0.000187612 -0.00473437 -0.00102798 -0.000874609 -0.000572133 -0.000932605 0.000450669 0.00225646 -0.000537665 -9.54788e-05 -0.000664641 0.000359999 0.00451557 -4.94575e-05 -0.0011598 -8.40087e-05 -0.00238694 0.00302239 -0.000789156 0.00035324 0.000624514 -0.00201314 0.00269231 -0.000573609 -0.00121639 0.00214286 -0.00155648 -0.000794394 -0.000364832
internal_weight=96845 85363 11482 8434 7975 6301 4659 1642 503 3664 76929 5755 1875 289 71174 3880 1607 995 268 3301 1373 1289 1674 195 3016 1599 147 1452 214 14541
internal_count=96845 85363 11482 8434 7975 6301 4659 1642 503 3664 76929 5755 1875 289 71174 3880 1607 995 268 3301 1373 1289 1674 195 3016 1599 147 1452 214 14541
is_linear=0
shrinkage=0.05


Tree=140
num_leaves=31
num_cat=0
split_feature=14 14 4 13 8 14 8 9 9 6 1 2 10 12 13 12 9 12 10 1 13 1 13 13 14 14 14 12 0 13
split_gain=86.6074 3.16312 1.493 0.885059 0.774313 1.33332 1.12347 0.937012 0.773177 0.75979 0.860716 1.2173 0.861867 0.897954 1.08242 1.39959 0.985051 1.97486 1.47512 0.836849 0.781844 0.766332 0.829321 0.758858 0.747207 0.730289 0.726012 1.1499 0.800755 0.711535
threshold=0.027473859133533174 0.084109403795395443 9.5000000000000018 0.064186623883692964 1.0000000180025095e-35 0.067858485438324859 1.5000000000000002 8.2737830991807133 7.6330002734839537 1.0000000180025095e-35 3.5000000000000004 10.500000000000002 7.1337521003052204 2.5031710056371956 0.17065110039629119 0.28214596688078336 7.8035243568208967 3.084457104000434 6.9568225872516161 4.5000000000000009 2.782590827938173 1.5000000000000002 2.3081449899550406 0.069094771518869988 1.8774612757519582 0.053813276110247325 0.91978011693624928 0.24533744914098818 11.500000000000002 0.095864467011453444
decision_type=2 2 2 2 2 2 2 2 2 2 2 2 2 2 2 2 2 2 2 2 2 2 2 2 2 2 2 2 2 2
left_child=-1 2 4 -3 5 25 7 -6 -8 10 -5 -12 13 14 15 19 18 -18 20 -13 -15 22 -11 -10 -23 -2 28 -28 -14 -25
right_child=1 3 -4 9 6 -7 8 -9 23 21 11 12 26 16 -16 -17 17 -19 -20 -21 -22 24 -24 29 -26 -27 27 -29 -30 -31
leaf_value=-0.00064111254890699375 0.00024415419558797058 -0.00050558465376834816 -0.00032135898867562991 0.00014539776853033162 7.1229216749519271e-05 -0.00040602042159849363 0.00017948538869297452 0.0010442387495574182 -0.00025057254868243614 0.00032841336944722287 -0.0005329070670229897 0.00069610704637984404 2.8092506762905641e-05 0.012721816420790927 0.00036209906247838656 0.0016268373606609125 0.018647324435929064 0.0015422610500591609 -0.010361465010203774 4.5213009926453867e-05 -0.014550168929013792 -0.0010565044980806128 -0.0068916159607444547 0.00026814135750631828 0.00035802903071295475 -5.5910537598449967e-05 -0.0062085857552802637 -0.00075185035355614539 0.0017954444576778533 -0.00079840988916916238
leaf_weight=11414 111 267 2746 40083 78 882 193 69 647 1711 18599 57 3361 264 3068 46 49 71 95 219 55 2774 178 265 1078 710 210 6688 761 52
leaf_count=11414 111 267 2746 40083 78 882 193 69 647 1711 18599 57 3361 264 3068 46 49 71 95 219 55 2774 178 265 1078 710 210 6688 761 52
internal_value=-0.000694777 -0.000147975 -0.0012802 -6.6179e-05 -0.000510477 -0.00121257 0.000406441 0.00452381 -0.000116682 -5.65108e-05 -1.33117e-05 -0.000200192 0.000135839 0.00077217 0.000471975 0.00322981 0.0026779 0.00666667 0.00152174 0.00188406 0.00315047 -0.000610522 0.000214398 -0.000695022 -0.00101506 0.000237514 -9.07453e-05 -0.000404466 0.000434254 0.00130915
internal_weight=96801 85387 5753 79634 3007 1703 1304 147 1157 79367 73626 33543 14944 3924 3390 322 534 120 414 276 319 5741 1889 964 3852 821 11020 6898 4122 317
internal_count=96801 85387 5753 79634 3007 1703 1304 147 1157 79367 73626 33543 14944 3924 3390 322 534 120 414 276 319 5741 1889 964 3852 821 11020 6898 4122 317
is_linear=0
shrinkage=0.05


Tree=141
num_leaves=31
num_cat=0
split_feature=14 14 4 4 11 12 12 14 4 12 12 11 6 9 9 11 1 2 2 2 1 14 0 10 13 2 9 9 9 13
split_gain=83.7634 2.72089 1.38647 1.04364 2.08858 0.735397 0.710498 0.766642 0.674831 0.626106 1.35088 0.611798 0.698988 0.759691 0.961705 0.625541 0.593971 0.748719 0.986399 0.794086 1.15382 1.03587 0.821575 0.79171 0.67589 0.628657 0.69542 0.687739 0.668724 0.617639
threshold=0.027473859133533174 0.097406725082805526 1.5000000000000002 1.0000000180025095e-35 0.028654021313596716 0.022265249142163917 0.18962242370120233 0.047163662417578141 1.0000000180025095e-35 0.019271711222591036 0.015799782171512018 0.2002750255002253 1.0000000180025095e-35 7.8156651439797651 7.7620243016729598 0.27023824020987602 3.5000000000000004 3.5000000000000004 5.5000000000000009 13.500000000000002 1.5000000000000002 0.11125199692356876 9.5000000000000018 6.9170865212104582 0.073971540892368334 10.500000000000002 8.3614891754861134 8.3487622017190422 8.4166750877354826 1.8739681583590952
decision_type=2 2 2 2 2 2 2 2 2 2 2 2 2 2 2 2 2 2 2 2 2 2 2 2 2 2 2 2 2 2
left_child=3 2 6 4 5 -1 7 -2 -3 10 -9 -4 13 14 15 -13 17 23 -19 21 29 -20 24 -10 -22 -18 27 -27 -28 -21
right_child=1 8 11 -5 -6 -7 -8 9 16 -11 -12 12 -14 -15 -16 -17 25 18 19 20 22 -23 -24 -25 -26 26 28 -29 -30 -31
leaf_value=-0.00040659511062811213 0.00032728700729458762 0.0003548358104300807 -0.00025195676663764839 -0.00068255794548087315 0.0001128441273494582 -6.2555149923333717e-05 0.00057613807959048852 -0.00010201794418667329 0.0025429764420728061 -0.00015415912147272236 0.00085232156969249648 -0.00012015369381983869 -0.00076783249388885958 -7.9641311197535249e-05 0.00062762206901480059 0.00024488932476492787 -0.00050306633289413287 -0.0007863172525993745 0.00031350438816916032 0.00025846461181242269 0.00034095799156935421 0.00040728537188958793 -0.00058822826797094404 0.00035582499351198424 -0.00076728873082481872 0.0002580134774940214 -0.0022334054204221766 0.00164151192008599 -0.00025958620394989903 -0.0011705924448753137
leaf_weight=1241 68 11057 4926 9826 71 279 80 126 560 936 87 154 180 925 42 77 18319 3713 290 8263 48 12800 5348 3156 2104 5413 380 237 3048 2875
leaf_count=1241 68 11057 4926 9826 71 279 80 126 560 936 87 154 180 925 42 77 18319 3713 290 8263 48 12800 5348 3156 2104 5413 380 237 3048 2875
internal_value=-0.000689184 -0.000150332 -0.00105315 -0.00471096 -0.00352294 -0.00391447 0.000435619 0.000135578 -6.19125e-05 -0.000169714 0.00227699 -0.00135946 -0.000428158 8.34605e-06 0.00232601 0.0010606 -0.000122007 2.9357e-06 -6.78605e-05 2.23765e-05 -0.000187253 0.000320854 -0.000666668 0.000678147 -0.00149164 -0.000300582 3.96551e-05 0.00038053 -0.000522172 0.000135571
internal_weight=96629 85212 7601 11417 1591 1520 1297 1217 77611 1149 213 6304 1378 1198 273 231 66554 39157 35441 31728 18638 13090 7500 3716 2152 27397 9078 5650 3428 11138
internal_count=96629 85212 7601 11417 1591 1520 1297 1217 77611 1149 213 6304 1378 1198 273 231 66554 39157 35441 31728 18638 13090 7500 3716 2152 27397 9078 5650 3428 11138
is_linear=0
shrinkage=0.05


Tree=142
num_leaves=31
num_cat=0
split_feature=14 14 4 12 4 11 8 14 12 11 12 8 14 12 12 12 9 8 2 10 14 9 12 8 14 11 1 2 2 2
split_gain=85.179 2.13799 0.875978 1.09831 0.790919 2.20264 0.636845 0.61962 0.607746 0.577921 0.664302 0.561289 1.35164 0.989279 0.873741 0.790652 0.697931 0.666675 0.63394 0.574471 1.22713 0.593673 0.553568 1.6303 0.762915 0.722885 0.505992 1.33801 0.699629 0.894697
threshold=0.027473859133533174 0.097406725082805526 9.5000000000000018 0.19513604225284981 1.0000000180025095e-35 0.028654021313596716 2.5000000000000004 0.067858485438324859 0.02022941081225382 0.013149438319505592 0.023001842673130119 1.0000000180025095e-35 0.067858485438324859 0.089459012174142233 0.017656385088529385 0.13734462831246702 8.3614891754861134 1.5000000000000002 6.5000000000000009 7.2903283384224205 0.069870493580420953 7.5975478300871142 0.022644289869261477 3.5000000000000004 0.073887093182827615 0.013149438319505592 3.5000000000000004 10.500000000000002 28.500000000000004 27.500000000000004
decision_type=2 2 2 2 2 2 2 2 2 2 2 2 2 2 2 2 2 2 2 2 2 2 2 2 2 2 2 2 2 2
left_child=4 2 11 9 5 8 7 -5 -1 10 -4 12 -2 14 -14 17 -16 -13 -17 20 -20 -22 23 24 25 -19 28 -28 29 -3
right_child=1 26 3 6 -6 -7 -8 -9 -10 -11 -12 15 13 -15 16 18 -18 22 19 -21 21 -23 -24 -25 -26 -27 27 -29 -30 -31
leaf_value=-0.00045003725403438763 6.8941688127289609e-05 0.00013010232294328528 -9.6041007625758637e-05 0.00022291751594649594 -0.00065014818909505875 0.00016805424572256431 0.00077199181591306061 -0.00018574922352045743 -0.00012796295216092914 -0.00033295320137870829 0.00091077744735677368 0.00037428842508104037 -0.0002545955781657325 -0.00048137862590244161 0.0010139190240232791 0.00025859547309327975 -0.00014957927154322318 -0.00015349847965499906 0.00061505541941169937 -1.9309156114273639e-05 -0.00019211258031720397 0.00040708957206366382 -0.00029307435311972329 0.00070575149602120795 -0.00024604629009664607 0.00041865676272682544 -0.00050873315342048837 0.00017537782018734106 -0.00037130348861871593 0.0013290927983597709
leaf_weight=1116 821 35460 286 70 9805 70 67 263 438 2857 40 56 99 991 99 103 64 51 51 345 86 99 650 67 358 134 18397 14629 7451 1849
leaf_count=1116 821 35460 286 70 9805 70 67 263 438 2857 40 56 99 991 99 103 64 51 51 345 86 99 650 67 358 134 18397 14629 7451 1849
internal_value=-0.000644253 -0.000101999 -0.000899178 -0.00146944 -0.00469814 -0.00367611 0.000999999 0.000105104 -0.00406693 -0.00177977 0.000214723 -0.000397645 -0.000973965 -0.00200718 0.00072519 0.000199999 0.00297546 -0.000516719 0.00157895 0.000938037 0.00283898 0.000945945 -0.000753969 0.000327868 -0.000580112 0.00202703 -2.35273e-05 -0.000171987 8.60131e-05 0.000174354
internal_weight=96872 85443 7657 3583 11429 1624 400 333 1554 3183 326 4074 2074 1253 262 2000 163 1316 684 581 236 185 1260 610 543 185 77786 33026 44760 37309
internal_count=96872 85443 7657 3583 11429 1624 400 333 1554 3183 326 4074 2074 1253 262 2000 163 1316 684 581 236 185 1260 610 543 185 77786 33026 44760 37309
is_linear=0
shrinkage=0.05


Tree=143
num_leaves=31
num_cat=0
split_feature=14 14 6 2 4 12 11 10 14 14 13 9 2 12 11 8 9 13 12 14 8 12 13 11 10 13 13 9 2 10
split_gain=81.3909 2.70088 1.18511 0.978978 0.733145 0.925573 0.653141 0.702901 0.705869 0.68708 0.742346 0.954598 0.679039 0.799567 0.638683 0.895237 1.24831 0.611029 0.742556 0.649629 0.605686 0.786184 1.46921 0.727273 0.598042 0.604434 0.597561 0.579881 0.608761 0.554689
threshold=0.027473859133533174 0.11502245135679885 1.0000000180025095e-35 4.5000000000000009 1.0000000180025095e-35 0.022265249142163917 0.79220143938460519 7.5208607374836234 2.6779668097023817 1.6196293705256368 1.535637331458642 7.8156651439797651 9.5000000000000018 0.010856347883850983 0.27023824020987602 1.5000000000000002 7.7672331243730399 1.4607486854716625 0.41821408167091356 1.2236211263607217 1.0000000180025095e-35 1.7269930721847415 1.7364893904591325 2.065805809405481 7.0131374222190805 1.6266525688637221 0.079077928681721546 7.6006524191134508 9.5000000000000018 7.0874860774063952
decision_type=2 2 2 2 2 2 2 2 2 2 2 2 2 2 2 2 2 2 2 2 2 2 2 2 2 2 2 2 2 2
left_child=4 2 3 -2 5 -1 12 9 -9 -8 27 20 -3 -14 -5 16 26 -15 -19 -20 21 22 -12 -24 25 -23 -16 28 -11 -17
right_child=1 6 -4 14 -6 -7 7 8 -10 10 11 -13 13 17 15 29 -18 18 19 -21 -22 24 23 -25 -26 -27 -28 -29 -30 -31
leaf_value=-0.00038324851221819395 -0.00030868151498414088 -0.00039318571308774439 -0.00062585920554600132 -9.6311334933635683e-05 -0.00061765536754012718 -5.6441939785696268e-05 0.00081421218370465059 -0.00021415678543327621 -0.0063237947971405417 -0.0042292828254105177 0.02010616306272376 0.0020578232941838759 0.001648739309638295 4.961243549037485e-06 0.00038858148389902001 -0.00015116702306345239 -0.00014085062715662222 -0.0055250588859542642 0.0031584070669804739 -0.0010529248018026961 -0.0022839934896335219 -0.012443682281516343 -0.0024773452846136462 0.012822384206102043 -0.010703365696059468 0.0041331786989274207 6.4709839445355492e-05 -0.0045680858921679918 0.007401086839631481 0.00065297123279977048
leaf_weight=1328 1848 12096 627 6412 9838 325 11624 22415 667 332 57 5600 123 14388 41 40 379 565 55 1686 3060 46 198 66 282 684 41 1647 315 139
leaf_count=1328 1848 12096 627 6412 9838 325 11624 22415 667 332 57 5600 123 14388 41 40 379 565 55 1686 3060 46 198 66 282 684 41 1647 315 139
internal_value=-0.000722939 -0.000191555 -0.000985096 -0.00083708 -0.00467366 -0.00369934 -9.1957e-05 2.30874e-05 -0.00017373 0.000213081 -4.76125e-05 0.000138596 -0.000278941 -7.34388e-05 -0.000568634 0.000937499 -0.000227767 -0.000103032 -0.000858631 -0.000347503 -0.000413158 0.000476368 0.0026324 0.0010606 -0.000207511 0.000547944 0.00536585 -0.000858763 0.000409581 0.00393855
internal_weight=96924 85433 9527 8900 11491 1653 75906 46993 23082 23911 12287 9993 28913 16817 7052 640 461 16694 2306 1741 4393 1333 321 264 1012 730 82 2294 647 179
internal_count=96924 85433 9527 8900 11491 1653 75906 46993 23082 23911 12287 9993 28913 16817 7052 640 461 16694 2306 1741 4393 1333 321 264 1012 730 82 2294 647 179
is_linear=0
shrinkage=0.05


Tree=144
num_leaves=31
num_cat=0
split_feature=14 14 0 4 4 12 12 12 11 10 2 0 8 14 10 11 14 11 14 12 9 11 14 8 14 12 10 14 0 14
split_gain=81.371 2.16463 2.59563 1.30259 0.946486 1.63094 0.751439 0.780581 0.727919 0.727496 0.695765 0.560762 0.947771 0.989287 0.779306 0.688131 0.63213 0.618266 0.56266 0.638502 0.568206 0.508761 0.664571 0.610451 0.903212 0.566104 0.486111 0.518718 0.480677 0.490991
threshold=0.027473859133533174 0.11930858671163726 8.5000000000000018 9.5000000000000018 1.0000000180025095e-35 0.022265249142163917 0.14561919094659626 0.16712540254139388 0.028654021313596716 7.5120029374267663 25.500000000000004 2.5000000000000004 3.5000000000000004 0.10728911571493753 7.549636569109798 0.028654021313596716 0.10401388126354093 0.2793347194160965 0.081845263849881819 0.016174109248933727 8.7444415897064776 0.05686833674621037 0.053813276110247325 1.0000000180025095e-35 0.071981322272154119 0.11695012343445631 7.1378081312027488 0.091560473374119808 5.5000000000000009 0.10072908347879654
decision_type=2 2 2 2 2 2 2 2 2 2 2 2 2 2 2 2 2 2 2 2 2 2 2 2 2 2 2 2 2 2
left_child=4 2 3 11 5 -1 -4 -8 -7 -9 -5 12 15 14 -14 18 26 21 19 -2 -21 -13 -23 24 25 -24 -17 -28 -25 -30
right_child=1 -3 6 10 -6 8 7 9 -10 -11 -12 17 13 -15 -16 16 -18 -19 -20 20 -22 22 23 28 -26 -27 27 -29 29 -31
leaf_value=-0.00036350949701357931 -0.00010207111968687894 -7.4850109232981618e-05 -0.00023893631294225179 -0.00033422400185362477 -0.00058890455482996063 -5.3619842528403533e-05 0.00086106406733247221 0.0013052811435438321 0.00014510159807688204 -3.4481929281102058e-05 -8.2746889576900759e-05 -0.00096848157885270772 0.00065950551571316326 -0.00075393079058985431 0.00038644878225421969 0.00076456560950721036 -0.00043740993826566377 0.00017513077096482896 -0.0002143318580046812 0.00037177538730158151 -0.00025057541049477744 8.7784876344564202e-05 -0.00043155972651342611 -0.00057212256504609097 -0.00065338655304184598 5.6780423250624439e-06 -3.3432073435206552e-05 0.00065818848555034644 6.5197850243673135e-05 -0.00024802706248987352
leaf_weight=1317 202 75464 69 3036 9860 275 52 54 64 53 1553 98 57 64 54 40 83 276 661 134 46 315 230 71 685 663 75 65 953 335
leaf_count=1317 202 75464 69 3036 9860 275 52 54 64 53 1553 98 57 64 54 40 83 276 661 134 46 315 230 71 685 663 75 65 953 335
internal_value=-0.000681294 -0.000149202 -0.000843411 -0.00096741 -0.00462661 -0.00352053 0.00442982 0.00632075 -0.00042773 0.0038785 -0.00157878 -0.000418055 0.000401754 0.00385714 0.00671171 -6.12569e-05 0.00222433 -0.000752897 -0.000637585 0.000890051 0.00305555 -0.0009403 -0.000833335 -0.00106742 -0.00173638 -0.000688691 0.00388889 0.0025 -0.000290656 -6.9877e-05
internal_weight=96904 85388 9924 9696 11516 1656 228 159 339 107 4589 5107 1481 175 111 1306 263 3626 1043 382 180 3350 3252 2937 1578 893 180 140 1359 1288
internal_count=96904 85388 9924 9696 11516 1656 228 159 339 107 4589 5107 1481 175 111 1306 263 3626 1043 382 180 3350 3252 2937 1578 893 180 140 1359 1288
is_linear=0
shrinkage=0.05


Tree=145
num_leaves=31
num_cat=0
split_feature=14 14 0 6 4 11 11 14 8 4 10 9 13 0 11 13 8 14 11 9 9 2 1 1 14 0 11 9 8 14
split_gain=78.6962 2.01254 1.55064 1.34557 1.01725 1.05168 0.802336 0.821583 1.557 0.697352 0.604534 0.565225 0.589748 0.558665 1.31857 0.765153 0.668945 0.841386 0.769076 0.554146 0.644643 0.527161 0.523086 0.66791 1.22913 0.955791 0.993585 1.13036 0.849315 1.02489
threshold=0.027473859133533174 0.11930858671163726 8.5000000000000018 1.0000000180025095e-35 1.0000000180025095e-35 0.028654021313596716 0.27023824020987602 0.11125199692356876 1.5000000000000002 1.0000000180025095e-35 7.5921926873967012 9.0411041535398358 0.044898928177376569 2.5000000000000004 0.082026226804671212 0.032127325037693298 1.5000000000000002 0.065571124312808565 0.014327528392244621 8.0141118087198233 8.3706682117320899 16.500000000000004 5.5000000000000009 3.5000000000000004 0.96754055282421392 11.500000000000002 1.162628140788337 8.049626465811679 1.5000000000000002 0.84841971260772153
decision_type=2 2 2 2 2 2 2 2 2 2 2 2 2 2 2 2 2 2 2 2 2 2 2 2 2 2 2 2 2 2
left_child=4 2 3 6 5 -1 9 8 -8 11 21 12 -2 16 -15 -16 -11 18 -18 -10 -21 -4 23 -3 25 26 -25 -28 29 -27
right_child=1 22 10 -5 -6 -7 7 -9 19 13 -12 -13 -14 14 15 -17 17 -19 -20 20 -22 -23 -24 24 -26 28 27 -29 -30 -31
leaf_value=-0.00028059116888728871 0.00026734591401825317 1.1343073147008637e-05 0.001048159958995713 -0.00053839617926379122 -0.00055663601020843306 4.5314137894395331e-05 -1.4407507981441216e-05 -0.00055606765806810558 0.0006932519872458404 0.00013613332460377499 7.5142896645678983e-06 -0.00055413830294385482 1.6780313981139305e-05 -0.00049380011199171969 0.00035455563175857741 -0.00017403969929192275 -0.00029403793826352105 -0.00025184154580141393 0.00047025535807381402 0.0015800291100011793 0.00030622854365909953 7.428773948316634e-05 0.00031212097348613083 -0.00029020588268425943 -0.0015911387236863515 0.0079235709963005555 0.0027928057121695757 -7.3462179828477422e-05 0.00036417201817060392 0.0016416395047607881
leaf_weight=1575 85 43523 86 669 9815 74 431 95 79 751 88 85 1272 830 42 3856 41 1335 78 42 48 48 10855 5103 13121 146 379 587 1403 476
leaf_count=1575 85 43523 86 669 9815 74 431 95 79 751 88 85 1272 830 42 3856 41 1335 78 42 48 48 10855 5103 13121 146 379 587 1403 476
internal_value=-0.000651839 -0.000130562 -0.000798616 -0.000892803 -0.00454205 -0.00339297 -0.000733188 0.000899279 0.00158333 -0.000868658 0.00333333 0.00013176 0.000379512 -0.00107674 -0.00138325 -0.000997949 -0.000419502 -0.00104539 0.00298319 0.00565089 0.00833333 0.00544776 -4.25316e-05 -9.63897e-05 -0.000326421 0.000158141 -0.000155711 0.0013147 0.00109876 0.00263665
internal_weight=97018 85554 9961 9739 11464 1649 9070 695 600 8375 222 1442 1357 6933 4728 3898 2205 1454 119 169 90 134 75593 64738 21215 8094 6069 966 2025 622
internal_count=97018 85554 9961 9739 11464 1649 9070 695 600 8375 222 1442 1357 6933 4728 3898 2205 1454 119 169 90 134 75593 64738 21215 8094 6069 966 2025 622
is_linear=0
shrinkage=0.05


Tree=146
num_leaves=31
num_cat=0
split_feature=13 12 0 4 9 12 8 13 10 12 4 0 12 1 4 12 8 2 11 0 13 8 9 11 11 11 2 13 9 4
split_gain=77.8575 2.38457 1.66399 1.45625 1.05652 0.933148 1.12965 1.00494 0.962865 0.95528 1.08985 1.10829 0.889139 0.807399 0.784659 0.989649 0.748324 0.703452 1.32524 0.670202 0.673947 1.70257 0.655065 0.648082 0.806324 0.804282 0.635667 0.629924 0.793938 0.616315
threshold=0.032127325037693298 0.036601037503785898 11.500000000000002 5.5000000000000009 7.9502635013441054 0.019061265577988297 1.5000000000000002 0.91389173186698114 6.9233927857041184 0.20017889409664549 9.5000000000000018 2.5000000000000004 0.13734462831246702 5.5000000000000009 1.0000000180025095e-35 0.019727422722089709 2.5000000000000004 9.5000000000000018 0.018422664093428496 1.0000000180025095e-35 0.26438069042239559 1.0000000180025095e-35 8.8763930600243359 0.013149438319505592 0.024735986732953356 0.020045961608430276 2.5000000000000004 0.084600253606774936 8.7923650407824958 1.0000000180025095e-35
decision_type=2 2 2 2 2 2 2 2 2 2 2 2 2 2 2 2 2 2 2 2 2 2 2 2 2 2 2 2 2 2
left_child=1 14 5 4 -3 6 7 8 26 10 -7 27 -13 19 15 -1 -14 18 -15 23 21 22 -21 -10 25 -25 -2 28 -12 -8
right_child=2 3 -4 -5 -6 9 29 -9 13 -11 11 12 16 17 -16 -17 -18 -19 -20 20 -22 -23 -24 24 -26 -27 -28 -29 -30 -31
leaf_value=-0.00037604135451051076 0.0018818322062149379 -0.00020010523781242921 0.00020225043034772115 -0.00019835736689293484 0.00015474898224477918 -8.5190659961505112e-05 0.00029196941947747136 -0.0029382788690681129 0.0005136062665926361 -0.00013058244815471361 4.7816537406286807e-05 -0.00040887249307284016 -0.00026753708847105176 0.0044842918679451971 -0.00054867682731645536 -7.5607569893468309e-05 0.00014354279918264351 0.0019108790844476903 0.00036919101326801461 0.00010879814251318467 -0.00014585320324141021 0.001825302427854313 -0.00062702591395420065 0.0038167480970754705 -0.00087259799083955344 0.0090442582273937352 -0.0010698869710052644 -0.00037683740483612424 0.00049059313098828781 -0.00021655252254981907
leaf_weight=1092 47 46 48312 255 69 5771 531 372 316 18389 207 1221 1427 50 9475 514 333 151 42 439 1275 346 93 291 86 102 501 2146 42 2795
leaf_count=1092 47 46 48312 255 69 5771 531 372 316 18389 207 1221 1427 50 9475 514 333 151 42 439 1275 346 93 291 86 102 501 2146 42 2795
internal_value=-0.000617972 -0.00448913 -9.82013e-05 -0.000540542 0.00413043 -0.000350662 0.000149925 0.000704207 0.000950788 -0.000476708 -0.000841932 -0.00135417 -0.00199765 0.0012833 -0.00462097 -0.003599 -0.00127841 0.0040535 0.0075 0.00105495 0.00059684 0.00166287 -0.000112783 0.0022956 0.00345511 0.00441476 -0.000985403 -0.000553237 0.00182731 -0.000535179
internal_weight=96736 11451 85285 370 115 36973 7437 4111 3739 29536 11147 5376 2981 3191 11081 1606 1760 243 92 2948 2153 878 532 795 479 393 548 2395 249 3326
internal_count=96736 11451 85285 370 115 36973 7437 4111 3739 29536 11147 5376 2981 3191 11081 1606 1760 243 92 2948 2153 878 532 795 479 393 548 2395 249 3326
is_linear=0
shrinkage=0.05


Tree=147
num_leaves=31
num_cat=0
split_feature=14 12 12 4 0 14 12 4 0 14 12 14 1 11 2 4 10 14 0 14 8 14 2 12 14 11 13 0 14 8
split_gain=80.1304 1.68193 1.20656 1.22873 1.07926 1.53099 1.36111 1.04199 0.909465 2.29351 1.28602 1.24289 1.10661 1.15304 1.05888 0.872327 0.828101 0.810789 1.09666 1.75231 1.08532 1.49707 0.909766 1.02424 1.20651 0.855086 0.80581 0.915738 2.27751 1.15192
threshold=0.027473859133533174 0.44608220339315774 0.036601037503785898 7.5000000000000009 2.5000000000000004 0.98321410447944702 0.11005735760406847 1.0000000180025095e-35 19.500000000000004 1.3323664022418613 0.6646058647154115 1.1616312127447528 3.5000000000000004 0.38650678917590264 14.500000000000002 6.5000000000000009 6.8595602066316461 0.35208839802829789 8.5000000000000018 0.47177057315336812 2.5000000000000004 1.2031764477955085 17.500000000000004 1.8261172215224712 0.66942980461417545 0.37429226967300683 0.049167290738655396 8.5000000000000018 0.12932958133920672 1.0000000180025095e-35
decision_type=2 2 2 2 2 2 2 2 2 2 2 2 2 2 2 2 2 2 2 2 2 2 2 2 2 2 2 2 2 2
left_child=2 4 7 -4 5 16 -6 -1 17 10 12 -12 13 -10 -13 -15 -2 25 20 -20 -19 22 -22 24 -24 -3 -8 29 -29 -28
right_child=1 8 3 -5 6 -7 26 -9 9 -11 11 14 -14 15 -16 -17 -18 18 19 -21 21 -23 23 -25 -26 -27 27 28 -30 -31
leaf_value=-0.00025577894021645809 -0.00040575737869218316 -0.00053783332817518899 8.6724870350775763e-05 -0.00027794622322357526 -0.00037582951322639616 -0.0097735158563018627 0.00010144675538125094 -0.00051483775240377468 0.013340319186935339 0.00081986182442413081 0.021558559283681632 0.0048077213133524395 -0.00025233884480244681 0.013051379914196663 0.01661606224542082 -0.00080734679154379212 5.144917668111819e-05 -0.0027208084367393998 0.0018655795333946041 -0.00012708179747119346 -0.00068315370655821052 -0.0045050783811544752 0.0029870075018708967 0.011982718288345053 -0.0032418995406352114 0.00063273282253106355 -0.00033024379340666456 0.00045413043783088533 -0.00039507192576834896 -0.00010589859331341888
leaf_weight=1611 1474 401 108 179 1251 259 542 9580 54 10329 51 159 393 51 94 113 10421 568 721 39944 587 627 82 132 83 1654 2612 380 7631 4818
leaf_count=1611 1474 401 108 179 1251 259 542 9580 54 10329 51 159 393 51 94 113 10421 568 721 39944 587 627 82 132 83 1654 2612 380 7631 4818
internal_value=-0.000620119 -9.31173e-05 -0.0045426 -0.00134146 -0.000399484 -3.86716e-05 -0.000653941 -0.0046247 6.75362e-05 0.000469583 0.00286885 0.00552631 0.00154664 0.00440367 0.00409091 0.00231707 4.4135e-05 -3.33725e-05 -8.00124e-05 -2.2748e-05 -0.0012001 -0.00049967 0.000825791 0.00308081 0.000454544 0.000936738 -0.000529626 -0.000596141 -0.000225316 -0.000995964
internal_weight=96909 85431 11478 287 29388 12154 17234 11191 56043 11244 915 304 611 218 253 164 11895 44799 42744 40665 2079 1511 884 297 165 2055 15983 15441 8011 7430
internal_count=96909 85431 11478 287 29388 12154 17234 11191 56043 11244 915 304 611 218 253 164 11895 44799 42744 40665 2079 1511 884 297 165 2055 15983 15441 8011 7430
is_linear=0
shrinkage=0.05


Tree=148
num_leaves=31
num_cat=0
split_feature=14 0 12 4 6 13 2 14 4 12 12 0 14 10 11 13 9 14 13 14 14 12 8 0 14 13 8 0 0 14
split_gain=76.143 1.69031 1.4461 1.10864 0.842685 1.11891 0.928759 0.742258 0.696972 0.895159 0.685116 0.6382 1.11287 0.973113 0.952737 0.755544 0.685626 1.46897 0.884288 0.636495 0.687332 1.1339 0.905431 2.2704 1.19969 1.15731 0.951151 2.18216 1.95772 1.32196
threshold=0.027473859133533174 11.500000000000002 0.029088779508699588 1.0000000180025095e-35 1.0000000180025095e-35 0.14163935223132665 4.5000000000000009 0.073887093182827615 1.0000000180025095e-35 0.02191745228291692 3.0336481365421735 2.5000000000000004 0.99722161406906573 6.8557819266806108 0.06490751030597304 0.032127325037693298 7.7672331243730399 0.097406725082805526 0.66834013035164286 2.8590536614180526 1.3419024302228508 0.34771450359961475 1.0000000180025095e-35 15.500000000000002 1.5915062091090195 1.0417845671538075 1.5000000000000002 18.500000000000004 16.500000000000004 1.7142594256379193
decision_type=2 2 2 2 2 2 2 2 2 2 2 2 2 2 2 2 2 2 2 2 2 2 2 2 2 2 2 2 2 2
left_child=2 4 8 -4 6 -6 7 -2 9 -1 19 12 13 -8 -13 -16 17 -15 -19 20 -3 -22 23 -23 -25 -24 27 -27 29 -28
right_child=1 10 3 -5 5 -7 11 -9 -10 -11 -12 14 -14 16 15 -17 -18 18 -20 -21 21 22 25 24 -26 26 28 -29 -30 -31
leaf_value=-0.00031924809583595734 -0.00030280338289490435 0.00040998912057067224 0.00010895340671480345 -0.00020432051198150843 -0.00056937194650581952 -0.00053981909908211445 -0.0004559320378608009 -0.00031523020181453129 -0.0005081282582656961 -5.009233470485569e-05 0.0021360754541820621 -0.00052626267091855834 -0.0096855162002884004 0.00096652475895207173 0.00037345036868705219 -0.00010251861148046905 9.8409084720567502e-05 0.00013139048002718985 0.004807928636065717 0.011154683094020224 -0.0081793040611257729 -0.003395868877883484 -0.0043018621946569096 0.0090719111598729363 0.0021537229478924714 -0.0047371537585547546 0.0067927815819954791 0.00019636970990039734 -0.0013939473677946771 0.0013179344768323162
leaf_weight=1271 816 14002 81 842 705 1964 1049 6202 9010 282 5835 430 155 79 51 17847 6891 634 94 310 596 2132 998 390 4862 3647 1192 4873 6322 3280
leaf_count=1271 816 14002 81 842 705 1964 1049 6202 9010 282 5835 430 155 79 51 17847 6891 634 94 310 596 2132 998 390 4862 3647 1192 4873 6322 3280
internal_value=-0.000638257 -0.000123953 -0.00446021 -0.0025623 -0.000378824 -0.00123455 -0.000312136 -0.000825023 -0.00462605 -0.00364778 7.02934e-05 -0.00017995 0.000167377 0.000241796 -0.000348648 -0.000292771 0.000436476 0.00181536 0.00111264 7.02967e-07 -1.58427e-05 -0.000157643 -0.000111209 0.000362946 0.000921553 -0.000283577 -0.000197785 -0.000592724 0.000113951 0.000914578
internal_weight=96842 85356 11486 923 36917 2669 34248 7018 10563 1553 48439 27230 8902 8747 18328 17898 7698 807 728 42604 42294 28292 27696 7384 5252 20312 19314 8520 10794 4472
internal_count=96842 85356 11486 923 36917 2669 34248 7018 10563 1553 48439 27230 8902 8747 18328 17898 7698 807 728 42604 42294 28292 27696 7384 5252 20312 19314 8520 10794 4472
is_linear=0
shrinkage=0.05


Tree=149
num_leaves=31
num_cat=0
split_feature=14 14 12 4 6 4 11 12 10 13 2 9 2 14 4 6 14 13 10 9 12 2 9 9 9 2 12 13 11 14
split_gain=73.0396 1.81971 1.39774 1.18065 1.10361 0.967291 0.959286 0.944524 0.775072 1.15871 0.714637 0.639134 0.600436 0.694876 0.65757 0.606397 0.736329 0.654631 0.757808 0.986401 0.53806 0.7 0.531283 1.17443 0.64354 0.509973 0.566831 0.696483 0.588274 0.811471
threshold=0.027473859133533174 0.1935711841940839 0.036601037503785898 1.0000000180025095e-35 1.0000000180025095e-35 7.5000000000000009 0.43839986880256293 0.02022941081225382 7.4058628623263116 0.15823962081731302 5.5000000000000009 9.0234856047750949 4.5000000000000009 0.21491882147311586 9.5000000000000018 1.0000000180025095e-35 0.20757583040822872 0.26438069042239559 7.684298837048785 8.3403216879861279 0.010856347883850983 16.500000000000004 8.1292662001611244 7.8371387042249507 7.4581302845945263 21.500000000000004 2.2738706688326817 2.3081449899550406 2.7050664919739842 1.5174173116226817
decision_type=2 2 2 2 2 2 2 2 2 2 2 2 2 2 2 2 2 2 2 2 2 2 2 2 2 2 2 2 2 2
left_child=2 4 3 7 6 -4 10 -1 9 -8 -2 -9 13 -3 -15 16 17 18 19 22 21 -18 23 24 -14 26 27 -17 29 -28
right_child=1 12 5 -5 -6 -7 8 11 -10 -11 -12 -13 15 14 -16 25 20 -19 -20 -21 -22 -23 -24 -25 -26 -27 28 -29 -30 -31
leaf_value=-0.00031556236034748327 -0.00023736939711066073 -0.00081768882907469519 9.9603050854090512e-05 -0.00047095603003679924 -0.00048103017431205179 -0.00022204875411065174 0.0013699181324770624 -0.00010328696177156725 -2.3236345611479464e-05 -4.7527237410670625e-05 -6.0026022383642937e-05 0.0001820019809965424 0.0025613750792576684 -0.0020139008105581656 -0.00017889604342174298 5.8389356494633306e-05 0.0031851865091777039 -0.0028229662477889965 -2.2264415693206124e-05 0.0031199623425918646 0.00011517855742573646 -0.00093082396135234474 -0.00016639669832537864 0.0013526106240501759 -0.0007498455881501749 -0.0010855562328263711 -0.0040742304376241018 -0.0086621720942700459 -0.0035292773386125633 0.0057755417315804676
leaf_weight=1155 3481 231 99 9576 986 181 113 440 258 100 9557 42 40 1699 11463 1313 56 56 168 40 51640 70 94 78 74 3441 47 122 71 139
leaf_count=1155 3481 231 99 9576 986 181 113 440 258 100 9557 42 40 1699 11463 1313 56 56 168 40 51640 70 94 78 74 3441 47 122 71 139
internal_value=-0.000640299 -0.000136343 -0.00438223 -0.00446937 -0.000646776 -0.000892858 -0.000528908 -0.00322847 0.0016879 0.00392019 -0.00060899 -0.0013693 -3.19032e-05 -0.000333384 -0.000285672 3.83807e-05 8.9264e-05 0.00190909 0.00248988 0.0038957 6.99289e-05 0.00333333 0.00286713 0.004375 0.00114035 -0.000480227 0.000230495 -0.000156796 0.00239299 0.00387097
internal_weight=96830 85337 11493 11213 14495 280 13509 1637 471 213 13038 482 70842 13393 13162 57449 52316 550 494 326 51766 126 286 192 114 5133 1692 1435 257 186
internal_count=96830 85337 11493 11213 14495 280 13509 1637 471 213 13038 482 70842 13393 13162 57449 52316 550 494 326 51766 126 286 192 114 5133 1692 1435 257 186
is_linear=0
shrinkage=0.05


Tree=150
num_leaves=31
num_cat=0
split_feature=14 14 12 4 8 4 12 4 12 8 13 1 9 11 12 12 12 14 11 11 14 12 0 14 9 10 3 0 8 0
split_gain=70.6606 1.78645 1.70966 1.85609 1.35831 1.28115 1.09939 0.842775 0.764023 0.746606 1.13048 0.786508 0.793428 0.647258 0.641984 0.636288 0.621855 0.889294 0.609686 0.588196 0.762098 2.31796 1.16248 1.59699 1.34553 0.944148 0.845112 0.734906 1.14555 0.774308
threshold=0.027473859133533174 0.088883986181368682 0.032781885571144261 7.5000000000000009 3.5000000000000004 1.0000000180025095e-35 0.02191745228291692 1.0000000180025095e-35 0.014205593701191656 3.5000000000000004 0.049167290738655396 5.5000000000000009 7.6833221415656325 0.0082972199255493522 0.018241712731122777 0.12254628433665732 0.11005735760406847 0.053813276110247325 0.026871497003358596 1.1117419506711426 0.79185215920177832 1.4306309953909928 9.5000000000000018 0.66942980461417545 8.1688229513542439 7.9875559662347237 1.0000000180025095e-35 12.500000000000002 1.0000000180025095e-35 11.500000000000002
decision_type=2 2 2 2 2 2 2 2 2 2 2 2 2 2 2 2 2 2 2 2 2 2 2 2 2 2 2 2 2 2
left_child=2 7 5 4 -4 6 -1 8 -2 10 11 12 15 -12 -11 -9 -14 -18 -8 -3 21 26 23 -23 -24 -26 -21 28 -22 -30
right_child=1 19 3 -5 -6 -7 18 9 -10 14 13 -13 16 -15 -16 -17 17 -19 -20 20 27 22 24 -25 25 -27 -28 -29 29 -31
leaf_value=-0.00028016587689591512 -0.00018136587595484887 -0.00010635951026247985 -0.00020040971521079719 -0.00029078913452193456 0.00011925757725330386 -0.00045058920469666884 -8.4392069752652426e-05 0.00047274818171477218 0.00012300039186573044 0.00043510065886931919 0.00067644847196775672 0.00039085846102938373 -0.00030640042770399616 -0.00021461691093475037 -0.00042284018476697311 -3.6928786231173763e-05 0.00040470681894577449 -2.4726470102428292e-05 0.00012999401189736946 -0.00036272269499350638 -0.0046703605066920548 0.0032916424616591961 0.0071252079489638881 -0.002401129873749807 -0.00021607869245685916 0.0046271665896713459 0.0017189607439885768 0.00042965015624503488 -0.0010239426414323648 0.0015141852354906473
leaf_weight=1293 61 39735 61 337 115 9279 280 42 935 44 47 56 200 4232 538 44 49 292 46 1590 1030 204 177 240 135 87 358 27430 5849 2164
leaf_count=1293 61 39735 61 337 115 9279 280 42 935 44 47 56 200 4232 538 44 49 292 46 1590 1030 204 177 240 135 87 358 27430 5849 2164
internal_value=-0.000616298 -0.000123278 -0.00431207 -0.00149123 0.00267045 -0.00444485 -0.00314701 -0.000917432 0.000421686 -0.00115801 -0.000959292 0.000929721 0.000422646 -0.00126081 -0.00285223 0.00488372 -0.000286508 0.00101173 -0.000552148 -5.75336e-05 7.97156e-05 0.000876029 0.00306643 0.00130631 0.00502506 0.00243243 -7.18698e-05 1.87798e-05 -0.000372112 -0.000170349
internal_weight=96950 85539 11411 513 176 10898 1619 6540 996 5544 4962 683 627 4279 582 86 541 341 326 78999 39264 2791 843 444 399 222 1948 36473 9043 8013
internal_count=96950 85539 11411 513 176 10898 1619 6540 996 5544 4962 683 627 4279 582 86 541 341 326 78999 39264 2791 843 444 399 222 1948 36473 9043 8013
is_linear=0
shrinkage=0.05


Tree=151
num_leaves=31
num_cat=0
split_feature=14 12 4 8 4 4 12 14 12 12 8 14 12 4 12 12 11 10 14 11 12 9 14 2 0 14 14 8 9 1
split_gain=66.0703 2.00678 1.79783 1.45441 1.06716 0.884743 1.04771 1.0379 0.937388 0.817693 1.51636 1.87497 0.789265 1.19213 0.769988 0.756091 0.832189 0.743963 0.741412 0.738784 0.705766 0.700165 0.713588 0.969061 0.697405 0.943308 0.887993 0.998881 0.780116 0.68914
threshold=0.027473859133533174 0.02549002247696816 7.5000000000000009 3.5000000000000004 1.0000000180025095e-35 1.0000000180025095e-35 0.58990850474134804 0.35208839802829789 0.96260034456839605 0.019485612502206737 1.5000000000000002 0.96754055282421392 0.010856347883850983 7.5000000000000009 0.20017889409664549 0.03057491011296894 0.033297531923641543 7.4671208723153546 1.3234149717375743 0.013443037622638985 0.01997300820677354 8.5830569601368243 0.33806301758129265 1.5000000000000002 8.5000000000000018 0.14642576161854132 0.10401388126354093 1.5000000000000002 7.1630773463029307 3.5000000000000004
decision_type=2 2 2 2 2 2 2 2 2 2 2 2 2 2 2 2 2 2 2 2 2 2 2 2 2 2 2 2 2 2
left_child=1 4 3 -3 20 -2 9 8 -8 10 11 12 13 -7 -11 -5 -17 -14 24 -12 -1 22 23 -21 26 -26 27 -16 -27 -29
right_child=5 2 -4 15 -6 6 7 -9 -10 14 19 -13 17 -15 18 16 -18 -19 -20 21 -22 -23 -24 -25 25 28 -28 29 -30 -31
leaf_value=-0.00029874853629496963 0.00018977802251669509 -0.0001529120314379425 -0.00029185884023123819 -0.00010026614540498829 -0.00045095046997839093 0.0038159266968440572 0.00049325753489214987 -0.00016225979107850315 0.0056514279476018933 -0.00021571414874133876 -0.000437725365165969 -0.0088759100871703012 -9.020401008787317e-05 0.00070237125352042538 -5.7499788378086866e-05 0.00016264525868155556 5.1580487742979716e-05 0.00081066443653691881 -0.0033314681879537348 0.0010200665092264854 -9.2990439817963844e-05 -0.0004476973811957187 -0.0010202838808286601 0.00016924511813573204 0.00067734445059235279 0.0061658840526330316 -0.00033663561423283571 0.00063883794710648195 8.7682382333624184e-05 0.00010534133823577705
leaf_weight=1094 12080 413 1136 58 8201 46 701 44174 43 10966 1002 184 1334 68 494 44 87 1928 2096 52 349 458 281 1150 195 86 2851 106 4472 73
leaf_count=1094 12080 413 1136 58 8201 46 701 44174 43 10966 1002 184 1334 68 494 44 87 1928 2096 52 349 458 281 1150 195 86 2851 106 4472 73
internal_value=-0.00062782 -0.00420489 -0.00264097 -0.000431895 -0.00448673 -0.000147927 -0.000213718 -6.43407e-05 0.00178763 -0.00045471 3.6136e-05 0.000730336 0.000998222 0.00508772 -0.000604294 0.00320106 0.00530534 0.000855302 -0.00029548 -0.000803603 -0.00323285 -0.000234416 0.000293323 0.000823626 -8.27606e-05 0.000312433 -0.000615779 0.00101783 0.000166739 0.00421788
internal_weight=96222 11382 1738 602 9644 84840 72760 44918 744 27842 6503 3560 3376 114 21339 189 131 3262 10373 2943 1443 1941 1483 1202 8277 4753 3524 673 4558 179
internal_count=96222 11382 1738 602 9644 84840 72760 44918 744 27842 6503 3560 3376 114 21339 189 131 3262 10373 2943 1443 1941 1483 1202 8277 4753 3524 673 4558 179
is_linear=0
shrinkage=0.05


Tree=152
num_leaves=31
num_cat=0
split_feature=14 12 8 3 2 14 6 2 0 13 12 0 8 14 1 2 1 14 12 8 10 1 11 11 2 14 11 2 2 11
split_gain=67.4351 1.81965 1.28879 1.01025 0.977881 0.828858 1.00326 1.25727 0.806388 0.921734 0.886996 0.687136 1.02566 0.745342 0.637319 1.12708 0.644919 0.753612 1.10407 0.879657 0.764493 0.631187 0.61742 0.808883 0.726195 0.796086 0.921845 0.597698 0.923512 0.593759
threshold=0.027473859133533174 0.022644289869261477 1.5000000000000002 1.0000000180025095e-35 17.500000000000004 0.21491882147311586 1.0000000180025095e-35 4.5000000000000009 9.5000000000000018 0.17065110039629119 0.46109249075020248 1.5000000000000002 3.5000000000000004 0.071981322272154119 3.5000000000000004 2.5000000000000004 5.5000000000000009 0.95212868522054228 1.7601746447116684 1.0000000180025095e-35 7.403999947666315 1.5000000000000002 0.13258755921520016 0.60662448519596002 23.500000000000004 0.17870156100901541 0.37429226967300683 3.5000000000000004 5.5000000000000009 0.024057643094045584
decision_type=2 2 2 2 2 2 2 2 2 2 2 2 2 2 2 2 2 2 2 2 2 2 2 2 2 2 2 2 2 2
left_child=1 -1 -3 4 21 6 7 -2 9 10 11 12 13 -9 27 -16 17 18 19 -17 -20 -4 -10 24 25 -24 -27 -7 -29 -23
right_child=5 2 3 -5 -6 14 -8 8 22 -11 -12 -13 -14 -15 15 16 -18 -19 20 -21 -22 29 23 -25 -26 26 -28 28 -30 -31
leaf_value=-0.00040969049266573665 -0.00023648460983833423 -0.00032055200432358683 -9.9177637084387716e-05 -0.00028359218366510352 -0.00016369824221505662 0.0010800458494546299 -0.00044153209547060794 0.00061695087175298166 -0.0012997798428643801 -0.00044487210021155614 0.0016729661820453082 -2.3542942564094364e-05 0.0013490217680860615 9.8027873580475118e-05 -0.0014577998343447611 -0.0011448961316231825 0.00027777016990922416 -0.0013554324372785087 0.0085367200930206843 0.00026387880809533159 0.0035156262125391568 8.8093648603660918e-05 0.0011875934090537111 -0.00086987047273877696 0.0028985736442269927 -0.00097819187730086347 0.0013333309954173536 -0.0011137828119019764 0.00019821121227937225 1.0806776978738772e-05
leaf_weight=8472 3070 1750 113 483 311 3362 1033 46 58 1347 71 8762 71 920 3242 807 10099 10997 90 4132 122 77 43 46 51 93 52 3340 33405 310
leaf_count=8472 3070 1750 113 483 311 3362 1033 46 58 1347 71 8762 71 920 3242 807 10099 10997 90 4132 122 77 43 46 51 93 52 3340 33405 310
internal_value=-0.000601138 -0.00419243 -0.00314389 -0.00194745 -0.000869298 -0.000116059 -0.00044468 -0.000338347 -9.94822e-05 -0.000172507 -5.06705e-06 -4.5414e-05 0.00117165 0.00074534 -4.21013e-05 -0.000218557 -0.000109919 -0.000305921 0.000193165 4.15052e-05 0.00372641 0.000499999 0.00228863 0.00324561 0.00441422 0.00297872 0.0012069 8.76394e-05 2.92545e-05 0.00145995
internal_weight=96775 11516 3044 1294 811 85259 15663 14630 11560 11217 9870 9799 1037 966 69596 29489 26247 16148 5151 4939 212 500 343 285 239 188 145 40107 36745 387
internal_count=96775 11516 3044 1294 811 85259 15663 14630 11560 11217 9870 9799 1037 966 69596 29489 26247 16148 5151 4939 212 500 343 285 239 188 145 40107 36745 387
is_linear=0
shrinkage=0.05


Tree=153
num_leaves=31
num_cat=0
split_feature=14 4 14 0 11 14 6 14 8 4 12 14 12 12 14 2 0 12 14 12 14 2 13 0 14 12 8 2 11 10
split_gain=65.5567 1.62023 1.29255 1.13039 0.965773 0.928022 0.790993 0.984648 0.753069 0.994211 0.845 0.747287 1.31281 0.662011 1.19472 1.32561 1.15085 1.93636 1.42625 1.72206 2.40511 1.38049 1.25932 1.0974 1.03444 1.00636 0.992169 0.870462 0.753348 0.692137
threshold=0.024121603797408502 1.0000000180025095e-35 0.016268773914346567 11.500000000000002 0.021442272691904147 0.019838158531449972 1.0000000180025095e-35 0.11502245135679885 3.5000000000000004 7.5000000000000009 0.032781885571144261 1.5538181032107765 0.92440733752962223 0.21840486120628935 0.40455183758037494 14.500000000000002 17.500000000000004 2.5525349097281964 0.77234689896875075 0.39007067860011652 1.0934280538995245 19.500000000000004 0.59844757438908902 15.500000000000002 0.83042774607865388 0.62800667330029813 1.0000000180025095e-35 16.500000000000004 1.2611923670509257 8.0533306444494901
decision_type=2 2 2 2 2 2 2 2 2 2 2 2 2 2 2 2 2 2 2 2 2 2 2 2 2 2 2 2 2 2
left_child=1 2 -1 6 -4 -3 -2 -8 -7 10 -10 13 -13 -5 15 -15 23 18 22 -20 21 25 -18 -16 28 -21 27 -26 -25 -24
right_child=3 5 4 11 -6 8 7 -9 9 -11 -12 12 -14 14 16 -17 17 -19 19 20 -22 -23 29 24 26 -27 -28 -29 -30 -31
leaf_value=-0.00029478692917974639 -8.4666952575362874e-05 -0.00041925400884411379 -0.00014389948826987151 -0.00041719467739403254 5.6321251299602809e-05 -0.00027276317020626594 -0.00047923737027425682 -0.00040292180942633709 -1.5983346630887479e-05 -0.00020896023340463774 0.00016872429742172991 -0.0038925113144473765 -7.3294137744454901e-05 0.0032440422298124411 0.00067977538273681607 -0.0011672629166196546 -0.00034561270542056639 0.0091649515249882779 -0.0015195899324014627 0.0053456919241106626 0.0020513633438327726 0.025260738592710327 0.0097814322944978632 0.0075325116614155634 0.0016125750271982883 0.011047616339658721 -0.0027130119849165472 0.028772083801744161 0.00031608044299923836 0.0036401477229598862
leaf_weight=857 34578 7759 597 2413 159 1463 695 2017 50 166 40 2447 24191 72 9253 43 62 361 1936 132 3948 41 89 96 77 40 3210 47 128 41
leaf_count=857 34578 7759 597 2413 159 1463 695 2017 50 166 40 2447 24191 72 9253 43 62 361 1936 132 3948 41 89 96 77 40 3210 47 128 41
internal_value=-0.000584386 -0.00420206 -0.00273714 -0.000117382 -0.00123016 -0.00445136 -0.000324485 -0.00114676 -0.00340023 -0.000898439 0.00333333 4.14367e-05 -0.000136648 0.000257173 0.000353493 0.00543478 0.000323466 0.000857142 0.000652726 0.000519107 0.00109228 0.0062676 0.00489583 4.64433e-05 -0.000699833 0.00430232 -0.000920817 0.00346774 0.00258928 0.00769231
internal_weight=97008 11091 1613 85917 756 9478 37290 2712 1719 256 90 48627 26638 21989 19576 115 19461 6650 6289 6097 4161 213 192 12811 3558 172 3334 124 224 130
internal_count=97008 11091 1613 85917 756 9478 37290 2712 1719 256 90 48627 26638 21989 19576 115 19461 6650 6289 6097 4161 213 192 12811 3558 172 3334 124 224 130
is_linear=0
shrinkage=0.05


Tree=154
num_leaves=31
num_cat=0
split_feature=14 12 4 12 0 14 0 12 14 14 11 14 8 10 1 12 10 8 14 8 14 12 0 8 14 14 0 4 8 1
split_gain=64.8202 1.57259 1.73922 1.51871 1.18522 1.53635 1.06266 1.51537 1.13847 1.03052 1.0323 1.02479 0.897541 0.917995 0.85582 0.801118 0.790309 0.786708 0.770214 0.826479 1.58878 1.03746 0.814324 0.760396 2.40825 1.39588 4.2217 2.13924 1.3653 1.18735
threshold=0.024121603797408502 0.02191745228291692 7.5000000000000009 0.032781885571144261 8.5000000000000018 0.12932958133920672 2.5000000000000004 0.11005735760406847 0.98321410447944702 0.067858485438324859 0.01808688749298536 0.047163662417578141 1.5000000000000002 6.8595602066316461 1.5000000000000002 0.21840486120628935 6.8805086098542985 3.5000000000000004 0.40455183758037494 3.5000000000000004 0.10401388126354093 0.017656385088529385 1.0000000180025095e-35 1.0000000180025095e-35 0.067858485438324859 0.094428933784625621 6.5000000000000009 5.5000000000000009 2.5000000000000004 1.0000000180025095e-35
decision_type=2 2 2 2 2 2 2 2 2 2 2 2 2 2 2 2 2 2 2 2 2 2 2 2 2 2 2 2 2 2
left_child=1 -1 3 -3 6 14 8 -8 9 10 -2 -9 13 -11 -6 -7 -15 -5 19 -14 21 -21 -22 24 -13 26 28 -28 29 -25
right_child=4 2 -4 17 5 15 7 11 -10 12 -12 23 18 16 -16 -17 -18 -19 -20 20 22 -23 -24 25 -26 -27 27 -29 -30 -31
leaf_value=-0.00038415380822379511 0.000130429032817955 -0.00012151933358193779 -0.00031446947880267389 -0.0001143253431766612 0.00087109512983329039 -0.00055112008295908784 -0.00021910892730336832 0.00019781243654618907 -0.008503552996177801 -0.00047767064371579787 0.0006649740282508997 5.9032473704284152e-05 -0.00019379905464297524 0.0070545522266873611 0.00041256224179573344 9.7011447582563836e-05 0.00021145302270883057 0.00016621797854371445 -0.0020424642361938443 0.00044879466213963259 0.0012309427727231744 0.0017295922599649448 -0.0001508608614412576 0.0013962786242681117 -0.00044456976665414741 -0.00023415368786595974 0.0003146361840954833 0.0014081624327500976 -0.00015276060917550393 0.00013481232985275229
leaf_weight=7975 136 1038 1918 49 68 2955 1519 40 248 724 76 1146 3210 57 332 57153 6022 64 487 111 162 40 830 52 1808 7028 58 56 828 523
leaf_count=7975 136 1038 1918 49 68 2955 1519 40 248 724 76 1146 3210 57 332 57153 6022 64 487 111 162 40 830 52 1808 7028 58 56 828 523
internal_value=-0.000548169 -0.00415339 -0.00319159 -0.00165508 -8.34036e-05 3.65229e-05 -0.000371807 -0.000684639 -3.42902e-05 3.58487e-05 0.00349056 -0.000489212 -2.70561e-05 0.00034323 0.003125 1.59701e-05 0.000543674 0.00384956 -0.000547522 -0.000336551 0.000818022 0.00559603 9.07246e-05 -0.000517003 -0.00120853 -0.000277942 0.00109756 0.0103509 0.000345687 0.00221739
internal_weight=96713 11044 3069 1151 85669 60508 25161 13058 12103 11855 212 11539 11643 6803 400 60108 6079 113 4840 4353 1143 151 992 11499 2954 8545 1517 114 1403 575
internal_count=96713 11044 3069 1151 85669 60508 25161 13058 12103 11855 212 11539 11643 6803 400 60108 6079 113 4840 4353 1143 151 992 11499 2954 8545 1517 114 1403 575
is_linear=0
shrinkage=0.05


Tree=155
num_leaves=31
num_cat=0
split_feature=14 4 4 11 14 12 12 4 13 8 9 9 12 13 11 14 8 2 13 2 2 14 13 12 10 9 10 4 10 13
split_gain=62.5436 1.79094 1.19539 1.27071 0.987094 1.28647 0.954345 0.876531 0.853843 0.98848 1.2717 1.62124 0.853842 0.835514 0.786104 0.714583 0.599921 0.589089 0.726989 0.680505 0.705569 1.20012 1.06453 0.65669 0.639936 0.582952 1.86331 0.771121 0.679098 0.661688
threshold=0.022628002498816965 3.5000000000000004 1.0000000180025095e-35 1.0135009932032066 0.047163662417578141 0.10146836030122026 0.023001842673130119 8.5000000000000018 0.39389798313252355 2.5000000000000004 8.22906913416527 8.0017353034470329 1.0934661344549224 0.039333188216560365 0.06490751030597304 0.40455183758037494 1.5000000000000002 24.500000000000004 0.58483841278464799 7.5000000000000009 5.5000000000000009 0.73771259894200913 0.59844757438908902 1.144642841892302 8.9497017820357705 8.9644971099887716 8.3226497476675174 6.5000000000000009 8.1715108727052996 2.3081449899550406
decision_type=2 2 2 2 2 2 2 2 2 2 2 2 2 2 2 2 2 2 2 2 2 2 2 2 2 2 2 2 2 2
left_child=1 6 -2 4 5 7 -1 16 9 10 11 15 -12 14 -6 -5 -4 19 -19 20 21 23 -22 -10 -23 28 27 -27 -24 -28
right_child=2 -3 3 8 13 -7 -8 -9 17 -11 12 -13 -14 -15 -16 -17 -18 18 -20 -21 22 24 25 -25 -26 26 29 -29 -30 -31
leaf_value=-0.00022273994076483508 0.00025256970812697558 -0.00037705082885931742 -0.00028327804384007847 0.0032930501386768795 0.00069611907562839095 0.00027554110462570954 -5.9834581475343715e-05 -0.00026602004561187924 -0.00091594154791983264 -0.0011431580518439042 -0.0011139177601874905 0.0063484511996293597 0.0054133998021789077 -0.00014791226765449494 0.00010061573737163337 -0.0017882846605736143 2.4726802513225517e-05 0.0023365046739111188 0.00082263748963636594 -0.00063399255243016791 -0.0023944022204425148 -0.00035856558865422127 0.0018603086695669806 0.004020069975563016 -0.0044813336832267587 0.010553767918981355 -0.0031366801546912136 0.0051084943653151391 -0.007671157333079286 0.013664806852558081
leaf_weight=2002 12267 8133 75 56 43 51 527 586 168 153 114 41 48 36482 137 40 271 153 6837 14805 220 8760 3737 259 89 71 306 118 53 40
leaf_count=2002 12267 8133 75 56 43 51 527 586 168 153 114 41 48 36482 137 40 271 153 6837 14805 220 8760 3737 259 89 71 306 118 53 40
internal_value=-0.000553177 -0.00416526 -0.000105258 -0.000181312 -0.000384514 -0.00194812 -0.00300316 -0.00237125 3.0774e-05 0.00219026 0.00386288 0.00740876 0.000864196 -0.00034259 0.00305555 0.00385417 -0.000375724 3.36808e-06 0.000414877 -9.71157e-05 0.000155197 -9.48697e-05 0.000665565 0.00249414 -0.0002198 0.000838149 0.00238318 0.00637566 0.000620052 0.000202311
internal_weight=96642 10662 85980 73713 37645 983 2529 932 36068 452 299 137 162 36662 180 96 346 35616 6990 28626 13821 9276 4545 427 8849 4325 535 189 3790 346
internal_count=96642 10662 85980 73713 37645 983 2529 932 36068 452 299 137 162 36662 180 96 346 35616 6990 28626 13821 9276 4545 427 8849 4325 535 189 3790 346
is_linear=0
shrinkage=0.05


Tree=156
num_leaves=31
num_cat=0
split_feature=14 4 14 12 0 14 8 14 12 2 14 8 8 0 14 12 14 14 11 14 12 14 0 14 13 14 0 14 4 0
split_gain=61.4312 1.76301 1.35245 1.28386 1.17742 1.07569 1.0091 0.977448 1.41811 1.14113 1.00219 0.906396 0.851233 1.93863 1.62388 2.56807 1.43778 1.14604 1.087 2.3691 1.60506 1.4219 3.17278 1.10363 0.97523 0.961259 0.930296 2.86497 1.23567 1.10173
threshold=0.024121603797408502 1.0000000180025095e-35 0.016537912614722906 0.02549002247696816 8.5000000000000018 0.11930858671163726 1.0000000180025095e-35 1.2443660819559548 1.8261172215224712 17.500000000000004 0.9367563544942582 2.5000000000000004 1.5000000000000002 1.0000000180025095e-35 0.8111321174248185 0.016715340805481042 0.081845263849881819 0.61344849924216194 0.033297531923641543 0.23707954617091323 0.015223878896754204 0.35208839802829789 7.5000000000000009 0.18621845708737503 0.26438069042239559 0.25236997910659409 6.5000000000000009 0.094428933784625621 5.5000000000000009 1.5000000000000002
decision_type=2 2 2 2 2 2 2 2 2 2 2 2 2 2 2 2 2 2 2 2 2 2 2 2 2 2 2 2 2 2
left_child=1 2 -1 -3 6 -6 -2 8 10 -10 12 -5 13 14 15 -8 -15 18 19 -18 -21 22 23 -20 26 -24 29 28 -28 -14
right_child=4 3 -4 11 5 -7 7 -9 9 -11 -12 -13 24 16 -16 -17 17 -19 21 20 -22 -23 25 -25 -26 -27 27 -29 -30 -31
leaf_value=-0.00025191232956413696 -0.00017716171295445329 -0.00036186083121224973 -7.4467637940382042e-05 -0.00024278157570067484 0.00055891184258738315 3.5562137431428782e-05 0.0040885573494027867 -0.0052886464588712502 0.00093782168590810498 0.011480276241413338 -0.0057436262240319735 -6.5915276042279768e-05 0.00016605560914213614 0.00059551505670581758 0.00087703509707389804 0.0084868853903705081 0.0033103393416544884 -0.0054123184910278262 -0.00010350991566806165 -0.00057736670565488278 0.0011727639676507309 -0.0023846569754023238 0.0028211260426382538 -0.002340551335130944 -0.00092067916420648574 0.0013449090436237789 0.00063051479919998136 4.7270846591560452e-05 0.0013374240581398053 -0.00013041208319500351
leaf_weight=882 6938 8116 717 888 216 60139 342 559 302 164 389 476 2007 224 404 78 117 285 1785 900 1056 544 52 403 2260 626 62 1794 64 3736
leaf_count=882 6938 8116 717 888 216 60139 342 559 302 164 389 476 2007 224 404 78 117 285 1785 900 1056 544 52 403 2260 626 62 1794 64 3736
internal_value=-0.000531211 -0.00403421 -0.00249844 -0.00429325 -7.70089e-05 4.2663e-05 -0.000364873 -0.000168844 -0.000103446 0.00261802 -0.000177488 -0.0028739 -0.000119184 0.000311032 0.00258495 0.0047619 -1.67008e-06 -0.000154301 6.38217e-06 0.000909309 0.000495909 -0.000542523 -9.76983e-05 -0.00102377 -0.000414694 0.00289085 -0.000145506 0.00080729 0.00809524 -0.000464044
internal_weight=96525 11079 1599 9480 85446 60355 25091 18153 17594 466 17128 1364 16739 6816 824 420 5992 5768 5483 2073 1956 3410 2866 2188 9923 678 7663 1920 126 5743
internal_count=96525 11079 1599 9480 85446 60355 25091 18153 17594 466 17128 1364 16739 6816 824 420 5992 5768 5483 2073 1956 3410 2866 2188 9923 678 7663 1920 126 5743
is_linear=0
shrinkage=0.05


Tree=157
num_leaves=31
num_cat=0
split_feature=14 12 4 14 4 12 4 1 1 2 2 1 13 13 13 2 7 7 13 1 2 2 11 9 11 9 9 11 12 14
split_gain=55.4561 1.58024 1.5234 1.03121 1.01162 0.90552 0.797969 0.677762 0.942433 0.980053 0.903778 1.24098 0.987841 0.773235 0.716554 0.674238 0.942433 0.630724 1.64736 0.629876 1.50678 1.14003 1.10709 0.837967 0.747727 0.697153 0.657255 0.625058 1.67723 0.608061
threshold=0.022628002498816965 0.022644289869261477 8.5000000000000018 0.047163662417578141 8.5000000000000018 0.036601037503785898 2.5000000000000004 5.5000000000000009 3.5000000000000004 2.5000000000000004 21.500000000000004 1.5000000000000002 1.6987012200490532 0.30641155586020813 1.5916370541143403 18.500000000000004 1.0000000180025095e-35 1.0000000180025095e-35 1.9045222101047388 1.5000000000000002 5.5000000000000009 6.5000000000000009 0.011656004753648098 9.0411041535398358 2.7450665405410772 9.0234856047750949 7.0608597345663666 1.2281439571743611 0.20596900030616466 0.067858485438324859
decision_type=2 2 2 2 2 2 2 2 2 2 2 2 2 2 2 2 2 2 2 2 2 2 2 2 2 2 2 2 2 2
left_child=1 6 5 4 -2 -3 -1 8 10 -10 19 12 14 -13 -12 16 -9 -17 -19 20 22 24 -5 26 25 -22 27 28 -23 -21
right_child=3 2 -4 7 -6 -7 -8 15 9 -11 11 13 -14 -15 -16 17 -18 18 -20 29 21 23 -24 -25 -26 -27 -28 -29 -30 -31
leaf_value=-0.00018655710775800617 -4.2192665847114148e-06 -8.1405067479908851e-05 -0.00027404696190562737 0.0041683330442913334 -0.00021904446246456485 0.00015989425692348016 -0.00036688087056625524 2.2659342893137286e-05 -0.0006939655884401003 -0.00016389752418688423 0.00012486082121159639 -0.00042816103493422531 -0.0022262135115926102 -0.00084116017689629436 0.0063219654292448971 0.00048530834300733054 -0.0014399177148312547 -0.00032381413362368087 0.025245428104946933 0.00030610105761070833 0.0013879373050084602 -0.00018448320072404138 -0.00070217199508335526 0.0011267897500122188 -0.0018641626727517473 -0.00069497468378713673 -0.00020090542781597611 -0.0025529409539650281 0.0061065176259276757 0.00019022337556016066
leaf_weight=1702 525 877 1485 41 612 48 6521 7884 4077 20166 5395 1763 2367 6425 317 3941 212 58 40 283 1398 42 3988 786 532 105 9253 76 46 15944
leaf_count=1702 525 877 1485 41 612 48 6521 7884 4077 20166 5395 1763 2367 6425 317 3941 212 58 40 283 1398 42 3988 786 532 105 9253 76 46 15944
internal_value=-0.000581939 -0.003989 -0.00286307 -0.000162039 -0.00165787 -0.00127027 -0.00431898 -0.000142063 -0.000199579 -0.000454359 -7.29078e-05 -0.000377145 6.25065e-05 -0.000810944 0.000418416 0.000203954 -5.92897e-05 0.000731616 0.00469388 7.93981e-05 -0.00014047 0.000135642 -0.000979152 -7.98797e-05 0.00121622 0.00178643 -0.00021079 0.00292683 0.00579545 0.000299808
internal_weight=96909 10633 2410 86276 1137 925 8223 85139 73004 24243 48761 16267 8079 8188 5712 12135 8096 4039 98 32494 16267 12238 4029 10203 2035 1503 9417 164 88 16227
internal_count=96909 10633 2410 86276 1137 925 8223 85139 73004 24243 48761 16267 8079 8188 5712 12135 8096 4039 98 32494 16267 12238 4029 10203 2035 1503 9417 164 88 16227
is_linear=0
shrinkage=0.05


Tree=158
num_leaves=31
num_cat=0
split_feature=14 4 12 13 12 2 8 0 14 8 14 0 9 14 14 14 0 8 8 0 14 12 13 14 12 14 1 14 12 9
split_gain=56.7363 1.67742 1.44995 0.959776 0.905037 0.648566 0.581621 0.571672 1.00373 0.907826 1.72464 0.913418 1.49605 1.03539 1.05926 0.898747 3.2194 3.08708 1.12232 3.23147 1.92393 1.69239 1.2103 1.10529 1.0684 2.24228 1.41803 1.72078 1.12488 1.02113
threshold=0.022628002498816965 1.0000000180025095e-35 0.019727422722089709 0.025591243527251378 0.021302881434901031 15.500000000000002 1.5000000000000002 11.500000000000002 1.3506517479241213 1.0000000180025095e-35 0.59995196162031739 1.0000000180025095e-35 8.2681440413724285 0.065571124312808565 0.086295104002923687 0.8111321174248185 9.5000000000000018 3.5000000000000004 1.5000000000000002 1.0000000180025095e-35 0.66942980461417545 1.2571163216650165 0.5024463444124877 0.081845263849881819 0.023429542018370841 0.26049975660661623 3.5000000000000004 0.21491882147311586 0.014205593701191656 8.3666439757892714
decision_type=2 2 2 2 2 2 2 2 2 2 2 2 2 2 2 2 2 2 2 2 2 2 2 2 2 2 2 2 2 2
left_child=1 2 -1 6 -3 -4 -2 9 -9 10 11 12 -5 -13 -15 16 18 -17 19 -11 21 23 -23 -21 25 26 -25 -28 -27 -18
right_child=3 4 5 7 -6 -7 -8 8 -10 15 -12 13 -14 14 -16 17 29 -19 -20 20 -22 22 -24 24 -26 28 27 -29 -30 -31
leaf_value=-0.00019782980319012333 -0.00032010232340555907 -0.00035479296681115667 0.00013708283409591748 -0.00084000336139348076 -0.00021259727609054436 -4.0732287036454889e-05 -8.577394679017326e-05 0.00047592102080567383 -0.00036565025046209824 0.0051253137488689463 -0.0030238054481308493 5.3869221475994108e-05 0.0029915688701645437 -0.0002977645276187614 -0.00013266997856192767 -0.0027506469276898245 0.0060859396019823375 0.0016404118749715479 -7.3304797728303148e-05 0.00037881127216479499 -0.0038160419284315205 0.0056337279345720203 0.0021620641412199355 0.0020969887752165964 -0.00010786005877307269 -0.0011385319251407829 0.003663676068386669 0.00031200317593659547 0.00072868874476722349 0.0020397404377582593
leaf_weight=1072 163 6323 101 403 2832 372 388 14669 33770 409 723 1319 364 2113 5398 5211 321 2549 10930 237 562 56 171 75 3937 524 40 189 1424 175
leaf_count=1072 163 6323 101 403 2832 372 388 14669 33770 409 723 1319 364 2113 5398 5211 321 2549 10930 237 562 56 171 75 3937 524 40 189 1424 175
internal_value=-0.000533465 -0.00396729 -0.00244337 -0.000106829 -0.00422447 -0.000137422 -0.00218693 -9.34346e-05 1.97143e-05 -0.000241046 -0.000639536 -0.000462125 0.00119296 -0.00060589 -0.00083278 -8.76551e-05 9.71117e-05 -0.000541238 -9.16364e-06 0.000456452 0.000211364 0.000448669 0.00469163 0.000298785 0.000170463 0.00103908 0.00503289 0.0030786 0.00041581 0.00407258
internal_weight=96820 10700 1545 86120 9155 473 551 85569 48439 37130 10320 9597 767 8830 7511 26810 19050 7760 18554 7624 7215 6653 227 6426 6189 2252 304 229 1948 496
internal_count=96820 10700 1545 86120 9155 473 551 85569 48439 37130 10320 9597 767 8830 7511 26810 19050 7760 18554 7624 7215 6653 227 6426 6189 2252 304 229 1948 496
is_linear=0
shrinkage=0.05


Tree=159
num_leaves=31
num_cat=0
split_feature=14 12 4 12 14 13 4 9 4 14 6 1 14 14 0 8 14 12 2 12 14 12 12 14 0 1 1 12 14 14
split_gain=51.8558 2.12134 2.27239 1.62462 1.02545 0.856233 0.713716 0.699613 0.638665 0.613449 0.566966 0.842665 0.81368 1.0955 0.544655 0.673432 0.862979 0.977626 0.816667 0.92872 0.787875 1.16605 0.704263 1.1694 1.34402 0.82699 1.69475 0.825965 0.805011 0.799944
threshold=0.022628002498816965 0.020480177178761039 8.5000000000000018 0.036601037503785898 0.019392261370377317 0.069094771518869988 3.5000000000000004 8.9106362855643972 1.0000000180025095e-35 0.016268773914346567 1.0000000180025095e-35 1.5000000000000002 0.27902878525081015 0.33806301758129265 19.500000000000004 1.5000000000000002 1.0934280538995245 0.2941640170233652 9.5000000000000018 0.19513604225284981 1.3768368967954074 0.6646058647154115 0.2941640170233652 1.7142594256379193 22.500000000000004 5.5000000000000009 3.5000000000000004 2.2499799031666559 1.9004715023551899 2.1386486113466212
decision_type=2 2 2 2 2 2 2 2 2 2 2 2 2 2 2 2 2 2 2 2 2 2 2 2 2 2 2 2 2 2
left_child=1 6 3 4 -3 8 9 -6 -2 -1 14 -12 -13 -14 -7 16 17 18 19 -16 21 -17 -18 27 25 26 29 -24 -27 -25
right_child=5 2 -4 -5 7 10 -8 -9 -10 -11 11 12 13 -15 15 20 22 -19 -20 -21 -22 -23 23 24 -26 28 -28 -29 -30 -31
leaf_value=-0.00021948508351122328 8.5290506271006378e-05 -0.00013578263769545382 -0.00026272514709592773 0.00015354061067222665 -4.9035037784383675e-05 -9.4245327394682602e-05 -0.00035876745969939624 5.3406260310190812e-05 -0.0001039007047243153 -0.00013981190161554586 0.0001965441066090886 -0.00070356905406901828 0.0012979687768816424 -0.0015786622340425924 0.008170878781078271 -5.7414738178495023e-06 -0.0030659011470636549 0.014899192983929117 -0.0018400036216371181 0.0011735605774113411 -0.0031443030864915233 0.0065592734641930286 0.0033584836617022093 0.0045930220547399326 -0.019439043557212304 0.0095581834593510915 -0.0044855803344543968 0.01224654121064158 0.003251487537262654 -0.00077617752867658696
leaf_weight=948 604 985 2178 47 439 60536 5360 65 3995 708 1938 793 107 3177 56 3380 740 62 120 64 2500 311 2279 1507 125 151 1092 107 790 1702
leaf_count=948 604 985 2178 47 439 60536 5360 65 3995 708 1938 793 107 3177 56 3380 740 62 120 64 2500 311 2279 1507 125 151 1092 107 790 1702
internal_value=-0.000547975 -0.00382572 -0.00285945 -0.00138672 -0.00167562 -0.000139664 -0.00433723 0.000158729 -0.000803437 -0.00342995 -0.000102225 -0.000569411 -0.000977436 -0.00063033 -6.50154e-05 0.000204857 0.00048607 0.00311258 0.00166667 0.00458333 -0.000194639 0.000269573 0.000392675 0.000533341 0.000123904 0.000246088 -4.76645e-05 0.00145432 0.00158873 0.000531317
internal_weight=96866 10730 3714 1536 1489 86136 7016 504 4599 1656 81537 6015 4077 3284 75522 14986 8795 302 240 120 6191 3691 8493 7753 5367 5242 4301 2386 941 3209
internal_count=96866 10730 3714 1536 1489 86136 7016 504 4599 1656 81537 6015 4077 3284 75522 14986 8795 302 240 120 6191 3691 8493 7753 5367 5242 4301 2386 941 3209
is_linear=0
shrinkage=0.05


Tree=160
num_leaves=31
num_cat=0
split_feature=13 12 4 8 4 2 9 11 6 3 13 2 9 11 8 9 12 10 12 9 1 13 12 12 9 9 10 13 10 9
split_gain=51.3175 2.72777 2.23865 1.28892 1.27694 1.08008 0.820497 0.807531 0.788537 0.848756 0.82655 0.727337 0.67416 0.961828 0.750775 0.73535 0.665114 0.591903 0.587646 0.557991 0.554413 0.525107 0.594168 0.726727 0.520767 0.486789 0.460519 0.530846 0.63575 0.456097
threshold=0.032127325037693298 0.022644289869261477 8.5000000000000018 3.5000000000000004 1.0000000180025095e-35 15.500000000000002 8.3365875429847378 0.99909786633030162 1.0000000180025095e-35 1.0000000180025095e-35 0.12202150562992516 6.5000000000000009 7.7237463484566824 0.19372693912842709 2.5000000000000004 7.5307873048590457 0.014832145907619042 8.9497017820357705 0.016174109248933727 9.0303522680558377 2.5000000000000004 0.10601297916026479 1.7432444020016746 2.2088749738977822 7.6006524191134508 7.0973673913061956 7.4238407521978749 0.38142354505681708 7.4817256062530708 7.2704360359721107
decision_type=2 2 2 2 2 2 2 2 2 2 2 2 2 2 2 2 2 2 2 2 2 2 2 2 2 2 2 2 2 2
left_child=1 4 3 -3 5 18 20 8 9 11 -10 12 13 24 15 -15 -14 25 -1 -8 -5 -11 -23 -24 -2 -9 -12 -28 -29 -13
right_child=7 2 -4 6 -6 -7 19 17 10 21 26 29 16 14 -16 -17 -18 -19 -20 -21 -22 22 23 -25 -26 -27 27 28 -30 -31
leaf_value=-6.9143722160369859e-05 -0.00054007511930913863 -9.094630997613148e-05 -0.00021147910518476092 -0.00010112824233106659 -0.00030954800061611495 -0.00016985217244708345 0.00013389095076239761 -0.0027225274099097144 -0.0004070954862727572 -0.00014850499883897617 -0.00066394568166370203 0.00021057227220974706 0.0047824084082936109 0.00067381870325863467 0.00041796776190820373 0.01202412575501864 0.0001000931303116733 -0.0023306921056596478 0.00012780107190766749 5.0940010392868915e-05 5.6397693218271871e-05 -0.00016313899332381888 -0.004794653063340204 0.00032458524107148521 0.0007307850822270693 0.00024912072407654132 -0.0004339939067868647 0.0064706210425472784 0.00047498902620944839 -4.1150810497963907e-05
leaf_weight=48 90 929 1815 79 7111 1124 48 989 620 3308 959 857 61 44 78 47 1409 409 141 61 124 13462 558 354 49 40544 445 48 690 20581
leaf_count=48 90 929 1815 79 7111 1124 48 989 620 3308 959 857 61 44 78 47 1409 409 141 61 124 13462 558 354 49 40544 445 48 690 20581
internal_value=-0.000506377 -0.00364547 -0.00236584 -0.000729252 -0.00410969 -0.00267708 0.00205128 -8.53964e-05 -0.000235915 -0.000180695 -0.00105359 1.80898e-05 0.000989875 0.00311688 0.00565089 0.00873626 0.000544216 7.12877e-05 0.000820105 0.00555046 0.000172413 -0.000441693 -0.000310979 -0.00154605 3.597e-05 8.99273e-05 -0.000588236 7.185e-05 0.000894308 -6.2507e-05
internal_weight=97082 11480 3056 1241 8424 1313 312 85602 43660 40898 2762 23216 1778 308 169 91 1470 41942 189 109 203 17682 14374 912 139 41533 2142 1183 738 21438
internal_count=97082 11480 3056 1241 8424 1313 312 85602 43660 40898 2762 23216 1778 308 169 91 1470 41942 189 109 203 17682 14374 912 139 41533 2142 1183 738 21438
is_linear=0
shrinkage=0.05


Tree=161
num_leaves=31
num_cat=0
split_feature=14 12 4 8 12 2 4 13 11 0 14 12 14 4 14 12 9 0 14 13 4 12 14 8 13 14 8 14 11 14
split_gain=51.0207 2.07065 2.27013 1.0546 0.974861 0.850494 0.776516 0.749511 0.654228 0.7298 1.29928 0.87831 1.604 0.873253 0.767726 0.815125 1.50417 0.775858 0.978742 0.721043 1.25955 0.704106 0.68742 2.09712 1.36306 1.33695 1.13024 1.81979 2.0041 1.81114
threshold=0.024121603797408502 0.019485612502206737 8.5000000000000018 3.5000000000000004 0.032781885571144261 14.500000000000002 2.5000000000000004 0.022852585698754712 0.42536474294466392 2.5000000000000004 0.96754055282421392 0.11005735760406847 0.065571124312808565 3.5000000000000004 0.069870493580420953 0.016174109248933727 8.0548697101053381 1.0000000180025095e-35 0.59995196162031739 0.044898928177376569 1.0000000180025095e-35 0.14994059852619793 0.33806301758129265 2.5000000000000004 0.15236272482519106 0.42384005681624831 1.0000000180025095e-35 0.77234689896875075 0.016121106078620551 0.72009244182909959
decision_type=2 2 2 2 2 2 2 2 2 2 2 2 2 2 2 2 2 2 2 2 2 2 2 2 2 2 2 2 2 2
left_child=1 6 3 5 -5 -3 -1 -2 9 10 14 19 13 -13 15 -9 -17 22 -19 20 -11 -14 24 25 -16 -24 -27 28 -28 -30
right_child=7 2 -4 4 -6 -7 -8 8 -10 11 -12 12 21 -15 17 16 -18 18 -20 -21 -22 -23 23 -25 -26 26 27 -29 29 -31
leaf_value=-0.00017930488017023929 -0.00014680839155578758 -0.0001338594044460167 -0.00024442040434044364 -2.3576134859514214e-05 0.00014477927789074581 -1.217564987202153e-05 -0.00032594689464277384 3.3450534409252328e-06 6.1891215080911463e-05 0.00012090698284229457 -0.0075567083348584037 0.00040813133097848138 -0.00026978253809456482 4.9973401291694147e-05 -0.00032097976664976395 0.001129167698287664 0.0001867930239436986 -3.6080767142267693e-05 -0.0041750466123010067 -0.00043909301348497187 -0.000107438635318056 -0.00012734260182777044 0.0038751434825998981 -0.001251898861164714 0.0012364494419238401 -0.00020374522012013837 0.0029946856169459361 0.0010180605951750476 0.012868307124530371 0.0031730051444665815
leaf_weight=1346 193 1319 2801 179 70 444 4912 143 55978 81 289 269 2227 907 166 40 80 7390 345 862 515 12579 69 917 583 1070 208 615 50 44
leaf_count=1346 193 1319 2801 179 70 444 4912 143 55978 81 289 269 2227 907 166 40 80 7390 345 862 515 12579 69 917 583 1070 208 615 50 44
internal_value=-0.000487172 -0.00368124 -0.00290152 -0.00162028 0.0014257 -0.00205048 -0.00428092 -7.41661e-05 -6.71345e-05 -0.000257905 4.20506e-05 -0.000464451 -0.000357278 0.00142007 0.000123719 0.00279468 0.00583333 6.24061e-05 -0.000223013 -0.00163923 -0.000302015 -0.000498448 0.00065556 0.000314496 0.00200934 0.00120136 0.000963763 0.00225191 0.00543046 0.0114894
internal_weight=96691 11071 4813 2012 249 1763 6258 85620 85427 29449 12009 17440 15982 1176 11720 263 120 11457 7735 1458 596 14806 3722 2973 749 2056 1987 917 302 94
internal_count=96691 11071 4813 2012 249 1763 6258 85620 85427 29449 12009 17440 15982 1176 11720 263 120 11457 7735 1458 596 14806 3722 2973 749 2056 1987 917 302 94
is_linear=0
shrinkage=0.05


Tree=162
num_leaves=31
num_cat=0
split_feature=14 14 5 11 2 5 6 9 6 1 1 13 12 8 2 7 8 12 14 0 8 10 14 13 2 0 13 14 14 12
split_gain=47.7468 2.34314 1.55427 1.26055 1.20654 1.10089 0.896899 0.908758 0.847931 0.913094 1.22165 0.66369 1.05312 0.653394 0.628211 0.632161 0.602774 0.596072 0.66888 0.800448 0.641508 0.557961 0.543155 0.539136 0.966458 0.650261 0.871161 1.22225 0.822517 1.25711
threshold=0.024121603797408502 0.01897636194442591 1.0000000180025095e-35 0.024735986732953356 16.500000000000004 1.0000000180025095e-35 1.0000000180025095e-35 8.9106362855643972 1.0000000180025095e-35 3.5000000000000004 5.5000000000000009 0.33069641203793926 0.014407615121636243 3.5000000000000004 11.500000000000002 1.0000000180025095e-35 1.5000000000000002 1.2416670953716158 2.0744882328909844 17.500000000000004 1.0000000180025095e-35 8.9497017820357705 2.4906633606924822 1.6987012200490532 23.500000000000004 12.500000000000002 0.30641155586020813 0.32424495138584525 1.0130834839572627 1.5260017570108799
decision_type=2 2 2 2 2 2 2 2 2 2 2 2 2 2 2 2 2 2 2 2 2 2 2 2 2 2 2 2 2 2
left_child=1 2 -1 5 -4 -3 7 16 9 -2 23 -10 -13 -9 15 17 -5 -12 -19 -20 22 -16 -21 25 -25 28 27 -27 29 -11
right_child=8 3 4 6 -6 -7 -8 13 11 10 14 12 -14 -15 21 -17 -18 18 19 20 -22 -23 -24 24 -26 26 -28 -29 -30 -31
leaf_value=-0.00028936235921769475 5.4244522982340361e-05 -0.0002003314815765793 -2.9823919150109488e-07 -0.00014219183410228204 -0.00021945531647101624 -5.237857055929527e-05 -0.00036045681932440389 3.3614859966080071e-05 -0.00032932338666350939 -0.00014781724523629835 -0.00020328104854311086 0.0046366355112434027 -0.00066452514443701791 0.00013550014649180888 0.00045509856588682609 -0.00083026643777540281 2.6970251019871783e-05 0.0020013198769723343 -0.0085108407148690151 0.014297051927508523 -0.0038001427875773265 -0.00072933696567073372 -0.00015352536128008729 -0.0048099490150528817 0.00034228193126030639 0.00023517421529551915 -0.00015012727492713453 0.0037228701383548533 -0.0031198104310375448 0.0019150151204696806
leaf_weight=7155 42936 1239 368 431 916 268 188 85 1343 9059 2940 45 4706 45 6073 168 401 2109 392 138 266 62 140 2850 1230 108 8839 40 1644 657
leaf_count=7155 42936 1239 368 431 916 268 188 85 1343 9059 2940 45 4706 45 6073 168 401 2109 392 138 266 62 140 2850 1230 108 8839 40 1644 657
internal_value=-0.000498809 -0.00358508 -0.00399277 -0.00229018 -0.00239097 -0.00324154 -0.00104348 -0.000426197 -9.94239e-05 -5.59327e-05 -0.000239004 -0.000667871 -0.000390445 0.00346154 0.000167642 -0.00018934 -0.00103366 -0.000104429 0.000385877 -0.000726497 0.000514705 0.000525671 0.00219424 -0.000443568 -0.000968138 -0.00033838 -2.05865e-05 0.00378378 -0.00058979 -0.000414781
internal_weight=96841 11096 8439 2657 1284 1507 1150 962 85745 79651 36715 6094 4751 130 12288 6153 832 5985 3045 936 544 6135 278 24427 4080 20347 8987 148 11360 9716
internal_count=96841 11096 8439 2657 1284 1507 1150 962 85745 79651 36715 6094 4751 130 12288 6153 832 5985 3045 936 544 6135 278 24427 4080 20347 8987 148 11360 9716
is_linear=0
shrinkage=0.05


Tree=163
num_leaves=31
num_cat=0
split_feature=14 12 4 8 4 0 9 13 4 14 0 14 0 11 14 12 14 8 12 14 2 0 14 0 10 12 13 12 1 13
split_gain=50.3121 2.1551 1.99356 1.33587 1.13757 1.00396 1.10455 0.717539 0.698566 0.925498 0.742581 0.925974 1.27089 0.875367 0.97147 1.78464 0.779472 2.38824 1.06527 1.29387 0.685914 0.668813 0.842024 1.0992 0.807683 1.01489 0.768026 1.00745 1.04559 0.82458
threshold=0.024121603797408502 0.020744651813237997 8.5000000000000018 3.5000000000000004 3.5000000000000004 3.5000000000000004 8.3365875429847378 0.022852585698754712 1.0000000180025095e-35 0.060904787669005034 10.500000000000002 1.3419024302228508 22.500000000000004 0.12661141321606034 0.40455183758037494 0.33449836375219416 0.86746141427363688 3.5000000000000004 1.4000859301482402 0.58731392421636974 5.5000000000000009 1.0000000180025095e-35 0.66942980461417545 9.5000000000000018 8.113791154661202 0.032781885571144261 0.61323818738018654 0.014407615121636243 1.5000000000000002 0.25471490476112818
decision_type=2 2 2 2 2 2 2 2 2 2 2 2 2 2 2 2 2 2 2 2 2 2 2 2 2 2 2 2 2 2
left_child=1 4 3 -3 -1 -5 -7 -2 9 -9 16 13 -13 -12 15 -15 18 20 21 -20 -18 24 26 -24 25 -10 29 -28 -29 -23
right_child=7 2 -4 5 -6 6 -8 8 10 -11 11 12 -14 14 -16 -17 17 -19 19 -21 -22 22 23 -25 -26 -27 27 28 -30 -31
leaf_value=-0.00015659792290825843 -0.000137729230743201 -0.00010178684232501103 -0.00021235516607544751 -2.4774625918690647e-05 -0.00030005244115930297 3.5475113702180736e-05 0.00015006505570974314 0.0002300391987430357 0.00055173951281839147 0.00022647019178781479 -0.0015034312832232549 -0.00018796195172963602 -0.0064391922562072965 0.00029693805930667649 0.00054614096720668754 0.0031413103068749638 -0.0071349692141923675 0.00077747170799656292 0.0035215430879945797 0.0011792158285070427 -0.0035411601743985063 -4.1647451435135119e-05 -0.0046645534882887524 0.001085365775002094 -0.00096028098806108747 0.0045155880179030385 -0.0028570901856398269 0.0032631613576566002 0.00033698848064127069 -0.00062359415223480657
leaf_weight=1779 202 1346 2269 83 5470 80 55 275 2447 11919 578 29658 994 262 13249 93 488 1723 80 928 1522 14843 563 214 390 62 56 182 402 4401
leaf_count=1779 202 1346 2269 83 5470 80 55 275 2447 11919 578 29658 994 262 13249 93 488 1723 80 928 1522 14843 563 214 390 62 56 182 402 4401
internal_value=-0.000454029 -0.0036239 -0.00266502 -0.00129156 -0.00413092 0.00233945 0.005 -4.33188e-05 -3.62726e-05 0.000314088 -9.46891e-05 3.18942e-05 -0.000122669 0.000365956 0.000446926 0.00302817 -0.00029522 -0.000968391 -0.000192935 0.00139881 -0.0021393 -0.000261037 -0.000360826 -0.00197555 0.000450154 0.000779194 -0.000297728 0.00140625 0.00202055 -0.000354397
internal_weight=96613 11082 3833 1564 7249 218 135 85531 85329 12194 73135 44834 30652 14182 13604 355 28301 3733 24568 1008 2010 23560 20661 777 2899 2509 19884 640 584 19244
internal_count=96613 11082 3833 1564 7249 218 135 85531 85329 12194 73135 44834 30652 14182 13604 355 28301 3733 24568 1008 2010 23560 20661 777 2899 2509 19884 640 584 19244
is_linear=0
shrinkage=0.05


Tree=164
num_leaves=31
num_cat=0
split_feature=14 4 14 4 14 6 1 2 2 1 10 14 10 1 8 10 2 1 11 8 10 0 13 13 2 10 11 14 0 7
split_gain=45.4572 2.80926 1.39254 0.948369 0.795717 0.764751 0.849674 1.08631 0.855873 0.734443 0.798983 0.674005 0.65162 0.6502 0.68334 0.598668 0.643287 0.579917 0.570302 0.784557 0.553784 0.604626 0.566708 0.912221 0.55333 0.622618 0.560894 0.518202 0.574358 0.773049
threshold=0.022628002498816965 3.5000000000000004 0.01897636194442591 8.5000000000000018 0.016268773914346567 1.0000000180025095e-35 3.5000000000000004 10.500000000000002 28.500000000000004 1.5000000000000002 7.2566203706691299 0.25236997910659409 8.0631905169155207 2.5000000000000004 1.0000000180025095e-35 6.3950671084078259 2.5000000000000004 5.5000000000000009 0.026871497003358596 2.5000000000000004 7.6533165591898715 15.500000000000002 2.426028852094464 1.9366410877964759 14.500000000000002 7.3194233265470983 0.020960480762499119 1.7343742541738503 16.500000000000004 1.0000000180025095e-35
decision_type=2 2 2 2 2 2 2 2 2 2 2 2 2 2 2 2 2 2 2 2 2 2 2 2 2 2 2 2 2 2
left_child=1 4 -3 12 13 6 8 15 -2 10 -7 -11 -4 14 -1 -8 -17 27 -5 -20 -12 -22 23 -23 25 -6 -26 28 -9 -30
right_child=5 2 3 18 24 9 7 17 -10 11 20 -13 -14 -15 -16 16 -18 -19 19 -21 21 22 -24 -25 26 -27 -28 -29 29 -31
leaf_value=0.00010081623489655337 0.00011558941202918995 -0.00027271664275594422 -9.5526863949716042e-05 -0.00022516130448738876 -2.4612780500407795e-05 -0.00078509596230945378 -0.00077766576363600586 -7.465854214626827e-05 -0.0001981938566139627 -0.00040828136627099978 0.0011341634852912535 -0.0009597851670158933 9.2604193794975926e-05 -0.00020675509547764972 -9.7826839112220973e-05 -0.00059657170239896988 -0.00015521377182299535 0.00033261759831232737 -0.00016317566503221479 2.1216572687082125e-05 -0.0002570044827043071 0.00097188855874179552 -0.013050670864467137 0.0087465040901099963 -6.7363558536611857e-05 -0.00012875664453545078 5.8051099320594464e-05 -0.0037989172040258853 0.0011523140440993368 0.0042335406359865282
leaf_weight=49 34916 6420 404 807 261 636 563 6442 8226 828 619 3244 78 790 317 3984 15878 6153 317 140 470 179 40 62 566 408 148 1278 2364 63
leaf_count=49 34916 6420 404 807 261 636 563 6442 8226 828 619 3244 78 790 317 3984 15878 6153 317 140 470 179 40 62 566 408 148 1278 2364 63
internal_value=-0.000465599 -0.00353807 -0.00398971 -0.00273769 -0.00208547 -8.2903e-05 -4.17581e-05 -0.000218517 0.00010871 -0.000623562 0.00015952 -0.00100933 -0.000850624 -0.00305363 -0.00131148 -0.000461446 -0.000415871 8.58884e-05 -0.00345728 -0.00204595 0.000839415 -7.32369e-05 0.00176156 0.00267635 -0.00127621 -0.00230942 -0.000308124 -0.00014635 -1.07127e-05 0.000644828
internal_weight=96650 10705 8166 1746 2539 85945 79867 36725 43142 6078 2006 4072 482 1156 366 20425 19862 16300 1264 457 1370 751 281 241 1383 669 714 10147 8869 2427
internal_count=96650 10705 8166 1746 2539 85945 79867 36725 43142 6078 2006 4072 482 1156 366 20425 19862 16300 1264 457 1370 751 281 241 1383 669 714 10147 8869 2427
is_linear=0
shrinkage=0.05


Tree=165
num_leaves=31
num_cat=0
split_feature=14 4 14 13 11 12 7 6 8 14 2 9 0 8 14 12 14 12 0 14 13 12 14 12 10 2 9 14 9 9
split_gain=41.3295 2.52313 1.19563 1.19248 0.966967 0.819915 0.715596 0.671349 0.663079 0.482367 0.696069 0.523228 0.474514 0.784011 0.799218 0.832608 1.28952 1.16464 0.57305 0.84443 0.815436 0.552638 0.513587 0.506352 0.716868 0.630842 0.891424 0.690769 0.831674 0.691049
threshold=0.021707794896444324 3.5000000000000004 0.01827846770095903 0.025591243527251378 0.024057643094045584 0.014205593701191656 1.0000000180025095e-35 1.0000000180025095e-35 1.5000000000000002 0.016806078634039653 14.500000000000002 7.9913279541171791 19.500000000000004 1.0000000180025095e-35 2.5697686166586133 0.23801269327374347 1.213379077275677 0.28214596688078336 22.500000000000004 1.4887791821174821 1.2943031707695509 0.25370637152879755 1.3952280761848197 4.1612021925986946 6.5216906299781039 22.500000000000004 7.754928050820121 2.5268017676855781 7.9792781835293516 7.7468993138603315
decision_type=2 2 2 2 2 2 2 2 2 2 2 2 2 2 2 2 2 2 2 2 2 2 2 2 2 2 2 2 2 2
left_child=1 5 -3 8 -4 -1 9 -6 -2 -7 11 -11 23 14 15 22 17 21 19 20 -18 -17 -14 -5 -25 27 -27 28 29 -26
right_child=3 2 4 12 7 6 -8 -9 -10 10 -12 -13 13 -15 -16 16 18 -19 -20 -21 -22 -23 -24 24 25 26 -28 -29 -30 -31
leaf_value=-0.00022280798623393832 -0.00022927701347881754 -0.00026342763716581018 -0.00020650366700211473 -7.8379025098921059e-05 -5.5867674525033104e-05 -0.00013729407354621731 0.00012998519077485728 -0.0003189243176028481 -4.7994456693690706e-05 -1.4146317852434521e-05 2.4181727424357492e-05 -0.00013798375670091162 -9.8703510661945273e-05 -8.0881650563594085e-05 -0.0073422043189795283 0.0063000188723374914 0.0088047288161674266 0.018799388569033348 -0.0037222404419796958 0.0033456363111234069 0.0044693724921303505 -0.00087901551294638385 -0.012530973949175742 0.014421507076974783 -0.0084389137261902513 -0.011768726288023114 0.0070436936226744131 -0.0067999489253675154 -0.0016215931020780951 0.037799539184382648
leaf_weight=375 285 5826 1110 68140 753 1010 48 151 532 187 488 332 635 11504 404 45 49 42 273 2917 72 61 114 52 82 65 435 324 421 120
leaf_count=375 285 5826 1110 68140 753 1010 48 151 532 187 488 332 635 11504 404 45 49 42 273 2917 72 61 114 52 82 65 435 324 421 120
internal_value=-0.000455955 -0.00345331 -0.00389031 -0.000100034 -0.00284012 -0.00204918 -0.0016586 -0.00162611 -0.00200123 -0.00180218 -0.00102781 -0.00230251 -8.19206e-05 0.00016257 0.000713355 0.000917299 0.00124458 0.00581081 0.00104047 0.00123766 0.00533058 0.00301887 -0.000594127 -0.000138501 0.000770512 0.000563233 0.002 -0.000195355 0.00077849 0.00341584
internal_weight=96852 10280 7840 86572 2014 2440 2065 904 817 2017 1007 519 85755 16116 4612 4208 3459 148 3311 3038 121 106 749 69639 1499 1447 500 947 623 202
internal_count=96852 10280 7840 86572 2014 2440 2065 904 817 2017 1007 519 85755 16116 4612 4208 3459 148 3311 3038 121 106 749 69639 1499 1447 500 947 623 202
is_linear=0
shrinkage=0.05


Tree=166
num_leaves=31
num_cat=0
split_feature=14 4 14 0 2 1 10 9 8 8 14 14 0 14 8 14 0 14 1 9 2 10 14 14 9 1 1 4 11 9
split_gain=39.5741 2.61886 2.52652 0.737866 0.648335 0.752809 0.65641 0.612202 0.75593 0.761011 0.892997 0.745237 1.13506 1.82316 1.29598 1.38842 1.07092 2.0532 1.80806 0.926811 0.771667 1.66998 0.640583 0.617415 0.598417 0.597057 0.578737 0.570987 0.686295 1.09956
threshold=0.022628002498816965 8.5000000000000018 0.016537912614722906 9.5000000000000018 13.500000000000002 2.5000000000000004 7.8888694828249184 8.4022731314817474 1.0000000180025095e-35 2.5000000000000004 0.07579886385575714 0.91978011693624928 1.0000000180025095e-35 0.64016356270154462 1.5000000000000002 0.66942980461417545 8.5000000000000018 0.49973006638848472 2.5000000000000004 7.6696021677863273 29.500000000000004 7.5848577578353913 0.027473859133533174 0.65351835533872782 9.0920390351113571 2.5000000000000004 3.5000000000000004 5.5000000000000009 0.017404503881724414 8.2342691559977776
decision_type=2 2 2 2 2 2 2 2 2 2 2 2 2 2 2 2 2 2 2 2 2 2 2 2 2 2 2 2 2 2
left_child=1 2 4 7 -1 6 -6 8 22 10 -10 12 14 16 15 -12 20 -18 -19 -20 -14 25 -2 -24 -5 -22 -21 -17 29 -29
right_child=3 -3 -4 24 5 -7 -8 -9 9 -11 11 -13 13 -15 -16 27 17 18 19 26 21 -23 23 -25 -26 -27 -28 28 -30 -31
leaf_value=-0.00024135857558669701 -0.00024693967757717525 -0.00024019216802352095 -7.0612142817837845e-05 -4.0502242186874491e-05 -4.2042979216151505e-05 -0.00019231859338223413 0.00022978690731855712 -0.00013584602521692277 0.00026823746985857338 -5.4972015999824622e-05 0.012770086467818471 -0.005422894148983652 6.4525866281921573e-05 -0.0032369994937210748 -0.00042695332784517472 0.00047436216328116955 0.0054636968627523579 0.004993751989119272 0.0053271597095246965 0.0043884805875340277 -0.0013523270121896394 0.0029867892221597876 -9.2322628003686314e-05 -0.0063761181237176187 0.0011725138075455901 0.00091250849845397701 -0.0024718730145046708 -0.0024768326149686905 0.0066727536331939912 0.0074281030452155858
leaf_weight=1711 143 5497 2433 53305 260 688 52 9333 273 8237 53 296 4203 633 86 180 44 100 59 42 81 63 5092 98 3459 68 169 122 108 82
leaf_count=1711 143 5497 2433 53305 260 688 52 9333 273 8237 53 296 4203 633 86 180 44 100 59 42 81 63 5092 98 3459 68 169 122 108 82
internal_value=-0.0004455 -0.00332253 -0.00251167 -9.08745e-05 -0.00356142 -0.00255 -0.000512822 -0.000293422 -0.00013889 4.39615e-05 0.000441308 0.000321645 0.000440668 0.000208714 0.00244849 0.00334862 0.000539448 0.00297101 0.00175676 -0.000370372 0.000311437 0.00325472 -0.000649729 -0.000558768 1.46208e-05 0.000369126 -0.00191943 0.00252032 0.0038141 0.00210784
internal_weight=96970 10641 5144 86329 2711 1000 312 29565 20232 14899 6662 6389 6093 5462 631 545 4829 414 370 270 4415 212 5333 5190 56764 149 211 492 312 204
internal_count=96970 10641 5144 86329 2711 1000 312 29565 20232 14899 6662 6389 6093 5462 631 545 4829 414 370 270 4415 212 5333 5190 56764 149 211 492 312 204
is_linear=0
shrinkage=0.05


Tree=167
num_leaves=31
num_cat=0
split_feature=14 4 14 13 8 12 12 2 1 2 2 2 9 9 4 4 13 1 2 2 2 10 9 9 6 14 14 12 11 10
split_gain=39.3504 2.44845 2.33881 1.01844 0.780743 0.721585 0.651565 0.570797 0.636037 0.533369 0.532514 0.616953 0.981362 0.814792 0.517078 0.76222 0.513588 0.581365 0.879421 0.625235 1.2347 0.753394 0.734776 0.771728 0.712852 0.9505 0.969389 0.765313 1.00307 0.90894
threshold=0.021707794896444324 9.5000000000000018 0.016806078634039653 0.025591243527251378 1.5000000000000002 0.016909315208142959 0.021602113120035484 13.500000000000002 3.5000000000000004 24.500000000000004 14.500000000000002 15.500000000000002 8.2153473904155874 8.8842933752927973 6.5000000000000009 3.5000000000000004 2.4937006309686711 3.5000000000000004 2.5000000000000004 3.5000000000000004 5.5000000000000009 6.8595602066316461 7.6696021677863273 7.7468993138603315 1.0000000180025095e-35 0.27902878525081015 0.2989680364959823 0.026997949692522578 0.013736085451027684 6.8595602066316461
decision_type=2 2 2 2 2 2 2 2 2 2 2 2 2 2 2 2 2 2 2 2 2 2 2 2 2 2 2 2 2 2
left_child=1 2 7 4 -2 -4 -6 -1 -9 -3 -7 12 -12 -13 15 -8 17 19 -19 22 21 -21 -5 -24 27 -26 -27 28 -22 -30
right_child=3 9 5 16 6 10 14 8 -10 -11 11 13 -14 -15 -16 -17 -18 18 -20 20 24 -23 23 -25 25 26 -28 -29 29 -31
leaf_value=-0.00023051188765986399 -0.00021050215724341837 -0.00030171278511349769 -0.00020199577457506664 0.0016540400672611756 -0.00015066106958671951 -7.0786634849089039e-05 -3.2416874335973769e-05 -5.765027509907221e-05 -0.00020326611705885939 -0.0001872224515431616 0.00020008812640658061 -3.2979471743332478e-05 -7.8638955668230737e-05 6.2472304038160284e-05 -3.9473744770834888e-05 9.4490758369844568e-05 -0.0014184926447008833 -0.00055665431603374243 -5.7357313800311839e-05 -0.00146606282991438 -3.2026812936726549e-05 -0.00029462898192150706 -0.00099362478580743434 0.0003717439691460193 -0.00030658901588870042 0.0013835358200674234 -0.00021133348941759609 6.6628435702234098e-05 -0.00030637016293480322 0.00063650042378302735
leaf_weight=1987 286 2989 508 627 95 1457 105 443 598 1917 45 301 48 40 278 59 5346 4016 30919 448 1492 3317 255 2858 1345 63 3900 28065 366 2744
leaf_count=1987 286 2989 508 627 95 1457 105 443 598 1917 45 301 48 40 278 59 5346 4016 30919 448 1492 3317 255 2858 1345 63 3900 28065 366 2744
internal_value=-0.000438366 -0.00335479 -0.002623 -9.03181e-05 -0.00184083 -0.00145686 -0.000716947 -0.0035469 -0.00259846 -0.00416429 -0.0010074 0.000529953 0.00413978 -0.000454547 9.04965e-05 0.00231707 -7.35195e-05 -4.1971e-05 -0.000195364 7.58563e-05 2.0363e-05 -0.000843295 0.000695186 0.000380661 0.00010599 -0.000431425 -4.16363e-05 0.000193313 0.000790959 0.00130225
internal_weight=96917 10333 5427 86584 823 2399 537 3028 1041 4906 1891 434 93 341 442 164 85761 80415 34935 45480 41740 3765 3740 3113 37975 5308 3963 32667 4602 3110
internal_count=96917 10333 5427 86584 823 2399 537 3028 1041 4906 1891 434 93 341 442 164 85761 80415 34935 45480 41740 3765 3740 3113 37975 5308 3963 32667 4602 3110
is_linear=0
shrinkage=0.05


Tree=168
num_leaves=31
num_cat=0
split_feature=14 4 12 0 1 12 2 12 10 11 14 11 0 13 13 4 11 13 9 9 11 12 12 10 0 11 11 13 0 9
split_gain=39.4865 2.67198 2.82138 1.03924 0.907368 0.768319 0.761028 0.688319 0.631165 0.834568 0.53882 0.948654 1.50166 0.920364 0.73763 1.27464 0.646196 0.632522 0.592771 0.786229 0.810392 1.36114 1.10429 0.75952 0.696323 0.672393 0.640191 0.629776 0.587426 0.550364
threshold=0.027473859133533174 9.5000000000000018 0.020480177178761039 11.500000000000002 3.5000000000000004 0.026997949692522578 14.500000000000002 0.032781885571144261 7.2929468154835293 0.033297531923641543 1.6014300663913297 2.065805809405481 18.500000000000004 1.0522151197720431 1.3768289722579556 8.5000000000000018 0.2793347194160965 1.086776935934002 8.6764404406004125 8.9106362855643972 0.87036170344509667 1.0934661344549224 1.3346499513179573 7.6447098686468502 22.500000000000004 6.5797783177436804 0.37429226967300683 1.4821797522496689 12.500000000000002 8.0017353034470329
decision_type=2 2 2 2 2 2 2 2 2 2 2 2 2 2 2 2 2 2 2 2 2 2 2 2 2 2 2 2 2 2
left_child=1 2 4 -2 6 -3 -1 -4 -9 -10 11 -5 -13 -12 15 17 -15 -14 23 25 21 27 -23 24 26 -20 -18 -21 -25 -28
right_child=3 5 7 10 -6 -7 -8 8 9 -11 13 12 14 16 -16 -17 18 -19 19 20 -22 22 -24 28 -26 -27 29 -29 -30 -31
leaf_value=-0.00014565576310306388 -8.7289462796453311e-05 -0.00024205975022012125 -5.3149157515764011e-05 0.00018040568911847896 -0.00023612450671835268 -0.0001023335574198472 -3.6807770356930592e-05 -2.2732731113403297e-05 0.00011665215587570184 4.7282703689656457e-05 -0.0080757313512507586 0.0014223051832203495 -0.0050004656069826186 -0.0067403819829027784 0.0043854088992722143 0.018706031522610876 0.0084965250065847011 0.015369381961392845 0.0039247413206856445 0.0064180124739433549 -0.00054065752616789533 0.023545909172006774 0.0088971312845997647 -0.012843684762452207 -0.013554926613468507 0.018548787121293642 -0.00076985651918224296 -0.0059701961961413971 -0.001846482763311794 0.0013182201177252743
leaf_weight=1599 37005 4702 1879 18977 1791 736 524 86 40 81 434 4209 43 192 251 54 128 82 1590 59 2596 45 76 157 180 55 8256 154 3973 7013
leaf_count=1599 37005 4702 1879 18977 1791 736 524 86 40 81 434 4209 43 192 251 54 128 82 1590 59 2596 45 76 157 180 55 8256 154 3973 7013
internal_value=-0.000426796 -0.00318587 -0.00245833 -5.78178e-05 -0.00324987 -0.0039886 -0.00255064 -0.000973156 0.00176328 0.00409091 9.43851e-05 0.000265497 0.000906444 -6.78509e-05 0.00372093 0.00617318 -2.73772e-05 0.0034 -4.5313e-06 0.000508196 1.70637e-05 0.00233533 0.00657025 -0.000123561 3.62702e-05 0.00138298 7.24155e-05 -7.04237e-05 -0.000726393 4.28962e-05
internal_weight=96967 11438 6000 85529 3914 5438 2123 2086 207 121 48524 23616 4639 24908 430 179 24474 125 24282 4575 2930 334 121 19707 15577 1645 15397 213 4130 15269
internal_count=96967 11438 6000 85529 3914 5438 2123 2086 207 121 48524 23616 4639 24908 430 179 24474 125 24282 4575 2930 334 121 19707 15577 1645 15397 213 4130 15269
is_linear=0
shrinkage=0.05


Tree=169
num_leaves=31
num_cat=0
split_feature=14 4 11 12 14 8 13 13 14 13 11 11 12 13 11 1 13 13 0 14 0 1 1 13 11 1 0 12 10 11
split_gain=37.55 2.34364 1.27638 1.02042 0.995249 1.05891 0.819281 1.01087 0.866686 0.706308 0.893825 0.879903 0.689115 0.684607 0.801866 0.659942 0.725085 0.715029 0.603074 1.59803 1.33785 0.730788 0.678936 0.585787 1.85727 0.905812 1.06815 0.834114 0.724953 0.572111
threshold=0.020959597967979939 2.5000000000000004 0.024057643094045584 0.014205593701191656 0.027473859133533174 3.5000000000000004 0.049167290738655396 0.025591243527251378 0.084109403795395443 0.092677121775998877 0.24560590960793319 0.029629561384067773 0.11005735760406847 0.028001245651700264 0.027715354007347662 3.5000000000000004 0.064186623883692964 0.089893813027290118 5.5000000000000009 0.053813276110247325 6.5000000000000009 2.5000000000000004 1.5000000000000002 0.74060853787073677 0.35109510405903438 5.5000000000000009 18.500000000000004 0.43231017910896119 8.0631905169155207 1.1290066874173572
decision_type=2 2 2 2 2 2 2 2 2 2 2 2 2 2 2 2 2 2 2 2 2 2 2 2 2 2 2 2 2 2
left_child=1 3 -3 -1 5 -2 7 -6 9 10 11 -8 -13 14 -7 16 -10 -18 -9 20 -20 22 -21 29 -25 27 -27 -26 -29 -17
right_child=4 2 -4 -5 6 13 8 18 15 -11 -12 12 -14 -15 -16 23 17 -19 19 21 -22 -23 -24 24 25 26 -28 28 -30 -31
leaf_value=-0.00018900839303717873 -0.00011444467197999115 -0.00022923831199613597 -0.00013639956586175006 -5.8276045784414836e-05 -0.000808297406305962 -2.2637132879934226e-05 0.00011324888496439488 4.6260122325830998e-06 -0.00063595820181541144 -0.00035189574660025923 0.00011578085144798648 -0.00040754282732263027 -0.00011475720583926679 -0.0001162728020083883 9.2503346277724571e-05 -1.269767705671966e-05 0.00021238929941860059 4.73075872413775e-05 0.0006343196534571077 0.00017752149213903472 5.7259220054475471e-05 -1.2882685001198118e-05 0.00068394225644844461 -0.0025308160912773802 0.0031499918148658783 -0.00036883431614878766 0.0031205287891876575 -0.0017455038691762117 0.00069000906904990826 0.0011906482623502967
leaf_weight=362 1145 5573 2413 1563 61 106 684 450 153 590 402 613 2342 91 172 10089 947 44706 61 119 50 328 65 1759 390 4856 2376 10909 1918 1332
leaf_count=362 1145 5573 2413 1563 61 106 684 450 153 590 402 613 2342 91 172 10089 947 44706 61 119 50 328 65 1759 390 4856 2376 10909 1918 1332
internal_value=-0.000429755 -0.00334527 -0.00372277 -0.00177922 -9.65254e-05 -0.00136724 -7.39449e-05 0.00126102 -9.19528e-05 -0.000756857 -0.000520912 -0.000768069 -0.00114213 0.000962058 0.00219424 -5.31893e-05 7.02953e-05 8.18116e-05 0.00161696 0.0026244 0.00806306 0.00144531 0.00396739 -0.000221387 -0.000371039 -0.000236932 0.000212941 -0.000483091 -0.000552352 6.96074e-05
internal_weight=96625 9911 7986 1925 86714 1514 85200 1134 84066 4631 4041 3639 2955 369 278 79435 45806 45653 1073 623 111 512 184 33629 22208 20449 7232 13217 12827 11421
internal_count=96625 9911 7986 1925 86714 1514 85200 1134 84066 4631 4041 3639 2955 369 278 79435 45806 45653 1073 623 111 512 184 33629 22208 20449 7232 13217 12827 11421
is_linear=0
shrinkage=0.05


Tree=170
num_leaves=31
num_cat=0
split_feature=14 4 12 8 12 9 13 8 1 2 12 2 8 6 13 12 1 14 11 14 0 1 9 12 13 2 14 4 2 2
split_gain=33.7095 2.8249 2.71237 1.16067 0.792127 0.791447 0.784881 0.752889 0.699817 0.788171 0.699439 0.62754 0.653431 0.614047 0.686617 1.39573 0.605836 0.620852 0.574808 0.569251 1.89249 0.808006 0.597561 0.565062 0.549923 0.495176 1.27116 0.528182 0.848041 0.735351
threshold=0.022628002498816965 9.5000000000000018 0.019485612502206737 3.5000000000000004 0.018851908243793732 8.2823117324456152 0.025591243527251378 1.5000000000000002 3.5000000000000004 5.5000000000000009 0.013454374309724354 23.500000000000004 3.5000000000000004 1.0000000180025095e-35 0.044898928177376569 0.048391918360802984 1.5000000000000002 0.27902878525081015 0.026185372129590826 0.053813276110247325 5.5000000000000009 3.5000000000000004 8.1041804848129591 0.17142763520873339 0.42099630865526533 4.5000000000000009 0.073887093182827615 5.5000000000000009 9.5000000000000018 28.500000000000004
decision_type=2 2 2 2 2 2 2 2 2 2 2 2 2 2 2 2 2 2 2 2 2 2 2 2 2 2 2 2 2 2
left_child=1 2 10 8 -3 -5 7 -2 9 -4 -1 -6 -13 14 15 -8 -15 -18 -7 20 21 22 -17 -21 -19 26 -16 28 -27 -29
right_child=6 4 3 5 11 18 13 -9 -10 -11 -12 12 -14 16 25 19 17 24 -20 23 -22 -23 -24 -25 -26 27 -28 29 -30 -31
leaf_value=-0.00029366584330687732 -0.00021496170846465779 -0.0002696650427965817 -0.00026261889548402975 -3.2054519927365764e-06 -0.00019284630859587107 3.2391827636237513e-05 -5.6173956147016047e-05 -4.9602542611513091e-05 -0.00013927432859804889 -1.0928316211729897e-05 -0.00013886269573436968 -0.00013128254330742895 5.0586049942644597e-05 7.5814398291483212e-05 -0.00027024396759910819 0.00036224812436277471 -0.00039539475201952009 0.00066542778079183723 9.9549187462668535e-05 6.7950403658310158e-05 0.00048856732622960624 -0.00017299809897583829 2.3801321410486209e-05 0.00033583618467335837 -0.0015130393765669372 -0.0006068333976380427 -0.00016595763273091161 0.00016501834960035475 -3.1993862303298424e-05 -0.00021562468499980323
leaf_weight=585 173 2534 204 134 1294 46 350 374 629 1124 2880 1160 103 2053 666 41 918 132 57 261 73 87 41 48 3084 3941 15491 26186 24160 8027
leaf_count=585 173 2534 204 134 1294 46 350 374 629 1124 2880 1160 103 2053 666 41 918 132 57 261 73 87 41 48 3084 3941 15491 26186 24160 8027
internal_value=-0.000425168 -0.00306512 -0.00229634 -0.000920694 -0.00391966 0.00238397 -9.55811e-05 -0.00198355 -0.0013209 -0.000670182 -0.00316739 -0.00329879 -0.00250594 -8.35108e-05 -4.61132e-05 0.0013263 -0.000563279 -0.000911951 0.00567961 0.00289474 0.00471074 0.00180473 0.00536585 0.00147249 -0.000584578 -6.18712e-05 -0.000308536 2.08502e-06 -0.000158536 0.000134012
internal_weight=96856 10750 5659 2194 5091 237 86106 547 1957 1328 3465 2557 1263 85559 79372 901 6187 4134 103 551 242 169 82 309 3216 78471 16157 62314 28101 34213
internal_count=96856 10750 5659 2194 5091 237 86106 547 1957 1328 3465 2557 1263 85559 79372 901 6187 4134 103 551 242 169 82 309 3216 78471 16157 62314 28101 34213
is_linear=0
shrinkage=0.05


Tree=171
num_leaves=31
num_cat=0
split_feature=14 12 4 8 4 8 13 0 14 0 9 14 12 11 12 11 8 14 2 4 8 14 10 4 8 13 13 13 12 8
split_gain=34.3533 3.17086 2.51141 1.41799 1.21948 0.755299 0.66263 1.2108 1.629 1.33935 0.896117 0.798255 0.755049 0.94022 0.716662 1.51653 1.21693 1.29002 1.25167 1.06437 0.72654 0.663836 0.793938 0.693288 0.625297 0.670184 0.612379 0.584079 0.583364 0.575377
threshold=0.027473859133533174 0.019271711222591036 8.5000000000000018 1.5000000000000002 3.5000000000000004 1.0000000180025095e-35 0.049167290738655396 5.5000000000000009 0.053813276110247325 6.5000000000000009 7.6153897707972575 0.086295104002923687 0.17142763520873339 0.20737836948696584 0.13734462831246702 0.029629561384067773 1.0000000180025095e-35 0.060904787669005034 3.5000000000000004 7.5000000000000009 1.5000000000000002 0.065571124312808565 6.8557819266806108 8.5000000000000018 3.5000000000000004 0.087291263395237101 0.056092871455200609 2.782590827938173 0.02191745228291692 3.5000000000000004
decision_type=2 2 2 2 2 2 2 2 2 2 2 2 2 2 2 2 2 2 2 2 2 2 2 2 2 2 2 2 2 2
left_child=1 4 3 5 -1 -3 7 10 9 -9 -2 14 13 -10 15 20 17 18 -16 -20 -8 22 23 -17 25 -22 -18 -13 -5 -4
right_child=6 2 29 28 -6 -7 11 8 12 -11 -12 27 -14 -15 16 21 26 -19 19 -21 24 -23 -24 -25 -26 -27 -28 -29 -30 -31
leaf_value=-0.00010846585690205222 8.7907879594648471e-05 -5.1098623477314364e-05 -0.00014959547008083521 -7.6938105612670859e-05 -0.00022024692654626688 -0.00017295088969893858 0.0003092445240295664 0.00076360369164975967 -2.7304212969682618e-05 6.2559200822048737e-05 -0.00020668483460024127 1.9091892655692833e-05 0.00033367341579648084 0.00059716697694914397 -0.00061990268145299286 0.00052547025334382194 -0.0002257077765277507 -0.00019005118136270068 0.0005377597071204739 0.00068406779076352498 2.3804763086070357e-05 -0.00036526271701235985 -0.00024466467712927481 -0.00027737028534774428 0.00071632302668923106 -0.00055238719835033637 0.00023532501139869957 -0.0020535835908134293 4.4209889297229629e-05 -4.8596356461813334e-05
leaf_weight=1433 52 1038 2691 296 4616 346 166 65 392 61 465 76040 84 50 41 42 56 1449 54 55 562 937 757 47 42 159 614 3044 623 396
leaf_count=1433 52 1038 2691 296 4616 346 166 65 392 61 465 76040 84 50 41 42 56 1449 54 55 562 937 757 47 42 159 614 3044 623 396
internal_value=-0.000368408 -0.00294125 -0.00205937 -0.000809814 -0.00372706 -0.00182081 -2.3114e-05 0.00115911 0.00259202 0.00769841 -0.00064797 -3.95539e-05 0.00136882 0.000542985 -0.000653484 -0.00120207 2.20242e-06 -0.000747343 0.00366667 0.00646789 0.000435951 -0.00205553 -0.00104019 0.00342697 -0.000216253 -0.000561721 0.00179104 -8.86327e-07 0.00071273 -0.00299158
internal_weight=96673 11439 5390 2303 6049 1384 85234 1169 652 126 517 84065 526 442 4981 2712 2269 1599 150 109 929 1783 846 89 763 721 670 79084 919 3087
internal_count=96673 11439 5390 2303 6049 1384 85234 1169 652 126 517 84065 526 442 4981 2712 2269 1599 150 109 929 1783 846 89 763 721 670 79084 919 3087
is_linear=0
shrinkage=0.05


Tree=172
num_leaves=31
num_cat=0
split_feature=14 5 2 14 11 13 6 0 14 12 14 10 12 2 13 13 14 12 14 8 14 12 14 12 8 1 2 9 2 14
split_gain=31.1012 2.08002 1.77663 1.59699 1.09405 0.997751 0.936445 0.671606 1.77627 1.6383 0.837516 0.708876 0.661795 0.623291 0.938072 1.21745 0.603188 0.598643 0.985231 1.05466 1.90214 1.72965 0.828134 0.939204 0.797414 0.776803 0.951249 0.659321 0.640444 0.635493
threshold=0.020959597967979939 1.0000000180025095e-35 15.500000000000002 0.014847717527210735 0.024057643094045584 0.025591243527251378 1.0000000180025095e-35 8.5000000000000018 0.13471814537672347 0.14561919094659626 1.5915062091090195 6.7406174861511916 0.02022941081225382 20.500000000000004 0.12649949122913601 0.10960733792093803 0.11502245135679885 0.21840486120628935 0.47177057315336812 1.0000000180025095e-35 0.36853772872751567 0.39007067860011652 0.23707954617091323 0.78721326236926303 2.5000000000000004 3.5000000000000004 18.500000000000004 7.4581302845945263 21.500000000000004 1.0130834839572627
decision_type=2 2 2 2 2 2 2 2 2 2 2 2 2 2 2 2 2 2 2 2 2 2 2 2 2 2 2 2 2 2
left_child=1 3 -3 -1 -5 -2 -6 10 9 -9 11 -7 -4 14 15 16 -11 -10 19 22 21 -21 27 -24 -22 -20 29 -19 -26 -27
right_child=5 2 12 4 6 7 -8 8 17 13 -12 -13 -14 -15 -16 -17 -18 18 25 20 24 -23 23 -25 28 26 -28 -29 -30 -31
leaf_value=-0.00024859260815531577 -6.6275110861392208e-05 0.00013499909169651731 -0.00010435912513741805 -0.00016181668068576465 -6.9876942292438298e-05 -0.00026741827751146547 -0.00028280946263844239 -0.0002790367017212347 -0.00056014076653103579 0.00074354738930755538 -0.0090847872203865167 -4.5542325585705212e-05 -3.99875412167463e-07 0.00089829585179744586 -6.8866402617684351e-05 0.0011666589506643666 -0.00013892080245797014 0.001143607037848972 0.00039920003361494996 0.001958245772519606 0.0077909915648423844 0.0052090740012803545 -0.0011874663851730476 0.0010754002419609441 0.0012975989942421457 0.00033725829704542011 0.00075365308158018018 0.00025411705649053306 -0.0014560757214562166 -0.0013187177004557566
leaf_weight=2511 1130 215 987 3965 1726 2001 275 125 2888 51 132 23037 283 80 95 60 58 55 31650 41 46 44 631 191 438 3137 5213 709 119 14789
leaf_count=2511 1130 215 987 3965 1726 2001 275 125 2888 51 132 23037 283 80 95 60 58 55 31650 41 46 44 631 191 438 3137 5213 709 119 14789
internal_value=-0.000376597 -0.00302249 -0.0012963 -0.00332488 -0.00287965 -7.26488e-05 -0.00192654 -5.31616e-05 3.72381e-05 0.00310234 -0.000270164 -0.000249222 -0.00200788 0.00488372 0.00371212 0.00594674 0.00279816 1.32596e-05 4.88045e-05 0.0010686 0.00270349 0.00970588 0.000359394 -0.000742094 0.00171642 6.47821e-06 -0.00021371 0.0015445 0.00119389 -0.000386591
internal_weight=96682 9962 1485 8477 5966 86720 2001 85590 60420 469 25170 25038 1270 344 264 169 109 59951 57063 2274 688 85 1586 822 603 54789 23139 764 557 17926
internal_count=96682 9962 1485 8477 5966 86720 2001 85590 60420 469 25170 25038 1270 344 264 169 109 59951 57063 2274 688 85 1586 822 603 54789 23139 764 557 17926
is_linear=0
shrinkage=0.05


Tree=173
num_leaves=31
num_cat=0
split_feature=14 4 12 12 12 8 2 13 13 8 12 12 2 14 13 12 14 13 2 11 9 8 14 8 8 14 11 10 9 13
split_gain=30.3421 2.56807 2.34114 0.846278 0.797546 0.702823 0.679559 0.672481 1.06376 0.640544 0.622559 0.570532 0.550518 0.548195 0.638312 0.73071 0.645242 0.631328 0.656036 0.603352 0.785959 0.767257 0.965723 1.02049 1.50092 0.881439 0.769303 0.847172 0.753846 0.739484
threshold=0.022628002498816965 9.5000000000000018 0.020480177178761039 0.023429542018370841 0.013454374309724354 1.5000000000000002 13.500000000000002 0.025591243527251378 0.028001245651700264 1.5000000000000002 0.032781885571144261 0.036601037503785898 23.500000000000004 0.027473859133533174 0.044898928177376569 0.048391918360802984 0.086295104002923687 0.092677121775998877 4.5000000000000009 0.020534942116858006 7.8673648664628155 3.5000000000000004 0.053813276110247325 1.0000000180025095e-35 1.5000000000000002 0.067858485438324859 0.2145647552644607 7.5742375894019602 8.3614891754861134 0.079077928681721546
decision_type=2 2 2 2 2 2 2 2 2 2 2 2 2 2 2 2 2 2 2 2 2 2 2 2 2 2 2 2 2 2
left_child=1 2 4 -3 -1 -4 -6 9 10 -2 -9 -7 -5 -10 15 -15 17 18 -16 20 -20 22 28 25 26 -24 27 -25 -21 -22
right_child=7 3 5 12 6 11 -8 8 13 -11 -12 -13 -14 14 16 -17 -18 -19 19 21 29 -23 23 24 -26 -27 -28 -29 -30 -31
leaf_value=-0.00026969115560913258 -0.00018891063618235271 -0.00021225860922594126 -5.7782787622848056e-05 -0.00015167574203934071 -0.00014306210104305766 7.8140810888816794e-06 -5.7607907568965916e-05 7.5693991096861898e-06 -0.00016676159579186015 -2.7018059084253309e-05 0.00011641198466065711 0.00011083541848003888 -7.0544280791912326e-05 -0.0004017030949355599 -0.00019109529158643356 0.00012705254846801808 -5.1841559156753838e-05 -0.0002601415235109834 0.00048189046725106494 6.2756585884579953e-05 -5.7106634272660969e-05 -0.00053968177640855818 4.1520896322485968e-05 0.00033161884665569005 3.829294699602212e-07 -0.00030767303673774079 -9.7272305307232119e-05 0.00063988148563464938 0.00051196674705219223 0.00067429806326719881
leaf_weight=584 168 3970 1166 532 2196 570 1048 54 211 384 45 45 595 120 987 554 79311 704 112 64 243 235 892 75 695 1136 46 74 40 64
leaf_count=584 168 3970 1166 532 2196 570 1048 54 211 384 45 45 595 120 987 554 79311 704 112 64 243 235 892 75 695 1136 46 74 40 64
internal_value=-0.000401879 -0.00291239 -0.00217419 -0.00372474 -0.00287095 -0.000676587 -0.00256474 -9.01258e-05 -7.8916e-05 -0.00182971 0.00510101 0.000691056 -0.00251553 -8.49094e-05 -7.86168e-05 0.001454 -9.08158e-05 -0.000621391 -0.000410681 -0.000103374 0.00168258 -0.00033313 -0.000119128 -0.00028787 0.00112359 -0.000907299 0.005 0.00674497 0.00461538 0.000374592
internal_weight=96920 10706 5609 5097 3828 1781 3244 86214 85662 552 99 615 1127 85563 85352 674 84678 5367 4663 3676 419 3257 3022 2918 890 2028 195 149 104 307
internal_count=96920 10706 5609 5097 3828 1781 3244 86214 85662 552 99 615 1127 85563 85352 674 84678 5367 4663 3676 419 3257 3022 2918 890 2028 195 149 104 307
is_linear=0
shrinkage=0.05


Tree=174
num_leaves=31
num_cat=0
split_feature=14 4 12 14 13 6 3 12 2 2 8 11 4 13 6 14 13 12 12 0 14 9 1 2 1 8 12 11 14 12
split_gain=28.0371 2.80933 1.61977 1.6184 0.838738 0.803418 0.914131 0.870345 0.665996 1.21429 0.606523 0.537072 0.684796 1.07246 0.484333 1.0793 0.71582 0.743668 0.614849 1.27453 1.24832 0.650171 0.613999 0.825616 0.606518 0.58888 0.593723 0.587049 0.821513 0.576981
threshold=0.021707794896444324 3.5000000000000004 0.017471762174533906 0.016021226436167581 0.025591243527251378 1.0000000180025095e-35 1.0000000180025095e-35 0.016525742666011044 14.500000000000002 15.500000000000002 1.5000000000000002 0.028654021313596716 6.5000000000000009 0.021898487278408107 1.0000000180025095e-35 0.086295104002923687 0.044898928177376569 0.16712540254139388 0.13734462831246702 5.5000000000000009 0.053813276110247325 7.9576248238503249 3.5000000000000004 2.5000000000000004 1.5000000000000002 3.5000000000000004 2.3181706551236823 2.7050664919739842 2.2538453153242952 1.9315817605357493
decision_type=2 2 2 2 2 2 2 2 2 2 2 2 2 2 2 2 2 2 2 2 2 2 2 2 2 2 2 2 2 2
left_child=1 2 -1 -3 11 6 7 -5 10 -10 -4 -2 13 -13 16 -16 17 18 19 -6 -21 -22 -18 -24 25 26 29 28 -28 -17
right_child=4 3 8 5 14 -7 -8 -9 9 -11 -12 12 -14 -15 15 24 22 -19 -20 20 21 -23 23 -25 -26 -27 27 -29 -30 -31
leaf_value=-0.00012369412642110992 -9.1099610358323483e-05 -0.00021455468453267904 -9.9815061353589641e-05 -0.00014391655013704151 4.0374387407377691e-06 -0.00025711852825060431 -0.00012839114003895474 -4.4639610825874165e-05 0.00017921041679750803 -1.5853078501776821e-05 3.1998709439100994e-06 0.00010867638118815124 -7.760747892892773e-05 -0.00016630832402418302 -0.00031438625682324192 0.00010938157841466076 9.1529530183282392e-05 0.00024470556956474905 -0.00020706698816580043 0.00040977643355997567 -0.00018146707581591002 0.00032643558422480794 -0.00054963655442013507 -4.9922048806619567e-05 -0.00049128148860671649 0.0031833317971329566 0.0024504464253328048 -0.0039356291536757999 0.006808534282935483 -0.0068199975653009046
leaf_weight=996 464 3536 458 379 606 462 2040 1446 153 574 235 87 221 42 452 1234 42284 65 93 64 53 92 3975 32044 3859 252 108 59 43 171
leaf_count=996 464 3536 458 379 606 462 2040 1446 153 574 235 87 221 42 452 1234 42284 65 93 64 53 92 3975 32044 3859 252 108 59 43 171
internal_value=-0.000318344 -0.00278675 -0.00129553 -0.00324495 -2.4228e-05 -0.00259649 -0.00236093 -0.00154795 -0.000211269 0.000845941 -0.00132035 -0.00162162 -0.000142858 0.00275194 -9.01189e-06 -0.000435417 2.4218e-05 0.00137204 0.0010022 0.00144172 0.00480861 0.00224138 7.46979e-06 -0.000144231 -0.000249739 0.00049009 0.000139318 0.00261905 0.00427152 -0.000231318
internal_weight=96547 10279 2416 7863 86268 4327 3865 1825 1420 727 693 814 350 129 85454 6178 79276 973 908 815 209 145 78303 36019 5726 1867 1615 210 151 1405
internal_count=96547 10279 2416 7863 86268 4327 3865 1825 1420 727 693 814 350 129 85454 6178 79276 973 908 815 209 145 78303 36019 5726 1867 1615 210 151 1405
is_linear=0
shrinkage=0.05


Tree=175
num_leaves=31
num_cat=0
split_feature=14 12 4 2 13 10 4 14 11 13 6 14 1 1 14 12 8 11 14 11 2 0 0 10 10 4 14 0 13 13
split_gain=27.9767 2.25684 2.38799 0.854768 0.84896 0.848724 0.783423 1.00457 0.608377 0.573677 0.505756 1.35964 0.555603 0.945021 0.76252 1.29215 1.32608 0.78415 0.776059 0.753855 0.889606 0.703956 0.690262 0.690809 0.800638 0.78378 0.575398 0.888856 0.673069 1.5246
threshold=0.020305374991845957 0.01635378004448804 1.0000000180025095e-35 16.500000000000004 0.017119777868013202 6.888668013928366 8.5000000000000018 0.015739209582403674 0.02296748177038133 0.012864436323488082 1.0000000180025095e-35 0.086295104002923687 3.5000000000000004 5.5000000000000009 1.0428862247689232 2.0853656062197135 1.0000000180025095e-35 0.2890576380407171 0.053813276110247325 1.7328606353055538 7.5000000000000009 6.5000000000000009 9.5000000000000018 7.0874860774063952 7.1855444268780495 3.5000000000000004 0.75473980904493376 12.500000000000002 1.0981430099910972 1.1192221283514414
decision_type=2 2 2 2 2 2 2 2 2 2 2 2 2 2 2 2 2 2 2 2 2 2 2 2 2 2 2 2 2 2
left_child=1 -1 3 5 -2 -3 7 -4 -7 -5 12 -12 -6 14 15 16 18 -16 21 -17 -21 -14 23 25 -25 -18 27 -24 -28 -30
right_child=4 2 6 9 10 8 -8 -9 -10 -11 11 -13 13 -15 17 19 22 -19 -20 20 -22 -23 26 24 -26 -27 28 -29 29 -31
leaf_value=-0.00020116534611525278 -7.6428150353231134e-05 0.00016420858972337755 -0.00015299583515617469 -0.00010206842250661045 6.4584276254543862e-05 8.5775325480761915e-05 -0.00014729441000025791 -4.9025542456653387e-05 -0.0001126608714613195 -2.4504781489978478e-05 -0.00022924456500825492 -0.00017514069260094636 0.00033646918273973724 0.00011253243499358335 -0.0068184534881406203 -0.0043557653249098813 0.00039304510745377544 -0.0012083960498928559 -0.00026866425080049409 0.011769660490496034 0.0036811533846399058 -2.5391155457594864e-05 0.0042372258597469731 0.00031789088888770452 -1.8332284635438693e-05 -0.00036792916774138526 -0.00049355928590614996 0.00063486971482856888 0.0064665134996952593 0.0015694029963616953
leaf_weight=3307 354 44 669 80 43646 243 3341 1374 48 387 563 5767 79 12548 385 60 209 11921 3088 41 107 118 213 467 3874 1074 1421 1013 44 333
leaf_count=3307 354 44 669 80 43646 243 3341 1374 48 387 563 5767 79 12548 385 60 209 11921 3088 41 107 118 213 467 3874 1074 1421 1013 44 333
internal_value=-0.000294265 -0.00287212 -0.00230844 0.000236907 -1.40292e-05 0.00216418 -0.00268759 -0.0019163 0.00118557 -0.00114561 -4.08301e-06 -0.00043444 2.96983e-05 -0.000112854 -0.000293902 -1.27679e-05 -8.08694e-05 -0.000571267 -0.000936074 0.00389423 0.00581081 0.0021066 0.000243986 -8.35716e-05 0.000217691 -0.00110289 0.000853173 0.00168842 0.000283647 0.0021618
internal_weight=96818 9493 6186 802 87325 335 5384 2043 291 467 86971 6330 80641 36995 24447 12141 11933 12306 3285 208 148 197 8648 5624 4341 1283 3024 1226 1798 377
internal_count=96818 9493 6186 802 87325 335 5384 2043 291 467 86971 6330 80641 36995 24447 12141 11933 12306 3285 208 148 197 8648 5624 4341 1283 3024 1226 1798 377
is_linear=0
shrinkage=0.05


Tree=176
num_leaves=31
num_cat=0
split_feature=14 12 4 6 4 12 14 10 3 2 9 11 9 9 10 8 11 2 14 13 13 9 4 10 12 13 2 7 9 0
split_gain=26.2006 3.27732 2.16173 0.91052 0.877859 0.839611 0.83132 0.823723 0.701288 1.18215 0.740765 1.32449 0.951489 1.0328 0.808987 0.699921 0.66514 0.643712 0.618708 0.610493 0.610202 0.748712 0.598078 0.564646 0.557977 0.713912 0.552556 0.910933 0.927193 0.700094
threshold=0.027473859133533174 0.017842891276520469 8.5000000000000018 1.0000000180025095e-35 2.5000000000000004 0.032781885571144261 0.01827846770095903 6.5819866644524661 1.0000000180025095e-35 6.5000000000000009 7.6006524191134508 0.22978388595139612 7.4725874097713918 7.2418098744684842 6.8156966903166269 1.5000000000000002 0.010980585576780994 5.5000000000000009 1.3679531999252081 1.2843692771881006 0.44937201345838279 9.0101960930194647 9.5000000000000018 7.2929468154835293 2.5788027413837171 2.5319308328611312 25.500000000000004 1.0000000180025095e-35 8.4333855801208077 1.5000000000000002
decision_type=2 2 2 2 2 2 2 2 2 2 2 2 2 2 2 2 2 2 2 2 2 2 2 2 2 2 2 2 2 2
left_child=1 4 5 6 7 -3 -4 -1 9 10 11 -2 13 19 -14 -8 20 -17 -15 -13 21 -11 -10 -7 -12 -26 -18 29 -29 -28
right_child=8 2 3 -5 -6 23 15 -9 22 16 24 12 14 18 -16 17 26 -19 -20 -21 -22 -23 -24 -25 25 -27 27 28 -30 -31
leaf_value=5.1546714746751962e-05 -0.000520033411057658 -4.2007801887162513e-05 -0.00013826576807662204 -0.00023285249593352474 -0.00018320530770759826 -1.0377790144195606e-05 -0.00010004204038047186 -0.00010529439158170136 -0.00045564754752090036 -0.00015410258988202738 0.00057115862132240444 0.00030318894113001878 0.013223351907625023 0.0041550031292769702 0.0050044178543207181 -7.5392283719289503e-05 -2.335192667567516e-08 1.8808210182467595e-05 -0.009328515566362652 0.011245549020336754 -0.0036248813987510052 0.0011453923098079532 -7.5385929901341283e-05 0.00010647880057423983 -0.0058204330400208407 0.012094159405243485 0.00085435423324606351 0.00061254427190243277 0.020903830423833827 0.00014768311417280417
leaf_weight=59 96 2730 1723 535 3796 73 805 1002 4064 372 3024 41 40 70 71 314 46113 387 88 48 173 49 26424 107 515 81 372 98 50 3545
leaf_count=59 96 2730 1723 535 3796 73 805 1002 4064 372 3024 41 40 70 71 314 46113 387 88 48 173 49 26424 107 515 81 372 98 50 3545
internal_value=-0.000313066 -0.00255008 -0.00183099 -0.00262221 -0.00353819 -0.000807561 -0.00230567 -0.00226673 -1.07824e-05 9.6086e-05 0.000915561 0.00281938 0.00421788 0.00248988 0.00806306 -0.00144754 3.03305e-05 -0.000292441 6.32899e-05 0.00679775 -0.001633 -0.000605702 -0.000203032 0.0025 0.000676794 -0.000721478 5.00207e-05 0.000608855 0.00445946 0.000463364
internal_weight=96865 11531 6674 3764 4857 2910 3229 1061 85334 54846 4074 454 358 247 111 1506 50772 701 158 89 594 421 30488 180 3620 596 50178 4065 148 3917
internal_count=96865 11531 6674 3764 4857 2910 3229 1061 85334 54846 4074 454 358 247 111 1506 50772 701 158 89 594 421 30488 180 3620 596 50178 4065 148 3917
is_linear=0
shrinkage=0.05


Tree=177
num_leaves=31
num_cat=0
split_feature=14 12 4 14 13 12 8 11 14 2 2 10 4 14 8 13 14 14 1 1 10 13 14 13 8 10 0 13 10 12
split_gain=22.3705 2.72394 2.04225 1.03805 0.761493 0.670492 0.643272 0.613143 1.08041 0.78613 0.692521 0.778846 0.59481 0.558154 0.76741 1.35777 0.773998 1.72592 0.954764 1.14225 1.03474 0.897081 0.856634 0.766483 0.664058 1.10957 0.814514 0.698866 0.573071 0.56411
threshold=0.021707794896444324 0.01635378004448804 8.5000000000000018 0.015435897532715202 0.025591243527251378 0.02549002247696816 1.5000000000000002 0.024735986732953356 0.024121603797408502 28.500000000000004 11.500000000000002 7.3903164390418681 9.5000000000000018 0.071981322272154119 3.5000000000000004 0.028001245651700264 0.027473859133533174 0.047163662417578141 2.5000000000000004 5.5000000000000009 7.020237250679477 0.044898928177376569 0.065571124312808565 0.039333188216560365 1.0000000180025095e-35 7.0588475192081717 7.5000000000000009 0.069094771518869988 7.8942441927526135 1.3677312072546379
decision_type=2 2 2 2 2 2 2 2 2 2 2 2 2 2 2 2 2 2 2 2 2 2 2 2 2 2 2 2 2 2
left_child=1 12 3 -3 6 -4 -2 9 10 -8 11 -9 -1 14 16 -16 -6 -18 21 23 -21 -19 28 -20 26 -26 -23 -27 -22 -15
right_child=4 2 5 -5 13 -7 7 8 -10 -11 -12 -13 -14 29 15 -17 17 18 19 20 22 24 -24 -25 25 27 -28 -29 -30 -31
leaf_value=-0.00014522134857898988 -0.00014354673698967804 -0.0001012120431342286 -0.00013718414398520149 -2.1218805260665436e-05 -9.8173289860964912e-05 -5.8566827600822923e-05 -0.0001067856327684729 0.00011818580851298717 -6.6794092936628484e-05 0.00011231096749754005 -4.073168014313177e-05 2.1835696715042697e-05 -0.00023241658091426002 -0.00010056178757085729 9.7253272575235087e-05 -0.00023763274510966992 0.00064537055203067728 0.00071150959753813511 0.00020565757611814978 0.00055394202475631785 0.00071734420391848807 -1.6740546393348541e-05 -0.00040582073103170277 -6.4721676269349635e-05 0.00072680037592035354 -0.00011664631912533385 0.00038707631780977338 0.00039157816599718308 -0.00018919936099762277 9.0974651097982861e-05
leaf_weight=1853 294 825 3006 2352 250 724 161 52 150 52 74 52 1528 45855 57 628 63 71 100 56 78 454 112 1496 42 66 179 52 41 36031
leaf_count=1853 294 825 3006 2352 250 724 161 52 150 52 74 52 1528 45855 57 628 63 71 100 56 78 454 112 1496 42 66 179 52 41 36031
internal_value=-0.000346447 -0.00255055 -0.00198132 -0.00104973 -8.41961e-05 -0.0027748 -0.00158683 -0.000563772 0.000792682 -0.00265258 0.00342697 0.00605769 -0.0037134 -6.95438e-05 0.000527369 -0.000985403 0.000866012 0.0011032 0.000915543 0.00028412 0.00318815 0.00229167 0.00170996 -0.000238096 0.00180958 0.0046875 0.00108215 0.00220339 0.00466386 -9.68431e-05
internal_weight=96754 10288 6907 3177 86466 3730 835 541 328 213 178 104 3381 85631 3745 685 3060 2810 2747 1883 287 864 231 1596 793 160 633 118 119 81886
internal_count=96754 10288 6907 3177 86466 3730 835 541 328 213 178 104 3381 85631 3745 685 3060 2810 2747 1883 287 864 231 1596 793 160 633 118 119 81886
is_linear=0
shrinkage=0.05


Tree=178
num_leaves=31
num_cat=0
split_feature=14 14 4 12 12 1 4 2 13 8 2 12 11 11 11 0 14 12 14 8 0 14 14 12 10 10 10 1 11 13
split_gain=21.0128 2.54839 1.84577 1.1521 0.90269 0.819218 0.860767 0.765578 0.632681 0.580928 0.542113 0.536057 0.532992 0.520709 0.566047 0.522393 1.62112 1.17326 0.82617 0.680212 0.89286 2.21787 1.69611 1.0519 0.923594 0.80232 0.79303 0.676724 0.631903 0.631408
threshold=0.024121603797408502 0.015129678267487529 8.5000000000000018 0.032781885571144261 0.013454374309724354 2.5000000000000004 1.5000000000000002 14.500000000000002 0.022852585698754712 3.5000000000000004 17.500000000000004 0.01997300820677354 0.023507105303736026 6.5797783177436804 4.3598454606994954 8.5000000000000018 0.1241425062426041 0.20017889409664549 1.294277290714531 1.0000000180025095e-35 2.5000000000000004 0.065571124312808565 0.091560473374119808 0.023001842673130119 7.2198555220619971 7.6169807863739329 7.6533165591898715 3.5000000000000004 0.045459919902383739 0.26438069042239559
decision_type=2 2 2 2 2 2 2 2 2 2 2 2 2 2 2 2 2 2 2 2 2 2 2 2 2 2 2 2 2 2
left_child=1 5 3 4 -3 6 -1 -6 -2 -5 -9 -4 -12 14 15 18 17 -17 19 20 22 -22 23 24 -10 28 -27 -26 -24 -21
right_child=8 2 11 9 7 -7 -8 10 13 -11 12 -13 -14 -15 -16 16 -18 -19 -20 29 21 -23 25 -25 27 26 -28 -29 -30 -31
leaf_value=5.1975072429449702e-05 -7.7993854203007966e-05 -0.00015053360823367664 -0.00013760968636701372 -2.5807899672351732e-05 -6.5320708608320707e-05 -0.00019953798739185237 -0.00012951523605426543 2.2315484370132334e-05 0.0003145729190538802 0.00010824072806110994 -6.1119302066047965e-05 -8.7726449203378846e-05 6.7684636112205863e-05 0.0048669841346529984 -0.0017057493041999746 0.0003821891803564481 6.9713486557550572e-05 0.0011128845171174016 -0.006948642999621152 3.6288927705837439e-05 4.9921171107229553e-05 -0.00033458409748821235 -0.00062593078744797707 0.0006489560242301768 0.00089749658959640015 0.0015908423282372252 4.5025427762678337e-05 -0.00011009639766275625 0.0007789113423288858 -0.00033729293732063229
leaf_weight=165 191 147 1851 44 2403 2484 769 457 81 67 406 2266 43 774 2629 237 56954 60 409 10759 1314 2202 1708 50 46 157 1085 173 139 6929
leaf_count=165 191 147 1851 44 2403 2484 769 457 81 67 406 2266 43 774 2629 237 56954 60 409 10759 1314 2202 1708 50 46 157 1085 173 139 6929
internal_value=-0.000295829 -0.00234282 -0.00183759 -0.00100505 -0.00116609 -0.00347864 -0.00221628 -0.00099577 -3.12596e-05 0.00400901 0.000242824 -0.0025589 -0.000991093 -2.48536e-05 -3.66187e-05 -1.35487e-05 6.97792e-05 0.00375421 -0.000203977 -0.000166986 -0.000585911 -0.00114619 -1.30864e-05 0.00328571 0.00216667 -0.000386858 0.000595812 0.000479451 -0.00104765 -2.26261e-06
internal_weight=96999 11102 7684 3567 3456 3418 934 3309 85897 111 906 4117 449 85706 84932 82303 57251 297 25052 24643 6955 3516 3439 350 300 3089 1242 219 1847 17688
internal_count=96999 11102 7684 3567 3456 3418 934 3309 85897 111 906 4117 449 85706 84932 82303 57251 297 25052 24643 6955 3516 3439 350 300 3089 1242 219 1847 17688
is_linear=0
shrinkage=0.05


Tree=179
num_leaves=31
num_cat=0
split_feature=14 14 14 6 11 6 11 2 1 5 3 12 10 12 9 10 1 11 10 9 12 12 9 1 8 8 11 13 14 10
split_gain=19.0629 1.70202 1.21917 1.11712 1.46289 1.07473 0.936105 0.982352 0.933202 1.0961 0.916987 0.899333 1.34733 0.84794 0.820259 0.785503 0.57016 0.553163 0.629881 0.51587 0.513154 0.887433 0.931629 0.682155 0.676794 0.880327 0.665293 0.624793 0.506139 1.02049
threshold=0.01863811319857642 0.015129678267487529 0.024121603797408502 1.0000000180025095e-35 0.027715354007347662 1.0000000180025095e-35 0.034823056712642499 6.5000000000000009 3.5000000000000004 1.0000000180025095e-35 1.0000000180025095e-35 0.023429542018370841 7.6590385051060039 0.014205593701191656 8.061039607437765 7.115675184422277 4.5000000000000009 1.0135009932032066 8.9497017820357705 8.2629566199062712 1.5100280716235479 1.3835488272055205 8.049626465811679 1.5000000000000002 3.5000000000000004 1.0000000180025095e-35 0.96705685249811701 1.365868193493416 0.64016356270154462 7.0315933435224993
decision_type=2 2 2 2 2 2 2 2 2 2 2 2 2 2 2 2 2 2 2 2 2 2 2 2 2 2 2 2 2 2
left_child=1 8 3 4 16 10 7 -6 9 -1 13 19 14 -3 -13 -11 -2 20 28 -9 21 -4 23 -23 25 27 -22 -24 29 -19
right_child=2 5 17 -5 6 -7 -8 11 -10 15 -12 12 -14 -15 -16 -17 -18 18 -20 -21 26 22 24 -25 -26 -27 -28 -29 -30 -31
leaf_value=-0.00012318633186700464 -4.0012061639501611e-05 -0.00014021911749804514 -5.4468130020690979e-05 -0.00019544584487680909 -1.5284313695615522e-05 -0.00025789368093280573 -1.1883570436859962e-05 0.00011400209101050116 -0.0002028789361207852 8.0560553724133455e-05 -0.00011577465205936788 0.00011500856297740502 0.00017787992879693594 -4.092339652203238e-05 -0.00010093628113343698 -1.5012924940024023e-05 -0.00013356750000884335 0.0022210123133782444 -0.0025622310198371873 -0.00015955354375296214 -0.00071290402525333099 0.017801703096026942 -0.0010550477163918457 0.0020857842458447593 0.0071167624114166677 -0.0033957924465590188 -0.0060673824592270536 0.0059697112595126917 0.00016158908378390092 0.00019725135100404613
leaf_weight=1022 1411 245 41931 314 120 337 485 63 2262 46 1681 43 43 2347 46 127 444 376 413 53 1453 65 41 126 45 217 298 60 39302 1456
leaf_count=1022 1411 245 41931 314 120 337 485 63 2262 46 1681 43 43 2347 46 127 444 376 413 53 1453 65 41 126 45 217 298 60 39302 1456
internal_value=-0.000286565 -0.00261374 -7.51659e-05 -0.00106221 -0.000734861 -0.00198482 0.000978897 0.00288043 -0.00345242 -0.00232218 -0.00177042 0.00467742 0.0075 -0.00118056 0.00398876 0.00135838 -0.00152291 -4.03938e-05 9.06191e-05 0.00146552 -0.000163443 -0.00012887 0.0018592 0.00468586 0.0003719 -0.000440253 -0.00100229 0.00341584 0.000110127 0.000922488
internal_weight=96872 8067 88805 3022 2708 4610 853 368 3457 1195 4273 248 132 2592 89 173 1855 85783 41547 116 44236 42485 554 191 363 318 1751 101 41134 1832
internal_count=96872 8067 88805 3022 2708 4610 853 368 3457 1195 4273 248 132 2592 89 173 1855 85783 41547 116 44236 42485 554 191 363 318 1751 101 41134 1832
is_linear=0
shrinkage=0.05


Tree=180
num_leaves=31
num_cat=0
split_feature=14 4 14 14 4 11 6 1 8 13 13 9 11 14 11 10 10 2 8 2 9 10 2 2 2 10 9 2 13 14
split_gain=19.5612 1.69387 1.23554 1.08671 1.17761 0.832675 0.775991 0.985959 1.30711 0.67188 0.60024 0.573981 0.797259 0.53052 0.614018 0.952689 0.50072 0.666667 0.481765 0.596184 0.481113 0.482174 0.460231 0.43928 1.03245 0.551178 0.679288 0.533354 0.708616 0.834262
threshold=0.019392261370377317 3.5000000000000004 0.014566999954595762 0.047163662417578141 8.5000000000000018 0.021935539619587444 1.0000000180025095e-35 3.5000000000000004 1.0000000180025095e-35 0.044898928177376569 0.012062881362494402 8.1529538406859938 0.036722631643962493 0.073887093182827615 0.06490751030597304 7.6997150146093967 6.5819866644524661 16.500000000000004 3.5000000000000004 8.5000000000000018 7.5788482560776034 7.2052692178094775 14.500000000000002 25.500000000000004 28.500000000000004 6.3373233947321248 7.4725874097713918 21.500000000000004 0.058893499034332102 0.11125199692356876
decision_type=2 2 2 2 2 2 2 2 2 2 2 2 2 2 2 2 2 2 2 2 2 2 2 2 2 2 2 2 2 2
left_child=1 10 -3 4 5 -2 7 8 11 13 -1 -4 -13 14 -5 20 17 -12 -9 -20 -16 -22 -18 27 25 -25 -27 -11 -29 -30
right_child=3 2 6 9 -6 -7 -8 18 -10 23 16 12 -14 -15 15 -17 22 -19 19 -21 21 -23 -24 24 -26 26 -28 28 29 -31
leaf_value=-0.00011449432973879002 -5.5336107422762627e-05 -0.00019368726335973385 -5.1836139078626887e-05 0.00034294942886538521 -7.16810121178959e-05 1.5062562666143576e-05 -0.00023902813450002279 -0.00015217198555921458 -0.00010074455863387387 -2.9527173039381669e-05 0.00013774617598038752 1.5920298117389031e-05 6.263935322890234e-05 -0.00013965780984975478 -0.0002112328651530039 0.00041204771399130555 -8.1453249614682271e-05 -9.2600737903123507e-05 -8.7409670195931618e-05 3.6968101995078672e-05 0.00031594747676398887 -6.662941985916797e-05 -2.6035682831140362e-05 0.0018495030573806106 -9.9406633751509689e-05 -0.00077346130551759779 0.00056736289211128314 0.00060909729358229266 -0.00025020085335253155 -0.00026636546950793656
leaf_weight=321 461 2076 372 90 1685 904 451 1523 1805 62332 60 350 60 61 43 93 614 40 51 60 79 118 1058 69 8085 397 5532 47 758 7276
leaf_count=321 461 2076 372 90 1685 904 451 1523 1805 62332 60 350 60 61 43 93 614 40 51 60 79 118 1058 69 8085 397 5532 47 758 7276
internal_value=-0.000297872 -0.00253987 -0.00292531 -7.27037e-05 -0.001 9.15739e-05 -0.00247432 -0.00226368 -0.00165636 -3.94222e-05 -0.00129718 5.11497e-05 0.00134146 0.00181818 0.00244681 0.00145646 -0.000936796 0.0025 -0.00322522 -4.50462e-05 -0.000208335 0.000837562 -0.00114235 -5.00627e-05 0.000204856 0.000701899 0.000650193 -0.000101048 -0.000483233 -0.000519045
internal_weight=96871 8841 6748 88030 3050 1365 4672 4221 2587 84980 2093 782 410 484 423 333 1772 100 1634 111 240 197 1672 84496 14083 5998 5929 70413 8081 8034
internal_count=96871 8841 6748 88030 3050 1365 4672 4221 2587 84980 2093 782 410 484 423 333 1772 100 1634 111 240 197 1672 84496 14083 5998 5929 70413 8081 8034
is_linear=0
shrinkage=0.05


Tree=181
num_leaves=31
num_cat=0
split_feature=14 12 4 8 9 12 11 1 14 10 1 1 2 4 14 4 12 0 0 14 14 14 9 0 14 8 14 9 14 14
split_gain=17.0947 2.51302 2.27176 1.28164 1.23879 1.07909 1.26169 0.989295 0.74355 0.719855 0.837544 0.586264 0.551722 0.519481 0.754059 0.503176 0.495356 0.797157 1.0588 1.29914 1.02607 0.697287 0.77096 0.683267 0.659444 0.818243 0.860365 0.752634 0.853641 0.9299
threshold=0.027473859133533174 0.01635378004448804 8.5000000000000018 3.5000000000000004 8.2823117324456152 0.02191745228291692 0.033297531923641543 3.5000000000000004 0.020959597967979939 6.1922558320835002 1.5000000000000002 3.5000000000000004 25.500000000000004 1.0000000180025095e-35 0.047163662417578141 9.5000000000000018 0.21195280718300627 2.5000000000000004 5.5000000000000009 0.053813276110247325 0.96754055282421392 0.14642576161854132 7.4581302845945263 7.5000000000000009 0.069870493580420953 1.5000000000000002 0.36853772872751567 8.19774807967881 0.58731392421636974 0.35208839802829789
decision_type=2 2 2 2 2 2 2 2 2 2 2 2 2 2 2 2 2 2 2 2 2 2 2 2 2 2 2 2 2 2
left_child=1 11 3 7 8 -6 -7 -3 -5 10 -2 15 -4 14 -11 -1 17 20 -19 -20 24 22 -18 -23 -15 27 -27 -26 29 -29
right_child=9 2 12 4 5 6 -8 -9 -10 13 -12 -13 -14 16 -16 -17 21 18 19 -21 -22 23 -24 -25 25 26 -28 28 -30 -31
leaf_value=-7.246207610896799e-05 0.0059188443204145633 -1.4990187275033206e-05 -0.00013146390991149558 -0.00013362479693761813 -2.6415767095486226e-05 0.00013209929130849379 3.5312429321238245e-05 -9.1945196887351706e-05 3.1608886118519266e-05 0.00053566071314345453 0.00014238280078857088 -0.00017462660756987244 -5.0822050554079154e-05 0.00027428889034697635 0.00017175203199580765 -0.00016893647092070275 0.00080401286110545972 -0.00033061835708606132 0.00021310075140536602 -0.00012107733928868419 -0.0066038899133342753 -0.00048105277617049147 0.00011981213594105785 -4.2020738924249148e-05 -0.00014461403955098626 -6.4953932506009896e-05 -0.001844695663950377 0.00021713794741767546 -0.00036580605326394451 0.0017824437115429804
leaf_weight=783 99 2020 2775 124 49 54 62 1212 95 60 247 2051 1582 204 12159 587 90 568 187 6981 251 1987 1266 51397 2346 3485 611 1655 898 842
leaf_count=783 99 2020 2775 124 49 54 62 1212 95 60 247 2051 1582 204 12159 587 90 568 187 6981 251 1987 1266 51397 2346 3485 611 1655 898 842
internal_value=-0.000293456 -0.00211252 -0.00162611 -0.000699669 0.00203125 0.00530303 0.00793103 -0.00102413 -0.000433791 -5.05678e-05 0.00222543 -0.00324613 -0.002395 -5.98339e-05 0.000241835 -0.00244526 -0.000110489 -0.000337809 -0.000721304 -0.000556642 -4.95542e-05 -3.56241e-05 0.00108407 -6.40653e-05 2.93784e-05 -2.89734e-05 -0.000568849 0.000356209 0.000832105 0.00130757
internal_weight=96727 11394 7973 3616 384 165 116 3232 219 85333 346 3421 4357 84987 12219 1370 72768 18028 7736 7168 10292 54740 1356 53384 10041 9837 4096 5741 3395 2497
internal_count=96727 11394 7973 3616 384 165 116 3232 219 85333 346 3421 4357 84987 12219 1370 72768 18028 7736 7168 10292 54740 1356 53384 10041 9837 4096 5741 3395 2497
is_linear=0
shrinkage=0.05


Tree=182
num_leaves=31
num_cat=0
split_feature=13 12 4 13 11 2 2 9 9 2 6 13 12 13 2 0 0 2 12 12 2 12 13 12 2 10 2 12 0 13
split_gain=14.8074 2.09829 2.17937 1.00882 0.879986 1.31187 1.68646 1.09803 0.787351 0.649824 0.640278 0.912695 0.717696 0.61823 0.643367 0.998116 0.810582 0.852995 0.604477 0.628539 0.575686 0.902255 0.825597 0.775271 1.23721 0.756383 0.728954 0.793939 0.683154 0.607526
threshold=0.024025463833017038 0.013454374309724354 9.5000000000000018 0.012062881362494402 0.028654021313596716 14.500000000000002 15.500000000000002 7.0973673913061956 7.4581302845945263 23.500000000000004 1.0000000180025095e-35 0.36836516127008967 0.52066231261145879 0.014627507163046604 11.500000000000002 4.5000000000000009 3.5000000000000004 6.5000000000000009 0.026184248440403405 0.02191745228291692 5.5000000000000009 0.14994059852619793 0.78152899767063733 0.010856347883850983 10.500000000000002 8.4291586816453528 6.5000000000000009 2.9899760889170972 2.5000000000000004 0.65463554738839358
decision_type=2 2 2 2 2 2 2 2 2 2 2 2 2 2 2 2 2 2 2 2 2 2 2 2 2 2 2 2 2 2
left_child=1 -1 3 -3 5 7 -7 -5 -6 -4 20 12 -12 -10 15 16 17 -15 19 -18 21 28 25 24 -22 -23 27 -25 -2 -30
right_child=10 2 9 4 8 6 -8 -9 13 -11 11 -13 -14 14 -16 -17 18 -19 -20 -21 23 22 -24 26 -26 -27 -28 -29 29 -31
leaf_value=-0.00019747060811815443 -0.00017025268474831477 -9.1142991107618694e-05 -0.00014543152888523279 6.4761394664590368e-05 -0.00022643092471818688 0.00015015960868788013 -3.2057196238219347e-05 -8.2915444961591906e-05 -3.6548679895163874e-05 -8.7568676424179878e-05 -0.00021641956640559737 -0.00026421091141836962 0.0015229200323042778 0.00010181516671727493 0.00010081223118863681 -0.00010104997758134957 4.558128491427339e-05 -0.00012624415353225458 5.4967112475662116e-05 0.00011962308798048149 0.0034222336023069485 0.00018123872975180902 -0.00062223772410794275 0.00051460574644409773 0.00033086358335397741 -0.0010436318012956444 -6.0743919720979305e-06 -0.0045211559711450687 -0.00018513493210267913 0.0014189577770558628
leaf_weight=1027 2909 834 2303 62 59 196 871 2168 188 1932 1521 4736 64 49 126 155 46 110 92 62 45 4094 12137 3742 113 175 55642 341 1182 73
leaf_count=1027 2909 834 2303 62 59 196 871 2168 188 1932 1521 4736 64 49 126 155 46 110 92 62 45 4094 12137 3742 113 175 55642 341 1182 73
internal_value=-0.000282524 -0.00207685 -0.00183886 -0.00113392 -0.000817401 -0.00119351 0.000248359 -0.00188341 0.000580608 -0.00267415 -6.9953e-05 -0.000554502 -0.00159306 0.00097826 0.00171875 0.000933851 0.00238161 -0.00028302 0.0045 0.00703704 -3.18832e-05 -0.000260089 -9.32598e-05 4.65062e-05 0.0035443 0.000504801 3.72529e-05 0.000682095 -0.000917388 -0.00189243
internal_weight=97054 10280 9253 5018 4184 3297 1067 2230 887 4235 86774 6321 1585 828 640 514 359 159 200 108 80453 20570 16406 59883 158 4269 59725 4083 4164 1255
internal_count=97054 10280 9253 5018 4184 3297 1067 2230 887 4235 86774 6321 1585 828 640 514 359 159 200 108 80453 20570 16406 59883 158 4269 59725 4083 4164 1255
is_linear=0
shrinkage=0.05


Tree=183
num_leaves=31
num_cat=0
split_feature=14 12 4 6 11 14 2 10 6 2 2 2 14 2 14 11 14 12 1 12 11 13 10 12 12 11 11 11 10 13
split_gain=15.153 1.89399 2.3679 1.13629 1.34179 0.99388 0.937792 0.918865 0.853096 0.673465 0.687335 0.627516 0.612256 0.564246 0.550612 0.596467 1.21567 0.649439 0.532472 0.530183 1.13558 0.691028 0.667046 0.61403 0.596777 0.612184 1.78239 1.01601 0.525235 0.516787
threshold=0.021707794896444324 0.014205593701191656 1.0000000180025095e-35 1.0000000180025095e-35 0.017404503881724414 0.014566999954595762 17.500000000000004 7.8888694828249184 1.0000000180025095e-35 15.500000000000002 28.500000000000004 27.500000000000004 0.013517528708567098 18.500000000000004 0.091560473374119808 2.7450665405410772 2.6779668097023817 1.9315817605357493 3.5000000000000004 0.41821408167091356 0.24560590960793319 0.076548216057848714 7.115675184422277 0.55415891551107666 0.68367058472598952 0.55908964553542562 0.51305091251275237 0.83922503212625343 8.3226497476675174 1.8455262928542358
decision_type=2 2 2 2 2 2 2 2 2 2 2 2 2 2 2 2 2 2 2 2 2 2 2 2 2 2 2 2 2 2
left_child=1 -1 6 4 18 -6 7 12 9 -2 11 -11 -3 -8 -10 16 -16 -17 -4 21 -21 22 -13 -22 -25 26 -26 -27 -9 -12
right_child=8 2 3 -5 5 -7 13 28 14 10 29 19 -14 -15 15 17 -18 -19 -20 20 23 -23 -24 24 25 27 -28 -29 -30 -31
leaf_value=-0.00016372015786329764 -4.5987763332889755e-05 -0.00024075331124990336 -8.4204879714033602e-05 -0.00018488516142352722 -0.0001134050958090597 -3.5121783874478204e-05 -0.00020997714326071967 0.00016939221913623084 -0.00018279070489064938 0.00016525958150322715 3.395851041032609e-07 0.00068490054755146468 5.9494683868362719e-05 -1.2170674731282125e-05 -0.00017224983321521028 -0.006290599910650326 0.010023583522100619 -0.0022299332923229934 -0.00016966555288653435 0.0036691493281745622 0.0038477407343720099 -0.00023187052848982039 4.1908120268755762e-05 -0.0024887543819281915 0.0025259431768323392 -0.00063977277338918173 0.0090251944602646132 0.0047549457012402742 2.6804298298237236e-05 -0.0036950968356006448
leaf_weight=1588 51353 57 1728 630 716 3474 120 71 552 18540 6846 41 422 459 4199 136 41 1235 972 54 45 535 131 51 161 352 45 618 46 1405
leaf_count=1588 51353 57 1728 630 716 3474 120 71 552 18540 6846 41 422 459 4199 136 41 1235 972 54 45 535 131 51 161 352 45 618 46 1405
internal_value=-0.000243887 -0.00205825 -0.00176826 -0.00209442 -0.00190856 -0.00134845 0.000319148 0.00171141 -2.77983e-05 1.57764e-05 0.000209199 0.000363825 0.000741126 -0.00111399 -0.000594679 -0.000446446 -0.000153303 -0.00135303 -0.00277778 0.00119774 0.00178733 9.19366e-05 0.00284884 0.00148585 0.00127547 0.0015051 0.00398058 0.00097938 0.00568376 -0.000176343
internal_weight=96623 10283 8695 7520 6890 4190 1175 596 86340 80177 28824 20573 479 579 6163 5611 4240 1371 2700 2033 1326 707 172 1272 1227 1176 206 970 117 8251
internal_count=96623 10283 8695 7520 6890 4190 1175 596 86340 80177 28824 20573 479 579 6163 5611 4240 1371 2700 2033 1326 707 172 1272 1227 1176 206 970 117 8251
is_linear=0
shrinkage=0.05


Tree=184
num_leaves=31
num_cat=0
split_feature=14 14 14 3 6 6 8 12 1 2 14 11 14 12 10 0 2 1 13 11 13 12 13 10 10 11 13 2 12 11
split_gain=14.4568 1.41693 1.14673 0.932817 1.3522 0.889612 0.874371 0.952529 0.770581 0.712677 0.6698 0.642894 1.307 1.04956 0.980115 0.792443 0.712108 1.0466 0.689592 0.86749 1.31217 1.44369 1.01838 0.889345 1.1258 1.31572 0.671489 0.661815 0.629696 0.617496
threshold=0.01863811319857642 0.013904522156853769 0.027473859133533174 1.0000000180025095e-35 1.0000000180025095e-35 1.0000000180025095e-35 1.5000000000000002 0.019485612502206737 3.5000000000000004 4.5000000000000009 0.022628002498816965 3.0162205704559386 1.0934280538995245 2.2966739864518382 7.7465933136146496 9.5000000000000018 10.500000000000002 3.5000000000000004 2.1443645615509919 1.9929367320107787 2.782590827938173 0.94265681857819605 2.6683609345475703 7.5848577578353913 7.3932630881070338 1.5390298218923189 2.1871460770382147 11.500000000000002 2.5525349097281964 0.022473484983686818
decision_type=2 2 2 2 2 2 2 2 2 2 2 2 2 2 2 2 2 2 2 2 2 2 2 2 2 2 2 2 2 2
left_child=1 -1 5 4 8 6 10 -8 -3 -9 -2 16 13 15 27 -13 17 18 -4 20 21 -20 23 24 25 -23 -21 28 -15 -18
right_child=2 3 11 -5 -6 -7 7 9 -10 -11 -12 12 -14 14 -16 -17 29 -19 19 26 -22 22 -24 -25 -26 -27 -28 -29 -30 -31
leaf_value=-0.00016284670690933713 -3.5978566986508857e-05 -1.6822558604232385e-05 -1.3453522372436163e-05 -0.00010436217997057028 -0.00021069994201147396 -0.00014526088405740508 -8.2134341445971361e-05 -4.9436028709032322e-05 -7.9652574077236461e-05 2.8868635854774753e-05 -0.00018331081843232027 0.005570942376123462 0.00066675308802170957 0.0016220652671876488 0.011027427483936245 -0.0012485093074814876 0.00021138496309149 -0.00025580522011695955 -0.0076744329011786266 0.01549531477544022 -0.0039602124483096969 -0.0040729156959355929 0.013955664367872093 0.0064325657798907773 0.012486150348445055 0.02499289656743451 -0.0017387068361984954 8.501527275902271e-05 0.014298805028040866 3.7301618049689128e-06
leaf_weight=1915 1454 1815 15691 2199 433 340 331 221 1685 875 215 41 8955 42 69 255 4459 18951 119 54 176 100 45 199 52 99 672 94 41 35228
leaf_count=1915 1454 1815 15691 2199 433 340 331 221 1685 875 215 41 8955 42 69 255 4459 18951 119 54 176 100 45 199 52 99 672 94 41 35228
internal_value=-0.000242965 -0.00227228 -5.90248e-05 -0.0019015 -0.00144038 -0.0009546 -0.000687986 0.000220742 -0.00111429 0.000930656 -0.00146495 -2.29676e-05 0.000364851 0.00274908 0.0051626 0.000743242 -7.15286e-05 -0.000232038 5.0269e-05 0.0010686 0.00221519 0.00330619 0.00449495 0.00377778 0.00575697 0.00404522 -0.000179065 0.00319209 0.00644578 7.47084e-05
internal_weight=96825 8047 88778 6132 3933 3436 3096 1427 3500 1096 1669 85342 9497 542 246 296 75845 36158 17207 1516 790 614 495 450 251 199 726 177 83 39687
internal_count=96825 8047 88778 6132 3933 3436 3096 1427 3500 1096 1669 85342 9497 542 246 296 75845 36158 17207 1516 790 614 495 450 251 199 726 177 83 39687
is_linear=0
shrinkage=0.05


Tree=185
num_leaves=31
num_cat=0
split_feature=14 1 4 14 6 8 10 2 11 1 13 1 11 8 12 8 1 13 4 0 8 14 0 12 14 6 0 14 3 12
split_gain=14.1465 1.55854 1.39427 1.27125 1.7789 0.740859 0.952478 0.719644 0.733911 0.893429 0.72003 0.661915 0.633357 0.623217 0.528827 0.522289 0.512661 0.647381 0.778666 0.574831 1.23546 1.10326 0.904456 1.33547 0.843262 0.892274 0.573689 1.13804 1.44105 1.16725
threshold=0.017961326416467562 3.5000000000000004 9.5000000000000018 0.084109403795395443 1.0000000180025095e-35 1.0000000180025095e-35 7.4671208723153546 6.5000000000000009 0.12661141321606034 4.5000000000000009 0.092677121775998877 5.5000000000000009 0.24560590960793319 1.5000000000000002 0.01598954819888251 1.0000000180025095e-35 3.5000000000000004 2.4937006309686711 7.5000000000000009 19.500000000000004 1.5000000000000002 1.1051255950058894 20.500000000000004 3.2481109671717454 2.1386486113466212 1.0000000180025095e-35 22.500000000000004 1.6288899423526615 1.0000000180025095e-35 0.98315794437631931
decision_type=2 2 2 2 2 2 2 2 2 2 2 2 2 2 2 2 2 2 2 2 2 2 2 2 2 2 2 2 2 2
left_child=1 2 5 4 7 6 -1 8 -2 -10 12 -3 13 14 -9 -14 17 19 -19 -5 21 -21 23 -23 26 -26 27 28 29 -24
right_child=3 11 -4 16 -6 -7 -8 10 9 -11 -12 -13 15 -15 -16 -17 -18 18 -20 20 -22 22 24 -25 25 -27 -28 -29 -30 -31
leaf_value=-2.6902343704131007e-05 -8.7810962759984624e-05 -0.00016263337081677055 -0.00010628876039108951 4.9700562139076473e-05 -0.00015751609390958336 -5.1369402796324969e-05 6.9999270335100163e-05 -0.000137634501597828 -3.5140098728484676e-05 0.00025185532126153782 -0.00029101099059792505 -5.1923226942725006e-05 0.00010620660529054168 1.4692099281762195e-05 -1.9347789034836291e-05 0.00076562935612413613 -0.00010471740461433868 0.00209633860704154 -0.0025571842594681459 0.0078374702763206409 -9.8060788343841046e-05 0.010159935314790362 0.02902222286479816 -0.0092238262951830213 -0.0058209293537379555 0.011510240588819129 0.00064270929247032659 0.0040137714497078172 0.00088833272905028621 0.010685173204959554
leaf_weight=213 2202 2922 1599 34220 778 1546 179 155 424 177 390 811 255 2465 3094 56 33466 1191 2507 85 3696 815 47 111 604 54 1260 1301 75 49
leaf_count=213 2202 2922 1599 34220 778 1546 179 155 424 177 390 811 255 2465 3094 56 33466 1191 2507 85 3696 815 47 111 604 54 1260 1301 75 49
internal_value=-0.000224143 -0.00234526 -0.00159316 -5.18022e-05 -0.000583234 -0.000691436 0.00125 -0.000389457 -0.0010578 0.000490847 -9.74291e-05 -0.00305786 3.73432e-05 -8.22553e-05 -0.00053709 0.00223473 1.50338e-05 0.000123328 -0.000511088 0.000178769 0.000557613 0.00112361 0.00101251 0.00239741 0.000634217 -0.000972646 0.00102123 0.00169157 0.00552631 0.00958333
internal_weight=96747 7270 3537 89477 9996 1938 392 9218 2803 601 6415 3733 6025 5714 3249 311 79481 46015 3698 42317 8097 4401 4316 926 3390 658 2732 1472 171 96
internal_count=96747 7270 3537 89477 9996 1938 392 9218 2803 601 6415 3733 6025 5714 3249 311 79481 46015 3698 42317 8097 4401 4316 926 3390 658 2732 1472 171 96
is_linear=0
shrinkage=0.05


Tree=186
num_leaves=31
num_cat=0
split_feature=14 4 11 6 13 14 6 11 1 13 1 11 11 12 9 14 1 0 9 10 10 13 12 0 10 10 2 2 11 10
split_gain=11.6188 1.93249 1.28923 0.761319 0.760478 0.659593 1.46396 1.89351 0.735691 0.661378 0.648758 0.99254 0.624265 0.83436 0.756013 0.641348 0.613991 0.598571 1.22217 0.579255 0.569817 0.479147 1.6248 0.646821 0.559788 0.786554 0.502976 0.714711 0.691432 0.83162
threshold=0.01897636194442591 3.5000000000000004 0.017404503881724414 1.0000000180025095e-35 0.012062881362494402 0.027473859133533174 1.0000000180025095e-35 0.027715354007347662 4.5000000000000009 0.014156181120857985 3.5000000000000004 0.024057643094045584 0.033297531923641543 0.03057491011296894 8.7790743762438996 0.019838158531449972 3.5000000000000004 3.5000000000000004 7.5175506168870276 8.079201013952007 7.3542622043925308 0.044898928177376569 0.048391918360802984 2.5000000000000004 7.0588475192081717 7.2052692178094775 2.5000000000000004 4.5000000000000009 0.10838185064193546 7.6997150146093967
decision_type=2 2 2 2 2 2 2 2 2 2 2 2 2 2 2 2 2 2 2 2 2 2 2 2 2 2 2 2 2 2
left_child=1 4 16 10 19 6 7 8 -2 -9 11 -4 13 14 15 -11 -3 18 -6 -1 -17 22 23 -7 -24 -26 -27 -28 -29 -30
right_child=5 2 3 -5 17 21 -8 9 -10 12 -12 -13 -14 -15 -16 20 -18 -19 -20 -21 -22 -23 24 -25 25 26 27 28 29 -31
leaf_value=-0.0001455381396248906 -2.6363176858997829e-05 -8.8990103009511186e-05 -7.6716660394333066e-05 -0.00017517493918270622 8.572079585807493e-05 0.00020227151971140213 -0.00013902894887849569 -4.1444350941524042e-05 -0.00011526239864492546 0.00010540199294305977 -9.8922921004351139e-05 6.8408791209215359e-06 1.7696501130523727e-05 0.00014962082133146727 0.00015008553724005065 6.178077418410942e-05 -0.00018039347358727318 1.3182429884409984e-05 -9.0097084256637164e-05 1.2362357294579805e-05 -0.00013297613320080356 -5.0343293980676265e-05 -3.2908260455507297e-05 -0.00098424829740540636 0.00076733018929406251 -0.00011050867756963398 0.00031138088847146371 0.00021666111783296544 -0.00021371102174128263 0.00033528129245327079
leaf_weight=280 1411 1508 789 326 65 50 315 53 405 45 1445 783 605 57 41 65 1578 1038 546 49 76 84349 146 138 58 42 42 136 86 72
leaf_count=280 1411 1508 789 326 65 50 315 53 405 45 1445 783 605 57 41 65 1578 1038 546 49 76 84349 146 138 58 42 42 136 86 72
internal_value=-0.000268068 -0.00204413 -0.00246461 -0.00178433 -0.000677453 -9.8763e-05 -0.00081842 -0.000449602 -0.00139317 0.00136943 -0.0015363 -0.000833335 0.00169291 0.00362676 0.00226872 0.000913977 -0.00320156 -0.00023954 -0.00148118 -0.00287234 -0.000744682 -7.27817e-05 0.00116883 -0.00287234 0.00247423 0.00337156 0.00253968 0.00318452 0.00231292 6.32899e-05
internal_weight=96599 8407 6429 3343 1978 88192 3073 2758 1816 942 3017 1572 889 284 227 186 3086 1649 611 329 141 85119 770 188 582 436 378 336 294 158
internal_count=96599 8407 6429 3343 1978 88192 3073 2758 1816 942 3017 1572 889 284 227 186 3086 1649 611 329 141 85119 770 188 582 436 378 336 294 158
is_linear=0
shrinkage=0.05


Tree=187
num_leaves=31
num_cat=0
split_feature=14 12 4 14 4 9 9 11 1 9 13 2 8 9 14 4 11 13 10 2 8 12 10 9 13 0 10 9 11 12
split_gain=10.8131 1.33757 1.37207 1.1864 0.934327 0.697805 0.596266 0.653652 0.614415 0.607469 0.587237 0.669629 0.643744 0.582837 0.550121 0.517322 0.560478 0.620234 0.477888 0.474207 0.674288 0.639214 0.638356 1.18123 0.472025 0.471313 0.487309 0.462527 0.462336 0.455928
threshold=0.017961326416467562 0.013454374309724354 9.5000000000000018 0.084109403795395443 8.5000000000000018 9.0920390351113571 8.0436098002248517 0.018813966527785261 1.5000000000000002 8.0292358163665423 0.044898928177376569 15.500000000000002 2.5000000000000004 8.2476838746327878 0.013517528708567098 7.5000000000000009 0.10838185064193546 0.092677121775998877 8.2968782095696145 13.500000000000002 1.5000000000000002 0.02549002247696816 7.8942441927526135 9.0303522680558377 0.012062881362494402 9.5000000000000018 8.3551079822954843 8.4678387657438599 5.2271684412942863 0.13279959401290262
decision_type=2 2 2 2 2 2 2 2 2 2 2 2 2 2 2 2 2 2 2 2 2 2 2 2 2 2 2 2 2 2
left_child=1 -1 19 4 6 -5 8 -8 -2 -10 11 -9 -13 -12 -4 16 -15 18 -18 20 21 -3 24 -24 -21 -7 -27 -26 -28 -6
right_child=3 2 14 5 29 25 7 10 9 -11 13 12 -14 15 -16 -17 17 -19 -20 22 -22 -23 23 -25 27 26 28 -29 -30 -31
leaf_value=-0.00016360945580698311 -5.4296303405510442e-05 -8.8913786650742383e-05 -0.00017568453793855894 -9.8245626426603276e-05 -6.7600374419926178e-05 -9.9070582060854903e-05 -8.4377453684711525e-05 4.4661808480010271e-06 5.5927120146881059e-05 0.00027839586452020127 -0.00028394359438624334 1.1580233186312198e-05 0.00015267951474004968 -0.00018954514485810406 -9.97309603503834e-05 -0.00041197344682638524 0.0001764417825964417 -0.00056347763026818015 -0.00040092344355300164 -0.0001766000282611742 -2.3792460166306866e-05 3.4447916625707232e-05 0.00012744682489264489 -0.00013101253703207719 -5.9282188816906432e-06 0.0042640884329387127 0.00096668424516498867 -0.00010968359565852203 -0.0098288499284860803 -3.430555632654585e-05
leaf_weight=1029 452 1379 524 74812 3894 1438 545 900 1260 47 318 65 69 316 2419 92 474 41 75 140 734 97 129 72 689 758 2582 51 69 1422
leaf_count=1029 452 1379 524 74812 3894 1438 545 900 1260 47 318 65 69 316 2419 92 474 41 75 140 734 97 129 72 689 758 2582 51 69 1422
internal_value=-0.000308179 -0.00216371 -0.00188803 -0.000157818 -0.000672017 -9.34621e-05 -0.000154707 -0.000595856 0.000571346 0.00112089 -0.000234044 0.000657639 0.00395522 -0.000934652 -0.00267244 -0.000340683 2.20739e-05 0.000932202 0.00137523 -0.00118657 -0.00160634 -0.00222222 -0.000328401 0.00221393 -0.000909092 0.000487929 0.000808154 -0.000405407 0.000488494 -0.00112491
internal_weight=96892 7263 6234 89629 9970 79659 4654 2895 1759 1307 2350 1034 134 1316 2943 998 906 590 549 3291 2210 1476 1081 201 880 4847 3409 740 2651 5316
internal_count=96892 7263 6234 89629 9970 79659 4654 2895 1759 1307 2350 1034 134 1316 2943 998 906 590 549 3291 2210 1476 1081 201 880 4847 3409 740 2651 5316
is_linear=0
shrinkage=0.05


Tree=188
num_leaves=31
num_cat=0
split_feature=14 4 11 6 14 13 12 13 12 13 11 11 12 11 13 13 10 2 13 13 12 12 11 12 13 12 13 13 11 14
split_gain=10.1245 1.69796 1.68804 0.85957 0.718666 0.664195 0.583643 1.1723 1.08988 1.29647 0.904753 0.782233 0.573671 0.556548 0.549814 0.56511 0.544776 0.524087 0.56823 0.774458 1.19318 1.21331 1.46049 1.00237 0.997403 0.774187 0.704167 0.552551 0.508822 0.50438
threshold=0.01897636194442591 3.5000000000000004 0.017404503881724414 1.0000000180025095e-35 0.015129678267487529 0.010929538203647097 1.8423115137213653 1.2244971556761237 1.8790805478572115 1.1402037631080228 1.0955670715704928 1.4165078373129989 1.7432444020016746 2.7869984834027313 0.8229912233792589 0.9959348209140767 7.007581260813585 24.500000000000004 1.5467497958311716 1.3446528220129588 2.3629150681186144 2.2088749738977822 0.93530309377049814 2.5278353214516947 1.4927723905671002 4.3652583259319444 1.4188394292409696 1.5247060705142805 0.71395200432043016 0.9367563544942582
decision_type=2 2 2 2 2 2 2 2 2 2 2 2 2 2 2 2 2 2 2 2 2 2 2 2 2 2 2 2 2 2
left_child=1 5 -3 4 -4 -1 12 8 9 11 -10 -8 13 -2 -13 -16 -15 -9 19 23 21 22 -21 -19 -22 28 -24 -26 -20 -12
right_child=6 2 3 -5 -6 -7 7 17 10 -11 29 14 -14 16 15 -17 -18 18 25 20 24 -23 26 -25 27 -27 -28 -29 -30 -31
leaf_value=-0.00011466122135083557 -3.7625022786208223e-05 -0.00012838235656414441 -9.1924127700468536e-05 -0.00016245096406899994 -2.9803846493558136e-05 -8.9801199579504896e-06 -0.0065545268376514107 -0.00049546933756425423 -0.0022421866361600948 0.013079022822183857 0.0034915269619742034 -0.00070103660264111186 -0.0018326321178520775 0.0065461015956770133 0.0069061465513148559 0.0062016930620557818 -0.0056338166927894949 -0.0050602719414220305 -0.0059256475574335924 -0.0085488181142277572 -0.0014719707765975254 0.019643520863307368 0.01903539756488852 0.010211303702638707 0.014626326734373455 0.0047335703486601167 0.0026452748157376588 0.00085437511130728109 -6.8053360588032395e-05 0.0012429873186529862
leaf_weight=192 60718 3078 1033 333 1957 1782 51 15770 437 41 499 65 2292 73 54 53 316 209 53 42 280 69 40 148 56 331 80 49 3015 3910
leaf_count=192 60718 3078 1033 333 1957 1782 51 15770 437 41 499 65 2292 73 54 53 316 209 53 42 280 69 40 148 56 331 80 49 3015 3910
internal_value=-0.000263642 -0.00192537 -0.00232073 -0.00153927 -0.0012709 -0.000643365 -0.000106655 9.66248e-05 0.000772993 0.00390151 0.000602558 0.0023991 -0.000187622 -0.000158494 0.00401163 0.00621495 -0.0020437 -7.49689e-05 0.000409422 0.00147482 0.0025487 0.00538961 0.00302469 -0.000378152 0.000844155 0.000104441 0.00583333 0.005 -0.000143417 0.000817645
internal_weight=97026 8375 6401 3323 2990 1974 88651 25252 5110 264 4846 223 63399 61107 172 107 389 20142 4372 973 616 231 162 357 385 3399 120 105 3068 4409
internal_count=97026 8375 6401 3323 2990 1974 88651 25252 5110 264 4846 223 63399 61107 172 107 389 20142 4372 973 616 231 162 357 385 3399 120 105 3068 4409
is_linear=0
shrinkage=0.05


Tree=189
num_leaves=31
num_cat=0
split_feature=14 4 14 6 12 13 6 2 14 12 12 14 14 8 8 0 14 14 0 1 0 14 14 14 14 14 12 14 12 11
split_gain=10.7535 1.55102 1.04167 0.802119 0.711736 1.27643 0.833781 0.741357 0.722015 0.82233 0.898402 0.71811 0.639243 0.605715 1.31538 1.10542 2.21021 1.34654 1.3288 1.40432 1.04473 1.00648 0.974079 2.46898 1.18785 1.16555 1.22026 2.39678 1.15533 0.988064
threshold=0.01863811319857642 3.5000000000000004 0.014566999954595762 1.0000000180025095e-35 0.6091033743276294 0.27394499998834448 1.0000000180025095e-35 21.500000000000004 0.36853772872751567 0.76537315468129263 0.64549097881835227 0.091560473374119808 0.26983293981221812 1.5000000000000002 2.5000000000000004 18.500000000000004 1.4515314580274434 0.99722161406906573 12.500000000000002 2.5000000000000004 10.500000000000002 1.3234149717375743 1.6952142143795002 1.1170251600835941 1.254898667010069 0.47177057315336812 1.3677312072546379 0.73771259894200913 1.8790805478572115 3.0700631488550734
decision_type=2 2 2 2 2 2 2 2 2 2 2 2 2 2 2 2 2 2 2 2 2 2 2 2 2 2 2 2 2 2
left_child=1 -1 -3 -4 6 7 -2 8 9 10 -6 -8 -12 15 21 17 -17 18 -7 -20 -19 -15 23 25 -25 -16 -27 -28 -29 -26
right_child=4 2 3 -5 5 13 11 -9 -10 -11 12 -13 -14 14 22 16 -18 20 19 -21 -22 -23 -24 24 29 26 27 28 -30 -31
leaf_value=-3.3598995856932724e-05 -2.9264982519129278e-05 -0.00013422917646309387 -6.6103948232489016e-05 -0.00015338599815846099 0.002593244089272377 0.00010316083145171415 -0.00014349450147097163 -0.00048809553469180295 -0.00057554336233404935 0.002803112127193353 -0.0019536780460698987 -0.000190571788550363 0.0014267146086202273 -0.00072064585909370872 0.0015925464442092052 0.0099417574556416935 0.00033963148001879377 -0.0072157624079860474 0.0088991631043574201 0.002910988521118638 -0.0011474247540655522 0.0058771123709210711 -0.00078451249206630894 0.0050570494943181837 0.0029191644869751127 -0.002459782230906679 0.0038284863239859477 -0.0040924957521809606 0.00047527898241420981 -0.0019203315814489579
leaf_weight=1890 33826 2076 3706 360 60 4263 809 100 47 77 45 1917 96 445 481 430 8579 526 55 417 16646 1282 8524 902 4760 1531 382 884 747 908
leaf_count=1890 33826 2076 3706 360 60 4263 809 100 47 77 45 1917 96 445 481 430 8579 526 55 417 16646 1282 8524 902 4760 1531 382 884 747 908
internal_value=-0.000241344 -0.00199328 -0.00237871 -0.00191343 -8.2772e-05 3.57357e-05 -0.000251971 0.0027647 0.00392308 0.00489209 0.00320895 -0.00109318 0.00102837 1.33291e-05 0.000221624 -0.00012712 0.000339104 -0.000318849 0.000427665 0.00294491 -0.000524693 0.00154314 0.000102253 0.000422368 0.00101979 -0.000552796 -0.000866254 -5.71299e-05 -0.000892092 0.000751587
internal_weight=96771 8032 6142 4066 88739 52187 36552 425 325 278 201 2726 141 51762 20846 30916 9009 21907 4735 472 17172 1727 19119 10595 6570 4025 3544 2013 1631 5668
internal_count=96771 8032 6142 4066 88739 52187 36552 425 325 278 201 2726 141 51762 20846 30916 9009 21907 4735 472 17172 1727 19119 10595 6570 4025 3544 2013 1631 5668
is_linear=0
shrinkage=0.05


Tree=190
num_leaves=31
num_cat=0
split_feature=14 1 2 14 6 11 1 11 1 1 13 8 14 12 14 0 0 14 10 10 9 14 11 12 10 9 10 12 0 11
split_gain=9.69238 1.63038 1.66691 1.06997 1.08798 0.878636 0.869713 0.777778 0.625177 0.838423 0.780054 1.00922 1.11459 0.641272 0.843314 0.676481 0.607462 0.616918 1.31573 0.607694 0.758701 0.602167 0.6327 0.570745 0.559384 0.803043 0.65956 0.558783 1.00839 0.772233
threshold=0.017961326416467562 3.5000000000000004 20.500000000000004 0.024121603797408502 1.0000000180025095e-35 0.03887794290427448 5.5000000000000009 0.021935539619587444 5.5000000000000009 3.5000000000000004 0.039333188216560365 3.5000000000000004 0.053813276110247325 2.5525349097281964 1.5361014333496903 8.5000000000000018 4.5000000000000009 0.016021226436167581 7.8564486174118766 7.1141086558181206 7.7811776339773031 2.4252354490724621 1.5046791793984504 0.016715340805481042 7.3326074224938536 8.049626465811679 6.9950407810268844 2.8406717104720709 12.500000000000002 2.520327495166955
decision_type=2 2 2 2 2 2 2 2 2 2 2 2 2 2 2 2 2 2 2 2 2 2 2 2 2 2 2 2 2 2
left_child=1 2 5 4 7 16 -3 -2 9 -5 11 12 -11 14 -12 -15 19 18 23 20 -1 22 -17 -18 26 -26 -16 28 -24 -30
right_child=3 6 -4 8 -6 -7 -8 -9 -10 10 13 -13 -14 15 24 21 17 -19 -20 -21 -22 -23 27 -25 25 -27 -28 -29 29 -31
leaf_value=-2.8115555008442596e-06 -5.440554748802788e-05 -0.00012672329067142505 -8.6890329504312334e-05 1.0435593637233309e-05 -0.00012597790402828015 6.7766902659471327e-05 -3.6716703707311056e-05 6.642599311112344e-06 0.00016103489879486612 0.00079637169192572812 -0.00011641750800980539 -0.00010456478524502936 0.00010582609592291187 -0.0097862619819025828 -0.0030669737515935432 -0.0057453542754989624 0.00010572115229272261 -3.1868788667440254e-05 0.00020912355468476426 -6.1937692189711446e-05 0.0001200267215528014 -0.010828960253636897 0.012517236143086847 -2.8723128327518011e-05 0.01331467454943672 -0.0019880692004645138 -0.006961660886170529 0.0010167855653889827 0.0074521334040527788 -0.00027615480635085309
leaf_weight=393 1786 2904 1291 48993 381 62 815 1653 12255 44 17937 75 72 68 842 94 52 319 51 1144 42 98 62 202 52 2787 1005 871 163 238
leaf_count=393 1786 2904 1291 48993 381 62 815 1653 12255 44 17937 75 72 68 842 94 52 319 51 1144 42 98 62 202 52 2787 1005 871 163 238
internal_value=-0.000214004 -0.00196907 -0.0012036 -7.13052e-05 -0.000890054 -0.000386315 -0.002701 -0.00060919 -3.47915e-05 -8.99863e-05 -0.000329401 0.0028534 0.00577586 -0.000354504 -0.000422801 0.000614804 -0.000551522 0.00076923 0.00237705 -0.00107347 0.00051724 0.00083224 0.00109244 0.000905511 -0.00102006 -0.000579431 -0.00169735 0.00137181 0.00277538 0.00185785
internal_weight=96751 7275 3556 89476 3820 2265 3719 3439 85656 73401 24408 191 116 24217 22623 1594 2203 624 305 1579 435 1526 1428 254 4686 2839 1847 1334 463 401
internal_count=96751 7275 3556 89476 3820 2265 3719 3439 85656 73401 24408 191 116 24217 22623 1594 2203 624 305 1579 435 1526 1428 254 4686 2839 1847 1334 463 401
is_linear=0
shrinkage=0.05


Tree=191
num_leaves=31
num_cat=0
split_feature=14 4 1 11 1 14 0 8 14 12 1 8 13 0 1 0 0 14 10 14 10 1 14 9 14 14 13 11 11 4
split_gain=9.1526 1.80343 0.990218 0.771777 0.767244 0.762407 0.62388 0.80518 1.01183 2.05844 1.1243 0.997581 0.874125 1.14726 0.820733 0.771043 0.765707 2.11278 1.77772 1.08477 1.4632 0.932203 0.903849 0.883931 0.901263 0.731099 0.727314 0.943013 1.6873 1.32146
threshold=0.017961326416467562 9.5000000000000018 3.5000000000000004 0.03887794290427448 5.5000000000000009 0.013517528708567098 19.500000000000004 1.5000000000000002 1.3863288808738476 0.6646058647154115 3.5000000000000004 3.5000000000000004 1.7632493506213716 21.500000000000004 5.5000000000000009 20.500000000000004 22.500000000000004 1.4515314580274434 7.4058628623263116 1.0934280538995245 7.9960927129052788 3.5000000000000004 1.4046003497233397 9.1424004294361136 1.7343742541738503 1.0428862247689232 2.426028852094464 3.4272328614264569 2.9672637880526658 7.5000000000000009
decision_type=2 2 2 2 2 2 2 2 2 2 2 2 2 2 2 2 2 2 2 2 2 2 2 2 2 2 2 2 2 2
left_child=1 2 3 -1 -4 -3 -2 12 9 -9 -11 -10 16 26 -13 -16 17 18 -8 20 21 -18 -20 24 -19 -23 27 28 -14 -30
right_child=6 5 4 -5 -6 -7 7 8 11 10 -12 14 13 -15 15 -17 19 23 22 -21 -22 25 -24 -25 -26 -27 -28 -29 29 -31
leaf_value=-1.9219097810371178e-05 -2.7354622734476439e-05 -0.00015858694404831001 -0.00010295038530811217 6.9033214015952138e-05 -4.7955695049964663e-06 -8.1701576391318825e-05 0.0011380813537751548 -3.1805169487627349e-06 -0.004418333744014037 0.01647623240596487 0.0043734683569283429 -0.00074344870316317706 0.0039057910448260231 -0.0027232897607342922 0.01257472709037662 0.00036143329044368872 0.020486037178470008 0.0079643881994358665 0.019461840835746008 -0.00040356513584504581 -0.0048382253631198959 0.0090419347647507989 0.023994151318895096 0.010315014787951094 0.0013416867960440134 -0.0051472129233127136 -0.00097576146247933631 -0.0063256225351008503 0.0019616835833809968 0.024036536938834618
leaf_weight=1906 73389 719 1449 65 442 2700 75 3695 1636 67 255 891 1623 1504 73 99 50 850 87 1706 66 111 43 46 1540 70 1277 234 53 86
leaf_count=1906 73389 719 1449 65 442 2700 75 3695 1636 67 255 891 1623 1504 73 99 50 850 87 1706 66 111 43 46 1540 70 1277 234 53 86
internal_value=-0.000177519 -0.0018823 -0.0011419 -0.000357688 -0.00195928 -0.00271863 -3.88726e-05 0.000242609 -0.000175701 0.000327358 0.00416149 -0.000924418 0.000540812 6.59398e-05 0.000268108 0.00343023 0.00102928 0.00158841 0.00646341 0.000292061 0.00308081 0.00495671 0.01 0.00117816 0.00104602 0.00328729 0.0005912 0.00118737 0.00158343 0.0068705
internal_weight=96807 7281 3862 1971 1891 3419 89526 16137 6716 4017 322 2699 9421 4777 1063 172 4644 2641 205 2003 297 231 130 2436 2390 181 3273 1996 1762 139
internal_count=96807 7281 3862 1971 1891 3419 89526 16137 6716 4017 322 2699 9421 4777 1063 172 4644 2641 205 2003 297 231 130 2436 2390 181 3273 1996 1762 139
is_linear=0
shrinkage=0.05


Tree=192
num_leaves=31
num_cat=0
split_feature=13 12 4 1 12 0 11 10 11 12 8 2 1 13 2 13 13 11 2 13 2 8 11 0 12 13 10 0 12 13
split_gain=7.09477 1.91247 1.22937 0.750542 0.663871 0.798642 0.66774 0.917747 0.647583 0.60754 0.585313 0.558571 1.05626 1.28481 0.675843 0.912952 1.14275 0.598975 0.595172 0.710932 0.600892 0.551399 0.694708 0.787447 0.85702 1.05742 0.828929 1.62462 0.605622 0.827941
threshold=0.024025463833017038 0.014205593701191656 9.5000000000000018 5.5000000000000009 1.2571163216650165 18.500000000000004 1.5578169056999904 8.3775327624076201 1.4867340363020811 0.026997949692522578 1.5000000000000002 21.500000000000004 3.5000000000000004 1.6987012200490532 23.500000000000004 0.36836516127008967 0.40746890113321693 1.1956705417620903 28.500000000000004 2.6195870915127784 27.500000000000004 2.5000000000000004 0.72883507490400479 17.500000000000004 1.2571163216650165 1.2843692771881006 7.729386303252606 13.500000000000002 2.8755997661057462 1.8739681583590952
decision_type=2 2 2 2 2 2 2 2 2 2 2 2 2 2 2 2 2 2 2 2 2 2 2 2 2 2 2 2 2 2
left_child=1 -1 -3 11 -5 6 7 8 10 -4 -6 12 -2 -14 15 -13 -17 -15 20 -20 21 28 -23 24 25 -24 -26 -28 -16 -30
right_child=3 2 9 4 5 -7 -8 -9 -10 -11 -12 14 13 17 18 16 -18 -19 19 -21 -22 22 23 -25 26 -27 27 -29 29 -31
leaf_value=-0.00012329887666776029 7.8891118597901615e-05 -2.0920393427216766e-05 -7.4671712884296086e-05 -7.3003611859647889e-06 0.0046651083075145662 0.0052592118536081093 9.3401799129543852e-05 0.0081787410072842234 0.0092958679052516403 -2.8909541019175554e-06 -0.0027836351427553653 -0.00020944056936812196 -4.7455929010673198e-05 -0.0064832124606611589 -0.00017863432752398181 0.0022702167403642324 -0.00096612158234617477 -0.0025681439333690905 -0.00020313364245114901 -0.0099388176989738796 0.00053048089847164046 -0.00010355034273603107 0.001526249627902921 -0.00084168480183903656 0.00080827299126637418 0.012257851607891349 0.00027297168723386086 0.02076247751146694 0.0077530624452483241 0.00014561773910920967
leaf_weight=1548 32989 4700 3472 6182 501 1547 3784 44 119 505 254 1089 17459 827 3456 62 3145 1975 7885 301 2037 945 166 441 606 81 101 60 103 353
leaf_count=1548 32989 4700 3472 6182 501 1547 3784 44 119 505 254 1089 17459 827 3456 62 3145 1975 7885 301 2037 945 166 441 606 81 101 60 103 353
internal_value=-0.000165243 -0.00141076 -0.00112193 -1.80334e-05 0.000341484 0.000704912 0.000380688 0.00159041 0.0012357 -0.00176892 0.000695363 -7.83614e-05 7.51054e-06 -0.000276641 -0.000297875 -0.000856612 -0.000431869 -0.00127052 -0.000152708 -0.000455657 0.000144327 -9.66425e-05 0.000499999 0.00118557 0.00195266 0.00451417 0.00112777 0.00431677 -0.00046268 0.00125
internal_weight=96737 10225 8677 86512 12431 6249 4702 918 874 3977 755 74081 53250 20261 20831 4296 3207 2802 16535 8186 8349 6312 2400 1455 1014 247 767 161 3912 456
internal_count=96737 10225 8677 86512 12431 6249 4702 918 874 3977 755 74081 53250 20261 20831 4296 3207 2802 16535 8186 8349 6312 2400 1455 1014 247 767 161 3912 456
is_linear=0
shrinkage=0.05


Tree=193
num_leaves=31
num_cat=0
split_feature=14 1 6 8 4 12 9 9 11 13 3 8 12 11 2 8 14 13 2 1 1 2 0 10 13 12 10 10 13 11
split_gain=9.87407 1.14284 1.3262 0.997892 0.94907 0.863455 1.05975 1.63144 0.818606 0.70728 0.706098 0.654417 0.580798 0.544407 0.540476 0.55124 0.759322 0.569502 0.50301 0.829965 0.614167 0.768245 0.775686 1.29001 0.672915 0.626232 0.565938 0.564828 0.545652 1.13508
threshold=0.01827846770095903 3.5000000000000004 1.0000000180025095e-35 1.0000000180025095e-35 3.5000000000000004 0.020744651813237997 8.1529538406859938 8.6478318707770452 0.016121106078620551 0.014156181120857985 1.0000000180025095e-35 3.5000000000000004 0.015029169175175128 0.041807385994202161 18.500000000000004 1.5000000000000002 0.015129678267487529 0.017119777868013202 4.5000000000000009 1.5000000000000002 3.5000000000000004 2.5000000000000004 6.5000000000000009 8.44047494352351 2.0222925118553277 1.6771324164686841 8.9497017820357705 8.9497017820357705 1.9366410877964759 1.4867340363020811
decision_type=2 2 2 2 2 2 2 2 2 2 2 2 2 2 2 2 2 2 2 2 2 2 2 2 2 2 2 2 2 2
left_child=1 2 3 5 14 6 -1 -8 -6 -2 -5 -10 -12 -7 15 -3 -17 -18 19 -11 27 -22 23 -23 28 -26 -20 -21 -24 -30
right_child=9 4 -4 10 8 13 7 -9 11 18 12 -13 -14 -15 -16 16 17 -19 26 20 21 22 24 -25 25 -27 -28 -29 29 -31
leaf_value=1.7388716495683807e-06 -3.7795925598499545e-05 -9.1094709509045393e-05 -0.00014630331865557548 -2.9009355278681047e-05 -0.00015337895062791462 -4.6892181473386737e-05 0.00011521656426830805 5.7674190816759796e-07 -9.2241574698101458e-05 -0.00033436404761586592 -1.6044556456216755e-05 7.2955535509047325e-05 -0.00010573391715673828 5.3274899807864414e-05 1.8926479294715802e-05 -0.00010179778765338991 0.00018597806643527422 -0.00018787020780983195 4.9902307284405484e-06 7.6158449147929961e-05 -0.00035143790802312708 -0.00017162123282387233 0.00025945049631953733 0.00090938854531315652 -0.0097287017481665697 -0.00066998900840226387 -0.00047012871901608614 0.0013059133077731626 -0.0047707981874637942 0.018775181067398689
leaf_weight=149 404 513 427 1481 1356 396 66 58 1435 2167 266 85 906 56 195 162 68 50 71273 4242 4105 1297 4174 58 188 463 744 40 57 69
leaf_count=149 404 513 427 1481 1356 396 66 58 1435 2167 266 85 906 56 195 162 68 50 71273 4242 4105 1297 4174 58 188 463 744 40 57 69
internal_value=-0.000214029 -0.00193572 -0.00132063 -0.000988752 -0.00254141 0.000655171 0.00287546 0.00629032 -0.0030007 -6.61407e-05 -0.001438 -0.00220395 -0.00235495 -0.000685842 -0.00120445 -0.00178436 -1.19209e-09 0.00305085 -5.66525e-05 -0.000302492 -0.000167768 -0.000375085 -2.85454e-05 -0.00108856 0.000261562 -0.00123656 9.01373e-07 0.00033629 0.000488371 0.00373016
internal_weight=96950 7669 3805 3378 3864 725 273 124 2876 89281 2653 1520 1172 452 988 793 280 118 88877 16860 14693 10411 6306 1355 4951 651 72017 4282 4300 126
internal_count=96950 7669 3805 3378 3864 725 273 124 2876 89281 2653 1520 1172 452 988 793 280 118 88877 16860 14693 10411 6306 1355 4951 651 72017 4282 4300 126
is_linear=0
shrinkage=0.05


Tree=194
num_leaves=31
num_cat=0
split_feature=14 14 4 11 6 6 12 11 11 13 1 1 12 13 10 9 14 9 12 13 1 1 1 12 9 9 13 12 13 13
split_gain=7.24723 1.50427 1.34563 0.798092 0.903704 0.65171 0.850597 0.75245 2.12333 0.699063 0.577544 0.756816 1.1598 0.573152 0.568094 1.01128 0.693957 0.600668 0.666164 0.62975 0.563125 0.694257 0.558171 0.853802 0.55016 0.529887 1.26042 0.528156 0.5236 0.504082
threshold=0.017961326416467562 0.012589284057799523 1.5000000000000002 0.017080999530942248 1.0000000180025095e-35 1.0000000180025095e-35 1.127708237104577 1.4524321949659302 1.399922176487203 3.8390809835390827 3.5000000000000004 2.5000000000000004 0.020480177178761039 0.014156181120857985 7.8942441927526135 9.0303522680558377 0.016021226436167581 8.4412408492921021 0.013454374309724354 0.012062881362494402 3.5000000000000004 5.5000000000000009 1.0000000180025095e-35 0.017094184078422146 9.6570687150541854 9.6196920437638678 1.1301834077994426 0.02549002247696816 0.014156181120857985 1.6987012200490532
decision_type=2 2 2 2 2 2 2 2 2 2 2 2 2 2 2 2 2 2 2 2 2 2 2 2 2 2 2 2 2 2
left_child=1 -1 14 10 22 13 -7 8 -8 -9 11 -4 28 -2 17 16 -16 18 -3 -20 -15 29 23 -5 25 -23 -27 -25 -13 -22
right_child=5 2 3 4 -6 6 7 9 -10 -11 -12 12 -14 20 15 -17 -18 -19 19 -21 21 24 -24 27 -26 26 -28 -29 -30 -31
leaf_value=-0.00013209864849865935 -3.4464565319199914e-05 -0.00018176236757173634 -8.6911683643387541e-05 8.5690539337181999e-05 -0.0001649721359336714 -0.00016026294388169803 0.0006654610465762716 -0.00083293328490385572 0.01052098639626204 0.0040056345650562068 -0.00011957250369462355 -7.3674745830606272e-05 0.00018552606291472729 2.225260066103917e-05 0.00017551009583635375 -4.8219487345401251e-05 5.3139954234231658e-05 -0.00013275563170098156 -0.0001406283233299689 2.6814122887039314e-05 -8.3691425965201163e-05 3.8450909919589403e-05 -4.4558783372950251e-05 -3.1869947710864059e-05 -0.00093713703634897862 -0.00032526612173261081 0.010517070929834364 8.1214271215467645e-05 1.1738462926730171e-05 -0.0022677109282867119
leaf_weight=760 466 111 1025 57 220 3419 373 2555 56 95 1158 122 66 44839 70 81 57 86 92 653 20741 12750 2289 283 52 48 48 61 90 4086
leaf_count=760 466 111 1025 57 220 3419 373 2555 56 95 1158 122 66 44839 70 81 57 86 92 653 20741 12750 2289 283 52 48 48 61 90 4086
internal_value=-0.00019363 -0.00171062 -0.00146527 -0.00179762 -0.00123711 -7.02585e-05 -0.000552479 5.03398e-05 0.00199301 -0.000264152 -0.00246038 -0.0017383 0.000575538 -3.25196e-05 8.69553e-05 0.00245192 0.00523622 -0.000435245 -3.50479e-05 0.000503355 -2.26503e-05 -0.000165011 -0.000985131 0.00073566 0.000132578 0.000153354 0.00385417 -0.00020349 -0.00122642 -0.000319613
internal_weight=96809 7281 6521 5371 2910 89528 6498 3079 429 2650 2461 1303 278 83030 1150 208 127 942 856 745 82564 37725 2690 401 12898 12846 96 344 212 24827
internal_count=96809 7281 6521 5371 2910 89528 6498 3079 429 2650 2461 1303 278 83030 1150 208 127 942 856 745 82564 37725 2690 401 12898 12846 96 344 212 24827
is_linear=0
shrinkage=0.05


Tree=195
num_leaves=31
num_cat=0
split_feature=14 1 8 2 4 12 12 9 12 9 12 9 8 13 14 9 14 10 14 12 4 11 13 2 9 13 11 8 4 0
split_gain=6.98687 1.15502 1.09493 0.943836 0.861685 0.667548 0.9011 0.642127 1.06963 0.783704 0.631484 0.601667 0.56173 0.59289 0.97504 0.925183 0.503682 0.488269 0.468745 1.00966 0.88829 0.885532 0.728567 0.693239 1.01881 0.466462 0.445137 0.465782 0.436894 0.429898
threshold=0.017961326416467562 3.5000000000000004 1.0000000180025095e-35 2.5000000000000004 1.0000000180025095e-35 0.020480177178761039 0.01560799077449878 8.1529538406859938 0.020744651813237997 8.4208749619702292 0.013454374309724354 8.0775069121958119 1.5000000000000002 0.014987251844638852 0.014243004357684295 8.7087422738129803 0.015129678267487529 7.8807441783205121 0.047163662417578141 0.10146836030122026 8.5000000000000018 0.020960480762499119 0.019618491168703494 15.500000000000002 8.2823117324456152 0.015789441227771751 0.024735986732953356 3.5000000000000004 9.5000000000000018 3.5000000000000004
decision_type=2 2 2 2 2 2 2 2 2 2 2 2 2 2 2 2 2 2 2 2 2 2 2 2 2 2 2 2 2 2
left_child=1 2 7 -3 5 6 11 16 9 -9 -5 -4 25 14 -14 29 -1 28 19 20 21 -2 26 -23 -25 -12 27 -22 -6 -16
right_child=18 3 4 10 17 -7 -8 8 -10 -11 12 -13 13 -15 15 -17 -18 -19 -20 -21 22 23 -24 24 -26 -27 -28 -29 -30 -31
leaf_value=6.2848105140237776e-05 -4.2525367355574485e-05 -0.00017356863837019308 0.00014381816068091994 -0.00012650352613630052 -3.7759175291647668e-05 0.00016643044586090285 -6.4231730143380586e-05 0.00012493963241718155 -5.7673639184994968e-06 4.3189893977503633e-05 -9.4665169443112552e-05 4.8184959521202772e-06 -5.5215910507220712e-05 -7.9718317718119783e-05 -0.00010087780665878465 0.00018111842466758156 -2.2223912770174735e-05 -0.00010683349453236284 -7.374890244704507e-06 0.00030342884124481351 -7.9710989877438706e-05 1.4336879406978675e-05 -7.1239122301943285e-05 2.4071881106221845e-05 0.00014868527508368445 -2.7032044910842055e-05 2.8901412544419544e-05 2.9336788420048813e-05 -6.381564621049699e-05 0.00013822633838809462
leaf_weight=51 776 472 40 781 1024 43 239 60 225 75 1011 60 242 381 62 40 304 383 84718 66 693 1145 1457 101 60 588 269 68 1086 113
leaf_count=51 776 472 40 781 1024 43 239 60 225 75 1011 60 242 381 62 40 304 383 84718 66 693 1145 1457 101 60 588 269 68 1086 113
internal_value=-0.000165731 -0.00165522 -0.00101671 -0.00227642 -0.00145218 0.000759161 1.47481e-05 0.000734265 0.00222222 0.00574074 -0.00197017 0.004 -0.00157366 -0.000525061 0.000689277 0.00313953 -0.000774649 -0.00179102 -4.43758e-05 -0.000533982 -0.000622676 0.000139288 -0.00126056 0.000934149 0.00400621 -0.0021232 -0.00024272 -0.000860711 -0.00149289 0.00157143
internal_weight=96633 7280 3590 3690 2875 382 339 715 360 135 3218 100 2437 838 457 215 355 2493 89353 4635 4569 2082 2487 1306 161 1599 1030 761 2110 175
internal_count=96633 7280 3590 3690 2875 382 339 715 360 135 3218 100 2437 838 457 215 355 2493 89353 4635 4569 2082 2487 1306 161 1599 1030 761 2110 175
is_linear=0
shrinkage=0.05


Tree=196
num_leaves=31
num_cat=0
split_feature=14 12 6 1 8 2 10 12 11 12 11 12 11 12 13 1 12 14 1 10 12 14 11 11 0 2 14 9 9 11
split_gain=5.3165 1.77768 1.17382 1.3713 1.27762 1.16894 0.689114 1.09176 0.622859 0.588478 0.553708 0.543905 0.710892 0.581968 0.985227 0.516333 1.08361 1.04373 0.728714 0.819218 0.726287 0.638872 0.561005 0.51694 0.796731 1.10525 0.872854 0.71665 0.83431 0.660716
threshold=0.01897636194442591 0.013454374309724354 1.0000000180025095e-35 3.5000000000000004 1.0000000180025095e-35 2.5000000000000004 7.4127011330496799 0.018440340657382558 0.036722631643962493 1.5763921561138052 0.010590463161240328 0.014622045854339181 0.018422664093428496 0.026184248440403405 0.017119777868013202 5.5000000000000009 1.6437705664233684 1.5538181032107765 3.5000000000000004 6.1922558320835002 2.6319920180431451 1.0130834839572627 1.7328606353055538 1.2785630314478074 18.500000000000004 11.500000000000002 1.8316268875488217 8.3826207796775218 7.8091902996431424 1.9929367320107787
decision_type=2 2 2 2 2 2 2 2 2 2 2 2 2 2 2 2 2 2 2 2 2 2 2 2 2 2 2 2 2 2
left_child=1 10 3 4 6 -5 -3 -8 -9 -2 -1 12 -6 -13 -15 18 17 22 19 -11 23 -20 -17 -18 29 26 -26 28 -28 -25
right_child=9 2 -4 5 11 -7 7 8 -10 15 -12 13 -14 14 -16 16 20 -19 21 -21 -22 -23 -24 24 25 -27 27 -29 -30 -31
leaf_value=-8.9854328065283948e-05 -3.3971254446123063e-05 -1.4416988903139897e-06 -0.00012502524040900167 -0.00017754558046303201 1.2503464343306961e-05 -4.4435725958457421e-05 0.00036738339365988072 2.833755208281887e-05 0.00010382270165763047 0.010986707968165059 -0.00013878162534661768 -4.2984441718860694e-05 0.00033981951785303687 0.00017664513429372806 -0.00013397203812304457 0.01320001542524607 -0.0031108402094859114 0.021157479261856349 0.0014700699875433106 0.00034114528482930218 -0.00037404030359804548 -0.0011096030572560914 -0.0045308674570457494 0.0050293256442676005 0.017623781796203771 0.0023620313205874755 0.0031852540269128901 -0.0010454214719648107 0.018677549826791314 0.00010599208454492837
leaf_weight=342 57171 446 470 437 219 2772 66 354 56 84 711 2373 40 40 48 42 267 86 696 18877 2485 6342 40 672 56 242 44 51 69 1249
leaf_count=342 57171 446 470 437 219 2772 66 354 56 84 711 2373 40 40 48 42 267 86 696 18877 2485 6342 40 672 56 242 44 51 69 1249
internal_value=-0.000165572 -0.00136972 -0.00109343 -0.000927603 -0.000263593 -0.00168121 0.0013449 0.00266807 0.00170732 -5.15989e-05 -0.0032906 -0.000808825 0.00137066 -0.0010382 0.00295454 0.000122675 0.000572316 0.00452381 3.09615e-05 0.000192236 0.000443037 -0.000403525 0.000487804 0.00101887 0.00125262 0.00311688 0.00568182 0.00384146 0.00606195 0.000804267
internal_weight=96847 8374 7321 6851 3642 3209 922 476 410 88473 1053 2720 259 2461 88 31302 5303 168 25999 18961 5135 7038 82 2650 2383 462 220 164 113 1921
internal_count=96847 8374 7321 6851 3642 3209 922 476 410 88473 1053 2720 259 2461 88 31302 5303 168 25999 18961 5135 7038 82 2650 2383 462 220 164 113 1921
is_linear=0
shrinkage=0.05


Tree=197
num_leaves=31
num_cat=0
split_feature=14 14 4 10 9 0 8 0 13 1 9 10 14 8 9 14 0 14 0 14 14 1 13 0 11 0 2 10 9 0
split_gain=5.30796 1.24358 1.13185 0.830736 0.996685 0.670539 0.840907 1.16649 1.07358 1.20844 1.26741 1.10359 0.928331 1.63958 1.44074 1.24964 1.18045 1.16356 2.07307 3.98278 1.15217 1.78535 1.31163 1.11377 1.05729 1.07188 1.00002 1.12602 0.923645 0.912175
threshold=0.01708106010942392 0.013517528708567098 1.0000000180025095e-35 7.8807441783205121 9.0303522680558377 19.500000000000004 1.5000000000000002 2.5000000000000004 0.084600253606774936 3.5000000000000004 8.4412408492921021 7.3194233265470983 1.1510957525484971 2.5000000000000004 8.809196953578434 1.6483436658293988 7.5000000000000009 0.12932958133920672 6.5000000000000009 0.088883986181368682 0.11125199692356876 3.5000000000000004 0.14671830223221019 17.500000000000004 3.1207047060510233 9.5000000000000018 6.5000000000000009 7.2198555220619971 8.0436098002248517 1.5000000000000002
decision_type=2 2 2 2 2 2 2 2 2 2 2 2 2 2 2 2 2 2 2 2 2 2 2 2 2 2 2 2 2 2
left_child=1 -1 3 -3 -5 6 7 8 9 10 28 -11 17 14 -14 16 -15 18 29 -20 21 26 -22 -17 -19 -26 -21 -28 -2 -8
right_child=5 2 -4 4 -6 -7 12 -9 -10 11 -12 -13 13 15 -16 23 -18 24 19 20 22 -23 -24 -25 25 -27 27 -29 -30 -31
leaf_value=-0.00010404879659143277 0.00089468808121271584 -3.5973610440063911e-06 -4.9578686481644959e-05 0.0002366488916860603 -7.6999351661597519e-05 0.00032750218633060434 0.00027791673283241494 -9.2794296610586508e-05 7.1537200048403329e-05 0.00034691102403431153 0.00095867150152439409 -0.00031386442763487702 0.0070839295602015606 -0.0050209112578244505 -0.0020075785110055012 0.0003996926437673079 0.0021291730734905989 -0.00040317668497350266 0.00098466490890163549 0.0014262662047314929 -0.00027287430445126275 5.1988142058976125e-06 0.00081640021123682122 -0.0046768029349821723 0.0093086800379438683 0.00028699445916633304 -6.5445347734888364e-05 0.00072000108831678429 -0.00035723999474186275 -5.9102473677757409e-06
leaf_weight=1525 60 564 3891 78 44 16142 479 35923 6695 74 51 124 1164 258 290 5913 4570 10085 67 42 292 189 56 2081 80 150 59 69 56 5586
leaf_count=1525 60 564 3891 78 44 16142 479 35923 6695 74 51 124 1164 258 290 5913 4570 10085 67 42 292 189 56 2081 80 150 59 69 56 5586
internal_value=-0.000172105 -0.00159948 -0.00118746 0.00068513 0.00442623 -7.59219e-05 -0.000139291 -0.00028302 0.000304531 0.0029452 0.00607784 0.000303029 5.72689e-05 0.00035514 0.00194635 0.000174699 0.000809858 -0.000190627 0.000315103 0.00275194 0.00164781 0.0036351 -0.0004023 -0.000208908 -0.000525934 0.00282609 0.00735294 0.00515625 0.00318965 4.12082e-06
internal_weight=96657 6102 4577 686 122 90555 74413 42983 7060 365 167 198 31430 14276 1454 12822 4828 17154 6839 774 707 359 348 7994 10315 230 170 128 116 6065
internal_count=96657 6102 4577 686 122 90555 74413 42983 7060 365 167 198 31430 14276 1454 12822 4828 17154 6839 774 707 359 348 7994 10315 230 170 128 116 6065
is_linear=0
shrinkage=0.05


Tree=198
num_leaves=31
num_cat=0
split_feature=14 14 6 2 2 11 0 4 2 11 7 10 10 10 11 11 14 14 10 12 11 9 10 9 0 14 2 12 11 14
split_gain=5.71015 1.39189 0.856317 0.97539 0.719325 0.725654 0.733447 0.563739 1.17937 0.540439 0.528471 0.511191 0.641196 0.57797 0.489549 0.456436 0.651368 1.53531 2.26441 0.743991 0.641665 0.552014 0.534951 0.572241 0.468066 0.654889 0.453895 0.650409 0.785969 0.770606
threshold=0.01897636194442591 0.013517528708567098 1.0000000180025095e-35 5.5000000000000009 7.5000000000000009 0.024057643094045584 3.5000000000000004 1.5000000000000002 18.500000000000004 0.028654021313596716 1.0000000180025095e-35 6.888668013928366 7.3746420521326081 7.1226644470342189 0.012283572797342318 2.2218988748465729 2.2746248560556226 2.0744882328909844 7.7052812258462913 3.3051653086412491 0.029629561384067773 8.8763930600243359 7.7172863666228322 7.7672331243730399 11.500000000000002 1.7671860279067906 4.5000000000000009 0.15853286013538914 0.019209702183648973 0.063416445188203399
decision_type=2 2 2 2 2 2 2 2 2 2 2 2 2 2 2 2 2 2 2 2 2 2 2 2 2 2 2 2 2 2
left_child=1 7 3 14 5 11 9 8 -1 -7 26 -5 13 -13 -3 20 17 24 19 -19 21 22 23 -12 -17 -26 27 28 -2 -29
right_child=10 2 -4 4 -6 6 -8 -9 -10 -11 15 12 -14 -15 -16 16 -18 18 -20 -21 -22 -23 -24 -25 25 -27 -28 29 -30 -31
leaf_value=-9.5374055352401995e-05 -7.9729306154135106e-05 -0.00013582976516418339 -0.00010327358579075843 -0.00015977525742373112 -2.9149645965523932e-05 6.8463482345837871e-05 1.8460249134560586e-05 -0.00011044358120529131 8.4204621764430898e-05 2.175862861455812e-05 0.00091897473213446094 -2.9692829395760601e-05 -3.7619834110829302e-05 0.00015293109939375725 -4.3714575708029645e-05 -0.00072404626206427035 0.0019324096991612902 0.01861937613088031 0.038379253923999941 -0.0057156958254637518 -8.5269480799298283e-05 -0.00021140175930997745 0.0003657379651593803 1.4053344063243629e-07 0.021565512119570595 0.0025305991849696036 -3.6046759656591423e-06 0.00034275567935794743 -0.00017673509841376625 -0.00013556373560845612
leaf_weight=275 2242 405 500 54 4103 46 171 1212 42 62 102 49 212 42 1203 232 657 53 41 52 1687 40 54 235 62 143 68966 56 1402 12387
leaf_count=275 2242 405 500 54 4103 46 171 1212 42 62 102 49 212 42 1203 232 657 53 41 52 1687 40 54 235 62 143 68966 56 1402 12387
internal_value=-0.000164641 -0.00141237 -0.00110779 -0.000950844 -0.000589788 0.000974842 0.0028853 -0.00277633 -0.000899055 0.00611111 -4.64321e-05 -0.000518208 0.000280527 0.00379121 -0.00201493 0.00056879 0.00133064 0.00254717 0.0069863 0.00309524 0.000122756 0.00184455 0.00241688 0.00167656 0.00106407 0.00280488 -7.07218e-05 -0.000309879 -0.000897367 -0.00013783
internal_weight=96787 8376 6847 6347 4739 636 279 1529 317 108 88411 357 303 91 1608 3358 1240 583 146 105 2118 431 391 337 437 205 85053 16087 3644 12443
internal_count=96787 8376 6847 6347 4739 636 279 1529 317 108 88411 357 303 91 1608 3358 1240 583 146 105 2118 431 391 337 437 205 85053 16087 3644 12443
is_linear=0
shrinkage=0.05


Tree=199
num_leaves=31
num_cat=0
split_feature=13 12 4 11 6 13 12 11 6 9 10 12 12 1 1 13 11 12 12 13 8 12 8 11 10 9 12 13 13 13
split_gain=4.03354 1.65632 0.882413 0.930938 0.8621 0.934985 0.761314 0.559651 0.639398 0.519013 0.645126 0.711871 0.518543 0.484754 0.725501 0.541567 0.788282 0.588906 0.788527 0.634379 0.765147 0.881724 1.07993 0.744625 0.631532 1.24063 0.649479 0.618835 0.759031 0.583375
threshold=0.022852585698754712 0.013162474226473111 3.5000000000000004 0.041807385994202161 1.0000000180025095e-35 0.039333188216560365 0.023429542018370841 0.01808688749298536 1.0000000180025095e-35 7.689971308413873 7.0960312948183519 0.016715340805481042 0.013961081296346161 3.5000000000000004 5.5000000000000009 0.75441248334815991 0.2793347194160965 2.5525349097281964 1.2262478765103497 1.6987012200490532 1.0000000180025095e-35 0.25370637152879755 1.5000000000000002 0.38650678917590264 8.2762302843139288 8.8842933752927973 2.5788027413837171 1.580533991990227 1.6382729737348802 1.8041305161347074
decision_type=2 2 2 2 2 2 2 2 2 2 2 2 2 2 2 2 2 2 2 2 2 2 2 2 2 2 2 2 2 2
left_child=1 -1 3 -3 13 -6 7 -4 9 -9 11 -11 -7 -2 15 -15 -17 18 19 20 -18 -22 23 -23 25 26 -19 -24 -29 -27
right_child=4 2 6 -5 5 12 -8 8 -10 10 -12 -13 -14 14 -16 16 17 24 -20 -21 21 22 27 -25 -26 29 -28 28 -30 -31
leaf_value=-0.0001051851860874115 3.1954875822773415e-05 -4.797151658164256e-06 -6.8371795631358404e-05 0.00037312729108639512 -9.9535720408116532e-05 0.00090037351524671844 -4.3897063814621512e-06 -5.975718162705994e-05 -0.00014301425059897664 0.00021493100822268649 -1.904822981854683e-05 1.1816667129690768e-05 -0.00031994403855512975 -5.3923276556631295e-06 6.3686305762635317e-05 -0.0021478349410208176 0.0069117403767172993 0.0048372617312639468 -0.0019535296484067457 -0.0030497865769062247 -0.0077329943882069405 0.0045359266536912791 0.0022065163951678524 -0.0024567213617383622 -0.0096571524008815975 0.0090069886285035344 0.00043511307845935917 0.013725523142442296 0.0019664532424456516 0.011669173811878032
leaf_weight=885 43317 2176 2662 40 285 83 1432 429 249 47 1896 126 6061 10290 12456 847 516 50 7391 928 86 69 1098 1651 122 51 1281 58 54 41
leaf_count=885 43317 2176 2662 40 285 83 1432 429 249 47 1896 126 6061 10290 12456 847 516 50 7391 928 86 69 1098 1651 122 51 1281 58 54 41
internal_value=-0.000173621 -0.00112754 -0.000925804 -5.86655e-05 -6.42774e-05 -0.000621404 -0.0012067 -0.00147809 -0.000977431 -0.00073659 -0.000408411 0.00251445 -0.000491538 -1.96759e-05 -0.000152614 -0.000310399 -0.000510076 -0.000416543 -0.000536243 -1.1212e-05 0.00029445 -9.94814e-06 0.000136518 -0.000668606 0.000501617 0.000797609 0.000409465 0.00128099 0.00482143 0.00641304
internal_weight=96677 9942 9057 2216 86735 6429 6841 5409 2747 2498 2069 173 6144 80306 36989 24533 14243 13396 11851 4460 3532 3016 2930 1720 1545 1423 1331 1210 112 92
internal_count=96677 9942 9057 2216 86735 6429 6841 5409 2747 2498 2069 173 6144 80306 36989 24533 14243 13396 11851 4460 3532 3016 2930 1720 1545 1423 1331 1210 112 92
is_linear=0
shrinkage=0.05


Tree=200
num_leaves=31
num_cat=0
split_feature=14 1 6 2 8 1 11 12 10 10 14 11 10 11 0 6 1 14 1 14 11 2 13 10 0 10 14 14 1 14
split_gain=4.79113 1.43576 1.39073 1.28933 1.06552 0.665154 0.639974 0.593232 0.674754 0.635094 0.52182 0.768422 0.501183 0.795322 0.499791 0.483781 0.704427 0.726521 0.542859 0.667232 1.16326 0.812647 0.680638 0.622343 0.782543 0.702432 0.618517 0.599348 0.889134 0.568709
threshold=0.019392261370377317 3.5000000000000004 1.0000000180025095e-35 9.5000000000000018 1.0000000180025095e-35 5.5000000000000009 0.024057643094045584 0.020480177178761039 7.8942441927526135 7.7103871642948247 0.015129678267487529 0.020534942116858006 7.4127011330496799 0.017404503881724414 3.5000000000000004 1.0000000180025095e-35 1.5000000000000002 0.25236997910659409 3.5000000000000004 0.96754055282421392 0.38650678917590264 18.500000000000004 0.66834013035164286 7.6447098686468502 20.500000000000004 8.1014030824208962 1.0561918689278753 1.2236211263607217 4.5000000000000009 1.2031764477955085
decision_type=2 2 2 2 2 2 2 2 2 2 2 2 2 2 2 2 2 2 2 2 2 2 2 2 2 2 2 2 2 2
left_child=1 2 4 -3 10 -5 -6 8 9 14 11 -1 -12 -14 -7 18 -17 -18 -2 -20 -21 22 26 -23 25 -25 -22 28 -24 -30
right_child=15 3 -4 5 6 7 -8 -9 -10 -11 12 -13 13 -15 -16 16 17 -19 19 20 21 23 27 24 -26 -27 -28 -29 29 -31
leaf_value=6.5342172751114912e-05 3.2975029403786516e-05 -0.00010732683752857643 -9.2052020969232866e-05 -5.2424466613501362e-05 -4.2321299853570254e-05 -3.177237706458561e-05 1.949038541872131e-05 -5.6257992953400113e-05 3.904170283605099e-05 -9.410633394431618e-05 -9.7240279025130675e-06 -5.3690945650463967e-06 -2.0913177669572056e-05 8.6446772978861927e-05 4.2538957572338193e-05 0.00011970408473003275 -0.00017198309408054905 -0.00053285052497579143 1.7082822359634982e-05 -0.0029073798249870985 0.0053490822694596749 0.0022115584495924906 -0.0044457417643407986 -0.0047737636211155204 0.0058324668293888576 0.00124283990771068 3.9874473177533388e-05 -0.00068139774322535489 -4.2349133752841536e-05 -0.0049335974987981968
leaf_weight=51 44301 1889 539 1519 2491 92 551 389 62 58 467 43 189 305 147 2120 1003 3302 17003 1270 47 2842 1140 767 281 524 81 11901 1364 162
leaf_count=51 44301 1889 539 1519 2491 92 551 389 62 58 467 43 189 305 147 2120 1003 3302 17003 1270 47 2842 1140 767 281 524 81 11901 1364 162
internal_value=-0.000156348 -0.00126934 -0.000664367 -0.00194418 -0.000350257 -0.00114027 -0.000825116 8.02127e-05 0.00154596 0.000555554 0.00101896 0.00457447 0.000671175 0.00178138 0.00169456 -4.52865e-05 -0.000463036 -0.000830431 -1.24273e-05 -0.000152749 -0.0003457 -0.000248314 -0.000427017 0.000346623 -0.000451655 -0.000972116 0.00320312 -0.000458915 -0.00113654 -0.000347314
internal_weight=96900 8792 4636 4156 4097 2267 3042 748 359 297 1055 94 961 494 239 88108 6425 4305 81683 37382 20379 19109 14695 4414 1572 1291 128 14567 2666 1526
internal_count=96900 8792 4636 4156 4097 2267 3042 748 359 297 1055 94 961 494 239 88108 6425 4305 81683 37382 20379 19109 14695 4414 1572 1291 128 14567 2666 1526
is_linear=0
shrinkage=0.05


Tree=201
num_leaves=31
num_cat=0
split_feature=14 2 4 8 12 1 4 13 11 6 14 10 11 14 10 13 14 2 13 12 9 11 12 12 12 14 14 1 12 1
split_gain=4.38834 0.861565 0.777524 0.572834 0.759623 0.690903 0.631434 0.526897 0.519032 0.662861 0.996013 0.593267 0.68625 0.564273 0.632941 0.601438 0.516429 0.641667 0.51145 0.443748 0.661542 0.54898 0.436548 0.794762 0.538093 0.544142 0.75915 0.421856 0.435685 0.420067
threshold=0.01708106010942392 4.5000000000000009 1.0000000180025095e-35 1.0000000180025095e-35 0.01635378004448804 3.5000000000000004 5.5000000000000009 0.019053850212667787 1.0135009932032066 1.0000000180025095e-35 0.086295104002923687 7.16330001877113 0.82237912736726237 1.974723118924252 8.9497017820357705 0.74060853787073677 0.015129678267487529 14.500000000000002 0.020304697831975856 0.019485612502206737 7.8091902996431424 0.85431972455537886 1.694458609628106 2.2314396735834108 2.3629150681186144 2.0287922379007273 1.7560480992863496 1.0000000180025095e-35 0.01560799077449878 5.5000000000000009
decision_type=2 2 2 2 2 2 2 2 2 2 2 2 2 2 2 2 2 2 2 2 2 2 2 2 2 2 2 2 2 2
left_child=1 -1 -2 4 6 7 -3 16 9 22 -11 19 -13 14 -10 -16 17 -6 -7 20 -12 -21 -4 -24 -25 26 -26 28 -5 -29
right_child=2 3 8 27 5 18 -8 -9 13 10 11 12 -14 -15 15 -17 -18 -19 -20 21 -22 -23 23 24 25 -27 -28 29 -30 -31
leaf_value=-0.00011229802276257033 0.00011711791356318801 1.9515445208280088e-05 -2.6594086063906408e-05 6.4682451708853836e-05 -9.5495518571141506e-06 -7.0573129300828728e-05 0.00012442284342848716 0.00013152271886351826 0.00020243977828051011 -9.8721849691207862e-05 -0.00056132280149020564 0.00017945111073392926 -0.0021042591163853886 -0.00075234145618237043 0.0015097382708613941 -0.0056138940756332543 -3.2964994432773233e-05 6.4405256589198894e-05 7.8799097837179441e-05 -0.00071949129056574068 0.00072331614562570344 0.0035504473286071775 -0.0038699339880291445 0.010561944840744181 -0.0016142877746115405 -0.0070172747283864072 0.013870736036984905 -6.5650368945977322e-05 -3.7235289012879667e-05 -4.8918217759243893e-06
leaf_weight=1303 12773 161 37324 102 40 354 42 53 25674 868 97 1522 197 10190 51 262 227 44 45 453 40 76 711 81 157 96 47 2861 373 463
leaf_count=1303 12773 161 37324 102 40 354 42 53 25674 868 97 1522 197 10190 51 262 227 44 45 453 40 76 711 81 157 96 47 2861 373 463
internal_value=-0.000179808 -0.00148154 -9.26418e-05 -0.00116999 -8.28169e-05 -0.00080603 0.00263547 0.00076923 -0.000151968 -0.000272266 -0.000957579 -0.000429771 6.10808e-05 -1.34075e-05 0.000110246 -0.0021246 -1.60784e-05 0.00333333 -0.00224311 -0.0016967 0.000839415 -0.0023535 -0.000214235 -0.00119963 0.000643043 -0.000333335 0.00112745 -0.00144643 -5.26328e-05 -0.00164561
internal_weight=96687 6068 90619 4765 966 763 203 364 77846 41669 3253 2385 1719 36177 25987 313 311 84 399 666 137 529 38416 1092 381 300 204 3799 475 3324
internal_count=96687 6068 90619 4765 966 763 203 364 77846 41669 3253 2385 1719 36177 25987 313 311 84 399 666 137 529 38416 1092 381 300 204 3799 475 3324
is_linear=0
shrinkage=0.05


Tree=202
num_leaves=31
num_cat=0
split_feature=14 4 14 1 1 1 13 11 12 4 10 1 9 8 10 14 9 11 0 12 8 9 14 9 10 0 14 14 1 1
split_gain=3.72645 0.987904 0.862949 0.747059 0.724515 0.750785 0.715768 0.903921 0.712021 0.874888 0.645593 0.786968 0.592066 0.635095 0.5634 0.771429 0.541814 0.629331 0.494478 0.579529 0.461758 0.488717 0.497859 0.42359 0.861678 0.421405 0.650559 0.558798 0.676812 0.462514
threshold=0.015739209582403674 1.0000000180025095e-35 0.021707794896444324 3.5000000000000004 5.5000000000000009 2.5000000000000004 0.013320098803563411 0.013149438319505592 0.023429542018370841 1.5000000000000002 7.0874860774063952 2.5000000000000004 8.9899118750170839 1.0000000180025095e-35 6.9170865212104582 0.017379201385000476 7.606304309123229 0.016440992560009589 4.5000000000000009 0.016715340805481042 3.5000000000000004 9.1361126510114428 0.017379201385000476 8.7790743762438996 7.4076273569118598 3.5000000000000004 0.01897636194442591 0.017961326416467562 4.5000000000000009 1.5000000000000002
decision_type=2 2 2 2 2 2 2 2 2 2 2 2 2 2 2 2 2 2 2 2 2 2 2 2 2 2 2 2 2 2
left_child=1 4 8 10 5 6 -1 -8 9 14 11 16 13 -11 15 -2 -3 -18 -12 -20 21 22 23 24 -10 26 -16 28 29 -27
right_child=2 3 -4 -5 -6 -7 7 -9 20 12 18 -13 -14 -15 25 -17 17 -19 19 -21 -22 -23 -24 -25 -26 27 -28 -29 -30 -31
leaf_value=-2.0838931081415014e-05 -1.5781203647112354e-05 -6.6591186240846204e-05 -2.4858007038557528e-06 -8.1456917685607505e-05 3.5515995349744224e-05 -6.0063685824254657e-05 9.7096822937656218e-05 4.5929696493366874e-06 -9.0648304467577757e-06 -1.1120712947379382e-06 -5.2078256961639085e-05 5.422054689613464e-05 -9.2437373284504486e-05 -5.9261620736950258e-05 -0.00015855699679947122 0.00016130065789881547 -5.0896678552303154e-05 0.00012956849451142426 9.9031571054908297e-05 -3.5710666372184946e-05 4.8687592570914704e-05 -7.9255010058380343e-05 -9.7538987090056431e-06 -0.00011851587091208432 9.9118185212548242e-05 7.2237269065593339e-06 0.00014126503299205273 -5.6327988779089786e-05 -4.6483397697411016e-05 0.00016797050986251902
leaf_weight=51 56 193 86399 2050 92 502 41 51 123 1008 802 52 393 2364 159 64 41 45 64 204 207 66 1041 42 120 75 58 173 65 108
leaf_count=51 56 193 86399 2050 92 502 41 51 123 1008 802 52 393 2364 159 64 41 45 64 204 207 66 1041 42 120 75 58 173 65 108
internal_value=-0.000114727 -0.00157354 -4.86928e-05 -0.00192843 8.81942e-05 -0.000503877 0.00269231 0.00532609 -0.000622347 -0.000942959 -0.00103855 0.000891237 -0.00125498 -0.00104093 0.000606859 0.00375 -0.000161292 0.00313953 -0.00163552 0.000223879 0.000284552 -4.31046e-05 0.000165911 0.00201754 0.00281893 1.56728e-05 -0.00177419 0.000938241 0.00245968 0.00401639
internal_weight=96709 4188 92521 3451 737 645 143 92 6122 4523 1401 331 3765 3372 758 120 279 86 1070 268 1599 1392 1326 285 243 638 217 421 248 183
internal_count=96709 4188 92521 3451 737 645 143 92 6122 4523 1401 331 3765 3372 758 120 279 86 1070 268 1599 1392 1326 285 243 638 217 421 248 183
is_linear=0
shrinkage=0.05


Tree=203
num_leaves=31
num_cat=0
split_feature=14 8 12 3 6 9 10 11 11 4 11 13 11 4 1 9 7 14 10 13 4 11 10 11 13 2 4 9 9 9
split_gain=4.6917 1.028 0.930199 0.763817 0.767764 0.485768 0.804605 1.16657 0.826417 0.643618 0.807009 0.606074 0.78353 0.73285 0.773306 0.592043 0.565792 0.519477 0.570126 0.520991 0.533436 0.600819 0.929134 0.560145 0.556096 0.49191 0.479776 0.475979 0.708522 0.468668
threshold=0.019838158531449972 1.0000000180025095e-35 0.013454374309724354 1.0000000180025095e-35 1.0000000180025095e-35 9.0141087323992366 8.3404158163444837 1.382908415275633 1.4685066303093104 2.5000000000000004 0.011656004753648098 0.22862123873148757 0.016121106078620551 6.5000000000000009 3.5000000000000004 9.5770560891483836 1.0000000180025095e-35 2.0744882328909844 8.244914729201275 2.4937006309686711 2.5000000000000004 2.7869984834027313 8.2888878778008355 3.4272328614264569 1.7243216747023489 13.500000000000002 4.5000000000000009 9.0101960930194647 8.9644971099887716 9.0034365696575112
decision_type=2 2 2 2 2 2 2 2 2 2 2 2 2 2 2 2 2 2 2 2 2 2 2 2 2 2 2 2 2 2
left_child=1 27 -3 4 -4 29 7 11 -9 10 -8 12 -7 14 25 -12 17 19 -19 20 -10 -22 23 -23 -24 -13 -16 28 -1 -2
right_child=5 2 3 -5 -6 6 9 8 16 -11 15 13 -14 -15 26 -17 -18 18 -20 -21 21 22 24 -25 -26 -27 -28 -29 -30 -31
leaf_value=-8.5832050391946079e-06 -1.607603204947794e-05 -9.5731695225981448e-05 -1.5444378889356924e-05 -6.9188246599157939e-05 -0.00010314216860500335 0.00087846096960042086 0.0021532873407300104 0.0084796833657556324 0.020114389523642164 -9.6218496594712149e-05 0.0015460619800180949 0.010453312005645535 0.00010347354347866403 -0.0022125430167749642 -0.002855736803050667 -0.000381957604718703 0.012132815325596518 0.0058108925387435001 -0.010622466542948071 -0.00546042554691309 0.001118759738204888 0.010963202256714374 0.010739970287026281 -0.0014425826327171655 0.0095226980993817073 3.6671404178141946e-05 0.0022668878344215175 -4.3603806317755818e-05 0.00015987074534054422 -0.00046647850344370728
leaf_weight=2232 78704 979 3239 2042 390 48 43 42 41 4761 919 43 499 444 139 267 59 106 133 44 347 46 67 77 42 40 61 182 65 698
leaf_count=2232 78704 979 3239 2042 390 48 43 42 41 4761 919 43 499 444 139 267 59 106 133 44 347 46 67 77 42 40 61 182 65 698
internal_value=-0.000131149 -0.00120988 -0.00153384 -0.00128813 -0.000852853 -1.88218e-05 0.000345911 0.00114574 0.00242032 4.1735e-05 0.00106184 0.000141286 0.00139854 -0.000804678 0.00118374 0.000817874 0.00212058 0.00181063 -0.000188286 0.00253012 0.00290322 0.00251295 0.00448276 0.00150406 0.00784404 0.00524096 -0.000500001 -0.000340864 -0.000145844 -5.68008e-05
internal_weight=96799 9129 6650 5671 3629 87670 8268 2278 1004 5990 1229 1274 547 727 283 1186 962 903 239 664 620 579 232 123 109 83 200 2479 2297 79402
internal_count=96799 9129 6650 5671 3629 87670 8268 2278 1004 5990 1229 1274 547 727 283 1186 962 903 239 664 620 579 232 123 109 83 200 2479 2297 79402
is_linear=0
shrinkage=0.05


Tree=204
num_leaves=31
num_cat=0
split_feature=14 14 8 4 6 11 2 1 11 12 11 8 11 1 7 12 10 2 2 12 14 4 11 8 2 14 2 11 11 13
split_gain=2.56864 1.09722 0.908003 0.65683 0.650304 0.865936 0.851352 0.888246 0.742907 0.646257 0.629886 0.612538 0.638064 1.13836 0.584868 0.548571 1.29182 0.538748 0.563546 0.560679 0.691527 0.770586 0.496037 0.559735 0.478568 0.479242 0.437942 0.437725 0.650069 0.54133
threshold=0.013517528708567098 0.027473859133533174 3.5000000000000004 9.5000000000000018 1.0000000180025095e-35 0.024057643094045584 10.500000000000002 1.5000000000000002 0.012283572797342318 0.013454374309724354 0.012283572797342318 1.5000000000000002 0.045459919902383739 1.0000000180025095e-35 1.0000000180025095e-35 0.015029169175175128 7.1141086558181206 26.500000000000004 29.500000000000004 0.023001842673130119 0.024121603797408502 1.5000000000000002 0.020960480762499119 1.0000000180025095e-35 7.5000000000000009 0.021707794896444324 4.5000000000000009 0.017404503881724414 0.013736085451027684 0.014987251844638852
decision_type=2 2 2 2 2 2 2 2 2 2 2 2 2 2 2 2 2 2 2 2 2 2 2 2 2 2 2 2 2 2
left_child=3 2 4 9 5 6 8 22 -2 -1 -9 24 13 -13 -12 16 -11 19 -19 -4 21 -21 23 27 25 -7 -15 28 29 -8
right_child=1 -3 17 -5 -6 11 7 10 -10 15 14 12 -14 26 -16 -17 -18 18 -20 20 -22 -23 -24 -25 -26 -27 -28 -29 -30 -31
leaf_value=-8.1686080064591272e-05 -0.00011868725998097235 -2.1065863451549439e-05 -4.0863069623809917e-05 -0.00011068867327471377 -8.4000311877114583e-05 1.7531281807677714e-05 5.1656772696267967e-05 -2.8556389198890959e-05 -3.6339526914856723e-05 0.00016112503882743413 1.9944465554040432e-05 9.5795966011506681e-05 -0.00014677150587780102 6.8403052948743875e-05 0.00012922433926829569 -3.0479099073848237e-05 -6.3173603126828346e-06 9.3220807778422932e-05 -0.00016298228696192378 5.9138198452243071e-05 -2.5969985927462164e-05 3.6855164683742072e-05 -0.00010015297978663392 -6.8563326543254785e-05 -2.8293290892758159e-05 -0.00015471478416598074 1.4891122339993866e-05 0.00010049982960961023 -4.9925213185725828e-05 -1.3303737602672696e-05
leaf_weight=288 518 85311 297 719 740 489 56 650 2419 45 1053 132 76 48 42 350 130 96 47 53 122 279 132 813 1039 61 534 101 127 81
leaf_count=288 518 85311 297 719 740 489 56 650 2419 45 1053 132 76 48 42 350 130 96 47 53 122 279 132 813 1039 61 534 101 127 81
internal_value=-0.000129482 -9.6837e-05 -0.000592205 -0.00216058 -0.000741413 -0.000615818 -0.00093625 -0.000351883 -0.00154409 -0.00118696 0.000386818 0.000191256 0.00132911 0.00179272 0.00111872 -0.000142858 0.00214286 0.00092841 0.00374126 0.000392808 0.0014978 0.00268072 -0.00133588 -0.00101019 -0.000374451 0.000818181 0.000841923 0.000616437 -0.000454547 0.00193431
internal_weight=96848 95316 10005 1532 9111 8371 5992 3055 2937 813 1745 2379 790 714 1095 525 175 894 143 751 454 332 1310 1178 1589 550 582 365 264 137
internal_count=96848 95316 10005 1532 9111 8371 5992 3055 2937 813 1745 2379 790 714 1095 525 175 894 143 751 454 332 1310 1178 1589 550 582 365 264 137
is_linear=0
shrinkage=0.05


Tree=205
num_leaves=31
num_cat=0
split_feature=14 14 4 11 2 12 2 10 11 4 1 12 9 1 1 8 11 2 14 9 11 0 0 8 14 12 14 9 14 14
split_gain=2.86965 1.12047 0.79328 0.813542 0.595735 0.528908 0.727323 0.608766 0.542871 0.505934 0.486295 1.71295 0.474831 0.468229 0.882962 0.740584 0.632312 0.686375 0.663122 0.509123 0.534428 0.522559 0.425607 0.88054 1.02368 1.04351 1.65443 1.1001 1.15326 0.891173
threshold=0.013517528708567098 0.01897636194442591 1.0000000180025095e-35 0.022473484983686818 17.500000000000004 0.017273622618214992 6.5000000000000009 7.3626386512029613 0.025448572034430007 9.5000000000000018 2.5000000000000004 0.015029169175175128 7.59356697312794 5.5000000000000009 3.5000000000000004 1.0000000180025095e-35 0.008869493422509889 6.5000000000000009 0.01708106010942392 8.22906913416527 0.018813966527785261 3.5000000000000004 18.500000000000004 1.5000000000000002 1.7874681706139648 0.3197795857231292 1.0809422387544811 8.4022731314817474 1.2236211263607217 0.77234689896875075
decision_type=2 2 2 2 2 2 2 2 2 2 2 2 2 2 2 2 2 2 2 2 2 2 2 2 2 2 2 2 2 2
left_child=9 2 4 13 -2 6 7 -5 -8 10 11 -1 -7 14 15 16 -4 18 -18 20 21 -15 -3 24 25 -24 -27 -28 -29 -25
right_child=1 22 3 5 -6 12 8 -9 -10 -11 -12 -13 -14 19 -16 -17 17 -19 -20 -21 -22 -23 23 29 -26 26 27 28 -30 -31
leaf_value=0.00017402216077384036 6.1095413376366283e-05 -3.7243223205596674e-05 0.00011929166341744196 0.00011821768179557857 -2.1319749932082705e-05 -6.934749296935361e-05 5.1511908484495269e-05 0.0002300459506975156 -2.5924841224237477e-05 -9.8907311260284793e-05 -6.3297113433360524e-05 -2.8632822776045164e-05 -4.219365735448978e-06 -9.2264307957771259e-05 -8.8579019083008211e-05 -4.3362054531860218e-05 0.00024647000429599443 -2.361700996409992e-05 -9.3481575756530324e-06 -5.8528085099277051e-05 0.00018010090181011791 7.1577772937637989e-05 -0.00050385969219228065 0.00066248771904394745 3.5263912438105904e-05 0.012069563236085499 0.0020354995267754996 0.013713025630184597 0.0059660599472210699 -0.0013140643384450099
leaf_weight=46 483 68441 62 44 503 202 136 40 100 719 696 89 1529 44 1166 1857 58 283 64 207 52 75 1127 1440 7050 48 2440 41 1007 6910
leaf_count=46 483 68441 62 44 503 202 136 40 100 719 696 89 1529 44 1166 1857 58 283 64 207 52 75 1127 1440 7050 48 2440 41 1007 6910
internal_value=-0.000156201 -0.000121531 -0.000734976 -0.00095371 0.000578092 -0.000148709 0.00171875 0.00571428 0.000296609 -0.00229032 -0.00145006 0.0012963 -0.000493935 -0.00138056 -0.00156161 -0.00099828 0.000781583 6.17272e-05 0.00319672 0.000291004 0.00230994 0.000462184 -7.36702e-05 0.000128843 0.000408519 0.000983271 0.00140554 0.00127867 0.00263359 -0.000263474
internal_weight=96959 95409 6905 5919 986 2051 320 84 236 1550 831 135 1731 3868 3490 2324 467 405 122 378 171 119 88504 20063 11713 4663 3536 3488 1048 8350
internal_count=96959 95409 6905 5919 986 2051 320 84 236 1550 831 135 1731 3868 3490 2324 467 405 122 378 171 119 88504 20063 11713 4663 3536 3488 1048 8350
is_linear=0
shrinkage=0.05


Tree=206
num_leaves=31
num_cat=0
split_feature=14 4 12 14 6 1 2 10 9 12 2 10 2 11 14 0 11 12 11 8 11 6 10 11 9 11 8 14 2 7
split_gain=2.8692 1.01488 0.690133 0.657629 0.521832 0.548618 0.806618 0.652143 0.750546 0.652133 0.613626 0.792835 0.725419 0.537329 0.780269 0.684409 0.677151 0.514876 0.75 0.569344 0.514709 0.69395 0.644248 0.494642 0.481447 0.466693 0.483866 0.740219 0.446533 0.679518
threshold=0.01897636194442591 3.5000000000000004 0.012824697325264192 0.012589284057799523 1.0000000180025095e-35 3.5000000000000004 9.5000000000000018 7.3979822511376261 8.1514414483709334 5.1016967195759895 3.5000000000000004 6.8805086098542985 5.5000000000000009 3.2335487081497649 2.3437685657724976 13.500000000000002 4.7289472569738589 2.5031710056371956 2.7050664919739842 2.5000000000000004 0.017404503881724414 1.0000000180025095e-35 6.797475144098498 2.2218988748465729 9.6570687150541854 0.017080999530942248 3.5000000000000004 0.016268773914346567 28.500000000000004 1.0000000180025095e-35
decision_type=2 2 2 2 2 2 2 2 2 2 2 2 2 2 2 2 2 2 2 2 2 2 2 2 2 2 2 2 2 2
left_child=1 2 -1 -3 5 10 13 -8 23 24 11 17 -12 -7 15 -15 -17 19 -19 -2 25 22 -22 -9 -10 26 -5 -28 29 -14
right_child=4 3 -4 20 -6 6 7 8 9 -11 12 -13 28 14 -16 16 -18 18 -20 -21 21 -23 -24 -25 -26 -27 27 -29 -30 -31
leaf_value=-0.00010085248816908948 -7.1512476000665225e-07 -7.7255272889839542e-05 5.8100667193228895e-06 -5.0038233366589478e-05 -0.00014785888372059598 -0.00017581262096950465 0.00014839841715964209 -0.00026596100124007922 -3.9998736272043624e-05 0.019826735139547913 -0.00020098019995836553 0.00014887743682843828 5.3183811600193649e-05 -0.00047037422430595312 -0.0070096363497044777 0.0038422520480288014 0.016871585279079688 0.026500860320156097 0.0044286720195162903 0.0015896133122855441 -9.866716035757521e-05 -0.00010450471209013798 -8.5314360113098629e-06 -0.011634261457928908 -0.00096666878217280836 -9.3708525801791516e-05 -6.1324929566283036e-05 9.4646430929812777e-05 -6.5239718642660723e-05 0.00090275476500014718
leaf_weight=177 231 599 1810 2488 6421 15956 9167 455 10883 40 4189 3670 26609 218 137 274 62 50 48 223 273 318 2567 110 87 102 51 42 8470 1151
leaf_count=177 231 599 1810 2488 6421 15956 9167 455 10883 40 4189 3670 26609 218 137 274 62 50 48 223 273 318 2567 110 87 102 51 42 8470 1151
internal_value=-0.000149055 -0.00103062 -4.27792e-05 -0.0013354 -6.50655e-05 -3.10874e-05 -0.000172378 3.56752e-05 -0.000213824 -0.000122617 8.72504e-05 0.000660823 2.73374e-05 -0.00043161 0.000933429 0.00176895 0.00318452 0.00242754 0.00571428 0.00171806 -0.0011736 -0.000740976 -0.000492959 -0.00199115 -0.000145854 -0.00168282 -0.00155173 0.00198925 9.9364e-05 0.000196324
internal_weight=96878 8427 1987 6440 88451 82030 37389 20742 11575 11010 44641 4222 40419 16647 691 554 336 552 98 454 5841 3158 2840 565 10970 2683 2581 93 36230 27760
internal_count=96878 8427 1987 6440 88451 82030 37389 20742 11575 11010 44641 4222 40419 16647 691 554 336 552 98 454 5841 3158 2840 565 10970 2683 2581 93 36230 27760
is_linear=0
shrinkage=0.05


Tree=207
num_leaves=31
num_cat=0
split_feature=14 14 9 10 10 13 2 13 13 11 11 1 13 14 1 9 0 13 14 13 4 2 14 13 0 11 10 10 0 8
split_gain=3.14385 0.808203 0.48872 1.03938 0.921343 0.806857 0.522224 0.540514 0.765472 1.0404 0.85087 0.723701 0.539851 0.736552 0.521759 0.612625 0.493865 0.502545 0.465748 0.447005 0.445258 0.97748 0.430685 0.821111 0.758097 0.742811 0.762511 0.845717 0.96174 0.566185
threshold=0.017961326416467562 0.013517528708567098 8.6764404406004125 7.9013597586844577 7.9960927129052788 2.9314132602403169 21.500000000000004 1.5467497958311716 0.076548216057848714 0.1869385636667438 0.31851029973486467 2.5000000000000004 0.61323818738018654 1.1932275766107703 2.5000000000000004 8.732665724659757 13.500000000000002 1.8893055575080797 2.122017345078635 2.394618835683934 9.5000000000000018 18.500000000000004 1.5538181032107765 1.0301062276739881 22.500000000000004 3.4272328614264569 6.6431651191757917 6.797475144098498 18.500000000000004 1.0000000180025095e-35
decision_type=2 2 2 2 2 2 2 2 2 2 2 2 2 2 2 2 2 2 2 2 2 2 2 2 2 2 2 2 2 2
left_child=1 20 3 22 5 6 7 8 -4 11 -11 -10 -8 -14 -12 -16 -15 -18 -9 -19 21 -1 25 -24 29 -2 -27 -28 -29 -25
right_child=2 -3 4 -5 -6 -7 12 18 9 10 14 -13 13 16 15 -17 17 19 -20 -21 -22 -23 23 24 -26 26 27 28 -30 -31
leaf_value=-5.7439515607122133e-05 -9.1993676442774544e-06 -2.4381258622805093e-05 -1.0743593856744799e-05 -0.00039838751748603725 2.1913928263788191e-05 0.02391139574289879 -0.00033889557478984444 -0.012721244468798241 0.0026996399639005863 -0.00077412609216677604 0.00035623844879282402 0.0014045768617623677 0.0071345802948714126 -0.016070422929186739 0.0147327768349735 0.0048623582013077394 -0.0022200052348965017 0.013363048406310222 0.012894348516405663 -0.00046331086531138595 -9.0820310957026934e-05 0.00011930033021987836 -0.0074249138162159126 0.00064718561556734665 -0.0097937285089852704 -0.010757409870778997 0.011185935467525117 0.001891482450021729 0.020562466224584845 -0.00088585680583190887
leaf_weight=773 47741 5679 106 1101 15634 41 178 128 52 46 83 73 57 40 42 97 79 57 74 43 706 40 402 6931 388 89 67 1131 45 14672
leaf_count=773 47741 5679 106 1101 15634 41 178 128 52 46 83 73 57 40 42 97 79 57 74 43 706 40 402 6931 388 89 67 1131 45 14672
internal_value=-0.000139501 -0.00114476 -5.85602e-05 -0.000114861 0.000184194 0.00152174 0.00127706 0.00213267 0.00301603 0.00403308 0.00227612 0.0078 -4.40541e-05 0.00134058 0.00355856 0.00543165 2.28299e-05 0.00114525 -4.95061e-05 0.0035 -0.00216919 -0.00137146 -9.13733e-05 -0.000273078 -0.000232142 -8.45798e-06 0.00115615 0.00147627 0.00116496 -0.000192798
internal_weight=96595 7198 89397 72567 16830 1196 1155 701 499 393 268 125 454 276 222 139 219 179 202 100 1519 813 71466 22393 21991 49073 1332 1243 1176 21603
internal_count=96595 7198 89397 72567 16830 1196 1155 701 499 393 268 125 454 276 222 139 219 179 202 100 1519 813 71466 22393 21991 49073 1332 1243 1176 21603
is_linear=0
shrinkage=0.05


Tree=208
num_leaves=31
num_cat=0
split_feature=14 4 14 1 13 8 12 11 9 0 0 8 9 1 2 12 9 10 0 13 10 9 2 14 12 2 14 13 9 14
split_gain=3.22356 0.995009 0.699204 0.584089 0.713455 0.644102 0.721938 0.771429 0.627348 0.643809 0.574334 0.506105 0.493369 0.482506 0.48893 0.511329 0.792188 0.453501 0.441716 1.22156 0.676083 1.04624 1.06175 0.617696 0.465972 0.52545 0.448658 1.07051 0.748542 0.84628
threshold=0.01863811319857642 9.5000000000000018 0.013101606300135718 3.5000000000000004 0.021898487278408107 1.0000000180025095e-35 0.013961081296346161 0.013736085451027684 8.2327807673683022 4.5000000000000009 4.5000000000000009 1.0000000180025095e-35 7.7468993138603315 3.5000000000000004 2.5000000000000004 0.014205593701191656 8.0983831829183792 7.1226644470342189 2.5000000000000004 0.089893813027290118 7.1958903639250469 7.7421894393860553 19.500000000000004 1.0428862247689232 0.018241712731122777 5.5000000000000009 0.15855883354382452 0.21347285111196837 7.59356697312794 0.22933176348806558
decision_type=2 2 2 2 2 2 2 2 2 2 2 2 2 2 2 2 2 2 2 2 2 2 2 2 2 2 2 2 2 2
left_child=1 3 -3 4 5 8 7 -7 -1 -10 11 -4 -5 18 15 16 -15 -14 19 20 21 -2 -23 26 25 -20 -21 -28 -29 -30
right_child=13 2 10 12 -6 6 -8 -9 9 -11 -12 -13 17 14 -16 -17 -18 -19 24 23 -22 22 -24 -25 -26 -27 27 28 29 -31
leaf_value=3.6762426903307097e-06 0.00027922085323018404 -9.5414347285468874e-05 -1.5785248916657165e-05 -7.2020772288036667e-05 -0.0001206906720043905 8.8691357509282969e-05 -1.7508088658622564e-05 -9.0657282337267125e-06 3.1908916358909462e-05 0.00012874498857166471 -1.6653142526296837e-05 -6.7366174830608749e-05 3.5993604055339195e-05 0.0021020790494650473 -4.093000024546761e-05 -0.00030343323991071091 -0.00065848029003534201 -2.6794210986678318e-05 4.200504900224401e-05 -0.00010125784968391724 0.00018609625678388795 0.00033934134512865856 0.0012918091445422017 -0.0095137070354054734 6.5627421849817845e-06 -7.5489129105138427e-05 0.00079728852619151327 -0.0010983888582357028 -0.00072012611634359608 0.00049636927362911674
leaf_weight=240 145 521 590 399 135 60 1513 80 140 60 1051 1648 127 48 33396 3954 80 1497 76 1315 545 47 44 106 43769 390 755 539 211 3210
leaf_count=240 145 521 590 399 135 60 1513 80 140 60 1051 1648 127 48 33396 3954 80 1497 76 1315 545 47 44 106 43769 390 755 539 211 3210
internal_value=-0.000122608 -0.00107989 -0.00166667 -0.000553988 4.48714e-06 0.000231724 -0.000220812 0.00321428 0.00193182 0.004 -0.00139708 -0.00184987 -0.00116906 -3.55422e-05 -0.000171835 -0.000688389 0.00242187 -0.000782021 6.43169e-05 0.000435881 0.00229833 0.0045339 0.00873626 0.000198825 6.2156e-06 -0.00156652 0.000265339 0.000493106 0.00016414 0.000437006
internal_weight=96691 8061 3810 4251 2228 2093 1653 140 440 200 3289 2238 2023 88630 37478 4082 128 1624 51152 6917 781 236 91 6136 44235 466 6030 4715 3960 3421
internal_count=96691 8061 3810 4251 2228 2093 1653 140 440 200 3289 2238 2023 88630 37478 4082 128 1624 51152 6917 781 236 91 6136 44235 466 6030 4715 3960 3421
is_linear=0
shrinkage=0.05


Tree=209
num_leaves=31
num_cat=0
split_feature=14 6 1 2 8 8 8 12 14 1 2 8 13 11 13 1 13 2 11 13 10 8 12 12 12 13 9 14 12 10
split_gain=2.21988 0.740013 1.16289 1.09428 0.718774 0.626985 1.51154 0.645459 0.685884 0.543199 0.640167 0.72643 0.560536 1.05886 0.990347 0.552816 0.577828 0.596156 0.753638 0.551491 1.66683 0.529196 0.79302 0.95 0.519048 0.50823 0.710899 0.664565 1.27278 0.548899
threshold=0.019392261370377317 1.0000000180025095e-35 3.5000000000000004 2.5000000000000004 1.0000000180025095e-35 1.5000000000000002 2.5000000000000004 0.013961081296346161 0.014243004357684295 5.5000000000000009 4.5000000000000009 2.5000000000000004 0.064186623883692964 0.020960480762499119 0.19120629927941438 3.5000000000000004 1.6987012200490532 24.500000000000004 3.9691913626573578 1.6869046471215168 7.5169598942300491 1.5000000000000002 1.6606061988069836 1.039915470202802 2.9079687597149522 1.8739681583590952 9.6065217089800203 1.5361014333496903 2.5031710056371956 6.3682407829821726
decision_type=2 2 2 2 2 2 2 2 2 2 2 2 2 2 2 2 2 2 2 2 2 2 2 2 2 2 2 2 2 2
left_child=1 2 4 -4 -1 7 -7 8 -6 15 11 12 13 -11 -14 -2 19 -18 21 -17 -21 -19 23 -23 -20 26 -12 28 -27 -29
right_child=9 -3 3 -5 5 6 -8 -9 -10 10 25 -13 14 -15 -16 16 17 18 24 20 -22 22 -24 -25 -26 27 -28 29 -30 -31
leaf_value=2.716195061541778e-05 -4.2336665333910593e-06 -9.5668509810231865e-05 -0.0001284276199232488 -3.5562273729972787e-05 5.3387776419403585e-05 0.00010855448484322266 -2.2308338804950119e-06 -5.4190595958275474e-05 -2.9880236598934257e-05 -0.00014357264795932876 5.8784397100237294e-05 -0.00047315210218961133 -0.00050403562281215136 0.00075674962146181715 0.00060367367923779014 -7.5582459004949347e-05 -0.0031828975634543653 -0.0027818265471412293 0.0091502783337873653 0.014973361548385945 -0.0096427028525029636 -0.0074782482240384196 -0.0060488624909838563 0.019526561925619815 0.0028860527811321469 0.002720299179147111 -0.00083358976800890997 0.019236818304186387 0.014960428108324573 0.0022760818122528402
leaf_weight=1022 50698 509 511 3670 46 46 1373 1527 116 51 8260 798 176 45 1012 20469 3452 238 67 40 45 45 109 76 83 109 99 44 42 2063
leaf_count=1022 50698 509 511 3670 46 46 1373 1527 116 51 8260 798 176 45 1012 20469 3452 238 67 40 45 45 109 76 83 109 99 44 42 2063
internal_value=-0.000133777 -0.000890024 -0.000776683 -0.00136451 -0.000181599 -0.000559847 0.000214939 -0.00121078 0.00179012 -5.79987e-05 0.000244506 -0.000557158 0.000179127 0.00385417 -0.000117846 -0.000109 -0.000303364 -0.000847667 0.000582523 -0.000195584 0.00382353 -0.000405984 0.00130435 0.00409091 0.00366667 0.000401713 0.000221915 0.00106732 0.00427152 0.000837683
internal_weight=96841 8820 8311 4181 4130 3108 1419 1689 162 88021 12699 2082 1284 96 1188 75322 24624 4070 618 20554 85 468 230 121 150 10617 8359 2258 151 2107
internal_count=96841 8820 8311 4181 4130 3108 1419 1689 162 88021 12699 2082 1284 96 1188 75322 24624 4070 618 20554 85 468 230 121 150 10617 8359 2258 151 2107
is_linear=0
shrinkage=0.05


Tree=210
num_leaves=31
num_cat=0
split_feature=14 14 11 11 1 4 1 12 4 10 11 12 2 8 13 8 2 2 11 10 4 14 12 10 10 13 14 12 13 10
split_gain=2.3288 0.68799 0.50502 0.730051 0.811818 0.654749 0.677547 0.64727 1.02228 0.571852 0.954859 0.564633 0.659186 0.627273 0.50875 0.483283 1.43083 0.459452 0.520433 0.44087 0.404993 0.40488 0.385116 0.400951 0.604565 0.448667 0.664565 0.553312 0.516849 0.751453
threshold=0.013517528708567098 0.01897636194442591 0.024057643094045584 0.026185372129590826 3.5000000000000004 3.5000000000000004 1.5000000000000002 0.017273622618214992 6.5000000000000009 7.1455246758823021 0.013149438319505592 0.02549002247696816 6.5000000000000009 1.0000000180025095e-35 0.016668486383877724 3.5000000000000004 21.500000000000004 26.500000000000004 0.034823056712642499 7.7022690558343845 9.5000000000000018 0.01827846770095903 0.012053298097908274 8.325467553273258 8.1267441881001137 0.01803922348718923 0.01708106010942392 0.018241712731122777 0.016263079224335463 7.3194233265470983
decision_type=2 2 2 2 2 2 2 2 2 2 2 2 2 2 2 2 2 2 2 2 2 2 2 2 2 2 2 2 2 2
left_child=20 2 5 4 7 6 9 -4 -9 10 -2 17 -13 21 -10 -7 -17 -5 -19 -15 -1 -14 -8 24 25 28 -27 -28 -24 -30
right_child=1 -3 3 11 -6 15 22 8 14 -11 -12 12 13 19 -16 16 -18 18 -20 -21 -22 -23 23 -25 -26 26 27 -29 29 -31
leaf_value=-3.5032323309019428e-05 0.00011949447699187034 -1.5349984348594637e-05 0.00016845294902367551 -3.4426608727075764e-05 -1.9530870497339089e-05 -3.6359994143129216e-05 -0.0002200127498245293 9.4959543716650733e-05 -4.5431365883445157e-05 -0.00010788932936709024 -6.0453759094451128e-05 5.8368699175981537e-05 -0.00010737041613739335 2.8768153500660048e-05 4.2006279614936718e-05 -4.2785953380296792e-05 0.00010135910801316528 8.3425198632464624e-05 -6.0013268931276096e-05 0.00012056435073728673 -7.7578438814463914e-05 3.5863560086060456e-05 3.2480508173057373e-05 -0.00013185407726117349 0.00010979198032737172 -0.00012049073713627009 0.00016392142446234153 -8.1584493038331865e-05 0.00012948418457468675 3.1160287021667135e-05
leaf_weight=821 45 88488 49 1030 139 3461 42 42 56 332 101 51 98 75 52 105 47 57 45 40 718 40 420 65 46 121 44 62 53 84
leaf_count=821 45 88488 49 1030 139 3461 42 42 56 332 101 51 98 75 52 105 47 57 45 40 718 40 420 65 46 121 44 62 53 84
internal_value=-0.000114068 -8.2906e-05 -0.000567481 0.000157834 0.00224852 -0.00082339 8.8338e-05 0.00429648 0.00266667 -0.00144352 0.00116438 -0.000334263 0.00157895 0.000533596 9.25914e-05 -0.00118046 0.00157895 -0.000848058 0.00235294 0.00326087 -0.00204354 -0.00173913 0.000869796 0.00108938 0.00138554 0.00105867 -0.000814979 0.00207547 0.00182226 0.00448905
internal_weight=96829 95290 6802 1774 338 5028 1415 199 150 478 146 1436 304 253 108 3613 152 1132 102 115 1539 138 937 895 830 784 227 106 557 137
internal_count=96829 95290 6802 1774 338 5028 1415 199 150 478 146 1436 304 253 108 3613 152 1132 102 115 1539 138 937 895 830 784 227 106 557 137
is_linear=0
shrinkage=0.05


Tree=211
num_leaves=31
num_cat=0
split_feature=14 14 6 1 14 3 13 14 1 10 14 2 6 14 12 14 7 14 12 8 8 0 14 2 8 14 12 0 11 12
split_gain=2.34754 0.690204 0.55118 0.751696 0.669099 0.537439 1.15215 0.463604 0.71918 0.442171 0.863752 1.69883 0.432342 0.944341 0.590965 0.511749 0.588044 0.859101 0.85806 0.751346 1.60872 1.17301 0.838495 0.731054 0.62589 0.652827 0.689225 1.01549 0.629362 0.564106
threshold=0.017961326416467562 0.012589284057799523 1.0000000180025095e-35 3.5000000000000004 0.015739209582403674 1.0000000180025095e-35 0.022852585698754712 0.01708106010942392 2.5000000000000004 7.9875559662347237 0.014243004357684295 16.500000000000004 1.0000000180025095e-35 0.091560473374119808 0.013961081296346161 1.912899923443302 1.0000000180025095e-35 2.5268017676855781 1.8597649084503747 2.5000000000000004 1.5000000000000002 15.500000000000002 2.194209813763786 28.500000000000004 1.0000000180025095e-35 2.5697686166586133 1.3040386106145412 19.500000000000004 3.7553789038118102 2.7469130447725001
decision_type=2 2 2 2 2 2 2 2 2 2 2 2 2 2 2 2 2 2 2 2 2 2 2 2 2 2 2 2 2 2
left_child=1 -1 3 5 9 -3 7 8 -7 -5 -11 -12 15 -14 -15 -2 19 18 -18 20 21 -17 -22 29 25 26 -23 -28 -26 -20
right_child=12 2 -4 4 -6 6 -8 -9 -10 10 11 -13 13 14 -16 16 17 -19 23 -21 22 24 -24 -25 28 -27 27 -29 -30 -31
leaf_value=-5.8580908970820167e-05 1.4891463979755616e-05 1.0840736002387242e-05 -9.8622583942828979e-05 -5.7849454489452605e-05 -6.4369640462149945e-06 -3.0609445315614697e-05 3.0367953088016606e-05 -9.7179950342707753e-05 3.8100334360296745e-05 -7.1277307955329262e-05 -5.5669679044493864e-05 0.00012677277805030383 -7.8174364755564051e-05 0.0019098010136526528 -0.00019461311275835664 -0.013868920122814689 -0.0048817551928702361 -0.0012580867329388011 0.024398425791588033 -0.0033787595918518772 0.011159353815628967 -0.0033369727116845287 0.0056046038595917794 -0.0068526682303629632 -0.0023569031058700554 -0.0046814891381677928 0.00045386479837402456 0.0078151955223813071 -0.010388634646081567 0.0099246765265938452
leaf_weight=777 69490 1687 380 1602 1128 829 40 254 217 165 101 49 842 62 5630 292 97 449 163 3514 175 764 709 70 2194 938 2431 1001 239 355
leaf_count=777 69490 1687 380 1602 1128 829 40 254 217 165 101 49 842 62 5630 292 97 449 163 3514 175 764 709 70 2194 938 2431 1001 239 355
internal_value=-8.71251e-05 -0.000953798 -0.000784254 -0.000668644 -0.00122332 -0.000110672 -0.00085821 -0.00111539 -0.000650097 -0.00179186 -7.93663e-05 0.00266667 -1.70565e-05 -0.000408633 -0.000177443 1.38138e-05 -0.000269212 0.000820105 0.00193431 -0.000369994 -0.000121813 -0.000349282 0.00190045 0.00265306 -0.000229286 8.37542e-05 0.000350332 0.000652679 -0.000889849 0.00330116
internal_weight=96644 7229 6452 6072 3045 3027 1340 1300 1046 1917 315 150 89415 6534 5692 82881 13391 1134 685 12257 8743 7859 884 588 7567 5134 4196 3432 2433 518
internal_count=96644 7229 6452 6072 3045 3027 1340 1300 1046 1917 315 150 89415 6534 5692 82881 13391 1134 685 12257 8743 7859 884 588 7567 5134 4196 3432 2433 518
is_linear=0
shrinkage=0.05


Tree=212
num_leaves=31
num_cat=0
split_feature=13 1 1 2 14 4 14 0 9 9 13 9 2 13 12 13 11 13 12 14 12 11 10 12 12 11 0 11 14 9
split_gain=2.27771 1.2829 0.99211 0.790004 0.731567 0.583072 0.548397 0.488069 1.125 0.586537 0.644147 0.688859 0.476469 0.460569 0.84843 0.615252 0.682732 0.506443 0.446384 0.440229 0.429613 0.367406 0.350419 0.699917 0.442073 0.402706 0.382361 0.584865 0.6296 0.847539
threshold=0.016668486383877724 3.5000000000000004 5.5000000000000009 19.500000000000004 0.015129678267487529 2.5000000000000004 0.015739209582403674 4.5000000000000009 8.3523553982831391 8.0674202022978481 0.012451765634546091 7.6833221415656325 2.5000000000000004 0.010929538203647097 0.018035768771074438 0.012864436323488082 0.011656004753648098 0.014627507163046604 0.019271711222591036 0.016021226436167581 0.014832145907619042 0.0093619696179212692 6.678616393175564 3.2481109671717454 3.5351141344718853 3.6627829982867177 13.500000000000002 0.13817021750351233 0.99722161406906573 7.1961919126441538
decision_type=2 2 2 2 2 2 2 2 2 2 2 2 2 2 2 2 2 2 2 2 2 2 2 2 2 2 2 2 2 2
left_child=1 3 12 4 7 6 -4 9 -9 10 -1 -12 -3 14 -5 -15 17 19 -14 -17 -11 -19 23 26 25 -25 -2 -28 29 -29
right_child=22 2 5 13 -6 -7 -8 8 -10 20 11 -13 18 15 -16 16 -18 21 -20 -21 -22 -23 -24 24 -26 -27 27 28 -30 -31
leaf_value=-4.673359717115744e-06 -0.00011828013992251754 -0.00013660401267184019 3.9587259236240261e-05 -3.9046350679676478e-05 -5.566310350015261e-06 -1.9438105555480683e-05 -1.885026680271319e-05 3.534484242329002e-05 0.00011814103681590888 1.25407741145415e-05 1.8971524003613367e-05 7.2540070237594109e-05 -7.3813262183075807e-05 -6.7231281780906395e-05 4.9018062158938699e-05 -3.3965491834367495e-05 -9.9963720719677086e-05 -7.9955956676536319e-05 -2.793429977587984e-06 0.00011788048075513086 -0.00010018290484644239 7.0611802694070722e-05 -1.5680855073959061e-06 0.020001889617409785 0.00040773459205779096 0.0069769427663253052 -0.0059362549416516466 0.010449232825802046 -0.00064286344392399666 0.002142655155032177
leaf_weight=74 3422 392 62 99 1278 639 56 96 48 63 46 50 1680 297 106 52 413 94 248 74 176 55 84283 40 183 44 77 76 2369 188
leaf_count=74 3422 392 62 99 1278 639 56 96 48 63 46 50 1680 297 106 52 413 94 248 74 176 55 84283 40 183 44 77 76 2369 188
internal_value=-9.60954e-05 -0.00103149 -0.00175008 -0.000299571 0.000352265 -0.000178337 0.00305085 0.00187161 0.004375 0.000990219 0.00323529 0.0059375 -0.00226293 -0.00130252 0.000853657 -0.00175127 -0.000930234 0.000999999 -0.00193984 0.00333333 -0.000606696 -0.000973156 -3.31941e-05 -0.000389906 0.0021161 0.00511905 -0.000499023 -5.53517e-05 7.02609e-05 0.00238636
internal_weight=96780 6098 3077 3021 1831 757 118 553 144 409 170 96 2320 1190 205 985 688 275 1928 126 239 149 90682 6399 267 84 6132 2710 2633 264
internal_count=96780 6098 3077 3021 1831 757 118 553 144 409 170 96 2320 1190 205 985 688 275 1928 126 239 149 90682 6399 267 84 6132 2710 2633 264
is_linear=0
shrinkage=0.05


Tree=213
num_leaves=31
num_cat=0
split_feature=14 1 6 2 11 12 12 12 1 11 10 13 13 2 11 10 14 14 9 13 11 9 12 9 11 14 9 2 14 4
split_gain=1.76662 1.03971 1.08048 0.905621 0.820802 0.617808 0.606379 0.619583 0.486856 0.515281 1.18662 0.775837 0.554724 0.622714 0.483125 0.538373 0.470489 1.0056 0.709364 0.503177 0.428097 0.419517 0.673928 0.585458 0.53919 0.448421 0.389073 0.500957 0.378914 0.375412
threshold=0.019392261370377317 3.5000000000000004 1.0000000180025095e-35 2.5000000000000004 0.024057643094045584 0.013708051148823178 0.017094184078422146 0.02549002247696816 1.5000000000000002 0.013736085451027684 7.1455246758823021 0.010929538203647097 0.016263079224335463 27.500000000000004 0.027715354007347662 8.3539509340366518 0.014243004357684295 0.013904522156853769 7.8371387042249507 0.022852585698754712 0.018813966527785261 8.3141829512043284 0.021008604565243089 7.7325654138638535 0.013149438319505592 0.01897636194442591 7.8624884834232454 28.500000000000004 0.016537912614722906 6.5000000000000009
decision_type=2 2 2 2 2 2 2 2 2 2 2 2 2 2 2 2 2 2 2 2 2 2 2 2 2 2 2 2 2 2
left_child=1 2 4 -3 8 -5 -6 -8 9 10 12 -12 13 -1 15 -7 17 18 -10 21 26 22 24 -24 -18 -23 -11 -28 -29 -9
right_child=-2 3 -4 5 6 14 7 29 16 20 11 -13 -14 -15 -16 -17 19 -19 -20 -21 -22 25 23 -25 -26 -27 27 28 -30 -31
leaf_value=0.00010075536132114086 -4.1911378658783817e-06 -9.5412957012840232e-05 -5.4899146589907656e-05 -6.2050170982491949e-05 0.00013543468085162067 -4.1741619524025082e-06 2.813114654812171e-06 -0.00017728357037148876 4.9538706997763006e-05 -0.00010339198516309059 5.4812728426401151e-05 -6.5174101600721417e-05 -1.192118717963894e-05 7.3757646433498804e-05 -4.597325055775914e-05 -7.298824983251008e-05 -6.1593708312572012e-05 8.5277362225968042e-05 -5.2436844401052997e-05 2.1655595025761931e-05 -1.4178894509655021e-05 -5.401790079671632e-05 -1.2590872401417064e-05 0.00014168461957986505 2.2567574847422531e-05 6.3330852534083576e-05 -7.4789735438243526e-05 -4.3205092339995558e-05 4.3818743350082599e-05 0.00010259102465083967
leaf_weight=41 88072 521 517 918 75 2021 656 44 40 196 45 362 67 63 614 113 182 57 125 65 429 493 43 111 371 40 335 71 62 137
leaf_count=41 88072 521 517 918 75 2021 656 44 40 196 45 362 67 63 614 113 182 57 125 65 429 493 43 111 371 40 335 71 62 137
internal_value=-7.61732e-05 -0.000751079 -0.000234494 -0.00132195 3.64952e-05 -0.00104474 0.00135965 0.000973714 -0.000340839 -0.000930582 0.000276815 -0.00119165 0.00377193 0.00605769 -0.000669579 -0.000313966 0.000304517 0.00243243 0.000454544 -5.74725e-05 -0.00156908 -0.000282259 0.000516265 0.00344156 -0.000298374 -0.00134146 -0.00236446 -0.0015812 0.00101504 0.00356353
internal_weight=96886 8814 4627 4187 4110 3666 912 837 3198 1671 578 407 171 104 2748 2134 1527 222 165 1305 1093 1240 707 154 553 533 664 468 133 181
internal_count=96886 8814 4627 4187 4110 3666 912 837 3198 1671 578 407 171 104 2748 2134 1527 222 165 1305 1093 1240 707 154 553 533 664 468 133 181
is_linear=0
shrinkage=0.05


Tree=214
num_leaves=31
num_cat=0
split_feature=14 1 2 10 10 8 9 2 11 12 10 10 2 10 1 1 8 8 14 0 10 13 14 12 0 8 0 14 14 0
split_gain=1.46857 0.829507 0.96866 0.992954 0.673652 1.13147 0.638862 0.498223 0.483211 0.626165 0.809223 0.819482 0.454562 0.529225 0.443372 0.780515 0.610523 1.16834 1.4197 0.7882 0.739472 0.58897 0.691648 0.582258 0.558096 1.2033 1.38047 1.71655 1.30454 1.06092
threshold=0.015739209582403674 3.5000000000000004 18.500000000000004 8.0710839041591047 6.8328969891406821 2.5000000000000004 7.3431355615647513 4.5000000000000009 0.025448572034430007 0.013708051148823178 7.2812565621210767 7.6029264514327446 15.500000000000002 8.3314205508096446 5.5000000000000009 3.5000000000000004 1.5000000000000002 2.5000000000000004 1.7048336813644955 17.500000000000004 7.2198555220619971 0.017541297872026327 0.016537912614722906 0.27153305017447688 11.500000000000002 3.5000000000000004 8.5000000000000018 1.8661075223863375 0.98321410447944702 10.500000000000002
decision_type=2 2 2 2 2 2 2 2 2 2 2 2 2 2 2 2 2 2 2 2 2 2 2 2 2 2 2 2 2 2
left_child=1 4 7 8 5 6 -1 -3 9 -4 -11 -12 -6 -14 15 24 21 20 -19 -20 23 -17 -23 -18 25 28 -27 -28 -2 -30
right_child=14 2 3 -5 12 -7 -8 -9 -10 10 11 -13 13 -15 -16 16 17 18 19 -21 -22 22 -24 -25 -26 26 27 -29 29 -31
leaf_value=2.5910014059486232e-05 -1.2237223232176013e-05 -9.1770774643661632e-05 -0.00010064947951665882 5.9048808064151366e-05 7.9150582593316e-06 -5.5386901755127514e-05 7.6700071595612476e-05 -3.5832226960079553e-05 -6.5770287437289969e-05 -6.5507773746916414e-05 0.00018435989148373093 2.2404478006428758e-05 -5.3721323114760624e-05 4.4348412474646557e-05 4.4538344175180902e-05 -8.1577322836944239e-05 7.4336894480452802e-05 9.145406315015713e-07 -0.003646281591958025 -0.014190239895226685 0.00034135924676924508 6.9954464321618523e-05 -0.00020780880695060223 0.0075088948597425214 0.00037595211587898879 8.5858582898748207e-06 0.010790870772072459 -0.00021642462702570051 -0.0067018098993856029 -0.0009203388821282778
leaf_weight=40 20360 780 82 61 753 89 43 1327 148 68 40 52 615 54 13495 319 45 8435 786 348 1057 61 14287 48 27593 2554 510 347 907 1341
leaf_count=40 20360 780 82 61 753 89 43 1327 148 68 40 52 615 54 13495 319 45 8435 786 348 1057 61 14287 48 27593 2554 510 347 907 1341
internal_value=-8.20023e-05 -0.00100193 -0.00155981 0.000543236 -0.000106651 0.00284884 0.00704819 -0.00200997 -0.000384617 0.000991734 0.0028125 0.00586956 -0.000464136 -0.00141256 -4.0707e-05 -8.59527e-05 -0.000314348 -2.75224e-05 -0.000208487 -0.00186949 0.00147826 -0.000523967 -0.000476723 0.00575269 2.21953e-05 -0.000143934 0.000731456 0.00246791 -0.00027601 -0.00141904
internal_weight=96645 4152 2558 451 1594 172 83 2107 390 242 160 92 1422 669 92493 78998 25386 10719 9569 1134 1150 14667 14348 93 53612 26019 3411 857 22608 2248
internal_count=96645 4152 2558 451 1594 172 83 2107 390 242 160 92 1422 669 92493 78998 25386 10719 9569 1134 1150 14667 14348 93 53612 26019 3411 857 22608 2248
is_linear=0
shrinkage=0.05


Tree=215
num_leaves=31
num_cat=0
split_feature=14 1 2 9 10 10 1 8 11 12 11 14 11 14 11 11 8 11 13 12 14 0 12 8 14 14 0 14 14 12
split_gain=1.83081 0.698783 0.754264 0.977781 1.24049 0.705447 0.820535 0.6196 0.535265 0.712943 0.521823 0.512742 0.510003 0.946362 0.470201 0.551471 0.451774 0.399038 0.405347 0.413675 0.396681 0.618684 1.71352 1.06568 1.70566 1.86883 2.05273 2.11136 1.70927 1.61707
threshold=0.015739209582403674 3.5000000000000004 11.500000000000002 8.7550578509009664 8.3551079822954843 7.0874860774063952 1.5000000000000002 2.5000000000000004 0.025448572034430007 0.01635378004448804 0.015564262813174108 0.013904522156853769 0.017080999530942248 0.014243004357684295 0.013149438319505592 0.018813966527785261 3.5000000000000004 0.015267695482718139 0.014627507163046604 0.013708051148823178 1.974723118924252 18.500000000000004 2.0853656062197135 1.5000000000000002 1.1510957525484971 0.44206302601010677 8.5000000000000018 0.36853772872751567 1.2340644875082172 2.2088749738977822
decision_type=2 2 2 2 2 2 2 2 2 2 2 2 2 2 2 2 2 2 2 2 2 2 2 2 2 2 2 2 2 2
left_child=1 5 16 8 11 6 14 10 9 17 -8 -5 -11 -14 -1 -16 -3 18 -4 -20 21 23 -23 -2 25 26 -25 -28 -26 -30
right_child=20 2 3 4 -6 -7 7 -9 -10 12 -12 -13 13 -15 15 -17 -18 -19 19 -21 -22 22 -24 24 28 -27 27 -29 29 -31
leaf_value=7.2848424083485347e-05 -4.2786453200469049e-05 -6.78292290087869e-05 -5.1249962865285357e-05 4.8994185146458778e-05 -0.0001112713383608167 -2.411950552707367e-05 9.1748597547489682e-05 1.1904020911002456e-05 -6.9990929940671627e-05 -4.1324136586785494e-05 4.548786927829276e-05 0.00010374853344115683 5.4955487971631301e-05 -2.6599074116965475e-05 -9.6697451837389646e-05 2.3419301550882084e-05 2.978802436600033e-05 -0.00010530616301188339 -5.1543801776402009e-05 7.7784641670111156e-05 -0.00092339300974883314 0.00012248128220796606 0.0062822647722141278 4.9066420374471924e-06 0.0057358902043701601 -0.0011334557909186815 0.003515986052398023 0.0011929130847488948 0.0030586826256884772 -0.00035945506997884808
leaf_weight=68 39389 1546 198 49 60 1198 40 70 164 82 52 45 43 50 75 85 67 153 77 42 12903 11928 1936 11747 573 5524 73 327 4461 3601
leaf_count=68 39389 1546 198 49 60 1198 40 70 164 82 52 45 43 50 75 85 67 153 77 42 12903 11928 1936 11747 573 5524 73 327 4461 3601
internal_value=-0.000107943 -0.00113353 -0.00164208 -0.000534788 0.00311688 -0.000308565 0.00153846 0.00425926 -0.00122991 -0.000581397 0.00695652 0.00670213 0.00214286 0.00467742 -0.000394738 -0.001875 -0.00230316 -0.00159575 -0.000583597 0.00172269 -6.17563e-05 -2.00492e-05 0.000283467 -8.4102e-05 0.000162319 -0.000119123 0.000227627 0.00375 0.000738273 0.000550731
internal_weight=96626 4164 2576 963 154 1588 390 162 809 645 92 94 175 93 228 160 1613 470 317 119 92462 79559 13864 65695 26306 17671 12147 400 8635 8062
internal_count=96626 4164 2576 963 154 1588 390 162 809 645 92 94 175 93 228 160 1613 470 317 119 92462 79559 13864 65695 26306 17671 12147 400 8635 8062
is_linear=0
shrinkage=0.05


Tree=216
num_leaves=31
num_cat=0
split_feature=14 6 14 2 2 8 14 11 10 11 12 4 0 12 13 13 10 9 12 12 7 11 10 10 14 14 10 9 9 12
split_gain=0.813344 0.552499 1.07494 0.442503 0.55376 0.511455 0.853645 1.10589 0.949707 0.704773 1.03 0.884005 0.658335 0.714677 0.601377 0.564014 0.556401 1.07065 0.535517 0.511632 1.11009 0.927025 0.474178 0.790069 0.624678 0.597061 0.542337 0.476892 0.610401 0.467222
threshold=0.013904522156853769 1.0000000180025095e-35 0.091560473374119808 5.5000000000000009 7.5000000000000009 1.0000000180025095e-35 0.060904787669005034 0.026185372129590826 7.5120029374267663 3.6627829982867177 2.4783214366956514 6.5000000000000009 9.5000000000000018 0.21840486120628935 0.018525315301866001 1.1941873415385149 8.3992538843091626 8.9899118750170839 0.19513604225284981 2.9079687597149522 1.0000000180025095e-35 1.7742256932915301 7.020237250679477 7.3884244819594844 0.017666624502112847 0.15226268694702264 7.10615046080403 8.2476838746327878 8.3755311877181793 0.022644289869261477
decision_type=2 2 2 2 2 2 2 2 2 2 2 2 2 2 2 2 2 2 2 2 2 2 2 2 2 2 2 2 2 2
left_child=-1 3 -3 -2 5 6 7 14 -9 16 -11 -12 13 18 -5 -13 17 -8 22 20 -14 -22 -7 24 -24 -25 -26 -27 -29 -10
right_child=1 2 -4 4 -6 12 9 8 29 10 11 15 19 -15 -16 -17 -18 -19 -20 -21 21 -23 23 25 26 27 -28 28 -30 -31
leaf_value=-2.961251229148762e-05 -5.6946736810206889e-05 -7.6760846136268924e-05 -0.00019674371425274016 0.00010619282284566999 -7.1401397898262254e-06 -0.00014274649010974534 -2.8559455233470487e-05 -6.9207684133564866e-05 6.9982751599200342e-06 0.016325133802462768 0.026284604221340074 0.012015571110922154 0.0013130075399998796 -0.00066366587878382915 0.0002416260783247954 -0.00077384667524797604 -0.0012872326156303756 0.0021217637026356151 0.00051762200275920196 -0.0035488468501135421 0.0041400728104995007 0.031722453074087074 4.8614586871969233e-05 -3.3469500325221379e-05 -0.00016504249333745242 -0.00097727972235339146 0.00020984980412452404 0.0027205897764719378 4.9906012196990921e-05 0.00013372032585025128
leaf_weight=1868 22463 1190 5648 59 56439 360 1555 121 45 40 79 47 3450 901 44 305 51 143 62 349 41 42 81 586 78 65 267 91 200 75
leaf_count=1868 22463 1190 5648 59 56439 360 1555 121 45 40 79 47 3450 901 44 305 51 143 62 349 41 42 81 586 78 65 267 91 200 75
internal_value=-0.00011241 -9.20678e-05 -0.000525009 -5.84412e-05 7.16606e-06 0.000368282 0.000967237 0.00328488 0.00143153 0.000608107 0.00232484 0.00161253 0.000134641 -0.000466371 0.00762136 0.000539772 0.000145796 0.000300352 0.000111731 0.000551261 0.000731672 0.00644578 -5.20845e-05 0.000372806 0.00215962 -0.000435245 0.00123188 0.00117977 0.00204467 0.00458333
internal_weight=96745 94877 6838 88039 65576 9137 2564 344 241 2220 471 431 6573 2691 103 352 1749 1698 1790 3882 3533 83 1728 1368 426 942 345 356 291 120
internal_count=96745 94877 6838 88039 65576 9137 2564 344 241 2220 471 431 6573 2691 103 352 1749 1698 1790 3882 3533 83 1728 1368 426 942 345 356 291 120
is_linear=0
shrinkage=0.05


Tree=217
num_leaves=31
num_cat=0
split_feature=4 14 1 6 2 8 8 12 13 0 11 9 9 12 12 2 9 4 2 12 14 13 0 14 0 2 11 12 9 9
split_gain=0.974708 1.19094 0.649059 1.09244 0.880508 0.864095 0.626147 0.521994 1.37492 0.555675 0.512188 0.601904 0.735348 0.46912 0.584686 0.451592 0.446539 0.596385 0.443896 0.441527 0.420656 0.414698 0.380193 0.43793 0.377142 0.386395 1.05647 0.51459 0.366018 0.441778
threshold=1.0000000180025095e-35 0.01863811319857642 3.5000000000000004 1.0000000180025095e-35 2.5000000000000004 1.0000000180025095e-35 3.5000000000000004 0.019727422722089709 0.013765825296169678 4.5000000000000009 0.024057643094045584 8.6154209420528431 8.4208749619702292 0.026184248440403405 0.017471762174533906 6.5000000000000009 8.4934851572366679 8.5000000000000018 8.5000000000000018 0.013162474226473111 0.016021226436167581 0.016668486383877724 4.5000000000000009 0.01708106010942392 4.5000000000000009 9.5000000000000018 0.023507105303736026 0.017656385088529385 8.0548697101053381 8.0017353034470329
decision_type=2 2 2 2 2 2 2 2 2 2 2 2 2 2 2 2 2 2 2 2 2 2 2 2 2 2 2 2 2 2
left_child=-1 2 3 5 -4 7 24 8 -2 18 11 12 19 14 -12 -16 17 -14 21 -7 -18 -9 23 -10 -6 -26 27 -27 29 -21
right_child=1 -3 4 -5 6 10 -8 9 22 -11 13 -13 16 -15 15 -17 20 -19 -20 28 -22 -23 -24 -25 25 26 -28 -29 -30 -31
leaf_value=5.814846515656241e-05 0.00010902736732846422 -2.4228232431008833e-05 -9.4755754702530325e-05 -8.7330923316506685e-05 -4.9515961257428192e-05 6.5997114539895985e-05 6.3221922912021501e-05 -2.1131060548791521e-05 7.7137117873023019e-05 2.6305678977473007e-05 0.00010754216939541371 -5.1953118785303922e-05 -6.0223446550982968e-05 0.00011760289021382991 -8.3115483395655027e-05 9.8161795013847954e-06 5.6412819972464996e-05 0.00010678456071697522 -4.2465451027209566e-05 -2.699626714262536e-05 -0.00010752359643952945 7.7257670141129935e-05 -5.4697131911905134e-05 -5.9708373377691617e-06 -4.0827647721253539e-05 5.8433136338200388e-05 -3.6857246862572616e-05 7.8622436857081753e-05 -7.1092956786547021e-05 0.00013924352819321616
leaf_weight=13797 55 76098 485 456 1788 60 118 88 43 166 66 271 42 46 103 237 62 69 187 680 65 91 44 52 396 163 220 46 621 41
leaf_count=13797 55 76098 485 456 1788 60 118 88 43 166 66 271 42 46 103 237 62 69 187 680 65 91 44 52 396 163 220 46 621 41
internal_value=-6.91123e-05 -0.000133903 -0.000769858 -0.000303245 -0.00128421 3.39904e-05 -0.000935556 0.0015427 0.00376289 0.000733082 -0.00042954 -0.000787547 -0.00042683 0.00108407 0.000541871 -0.000294119 0.00214286 0.00445946 -0.000355192 -0.000863054 0.000118109 0.00142458 0.00111511 0.00289474 -0.00109644 -0.000212122 0.000827505 0.0033732 -0.00105067 -0.000284329
internal_weight=96656 82859 6761 3545 3216 3089 2731 726 194 532 2363 1911 1640 452 406 340 238 111 366 1402 127 179 139 95 2613 825 429 209 1342 721
internal_count=96656 82859 6761 3545 3216 3089 2731 726 194 532 2363 1911 1640 452 406 340 238 111 366 1402 127 179 139 95 2613 825 429 209 1342 721
is_linear=0
shrinkage=0.05


Tree=218
num_leaves=31
num_cat=0
split_feature=14 6 14 1 2 2 2 2 13 14 0 13 14 14 13 9 10 13 13 13 0 10 10 13 14 12 13 10 13 13
split_gain=1.4585 0.475936 0.855007 0.71585 1.27875 0.872441 1.23559 0.725734 0.666533 0.686416 1.46049 0.644756 1.05477 0.639539 0.634875 0.605688 0.531871 0.494734 1.07406 0.811167 0.750308 0.989635 0.690874 0.645516 0.591536 1.30049 0.582029 0.802399 0.697646 1.53619
threshold=0.013517528708567098 1.0000000180025095e-35 0.024121603797408502 3.5000000000000004 2.5000000000000004 3.5000000000000004 5.5000000000000009 28.500000000000004 3.8390809835390827 0.065571124312808565 5.5000000000000009 1.8455262928542358 2.4906633606924822 0.086295104002923687 0.01803922348718923 7.0973673913061956 6.5819866644524661 1.7760424220819302 1.8041305161347074 2.5731981536595332 12.500000000000002 6.9170865212104582 6.6654048684478697 1.8739681583590952 1.4419369525273356 2.8406717104720709 2.2327377420467829 7.1779410258993943 2.0429741373427102 1.9531716102906469
decision_type=2 2 2 2 2 2 2 2 2 2 2 2 2 2 2 2 2 2 2 2 2 2 2 2 2 2 2 2 2 2
left_child=-1 3 -3 5 14 17 -7 -8 9 10 -4 12 16 -11 -5 -6 -9 24 -19 20 -20 22 -22 -23 25 -2 27 -25 29 -29
right_child=1 2 8 4 15 6 7 11 -10 13 -12 -13 -14 -15 -16 -17 -18 18 19 -21 21 23 -24 26 -26 -27 -28 28 -30 -31
leaf_value=-4.3691567524015134e-05 8.1310952538164263e-05 -6.1437351681419786e-05 -7.4422877958506284e-05 -0.00010512087965482695 -0.00019412587958774643 -0.00015661280624269119 4.690428880538813e-05 -0.00016477541313854348 0.0040914281070274817 -0.00029933151648313009 0.00080517792024841254 -0.0036252755855129474 0.017466874347384542 -0.00020902893736167522 -0.00025502163088281297 -7.3345686319812549e-06 -3.5662123757826118e-06 0.010803054475309047 -0.0074600324756409616 -0.0011163297862327394 0.0045453511037163588 -0.0087764356688119216 0.021233339826871346 -0.009398362705975806 -0.0022995415877791756 0.015173662482880863 0.00073187844460154735 0.012720467293861969 0.017029032596256734 -0.0037910378875082823
leaf_weight=1531 2803 771 81 302 752 4581 29700 340 103 284 45 1420 61 5635 4220 35155 7353 41 96 299 55 65 56 49 665 46 178 64 121 74
leaf_count=1531 2803 771 81 302 752 4581 29700 340 103 284 45 1420 61 5635 4220 35155 7353 41 96 299 55 65 56 49 665 46 178 64 121 74
internal_value=-7.25158e-05 -4.79496e-05 -0.00044732 -1.67251e-05 -0.000171784 0.000113694 4.42975e-05 0.000135822 -0.000250489 -0.000318446 0.00333333 -0.00025289 -7.35116e-05 -0.000396183 -0.000964176 -7.19927e-05 -0.00012544 0.000767562 0.00169399 0.001386 0.00225594 0.00285498 0.00716216 0.00198729 0.000478086 0.000791505 0.00261317 0.00392857 0.00503861 0.00260869
internal_weight=96946 95415 6919 88496 40429 48067 43455 38874 6148 6045 126 9174 7754 5919 4522 35907 7693 4612 1098 1057 758 662 111 551 3514 2849 486 308 259 138
internal_count=96946 95415 6919 88496 40429 48067 43455 38874 6148 6045 126 9174 7754 5919 4522 35907 7693 4612 1098 1057 758 662 111 551 3514 2849 486 308 259 138
is_linear=0
shrinkage=0.05


Tree=219
num_leaves=31
num_cat=0
split_feature=14 6 14 9 12 11 4 2 14 9 9 11 12 9 8 8 12 12 14 14 2 2 14 13 1 14 10 1 11 14
split_gain=0.976239 0.559426 0.604077 0.718301 0.659932 0.711006 0.530812 1.02468 0.509463 0.498656 0.597215 0.886864 0.540819 0.516904 0.576697 0.81571 1.10731 1.32968 0.677868 0.559041 0.658288 0.584512 0.554055 0.837141 0.505459 0.497557 0.54088 0.48027 0.903711 1.64937
threshold=0.013517528708567098 1.0000000180025095e-35 2.214016318150803 7.894485013644668 2.5525349097281964 4.5347215397859291 8.5000000000000018 18.500000000000004 0.091560473374119808 8.3712782958862189 8.2771630692523868 4.9651627472506323 3.4493351246816402 8.3826207796775218 2.5000000000000004 1.0000000180025095e-35 2.6062466583150026 3.0336481365421735 2.0904543030714344 1.4046003497233397 8.5000000000000018 3.5000000000000004 1.6014300663913297 1.6743941470546007 1.5000000000000002 2.0593173842938475 7.8807441783205121 5.5000000000000009 3.5815273656378563 1.4326904105520948
decision_type=2 2 2 2 2 2 2 2 2 2 2 2 2 2 2 2 2 2 2 2 2 2 2 2 2 2 2 2 2 2
left_child=6 2 4 -4 5 27 7 -1 -3 10 -6 -12 -13 -11 15 19 -17 -18 -16 24 21 -21 -23 -24 -15 26 -19 -2 -29 -30
right_child=1 8 3 -5 9 -7 -8 -9 -10 13 11 12 -14 14 18 16 17 25 -20 20 -22 22 23 -25 -26 -27 -28 28 29 -31
leaf_value=-2.2319904860143618e-05 -1.1004696043142221e-05 -5.7995145537557567e-05 -0.0053301008530547899 -0.00046429396216075299 0.001395533123050182 -0.009808983742781302 -5.799030317696308e-05 9.7246869327542932e-05 -0.0002168858399918951 -0.011521919995328115 0.0021381635714535444 0.012038156144468577 0.004985274131156534 0.0032746955076272824 -0.0037591818098772775 0.014632939363786414 -0.00084215054769071727 0.012684328798396023 0.0060655745456970143 -0.00079216113428141617 -0.0027599022030484043 0.01628585779131236 -0.010696695065112137 0.010564854317845693 -0.0064462500652397274 -0.00042156246031980831 0.010181109252232413 2.9449321841677541e-05 0.011148801798401959 -0.00026051768602924837
leaf_weight=792 63708 1239 1672 4769 4245 125 711 47 5722 104 633 45 50 51 829 59 354 82 76 123 447 48 64 73 169 54 61 10403 43 70
leaf_count=792 63708 1239 1672 4769 4245 125 711 47 5722 104 633 45 50 51 829 59 354 82 76 123 447 48 64 73 169 54 61 10403 43 70
internal_value=-7.78391e-05 -5.75979e-05 -2.35986e-05 -0.000489832 1.3061e-05 -3.22141e-05 -0.00132258 -0.0004708 -0.000489155 0.000457908 0.000751055 0.00207417 0.00657895 -0.000104088 4.01595e-05 0.000615141 0.00204918 0.00135209 -0.000966852 -0.000282052 0.000364237 0.00214286 0.00391892 0.00229927 -0.0025 0.00464467 0.00618881 -2.58688e-05 0.00028718 0.00473451
internal_weight=96868 95318 88357 6441 81916 74349 1550 839 6961 7567 4973 728 95 2594 2490 1585 610 551 905 975 755 308 185 137 220 197 143 74224 10516 113
internal_count=96868 95318 88357 6441 81916 74349 1550 839 6961 7567 4973 728 95 2594 2490 1585 610 551 905 975 755 308 185 137 220 197 143 74224 10516 113
is_linear=0
shrinkage=0.05


Tree=220
num_leaves=31
num_cat=0
split_feature=14 3 10 10 10 10 9 11 9 10 10 10 8 10 10 14 13 10 12 14 4 8 2 11 14 9 9 13 2 11
split_gain=1.24614 0.468523 0.586003 0.580242 0.659252 0.533549 0.485382 0.581254 0.45477 0.466129 0.445251 0.754694 0.531742 0.350426 0.788534 0.640461 1.39764 0.623342 0.89127 0.914161 0.614704 0.750026 0.586057 0.517693 0.644747 0.510682 0.381766 0.378719 0.675189 0.523385
threshold=0.013517528708567098 1.0000000180025095e-35 7.3234520709105544 7.2648392212987014 7.4632771103792059 7.3746420521326081 8.4055371163788433 0.022473484983686818 7.7153743689023901 7.1378081312027488 8.2024652738655117 7.9013597586844577 2.5000000000000004 7.2052692178094775 7.2648392212987014 1.8316268875488217 1.970036994867572 7.1958903639250469 0.021602113120035484 2.1574592703957265 1.0000000180025095e-35 1.5000000000000002 14.500000000000002 0.013443037622638985 1.3768368967954074 7.8807449658410187 7.8807449658410187 0.089893813027290118 28.500000000000004 0.011656004753648098
decision_type=2 2 2 2 2 2 2 2 2 2 2 2 2 2 2 2 2 2 2 2 2 2 2 2 2 2 2 2 2 2
left_child=1 3 8 -1 5 -5 -6 10 -3 -10 11 12 -8 17 15 16 22 27 -19 20 21 -20 -15 -24 25 -25 -16 28 -2 -30
right_child=13 2 -4 4 6 -7 7 -9 9 -11 -12 -13 -14 14 26 -17 -18 18 19 -21 -22 -23 23 24 -26 -27 -28 -29 29 -31
leaf_value=-5.5755731631074095e-05 1.7083791374304675e-05 -5.0546663380199507e-05 -9.1949089375673336e-05 3.4275431517832896e-06 -9.4290684261858133e-05 0.00019453722715108879 -2.9765426702747609e-05 -8.0973347283685911e-05 4.3597234737842008e-05 -7.8949047832310411e-05 -4.7674255720234828e-05 0.00011672646465658969 8.271166807630611e-05 -0.00019544553082578958 -0.00022294764352703353 -0.010337885879206983 0.010664972012210772 0.00021453286092632998 -0.00052876146544894088 0.029081677220381841 -0.00028810179158626005 0.0036549965261705539 -7.9906161404974174e-05 0.00068262725893120796 -0.011104683856953741 0.00015463616257997806 -2.1677158845531796e-05 -6.5644527527352852e-05 1.5643038610903279e-05 -0.00013445608859329188
leaf_weight=305 4620 96 341 70 239 43 83 70 48 45 84 49 43 738 121 411 41 76 42 49 227 47 59 42 95 354 63529 24134 176 360
leaf_count=305 4620 96 341 70 239 43 83 70 48 45 84 49 43 738 121 411 41 76 42 49 227 47 59 42 95 354 63529 24134 176 360
internal_value=-0.000114709 -0.00153694 -0.00273585 -0.000892496 -8.07648e-05 0.00340708 -0.000774649 0.000471123 -0.000502647 0.00198925 0.00156371 0.003 0.00095238 -9.20419e-05 -0.000156753 -0.0012069 -0.00067344 5.0283e-05 0.0019161 0.00089041 -9.49379e-05 0.00342697 -0.000962734 0.000272726 0.000804479 0.00169192 -0.000128045 2.21907e-05 0.00041117 -0.00126866
internal_weight=96637 1516 530 986 681 113 568 329 189 93 259 175 126 95121 65390 1740 1329 29731 441 365 316 89 1288 550 491 396 63650 29290 5156 536
internal_count=96637 1516 530 986 681 113 568 329 189 93 259 175 126 95121 65390 1740 1329 29731 441 365 316 89 1288 550 491 396 63650 29290 5156 536
is_linear=0
shrinkage=0.05


Tree=221
num_leaves=31
num_cat=0
split_feature=14 2 1 2 1 13 12 10 14 13 12 14 9 10 1 2 9 9 14 14 0 11 12 9 11 10 9 10 12 13
split_gain=1.62317 0.455664 0.556105 0.603958 0.608383 0.850548 0.813983 0.593063 0.543866 0.516468 0.510696 1.3122 0.623939 0.692957 0.470422 0.679031 0.701036 0.621159 0.688363 0.564152 0.621564 0.795722 0.50642 0.499612 0.487748 0.464818 0.95441 1.15274 0.697793 0.609614
threshold=0.013517528708567098 14.500000000000002 5.5000000000000009 16.500000000000004 1.5000000000000002 2.6195870915127784 3.7319206342178548 8.9664399056028383 0.014847717527210735 3.2865486359908105 0.3197795857231292 0.15855883354382452 7.7421894393860553 7.0131374222190805 3.5000000000000004 13.500000000000002 7.8091902996431424 7.3155994415821608 0.016021226436167581 0.8111321174248185 10.500000000000002 3.5815273656378563 1.6263503427068005 7.917998553695055 1.5046791793984504 7.0421313648025921 7.8396486500113927 7.1537179572798513 0.023429542018370841 0.010929538203647097
decision_type=2 2 2 2 2 2 2 2 2 2 2 2 2 2 2 2 2 2 2 2 2 2 2 2 2 2 2 2 2 2
left_child=-1 9 3 8 5 7 -7 10 -3 14 12 -12 -5 -14 15 -2 -17 -16 -19 22 21 -21 -20 -24 -25 -15 27 28 -27 -28
right_child=1 2 -4 4 -6 6 -8 -9 -10 -11 11 -13 13 25 17 16 -18 18 19 20 -22 -23 23 24 -26 26 29 -29 -30 -31
leaf_value=-4.6133040040053562e-05 7.8017497499571787e-06 5.9705646545391435e-05 0.00012470608284115945 -8.5361003831509191e-05 -5.5642346969964919e-05 -0.0066997991084185157 0.0050078459377762485 0.00027390448790180891 0.00013950364842074567 -0.0056277488867336606 0.00076115737471364622 0.00061718350708156065 0.0012046662956000402 -0.00022270502024531155 -0.00021127216838603071 0.00010040929723319978 -0.00022821483289974157 -3.800497032434729e-05 5.3433847388770474e-06 -0.0032216563415302553 -0.00051107038668766244 0.0037696480007389081 -0.0020062251433859454 0.0030964471368865247 0.0040985679422134887 0.00031349972713761814 9.9945027071588711e-05 0.0063869505429088314 -0.00023395420797441051 -1.004143018321629e-05
leaf_weight=1544 25078 58 4624 969 18068 666 152 78 4532 382 47 7661 44 63 1411 593 1672 945 10312 1077 12771 69 45 57 64 145 41 51 96 3797
leaf_count=1544 25078 58 4624 969 18068 666 152 78 4532 382 47 7661 44 63 1411 593 1672 945 10312 1077 12771 69 45 57 64 145 41 51 96 3797
internal_value=-8.86617e-05 -6.26791e-05 6.30281e-05 -2.46911e-06 -7.968e-05 0.000170165 -0.00139364 0.000268626 0.000533768 -0.000157502 0.000242371 0.000500777 -0.000140224 0.000121547 -0.000144564 1.27884e-06 -0.000827816 -0.000293635 -0.000236781 -0.00018549 -0.000394123 -0.0015096 9.16193e-05 0.00283132 0.00450413 5.60446e-05 0.000121064 0.00287671 0.00143153 -8.8589e-05
internal_weight=97112 95568 41092 36468 31878 13810 818 12992 4590 54476 12914 7708 5206 4237 54094 27343 2265 26751 25340 24395 13917 1146 10478 166 121 4193 4130 292 241 3838
internal_count=97112 95568 41092 36468 31878 13810 818 12992 4590 54476 12914 7708 5206 4237 54094 27343 2265 26751 25340 24395 13917 1146 10478 166 121 4193 4130 292 241 3838
is_linear=0
shrinkage=0.05


Tree=222
num_leaves=31
num_cat=0
split_feature=14 2 0 14 14 8 14 8 14 14 14 12 9 12 14 12 11 14 9 11 12 14 1 14 9 10 9 12 4 11
split_gain=0.772891 0.354564 0.329937 1.01489 0.588393 1.3107 1.12475 1.11906 2.12624 1.06263 1.01418 1.9263 1.29679 0.861269 1.56043 0.812395 0.768952 0.731073 0.689254 0.728811 1.45442 0.682467 0.656576 0.756979 0.610811 1.03993 0.585281 0.526404 0.505511 0.501425
threshold=0.012589284057799523 6.5000000000000009 1.0000000180025095e-35 0.98321410447944702 0.33806301758129265 2.5000000000000004 0.42384005681624831 1.0000000180025095e-35 0.66942980461417545 0.61344849924216194 0.20757583040822872 0.017656385088529385 7.8396486500113927 0.015223878896754204 0.75473980904493376 0.029088779508699588 0.013736085451027684 0.77234689896875075 8.3712782958862189 0.015267695482718139 0.017273622618214992 0.2989680364959823 3.5000000000000004 0.51253053724982567 8.2771630692523868 7.690305059356997 8.3614891754861134 0.018851908243793732 7.5000000000000009 0.014026924939995879
decision_type=2 2 2 2 2 2 2 2 2 2 2 2 2 2 2 2 2 2 2 2 2 2 2 2 2 2 2 2 2 2
left_child=1 -1 3 4 10 6 -6 9 -9 15 -2 16 -13 17 -15 22 -12 26 -16 -20 -21 -18 23 -8 -25 -26 -10 -14 29 -7
right_child=2 -3 -4 -5 5 28 7 8 13 -11 11 12 27 14 18 -17 21 -19 19 20 -22 -23 -24 24 25 -27 -28 -29 -30 -31
leaf_value=-7.0146732301385644e-05 -0.00022842142376240941 -1.998506305711814e-05 -1.3026386197193942e-05 -0.006161380741328811 0.0036793182062416097 -0.0041784238808148686 0.0028035425213879346 0.012865966536908175 0.0040852220240821533 -0.0027703430899355488 -0.00041625714382334268 0.0042812505626721297 0.0028060533081564511 0.0083734488770731887 9.1873321232152009e-05 0.0059095676909259043 0.0015151276307924153 -0.0031979658714792903 -0.00091413618679293265 0.011370133189041053 0.00054345388206376714 -0.00015861797801486311 -0.0019221036695545831 -0.002045918414472981 0.0046001579552136882 -0.00089472954349185626 -0.0018270377967267574 0.00094403318944755719 -0.0014043879497300442 0.0012171690572998139
leaf_weight=249 172 538 91829 269 64 85 83 72 105 315 181 53 44 45 257 63 118 251 54 42 69 108 335 144 47 95 60 68 547 285
leaf_count=249 172 538 91829 269 64 85 83 72 105 315 181 53 44 45 257 63 118 251 54 42 69 108 335 144 47 95 60 68 547 285
internal_value=-7.22745e-05 -0.00163278 -5.94629e-05 0.000383278 0.000595427 0.000284956 0.000973345 0.000768286 0.00201571 -0.000332718 0.00185484 0.00286713 0.00742424 0.00134201 0.00281584 0.000671446 0.00101965 -0.000312501 0.00187204 0.00439394 0.00671171 0.0029646 0.000184658 0.00163957 0.000419579 0.00274648 0.00227273 0.004375 -0.00129226 0.000135134
internal_weight=96647 787 95860 4031 3762 3018 2101 2037 955 1082 744 572 165 883 467 767 407 416 422 165 111 226 704 369 286 142 165 112 917 370
internal_count=96647 787 95860 4031 3762 3018 2101 2037 955 1082 744 572 165 883 467 767 407 416 422 165 111 226 704 369 286 142 165 112 917 370
is_linear=0
shrinkage=0.05


Tree=223
num_leaves=31
num_cat=0
split_feature=14 6 12 11 14 12 8 13 13 14 11 8 9 14 11 9 11 11 14 2 10 9 12 13 14 11 14 8 4 10
split_gain=0.91058 0.442192 0.591138 1.12889 1.28904 0.578459 0.521053 0.481764 0.760771 1.1756 1.28744 0.794767 0.62018 0.590388 0.816598 1.03592 0.579322 0.703027 0.904921 1.20738 0.66682 1.23223 0.506887 0.646225 0.627688 0.68349 0.599032 0.860018 0.495179 0.786549
threshold=0.013517528708567098 1.0000000180025095e-35 2.2738706688326817 2.7050664919739842 1.9871049998731232 2.5031710056371956 1.0000000180025095e-35 0.19863370444022513 0.18404661755429819 0.20757583040822872 0.36198681841950436 1.5000000000000002 8.2823117324456152 0.22211085468778977 0.014943810810677889 8.2681440413724285 0.2535277120851574 0.2793347194160965 0.1650978538400571 5.5000000000000009 6.7628712769729971 7.3155994415821608 0.86731382346897345 2.9314132602403169 1.7671860279067906 1.4165078373129989 0.47177057315336812 3.5000000000000004 9.5000000000000018 8.0631905169155207
decision_type=2 2 2 2 2 2 2 2 2 2 2 2 2 2 2 2 2 2 2 2 2 2 2 2 2 2 2 2 2 2
left_child=-1 7 -3 4 -4 -5 -6 8 13 -10 12 -12 -11 16 15 -15 -2 18 19 -18 21 -19 23 24 25 -9 27 -24 29 -22
right_child=1 2 3 5 6 -7 -8 22 9 10 11 -13 -14 14 -16 -17 17 20 -20 -21 28 -23 26 -25 -26 -27 -28 -29 -30 -31
leaf_value=-2.7114213018135735e-05 2.8079521531320169e-06 -7.9989808780769837e-05 0.00079699278299041074 0.0056647228734251296 0.0033501381781833373 -0.0018013621697007621 0.023308880410842586 -0.0002113617693820959 -1.7358081498327647e-05 0.0007637103171321193 0.0048867297874651203 0.00088264017235917139 -0.00054581581133728756 -0.00069308399279710488 -0.001355065404943373 0.0019332986024101291 0.0013823368601620458 -0.00046066826541851991 -0.0014612825295773743 0.00018525940734162886 0.00041812123821749117 0.0010280402122273525 0.00085793408440332751 0.0081423005753704907 -0.0041479988054088316 0.0034197088110872048 5.510713145292278e-07 0.0042571059771427033 -7.0833078032591826e-05 -0.00040482785724854783
leaf_weight=1561 20206 5568 149 183 55 853 40 19887 387 129 53 45 108 53 343 41 68 70 55 294 844 65 482 54 967 66 43411 40 649 141
leaf_count=1561 20206 5568 149 183 55 853 40 19887 387 129 53 45 108 53 343 41 68 70 55 294 844 65 482 54 967 66 43411 40 649 141
internal_value=-5.45605e-05 -3.49413e-05 -0.000422022 0.000546874 0.00360656 -0.000173746 0.00815789 -4.9753e-06 0.000188738 0.0017867 0.00395522 0.00877551 0.00196202 0.0001382 -0.00168192 0.00244681 0.000173722 0.000946934 0.00279376 0.00370166 0.000511587 0.00388889 -7.52627e-05 -0.000277488 -0.000291588 -0.000231295 2.12812e-05 0.00170498 0.000232557 0.000939085
internal_weight=96867 95306 6848 1280 244 1036 95 88458 23551 722 335 98 237 22829 437 94 22392 2186 417 362 1769 135 64907 20974 20920 19953 43933 522 1634 985
internal_count=96867 95306 6848 1280 244 1036 95 88458 23551 722 335 98 237 22829 437 94 22392 2186 417 362 1769 135 64907 20974 20920 19953 43933 522 1634 985
is_linear=0
shrinkage=0.05


Tree=224
num_leaves=31
num_cat=0
split_feature=14 0 12 14 12 14 11 10 10 14 11 14 11 13 12 0 14 9 14 10 9 1 10 9 4 12 11 10 11 1
split_gain=0.999219 0.551277 0.643424 1.33927 1.23041 0.993997 0.937089 0.764939 0.912378 0.703516 1.63557 0.694269 0.678558 0.662045 0.730674 0.797588 0.637402 0.758892 0.63452 0.567406 0.92526 0.732175 0.806752 0.708392 0.63949 0.809041 0.710061 0.611832 0.666667 0.526221
threshold=0.013517528708567098 19.500000000000004 0.3197795857231292 1.4515314580274434 0.6646058647154115 0.8111321174248185 0.55908964553542562 8.244914729201275 7.1700393656704113 1.0130834839572627 0.32870985385070511 1.2848189421591869 1.0299904282167851 0.54313685081431751 0.20596900030616466 20.500000000000004 1.3506517479241213 8.3666439757892714 0.75473980904493376 7.2861132186612787 7.8624884834232454 5.5000000000000009 7.3671754737305557 8.0436098002248517 9.5000000000000018 1.5763921561138052 0.96705685249811701 7.7653770503639832 2.3319015350661836 5.5000000000000009
decision_type=2 2 2 2 2 2 2 2 2 2 2 2 2 2 2 2 2 2 2 2 2 2 2 2 2 2 2 2 2 2
left_child=-1 -2 5 4 9 13 -6 8 -8 10 -4 12 -10 29 18 -16 -13 -18 -15 20 -5 -21 23 -23 -24 26 -26 -27 -29 -3
right_child=1 2 3 19 6 -7 7 -9 11 -11 -12 16 -14 14 15 -17 17 -19 -20 21 -22 22 24 -25 25 27 -28 28 -30 -31
leaf_value=-2.8809793933326581e-05 -1.484467527740346e-05 -2.4820315351184731e-06 -0.0033242913786335707 -2.9945689170288032e-06 0.015071734905721912 -0.0020417422053798481 0.0011482852781855323 -0.0061208662086757425 0.0066730274946846567 0.0010176579868972529 0.0080454145827126358 -0.00075699468853798442 0.018231153550974131 0.0013248950453148831 -0.0045156386516795261 0.0052063774693004222 0.014651828218153744 0.0029501170605749348 -0.0037795544377368716 0.00064372277590840762 -0.0057484003496647397 0.0003635232512956781 -0.00035446744297959297 0.01568684217677024 0.0043989159435413108 0.0091953577772858341 -0.0053091295293652332 0.014385900187165242 0.011602926000718777 -0.0017315162875861465
leaf_weight=1523 79016 693 50 2675 93 2264 215 64 43 1562 86 69 41 460 76 172 101 79 134 5531 586 41 443 54 93 142 124 40 60 94
leaf_count=1523 79016 693 50 2675 93 2264 215 64 43 1562 86 69 41 460 76 172 101 79 134 5531 586 41 443 54 93 142 124 40 60 94
internal_value=-5.24726e-05 -3.21249e-05 0.00023469 0.000413385 0.00147108 -0.000324943 0.00322695 0.00251634 0.00312044 0.000742048 0.00419118 0.00475976 0.00869047 0.000616942 0.00159145 0.00387097 0.00343373 0.005 0.000639729 0.000153743 -0.000384852 0.000422793 0.00167001 0.00605263 0.00120842 0.00251634 0.000299538 0.00450413 0.0075 -0.000425668
internal_weight=96624 95101 16085 12192 2403 3893 705 612 548 1698 136 333 84 1629 842 248 249 180 594 9789 3261 6528 997 95 902 459 217 242 100 787
internal_count=96624 95101 16085 12192 2403 3893 705 612 548 1698 136 333 84 1629 842 248 249 180 594 9789 3261 6528 997 95 902 459 217 242 100 787
is_linear=0
shrinkage=0.05


Tree=225
num_leaves=31
num_cat=0
split_feature=14 6 1 1 14 0 13 12 14 8 10 8 13 13 12 12 11 14 14 3 13 11 10 12 12 0 10 13 14 12
split_gain=0.774916 0.589774 0.495269 0.976893 0.696018 0.896763 0.683772 0.555853 2.0747 1.38642 0.878169 0.844342 1.08205 0.562585 1.03446 0.985507 0.943227 0.725156 0.663724 1.46228 0.55089 0.990003 1.2158 1.25631 1.2434 0.692284 0.944017 0.671487 0.972398 1.33857
threshold=0.012589284057799523 1.0000000180025095e-35 3.5000000000000004 5.5000000000000009 1.4887791821174821 17.500000000000004 0.016668486383877724 0.33449836375219416 1.0809422387544811 1.0000000180025095e-35 7.4058628623263116 2.5000000000000004 1.0640146902243448 1.3446528220129588 0.6091033743276294 0.92440733752962223 0.80747147779981054 1.3506517479241213 1.3863288808738476 1.0000000180025095e-35 0.19120629927941438 0.95086493008576956 7.403999947666315 1.0201082071805421 0.96260034456839605 12.500000000000002 7.3815665170261147 0.10601297916026479 0.11502245135679885 0.20017889409664549
decision_type=2 2 2 2 2 2 2 2 2 2 2 2 2 2 2 2 2 2 2 2 2 2 2 2 2 2 2 2 2 2
left_child=-1 2 -2 4 5 6 -4 -7 11 10 -10 -9 -13 14 -11 16 -16 -15 -17 -20 27 -22 23 24 -23 26 -25 28 29 -8
right_child=1 -3 3 -5 -6 7 20 8 9 13 -12 12 -14 17 15 18 -18 -19 19 -21 21 22 -24 25 -26 -27 -28 -29 -30 -31
leaf_value=-3.1481410835152606e-05 9.2168199823753985e-06 -7.7524409241987153e-05 -4.5003628084754124e-05 2.9400920310280684e-05 -0.0021719228895929693 -0.00020926486470798677 -9.4237968532086291e-06 0.010633849768341821 0.00017788043720406017 -0.0032600221937640855 0.016113781049924173 -0.0033264136839053441 0.015158468579567888 0.0014522644385764087 0.0086930105570656776 -8.3892373428245075e-05 0.015116219748178731 -0.0051670505880163659 0.0012169635900207392 0.016884776113051485 -0.00072079926549884702 0.0012739758204916133 -0.0012160264621520116 -0.0012625750474733733 0.0062619438557259604 0.0038079139570771098 0.0054924203947816427 0.00022773638341816742 -0.00066321467706413444 0.000594234250943493
leaf_weight=762 48429 6950 1704 13820 6405 1241 3538 62 50 331 64 58 40 326 73 350 52 408 127 50 5031 238 2863 1075 58 822 81 1669 189 91
leaf_count=762 48429 6950 1704 13820 6405 1241 3538 62 50 331 64 58 40 326 73 350 52 408 127 50 5031 238 2863 1075 58 822 81 1669 189 91
internal_value=-6.53394e-05 -5.27586e-05 -1.82095e-05 -0.000146512 -0.00032153 -0.000179934 -0.000322312 0.000584776 0.00110246 0.00062534 0.00596491 0.0065625 0.00367347 0.00027082 0.0010529 0.00220859 0.0062 -0.000776568 0.00126186 0.00375706 -0.000218781 -0.000436665 5.15853e-05 0.000914687 0.0039527 0.000460059 -0.000328721 0.000184981 -0.000180724 1.3766e-06
internal_weight=96957 96195 89245 40816 26996 20591 17359 3232 1991 1831 114 160 98 1717 983 652 125 734 527 177 15655 10168 5137 2274 296 1978 1156 5487 3818 3629
internal_count=96957 96195 89245 40816 26996 20591 17359 3232 1991 1831 114 160 98 1717 983 652 125 734 527 177 15655 10168 5137 2274 296 1978 1156 5487 3818 3629
is_linear=0
shrinkage=0.05


Tree=226
num_leaves=31
num_cat=0
split_feature=14 0 11 12 0 8 14 12 11 2 13 12 14 11 13 11 13 2 11 10 11 8 1 12 13 14 13 0 14 10
split_gain=0.913618 0.396481 0.553904 0.620594 0.361219 1.55899 1.10448 0.985704 1.31033 0.902511 0.830366 0.898725 0.900976 0.870657 0.862308 1.27307 0.797146 0.904682 0.780488 0.698052 0.834756 0.716412 0.670778 0.668964 0.667124 0.663495 0.7598 0.610531 1.57257 1.26455
threshold=0.013517528708567098 4.5000000000000009 0.016121106078620551 0.015223878896754204 19.500000000000004 1.5000000000000002 1.1722672580382916 0.2941640170233652 0.45273935515264696 9.5000000000000018 0.78152899767063733 0.21195280718300627 0.96754055282421392 0.52921889025971625 0.72685939666619725 0.17413750309781456 1.3446528220129588 2.5000000000000004 0.13258755921520016 7.1337521003052204 0.2890576380407171 3.5000000000000004 5.5000000000000009 3.132656804889534 1.0301062276739881 1.3768368967954074 1.6382729737348802 22.500000000000004 1.4515314580274434 7.5644707378844007
decision_type=2 2 2 2 2 2 2 2 2 2 2 2 2 2 2 2 2 2 2 2 2 2 2 2 2 2 2 2 2 2
left_child=1 -1 -3 -4 -2 6 7 9 -9 -6 14 -12 19 16 -7 18 17 -14 -16 20 -13 24 23 27 -21 26 -15 28 29 -8
right_child=4 2 3 -5 5 10 22 8 -10 -11 11 12 13 25 15 -17 -18 -19 -20 21 -22 -23 -24 -25 -26 -27 -28 -29 -30 -31
leaf_value=-5.1239266656238528e-05 -1.0132629061899285e-05 -2.0556443333728308e-05 0.00015766014654263418 1.8637982929435576e-06 0.0053137497767355105 0.00011416982745330387 0.00095642157755038365 0.010784920425183628 0.0034617393869031962 -0.0010601888572918279 -0.0050368052616167301 0.01245905542237075 0.0059806104498759576 0.0025128043305038643 0.0010344156328551913 0.00095764584517809323 -0.0069364829066985286 -0.0033706052053483295 0.0069998317577993465 -0.0028620450294972802 0.0026051946712451536 0.0054271950057106569 0.003596823450584995 -0.0071969283479878582 0.0019397245340867489 -0.0014871540769511948 0.0047151848714348035 -0.0013079164868247685 0.0018762473498128021 0.018826482374963777
leaf_weight=1165 78920 203 50 113 180 1473 104 71 69 217 428 40 97 499 41 150 520 744 41 93 41 79 1284 240 48 2324 60 1532 5547 116
leaf_count=1165 78920 203 50 113 180 1473 104 71 69 217 428 40 97 499 41 150 520 744 41 93 41 79 1284 240 48 2324 60 1532 5547 116
internal_value=-3.25956e-05 -0.00124429 0.000191256 0.00236196 -1.30596e-05 0.000203266 0.000619657 0.00282123 0.00642857 0.00154912 -0.000380355 -0.000706818 -0.000500551 -0.000688031 0.000571846 0.00340517 -0.00173035 -0.000778836 0.00841463 0.00214286 0.00611111 0.000681817 0.000485661 0.000305742 -0.0014539 -0.000195978 0.00135062 0.000391148 0.000626841 0.00477273
internal_weight=96489 1531 366 163 94958 16038 9360 537 140 397 6678 4973 4545 4244 1705 232 1361 841 82 301 81 220 8823 7539 141 2883 559 7299 5767 220
internal_count=96489 1531 366 163 94958 16038 9360 537 140 397 6678 4973 4545 4244 1705 232 1361 841 82 301 81 220 8823 7539 141 2883 559 7299 5767 220
is_linear=0
shrinkage=0.05


Tree=227
num_leaves=31
num_cat=0
split_feature=14 4 11 14 13 0 8 0 0 14 11 8 14 1 11 13 14 0 0 9 0 11 8 11 0 10 13 8 10 9
split_gain=0.624831 0.431181 0.4436 0.419861 0.79804 0.62122 1.01252 0.683501 0.646109 1.24958 0.48663 0.446305 0.711269 1.21542 0.439089 0.432977 0.387542 0.857955 0.80761 0.797116 0.651429 0.690909 0.607515 0.400743 0.384775 1.10957 0.469009 1.5832 0.453601 0.416195
threshold=0.012589284057799523 1.0000000180025095e-35 0.0082972199255493522 0.90427163435460833 1.0981430099910972 10.500000000000002 3.5000000000000004 12.500000000000002 8.5000000000000018 1.5736253221588223 1.3307846004814883 1.5000000000000002 1.3679531999252081 3.5000000000000004 0.41251442257211318 1.2943031707695509 1.4142411981559178 17.500000000000004 15.500000000000002 8.4308019744211986 20.500000000000004 1.4685066303093104 2.5000000000000004 1.6736092545905168 15.500000000000002 8.1715108727052996 0.59844757438908902 2.5000000000000004 8.2968782095696145 9.1021007019837548
decision_type=2 2 2 2 2 2 2 2 2 2 2 2 2 2 2 2 2 2 2 2 2 2 2 2 2 2 2 2 2 2
left_child=-1 2 -2 24 10 6 -6 11 15 -10 -5 -7 13 -13 -9 -8 17 18 -16 20 21 -19 -22 -20 28 26 27 -26 -4 -30
right_child=1 -3 3 4 5 7 8 14 9 -11 -12 12 -14 -15 16 -17 -18 19 23 -21 22 -23 -24 -25 25 -27 -28 -29 29 -31
leaf_value=-3.0658452349092276e-05 -0.00014700955937333671 -1.774480424456542e-05 4.0231509353601995e-05 -0.0053285377021075409 -0.0082928508099111477 -0.0072099127161614068 0.012844134728197031 -0.0021796728403418657 0.029679693927104241 0.014991809304924907 0.00020269613768530921 0.017944283482762821 -0.0034631392347944504 -0.0087783752779251722 0.0042628810003773011 -0.015498407660278827 0.00067535808626814219 0.023987085086451514 -0.014829655432347639 0.018146816468284959 0.0073776275794437685 0.010823472239495405 -0.0063964263321976082 0.00062817381647439839 -0.00042188181497127485 0.0098537459068521547 -0.00042446170320790261 0.0084276290806523466 -0.00020109974603905209 4.2248855578383117e-05
leaf_weight=791 103 82391 5470 698 98 301 41 383 40 97 434 45 281 66 410 52 3754 40 147 77 47 55 58 55 83 50 217 48 290 253
leaf_count=791 103 82391 5470 698 98 301 41 383 40 97 434 45 281 66 410 52 3754 40 147 77 47 55 58 55 83 50 217 48 290 253
internal_value=-6.06464e-05 -4.91249e-05 0.00021069 0.000235466 -2.71637e-05 0.000200925 0.00231707 7.95582e-05 0.00413043 0.00631387 -0.00124558 -0.0013925 -0.000280613 0.00310811 0.00028253 0.000913977 0.000416755 0.00135545 0.000310456 0.00366426 0.002 0.005 -0.000714287 -0.00227723 0.000529557 0.00203517 0.00103448 0.00339695 0.000429901 -0.000948436
internal_weight=96875 96084 13693 13590 7179 6047 328 5719 230 137 1132 693 392 111 5026 93 4643 889 612 277 200 95 105 202 6411 398 348 131 6013 543
internal_count=96875 96084 13693 13590 7179 6047 328 5719 230 137 1132 693 392 111 5026 93 4643 889 612 277 200 95 105 202 6411 398 348 131 6013 543
is_linear=0
shrinkage=0.05


Tree=228
num_leaves=31
num_cat=0
split_feature=1 13 8 13 13 4 0 8 14 11 0 14 11 12 9 12 9 12 11 14 1 14 12 9 12 12 1 4 9 2
split_gain=0.564348 1.14818 0.642472 0.542275 0.505392 0.523324 0.522944 0.798751 1.41738 0.972985 0.950827 0.952512 0.988889 0.78684 1.39283 0.695432 0.838515 0.638732 1.05694 0.861567 0.660425 0.560574 0.549338 0.871286 0.89291 0.598326 0.67615 0.526768 0.505371 0.541147
threshold=3.5000000000000004 0.014627507163046604 3.5000000000000004 0.012062881362494402 2.4937006309686711 7.5000000000000009 19.500000000000004 1.5000000000000002 1.1170251600835941 0.2002750255002253 22.500000000000004 2.1386486113466212 2.5533770185786842 2.5031710056371956 7.9792781835293516 2.5525349097281964 8.2342691559977776 1.2094716214639416 0.7609916245258197 1.5448855561719099 1.0000000180025095e-35 1.6859029167546222 1.6093500536482601 8.0405943742157699 2.3629150681186144 2.2314396735834108 2.5000000000000004 5.5000000000000009 7.0973673913061956 2.5000000000000004
decision_type=2 2 2 2 2 2 2 2 2 2 2 2 2 2 2 2 2 2 2 2 2 2 2 2 2 2 2 2 2 2
left_child=4 2 -2 -4 6 -6 -1 8 9 -8 11 13 -13 17 -15 16 -14 19 -19 -10 -21 -12 -20 -24 25 26 -25 -9 -3 -30
right_child=1 28 3 -5 5 -7 7 27 10 -11 21 12 15 14 -16 -17 -18 18 22 20 -22 -23 23 24 -26 -27 -28 -29 29 -31
leaf_value=1.2806447028229849e-06 -3.8079627275212051e-05 -0.00020698541751886556 6.5563885689740457e-05 -3.0117606820677999e-05 0.0013102959892818818 -0.0028071604283731876 0.00083458311613759852 0.0011688437167213341 0.023007186998719821 0.018188755247642775 -0.00017766454848778371 -0.004494156308785381 0.020866148847634033 0.023126715912451162 0.0065818121670083276 0.00066315808313726363 0.010900576927124143 -0.01014317329925455 -0.002003100390906259 -0.0020898586651850741 0.0084498579746042964 -0.012139606715100745 -0.0076902911333009347 0.012565202106144669 -0.0022273144091442135 0.030608905460481468 -0.0085980506346384159 -0.00058034301824263991 -0.0001502996254222131 -1.5225098502775365e-05
leaf_weight=43605 2125 813 42 65 1179 2485 40 765 55 51 1061 884 62 62 152 167 81 76 299 186 562 147 131 195 46 43 46 2900 4204 34153
leaf_count=43605 2125 813 42 65 1179 2485 40 765 55 51 1061 884 62 62 152 167 81 76 299 186 562 147 131 195 46 43 46 2900 4204 34153
internal_value=-6.11294e-05 -0.000200716 -0.00130376 0.00247663 4.34141e-05 -0.000524019 8.36938e-05 0.000454998 0.000913482 0.00708791 0.000781432 0.00125205 0.000150753 0.00196168 0.00481308 0.00258064 0.00513986 0.00158938 0.000622008 0.00259651 0.00215241 -0.00040563 0.00118421 0.00226681 0.00363636 0.0046831 0.00371369 -8.86779e-05 -0.000137862 -0.000111715
internal_weight=96682 41402 2232 107 55280 3664 51616 8011 4346 91 4255 3047 1194 1853 214 310 143 1639 836 803 748 1208 760 461 330 284 241 3665 39170 38357
internal_count=96682 41402 2232 107 55280 3664 51616 8011 4346 91 4255 3047 1194 1853 214 310 143 1639 836 803 748 1208 760 461 330 284 241 3665 39170 38357
is_linear=0
shrinkage=0.05


Tree=229
num_leaves=31
num_cat=0
split_feature=14 4 12 11 11 12 14 13 9 12 11 4 12 4 10 2 11 14 14 10 12 14 13 9 9 9 2 13 11 12
split_gain=1.03928 0.418298 0.56254 0.552169 0.38776 0.378359 0.761796 1.39922 0.509707 0.336867 0.525827 0.322052 0.926872 1.02698 0.628419 1.09408 0.870227 0.605558 1.3951 0.609339 0.728519 0.587549 0.726966 0.524059 0.515944 0.528581 0.751864 0.613068 0.499947 0.499917
threshold=0.011791016827106891 1.0000000180025095e-35 4.3652583259319444 3.4272328614264569 0.0082972199255493522 0.012053298097908274 0.097406725082805526 0.46280463479336115 8.2476838746327878 0.014832145907619042 0.019209702183648973 5.5000000000000009 0.010856347883850983 4.5000000000000009 7.1017702902493847 9.5000000000000018 3.2960653510033371 1.2751611647832297 1.2236211263607217 7.0874860774063952 0.013708051148823178 0.013101606300135718 0.01151750904252777 7.9502635013441054 7.0973673913061956 7.1961919126441538 3.5000000000000004 2.2560922663394209 0.0093619696179212692 0.014832145907619042
decision_type=2 2 2 2 2 2 2 2 2 2 2 2 2 2 2 2 2 2 2 2 2 2 2 2 2 2 2 2 2 2
left_child=9 2 4 -4 -2 6 -6 8 -8 -1 -11 12 13 -3 15 16 -14 18 19 20 -17 22 -16 -23 28 26 -26 -28 -13 -22
right_child=1 11 3 -5 5 -7 7 -9 -10 10 -12 24 14 -15 21 17 -18 -19 -20 -21 29 23 -24 -25 25 -27 27 -29 -30 -31
leaf_value=-0.00011778829101603086 -9.1068265228553072e-05 -0.00019133861131991108 -0.0013230723368006627 0.025483076301716374 -0.00015021727039482707 2.1267676538178847e-05 0.002948514277918569 -0.0055775004489590323 0.00085488560859669496 1.842210760526885e-05 -0.00012555956432465896 6.481180754247244e-05 -0.00018794885357427572 0.0024434388982377889 8.7235909231395226e-05 -0.00016660058099456684 0.0071264750490092543 -0.00077091669089355359 0.0066366186004644728 0.0020902504780450268 0.00010981586140413538 -0.000225311744955118 -4.3733164880290346e-05 -7.4492463090436499e-05 0.0017693335900237682 -9.4536887687453065e-06 1.0829006541516421e-06 0.010352760109215778 -0.00013044889360372072 0.00011530097334649176
leaf_weight=247 112 44 46 41 84 13400 40 43 46 81 44 43 1056 42 84 95 41 1364 43 65 62 1292 67 12336 114 62216 450 51 1359 1708
leaf_count=247 112 44 46 41 84 13400 40 43 46 81 44 43 1056 42 84 95 41 1364 43 65 62 1292 67 12336 114 62216 450 51 1359 1708
internal_value=-7.7341e-05 -6.71564e-05 0.000187517 0.0041954 0.000162112 0.000186218 0.00227699 0.00468992 0.00837209 -0.00271505 -0.000600001 -0.000109777 -0.000294826 0.00488372 -0.000319279 0.000198465 -0.00117138 0.000648785 0.00120882 0.00101036 0.000844503 -0.000485886 0.00261589 -0.000520254 -5.70591e-05 -3.58911e-05 0.00142276 0.000588821 -0.00100571 0.00107345
internal_weight=96716 96344 13812 87 13725 13613 213 129 86 372 125 82532 18299 86 18213 4434 1097 3337 1973 1930 1865 13779 151 13628 64233 62831 615 501 1402 1770
internal_count=96716 96344 13812 87 13725 13613 213 129 86 372 125 82532 18299 86 18213 4434 1097 3337 1973 1930 1865 13779 151 13628 64233 62831 615 501 1402 1770
is_linear=0
shrinkage=0.05


Tree=230
num_leaves=31
num_cat=0
split_feature=14 4 2 2 9 1 9 0 11 12 14 14 12 9 1 11 12 13 11 14 14 14 11 9 13 11 9 13 9 13
split_gain=0.46376 0.572554 0.747056 0.674054 0.711899 0.905025 0.384856 0.500814 0.689253 0.955174 0.58574 1.77341 1.24649 1.35996 0.728351 0.701174 0.677448 1.09772 0.633092 0.599105 1.01663 0.515878 0.8406 0.793598 0.671668 1.24373 0.811774 0.862795 0.870752 0.589702
threshold=0.013517528708567098 9.5000000000000018 8.5000000000000018 18.500000000000004 8.4166750877354826 4.5000000000000009 7.5788482560776034 13.500000000000002 0.14356560726223849 0.15853286013538914 1.5538181032107765 1.4887791821174821 2.0444085328148494 7.4725874097713918 1.0000000180025095e-35 0.77676767660897428 0.6646058647154115 1.3550942153933996 1.3129273827478218 0.86746141427363688 0.68593867737839054 0.79185215920177832 1.0467999530092691 7.5496036098085737 0.26438069042239559 0.38650678917590264 7.4391979579425511 0.22117591506872816 7.1961919126441538 0.24581584689145466
decision_type=2 2 2 2 2 2 2 2 2 2 2 2 2 2 2 2 2 2 2 2 2 2 2 2 2 2 2 2 2 2
left_child=1 2 -1 4 -4 -6 7 21 -9 -10 11 14 13 15 16 -13 -11 -18 -17 20 -16 22 23 24 25 29 27 28 -27 -2
right_child=6 -3 3 -5 5 -7 -8 8 9 10 -12 12 -14 -15 19 18 17 -19 -20 -21 -22 -23 -24 -25 -26 26 -28 -29 -30 -31
leaf_value=4.903169247088721e-05 -3.5454501738766382e-05 -4.456231920044228e-05 -4.9913793062267463e-05 7.4074602691322707e-05 8.4436972401507869e-05 -2.5903468511972449e-05 -1.2788666728032953e-06 -0.0029602316861082269 0.0077200689247833524 -0.0011932087112132687 -0.0006718713711264644 -0.0061494943866177952 0.017200835304290594 0.016620064720867144 -0.0033043456687180625 0.011024646358658366 0.0034476445894269267 0.02344905986934678 -0.007906145603918913 -0.00096288467452900265 0.0081035783052941998 -0.0028757221648982368 0.002350477212299612 -0.00020328879468248478 -0.0011492697562787083 0.00048724429873559156 -0.00013153901317640548 -1.1725898391012565e-05 0.0022331037038116042 0.0019462064779583899
leaf_weight=154 2785 708 438 44 75 102 84337 117 44 62 2775 41 50 41 71 40 73 41 41 1172 76 1750 340 270 886 40 68 45 45 63
leaf_count=154 2785 708 438 44 75 102 84337 117 44 62 2775 41 50 41 71 40 73 41 41 1172 76 1750 340 270 886 40 68 45 45 63
internal_value=-5.75461e-05 -0.000923736 -1.84514e-05 -0.000751139 -0.00117886 0.00149717 -4.37177e-05 -0.000322788 7.10582e-05 0.000168985 9.7032e-05 0.000825526 0.0050939 0.00297546 0.00021739 0.000327868 0.00323864 0.00552631 0.00302469 -0.000185748 0.00282313 -0.000613479 -0.000332454 -0.000525941 -0.000345881 6.5648e-06 0.00383838 0.00615384 0.00911765 -0.000259833
internal_weight=96794 1521 813 659 615 177 95273 10936 4644 4527 4483 1708 213 163 1495 122 176 114 81 1319 147 6292 4542 4202 3932 3046 198 130 85 2848
internal_count=96794 1521 813 659 615 177 95273 10936 4644 4527 4483 1708 213 163 1495 122 176 114 81 1319 147 6292 4542 4202 3932 3046 198 130 85 2848
is_linear=0
shrinkage=0.05


Tree=231
num_leaves=31
num_cat=0
split_feature=14 8 1 1 8 8 14 0 0 12 13 14 13 2 12 12 13 14 8 0 13 0 14 11 12 11 14 0 14 12
split_gain=0.675699 0.504519 0.416409 0.689484 0.885439 1.02602 0.783085 1.38618 0.747921 0.735039 0.988432 0.695586 0.762397 0.688147 1.02869 0.79038 1.33103 0.678219 1.00185 0.683416 0.83235 0.684262 0.85537 1.41159 0.659917 0.598857 1.28317 1.74521 1.07286 0.627531
threshold=0.013517528708567098 3.5000000000000004 3.5000000000000004 5.5000000000000009 1.5000000000000002 2.5000000000000004 0.96754055282421392 12.500000000000002 13.500000000000002 0.15853286013538914 0.13629249550934366 0.063416445188203399 0.021898487278408107 17.500000000000004 0.68367058472598952 0.98315794437631931 0.83638190104043808 1.9004715023551899 1.0000000180025095e-35 17.500000000000004 0.9959348209140767 14.500000000000002 1.254898667010069 0.83922503212625343 2.5525349097281964 0.2890576380407171 1.3131875711225278 15.500000000000002 1.2751611647832297 1.8098776341711413
decision_type=2 2 2 2 2 2 2 2 2 2 2 2 2 2 2 2 2 2 2 2 2 2 2 2 2 2 2 2 2 2
left_child=1 -1 -2 4 6 9 7 -4 -8 11 -11 12 -6 14 -9 -16 -17 18 25 21 -21 22 23 -20 -19 -10 28 -28 29 -27
right_child=2 -3 3 -5 5 -7 8 13 17 10 -12 -13 -14 -15 15 16 -18 24 19 20 -22 -23 -24 -25 -26 26 27 -29 -30 -31
leaf_value=-2.5404075989820952e-05 8.7529972871012254e-06 3.7944992702922456e-05 -3.9415566271375102e-05 2.4539031719500605e-05 -1.828442375512659e-05 -2.8780751317917859e-05 -0.0038432961646747386 0.0089109785253919209 -0.0033084174801946038 0.0015351426374644709 0.0035835310931465626 -0.00035662860767219457 0.00043873351734973913 -0.0021246090794353359 -0.0024697611053951744 -0.0039091917165997086 0.011034546443368631 -0.0068663623027139607 -0.0037692574261164397 0.008063887538502474 -0.0013864019454457215 -0.0073177478481409961 -0.013146091687635326 0.0048843121578035324 -0.0013339435332678216 0.0061864117610754841 -0.0086508159913307459 0.0027535041037107738 0.015809155341486449 -0.0024333056948911162
leaf_weight=1513 54927 51 7226 13661 107 9917 1403 121 268 49 678 254 65 91 101 48 43 744 143 171 1666 790 108 60 450 168 411 1235 62 83
leaf_count=1513 54927 51 7226 13661 107 9917 1403 121 268 49 678 254 65 91 101 48 43 744 143 171 1666 790 108 60 450 168 411 1235 62 83
internal_value=-3.69524e-05 -0.00106778 -1.99907e-05 -0.000142438 -0.000291362 4.96826e-05 -0.000536644 -0.000176934 -0.000890236 0.0014614 0.00242778 -0.000187795 0.00226744 0.00267327 0.00378594 0.00151042 0.00489011 -0.000659696 -0.000411424 -0.0010177 -0.000427328 -0.00200273 -1.60784e-05 0.00189655 -0.00173367 0.000388414 0.000691678 0.000133656 0.0036262 0.00217131
internal_weight=96614 1564 95050 40123 26462 11070 15392 7630 7762 1153 727 426 172 404 313 192 91 6359 5165 2938 1837 1101 311 203 1194 2227 1959 1646 313 251
internal_count=96614 1564 95050 40123 26462 11070 15392 7630 7762 1153 727 426 172 404 313 192 91 6359 5165 2938 1837 1101 311 203 1194 2227 1959 1646 313 251
is_linear=0
shrinkage=0.05


Tree=232
num_leaves=31
num_cat=0
split_feature=14 12 11 6 13 1 2 14 12 2 12 14 0 13 14 14 14 1 12 10 10 11 12 0 11 14 14 0 9 10
split_gain=0.467379 0.604481 0.767274 0.467511 0.843334 0.601013 1.36022 0.67309 0.75661 0.97504 0.656632 0.695636 0.613278 2.01874 0.956378 0.644797 0.571782 0.561639 0.828159 0.619723 0.582282 0.593482 0.555412 0.547856 0.537491 0.586921 0.65703 0.663112 0.598636 0.549399
threshold=0.011791016827106891 0.014832145907619042 0.019209702183648973 1.0000000180025095e-35 3.8390809835390827 3.5000000000000004 10.500000000000002 1.7142594256379193 2.5031710056371956 12.500000000000002 2.9079687597149522 1.1722672580382916 7.5000000000000009 0.044898928177376569 0.91978011693624928 0.36853772872751567 1.0428862247689232 1.5000000000000002 3.132656804889534 7.0287092079217368 6.9719225886329967 2.1947354938223502 1.6093500536482601 22.500000000000004 0.9186211481708767 2.0593173842938475 2.0904543030714344 18.500000000000004 7.969202159014201 7.5096149059599329
decision_type=2 2 2 2 2 2 2 2 2 2 2 2 2 2 2 2 2 2 2 2 2 2 2 2 2 2 2 2 2 2
left_child=1 -1 -3 5 17 7 12 8 -2 16 11 -11 14 -14 22 -15 -10 18 -5 20 -19 -22 -7 -9 -17 29 -27 -28 -29 -26
right_child=3 2 -4 4 -6 6 -8 23 9 10 -12 -13 13 15 -16 24 -18 19 -20 -21 21 -23 -24 -25 25 26 27 28 -30 -31
leaf_value=-0.00010265026736956928 1.2768466810882344e-05 2.8523519354655728e-05 -9.675334007693211e-05 -4.1186869455336295e-06 0.0051853744404716084 -4.7257073668291992e-05 2.3614630180065399e-05 -0.00037182758464453209 0.0040083775279768155 0.00937461579330451 -0.0026512453763341743 0.0018164760878071147 0.00073967359062379265 0.00019112002747005249 -0.0095334381737158646 -0.00089009615943334689 0.0041979578401927812 -3.0796361458550321e-05 0.007090295987282791 -0.00016565566541684168 0.003271208634915364 -0.0043589321797617587 0.0047141609371604571 -0.015362618836071937 0.00056538861067425552 -0.013572345228657429 -0.0058541599898042423 -0.0067093344186407826 0.0055026189265250111 -0.00071831677148127902
leaf_weight=239 33397 86 51 2232 91 7398 18168 12488 48 112 628 580 41 1405 154 4154 1062 725 47 3618 88 42 46 113 4022 120 842 215 457 4162
leaf_count=239 33397 86 51 2232 91 7398 18168 12488 48 112 628 580 41 1405 154 4154 1062 725 47 3618 88 42 46 113 4022 120 842 215 457 4162
internal_value=-4.91074e-05 -0.00180851 0.000839415 -4.22489e-05 -0.000440597 -1.183e-05 -0.000152245 0.000107581 0.00021813 0.00106996 0.000151514 0.00121387 -0.000407544 -0.00022636 -0.000775205 -0.000255903 0.00216216 -0.000505037 0.000133829 -0.00083054 0.000380116 0.00346154 -0.00069452 -0.000206731 -0.000358575 -0.000156856 -0.00102203 -0.000739763 0.000431546 1.58835e-05
internal_weight=96831 376 137 96455 6843 89612 41184 48428 35827 2430 1320 692 23016 15418 7598 15377 1110 6752 2279 4473 855 130 7444 12601 13972 9818 1634 1514 672 8184
internal_count=96831 376 137 96455 6843 89612 41184 48428 35827 2430 1320 692 23016 15418 7598 15377 1110 6752 2279 4473 855 130 7444 12601 13972 9818 1634 1514 672 8184
is_linear=0
shrinkage=0.05


Tree=233
num_leaves=31
num_cat=0
split_feature=12 13 2 11 13 1 1 12 9 9 0 12 14 0 9 11 14 11 4 2 0 9 2 9 9 9 9 9 2 3
split_gain=0.267097 0.945919 0.594904 0.663778 0.324684 0.563353 0.788042 0.928102 0.55924 0.705409 0.583285 0.5902 0.711111 0.522245 0.506309 0.501916 0.540267 0.610266 0.641898 0.473213 0.449241 0.514034 0.444693 0.478623 0.655108 0.396281 0.502564 0.357914 0.497352 0.356551
threshold=4.1612021925986946 1.4927723905671002 16.500000000000004 2.2773597956675844 2.4937006309686711 1.5000000000000002 1.0000000180025095e-35 3.6242137430533221 8.6154209420528431 8.3523553982831391 17.500000000000004 1.7941351180353482 2.1386486113466212 16.500000000000004 7.917998553695055 5.2271684412942863 2.6779668097023817 2.1947354938223502 6.5000000000000009 25.500000000000004 19.500000000000004 8.5489257659686064 26.500000000000004 8.6020910403571875 8.8287161068027675 7.3431355615647513 7.2250922162796529 8.1610506823211146 12.500000000000002 1.0000000180025095e-35
decision_type=2 2 2 2 2 2 2 2 2 2 2 2 2 2 2 2 2 2 2 2 2 2 2 2 2 2 2 2 2 2
left_child=4 -2 3 -3 -1 6 22 -8 9 14 11 12 -10 -13 25 16 29 -18 -19 -12 -11 -22 23 27 -25 26 -7 28 -6 -16
right_child=1 2 -4 -5 5 8 7 -9 10 20 19 13 -14 -15 15 -17 17 18 -20 -21 21 -23 -24 24 -26 -27 -28 -29 -30 -31
leaf_value=3.795548431032086e-06 -0.0071557943524863873 0.011264838371346548 0.0085543676006124558 -0.00020160399570225162 0.0080070397324919478 -0.00092975943670195883 -0.009609298487601137 0.014806440435430088 0.0080674885585535067 -0.0087077453074517353 -0.0032114255174062623 0.00017291662044504301 0.022980053346571119 0.0097226050659785981 3.0759207754179218e-05 -0.01552725474900204 -0.0042736775411348271 0.035451905641770191 0.0094073506014287697 0.0044022131330625968 -0.0059438886425460004 0.0056743414594474994 -0.0046502991356261259 0.020653185197070156 0.0040907539966500072 -0.0039808464722360989 0.015776580802185615 -0.0079610756739239355 -0.0058482146160184489 0.0071787537274510087
leaf_weight=90293 153 58 573 711 94 96 579 50 45 292 298 218 45 68 607 77 55 45 59 41 193 57 445 45 57 639 60 159 148 186
leaf_count=90293 153 58 573 711 94 96 579 50 45 292 298 218 45 68 607 77 55 45 59 41 193 57 445 45 57 639 60 159 148 186
internal_value=2.24984e-05 0.000685618 0.00111028 0.000201559 1.20577e-05 -0.000395021 -0.0011636 -0.00253577 -1.62404e-06 -0.000371937 0.00122378 0.00257979 0.00611111 0.00146853 9.8683e-05 0.000830903 0.00114496 0.00380503 0.00605769 -0.000280237 -0.00195572 -0.000400001 -0.000253166 0.000765406 0.00382353 -0.000849058 0.00141026 -1.247e-05 0.00119835 0.0006116
internal_weight=96446 1495 1342 769 94951 4658 1577 629 3081 2366 715 376 90 286 1824 1029 952 159 104 339 542 250 948 503 102 795 156 401 242 793
internal_count=96446 1495 1342 769 94951 4658 1577 629 3081 2366 715 376 90 286 1824 1029 952 159 104 339 542 250 948 503 102 795 156 401 242 793
is_linear=0
shrinkage=0.05


Tree=234
num_leaves=31
num_cat=0
split_feature=2 10 10 12 9 2 9 12 12 10 13 8 10 11 12 14 12 8 14 2 13 14 14 14 13 12 13 10 12 10
split_gain=0.448331 0.835856 1.07456 0.690107 1.13781 0.542949 0.474287 0.887189 0.785467 0.736776 1.41903 0.944269 0.666064 0.567377 0.635017 0.528328 0.555304 0.496958 0.531586 0.46923 0.522999 0.746335 0.456848 0.596939 0.465647 0.524054 0.411356 0.954392 0.583922 0.527777
threshold=24.500000000000004 8.9114319357687091 8.9311498447307187 0.94265681857819605 9.6196920437638678 27.500000000000004 7.7908984802696137 3.0336481365421735 4.0035509476549178 7.1141086558181206 1.7896602236413626 2.5000000000000004 8.244914729201275 0.010590463161240328 0.016909315208142959 0.014847717527210735 0.014622045854339181 2.5000000000000004 0.079833095026609027 21.500000000000004 0.016263079224335463 0.014243004357684295 0.52496091453661553 0.33806301758129265 0.79621563173389942 1.4946896374400966 0.081870316554649922 7.1779410258993943 0.21195280718300627 8.44047494352351
decision_type=2 2 2 2 2 2 2 2 2 2 2 2 2 2 2 2 2 2 2 2 2 2 2 2 2 2 2 2 2 2
left_child=19 6 -3 5 -5 -4 7 13 9 10 -8 -12 -10 17 -15 16 -11 -2 -19 -1 -21 -22 23 -23 25 -24 27 -17 29 -29
right_child=1 2 3 4 -6 -7 8 -9 12 15 11 -13 -14 14 -16 26 -18 18 -20 20 21 22 24 -25 -26 -27 -28 28 -30 -31
leaf_value=-4.9558136814220511e-06 1.1554813267619479e-05 0.0071991247017790866 7.1892083739585181e-05 0.0082269555626168084 -0.00071834555201328882 -0.00025266504173992337 5.153818916433622e-05 -0.0079533465988505855 0.010914917207685056 6.0405139232458301e-05 0.0019260507619978371 0.014091149204702972 -0.016600762464875084 -0.00011171471431810913 -3.4440239813678622e-05 -9.3105712678728109e-05 -6.4886013563758828e-05 0.00013239559401692351 0.00029149178031194375 -8.3364401365421676e-05 3.0333459438336214e-05 -3.8261296166825194e-05 0.00054093352074742755 -0.0020211532862993414 -0.00056494641397355193 0.0032919556309800773 5.5738208392313362e-05 3.2702146511366061e-05 0.00066117769282495798 -0.00010558835209746088
leaf_weight=71390 204 57 42 46 62 78 423 322 431 72 65 76 41 156 3308 111 234 69 53 168 52 2030 279 308 4068 42 10644 1796 59 65
leaf_count=71390 204 57 42 46 62 78 423 322 431 72 65 76 41 156 3308 111 234 69 53 168 52 2030 279 308 4068 42 10644 1796 59 65
internal_value=-1.40062e-05 0.000207993 0.00289474 0.00135965 0.00425926 -0.00125 0.000165755 -0.000306421 0.000304272 0.000234403 0.00200354 0.00634752 0.00230932 -9.23495e-05 -0.000280024 0.000157537 -0.00189543 0.00190184 0.00442623 -6.61896e-05 -0.000458472 -0.000390177 -0.000436303 -0.00100086 -0.000135567 0.00169782 0.000207099 0.000859181 0.00111979 0.000964534
internal_weight=96751 18414 285 228 108 120 18129 4112 14017 13545 564 141 472 3790 3464 12981 306 326 122 78337 6947 6779 6727 2338 4389 321 12675 2031 1920 1861
internal_count=96751 18414 285 228 108 120 18129 4112 14017 13545 564 141 472 3790 3464 12981 306 326 122 78337 6947 6779 6727 2338 4389 321 12675 2031 1920 1861
is_linear=0
shrinkage=0.05


Tree=235
num_leaves=31
num_cat=0
split_feature=1 2 14 2 2 13 10 1 0 11 13 12 0 10 8 2 14 12 14 10 8 14 12 12 2 0 13 12 4 10
split_gain=0.398438 0.703678 1.04139 0.720751 0.655718 0.881842 0.622225 0.836808 0.838313 0.501987 0.526548 0.498011 0.52948 0.835063 0.86745 0.481452 0.559923 0.432136 0.42959 0.402037 0.353894 1.03986 0.741538 0.530882 0.472599 0.391458 0.751467 2.23317 1.25975 0.817304
threshold=3.5000000000000004 3.5000000000000004 0.014243004357684295 5.5000000000000009 2.5000000000000004 0.016263079224335463 6.8732608763446477 2.5000000000000004 19.500000000000004 1.4685066303093104 1.6155169693056084 4.1612021925986946 3.5000000000000004 6.9568225872516161 2.5000000000000004 21.500000000000004 0.015129678267487529 0.27153305017447688 0.13471814537672347 8.44047494352351 3.5000000000000004 0.017379201385000476 0.018440340657382558 0.015799782171512018 10.500000000000002 3.5000000000000004 0.061703856849321469 0.12254628433665732 9.5000000000000018 7.1898750145359802
decision_type=2 2 2 2 2 2 2 2 2 2 2 2 2 2 2 2 2 2 2 2 2 2 2 2 2 2 2 2 2 2
left_child=1 2 -1 19 5 -2 7 9 -9 17 -11 12 13 14 -7 -5 -17 18 -4 -3 25 22 23 -22 -23 -6 27 -27 29 -29
right_child=4 3 6 15 20 11 -8 8 -10 10 -12 -13 -14 -15 -16 16 -18 -19 -20 -21 21 24 -24 -25 -26 26 -28 28 -30 -31
leaf_value=7.6943955454042163e-05 -8.5577214820574534e-05 -0.00011668255325739314 -9.7122308045984564e-05 2.8692200594333274e-05 -5.6784227101595847e-05 0.001560111503961271 3.9805132162416498e-05 0.0013802362487582932 0.011775478518738064 -0.0012907586256883717 0.015469164900807459 0.005206569306423949 -0.00023042215999260097 -1.4003966156159323e-05 -2.8052698120618919e-05 -4.2015584190428877e-05 -2.0023471435560275e-05 -0.0035761254668608476 0.0054127775508755506 -0.00039892511914734266 5.2618015779047214e-05 -0.00010099501064182286 0.0002028549623094041 -6.0301993552507679e-05 0.00035622546683644575 2.6902084306606175e-06 -0.000121505321253696 0.00040507154245740203 0.00034349687724824577 4.4298254653168685e-05
leaf_weight=51 380 4458 71 27651 5396 52 3981 236 46 40 58 54 3534 540 42 374 18036 87 40 125 40 2253 43 45 2270 3095 23364 84 140 218
leaf_count=51 380 4458 71 27651 5396 52 3981 236 46 40 58 54 3534 540 42 374 18036 87 40 125 40 2253 43 45 2270 3095 23364 84 140 218
internal_value=-3.94624e-05 4.85021e-05 0.000639912 -5.33252e-06 -0.000156439 -0.000719254 0.000560429 0.00209342 0.00404255 0.000236485 0.00316326 -0.000511607 -0.000573418 0.000757097 0.00510638 5.41661e-05 -0.000143945 -0.00121212 0.000855855 -0.000603318 -8.63387e-05 0.000321435 0.00476562 0.00205882 0.000195665 -0.000145061 -6.70991e-05 0.000612099 0.00393665 0.0021192
internal_weight=96804 55254 4610 50644 41550 4602 4559 578 282 296 98 4222 4168 634 94 46061 18410 198 111 4583 36948 4651 128 85 4523 32297 26901 3537 442 302
internal_count=96804 55254 4610 50644 41550 4602 4559 578 282 296 98 4222 4168 634 94 46061 18410 198 111 4583 36948 4651 128 85 4523 32297 26901 3537 442 302
is_linear=0
shrinkage=0.05


Tree=236
num_leaves=31
num_cat=0
split_feature=12 14 2 13 9 13 11 4 0 9 12 13 8 14 14 14 0 12 13 11 13 13 0 9 14 2 14 12 0 14
split_gain=0.311513 1.3344 0.810339 1.14734 0.958593 0.89979 0.799187 0.683076 1.27219 1.13197 0.70967 0.600505 0.562511 0.851092 1.10633 0.999333 0.985662 0.775641 0.645814 0.913987 1.11421 0.609775 1.13731 0.578113 0.577297 0.541018 0.535595 0.52889 0.519754 0.670391
threshold=1.4787584222102075 0.79185215920177832 2.5000000000000004 0.48918754278197091 8.2681440413724285 0.54313685081431751 1.8590002854035503 7.5000000000000009 9.5000000000000018 8.2527908074299265 1.5100280716235479 1.1092501241614976 3.5000000000000004 0.027473859133533174 0.065571124312808565 0.10072908347879654 3.5000000000000004 0.017656385088529385 1.3550942153933996 0.43839986880256293 1.387216186717223 0.044898928177376569 4.5000000000000009 7.6153897707972575 0.022628002498816965 9.5000000000000018 0.53854056593088895 0.036601037503785898 11.500000000000002 1.3506517479241213
decision_type=2 2 2 2 2 2 2 2 2 2 2 2 2 2 2 2 2 2 2 2 2 2 2 2 2 2 2 2 2 2
left_child=6 2 4 -4 -2 -5 12 8 -7 -10 -9 26 -1 16 21 17 -14 25 -17 -20 -21 22 -15 -18 27 -16 -8 -25 -22 -30
right_child=1 -3 3 5 -6 7 11 10 9 -11 -12 -13 13 14 15 18 23 -19 19 20 28 -23 -24 24 -26 -27 -28 -29 29 -31
leaf_value=-1.1631186928873135e-05 0.0024034569621405122 7.990003667078535e-05 -0.0016623775773983677 0.0045976435712991358 0.0012609783877517051 -0.0011556547872578478 0.00048221048314665588 0.0053537163741359771 0.014066582603008288 0.0034720936350352582 -0.00049341974524296634 -0.0013570117024855064 3.683385554059491e-06 -0.00077845282790093542 -0.00020929879489224826 -4.0677807421181764e-05 -0.00017137254429466187 0.00070871377448371092 -0.0016540041612246083 0.016424509573242159 0.0060923862032868873 -0.00043496590931652523 4.5149456757257279e-05 8.6513053886429664e-05 4.315068230361853e-05 0.00060983454088500482 -0.0049162315889567506 0.00017035667441982606 0.012526546345246806 -0.00027396704737685603
leaf_weight=53765 45 32543 111 82 41 121 104 45 66 62 318 1036 511 92 49 4772 46 48 342 49 447 284 210 108 224 59 471 43 69 482
leaf_count=53765 45 32543 111 82 41 121 104 45 66 62 318 1036 511 92 49 4772 46 48 342 49 447 284 210 108 224 59 471 43 69 482
internal_value=-1.785e-05 0.00010558 0.00201459 0.00152174 0.00662791 0.00227666 -8.31355e-05 0.00161765 0.00363454 0.00710937 0.000234159 -0.0011825 -5.43843e-05 0.000341416 0.000149934 0.000342725 0.00175966 0.00429487 0.000242654 0.0011915 0.00192455 -0.00192833 -0.00036424 0.00355107 0.0042 0.00194444 -0.00247826 0.0065894 0.00156313 0.000535389
internal_weight=96645 33434 891 805 86 694 63211 612 249 128 363 1611 61600 7835 6903 6317 932 156 6161 1389 1047 586 302 421 375 108 575 151 998 551
internal_count=96645 33434 891 805 86 694 63211 612 249 128 363 1611 61600 7835 6903 6317 932 156 6161 1389 1047 586 302 421 375 108 575 151 998 551
is_linear=0
shrinkage=0.05


Tree=237
num_leaves=31
num_cat=0
split_feature=14 8 13 10 12 11 9 9 1 13 12 0 1 12 9 10 10 2 9 11 10 0 9 11 9 8 13 12 14 13
split_gain=0.551718 0.305406 0.79817 1.3124 0.627238 0.541448 0.414274 0.359673 0.352184 0.94812 0.62532 0.516634 0.500216 0.742152 0.8722 0.610052 0.458196 0.581827 0.650248 0.562969 0.484176 0.440941 0.620039 0.406812 0.404042 0.332222 0.320145 0.313379 0.283743 0.277371
threshold=0.015435897532715202 1.0000000180025095e-35 0.014627507163046604 7.911342502051065 0.022265249142163917 0.013149438319505592 7.7237463484566824 8.1041804848129591 5.5000000000000009 0.015789441227771751 0.01997300820677354 3.5000000000000004 3.5000000000000004 0.014622045854339181 7.7087520103045053 7.5675340507590656 7.4867006184888369 7.5000000000000009 7.8215386808283798 0.011656004753648098 6.8328969891406821 4.5000000000000009 8.3141829512043284 0.0082972199255493522 8.4961950922238341 3.5000000000000004 0.013765825296169678 0.013961081296346161 0.014243004357684295 0.010228374245728958
decision_type=2 2 2 2 2 2 2 2 2 2 2 2 2 2 2 2 2 2 2 2 2 2 2 2 2 2 2 2 2 2
left_child=1 2 6 4 5 -4 -1 -7 12 10 11 -10 13 14 -3 -16 17 18 20 23 -15 -18 -23 -19 -24 -14 -17 -8 -29 -2
right_child=29 8 3 -5 -6 7 27 -9 9 -11 -12 -13 25 16 15 26 21 19 -20 -21 -22 22 24 -25 -26 -27 -28 28 -30 -31
leaf_value=5.4198928734164462e-05 1.2811209826519024e-05 8.0669549814633854e-05 -2.664377920665156e-05 0.00010031281201570886 -0.00013101404219059703 9.1148644020493119e-05 4.7421061874048771e-05 2.2791775122627544e-05 -4.7721226388645392e-05 4.251521353582623e-05 -9.9801193677668672e-05 3.4251779400433286e-05 -4.4722068393981061e-05 5.5843851826699279e-05 -4.995453967427037e-05 5.8194972004275752e-05 -7.3820916786596232e-05 -1.8802593899012665e-05 7.0257923676321873e-05 -4.8610059672859573e-05 -6.7750118478739901e-05 -6.4474434390223437e-05 8.3758463915657131e-05 0.00011382125798813225 -2.977456767179783e-05 1.056665798348087e-05 -1.9910477093726712e-05 -5.3154986458184858e-05 -7.287723834644123e-05 -6.3026658157215323e-06
leaf_weight=66 147 44 48 46 50 47 41 52 50 75 64 83 1564 41 89 54 380 47 47 266 57 40 74 46 44 85 46 162 122 92771
leaf_count=66 147 44 48 46 50 47 41 52 50 75 64 83 1564 41 89 54 380 47 47 266 57 40 74 46 44 85 46 162 122 92771
internal_value=-5.15785e-05 -0.000639688 0.000362775 0.00261317 0.000837562 0.00248299 -0.00103581 0.00459596 -0.000838549 0.000882352 -0.000939087 0.00101504 -0.000998633 -0.000254903 0.00229614 0.000820105 -0.000825337 0.000257935 0.00293103 -0.000821728 0.000612244 -0.00184015 0.000379746 0.00252688 0.00220339 -0.00157368 0.0035 -0.00176923 -0.00235916 -2.73371e-05
internal_weight=96748 3830 634 243 197 147 391 99 3196 272 197 133 2924 1275 233 189 1042 504 145 359 98 538 158 93 118 1649 100 325 284 92918
internal_count=96748 3830 634 243 197 147 391 99 3196 272 197 133 2924 1275 233 189 1042 504 145 359 98 538 158 93 118 1649 100 325 284 92918
is_linear=0
shrinkage=0.05


Tree=238
num_leaves=31
num_cat=0
split_feature=2 2 0 9 11 12 8 9 11 13 0 8 11 14 12 11 13 12 11 12 0 10 9 11 12 9 13 12 11 0
split_gain=0.335801 0.875922 0.633715 0.542072 0.505131 0.560822 0.471128 0.632531 0.507165 1.2543 0.517423 0.505175 0.472347 0.414422 0.834303 0.420846 0.8286 0.882375 0.379484 0.96056 0.867799 0.595024 0.698597 0.505425 0.437227 0.44784 0.418605 0.403735 0.439024 0.376648
threshold=28.500000000000004 27.500000000000004 22.500000000000004 9.0101960930194647 0.018422664093428496 2.9483121465240987 3.5000000000000004 7.7421894393860553 0.013736085451027684 0.13629249550934366 22.500000000000004 2.5000000000000004 0.010590463161240328 2.1752531023704997 2.6319920180431451 1.162628140788337 1.0981430099910972 2.1052781914187464 0.59160902327126352 0.41821408167091356 20.500000000000004 7.6501834979001986 8.6020910403571875 0.12061217298369876 1.1774420736118369 8.1228533973262191 1.4086834754138486 1.6263503427068005 0.77676767660897428 2.5000000000000004
decision_type=2 2 2 2 2 2 2 2 2 2 2 2 2 2 2 2 2 2 2 2 2 2 2 2 2 2 2 2 2 2
left_child=1 29 13 6 -5 -6 7 12 9 -8 -10 -9 -2 15 -15 18 -17 -18 19 23 21 -21 -23 -3 -20 27 -22 28 -26 -1
right_child=3 2 -4 4 5 -7 8 11 10 -11 -12 -13 -14 14 -16 16 17 -19 24 20 26 22 -24 -25 25 -27 -28 -29 -30 -31
leaf_value=7.7000687676133961e-05 4.2613229018864582e-05 4.0602369878314319e-05 -0.0013638266691803731 -0.00018920170312595119 -0.00012036709924590772 -0.014151773410034827 0.00028295169013803026 1.2247366514956678e-05 4.1418179921736983e-05 -0.00045655297841505957 0.0026858643482720562 -0.00010749641058898608 -0.00017777942000518805 0.015873786048679894 -0.0018186303327417499 0.010709494953728081 0.011743179063690537 -0.0060535675274702777 -0.0020887869537805021 -2.2466550571292833e-05 0.016583957888066519 0.0058758181485491605 0.0019254944548934179 -0.0013894980219412659 0.00031444882382282565 -0.0037594797520477843 0.011439368854261743 -0.00024492053428415704 0.019213894036288492 -7.3468706828191775e-06
leaf_weight=10585 146 817 98 160 550 74 46 4323 805 44 41 1608 1434 84 52 78 54 107 96 158 43 54 52 125 41 267 43 116 41 74633
leaf_count=10585 146 817 98 160 550 74 46 4323 805 44 41 1608 1434 84 52 78 54 107 96 158 43 54 52 125 41 267 43 116 41 74633
internal_value=-1.16261e-05 1.8618e-05 0.000975923 -0.000298452 -0.00155612 -0.000913463 -0.000181723 -0.000313541 0.000876067 0.00444444 0.000496453 -7.67168e-05 -0.00120253 0.00114901 0.00382353 0.000975142 0.00294979 0.00090062 0.000720452 0.00119195 0.00342857 0.00200757 0.00490566 0.000360933 -0.00036542 0.000268816 0.0077907 0.00207071 0.0047561 -7.51134e-06
internal_weight=96775 87544 2326 9231 784 624 8447 7511 936 90 846 5931 1580 2228 136 2092 239 161 1853 1292 350 264 106 942 561 465 86 198 82 85218
internal_count=96775 87544 2326 9231 784 624 8447 7511 936 90 846 5931 1580 2228 136 2092 239 161 1853 1292 350 264 106 942 561 465 86 198 82 85218
is_linear=0
shrinkage=0.05


Tree=239
num_leaves=31
num_cat=0
split_feature=0 13 11 13 14 0 2 13 4 9 14 14 14 2 2 0 14 14 13 12 13 9 14 14 12 14 12 10 10 9
split_gain=0.394873 1.32201 0.70914 0.59176 0.566824 1.43677 1.33097 1.09173 0.887462 0.748297 0.584723 0.656612 0.569093 0.571697 2.12035 0.53704 0.881029 1.09343 1.09945 1.06061 0.964698 0.830508 0.755556 0.651181 0.633651 0.553034 0.528444 0.51047 0.725102 0.548609
threshold=1.5000000000000002 0.17065110039629119 0.03887794290427448 0.96085896151607897 0.27902878525081015 1.0000000180025095e-35 4.5000000000000009 0.24581584689145466 5.5000000000000009 7.7087520103045053 0.61344849924216194 0.7030220205362262 0.23707954617091323 25.500000000000004 27.500000000000004 1.0000000180025095e-35 0.14025677994862054 0.086295104002923687 0.13164469831455791 0.022644289869261477 0.13629249550934366 8.0983831829183792 0.1935711841940839 0.071981322272154119 0.015223878896754204 0.1241425062426041 0.032781885571144261 7.6422992797111506 7.6070344165920707 8.3487622017190422
decision_type=2 2 2 2 2 2 2 2 2 2 2 2 2 2 2 2 2 2 2 2 2 2 2 2 2 2 2 2 2 2
left_child=1 2 15 4 5 6 -3 12 -8 -6 26 -12 13 -7 -15 -1 17 23 21 -18 -21 24 -22 -17 -19 -23 -11 28 -2 -29
right_child=27 3 -4 -5 9 7 8 -9 -10 10 11 -13 -14 14 -16 16 19 18 -20 20 22 25 -24 -25 -26 -27 -28 29 -30 -31
leaf_value=-0.00018704287486410429 -3.0849036077395605e-06 -0.00098037402450289559 0.0014490829835201756 -0.0027884505064451888 -0.00070220679541405291 -8.6336313326787809e-05 0.00068484672425525508 -0.001499548034085396 0.0056700854954642756 0.00085496822992854951 -0.0010003589631518491 0.00063636478768151121 -0.0015511303844223925 0.0018794238323677521 -0.00059767818059426679 0.00061064345280146572 -3.5597302898010986e-05 0.00040619116066244805 0.0004341058793193232 -0.00085640000185134763 0.0023771283163855671 0.0021784497839774527 0.0013708583527285451 -0.00045782366656456174 0.0022761466067223956 0.00041935947885015821 0.0051392205781995342 -0.00018870395765812378 0.00019588199455570696 -2.7128878321243727e-05
leaf_weight=171 53328 43 58 424 828 684 83 496 40 2501 477 675 192 48 68 42 634 55 105 43 51 56 45 81 63 62 43 1008 2977 31450
leaf_count=171 53328 43 58 424 828 684 83 496 40 2501 477 675 192 48 68 42 634 55 105 43 51 56 45 81 63 62 43 1008 2977 31450
internal_value=-4.23946e-05 0.000292512 0.00165075 -9.08935e-06 0.000114923 -0.000677148 0.00373494 -0.00116936 0.00638211 0.000404508 0.000708873 -0.000225696 -0.000211695 0.000374999 0.00362069 0.00142756 0.00179062 0.00351293 0.00497067 0.000756791 0.00471223 0.00686441 0.0075 -0.000528456 0.00983051 0.0038983 0.00113207 -7.28356e-05 1.82032e-05 -0.000230761
internal_weight=96831 8068 1466 6602 6178 1654 166 1488 123 4524 3696 1152 992 800 116 1408 1237 464 341 773 139 236 96 123 118 118 2544 88763 56305 32458
internal_count=96831 8068 1466 6602 6178 1654 166 1488 123 4524 3696 1152 992 800 116 1408 1237 464 341 773 139 236 96 123 118 118 2544 88763 56305 32458
is_linear=0
shrinkage=0.05


Tree=240
num_leaves=31
num_cat=0
split_feature=10 9 11 2 11 0 11 10 4 0 12 8 0 8 9 10 2 2 8 12 10 0 13 12 11 11 13 13 12 10
split_gain=0.53082 0.68851 1.51828 0.752222 1.22891 0.705665 0.66038 0.648016 0.599072 0.55469 0.510839 0.478764 0.546019 0.548719 0.505653 0.408488 0.605925 0.574495 1.05109 0.734336 0.677249 0.661541 0.485559 0.393346 0.870798 0.632649 0.462869 0.392041 0.393063 0.401775
threshold=8.3232923043627114 9.0141087323992366 1.382908415275633 7.5000000000000009 3.2335487081497649 19.500000000000004 3.9691913626573578 8.2024652738655117 3.5000000000000004 13.500000000000002 1.8261172215224712 3.5000000000000004 11.500000000000002 1.0000000180025095e-35 9.0990712165705432 8.9365556447439864 14.500000000000002 13.500000000000002 1.0000000180025095e-35 0.019485612502206737 8.4573972145309924 13.500000000000002 1.1499938111449854 1.2721947001842444 1.4685066303093104 1.2118924730357408 1.2640406911598261 0.012062881362494402 0.011540746903424477 8.48369581756935
decision_type=2 2 2 2 2 2 2 2 2 2 2 2 2 2 2 2 2 2 2 2 2 2 2 2 2 2 2 2 2 2
left_child=1 -1 -3 4 9 6 11 -8 15 -4 -11 12 -5 -14 -15 17 -17 18 -2 -20 -21 -22 -18 26 25 -25 -19 -10 -29 -30
right_child=8 2 3 5 -6 -7 7 -9 27 10 -12 -13 13 14 -16 16 22 23 19 20 21 -23 -24 24 -26 -27 -28 28 29 -31
leaf_value=-3.10681979568043e-06 -0.00072331769596871431 -2.2617831489617465e-05 0.0047083440827807577 -0.00036280048799761989 0.018592614853704264 -0.0075368289050574341 0.0069949121701820931 -0.0087174530061339562 -3.1764666101066126e-05 0.010437513879611192 -0.00062424799517146778 0.017491446006497668 0.0055318063979386579 0.0080494458522724355 0.020579979834443599 -0.00037530091855700066 -0.00019421101890975366 -3.8295566534367742e-06 0.0019137923471853305 0.00032051541830853891 5.4481021696911082e-05 0.036707091399376245 0.020055085431763382 0.0043290897170438361 -0.00053094319884291411 0.017655150102127544 -0.0071520076391157475 0.0016457219816776378 -0.00016836852814543476 -2.6846666165509328e-05
leaf_weight=87216 55 1183 55 58 62 72 55 64 127 49 50 45 128 68 41 132 90 568 41 216 43 41 67 79 288 70 139 44 3715 2036
leaf_count=87216 55 1183 55 58 62 72 55 64 127 49 50 45 128 68 41 132 90 568 41 216 43 41 67 79 288 70 139 44 3715 2036
internal_value=-3.59672e-05 -1.45947e-06 0.000932641 0.00269746 0.00518518 0.0016855 0.00240741 -0.000798321 -0.000432849 0.00279221 0.000555554 0.00352941 0.00279661 0.00386076 0.00646789 0.000358118 -0.00136678 0.000681817 0.00232323 0.00335777 0.0025 0.00630952 0.000732483 0.000113635 0.0012929 0.00439597 -0.000615277 -0.000677137 -0.000616912 -0.000652931
internal_weight=96897 89146 1930 747 216 531 459 119 7751 154 99 340 295 237 109 1829 289 1540 396 341 300 84 157 1144 437 149 707 5922 5795 5751
internal_count=96897 89146 1930 747 216 531 459 119 7751 154 99 340 295 237 109 1829 289 1540 396 341 300 84 157 1144 437 149 707 5922 5795 5751
is_linear=0
shrinkage=0.05


Tree=241
num_leaves=31
num_cat=0
split_feature=9 9 9 12 10 14 12 14 11 11 1 1 14 12 9 4 12 12 11 12 14 13 12 10 14 12 14 1 12 12
split_gain=0.328046 0.71918 0.783518 0.679326 0.619413 0.516892 0.958541 0.822378 0.704047 0.691721 1.15952 0.552949 0.594017 0.713628 0.508062 0.499279 0.770926 1.17183 0.491131 0.472359 0.849256 1.14667 0.559254 0.464699 0.539104 1.03551 0.432507 0.421751 0.412187 0.410044
threshold=7.5873738590892907 7.5175506168870276 7.4725874097713918 0.016909315208142959 7.0131374222190805 1.4700593891048779 2.5031710056371956 1.1510957525484971 3.171930566251437 1.5215877988838853 1.0000000180025095e-35 5.5000000000000009 0.61344849924216194 1.6771324164686841 7.7087520103045053 4.5000000000000009 2.0853656062197135 0.94265681857819605 1.5578169056999904 0.46109249075020248 0.069870493580420953 0.01803922348718923 0.8278155230016363 6.8283963286207827 1.912899923443302 2.3409067331657796 0.53854056593088895 4.5000000000000009 0.013162474226473111 0.16296266310720589
decision_type=2 2 2 2 2 2 2 2 2 2 2 2 2 2 2 2 2 2 2 2 2 2 2 2 2 2 2 2 2 2
left_child=1 2 28 -3 5 6 9 -8 -9 11 -11 12 26 -14 -6 16 17 -5 -19 20 21 -13 -21 24 25 -4 -2 -17 -1 -22
right_child=4 3 23 15 14 -7 7 8 -10 10 -12 19 13 -15 -16 27 -18 18 -20 22 29 -23 -24 -25 -26 -27 -28 -29 -30 -31
leaf_value=-9.5296380612843696e-05 1.5477919333608726e-05 -0.00011899319592679525 0.00061526475570534978 -0.00019948989261019947 -0.0001905391518471688 -0.00026859891424677501 -0.0041446943762702753 0.018255661011790273 0.0018937441591808314 0.011286662720798354 -0.0034460459327732397 -5.1280937594338401e-05 0.0027682990083885335 -0.0054818685448924862 -1.4592381957800073e-06 -0.000143265478648934 -0.016518888636780565 0.013779667740793675 0.0044981185921696273 0.0068635964030792883 0.00029667597109596773 0.00019029696021341693 0.0029535997369576706 3.241392830545233e-06 -0.0065070389412286642 0.014530745556722957 -0.00084367010908576302 -0.00031559983293305934 -3.0312137524826119e-05 -0.00092184311048976696
leaf_weight=186 1987 244 528 196 318 2055 52 67 76 62 509 44 933 64 78577 1186 93 111 58 44 118 82 61 619 89 48 114 305 7989 102
leaf_count=186 1987 244 528 196 318 2055 52 67 76 62 509 44 933 64 78577 1186 93 111 58 44 118 82 61 619 89 48 114 305 7989 102
internal_value=-1.37759e-05 -0.000262617 -7.34762e-05 -0.00107843 2.02299e-05 0.000494504 0.000805329 0.00423077 0.00618881 0.000643203 -0.00097198 0.00090307 0.000664944 0.00167001 -1.80632e-05 -0.000767061 0.000676855 0.00171233 0.00476331 0.0025388 0.0016474 0.00492063 0.00547619 0.00107477 0.00199248 0.00255208 0.000188005 -0.0012106 -0.000253824 -0.000227274
internal_weight=96917 11652 9459 2193 85265 6370 4315 195 143 4120 571 3549 3098 997 78895 1949 458 365 169 451 346 126 105 1284 665 576 2101 1491 8175 220
internal_count=96917 11652 9459 2193 85265 6370 4315 195 143 4120 571 3549 3098 997 78895 1949 458 365 169 451 346 126 105 1284 665 576 2101 1491 8175 220
is_linear=0
shrinkage=0.05


Tree=242
num_leaves=31
num_cat=0
split_feature=9 12 0 8 13 9 10 13 14 10 13 11 2 9 2 12 4 13 14 13 11 11 14 12 11 12 10 10 14 8
split_gain=0.274173 1.02859 0.496985 0.928012 0.862656 0.862266 0.71916 0.707353 0.667352 0.657176 0.596432 1.43453 1.11707 0.686975 0.707827 0.596278 0.707526 0.782541 0.580682 0.558262 0.524736 0.978907 0.724974 1.00785 0.44717 0.658598 0.442846 0.417842 1.04441 1.01279
threshold=7.5873738590892907 0.013162474226473111 13.500000000000002 1.0000000180025095e-35 1.9864043178933877 7.5175506168870276 6.3682407829821726 1.7760424220819302 2.0143457220755261 6.7406174861511916 0.25471490476112818 0.46814984604750093 9.5000000000000018 7.4725874097713918 28.500000000000004 0.015029169175175128 1.5000000000000002 0.015789441227771751 1.213379077275677 2.1443645615509919 2.065805809405481 1.2611923670509257 0.47177057315336812 0.023429542018370841 2.065805809405481 2.1666505857418072 6.7406174861511916 7.1455246758823021 1.4700593891048779 1.0000000180025095e-35
decision_type=2 2 2 2 2 2 2 2 2 2 2 2 2 2 2 2 2 2 2 2 2 2 2 2 2 2 2 2 2 2
left_child=1 -1 5 4 7 10 -6 18 9 -9 11 15 -13 26 20 16 -3 -18 -4 -8 21 22 -15 -24 -7 -26 -12 28 29 -2
right_child=27 2 3 -5 6 24 19 8 -10 -11 13 12 -14 14 -16 -17 17 -19 -20 -21 -22 -23 23 -25 25 -27 -28 -29 -30 -31
leaf_value=-0.00015566983355353158 -2.4047785485620363e-05 0.00012973301901161315 0.0059797827235151734 -0.00038064130483026241 0.0095724964930875914 -0.00012283504360060052 -0.019979951781512045 -0.0022236395668422389 0.019612454355892293 0.019679974909325285 -0.0010280308830755223 0.00014602415073684206 0.00161138371558814 -0.00051149820444185677 -0.0057719324959537707 -1.1348107058868066e-05 4.861707049781795e-05 -9.8961923720018054e-05 0.0018967575151511936 -0.0012955056906485745 0.017549771527517018 -0.0030757367988977461 -0.00066837837615323916 0.0050022883161401103 0.0076072131822707972 -0.0061380845638260165 -0.0022871286119044878 -1.1593453276621035e-05 -0.0006706292561577794 0.00010569471611778761
leaf_weight=285 2529 41 68 3648 107 1051 78 49 53 44 1960 56 67 47 54 2382 73 121 484 306 51 94 50 74 46 76 190 70314 4931 7540
leaf_count=285 2529 41 68 3648 107 1051 78 49 53 44 1960 56 67 47 54 2382 73 121 484 306 51 94 50 74 46 76 190 70314 4931 7540
internal_value=-5.05334e-05 -0.000279101 -0.000204083 0.000178829 0.00139192 -0.000491996 -0.00021385 0.00252149 0.00561644 0.00306451 -0.000218632 0.00029197 0.0055691 -0.000773811 0.00121622 4.39423e-05 0.00244681 0.00118557 0.0017029 -0.00122396 0.00212025 0.00122641 0.00347953 0.00548387 -0.00171782 0.00114754 -0.00111628 -1.95759e-05 0.000219999 0.000511966
internal_weight=96869 11555 11270 4837 1189 6433 491 698 146 93 5260 2740 123 2520 370 2617 235 194 552 384 316 265 171 124 1173 122 2150 85314 15000 10069
internal_count=96869 11555 11270 4837 1189 6433 491 698 146 93 5260 2740 123 2520 370 2617 235 194 552 384 316 265 171 124 1173 122 2150 85314 15000 10069
is_linear=0
shrinkage=0.05


Tree=243
num_leaves=31
num_cat=0
split_feature=1 2 13 2 2 14 13 11 13 14 2 10 9 11 10 9 10 8 11 9 13 0 14 13 13 0 2 10 9 14
split_gain=0.36223 0.618109 0.916786 0.605565 1.34638 0.67324 0.521863 0.566693 0.500452 0.5119 0.491342 0.472883 1.18576 0.703388 0.499022 0.46789 0.446006 0.765073 0.87215 1.02074 0.507721 1.11986 0.76599 0.536167 0.596456 0.634996 0.88084 0.528392 0.833341 0.98887
threshold=3.5000000000000004 2.5000000000000004 0.016668486383877724 3.5000000000000004 5.5000000000000009 0.014243004357684295 0.8763749999003746 1.4348282008496624 0.83638190104043808 0.84841971260772153 8.5000000000000018 8.3232923043627114 9.0173367641000919 2.7450665405410772 8.1378828479380712 8.9644971099887716 7.549636569109798 1.0000000180025095e-35 0.03887794290427448 8.3712782958862189 2.6683609345475703 17.500000000000004 2.1067637228976905 1.3446528220129588 1.365868193493416 21.500000000000004 6.5000000000000009 7.3542622043925308 7.969202159014201 0.017379201385000476
decision_type=2 2 2 2 2 2 2 2 2 2 2 2 2 2 2 2 2 2 2 2 2 2 2 2 2 2 2 2 2 2
left_child=3 2 -2 5 -5 -1 7 8 9 -4 11 12 14 -14 16 -16 20 18 19 -18 22 -22 23 27 -25 -26 -27 28 -6 -30
right_child=1 -3 6 4 10 -7 -8 -9 -10 -11 -12 -13 13 -15 15 -17 17 -19 -20 -21 21 -23 -24 24 25 26 -28 -29 29 -31
leaf_value=4.2886369847832104e-05 -8.3447910482423846e-05 -1.5923860055424282e-05 -2.4629276753271388e-06 -0.00014944053731574868 -1.1452349389140341e-05 0.00010979817928919384 -0.0023022189438049712 0.0045383511678739104 0.0021307500969069124 -0.0053258997502996881 -5.421609543510989e-06 -0.00011257788861103336 0.00032123598526080427 0.0069422062663887845 -0.00036090954331700545 0.00010308236581584665 0.00030010173707990963 8.3105416777902539e-05 0.00097201508373846246 0.00013769709282254443 0.020142920229162302 -0.0054267514594049668 -0.0055390951002969825 0.010017906078635674 0.0017709594443699244 0.011181456329365116 0.0042534646035176042 -0.00011273652174372171 0.00013499656427881768 0.0003038955813389306
leaf_weight=48 401 36918 1771 4554 2464 4586 2173 68 65 137 34628 867 244 55 178 134 50 2791 877 177 90 83 654 53 1141 48 89 920 47 626
leaf_count=48 401 36918 1771 4554 2464 4586 2173 68 65 137 34628 867 244 55 178 134 50 2791 877 177 90 83 654 53 1141 48 89 920 47 626
internal_value=-6.32897e-05 -0.000174922 -0.000720478 2.03944e-05 -2.95462e-05 0.000567543 -0.000503086 7.10424e-05 -8.36302e-05 -0.000230609 5.12797e-05 0.000333102 0.000423933 0.00352843 0.000334867 -0.00163462 0.000395647 0.000815146 0.00192935 0.00469163 0.000132742 0.00280347 5.62716e-05 0.000252412 0.00112321 0.000907667 0.00412409 -3.3277e-05 0.00027574 0.00183507
internal_weight=96937 41533 4615 55404 50770 4634 4214 2041 1973 1908 46216 11588 10721 299 10422 312 10110 3895 1104 227 6215 173 6042 5388 1331 1278 137 4057 3137 673
internal_count=96937 41533 4615 55404 50770 4634 4214 2041 1973 1908 46216 11588 10721 299 10422 312 10110 3895 1104 227 6215 173 6042 5388 1331 1278 137 4057 3137 673
is_linear=0
shrinkage=0.05


Tree=244
num_leaves=31
num_cat=0
split_feature=14 12 14 10 14 10 2 10 11 12 2 14 12 12 4 12 13 13 12 12 2 2 13 12 11 8 13 11 11 11
split_gain=0.539006 0.605362 0.714647 0.474233 0.425771 0.389823 0.543075 0.502247 0.50566 0.609545 0.456132 0.449688 1.055 0.547681 0.859671 1.48433 0.483388 0.474362 0.436643 0.45086 0.394905 0.60085 0.486799 0.66379 0.385797 0.383149 0.361791 0.471411 0.556445 0.389843
threshold=2.214016318150803 5.1016967195759895 2.0439602148248484 6.678616393175564 0.013517528708567098 6.3549855041068239 12.500000000000002 6.3950671084078259 1.6139254119302333 1.7941351180353482 14.500000000000002 0.079833095026609027 0.14561919094659626 0.017094184078422146 9.5000000000000018 0.014832145907619042 0.087291263395237101 0.016668486383877724 2.1877790537261439 2.5525349097281964 27.500000000000004 21.500000000000004 0.1134940027656537 0.88633335334409069 0.019595646389531509 2.5000000000000004 2.9314132602403169 3.3619682843963106 2.6655016853320763 1.4524321949659302
decision_type=2 2 2 2 2 2 2 2 2 2 2 2 2 2 2 2 2 2 2 2 2 2 2 2 2 2 2 2 2 2
left_child=1 3 -3 5 -5 6 -1 8 -7 -10 -8 12 13 14 15 -9 -13 -16 20 -20 21 -12 -23 -24 -22 -11 -6 28 29 -28
right_child=-2 2 -4 4 26 7 10 11 9 25 18 16 -14 -15 17 -17 -18 -19 19 -21 24 22 23 -25 -26 -27 27 -29 -30 -31
leaf_value=-4.9563584145335211e-05 -0.0011748395050106884 -0.00033929767114999882 0.034978179694776242 -1.8890412915797072e-05 2.9213148925767165e-06 -0.00020105059123217827 0.0032457777525756746 -6.0909331750106562e-05 0.019821820615977065 0.0076446313273406015 -0.00020657889824835754 -0.00063865898727680725 0.00078732104610191277 -3.9624886228385665e-05 1.9256542063498414e-05 0.00014056138562596924 -0.00053045749601715727 -0.00010862968131769064 0.0059472665942997957 0.0042744302528115521 1.4648187380720321e-05 -5.3304345592017707e-05 0.0032717371055368165 -0.0020378606347463096 -0.00074690142791729698 -0.013843958621505309 0.006505441619199275 -0.0038539999901303365 0.011482522038285762 0.00059697081837912255
leaf_weight=941 7210 65 44 1429 81089 589 68 59 42 44 111 84 46 433 68 66 3348 45 43 58 50 48 73 40 115 120 98 128 43 172
leaf_count=941 7210 65 44 1429 81089 589 68 59 42 44 111 84 46 433 68 66 3348 45 43 58 50 48 73 40 115 120 98 128 43 172
internal_value=-4.18018e-05 -8.31973e-06 0.0037156 -1.28575e-05 1.93457e-05 -0.000424435 0.00026826 -0.000641182 -0.00179245 0.000339805 0.00143564 -0.000420584 0.000718269 0.000216094 0.00214286 0.005 -0.000658509 -0.0010177 0.000947954 0.00391089 0.000263157 0.00143382 0.00338509 0.00517699 -0.00166667 -0.00103659 3.4342e-05 0.00146258 0.00250799 0.00166667
internal_weight=96769 89559 109 89450 82959 6491 1547 4944 795 206 606 4149 717 671 238 125 3432 113 538 101 437 272 161 113 165 164 81530 441 313 270
internal_count=96769 89559 109 89450 82959 6491 1547 4944 795 206 606 4149 717 671 238 125 3432 113 538 101 437 272 161 113 165 164 81530 441 313 270
is_linear=0
shrinkage=0.05


Tree=245
num_leaves=31
num_cat=0
split_feature=2 1 14 13 9 14 13 8 1 10 9 1 10 2 14 9 10 13 8 13 12 0 12 12 0 8 14 10 14 13
split_gain=0.478584 1.11918 0.596413 0.494536 0.587121 0.604636 0.518771 0.460691 0.511392 0.409242 0.446262 0.463486 0.396104 0.405056 0.454228 0.389542 0.465207 1.01053 0.50584 0.351194 0.341615 0.331582 0.473416 0.410025 0.406908 0.326756 0.524546 0.502187 0.469694 1.50853
threshold=5.5000000000000009 1.5000000000000002 0.015435897532715202 0.57051563843242903 7.1961919126441538 0.44206302601010677 1.6155169693056084 3.5000000000000004 1.0000000180025095e-35 7.719055778108336 8.3638838932584836 3.5000000000000004 8.9497017820357705 29.500000000000004 0.019392261370377317 7.7672331243730399 7.2991424289081417 1.3971976855270074 1.5000000000000002 1.4188394292409696 0.010856347883850983 3.5000000000000004 0.014622045854339181 0.01598954819888251 4.5000000000000009 2.5000000000000004 2.0287922379007273 7.5544603178441792 1.9004715023551899 2.1009979172959063
decision_type=2 2 2 2 2 2 2 2 2 2 2 2 2 2 2 2 2 2 2 2 2 2 2 2 2 2 2 2 2 2
left_child=1 3 9 4 -1 -6 15 -8 -9 10 11 -3 -2 14 -14 -5 17 18 -17 -18 -4 -13 -23 -24 -25 -22 27 28 -27 -30
right_child=12 2 20 6 5 -7 7 8 -10 -11 -12 21 13 -15 -16 16 19 -19 -20 -21 25 22 23 24 -26 26 -28 -29 29 -31
leaf_value=0.00018362838568362902 2.0014104057252406e-06 4.6004269300282176e-05 -0.00037953229764331703 -0.0068327371994198437 -8.0357618586114111e-05 0.0019071132886294879 -0.0020432162934735389 0.0053655859617800965 -0.0055238102839655929 -5.8200484898146123e-05 3.4030910268474371e-05 -0.00011302726254341775 1.2082601481101783e-05 0.0029794966657468256 -0.00044724681441906641 0.0033318739294363646 -0.002661532219400842 0.020081061374038492 -0.0063348405066505561 -0.010440730404486374 3.1252741192088931e-05 -9.8334419175558844e-05 9.0871116763055135e-05 3.4370691035110351e-05 -5.7929953506783255e-05 2.1244060035566083e-05 -0.0040665685096520918 -0.00011561951136870191 -0.0047293391365582256 0.013944357310537191
leaf_weight=43 73048 80 98 352 1532 204 1058 76 56 254 51 196 40 40 659 60 790 45 111 211 10861 139 44 65 83 3455 566 2428 106 60
leaf_count=43 73048 80 98 352 1532 204 1058 76 56 254 51 196 40 40 659 60 790 45 111 211 10861 139 44 65 83 3455 566 2428 106 60
internal_value=-5.37657e-05 -0.000252781 -8.00618e-05 -0.00095637 -0.000306353 -0.00044931 -0.0013755 -0.000588236 0.00219697 -0.00132676 -0.000668694 -0.00104613 8.33361e-06 -0.00114344 -0.00142346 -0.0019726 -0.00154889 0.000555554 -0.00119883 -0.002003 -1.53648e-05 -0.00158444 -0.000619337 0.000989582 -0.000270271 1.14323e-06 -0.000275889 -0.000139694 0.00023336 0.00283132
internal_weight=96811 23024 18486 4538 1779 1736 2759 1190 132 912 658 607 73787 739 699 1569 1217 216 171 1001 17574 527 331 192 148 17476 6615 6049 3621 166
internal_count=96811 23024 18486 4538 1779 1736 2759 1190 132 912 658 607 73787 739 699 1569 1217 216 171 1001 17574 527 331 192 148 17476 6615 6049 3621 166
is_linear=0
shrinkage=0.05


Tree=246
num_leaves=31
num_cat=0
split_feature=10 14 0 8 8 0 14 10 11 9 2 0 12 4 11 8 11 12 12 12 14 10 9 9 2 0 9 3 0 11
split_gain=0.355216 0.336377 0.73812 0.512697 2.43176 1.40209 1.10055 0.847416 0.790049 0.637295 0.617383 0.728092 1.73887 0.760091 0.540559 0.497011 0.557677 0.499885 0.796697 0.572741 0.580908 0.544659 0.493964 0.597997 0.598805 0.577674 0.775123 0.569743 0.486938 0.627779
threshold=8.9712685928948392 1.8197179827656431 22.500000000000004 2.5000000000000004 1.5000000000000002 15.500000000000002 2.194209813763786 6.3950671084078259 4.3598454606994954 7.9412288308423822 4.5000000000000009 14.500000000000002 1.2094716214639416 9.5000000000000018 3.7553789038118102 1.0000000180025095e-35 3.6627829982867177 1.5596605137936936 1.7269930721847415 1.2094716214639416 1.912899923443302 7.6355453444668893 8.0292358163665423 8.049626465811679 8.5000000000000018 17.500000000000004 7.0608597345663666 1.0000000180025095e-35 12.500000000000002 3.8547777300917869
decision_type=2 2 2 2 2 2 2 2 2 2 2 2 2 2 2 2 2 2 2 2 2 2 2 2 2 2 2 2 2 2
left_child=1 -1 3 4 5 -3 10 -7 9 -8 -6 13 -13 -12 -11 -9 17 19 21 20 -17 -19 25 24 -24 26 27 -5 -28 -30
right_child=-2 2 -4 22 6 7 8 15 -10 14 11 12 -14 -15 -16 16 -18 18 -20 -21 -22 -23 23 -25 -26 -27 28 -29 29 -31
leaf_value=2.5778665000024441e-06 -0.00019205074963627149 -0.0081058609557503498 -0.017730728324497045 0.011828924611283015 -0.00081521579674735884 0.0075166399184819965 0.041866863419570258 0.00033191744707022344 -0.0070703613841805561 0.0035292775746068386 -0.0004404836207577973 0.0052127946006993962 0.025530321335770989 0.025906856706861037 0.027425509550092143 0.0073910648544654638 -0.0071992288911790067 0.0071003797291916667 -0.0009177243768055416 -0.0089308381374799909 -0.0064228681103137598 0.00017007775597601763 0.014595800637313739 -0.00045867736871725844 -0.0025987990837168851 -0.0072114640308294552 -0.0058120100809456263 -0.00013807825923076373 -0.0014123492458053206 0.014058755543084106
leaf_weight=78280 494 596 80 65 48 203 52 6162 145 504 65 44 43 43 69 98 373 105 2040 364 237 80 47 3459 58 1026 393 62 1214 157
leaf_count=78280 494 596 80 65 48 203 52 6162 145 504 65 44 43 43 69 98 373 105 2040 364 237 80 47 3459 58 1026 393 62 1214 157
internal_value=-1.89441e-05 -1.20704e-05 -0.000208054 -0.000186459 1.72998e-05 -0.000213493 0.00235439 -6.831e-05 0.00142857 0.0022 0.00528806 0.00653846 0.00994253 0.0037963 0.00171902 -0.000136908 -0.000632394 -0.000400138 -3.37091e-05 -0.00156652 -7.46281e-05 0.00310811 -0.000540813 -0.000145905 0.00357143 -0.00102331 -0.000505025 0.00326772 -0.000776645 -0.000331876
internal_weight=96606 96112 17832 17752 11271 10258 1013 9662 770 625 243 195 87 108 573 9459 3297 2924 2225 699 335 185 6481 3564 105 2917 1891 127 1764 1371
internal_count=96606 96112 17832 17752 11271 10258 1013 9662 770 625 243 195 87 108 573 9459 3297 2924 2225 699 335 185 6481 3564 105 2917 1891 127 1764 1371
is_linear=0
shrinkage=0.05


Tree=247
num_leaves=31
num_cat=0
split_feature=1 1 14 12 13 11 0 14 13 12 13 11 13 13 10 11 13 11 2 10 13 12 12 13 9 4 14 13 9 2
split_gain=0.397871 0.47684 1.04582 1.60818 0.837069 1.00085 0.645535 0.626739 0.870864 0.69022 0.60733 0.623427 1.06887 0.689248 1.40287 0.699727 0.617166 0.589655 0.583764 0.793445 0.731678 0.632395 1.17028 0.70799 0.575067 0.56774 0.56703 0.564307 0.810878 0.550661
threshold=5.5000000000000009 3.5000000000000004 0.96754055282421392 0.11695012343445631 0.97267289174317051 0.27023824020987602 12.500000000000002 1.8197179827656431 2.5319308328611312 4.1612021925986946 0.016668486383877724 0.028654021313596716 0.039333188216560365 0.025591243527251378 7.3326074224938536 0.034823056712642499 0.019618491168703494 0.77676767660897428 8.5000000000000018 7.9960927129052788 0.044898928177376569 0.24533744914098818 0.3066224417723053 0.74060853787073677 8.4516163389667476 9.5000000000000018 1.7142594256379193 0.52845420064300097 7.9232878452497006 8.5000000000000018
decision_type=2 2 2 2 2 2 2 2 2 2 2 2 2 2 2 2 2 2 2 2 2 2 2 2 2 2 2 2 2 2
left_child=1 -1 3 10 5 18 -4 8 25 -9 24 27 13 15 -15 16 -13 -7 19 20 -5 23 -23 -20 -3 -8 -10 28 -12 -26
right_child=-2 2 6 4 -6 17 7 9 26 -11 11 12 -14 14 -16 -17 -18 -19 21 -21 -22 22 -24 -25 29 -27 -28 -29 -30 -31
leaf_value=1.1844018819358287e-06 3.2162693690677093e-05 -4.3896158947447653e-05 -0.0021666096343570139 0.00016578696058910534 0.0039765602534017619 -0.00029386046272765785 -0.0015611731558888935 -0.0045937971511086917 -0.00018731063827558776 0.0070882524093097907 -5.8571609763585204e-05 3.3806875007028898e-05 -0.00026759344414785781 -9.845701473408927e-05 0.00015184390618194719 -0.00010409043802468216 -7.4918006858871086e-05 0.00054527865548300127 0.0002843091667194849 -0.00036503545601743572 0.00017323865285898176 0.0028033579693159841 -3.2371701063531669e-07 -0.0013398266197095453 -5.6593314624016305e-05 0.0001559410276966902 0.014750393148481103 -0.002106851037477985 5.0111683339721046e-05 1.9159468762889298e-05
leaf_weight=55210 13816 1682 2217 50 502 1958 4250 2316 52 60 1001 41 1093 59 77 96 42 1967 1003 241 924 72 59 76 276 4134 49 489 2438 376
leaf_count=55210 13816 1682 2217 50 502 1958 4250 2316 52 60 1001 41 1093 59 77 96 42 1967 1003 241 924 72 59 76 276 4134 49 489 2438 376
internal_value=-3.3429e-05 -7.48714e-05 -0.000244566 4.75129e-05 0.000604202 0.000448818 -0.000568896 -0.000410184 -0.000209194 -0.00112795 -0.000449806 -0.000155548 -0.00105824 0.00150794 0.00419118 -0.000530727 0.00283132 -4.45872e-05 0.00124742 0.00047325 0.00110883 0.00202479 0.00530534 0.0016265 -0.00112254 -0.000264791 0.00440594 0.000168023 0.000394009 0.000138036
internal_weight=96626 82810 27600 14522 6852 6350 13078 10861 8485 2376 7670 5336 1408 315 136 179 83 3925 2425 1215 974 1210 131 1079 2334 8384 101 3928 3439 652
internal_count=96626 82810 27600 14522 6852 6350 13078 10861 8485 2376 7670 5336 1408 315 136 179 83 3925 2425 1215 974 1210 131 1079 2334 8384 101 3928 3439 652
is_linear=0
shrinkage=0.05


Tree=248
num_leaves=31
num_cat=0
split_feature=9 9 14 1 7 14 11 13 11 9 13 11 9 0 12 14 1 14 1 2 13 14 9 11 11 12 9 14 14 8
split_gain=0.470462 0.462703 0.825402 0.394896 0.46132 0.922307 0.52825 0.546727 1.20543 0.456202 0.440201 0.551956 0.541888 0.453647 0.731233 2.92817 0.914336 0.699035 0.873873 0.788029 0.913359 0.871278 0.943656 0.632145 0.892713 0.547108 0.756549 0.794998 0.779057 0.650266
threshold=9.6570687150541854 9.6408392176726938 1.7451389203567496 5.5000000000000009 1.0000000180025095e-35 0.020959597967979939 0.033297531923641543 0.01803922348718923 0.024057643094045584 8.2091043087849211 1.6869046471215168 0.41251442257211318 8.3982313139252174 17.500000000000004 0.41821408167091356 1.1932275766107703 3.5000000000000004 2.1752531023704997 3.5000000000000004 5.5000000000000009 1.0185482944130884 1.8436487260493313 8.2527908074299265 0.52921889025971625 0.32870985385070511 2.7469130447725001 9.0234856047750949 1.6483436658293988 1.7874681706139648 2.5000000000000004
decision_type=2 2 2 2 2 2 2 2 2 2 2 2 2 2 2 2 2 2 2 2 2 2 2 2 2 2 2 2 2 2
left_child=1 3 -3 4 9 6 7 8 -6 -1 13 -12 -13 -11 -15 16 -16 18 19 -17 -21 22 -22 24 -24 26 28 -28 29 -25
right_child=-2 2 -4 -5 5 -7 -8 -9 -10 10 11 12 -14 14 15 17 -18 -19 -20 20 21 -23 23 25 -26 -27 27 -29 -30 -31
leaf_value=4.2937843247808697e-07 -0.00026342919877730508 4.7206739325684422e-05 0.01045462232989143 2.9164683321057812e-05 -2.5715863397679903e-05 7.9750429843727588e-05 -3.6655099158766322e-05 6.5577935057890572e-05 0.00014221048078901928 -2.3607226846880567e-05 -0.0059943493430783638 -0.0027997349466621184 -0.00040649467140936271 -0.00061093822540420181 0.016424666816187924 -0.0022524328542586126 0.0056688803922179754 -0.0084643595033012178 -0.00077294470313609353 -0.008574876575754389 -0.0054801050274335874 0.0010854421637443198 0.010451126886326609 0.010511708323346287 -0.0061756981184899074 0.0004744819944592296 0.014760411567801661 0.0092051956181827595 0.011544673115459311 0.0010139688468348723
leaf_weight=38506 365 173 40 13821 61 2826 41 62 42 27119 225 3098 5195 1651 42 282 181 216 1353 123 125 445 52 307 100 116 87 47 57 189
leaf_count=38506 365 173 40 13821 61 2826 41 62 42 27119 225 3098 5195 1651 42 282 181 216 1353 123 125 445 52 307 100 116 87 47 57 189
internal_value=-5.761e-05 -5.08388e-05 0.00227699 -5.59839e-05 -9.73991e-05 0.000507914 0.00373786 0.005 0.00276699 -0.00012048 -0.000236529 -0.00055647 -0.000490174 -0.000152654 0.000267075 0.00065556 0.00621076 0.000301514 0.000482789 0.0011658 0.00158374 0.00191803 0.00268518 0.00321989 0.000263157 0.00377958 0.00431586 0.00768657 0.00349909 0.0028629
internal_weight=96947 96582 213 96369 82548 3032 206 165 103 79516 41010 8518 8293 32492 5373 3722 223 3499 3283 1930 1648 1525 1080 955 152 803 687 134 553 496
internal_count=96947 96582 213 96369 82548 3032 206 165 103 79516 41010 8518 8293 32492 5373 3722 223 3499 3283 1930 1648 1525 1080 955 152 803 687 134 553 496
is_linear=0
shrinkage=0.05


Tree=249
num_leaves=31
num_cat=0
split_feature=10 13 14 11 11 14 12 0 9 9 11 14 14 11 13 10 4 8 14 10 8 11 14 12 0 14 11 13 13 13
split_gain=0.305596 0.322252 0.328712 0.757452 0.268638 0.531875 0.490991 0.481476 0.41115 0.572511 0.632673 0.384676 0.381831 0.367763 0.762253 0.840999 0.362359 0.359131 1.12754 0.858496 0.797815 0.779793 0.736193 1.87685 1.57141 1.51251 1.24062 0.789407 0.709568 0.67155
threshold=8.9712685928948392 0.069094771518869988 1.4515314580274434 1.2438483294612259 0.013443037622638985 0.98321410447944702 0.023429542018370841 1.5000000000000002 8.3365875429847378 7.7520708518744739 0.010196141734858633 0.18621845708737503 1.0285614451838905 0.013736085451027684 0.019618491168703494 7.6786877941015632 9.5000000000000018 1.0000000180025095e-35 0.59995196162031739 7.6218328711882934 1.5000000000000002 0.031903568509714618 0.53854056593088895 0.016174109248933727 1.0000000180025095e-35 0.8111321174248185 0.020045961608430276 0.40746890113321693 0.61323818738018654 0.15823962081731302
decision_type=2 2 2 2 2 2 2 2 2 2 2 2 2 2 2 2 2 2 2 2 2 2 2 2 2 2 2 2 2 2
left_child=4 -2 -3 -4 5 6 -1 12 9 -8 -11 -10 17 14 15 -9 -16 18 19 -6 21 22 23 27 25 26 -24 -19 -22 -21
right_child=1 2 3 -5 7 -7 8 13 11 10 -12 -13 -14 -15 16 -17 -18 20 -20 29 28 -23 24 -25 -26 -27 -28 -29 -30 -31
leaf_value=-1.9653968320123127e-05 3.8646570036627827e-05 -0.0010322116332107827 0.0039011387792596344 -0.0092665142970619827 -0.00018766076721339468 -0.0099236215849454988 -6.6989180339451114e-05 0.00014181826925475767 2.8484796296365503e-05 5.0510331195435229e-05 0.00044892532687339497 -0.002790303296071646 -0.0048679759281189524 -3.3445081380776784e-06 0.00011786563567781218 -3.2140896780356295e-06 -0.00013343852800885335 0.0043071819216184467 -0.0020837469411198631 0.00080250147121305345 0.0001910333637554605 -0.002312914885791665 0.0041819242755693929 0.0083805674312312003 -0.0015408526512371817 0.0012738118329510835 0.005637069813387705 -0.00047236405497390734 -0.0062883295238073504 0.00094529131526764187
leaf_weight=5837 64 273 49 97 867 80 106 90 162 103 121 70 115 83677 52 49 55 59 302 58 2249 67 155 102 420 389 60 125 63 546
leaf_count=5837 64 273 49 97 867 80 106 90 162 103 121 70 115 83677 52 49 55 59 302 58 2249 67 155 102 420 389 60 125 63 546
internal_value=-1.87651e-05 -0.00127329 -0.00177804 0.000136985 -1.24518e-05 -0.000323354 -0.0002727 1.00547e-05 0.00113879 0.00227273 0.00370536 -0.000474139 0.000459923 -1.98408e-05 0.00191057 0.00435252 -0.00126168 0.000519955 -6.4863e-05 0.000506457 0.000801029 0.00175381 0.0020229 0.00426573 0.00139648 0.0030298 0.00639535 0.00125 0.000233563 0.00195364
internal_weight=96462 483 419 146 95979 6479 6399 89500 562 330 224 232 5577 83923 246 139 107 5462 1773 1471 3689 1377 1310 286 1024 604 215 184 2312 604
internal_count=96462 483 419 146 95979 6479 6399 89500 562 330 224 232 5577 83923 246 139 107 5462 1773 1471 3689 1377 1310 286 1024 604 215 184 2312 604
is_linear=0
shrinkage=0.05


end of trees

feature_importances:
how4_in_ratio=1543
how4_out_ratio=945
hour=744
lag168_out_ratio=591
days_to_festival=564
lag168_in_ratio=541
dom=521
area_code=513
dow=417
log_base_out=374
log_base_in=362
after_festival=229
is_payday=74
is_haat=66
in_festival=16

parameters:
[boosting: gbdt]
[objective: quantile]
[metric: quantile]
[tree_learner: serial]
[device_type: cpu]
[data_sample_strategy: bagging]
[data: ]
[valid: ]
[num_iterations: 250]
[learning_rate: 0.05]
[num_leaves: 31]
[num_threads: 1]
[seed: 42]
[deterministic: 0]
[force_col_wise: 0]
[force_row_wise: 0]
[histogram_pool_size: -1]
[max_depth: -1]
[min_data_in_leaf: 40]
[min_sum_hessian_in_leaf: 0.001]
[bagging_fraction: 0.8]
[pos_bagging_fraction: 1]
[neg_bagging_fraction: 1]
[bagging_freq: 1]
[bagging_seed: 400]
[bagging_by_query: 0]
[feature_fraction: 0.9]
[feature_fraction_bynode: 1]
[feature_fraction_seed: 30056]
[extra_trees: 0]
[extra_seed: 12879]
[early_stopping_round: 0]
[early_stopping_min_delta: 0]
[first_metric_only: 0]
[max_delta_step: 0]
[lambda_l1: 0]
[lambda_l2: 0]
[linear_lambda: 0]
[min_gain_to_split: 0]
[drop_rate: 0.1]
[max_drop: 50]
[skip_drop: 0.5]
[xgboost_dart_mode: 0]
[uniform_drop: 0]
[drop_seed: 17869]
[top_rate: 0.2]
[other_rate: 0.1]
[min_data_per_group: 100]
[max_cat_threshold: 32]
[cat_l2: 10]
[cat_smooth: 10]
[max_cat_to_onehot: 4]
[top_k: 20]
[monotone_constraints: ]
[monotone_constraints_method: basic]
[monotone_penalty: 0]
[feature_contri: ]
[forcedsplits_filename: ]
[refit_decay_rate: 0.9]
[cegb_tradeoff: 1]
[cegb_penalty_split: 0]
[cegb_penalty_feature_lazy: ]
[cegb_penalty_feature_coupled: ]
[path_smooth: 0]
[interaction_constraints: ]
[verbosity: -1]
[saved_feature_importance_type: 0]
[use_quantized_grad: 0]
[num_grad_quant_bins: 4]
[quant_train_renew_leaf: 0]
[stochastic_rounding: 1]
[linear_tree: 0]
[max_bin: 255]
[max_bin_by_feature: ]
[min_data_in_bin: 3]
[bin_construct_sample_cnt: 200000]
[data_random_seed: 175]
[is_enable_sparse: 1]
[enable_bundle: 1]
[use_missing: 1]
[zero_as_missing: 0]
[feature_pre_filter: 1]
[pre_partition: 0]
[two_round: 0]
[header: 0]
[label_column: ]
[weight_column: ]
[group_column: ]
[ignore_column: ]
[categorical_feature: ]
[forcedbins_filename: ]
[precise_float_parser: 0]
[parser_config_file: ]
[objective_seed: 16083]
[num_class: 1]
[is_unbalance: 0]
[scale_pos_weight: 1]
[sigmoid: 1]
[boost_from_average: 1]
[reg_sqrt: 0]
[alpha: 0.9]
[fair_c: 1]
[poisson_max_delta_step: 0.7]
[tweedie_variance_power: 1.5]
[lambdarank_truncation_level: 30]
[lambdarank_norm: 1]
[label_gain: ]
[lambdarank_position_bias_regularization: 0]
[eval_at: ]
[multi_error_top_k: 1]
[auc_mu_weights: ]
[num_machines: 1]
[local_listen_port: 12400]
[time_out: 120]
[machine_list_filename: ]
[machines: ]
[gpu_platform_id: -1]
[gpu_device_id: -1]
[gpu_device_id_list: ]
[gpu_use_dp: 0]
[num_gpu: 1]

end of parameters

pandas_categorical:[]
