tree
version=v4
num_class=1
num_tree_per_iteration=1
label_index=0
max_feature_idx=14
objective=quantile
feature_names=hour dow dom is_payday days_to_festival in_festival after_festival is_haat area_code log_base_out log_base_in lag168_out_ratio how4_out_ratio lag168_in_ratio how4_in_ratio
feature_infos=[0:23] [0:6] [1:30] [0:1] [0:10] [0:1] [0:1] [0:1] [0:4] [6.9096493174915565:9.8165818517807502] [6.1572879067910398:8.9953406527916453] [0.0039056496306810479:19.896346733934273] [0.0085488031675565422:7.9187306684296273] [0.0057229155075113258:7.6057398984615041] [0.0083442188966757237:4.5834211502782933]
tree_sizes=2854 2972 2979 2995 2993 2977 3007 2998 3015 2992 3000 3013 2991 3020 2981 3015 3026 3034 3018 3032 3032 3054 3046 3032 3033 3040 3029 3032 3032 3031 3028 3025 3045 3067 3028 3053 3026 3035 3056 3040 3055 3049 3062 3044 3034 3059 3048 3063 3033 3039 3052 3042 3031 3050 3051 3055 3034 3067 3056 3051 3033 3055 3083 3053 3040 3087 3058 3082 3063 3068 3083 3070 3067 3076 3059 3079 3071 3076 3081 3070 3066 3075 3055 3060 3073 3067 3082 3089 3060 3086 3065 3085 3066 3069 3105 3041 3091 3083 3052 3077 3077 3089 3074 3064 3072 3059 3085 3096 3054 3096 3055 3053 3070 3081 3058 3067 3085 3067 3079 3037 3084 3090 3032 3058 3071 3059 3057 3054 3072 3040 3022 3095 3046 3053 3067 3098 3040 3051 3079 3079 3064 3081 3033 3064 3032 3008 3043 3064 3019 3062 3052 3024 3060 3013 3026 3058 3074 3052 3022 3048 3044 3050 3062 3043 3047 3086 3046 3002 3047 3015 3035 3015 3021 3062 3044 2999 3016 3023 3006 3037 3050 2999 3024 3048 3005 2980 3015 3008 2911 2973 2983 2974 3018 3040 2956 3007 2976 3016 3029 2977 2963 3042 2960 2991 2966 2961 2978 3030 2952 2945 3010 2973 2970 3015 3066 3005 2961 2996 2991 3016 2993 2946 2983 2984 2989 2945 2985 2934 2966 3000 2967 3016 2964 2958 3004 2988 3032 2970 3033 2962 2946 3004 3004 3000 2964 2975 2927 3036 2938 3001

Tree=0
num_leaves=31
num_cat=0
split_feature=12 12 12 4 6 12 6 3 4 3 12 12 12 3 4 12 12 14 2 14 11 12 14 2 1 12 4 8 2 8
split_gain=17923.6 561.416 374.214 347.856 338.973 222.147 215.896 136.062 115.525 222.085 64.7719 44.5978 43.2421 27.868 37.8852 23.6396 18.0776 16.5355 16.3338 14.8741 14.3553 13.5237 13.3916 12.678 11.8358 11.0648 30.4791 10.8334 10.5971 9.73987
threshold=0.6646058647154115 1.0589607478781462 0.36299386945380935 1.0000000180025095e-35 1.0000000180025095e-35 1.7432444020016746 1.0000000180025095e-35 1.0000000180025095e-35 1.0000000180025095e-35 1.0000000180025095e-35 0.84777217278175254 0.48938776846765614 1.3040386106145412 1.0000000180025095e-35 2.5000000000000004 2.2088749738977822 0.80777029362974762 0.20757583040822872 23.500000000000004 1.7343742541738503 0.48293436127605976 1.5100280716235479 0.52496091453661553 24.500000000000004 1.5000000000000002 0.2941640170233652 1.0000000180025095e-35 1.5000000000000002 23.500000000000004 1.0000000180025095e-35
decision_type=2 2 2 2 2 2 2 2 2 2 2 2 2 2 2 2 2 2 2 2 2 2 2 2 2 2 2 2 2 2
left_child=2 6 25 17 12 21 8 -5 -2 10 23 19 13 14 -3 -7 -11 -4 -16 -9 -13 -6 -12 -10 -23 -1 29 -19 -24 -27
right_child=1 4 3 7 5 15 -8 11 9 16 22 20 -14 -15 18 -17 -18 27 -20 -21 -22 24 28 -25 -26 26 -28 -29 -30 -31
leaf_value=0.68705285219475631 0.76936784386634827 0.78728416562080383 0.71978381276130676 0.70337578356266017 0.71376009881496427 0.72762718796730042 0.70547788068652151 0.71167636811733248 0.71725486218929291 0.7306826531887054 0.71858694851398464 0.71827869713306425 0.79614608287811284 0.76096904277801514 0.73439248502254484 0.74159508943557739 0.74328442215919499 0.73908588290214539 0.72448368966579435 0.7233927503228188 0.72408442646265025 0.72487374246120451 0.72621260583400726 0.70958677679300308 0.71639733016490936 0.7290954247117043 0.7006271630525589 0.72905508279800413 0.72116121053695681 0.71437001526355748
leaf_weight=36627 1160 1176 111 3555 738 681 522 1051 1169 1027 321 853 34801 2020 1657 1383 1708 548 488 84 570 127 1179 234 232 74 1617 413 297 222
leaf_count=36627 1160 1176 111 3555 738 681 522 1051 1169 1027 321 853 34801 2020 1657 1383 1708 548 488 84 570 127 1179 234 232 74 1617 413 297 222
internal_value=0.721722 0.742126 0.698999 0.709475 0.744328 0.728564 0.729608 0.704868 0.731891 0.729071 0.720129 0.713662 0.74557 0.741381 0.738564 0.738227 0.739533 0.735747 0.73461 0.706269 0.719558 0.710382 0.726415 0.712078 0.718342 0.697046 0.700753 0.737857 0.728428 0.715504
internal_weight=96645 50920 45725 7185 43303 3161 7617 6113 7095 5935 3200 2558 40142 5341 3321 2064 2735 1072 2145 1135 1423 1097 1797 1403 359 38540 1913 961 1476 296
internal_count=96645 50920 45725 7185 43303 3161 7617 6113 7095 5935 3200 2558 40142 5341 3321 2064 2735 1072 2145 1135 1423 1097 1797 1403 359 38540 1913 961 1476 296
is_linear=0
shrinkage=1


Tree=1
num_leaves=31
num_cat=0
split_feature=12 12 12 4 6 6 12 3 4 3 12 12 12 3 4 12 14 12 4 12 8 8 2 1 1 1 2 14 12 12
split_gain=17554 499.24 443.832 335.244 292.006 257.108 180.691 151.15 110.49 215.618 70.896 38.4384 38.1036 27.7773 33.1685 21.3247 20.5566 20.4792 46.7061 18.1574 16.8289 16.5954 16.5209 14.5867 14.2789 13.8288 11.8414 11.4838 11.3005 9.2991
threshold=0.68367058472598952 1.144642841892302 0.39007067860011652 1.0000000180025095e-35 1.0000000180025095e-35 1.0000000180025095e-35 1.8790805478572115 1.0000000180025095e-35 1.0000000180025095e-35 1.0000000180025095e-35 0.84777217278175254 0.55415891551107666 1.5260017570108799 1.0000000180025095e-35 1.0000000180025095e-35 0.86731382346897345 1.2848189421591869 0.28214596688078336 1.0000000180025095e-35 1.5100280716235479 1.0000000180025095e-35 1.0000000180025095e-35 24.500000000000004 2.5000000000000004 3.5000000000000004 1.5000000000000002 24.500000000000004 0.1935711841940839 2.4092921713649753 1.039915470202802
decision_type=2 2 2 2 2 2 2 2 2 2 2 2 2 2 2 2 2 2 2 2 2 2 2 2 2 2 2 2 2 2
left_child=2 5 17 27 12 8 19 -5 -2 10 26 16 13 14 -3 -11 -9 -1 21 -6 24 -19 23 -12 -16 -21 -10 -4 -8 -25
right_child=1 4 3 7 6 -7 28 11 9 15 22 -13 -14 -15 20 -17 -18 18 -20 25 -22 -23 -24 29 -26 -27 -28 -29 -30 -31
leaf_value=-0.032996965697966521 0.050093196332454681 0.087336162328720102 -0.0017105326056480409 -0.016595898419618605 -0.0072560916841030113 -0.014515491686761379 0.0087880000472068797 -0.0082779288291931156 -0.003804966062307358 0.010305572450160984 0.0086951445788145069 0.00079698313027620489 0.078159514665603641 0.04465915322303772 0.012433741092681883 0.026298960149288175 -0.0014133180677890766 0.0095987394452095032 -0.019749315828084948 0.0041479960083961485 0.016470881253480913 -0.006384337849449368 -0.002251951098442079 0.00081056877970695504 0.0017992115020751933 -0.003988068550825119 -0.01067069061100483 0.013912597149610521 0.020594382286071779 0.0055580733716487892
leaf_weight=36207 1419 1415 63 3385 633 603 789 988 1065 1268 810 1000 29927 3223 429 1929 479 113 2605 214 3037 336 355 880 382 367 205 966 1068 570
leaf_count=36207 1419 1415 63 3385 633 603 789 988 1065 1268 810 1000 29927 3223 429 1929 479 113 2605 214 3037 336 355 880 382 367 205 966 1068 570
internal_value=-0.00020521 0.0201372 -0.0225077 -0.0107942 0.0224641 0.00953427 0.00762781 -0.0154221 0.0117721 0.00922056 0.00130631 -0.00600932 0.0236502 0.0206929 0.0184543 0.018838 -0.0111622 -0.0245606 -0.0206287 -0.00737232 0.0160473 -0.00573497 0.00601338 0.0075885 0.00964858 -0.000989673 -0.00838583 0.0155248 0.017434 0.00458621
internal_weight=96730 50588 46142 6881 41484 9104 3071 5852 8501 7082 3885 2467 38413 8486 5263 3197 1467 39261 3054 1214 3848 449 2615 2260 811 581 1270 1029 1857 1450
internal_count=96730 50588 46142 6881 41484 9104 3071 5852 8501 7082 3885 2467 38413 8486 5263 3197 1467 39261 3054 1214 3848 449 2615 2260 811 581 1270 1029 1857 1450
is_linear=0
shrinkage=0.05


Tree=2
num_leaves=31
num_cat=0
split_feature=12 12 12 6 4 12 6 3 4 3 12 3 4 12 12 2 12 8 14 12 8 1 2 14 12 2 12 11 2 12
split_gain=17283.1 523.812 390.294 343.489 311.847 203.312 181.209 141.569 119.178 196.088 63.6566 48.0832 61.5871 45.1595 44.9784 32.4351 19.9854 19.513 18.2026 17.5739 14.738 14.6564 18.4145 14.0433 13.7988 12.5771 11.3056 11.1352 10.3928 9.99498
threshold=0.6646058647154115 1.039915470202802 0.34771450359961475 1.0000000180025095e-35 1.0000000180025095e-35 1.7941351180353482 1.0000000180025095e-35 1.0000000180025095e-35 1.0000000180025095e-35 1.0000000180025095e-35 1.694458609628106 1.0000000180025095e-35 1.0000000180025095e-35 0.84777217278175254 0.48938776846765614 23.500000000000004 2.4092921713649753 1.0000000180025095e-35 0.20757583040822872 0.76537315468129263 1.0000000180025095e-35 3.5000000000000004 9.5000000000000018 1.6674831078000392 1.5100280716235479 23.500000000000004 1.2571163216650165 0.48293436127605976 23.500000000000004 1.2571163216650165
decision_type=2 2 2 2 2 2 2 2 2 2 2 2 2 2 2 2 2 2 2 2 2 2 2 2 2 2 2 2 2 2
left_child=2 6 -1 10 18 24 8 -6 -2 13 11 12 -3 25 23 20 -7 -17 -4 -11 21 -14 -23 -9 -5 -10 -22 -16 -15 -19
right_child=1 3 4 5 7 16 -8 14 9 19 -12 -13 15 28 27 17 -18 29 -20 -21 26 22 -24 -25 -26 -27 -28 -29 -30 -31
leaf_value=-0.031230242297286173 0.0402724239975214 0.086288605749607089 -0.002267255290993492 -0.0070664147511124605 -0.016950709305703637 0.0069132859259843811 -0.014930380130186677 -0.0091910974681377444 -0.0038368001952767353 0.0065593008454889086 0.079223603427410139 0.044047424018383026 0.012541231930255886 0.0028204058483242977 -0.002902556980028748 -0.0023442923575639736 0.020095040202140809 0.0018152889162302011 0.010705059029161929 0.017649297788739204 0.012042213356122376 -0.0035030278861522659 0.0085857970714569073 0.00074092780798673541 -0.0021036768332123759 -0.0094226273242384202 0.02094679971784353 0.0021718945121392635 -0.0029140799865126632 0.012009281337261197
leaf_weight=38135 1143 2341 135 765 3808 900 463 1177 1084 713 26405 5405 674 1251 834 236 1101 346 975 1888 1350 165 283 116 449 324 2687 574 346 763
leaf_count=38135 1143 2341 135 765 3808 900 463 1177 1084 713 26405 5405 674 1251 834 236 1101 346 975 1888 1350 165 283 116 449 324 2687 574 346 763
internal_value=-0.000300508 0.0196909 -0.0226199 0.0217438 -0.0122884 0.00601089 0.00720327 -0.0164657 0.00927915 0.00627899 0.0229879 0.0202947 0.0180243 -0.00242097 -0.00771011 0.0155212 0.0158046 0.00860595 0.0122072 0.0163303 0.0173241 0.0122549 0.00524554 -0.0144432 -0.0101318 -0.00894886 0.018733 -0.00152699 0.00333438 0.0113841
internal_weight=96836 51082 45754 43870 7619 3215 7212 6509 6749 5606 40655 14250 8845 3005 2701 6504 2001 1345 1110 2601 5159 1122 448 1293 1214 1408 4037 1408 1597 1109
internal_count=96836 51082 45754 43870 7619 3215 7212 6509 6749 5606 40655 14250 8845 3005 2701 6504 2001 1345 1110 2601 5159 1122 448 1293 1214 1408 4037 1408 1597 1109
is_linear=0
shrinkage=0.05


Tree=3
num_leaves=31
num_cat=0
split_feature=12 12 12 4 6 6 12 3 4 3 12 12 3 4 12 8 12 4 12 12 2 14 14 8 2 2 12 12 2 12
split_gain=16818.3 489.742 464.325 297.154 274.899 234.961 157.481 148.806 110.47 182.231 63.4379 50.2631 44.308 58.7473 34.9125 29.4091 28.8294 59.5499 19.2182 18.1925 17.5384 16.9249 15.5668 15.5033 15.3585 14.8343 13.9567 12.2097 10.866 10.6328
threshold=0.68367058472598952 1.144642841892302 0.39007067860011652 1.0000000180025095e-35 1.0000000180025095e-35 1.0000000180025095e-35 1.7941351180353482 1.0000000180025095e-35 1.0000000180025095e-35 1.0000000180025095e-35 0.86731382346897345 1.8967190785398451 1.0000000180025095e-35 2.5000000000000004 0.55415891551107666 1.0000000180025095e-35 0.27153305017447688 1.0000000180025095e-35 0.86731382346897345 2.2088749738977822 23.500000000000004 1.4326904105520948 0.45677519373947462 1.0000000180025095e-35 23.500000000000004 23.500000000000004 0.48938776846765614 1.5100280716235479 23.500000000000004 0.53672721155741032
decision_type=2 2 2 2 2 2 2 2 2 2 2 2 2 2 2 2 2 2 2 2 2 2 2 2 2 2 2 2 2 2
left_child=2 5 16 26 11 8 27 29 -2 10 25 12 13 -3 21 20 -1 23 -11 -8 -15 -9 -12 -18 -17 -10 -4 -6 -24 -5
right_child=1 4 3 7 6 -7 19 14 9 18 22 -13 -14 15 -16 24 17 -19 -20 -21 -22 -23 28 -25 -26 -27 -28 -29 -30 -31
leaf_value=-0.029805370431242047 0.044888252789899712 0.075936317780613896 0.0043949862267821998 -0.017114774185791611 -0.0063578533109277472 -0.013010989235993475 0.0055285711102187607 -0.0069101763504557327 -0.0028252338971942628 0.0088509294502437108 -0.0046737818811088769 0.081541343429684637 0.048747094371914858 0.0090528328955173463 0.001451877757254988 0.019917452021874484 0.0074425011001643731 -0.017811438579659444 0.023050862157344816 0.017165070086717606 -0.0007986146625131419 -0.00013852007943205292 0.0052846754726953828 -0.0052229178045352488 0.011267553558200595 -0.0085230845934711422 0.017514978840574621 -0.00094673103652894721 9.3770878203211505e-05 -0.011302812445536254
leaf_weight=35756 1412 3466 431 1881 611 593 595 1091 1093 1254 188 22287 6179 1056 973 4002 123 2919 1992 1370 272 335 1841 359 1254 334 621 459 466 1482
leaf_count=35756 1412 3466 431 1881 611 593 595 1091 1093 1254 188 22287 6179 1056 973 4002 123 2919 1992 1370 272 335 1841 359 1254 334 621 459 466 1482
internal_value=-0.000414965 0.0194366 -0.022319 -0.010273 0.021745 0.00898016 0.007257 -0.0147345 0.0110839 0.00856585 0.00131311 0.0228866 0.0207699 0.0187214 -0.00522093 0.0159478 -0.0244152 -0.0200162 0.017329 0.0156616 0.0092997 -0.0102034 0.00612224 -0.00373444 0.0176275 -0.0070953 0.0141635 -0.00817757 0.00724967 -0.021521
internal_weight=96695 50724 45971 6814 41551 9173 3035 5762 8580 7168 3922 38516 16229 10050 2399 6584 39157 3401 3246 1965 1328 1426 2495 482 5256 1427 1052 1070 2307 3363
internal_count=96695 50724 45971 6814 41551 9173 3035 5762 8580 7168 3922 38516 16229 10050 2399 6584 39157 3401 3246 1965 1328 1426 2495 482 5256 1427 1052 1070 2307 3363
is_linear=0
shrinkage=0.05


Tree=4
num_leaves=31
num_cat=0
split_feature=12 12 12 4 6 6 3 12 4 3 12 12 3 4 12 8 12 14 12 4 2 2 1 14 12 14 0 1 12 2
split_gain=16413.1 516.36 409.018 273.472 272.728 267.839 135.302 133.913 127.861 202.059 84.6541 42.6411 45.7616 58.5899 37.6028 34.5366 23.2381 20.3317 17.2681 37.5751 16.398 15.7084 15.6145 14.3643 14.154 13.0158 12.938 12.5784 11.5294 10.7785
threshold=0.6646058647154115 1.1928464110842623 0.36299386945380935 1.0000000180025095e-35 1.0000000180025095e-35 1.0000000180025095e-35 1.0000000180025095e-35 1.8790805478572115 1.0000000180025095e-35 1.0000000180025095e-35 0.86731382346897345 2.0652008422460999 1.0000000180025095e-35 1.0000000180025095e-35 0.48938776846765614 1.0000000180025095e-35 0.94265681857819605 0.52496091453661553 0.27153305017447688 1.0000000180025095e-35 23.500000000000004 23.500000000000004 1.5000000000000002 0.20042166693570657 2.4306248239214576 1.7343742541738503 22.500000000000004 3.5000000000000004 1.5100280716235479 24.500000000000004
decision_type=2 2 2 2 2 2 2 2 2 2 2 2 2 2 2 2 2 2 2 2 2 2 2 2 2 2 2 2 2 2
left_child=2 5 18 23 11 8 -5 22 -2 10 20 12 13 -3 25 21 26 -12 -1 -20 -10 -15 28 -4 -9 -8 -11 -19 -6 -17
right_child=1 4 3 6 7 -7 14 24 9 16 17 -13 -14 15 -16 29 -18 27 19 -21 -22 -23 -24 -25 -26 -27 -28 -29 -30 -31
leaf_value=-0.02831483569112199 0.043662047552559528 0.099697531057447192 -0.0031584165625262589 -0.014948254832085218 -0.0036612480508722346 -0.012044390627960672 -0.0081678703465173034 0.0071631575335748465 -0.0030265535340644415 0.010925097610242669 -0.0024701194263366008 0.083357649747580295 0.050939526740759612 0.010044090673625465 -0.00099573123712557994 0.020651203612126412 0.024832177482470866 0.0083748705125739793 -0.0034661125629596116 -0.017222254989815989 -0.008343757472583091 0.00061387468485161198 -0.0055620062326826149 0.010423158501479771 0.018699585442245006 0.0017334532526670943 -0.0027051480157300801 0.0026641629354818733 0.0049341683886013959 0.011870437314845614
leaf_weight=35683 1649 2938 92 3625 196 694 1082 796 1186 1829 396 18930 7002 1300 1419 5646 1854 1111 395 2283 386 351 740 974 1067 91 104 1422 217 1018
leaf_count=35683 1649 2938 92 3625 196 694 1082 796 1186 1829 396 18930 7002 1300 1419 5646 1854 1111 395 2283 386 351 740 974 1067 91 104 1422 217 1018
internal_value=-0.000677371 0.0188651 -0.0224411 -0.0115783 0.0214566 0.00906547 -0.0155903 0.00699602 0.0111628 0.00863296 0.0014719 0.0226294 0.0209052 0.0189305 -0.00686728 0.0167859 0.0171442 0.00649539 -0.0245034 -0.0206311 -0.00788804 0.0103119 -0.00639636 0.0118199 0.0152845 -0.013491 0.0133083 0.00814252 0.00139225 0.0183899
internal_weight=96476 50832 45644 7283 40201 10631 6217 3016 9937 8288 4501 37185 18255 11253 2592 8315 3787 2929 38361 2678 1572 1651 1153 1066 1863 1173 1933 2533 413 6664
internal_count=96476 50832 45644 7283 40201 10631 6217 3016 9937 8288 4501 37185 18255 11253 2592 8315 3787 2929 38361 2678 1572 1651 1153 1066 1863 1173 1933 2533 413 6664
is_linear=0
shrinkage=0.05


Tree=5
num_leaves=31
num_cat=0
split_feature=12 12 12 4 4 3 3 2 12 3 2 2 2 12 12 0 12 12 12 8 2 2 14 12 12 11 8 12 4 8
split_gain=16074 619.963 325.449 247.858 164.541 248.144 123.157 215.775 178.725 112.454 76.4645 72.1885 46.2491 67.9301 42.7294 32.2305 27.1551 24.368 21.075 19.1368 17.6995 15.1654 14.9757 14.215 14.035 13.4406 12.0823 11.2711 36.5844 10.6564
threshold=0.62800667330029813 1.0589607478781462 0.33449836375219416 1.0000000180025095e-35 1.0000000180025095e-35 1.0000000180025095e-35 1.0000000180025095e-35 20.500000000000004 1.8790805478572115 1.0000000180025095e-35 20.500000000000004 23.500000000000004 14.500000000000002 1.7941351180353482 0.78721326236926303 7.5000000000000009 2.5525349097281964 0.74401127841374592 1.6606061988069836 1.0000000180025095e-35 23.500000000000004 4.5000000000000009 1.2340644875082172 1.2880618422925456 0.88633335334409069 2.3319015350661836 1.0000000180025095e-35 0.21195280718300627 1.0000000180025095e-35 1.5000000000000002
decision_type=2 2 2 2 2 2 2 2 2 2 2 2 2 2 2 2 2 2 2 2 2 2 2 2 2 2 2 2 2 2
left_child=2 4 27 22 -2 10 7 12 11 -5 14 18 13 23 -6 -11 26 -7 -9 -13 -12 -17 29 -3 -22 -20 -10 -1 -29 -4
right_child=1 6 3 9 5 17 -8 8 16 15 20 19 -14 -15 -16 21 -18 -19 25 -21 24 -23 -24 -25 -26 -27 -28 28 -30 -31
leaf_value=-0.027037542644127589 0.032635407009839079 0.0093594434138208147 0.0068949626387646351 -0.015319899235450664 -0.0047203049419373283 0.0039854173231543997 0.070278229136116796 -0.005402067326373417 0.0055768925138786401 -0.012837930933597265 -0.012931092130479632 -0.0015737573545156092 0.12315586389983446 0.04229079803955741 0.0020173646182488902 -0.0056814534934952372 0.029988284725792704 0.014728239729929704 0.005063562073954384 0.0090577832071307377 -0.0075741677631100185 -0.0013305428851091983 0.012059040665774602 0.016877420425895601 -0.0010135468779437385 -0.0049089493020726353 0.0141878729989808 -0.0059465501040065101 -0.017545260819777232 -0.00064129231804973543
leaf_weight=32835 1284 1822 369 3572 980 831 15502 948 467 339 567 286 5938 8752 1786 1203 2371 2133 208 1401 462 1001 395 3922 318 144 1597 655 4294 338
leaf_count=32835 1284 1822 369 3572 980 831 15502 948 467 339 567 286 5938 8752 1786 1203 2371 2133 208 1401 462 1001 395 3922 318 144 1597 655 4294 338
internal_value=-0.000857113 0.0181563 -0.0227089 -0.0129798 0.00569011 0.00270242 0.0205602 0.0185723 0.0112705 -0.0169133 -0.00524556 0.0018162 0.0212244 0.019702 -0.000488069 -0.00887731 0.0176381 0.0137314 -0.00703846 0.0086396 -0.0150148 -0.00666969 0.00884755 0.015477 -0.0101282 0.00340909 0.0134448 -0.0245673 -0.0223429 0.00449081
internal_weight=96720 51719 45001 7217 8361 7077 43358 27856 7422 6115 4113 2987 20434 14496 2766 2543 4435 2964 1300 1687 1347 2204 1102 5744 780 352 2064 37784 4949 707
internal_count=96720 51719 45001 7217 8361 7077 43358 27856 7422 6115 4113 2987 20434 14496 2766 2543 4435 2964 1300 1687 1347 2204 1102 5744 780 352 2064 37784 4949 707
is_linear=0
shrinkage=0.05


Tree=6
num_leaves=31
num_cat=0
split_feature=12 12 6 12 4 6 12 3 4 3 4 3 12 12 3 4 8 14 14 2 12 12 4 11 12 8 1 1 2 12
split_gain=15685.5 594.048 330.676 327.497 222.4 186.484 156.39 109.562 85.7317 124.081 64.751 92.1598 64.2104 36.8391 40.5621 55.6608 36.2701 35.8789 30.9346 26.4632 18.2996 16.8173 45.9792 15.666 14.9108 16.4562 14.6562 11.8304 11.5859 11.2891
threshold=0.62800667330029813 1.3677312072546379 1.0000000180025095e-35 0.34771450359961475 1.0000000180025095e-35 1.0000000180025095e-35 0.80777029362974762 1.0000000180025095e-35 1.0000000180025095e-35 1.0000000180025095e-35 1.0000000180025095e-35 1.0000000180025095e-35 1.8790805478572115 2.2088749738977822 1.0000000180025095e-35 1.0000000180025095e-35 1.0000000180025095e-35 0.52496091453661553 0.20042166693570657 23.500000000000004 1.039915470202802 0.24533744914098818 1.0000000180025095e-35 0.43839986880256293 0.46109249075020248 1.0000000180025095e-35 1.5000000000000002 3.5000000000000004 24.500000000000004 3.2481109671717454
decision_type=2 2 2 2 2 2 2 2 2 2 2 2 2 2 2 2 2 2 2 2 2 2 2 2 2 2 2 2 2 2
left_child=3 2 6 21 24 13 10 -6 -8 17 -2 -12 26 14 15 -3 28 -10 -9 20 -19 -1 -23 27 25 -5 -7 -20 -17 -14
right_child=1 5 -4 4 7 12 8 18 9 -11 11 -13 29 -15 -16 16 -18 19 23 -21 -22 22 -24 -25 -26 -27 -28 -29 -30 -31
leaf_value=-0.025608139892503781 0.018173790686019365 0.1014373821431946 -0.0097659290996361704 0.011253079711655546 -0.014343805066045247 0.0029206528223199302 0.048101337096402165 -0.011714637684645514 -0.0024217455924086251 0.021706972591041859 -0.0054491853977045035 0.0047144096174551236 0.0092267936294755833 0.080221440651298964 0.051826510989571743 0.010422200220337323 0.020438884199236375 0.0025114788345011576 -0.0030964692583839715 0.00039898099025252598 0.0097784030907621649 -0.0037318404732961889 -0.015823100826701963 -0.00010177559472891452 0.011529665876320606 -0.0018463297194577844 -0.0042063089622291277 -0.0074555937503590578 -8.4937128939155404e-05 0.023038744232388955
leaf_weight=34815 493 2681 1022 143 3396 288 1902 333 570 4204 1448 1270 1507 16542 6488 1274 6222 1207 856 894 2504 454 2947 789 568 319 538 463 255 366
leaf_count=34815 493 2681 1022 143 3396 288 1902 333 570 4204 1448 1270 1507 16542 6488 1274 6222 1207 856 894 2504 454 2947 789 568 319 538 463 255 366
internal_value=-0.0010857 0.0177179 0.00953332 -0.0226388 -0.0125856 0.0212294 0.0114718 -0.0163654 0.014243 0.0122801 0.00173622 -0.00128771 0.00858651 0.0222491 0.0206087 0.0186781 0.0165301 0.00709662 -0.00828554 0.00856135 0.0104217 -0.0244453 -0.0210894 -0.00604839 0.00883495 0.0021645 -0.00302663 -0.00938211 0.00963048 0.013708
internal_weight=96758 51675 15514 45083 6867 36161 14492 5837 11281 9379 3211 2718 2699 33462 16920 10432 7751 5175 2441 4605 3711 38216 3401 2108 1030 462 826 1319 1529 1873
internal_count=96758 51675 15514 45083 6867 36161 14492 5837 11281 9379 3211 2718 2699 33462 16920 10432 7751 5175 2441 4605 3711 38216 3401 2108 1030 462 826 1319 1529 1873
is_linear=0
shrinkage=0.05


Tree=7
num_leaves=31
num_cat=0
split_feature=12 12 12 6 4 6 4 3 12 3 12 12 3 4 0 8 12 3 4 12 8 12 8 11 12 2 2 1 2 12
split_gain=15261.1 573.596 341.047 267.072 231.158 202.933 123.236 153.506 117.256 106.862 72.8635 68.5057 45.8158 92.6053 29.7087 27.6218 22.4998 21.8967 20.9754 28.7547 20.9697 19.2535 19.7529 19.1745 18.6478 16.5259 14.25 13.4879 12.1417 11.1065
threshold=0.62800667330029813 1.127708237104577 0.3197795857231292 1.0000000180025095e-35 1.0000000180025095e-35 1.0000000180025095e-35 1.0000000180025095e-35 1.0000000180025095e-35 1.7269930721847415 1.0000000180025095e-35 0.80777029362974762 1.8967190785398451 1.0000000180025095e-35 1.0000000180025095e-35 7.5000000000000009 1.0000000180025095e-35 0.84777217278175254 1.0000000180025095e-35 2.5000000000000004 2.6319920180431451 1.0000000180025095e-35 0.46109249075020248 1.0000000180025095e-35 0.43839986880256293 2.4306248239214576 24.500000000000004 23.500000000000004 3.5000000000000004 25.500000000000004 0.18519120925735422
decision_type=2 2 2 2 2 2 2 2 2 2 2 2 2 2 2 2 2 2 2 2 2 2 2 2 2 2 2 2 2 2
left_child=2 5 29 11 21 6 -2 10 -5 -6 -8 12 13 -3 -11 -15 -9 18 -13 20 28 22 -4 27 -10 -12 -17 -16 -20 -1
right_child=1 3 4 8 9 -7 7 16 24 14 25 17 -14 15 23 26 -18 -19 19 -21 -22 -23 -24 -25 -26 -27 -28 -29 -30 -31
leaf_value=-0.024476439268843238 0.032568170601226541 0.073248812982819836 0.0096805989662097029 -0.004449390480575033 -0.013919562185560126 -0.011579128915205307 -0.0053748504769365602 0.0053555417792362009 0.004444322177409624 -0.010944263287913515 0.0029749652325488291 0.12973032952927785 0.037628442223578563 0.0057234491081389451 -0.0031545634149138637 0.016220486904456721 0.017329889002579851 0.096227532620579467 0.017716343149907721 0.047204429850347174 0.026520701554887782 0.011275543943739953 -0.0020699289274633353 -0.00027443397313431931 0.015427831761886376 -0.0030011845820571538 0.0094813638983967732 -0.008040931738025725 -0.00442314792176976 -0.015325348070237818
leaf_weight=30736 1515 2729 172 965 3777 650 1428 1550 1060 400 2326 4245 6310 1513 906 4778 1987 8662 1045 4351 3751 561 416 822 1064 391 1332 609 110 6496
leaf_count=30736 1515 2729 172 965 3777 650 1428 1550 1060 400 2326 4245 6310 1513 906 4778 1987 8662 1045 4351 3751 561 416 822 1064 391 1332 609 110 6496
internal_value=-0.00118227 0.0173206 -0.0225153 0.0198718 -0.0129094 0.00646136 0.00836958 0.00579927 0.00572192 -0.0165566 -0.000729795 0.0209975 0.0185752 0.0165282 -0.00903361 0.0136987 0.0134507 0.0228185 0.0215598 0.0202252 0.0176009 0.00776762 0.00144558 -0.00687848 0.0122881 0.00407619 0.0151964 -0.0102145 0.01171 -0.0244924
internal_weight=96657 51762 44895 41915 7663 9847 9197 7682 3089 6514 4145 38826 16662 10352 2737 7623 3537 22164 13502 9257 4906 1149 588 2337 2124 2717 6110 1515 1155 37232
internal_count=96657 51762 44895 41915 7663 9847 9197 7682 3089 6514 4145 38826 16662 10352 2737 7623 3537 22164 13502 9257 4906 1149 588 2337 2124 2717 6110 1515 1155 37232
is_linear=0
shrinkage=0.05


Tree=8
num_leaves=31
num_cat=0
split_feature=12 12 12 6 5 6 12 3 5 3 5 3 12 3 5 12 8 0 14 1 12 5 2 2 1 12 8 12 8 0
split_gain=14712 555.245 345.469 295.31 214.981 187.433 151.61 110.836 75.0154 86.3043 66.9873 98.7257 54.0646 49.7693 68.478 63.5679 36.6152 30.8847 22.596 18.0754 17.3652 44.162 15.8319 15.5215 15.4788 13.3104 14.9477 13.1836 12.7834 11.4918
threshold=0.62800667330029813 1.3677312072546379 0.33449836375219416 1.0000000180025095e-35 1.0000000180025095e-35 1.0000000180025095e-35 0.86731382346897345 1.0000000180025095e-35 1.0000000180025095e-35 1.0000000180025095e-35 1.0000000180025095e-35 1.0000000180025095e-35 1.8790805478572115 1.0000000180025095e-35 1.0000000180025095e-35 2.4092921713649753 1.0000000180025095e-35 7.5000000000000009 0.52496091453661553 3.5000000000000004 0.21195280718300627 1.0000000180025095e-35 23.500000000000004 4.5000000000000009 5.5000000000000009 0.47513863528590267 1.0000000180025095e-35 0.53672721155741032 1.0000000180025095e-35 22.500000000000004
decision_type=2 2 2 2 2 2 2 2 2 2 2 2 2 2 2 2 2 2 2 2 2 2 2 2 2 2 2 2 2 2
left_child=2 3 20 6 7 13 10 27 9 18 11 22 -7 14 15 16 24 -9 -8 -20 -1 -22 -2 -19 -3 26 -6 -4 -21 -13
right_child=1 5 4 -5 25 12 8 17 -10 -11 -12 29 -14 -15 -16 -17 -18 23 19 28 21 -23 -24 -25 -26 -27 -28 -29 -30 -31
leaf_value=-0.02318196219231497 -0.0030227739848312177 0.010923359957362704 -0.013969030597279913 -0.0090053506363593078 0.010206395777762285 -0.0017423712758489309 -0.0022100876198214467 -0.010499856650950113 0.046624339790680459 0.02106587038894784 0.019970364597311413 0.006496990893334215 0.010286771512620765 0.070304897831801938 0.12739761786452258 0.042686335213703609 0.019001879120619569 -0.004832986965440423 0.0085939502731927249 -0.00086175528110349342 -0.014885188109104927 -0.0046963631716294869 -0.0080851268792782316 -0.00082255049181903517 -0.0011236841816267384 0.011317677472444544 -0.0011021405542221586 -0.0088575096855727231 0.0040232506826688667 -0.0027279865195806944
leaf_weight=32628 1479 1580 2681 1032 169 844 434 355 1760 3841 690 1549 1868 12888 4837 6412 7227 1195 1975 391 4288 653 439 1011 296 521 396 919 1899 139
leaf_count=32628 1479 1580 2681 1032 169 844 434 355 1760 3841 690 1549 1868 12888 4837 6412 7227 1195 1975 391 4288 653 439 1011 296 521 396 919 1899 139
internal_value=-0.00144819 0.0167594 -0.0224038 0.00889109 -0.0124086 0.0201797 0.0107187 -0.0160242 0.0140097 0.0120726 0.00282821 9.70605e-05 0.00754056 0.0212109 0.0196713 0.0180519 0.0153658 -0.00807302 0.0075282 0.00863423 -0.0243319 -0.0215695 -0.00766423 -0.00587035 0.00914179 0.00810313 0.00278761 -0.0216806 0.00561135 0.00891588
internal_weight=96396 51580 44816 15628 7247 35952 14596 6161 10300 8540 4296 3606 2712 33240 20352 15515 9103 2561 4699 4265 37569 4941 1918 2206 1876 1086 565 3600 2290 1688
internal_count=96396 51580 44816 15628 7247 35952 14596 6161 10300 8540 4296 3606 2712 33240 20352 15515 9103 2561 4699 4265 37569 4941 1918 2206 1876 1086 565 3600 2290 1688
is_linear=0
shrinkage=0.05


Tree=9
num_leaves=31
num_cat=0
split_feature=12 12 12 4 4 3 3 2 12 3 2 2 12 12 12 2 0 12 8 12 12 4 12 8 2 14 8 1 2 0
split_gain=14315.7 602.969 301.879 183.888 165.881 214.105 128.065 201.327 110.649 98.3924 96.6779 75.3591 59.8416 58.8349 33.9931 33.1327 26.1877 25.2368 24.4371 23.4758 21.6214 18.8978 61.9411 17.6838 16.1357 15.6467 14.408 13.8008 14.312 13.4979
threshold=0.6091033743276294 1.1774420736118369 0.3197795857231292 1.0000000180025095e-35 1.0000000180025095e-35 1.0000000180025095e-35 1.0000000180025095e-35 20.500000000000004 2.4552279164174151 1.0000000180025095e-35 20.500000000000004 14.500000000000002 2.3629150681186144 0.80777029362974762 1.5763921561138052 23.500000000000004 7.5000000000000009 0.74401127841374592 1.0000000180025095e-35 1.8098776341711413 0.88633335334409069 1.0000000180025095e-35 0.15853286013538914 1.0000000180025095e-35 23.500000000000004 0.48620449771148549 1.5000000000000002 3.5000000000000004 9.5000000000000018 8.5000000000000018
decision_type=2 2 2 2 2 2 2 2 2 2 2 2 2 2 2 2 2 2 2 2 2 2 2 2 2 2 2 2 2 2
left_child=2 4 21 26 -2 10 7 11 14 -5 13 12 18 -6 15 -9 -11 -7 -3 -8 -12 22 -1 -16 -22 -15 -4 -20 -29 -19
right_child=1 6 3 9 5 17 19 8 -10 16 20 -13 -14 25 23 -17 -18 29 27 -21 24 -23 -24 -25 -26 -27 -28 28 -30 -31
leaf_value=-0.021336317201947376 0.029819458754011055 0.0089206390478076773 0.0072796032247454956 -0.012773738683089259 -0.0038928492208056666 0.0030980545990187793 0.032767595228133752 -0.0046859641592291229 0.022732321788208245 -0.0096930359494605822 -0.01002029880741262 0.10807367719789723 0.043613861600272689 -0.0031057758637661583 0.00053217099047841998 0.0035836187080802414 -0.0033313586962920891 0.0019163378918732018 0.021445312022782406 0.084744043057755764 -0.007343162548466637 -0.021998622687404559 -0.0049863234010907561 0.0081272728942034089 -0.00073694178381446826 0.0037053502433659793 -0.00021035536364445441 0.0085233840715061016 0.016675319860080997 0.01511015077326402
leaf_weight=4218 1784 1762 592 3576 1219 991 5261 673 2599 376 843 5525 5090 253 623 840 2168 216 3783 9279 406 32003 1166 2337 524 2309 487 1015 1871 2820
leaf_count=4218 1784 1762 592 3576 1219 991 5261 673 2599 376 843 5525 5090 253 623 840 2168 216 3783 9279 406 32003 1166 2337 524 2309 487 1015 1871 2820
internal_value=-0.00170869 0.0161097 -0.0224992 -0.0131234 0.00592829 0.00332168 0.0189557 0.0168619 0.00965781 -0.0164788 -0.00304285 0.0195369 0.0175264 0.00147448 0.00489045 -0.00120621 -0.00896226 0.0120996 0.0149419 0.0227166 -0.0126763 -0.0243046 -0.0215639 0.00800676 -0.00741935 0.00577674 0.00590825 0.0163255 0.0137214 0.014361
internal_weight=96609 52023 44586 7199 11365 9581 40658 26118 7072 6120 5554 19046 13521 3781 4473 1513 2544 4027 8431 14540 1773 37387 5384 2960 930 2562 1079 6669 2886 3036
internal_count=96609 52023 44586 7199 11365 9581 40658 26118 7072 6120 5554 19046 13521 3781 4473 1513 2544 4027 8431 14540 1773 37387 5384 2960 930 2562 1079 6669 2886 3036
is_linear=0
shrinkage=0.05


Tree=10
num_leaves=31
num_cat=0
split_feature=12 12 12 4 4 3 3 2 3 2 12 2 12 12 4 12 2 12 12 8 12 8 12 2 3 8 12 1 12 2
split_gain=13836.9 543.793 421.115 174.22 150.14 206.895 136.467 117.51 91.2743 132.665 63.0391 54.1034 47.2646 45.933 74.5558 38.0157 37.3007 28.364 25.0825 23.9587 21.5215 19.0035 18.4809 17.7599 16.8716 15.1317 13.8522 12.6603 12.6217 12.4399
threshold=0.7028859636005369 0.39007067860011652 1.4462720853258568 1.0000000180025095e-35 1.0000000180025095e-35 1.0000000180025095e-35 1.0000000180025095e-35 20.500000000000004 1.0000000180025095e-35 20.500000000000004 2.5788027413837171 14.500000000000002 1.039915470202802 0.23801269327374347 1.0000000180025095e-35 2.4552279164174151 23.500000000000004 0.48938776846765614 0.94265681857819605 1.0000000180025095e-35 0.53672721155741032 1.0000000180025095e-35 0.88633335334409069 20.500000000000004 1.0000000180025095e-35 1.5000000000000002 3.2481109671717454 2.5000000000000004 2.2088749738977822 23.500000000000004
decision_type=2 2 2 2 2 2 2 2 2 2 2 2 2 2 2 2 2 2 2 2 2 2 2 2 2 2 2 2 2 2
left_child=1 13 4 -3 -2 7 20 12 9 11 19 15 27 -1 25 21 -9 -8 -7 -11 -5 -4 -18 -22 -16 -15 -12 -6 -10 -21
right_child=2 3 8 6 5 18 17 16 28 10 26 -13 -14 14 24 -17 22 -19 -20 29 23 -23 -24 -25 -26 -27 -28 -29 -30 -31
leaf_value=-0.020872501830913569 0.037530736044306005 0.0064456237441179931 0.012386886325968099 -0.012097733647179582 0.0029220795009048286 0.006950357362357335 -0.0054594690317961748 -0.0068232215180553842 0.04189521740650063 -0.00033370181818946913 0.014919174860785134 0.11904847071455965 0.0081146526798048409 0.0021503224406392101 -0.015004497785629983 0.043404073585795559 -0.0056938902192977458 0.0002531489643223195 0.02065550959519068 0.003278515579908184 -0.0051403446141130406 0.02020206434926013 0.00084251725811770319 -0.012913789383942682 -0.0081151075017515117 -0.0052872442642516674 0.03249438519365562 -0.0012177998346142582 0.095933852990068513 0.011850319039532299
leaf_weight=34287 2453 1068 1376 1914 797 1665 888 1073 5776 793 1193 4522 3223 320 2428 4564 324 1685 3998 1346 1103 5389 1103 553 1840 379 1125 1287 6421 1621
leaf_count=34287 2453 1068 1376 1914 797 1665 888 1073 5776 793 1193 4522 3223 320 2428 4564 324 1685 3998 1346 1103 5389 1103 553 1840 379 1125 1287 6421 1621
internal_value=-0.00191993 -0.0215684 0.0163215 -0.00894813 0.00960717 0.00753526 -0.0121887 0.00225759 0.0194544 0.0175259 0.0112455 0.0199341 0.00646787 -0.0238867 -0.019393 0.0180885 -0.00668 -0.00341042 0.0148111 0.00724734 -0.0185154 0.0157095 -0.00138402 -0.0143418 -0.0218721 -0.00425608 0.0177308 0.000599808 0.0229216 0.00931075
internal_weight=96514 46465 50049 7211 15923 13470 6143 7807 34126 21929 6078 15851 5307 39254 4967 11329 2500 2573 5663 3760 3570 6765 1427 1656 4268 699 2318 2084 12197 2967
internal_count=96514 46465 50049 7211 15923 13470 6143 7807 34126 21929 6078 15851 5307 39254 4967 11329 2500 2573 5663 3760 3570 6765 1427 1656 4268 699 2318 2084 12197 2967
is_linear=0
shrinkage=0.05


Tree=11
num_leaves=31
num_cat=0
split_feature=12 12 12 6 4 12 6 3 4 3 12 4 3 4 3 14 14 4 12 8 12 1 2 12 8 1 2 1 12 12
split_gain=13448.2 573.113 319.768 280.362 157.348 156.506 135.082 104.568 86.0725 86.3576 53.5703 44.8594 70.7551 41.32 81.0478 27.969 27.2639 25.7566 76.4536 25.522 23.1678 20.6301 18.5278 17.625 18.8403 17.0693 16.1354 25.0352 15.7332 15.5984
threshold=0.6091033743276294 1.4946896374400966 0.3066224417723053 1.0000000180025095e-35 1.0000000180025095e-35 0.8278155230016363 1.0000000180025095e-35 1.0000000180025095e-35 1.0000000180025095e-35 1.0000000180025095e-35 2.4552279164174151 1.0000000180025095e-35 1.0000000180025095e-35 1.0000000180025095e-35 1.0000000180025095e-35 0.52496091453661553 0.20042166693570657 1.0000000180025095e-35 0.15414498897030426 1.0000000180025095e-35 2.2314396735834108 3.5000000000000004 9.5000000000000018 0.50484537123055562 1.0000000180025095e-35 1.5000000000000002 3.5000000000000004 4.5000000000000009 0.50484537123055562 0.48938776846765614
decision_type=2 2 2 2 2 2 2 2 2 2 2 2 2 2 2 2 2 2 2 2 2 2 2 2 2 2 2 2 2 2
left_child=2 3 17 5 23 11 10 28 -7 15 13 -2 -13 -3 19 -10 -9 18 -1 -15 25 -17 -23 24 -4 -8 27 -11 -6 -18
right_child=1 6 4 -5 7 8 20 16 9 26 -12 12 -14 14 -16 21 29 -19 -20 -21 -22 22 -24 -25 -26 -27 -28 -29 -30 -31
leaf_value=-0.019251233835704672 0.013799549488385465 0.088890584582995757 0.0084106008333565858 -0.0073811144048821472 -0.012724885403140762 0.03997139141421694 0.0057286297020876509 -0.0087048063440430101 -0.0024824650129079921 0.017593863077188354 0.069855746146282399 -0.0042899035563189886 0.0037097336716581165 0.0086514944065831829 0.045895649472492563 0.0082656372849016727 -0.0051264582803190219 -0.019871985426172661 -0.003903259034441409 0.017672344729956959 0.010327011680327614 -0.0012249622138036571 0.0046790426300800606 0.012133043974133693 -0.0016174852582582972 -0.0014671594727631188 0.022658697629462855 0.0026899009405085606 -0.0083278388371312417 -0.00071843878980195621
leaf_weight=4163 621 2761 237 1286 2675 2350 416 469 567 1440 12655 1728 1562 1699 6907 2621 1286 31603 1192 6541 1395 776 2292 312 582 688 3159 597 1117 951
leaf_count=4163 621 2761 237 1286 2675 2350 416 469 567 1440 12655 1728 1562 1699 6907 2621 1286 31603 1192 6541 1395 776 2292 312 582 688 3159 597 1117 951
internal_value=-0.0020673 0.0151932 -0.0222212 0.0082728 -0.0129014 0.00990939 0.01917 -0.0158972 0.0124112 0.0106226 0.0200839 0.00108029 -0.0012462 0.0183242 0.0172988 0.0066656 -0.00838877 -0.024145 -0.0209384 0.0139502 0.0079932 0.00772104 0.00493807 0.00431034 0.000457875 0.00258152 0.0153868 0.011917 -0.0212553 -0.00609075
internal_weight=96648 52061 44587 18999 7629 17713 33062 6498 13802 11452 30563 3911 3290 17908 15147 6256 2706 36958 5355 8240 2499 5689 3068 1131 819 1104 5196 2037 3792 2237
internal_count=96648 52061 44587 18999 7629 17713 33062 6498 13802 11452 30563 3911 3290 17908 15147 6256 2706 36958 5355 8240 2499 5689 3068 1131 819 1104 5196 2037 3792 2237
is_linear=0
shrinkage=0.05


Tree=12
num_leaves=31
num_cat=0
split_feature=11 14 0 0 6 4 3 11 3 4 11 14 1 2 11 11 8 8 0 11 2 1 4 14 3 8 3 1 11 1
split_gain=11647.6 561.279 437.978 364.159 302.841 149.657 181.694 178.019 130.508 226.935 179.214 66.888 64.3399 57.6373 57.2478 55.9706 48.7657 47.3394 54.2467 43.3496 30.4829 28.9988 28.2612 27.5639 26.2976 23.5376 23.4838 23.4088 29.6757 22.3863
threshold=0.52921889025971625 0.45677519373947462 21.500000000000004 7.5000000000000009 1.0000000180025095e-35 1.0000000180025095e-35 1.0000000180025095e-35 0.26180040108017683 1.0000000180025095e-35 1.0000000180025095e-35 1.3307846004814883 0.28886469119929453 3.5000000000000004 27.500000000000004 0.22978388595139612 1.1290066874173572 1.0000000180025095e-35 2.5000000000000004 22.500000000000004 1.4867340363020811 27.500000000000004 3.5000000000000004 2.5000000000000004 0.73771259894200913 1.0000000180025095e-35 1.5000000000000002 1.0000000180025095e-35 1.5000000000000002 2.9672637880526658 1.5000000000000002
decision_type=2 2 2 2 2 2 2 2 2 2 2 2 2 2 2 2 2 2 2 2 2 2 2 2 2 2 2 2 2 2
left_child=3 11 4 -1 8 14 -7 -8 9 -3 21 -2 23 -9 -5 20 26 18 -18 29 -10 -11 -13 -12 -24 -16 -4 -21 -29 -6
right_child=1 2 16 5 19 6 7 13 15 10 12 22 -14 -15 25 -17 17 -19 -20 27 -22 -23 24 -25 -26 -27 -28 28 -30 -31
leaf_value=-0.01896699516694066 -0.011107523348006765 0.076987611744839257 -0.012801299597892325 -0.0041634842996327529 -0.0012142405371830035 -0.013808193567345995 -0.008008183151576715 -0.0034444649024563071 0.012958846372574412 0.0046059952861203738 0.0025309832606572689 0.0090472301019857287 0.012155174836100674 0.0050583598015309598 0.0095983843608606744 0.058750437352861555 0.0064612836420856806 -0.010600258716552791 -0.0045512318677385479 0.0096934247205025196 0.03631930217524925 -0.0011467910837962227 -0.0058735722487615388 0.026166271905598188 0.004262522586303219 -0.00061872977678202048 0.0018597766807303185 -0.0029838874393874563 0.0061799066514751757 -0.010021707094449706
leaf_weight=31007 1103 6752 467 964 589 4898 2789 1618 2872 1850 434 254 8422 1083 518 11361 1157 310 755 553 2347 1996 796 8334 371 564 83 941 1155 303
leaf_count=31007 1103 6752 467 964 589 4898 2789 1618 2872 1850 434 254 8422 1083 518 11361 1157 310 755 553 2347 1996 796 8334 371 564 83 941 1155 303
internal_value=-0.00235913 0.0133253 0.0144714 -0.0215689 0.0155895 -0.0143397 -0.0167742 -0.0105282 0.0167125 0.0146178 0.0120579 -0.009687 0.0142408 -0.00137912 -0.00197947 0.0202232 -0.00485209 -0.00155266 0.00138598 0.00151793 0.015937 0.00230109 -0.00251583 0.0172388 -0.00580548 0.00591497 -0.0181818 0.0047282 0.00231393 -0.0080157
internal_weight=96646 53205 50681 43441 47909 12434 10388 5490 44368 27788 21036 2524 17190 2701 2046 16580 2772 2222 1912 3541 5219 3846 1421 8768 1167 1082 550 2649 2096 892
internal_count=96646 53205 50681 43441 47909 12434 10388 5490 44368 27788 21036 2524 17190 2701 2046 16580 2772 2222 1912 3541 5219 3846 1421 8768 1167 1082 550 2649 2096 892
is_linear=0
shrinkage=0.05


Tree=13
num_leaves=31
num_cat=0
split_feature=12 12 12 6 4 12 6 3 3 4 4 3 4 3 12 8 4 12 0 1 12 2 12 12 12 8 1 8 2 12
split_gain=12445.3 519.568 386.778 238.58 157.594 140.45 108.405 101.521 59.2571 95.7735 54.3994 67.6605 53.0828 68.9656 49.4903 35.257 34.7525 88.8876 26.9284 23.3972 23.2005 23.1777 21.5497 19.4973 18.9223 18.5193 18.2531 17.5937 13.7285 13.5101
threshold=0.62800667330029813 1.5763921561138052 0.3066224417723053 1.0000000180025095e-35 1.0000000180025095e-35 0.94265681857819605 1.0000000180025095e-35 1.0000000180025095e-35 1.0000000180025095e-35 1.0000000180025095e-35 1.0000000180025095e-35 1.0000000180025095e-35 1.0000000180025095e-35 1.0000000180025095e-35 3.0336481365421735 1.0000000180025095e-35 1.0000000180025095e-35 0.11005735760406847 7.5000000000000009 3.5000000000000004 0.52066231261145879 24.500000000000004 2.3409067331657796 2.2499799031666559 0.94265681857819605 1.0000000180025095e-35 3.5000000000000004 1.0000000180025095e-35 20.500000000000004 0.44608220339315774
decision_type=2 2 2 2 2 2 2 2 2 2 2 2 2 2 2 2 2 2 2 2 2 2 2 2 2 2 2 2 2 2
left_child=2 3 16 5 29 12 8 20 9 -3 -7 19 -2 -14 15 21 17 -1 -9 -12 -6 -11 -8 -10 -5 -21 -17 -13 -22 -4
right_child=1 6 4 24 7 10 22 18 23 14 11 27 13 -15 -16 26 -18 -19 -20 25 28 -23 -24 -25 -26 -27 -28 -29 -30 -31
leaf_value=-0.017497801861756059 0.015233129584845429 0.11492692428786491 -0.00033328731242209257 -0.010956381606846624 -0.011353004202147916 0.038024495840681904 0.0019047823522180486 -0.0074032260766884132 0.039109841426469588 0.013692869608353876 0.0084475669767763023 0.032651404468740833 -0.0026786098348626445 0.0049720557841990091 0.043785660501604408 0.023934041352940773 -0.01793479475638135 -0.0039860479270863673 -0.0027795277958301032 -0.0020132330475999744 -0.004394418940269762 -0.0020500693463776586 0.010411944918515005 0.086716236568521343 -0.0043743641372423984 0.0042833962548534336 0.014261677041006999 0.015457553909913222 -0.011556171929223938 0.0075209426248113859
leaf_weight=3544 942 4104 591 400 2905 2157 1157 459 5046 2113 2886 986 2539 2165 2868 4365 31702 1785 2398 612 723 380 1192 6150 963 2595 3822 4150 360 612
leaf_count=3544 942 4104 591 400 2905 2157 1157 459 5046 2113 2886 986 2539 2165 2868 4365 31702 1785 2398 612 723 380 1192 6150 963 2595 3822 4150 360 612
internal_value=-0.00258997 0.0141795 -0.0217823 0.00797377 -0.0118477 0.00942098 0.0182365 -0.0147809 0.0190776 0.0172728 0.0122105 0.0108135 0.0028073 0.000637755 0.0152458 0.0136798 -0.0239414 -0.0202055 -0.00758663 0.00725012 -0.0199348 0.00847373 0.00790762 0.021923 -0.012234 0.00431088 0.0152651 0.0150409 -0.0136888 0.00484206
internal_weight=96671 51592 45079 20395 8048 19032 31197 6845 28848 17652 13386 11229 5646 4704 13548 10680 37031 5329 2857 6093 3988 2493 2349 11196 1363 3207 8187 5136 1083 1203
internal_count=96671 51592 45079 20395 8048 19032 31197 6845 28848 17652 13386 11229 5646 4704 13548 10680 37031 5329 2857 6093 3988 2493 2349 11196 1363 3207 8187 5136 1083 1203
is_linear=0
shrinkage=0.05


Tree=14
num_leaves=31
num_cat=0
split_feature=12 12 12 6 12 6 4 4 12 4 12 0 4 1 2 2 2 2 1 2 2 2 4 2 2 14 12 2 11 2
split_gain=12065.8 558.523 308.777 200.918 130.98 130.449 127.537 83.6785 61.556 60.2357 48.4509 44.4192 84.4035 41.9954 38.0435 58.8247 33.1278 26.9042 25.6822 25.5713 31.3594 24.2957 35.8948 20.6129 20.5332 20.2047 18.8127 18.3221 16.6664 15.9302
threshold=0.58990850474134804 1.111259116614127 0.3066224417723053 1.0000000180025095e-35 2.1257748730304864 1.0000000180025095e-35 1.0000000180025095e-35 1.0000000180025095e-35 1.8790805478572115 1.0000000180025095e-35 0.74401127841374592 6.5000000000000009 1.0000000180025095e-35 3.5000000000000004 27.500000000000004 5.5000000000000009 7.5000000000000009 3.5000000000000004 3.5000000000000004 5.5000000000000009 27.500000000000004 7.5000000000000009 2.5000000000000004 5.5000000000000009 27.500000000000004 0.72009244182909959 3.132656804889534 9.5000000000000018 0.46814984604750093 23.500000000000004
decision_type=2 2 2 2 2 2 2 2 2 2 2 2 2 2 2 2 2 2 2 2 2 2 2 2 2 2 2 2 2 2
left_child=2 5 11 4 9 7 -4 -2 -5 -3 23 -1 -13 25 15 28 17 -15 -6 -12 -21 -20 -23 -9 -25 -11 -24 -18 -8 -29
right_child=1 3 6 8 18 -7 14 10 -10 13 19 12 -14 16 -16 -17 27 -19 21 20 -22 22 26 24 -26 -27 -28 29 -30 -31
leaf_value=-0.017231932024511898 0.01844656050985426 0.050420110757745731 0.0018195572521354259 -0.0027512226189234492 0.062127684778237116 -0.0096804466808111649 -0.0063160326129798501 0.001739041681209641 0.0077918530481139534 0.0077295950009321135 0.0087696959072101465 -0.0034785924362485902 -0.01059856997147134 0.014562257856725042 -0.0026493959454064633 -0.010162232507789604 0.0024745255969435224 0.038076996995685244 0.063849144405388608 0.00025627102647471091 0.010232436913618853 0.15060324259060287 0.013999874386530321 -0.0042013578242122238 0.0020510637577003167 0.021612942419857832 0.032191439404558007 0.011847217331363305 -0.00097028819564639603 0.0047825549311653753
leaf_weight=27767 1626 3400 1074 1248 10822 680 1221 796 1844 912 1807 1398 7906 2146 838 3579 1174 1171 2444 3082 753 915 2615 1256 363 8518 1110 2196 525 1636
leaf_count=27767 1626 3400 1074 1248 10822 680 1221 796 1844 912 1807 1398 7906 2146 838 3579 1174 1171 2444 3082 753 915 2615 1256 363 8518 1110 2196 525 1636
internal_value=-0.00273285 0.0134802 -0.0219486 0.016037 0.0170082 0.00308067 -0.0125017 0.00456728 0.00376779 0.0143443 0.00247921 -0.0237929 -0.0208029 0.0131766 -0.0152726 -0.016831 0.0105881 0.0144634 0.0201553 0.00501595 0.00270535 0.0178148 0.0156897 -0.0034472 -0.00668623 0.0154613 0.0135101 0.00802038 -0.00930699 0.00969468
internal_weight=96822 52514 44308 42151 39059 10363 7237 9683 3092 21153 8057 37071 9304 17753 6163 5325 8323 3317 17906 5642 3835 7084 4640 2415 1619 9430 3725 5006 1746 3832
internal_count=96822 52514 44308 42151 39059 10363 7237 9683 3092 21153 8057 37071 9304 17753 6163 5325 8323 3317 17906 5642 3835 7084 4640 2415 1619 9430 3725 5006 1746 3832
is_linear=0
shrinkage=0.05


Tree=15
num_leaves=31
num_cat=0
split_feature=12 12 12 6 6 4 12 12 3 4 3 4 3 12 4 4 3 12 8 14 3 4 8 2 8 12 0 14 8 2
split_gain=11569.1 612.451 257.932 175.115 147.153 140.786 117.507 89.8943 82.4561 65.208 91.7242 56.8216 60.4203 38.7557 93.6311 37.8275 50.2156 31.862 29.8613 26.2327 26.0327 26.9691 22.9828 20.6306 18.431 16.7209 15.7588 16.4427 15.2578 14.7207
threshold=0.55415891551107666 1.3195402670430956 0.2617604386058241 1.0000000180025095e-35 1.0000000180025095e-35 1.0000000180025095e-35 0.8278155230016363 2.5278353214516947 1.0000000180025095e-35 1.0000000180025095e-35 1.0000000180025095e-35 1.0000000180025095e-35 1.0000000180025095e-35 0.10146836030122026 1.0000000180025095e-35 1.0000000180025095e-35 1.0000000180025095e-35 1.9868175258210992 1.0000000180025095e-35 1.4700593891048779 1.0000000180025095e-35 1.0000000180025095e-35 1.0000000180025095e-35 23.500000000000004 1.0000000180025095e-35 3.3051653086412491 21.500000000000004 0.86746141427363688 1.0000000180025095e-35 21.500000000000004
decision_type=2 2 2 2 2 2 2 2 2 2 2 2 2 2 2 2 2 2 2 2 2 2 2 2 2 2 2 2 2 2
left_child=2 3 13 6 7 28 15 9 -7 -3 18 -8 23 -1 -15 -2 24 29 -11 -10 21 -9 -14 -13 -17 -23 27 -12 -4 -6
right_child=1 4 5 -5 17 8 11 20 19 10 26 12 22 14 -16 16 -18 -19 -20 -21 -22 25 -24 -25 -26 -27 -28 -29 -30 -31
leaf_value=-0.01646143004008685 0.0092600304310524791 0.066594942252557895 0.0083967581711393412 -0.0075801051605744185 0.0029014554131088889 -0.01036550076317836 0.027615179986663296 0.18293301176355625 -0.0050286454555468546 0.0054545698095846643 0.01600190659901074 0.0034103430503526575 0.03231283599061948 -0.003514999706335481 -0.01028227189947508 -0.0098050450161219979 0.0021376346453282819 0.0075888270632075488 0.01332224373882341 0.0006821557704458248 0.090636265739749464 0.02351894642113363 0.010125140317797161 -0.0016467764926587859 -0.002745972662946794 0.045049576849020029 -0.0016548809796641528 0.03657752456973621 -0.0010021328066391999 -0.0032621474571745412
leaf_weight=24416 791 3577 307 1054 399 3976 1718 1423 2447 2219 793 3576 599 1657 9440 250 2020 1698 8366 417 4525 3540 3148 939 1962 2037 98 7973 866 716
leaf_count=24416 791 3577 307 1054 399 3976 1718 1423 2447 2219 793 3576 599 1657 9440 250 2020 1698 8366 417 4525 3540 3148 939 1962 2037 98 7973 866 716
internal_value=-0.00290442 0.0126865 -0.0220397 0.00451984 0.0161961 -0.0139367 0.00590382 0.0170914 -0.0166813 0.0152871 0.014146 0.00904309 0.00732268 -0.023868 -0.021418 -0.000333466 -0.00220936 0.00519908 0.0110038 -0.010213 0.0206963 0.0187857 0.0120163 0.00342746 -0.0074141 0.017218 0.0178982 0.0181211 0.00206735 -0.00136771
internal_weight=96947 53421 43526 16057 37364 8013 15003 34551 6840 23026 19449 9980 8262 35513 11097 5023 4232 2813 10585 2864 11525 7000 3747 4515 2212 5577 8864 8766 1173 1115
internal_count=96947 53421 43526 16057 37364 8013 15003 34551 6840 23026 19449 9980 8262 35513 11097 5023 4232 2813 10585 2864 11525 7000 3747 4515 2212 5577 8864 8766 1173 1115
is_linear=0
shrinkage=0.05


Tree=16
num_leaves=31
num_cat=0
split_feature=12 12 12 6 12 4 6 3 12 0 4 4 3 4 3 4 3 3 2 3 4 12 14 14 12 0 14 1 2 2
split_gain=11207.7 611.78 260.829 202.559 137.462 111.474 108.207 79.2093 71.7475 57.7189 111.602 53.3741 81.9245 52.1231 59.8364 47.9529 59.9798 24.4403 24.278 23.1115 25.3586 21.6254 18.8904 17.9839 16.1176 15.7843 17.0578 15.4438 21.1359 14.5669
threshold=0.55415891551107666 1.5100280716235479 0.3066224417723053 1.0000000180025095e-35 0.92440733752962223 1.0000000180025095e-35 1.0000000180025095e-35 1.0000000180025095e-35 2.5788027413837171 5.5000000000000009 1.0000000180025095e-35 1.0000000180025095e-35 1.0000000180025095e-35 1.0000000180025095e-35 1.0000000180025095e-35 1.0000000180025095e-35 1.0000000180025095e-35 1.0000000180025095e-35 23.500000000000004 1.0000000180025095e-35 1.0000000180025095e-35 0.92440733752962223 0.55052538487118607 1.4700593891048779 2.1257748730304864 21.500000000000004 0.35208839802829789 3.5000000000000004 9.5000000000000018 3.5000000000000004
decision_type=2 2 2 2 2 2 2 2 2 2 2 2 2 2 2 2 2 2 2 2 2 2 2 2 2 2 2 2 2 2
left_child=2 3 9 4 13 -4 8 -7 11 -1 -11 -3 18 -2 -15 -6 22 -12 27 20 -10 -5 -17 -9 -8 26 -16 -13 -29 -18
right_child=1 6 5 21 15 7 24 23 19 10 17 12 -14 14 25 16 29 -19 -20 -21 -22 -23 -24 -25 -26 -27 -28 28 -30 -31
leaf_value=-0.015641510133675009 0.01210543455099612 0.072001522952535243 0.0013865850931390979 -0.011088751908503848 0.031182502577992755 -0.0094771903695612565 0.00057131156238897645 -0.0047070721406877319 0.17778344865401616 -0.0033784212998551029 -0.011657056328194785 0.018012441387753975 0.037047404791457253 -0.0027075470822914231 -0.001422511151968084 -0.0022590934391353984 0.01027266816463659 -0.0063430340041384483 0.0058437526353296854 0.089366308740479794 0.029415780569014695 -0.0041523634673897164 0.00452811102467002 0.00092831451738974169 0.0076340721137166008 -0.0012522145686900993 0.005384389893020914 0.0042064644296531785 0.014038915648712409 0.019259492257309364
leaf_weight=24207 1093 2969 985 477 2054 3202 953 1895 1329 1924 6352 4099 7502 2982 372 496 1845 4563 1952 4390 5253 884 5202 372 1503 552 1755 1047 1902 2819
leaf_count=24207 1093 2969 985 477 2054 3202 953 1895 1329 1924 6352 4099 7502 2982 372 496 1845 4563 1952 4390 5253 884 5202 372 1503 552 1755 1047 1902 2819
internal_value=-0.00309966 0.0122413 -0.0219425 0.00546856 0.00679186 -0.0126666 0.0164678 -0.0154553 0.0172823 -0.0235585 -0.0208486 0.0154602 0.0143498 0.00105123 -0.00087882 0.00991463 0.00853117 -0.0228058 0.0111333 0.0205159 0.0186418 -0.0131705 0.00508951 -0.00830393 0.00637215 0.00454461 0.00649976 0.0125 0.00974059 0.0127358
internal_weight=96930 53430 43500 20531 19170 6454 32899 5469 30443 37046 12839 19471 16502 6754 5661 12416 10362 10915 9000 10972 6582 1361 5698 2267 2456 2679 2127 7048 2949 4664
internal_count=96930 53430 43500 20531 19170 6454 32899 5469 30443 37046 12839 19471 16502 6754 5661 12416 10362 10915 9000 10972 6582 1361 5698 2267 2456 2679 2127 7048 2949 4664
is_linear=0
shrinkage=0.05


Tree=17
num_leaves=31
num_cat=0
split_feature=12 12 12 6 12 4 3 3 4 12 2 0 4 4 3 4 3 12 8 12 14 3 2 8 2 8 8 12 14 11
split_gain=10782.6 576.168 286.108 190.061 141.868 122.663 95.1528 89.7679 145.127 61.2215 60.837 49.0615 91.8715 48.0084 55.0261 47.2077 51.4546 27.5601 26.5783 25.3713 24.7205 19.6668 19.635 18.4418 17.0306 16.9649 16.4927 15.1505 14.2563 13.7491
threshold=0.55415891551107666 1.5763921561138052 0.2617604386058241 1.0000000180025095e-35 0.96260034456839605 1.0000000180025095e-35 1.0000000180025095e-35 1.0000000180025095e-35 1.0000000180025095e-35 3.3051653086412491 21.500000000000004 5.5000000000000009 1.0000000180025095e-35 1.0000000180025095e-35 1.0000000180025095e-35 1.0000000180025095e-35 1.0000000180025095e-35 2.2966739864518382 1.0000000180025095e-35 0.92440733752962223 1.4700593891048779 1.0000000180025095e-35 25.500000000000004 1.0000000180025095e-35 23.500000000000004 1.0000000180025095e-35 1.5000000000000002 0.44608220339315774 0.59995196162031739 0.62250900839173462
decision_type=2 2 2 2 2 2 2 2 2 2 2 2 2 2 2 2 2 2 2 2 2 2 2 2 2 2 2 2 2 2
left_child=2 3 11 4 13 -4 27 8 -3 10 25 -1 -13 -2 22 -6 24 -9 -12 -5 -8 -14 -15 -18 -17 -10 -25 -7 -28 -16
right_child=1 7 5 19 15 6 20 17 9 -11 18 12 21 14 29 16 23 -19 -20 -21 -22 -23 -24 26 -26 -27 28 -29 -30 -31
leaf_value=-0.01486152106895517 0.011575094512917789 0.094529338503462998 0.0010382320230709063 -0.010850136885015738 0.030636155560379498 -0.0102018441243295 -0.0044745380080062182 0.032398505434475776 0.01171625205740881 0.035674700748075633 -0.0018507041558263105 -0.0033190988701255809 -0.011096541888097673 -0.0017185840470574643 0.00065433398093845134 0.0054314690619976461 0.027126277220491542 0.073539763934530725 0.0068011196959143596 -0.0035232994270524595 0.0010015570876097198 -0.0061286535138413787 -0.008013815487705361 0.0082783054763364231 0.00014370538626518048 0.017623347721376661 0.0024732721435329233 -0.0070184273538377029 0.021360958209723037 0.0060518558476849119
leaf_weight=24270 1222 4111 1132 464 2121 2652 2473 5371 2405 2360 923 1699 5552 3041 1584 4743 966 5881 2998 1016 406 3977 327 2215 1221 7231 240 1337 1544 1344
leaf_count=24270 1222 4111 1132 464 2121 2652 2473 5371 2405 2360 923 1699 5552 3041 1584 4743 966 5881 2998 1016 406 3977 327 2215 1221 7231 240 1337 1544 1344
internal_value=-0.00332968 0.0117396 -0.0218045 0.00554926 0.00679454 -0.0132625 -0.0157761 0.0161029 0.0140953 0.0119322 0.0106384 -0.0237295 -0.0209966 0.00132349 -0.000436785 0.00994636 0.00862156 0.0196765 0.00538766 -0.0117568 -0.00884856 -0.0229064 -0.00479513 0.0123817 0.00549128 0.012775 0.010884 -0.0207759 0.0144619 0.0045765
internal_weight=96826 53328 43498 22048 20568 8000 6868 31280 20028 15917 13557 35498 11228 7518 6296 13050 10929 11252 3921 1480 2879 9529 3368 4965 5964 9636 3999 3989 1784 2928
internal_count=96826 53328 43498 22048 20568 8000 6868 31280 20028 15917 13557 35498 11228 7518 6296 13050 10929 11252 3921 1480 2879 9529 3368 4965 5964 9636 3999 3989 1784 2928
is_linear=0
shrinkage=0.05


Tree=18
num_leaves=31
num_cat=0
split_feature=12 12 12 12 4 3 3 4 4 3 2 4 3 12 2 2 0 4 14 12 8 8 8 12 8 8 1 2 14 8
split_gain=10313.7 550.122 298.167 154.863 139.556 103.962 81.8172 137.097 62.0784 91.5519 65.7262 58.4326 82.2819 54.9416 53.261 51.2313 42.1995 81.809 25.2557 24.5829 22.9155 23.1915 20.169 18.0825 17.7063 17.2693 17.0287 22.9916 16.8985 15.8625
threshold=0.55415891551107666 1.6263503427068005 0.22478834217975827 0.94265681857819605 1.0000000180025095e-35 1.0000000180025095e-35 1.0000000180025095e-35 1.0000000180025095e-35 1.0000000180025095e-35 1.0000000180025095e-35 20.500000000000004 1.0000000180025095e-35 1.0000000180025095e-35 3.1935254887084805 21.500000000000004 20.500000000000004 5.5000000000000009 1.0000000180025095e-35 1.4700593891048779 3.0336481365421735 1.0000000180025095e-35 1.5000000000000002 1.0000000180025095e-35 0.44608220339315774 1.0000000180025095e-35 1.5000000000000002 3.5000000000000004 9.5000000000000018 0.1650978538400571 1.0000000180025095e-35
decision_type=2 2 2 2 2 2 2 2 2 2 2 2 2 2 2 2 2 2 2 2 2 2 2 2 2 2 2 2 2 2
left_child=2 3 16 11 25 23 7 -3 29 10 -10 -2 15 14 26 -13 -1 24 28 -8 -11 -22 -16 -6 -18 -4 -9 -28 -7 -5
right_child=1 6 4 8 5 18 19 13 9 20 -12 12 -14 -15 22 -17 17 -19 -20 -21 21 -23 -24 -25 -26 -27 27 -29 -30 -31
leaf_value=-0.014117549083190632 0.011131792989591771 0.093346738655296413 0.0040228427686745732 0.06330246096154106 -0.0097066376342173164 -0.0061704093760561081 0.03953634714181143 0.018110982955561739 0.0050258243078932568 0.026347539619446827 -0.00194115608085767 -0.0013807299509040417 0.0028041274495366089 0.032593622597107706 -0.0013918613567716455 -0.0075889556643518596 -0.0014990040409950723 -0.0089968563477645456 0.00072171743510375812 0.10502365105823877 0.0075782008540713824 0.018865336602633856 0.0059490461808419555 -0.0066675059861458167 -0.0048002679453274218 -0.0020377937428326721 0.0039861456658665034 0.015522608970781194 -0.0036635087408873404 0.022286810064418044
leaf_weight=24344 1148 3986 685 518 3579 649 8338 5562 5259 1077 2483 2459 2756 2800 820 1218 736 7825 427 2378 2433 2037 2817 1319 742 724 1094 2299 2484 1874
leaf_count=24344 1148 3986 685 518 3579 649 8338 5562 5259 1077 2483 2459 2756 2800 820 1218 736 7825 427 2378 2433 2037 2817 1319 742 724 1094 2299 2484 1874
internal_value=-0.00359606 0.0111375 -0.021662 0.00536282 -0.014019 -0.016446 0.0156011 0.0136624 0.00819941 0.0068647 0.00335185 -0.000504551 -0.00235893 0.0115222 0.0101136 -0.00725456 -0.0239033 -0.0210389 -0.00994382 0.0191069 0.0117676 0.0101902 0.005011 -0.0211719 -0.0102503 0.000550035 0.0121859 0.00939434 -0.0114986 0.0156145
internal_weight=96870 53356 43514 23262 9867 8458 30094 19378 15681 13289 7742 7581 6433 15392 12592 3677 33647 9303 3560 10716 5547 4470 3637 4898 1478 1409 8955 3393 3133 2392
internal_count=96870 53356 43514 23262 9867 8458 30094 19378 15681 13289 7742 7581 6433 15392 12592 3677 33647 9303 3560 10716 5547 4470 3637 4898 1478 1409 8955 3393 3133 2392
is_linear=0
shrinkage=0.05


Tree=19
num_leaves=31
num_cat=0
split_feature=11 0 14 0 6 4 3 14 11 14 3 4 11 4 3 3 4 8 8 11 2 0 6 0 14 11 7 2 8 0
split_gain=9153.09 432.763 419.884 350.843 179.123 157.26 205.416 115.475 111.941 69.0883 62.3254 90.484 54.937 51.1938 70.5055 48.6503 64.2216 45.071 45.2491 35.2154 34.6252 32.5087 32.2346 30.5958 27.4516 22.131 19.3387 18.7099 18.6906 17.9215
threshold=0.51305091251275237 6.5000000000000009 0.52496091453661553 20.500000000000004 1.0000000180025095e-35 1.0000000180025095e-35 1.0000000180025095e-35 1.6288899423526615 0.2535277120851574 0.28886469119929453 1.0000000180025095e-35 2.5000000000000004 1.1796617473822806 1.0000000180025095e-35 1.0000000180025095e-35 1.0000000180025095e-35 1.0000000180025095e-35 1.0000000180025095e-35 1.5000000000000002 0.22978388595139612 27.500000000000004 16.500000000000004 1.0000000180025095e-35 17.500000000000004 0.68593867737839054 1.1956705417620903 1.0000000180025095e-35 21.500000000000004 1.0000000180025095e-35 16.500000000000004
decision_type=2 2 2 2 2 2 2 2 2 2 2 2 2 2 2 2 2 2 2 2 2 2 2 2 2 2 2 2 2 2
left_child=1 -1 9 4 7 19 -7 13 -8 -2 11 -5 27 -4 24 16 -9 -16 29 -3 -10 -6 -11 26 -15 -26 -18 -13 -14 -19
right_child=2 5 3 10 21 6 8 15 20 22 -12 12 28 14 17 -17 23 18 -20 -21 -22 -23 -24 -25 25 -27 -28 -29 -30 -31
leaf_value=-0.013316449111183085 -0.0080583167459952944 -0.0028654094873689848 0.039302384217173005 0.01179013797518454 -0.0014481485387065618 -0.0096916807921260187 -0.0050870288511303463 0.090400730640381677 -0.0030690189045786522 -4.4899342950599497e-05 0.0074172116958390131 -0.0042421468673905947 -0.0048989445937840277 -0.00018858810890877987 0.05702970951813148 0.051844941802039315 0.0097726001482704838 0.0064216010791866562 0.029259766007128651 0.0022529764929182018 0.0021630125564107124 0.0064732253024688885 -0.0094212925702281507 0.024983837332132438 0.0016021241614030625 0.0095786388199412993 0.052865273411504148 -0.010020267528674414 0.0025373500151295333 0.022594014688852006
leaf_weight=27669 1165 1270 3632 1043 2122 6245 3607 2586 1897 2169 1864 1217 512 1012 1550 7073 4481 2935 2934 1252 1136 1137 178 3908 1491 7913 398 558 1142 785
leaf_count=27669 1165 1270 3632 1043 2122 6245 3607 2586 1897 2169 1864 1217 512 1012 1550 7073 4481 2935 2934 1252 1136 1137 178 3908 1491 7913 398 558 1142 785
internal_value=-0.00371358 -0.0208898 0.0100376 0.0112048 0.0127903 -0.0141738 -0.0164086 0.0136935 -0.0102861 -0.00667711 0.000205177 -0.00299642 -0.00691893 0.0112687 0.0102095 0.0166188 0.0145938 0.0136763 0.0118876 -0.00275575 -0.0032064 0.0015112 -0.00173626 0.0125555 0.00747888 0.00832093 0.00991494 -0.0130282 -0.000362757 0.00822581
internal_weight=96881 43076 53805 50293 43957 15407 12885 40698 6640 3512 6336 4472 3429 22252 18620 18446 11373 8204 6654 2522 3033 3259 2347 8787 10416 9404 4879 1775 1654 3720
internal_count=96881 43076 53805 50293 43957 15407 12885 40698 6640 3512 6336 4472 3429 22252 18620 18446 11373 8204 6654 2522 3033 3259 2347 8787 10416 9404 4879 1775 1654 3720
is_linear=0
shrinkage=0.05


Tree=20
num_leaves=31
num_cat=0
split_feature=12 12 12 6 12 4 3 12 4 3 4 3 2 1 4 3 2 12 14 12 4 8 3 4 8 8 12 14 14 8
split_gain=9633.83 546.047 272.294 173.419 152.655 151.37 105.51 71.3181 64.3139 90.8328 43.0494 58.1012 31.2988 34.6025 29.5033 46.6954 29.0853 28.7428 26.8962 23.6834 46.0458 23.5323 23.3976 24.3541 23.239 22.4375 20.8811 20.3144 17.4715 16.8644
threshold=0.52066231261145879 1.7432444020016746 0.17605792936502632 1.0000000180025095e-35 0.8278155230016363 1.0000000180025095e-35 1.0000000180025095e-35 2.8406717104720709 1.0000000180025095e-35 1.0000000180025095e-35 1.0000000180025095e-35 1.0000000180025095e-35 3.5000000000000004 4.5000000000000009 1.0000000180025095e-35 1.0000000180025095e-35 21.500000000000004 1.0011105265823765 0.17177523891156851 0.089459012174142233 1.0000000180025095e-35 1.0000000180025095e-35 1.0000000180025095e-35 2.5000000000000004 1.0000000180025095e-35 1.0000000180025095e-35 0.44608220339315774 0.61344849924216194 1.5448855561719099 1.0000000180025095e-35
decision_type=2 2 2 2 2 2 2 2 2 2 2 2 2 2 2 2 2 2 2 2 2 2 2 2 2 2 2 2 2 2
left_child=2 3 19 4 14 25 26 8 -3 16 21 27 13 -13 -2 24 -10 -5 -8 -1 -21 -6 23 -9 -16 -4 -7 -12 -20 -14
right_child=1 7 5 17 10 6 18 22 9 -11 11 12 29 -15 15 -17 -18 -19 28 20 -22 -23 -24 -25 -26 -27 -28 -29 -30 -31
leaf_value=-0.012752976492003222 0.006335994065454981 0.07508770393212888 0.0033517383568444554 -0.0090203135282427849 0.05858743416788699 -0.0088105388427016148 -0.0049117884104871723 0.12160476709014477 0.014012520380473898 0.036528791766953742 -0.0011646564409125593 0.011997145799592291 0.03013626607595923 -0.0016338749644517093 -0.0088080971029793464 0.0014899387408037702 0.0037842396744545703 -0.0027225466303420487 -0.003410506042338027 -0.0033471420737469977 -0.00854401543061728 0.018027109420418741 0.08547711972064094 0.023330362614446001 -0.0023977493187160529 -0.002372850816323541 -0.0059816537233501887 0.0041182590697533749 0.00093408094400342372 0.013553390624113433
leaf_weight=23965 893 2590 506 591 634 5357 1469 1295 6918 6764 1047 2018 835 866 321 2260 2725 1190 2716 1005 5030 2535 3105 4049 2230 1242 950 7660 274 3598
leaf_count=23965 893 2590 506 591 634 5357 1469 1295 6918 6764 1047 2018 835 866 321 2260 2725 1190 2716 1005 5030 2535 3105 4049 2230 1242 950 7660 274 3598
internal_value=-0.00388977 0.0101018 -0.0217023 0.00500787 0.00608607 -0.0155066 -0.0177225 0.0150532 0.0133534 0.0121975 0.00822044 0.00716737 0.0104517 0.00639736 -0.00109572 -0.00264498 0.00908172 -0.0100646 -0.0118356 -0.0242867 -0.0214872 0.0135453 0.018875 0.0168694 -0.00728146 -0.00185927 -0.0218844 0.00440737 -0.00911371 0.0130893
internal_weight=96638 54124 42514 26678 24897 12514 10766 27446 18997 16407 19193 16024 7317 2884 5704 4811 9643 1781 4459 30000 6035 3169 8449 5344 2551 1748 6307 8707 2990 4433
internal_count=96638 54124 42514 26678 24897 12514 10766 27446 18997 16407 19193 16024 7317 2884 5704 4811 9643 1781 4459 30000 6035 3169 8449 5344 2551 1748 6307 8707 2990 4433
is_linear=0
shrinkage=0.05


Tree=21
num_leaves=31
num_cat=0
split_feature=12 12 12 4 12 6 3 6 12 6 4 4 3 3 4 3 14 0 4 2 8 8 4 3 12 8 8 12 14 11
split_gain=9259.26 525.254 289.332 145.288 134.133 124.954 113.747 85.9934 83.3042 41.7952 39.5484 37.0988 55.3447 36.2278 32.482 50.0878 30.8551 29.0743 47.182 26.1811 24.6398 24.046 23.9401 35.8307 23.6154 19.1239 19.1211 18.9702 17.7041 17.5659
threshold=0.52066231261145879 1.2880618422925456 0.17605792936502632 1.0000000180025095e-35 2.3859723522052021 1.0000000180025095e-35 1.0000000180025095e-35 1.0000000180025095e-35 0.78721326236926303 1.0000000180025095e-35 1.0000000180025095e-35 1.0000000180025095e-35 1.0000000180025095e-35 1.0000000180025095e-35 1.0000000180025095e-35 1.0000000180025095e-35 0.15226268694702264 5.5000000000000009 1.0000000180025095e-35 4.5000000000000009 1.0000000180025095e-35 1.0000000180025095e-35 1.0000000180025095e-35 1.0000000180025095e-35 3.4493351246816402 1.0000000180025095e-35 1.0000000180025095e-35 0.36299386945380935 1.5448855561719099 1.1796617473822806
decision_type=2 2 2 2 2 2 2 2 2 2 2 2 2 2 2 2 2 2 2 2 2 2 2 2 2 2 2 2 2 2
left_child=2 5 17 25 7 8 27 11 22 14 -10 -3 20 -12 -6 24 -8 -1 -19 29 -13 -15 -2 26 -16 -4 -24 -5 -18 -14
right_child=1 4 3 6 9 -7 16 -9 10 -11 13 12 19 21 15 -17 28 18 -20 -21 -22 -23 23 -25 -26 -27 -28 -29 -30 -31
leaf_value=-0.012109121147501307 0.0050385889105475819 0.04308151293998156 0.0029816829031518001 -0.0084452066283139671 0.13468133911125865 -0.0065361835483188418 -0.0048654098141907246 -0.00016096902710117101 0.019054265078809435 0.0062252653499177968 0.0008482578648083245 0.0029557449271075844 0.0086167662119812534 0.023212885687487295 0.017014720269880303 0.064008078747119598 -0.0032658759892110092 -0.003012766244074633 -0.0080754203923973367 0.027921464928569839 0.0089989403675579845 0.0060164784217523089 -0.0079414057069132904 0.00064640897984272194 0.038172013615286209 -0.0024128677093053388 -0.0027225420612903037 -0.0071968047089149339 0.0010531375571436797 0.021243803777545579
leaf_weight=24313 774 3356 512 4229 1750 1042 1256 1723 1716 1128 4526 2018 1266 569 4857 5381 2975 991 4927 3858 7849 3162 305 1983 1695 1249 1936 2126 279 3107
leaf_count=24313 774 3356 512 4229 1750 1042 1256 1723 1716 1128 4526 2018 1266 569 4857 5381 2975 991 4927 3858 7849 3162 305 1983 1695 1249 1936 2126 279 3107
internal_value=-0.00421442 0.00955769 -0.0215677 -0.0152107 0.0127593 0.00196247 -0.01737 0.0103842 0.00312771 0.0164759 0.00576807 0.0112473 0.010352 0.00433269 0.0172385 0.0163056 -0.0112971 -0.0242227 -0.0210798 0.0133793 0.00782659 0.00798043 -0.00214086 -0.00362216 0.01337 -0.00188813 -0.00795404 -0.0216798 -0.00872772 0.0107306
internal_weight=96858 54001 42857 12626 37988 16013 10865 23177 14971 14811 9973 21454 18098 8257 13683 11933 4510 30231 5918 8231 9867 3731 4998 4224 6552 1761 2241 6355 3254 4373
internal_count=96858 54001 42857 12626 37988 16013 10865 23177 14971 14811 9973 21454 18098 8257 13683 11933 4510 30231 5918 8231 9867 3731 4998 4224 6552 1761 2241 6355 3254 4373
is_linear=0
shrinkage=0.05


Tree=22
num_leaves=31
num_cat=0
split_feature=12 12 12 4 6 12 3 12 6 4 3 4 3 3 4 0 4 4 3 8 14 2 8 12 2 12 12 2 8 8
split_gain=9027.76 494.655 283.032 134.22 130.437 109.941 100.161 96.8769 69.4267 43.8569 41.7815 37.6382 51.7268 31.4126 53.8536 29.9521 43.0573 25.8942 35.9156 25.5098 25.3415 23.8423 23.6119 23.4171 23.6485 23.2992 23.1942 20.4988 20.1708 19.8956
threshold=0.50484537123055562 1.4152562361112508 0.17605792936502632 1.0000000180025095e-35 1.0000000180025095e-35 2.5278353214516947 1.0000000180025095e-35 0.74401127841374592 1.0000000180025095e-35 1.0000000180025095e-35 1.0000000180025095e-35 1.0000000180025095e-35 1.0000000180025095e-35 1.0000000180025095e-35 1.0000000180025095e-35 5.5000000000000009 1.0000000180025095e-35 2.5000000000000004 1.0000000180025095e-35 1.0000000180025095e-35 0.17870156100901541 4.5000000000000009 1.0000000180025095e-35 3.855148062680124 21.500000000000004 0.94265681857819605 0.36299386945380935 23.500000000000004 1.0000000180025095e-35 1.0000000180025095e-35
decision_type=2 2 2 2 2 2 2 2 2 2 2 2 2 2 2 2 2 2 2 2 2 2 2 2 2 2 2 2 2 2
left_child=2 4 15 29 7 8 26 17 11 28 27 -3 22 14 -7 -1 -17 -2 -19 -12 -8 -14 -13 24 -16 -6 -5 -11 -9 -4
right_child=1 5 3 6 25 13 20 9 -10 10 19 12 21 -15 23 16 -18 18 -20 -21 -22 -23 -24 -25 -26 -27 -28 -29 -30 -31
leaf_value=-0.011504618065950717 0.0033081148309007159 0.048075579676660186 0.0027945400445034576 -0.0080378963909379601 -0.0088144016757952196 0.14233667091844873 -0.004502905190502263 0.050593002268939362 0.00042132897676318564 0.0022551168046815507 0.021105287839211173 0.0032459195470373515 0.017928645579878905 0.065571946745912033 0.020661289480616025 -0.0029277928789038289 -0.0076868257914040339 -0.0040596302408038047 0.00031430160513962191 0.0063644305937967495 -0.0028845153728430358 0.030580486046227297 0.0099841836719822621 0.038107776982797117 0.0070326294229912439 -0.0028215098057630564 -0.0067815873403742266 -0.001747087197582381 0.013867063653089174 -0.002340741010544295
leaf_weight=24206 989 3201 488 4135 569 1434 1563 442 1652 4911 821 2038 4272 4538 3632 983 4995 1862 1854 4270 2796 3800 7528 1208 1736 715 1941 1287 1825 1194
leaf_count=24206 989 3201 488 4135 569 1434 1563 442 1652 4911 821 2038 4272 4538 3632 983 4995 1862 1854 4270 2796 3800 7528 1208 1736 715 1941 1287 1825 1194
internal_value=-0.00427595 0.00916019 -0.0216136 -0.0151585 0.00278716 0.0127151 -0.0172712 0.00387027 0.0106231 0.00601579 0.00474134 0.0114053 0.0105001 0.0164648 0.0145818 -0.0242049 -0.0210355 -0.00231137 -0.00422497 0.00809762 -0.0114877 0.0134477 0.00801275 0.0126673 0.0112519 -0.0126168 -0.0214203 0.00198451 0.0123622 -0.00205113
internal_weight=96885 54584 42301 12117 19545 35039 10435 18261 22491 13556 11289 20839 17638 12548 8010 30184 5978 4705 3716 5091 4359 8072 9566 6576 5368 1284 6076 6198 2267 1682
internal_count=96885 54584 42301 12117 19545 35039 10435 18261 22491 13556 11289 20839 17638 12548 8010 30184 5978 4705 3716 5091 4359 8072 9566 6576 5368 1284 6076 6198 2267 1682
is_linear=0
shrinkage=0.05


Tree=23
num_leaves=31
num_cat=0
split_feature=12 12 12 12 4 3 6 6 4 3 4 3 8 2 14 14 8 8 8 12 1 12 11 12 2 2 4 11 8 8
split_gain=8669.59 525.847 255.496 185.841 160.523 106.335 98.6861 77.6789 60.1435 100.188 50.6224 47.5502 37.8857 34.8273 33.818 33.232 32.0555 27.121 25.1298 23.0601 20.9679 19.4337 18.1238 17.4614 17.1677 18.145 17.6931 17.0338 19.2498 16.2982
threshold=0.47513863528590267 1.039915470202802 0.13734462831246702 1.9315817605357493 1.0000000180025095e-35 1.0000000180025095e-35 1.0000000180025095e-35 1.0000000180025095e-35 1.0000000180025095e-35 1.0000000180025095e-35 1.0000000180025095e-35 1.0000000180025095e-35 1.0000000180025095e-35 21.500000000000004 0.11125199692356876 0.73771259894200913 1.5000000000000002 1.0000000180025095e-35 1.5000000000000002 3.373311256205707 1.5000000000000002 0.34771450359961475 0.45273935515264696 3.3051653086412491 23.500000000000004 15.500000000000002 6.5000000000000009 0.19372693912842709 1.0000000180025095e-35 1.0000000180025095e-35
decision_type=2 2 2 2 2 2 2 2 2 2 2 2 2 2 2 2 2 2 2 2 2 2 2 2 2 2 2 2 2 2
left_child=2 6 -1 7 18 21 10 15 -5 13 -2 17 -11 19 -7 -3 -14 -12 -4 -10 -17 -6 -13 -15 25 26 -22 -16 -29 -24
right_child=1 3 4 8 5 14 -8 -9 9 12 11 22 16 23 27 20 -18 -19 -20 -21 24 -23 29 -25 -26 -27 -28 28 -30 -31
leaf_value=-0.01087050564329085 0.00771607315239114 0.0031156943538729778 0.00041439567565425967 0.093328262512907156 -0.0079330056867956637 -0.0045585347306035641 -0.0081223947568152613 -0.001967668948614801 0.014954407578291985 0.083043231008079726 -0.0057457341307193075 -0.0011564238145712392 0.01771702450759002 0.0035138504229517311 -0.0038031914857721005 0.015223046304262793 0.042447764660368238 -0.00145970456904293 -0.0031647666577077904 0.038833718456451449 0.0051030874509687242 -0.0068533863934804144 0.01650849658656528 0.014687060553540215 0.0034489111063404801 0.02646625103880498 0.012272343690200416 0.00014947864555113488 -0.0032128707458107587 0.0022690723174323968
leaf_weight=26733 1736 2397 1130 2924 5699 1480 740 1466 6879 2830 696 1250 1928 2778 1628 4504 3563 4099 1030 1275 3987 1766 322 982 2024 1950 4271 547 1633 2548
leaf_count=26733 1736 2397 1130 2924 5699 1480 740 1466 6879 2830 696 1250 1928 2778 1628 4504 3563 4099 1030 1275 3987 1766 322 982 2024 1950 4271 547 1633 2548
internal_value=-0.00449429 0.00850922 -0.021714 0.0110003 -0.0164705 -0.0186054 -0.00106005 0.00754527 0.0140734 0.0131048 0.000166651 -0.00135446 0.0173146 0.0101645 -0.0131808 0.00839518 0.0148926 -0.00473931 -0.00386574 0.0120002 0.0091838 -0.0224481 0.00258495 0.00618351 0.00810988 0.00894397 0.00791959 -0.010688 -0.00779817 0.00477352
internal_weight=96795 55149 41646 43758 14913 12753 11391 20599 23159 20235 10651 8915 8321 11914 5288 19133 5491 4795 2160 8154 16736 7465 4120 3760 12232 10208 8258 3808 2180 2870
internal_count=96795 55149 41646 43758 14913 12753 11391 20599 23159 20235 10651 8915 8321 11914 5288 19133 5491 4795 2160 8154 16736 7465 4120 3760 12232 10208 8258 3808 2180 2870
is_linear=0
shrinkage=0.05


Tree=24
num_leaves=31
num_cat=0
split_feature=12 12 12 4 12 3 6 12 6 4 3 2 4 11 1 4 3 8 8 12 14 14 8 8 0 8 14 0 4 8
split_gain=8372.44 482.802 292.245 156.059 151.046 120.281 72.9775 72.4802 70.5653 61.475 74.9828 38.7661 36.627 34.6193 33.9816 36.7098 32.9213 24.2951 30.6123 23.9913 21.7522 20.893 20.8652 20.5251 19.4891 17.4686 17.4002 17.2087 23.0444 16.9325
threshold=0.48938776846765614 1.710405393121722 0.13734462831246702 1.0000000180025095e-35 0.88633335334409069 1.0000000180025095e-35 1.0000000180025095e-35 3.3051653086412491 1.0000000180025095e-35 1.0000000180025095e-35 1.0000000180025095e-35 21.500000000000004 1.0000000180025095e-35 0.19372693912842709 3.5000000000000004 2.5000000000000004 1.0000000180025095e-35 1.0000000180025095e-35 1.5000000000000002 0.34771450359961475 0.45677519373947462 0.6266988368345684 1.5000000000000002 1.0000000180025095e-35 17.500000000000004 1.0000000180025095e-35 1.4326904105520948 5.5000000000000009 1.0000000180025095e-35 1.0000000180025095e-35
decision_type=2 2 2 2 2 2 2 2 2 2 2 2 2 2 2 2 2 2 2 2 2 2 2 2 2 2 2 2 2 2
left_child=2 4 27 22 8 19 14 9 12 29 11 -11 -2 -7 20 -16 23 -12 24 -5 -6 -17 -4 -14 -19 -13 -15 -1 -29 -3
right_child=1 7 3 5 6 13 -8 -9 -10 10 17 25 16 26 15 21 -18 18 -20 -21 -22 -23 -24 -25 -26 -27 -28 28 -30 -31
leaf_value=-0.010383888771000029 0.006642133567170006 0.13256383439107405 0.00031372703181191397 -0.0075540630664072822 -0.0052214133733811787 -0.0039462645448774605 -0.0026019359591504701 0.05499084551082787 -0.0087215951570592809 0.012708330868942975 0.056306039709538395 -0.0028996591327593692 -0.006813009789839764 -0.0027714815833572827 0.019231928497960474 -0.002600247697306002 0.00087096646902251888 0.0055256314301528556 0.032874124136792561 -0.0065121073691769421 0.0098394565405588927 0.0036209838488051541 -0.0029398823830527805 -0.0019039696967532939 0.022652127746464003 0.0050688438591889318 0.0010393343137441557 -0.0027415924804670938 -0.0072835959709811804 0.045825019025373864
leaf_weight=24176 1181 865 1149 5709 170 2883 1269 4627 521 8559 2090 835 457 2276 1549 854 2958 1067 3808 1924 8722 6158 1038 2922 1375 2666 244 490 2058 2356
leaf_count=24176 1181 865 1149 5709 170 2883 1269 4627 521 8559 2090 835 457 2276 1549 854 2958 1067 3808 1924 8722 6158 1038 2922 1375 2666 244 490 2058 2356
internal_value=-0.0045959 0.00823456 -0.0214217 -0.0158921 0.00342196 -0.0179656 0.00588345 0.0127938 -0.00231061 0.0116729 0.0106593 0.00813847 -0.00107741 -0.0122571 0.0067252 0.0044767 -0.00258403 0.0143046 0.012744 -0.0220064 0.00889001 0.00293782 -0.00353224 -0.0059559 0.00837428 0.00370608 -0.00797619 -0.0245715 -0.0206633 0.0180922
internal_weight=96956 55009 41947 15223 26761 13036 18722 28248 8039 23621 20400 12060 7518 5403 17453 8561 6337 8340 6250 7633 8892 7012 2187 3379 2442 3501 2520 26724 2548 3221
internal_count=96956 55009 41947 15223 26761 13036 18722 28248 8039 23621 20400 12060 7518 5403 17453 8561 6337 8340 6250 7633 8892 7012 2187 3379 2442 3501 2520 26724 2548 3221
is_linear=0
shrinkage=0.05


Tree=25
num_leaves=31
num_cat=0
split_feature=12 12 12 12 4 3 6 6 12 6 4 1 0 4 4 3 8 14 8 4 3 3 12 8 2 8 8 14 2 2
split_gain=8034.79 444.88 308.679 142.643 132.632 108.7 79.8723 79.3494 70.053 58.7599 50.7806 51.7011 36.3264 42.1073 34.3855 45.6795 34.0098 24.959 24.1416 23.4716 25.0448 22.9931 22.8482 22.473 20.1653 16.3914 15.877 15.7773 15.3626 14.9804
threshold=0.48938776846765614 1.7601746447116684 0.16296266310720589 0.76537315468129263 1.0000000180025095e-35 1.0000000180025095e-35 1.0000000180025095e-35 1.0000000180025095e-35 3.132656804889534 1.0000000180025095e-35 1.0000000180025095e-35 3.5000000000000004 5.5000000000000009 1.0000000180025095e-35 1.0000000180025095e-35 1.0000000180025095e-35 1.0000000180025095e-35 0.1241425062426041 1.0000000180025095e-35 1.0000000180025095e-35 1.0000000180025095e-35 1.0000000180025095e-35 0.34771450359961475 1.5000000000000002 23.500000000000004 1.0000000180025095e-35 1.5000000000000002 0.64016356270154462 26.500000000000004 17.500000000000004
decision_type=2 2 2 2 2 2 2 2 2 2 2 2 2 2 2 2 2 2 2 2 2 2 2 2 2 2 2 2 2 2
left_child=2 3 12 9 -4 22 14 8 10 19 -3 21 -1 26 16 24 -5 -7 -17 -2 25 28 -6 -20 27 -21 -14 -16 -12 -18
right_child=1 7 4 6 5 17 -8 -9 -10 -11 11 -13 13 -15 15 18 29 -19 23 20 -22 -23 -24 -25 -26 -27 -28 -29 -30 -31
leaf_value=-0.0098656820095224373 0.0043510882141541861 0.061328672542457774 -0.0010466166642854491 0.049988483430608292 -0.0069720420636335354 -0.0039225278442629108 -0.0024519540700866428 0.0017540985192149806 0.051649969857571046 -0.0094410540069267204 0.016422045715499045 0.010112887771542645 -0.0012980138095789906 -0.0067497423638934358 -0.00081886096538491277 0.020077661369850688 0.0063187733270489987 -0.0026769091884051299 0.0036973458935969624 -0.0068007983868781209 0.00011014986909334002 0.035748445584335618 -0.0061299578424988998 0.011947522824438041 -0.0011243576231784042 -0.0022299925610163667 -0.0046428509887372392 0.0038231791871393031 0.0029112824674815464 0.019457666063414199
leaf_weight=24194 825 2889 1801 685 4578 1151 1527 2067 5294 375 4364 7114 540 3988 1084 1392 1368 3496 3514 366 2149 4789 1936 2847 1954 2010 288 6331 534 1386
leaf_count=24194 825 2889 1801 685 4578 1151 1527 2067 5294 375 4364 7114 540 3988 1084 1392 1368 3496 3514 366 2149 4789 1936 2847 1954 2010 288 6331 534 1386
internal_value=-0.00485718 0.00774005 -0.0213237 0.00329972 -0.014909 -0.0169407 0.00512269 0.0123055 0.0130844 -0.00373362 0.0117115 0.0106586 -0.0241899 -0.0202243 0.00594207 0.0050257 0.0105045 -0.0110986 0.0078647 -0.00239252 -0.00380663 0.0130355 -0.0211084 0.0065595 0.00267638 -0.00734428 -0.00996377 0.00386716 0.0106268 0.00802469
internal_weight=96836 54864 41972 27813 12962 11161 22088 27051 24984 5725 19690 16801 29010 4816 20561 17122 3439 4647 7753 5350 4525 9687 6514 6361 9369 2376 828 7415 4898 2754
internal_count=96836 54864 41972 27813 12962 11161 22088 27051 24984 5725 19690 16801 29010 4816 20561 17122 3439 4647 7753 5350 4525 9687 6514 6361 9369 2376 828 7415 4898 2754
is_linear=0
shrinkage=0.05


Tree=26
num_leaves=31
num_cat=0
split_feature=12 12 0 4 12 3 6 6 12 6 4 1 14 4 3 12 8 3 8 8 14 12 1 2 2 2 8 8 0 1
split_gain=7751.13 400.873 330.913 167.895 133.131 126.065 78.3747 72.581 67.2991 52.0734 46.2368 55.9841 45.3655 35.2487 38.5342 32.3187 27.9451 24.733 22.9447 22.6691 20.649 20.0895 20.088 19.3475 30.6211 20.24 18.9454 18.3374 16.8321 16.1773
threshold=0.48938776846765614 1.710405393121722 5.5000000000000009 1.0000000180025095e-35 0.74401127841374592 1.0000000180025095e-35 1.0000000180025095e-35 1.0000000180025095e-35 3.4493351246816402 1.0000000180025095e-35 1.0000000180025095e-35 3.5000000000000004 0.11125199692356876 1.0000000180025095e-35 1.0000000180025095e-35 0.34771450359961475 1.0000000180025095e-35 1.0000000180025095e-35 1.0000000180025095e-35 1.0000000180025095e-35 0.28886469119929453 1.1774420736118369 1.5000000000000002 7.5000000000000009 3.5000000000000004 9.5000000000000018 2.5000000000000004 1.0000000180025095e-35 21.500000000000004 1.5000000000000002
decision_type=2 2 2 2 2 2 2 2 2 2 2 2 2 2 2 2 2 2 2 2 2 2 2 2 2 2 2 2 2 2
left_child=2 4 -1 22 9 15 13 8 10 20 19 17 -7 16 21 -5 -6 -12 -16 -3 -2 -15 -4 24 -13 -25 -20 -14 -22 -18
right_child=1 7 3 5 6 12 -8 -9 -10 -11 11 23 27 14 18 -17 29 -19 26 -21 28 -23 -24 25 -26 -27 -28 -29 -30 -31
leaf_value=-0.0093709836025845043 -0.0045131867132431709 0.13002114377449039 0.0019551476942842663 -0.0071242356988455244 0.047161364341606261 -0.0038754695534079526 -0.0025364331548802092 0.0016361789064964383 0.059511804360446889 -0.0087745678821085638 0.014353502978715417 0.012514134244781006 -0.0012663060140268051 -0.00019642278425667793 0.017848198805477285 -0.0058046677111181673 0.03138847252889463 0.03524456441105811 0.0032999097232868759 0.042031898885453028 0.00054196834201864494 0.003731656419544982 -0.0022601556929632035 -0.00080215763234109394 0.041161763555921049 0.0080719899868827005 0.010997561235976873 -0.0033610438087153197 -0.0023293434695904002 0.0092747596389747174
leaf_weight=24172 758 919 430 6881 649 2136 1444 2140 3529 350 5573 2235 1204 3693 1348 1903 439 5470 3594 2379 2633 5354 2247 1077 972 3891 2573 2887 1573 2213
leaf_count=24172 758 919 430 6881 649 2136 1444 2140 3529 350 5573 2235 1204 3693 1348 1903 439 5470 3594 2379 2633 5354 2247 1077 972 3891 2573 2887 1573 2213
internal_value=-0.00496762 0.00740612 -0.0211682 -0.0159713 0.00300609 -0.0180284 0.00477191 0.011562 0.0122893 -0.00407414 0.0112831 0.0103445 -0.0125863 0.00558954 0.0046492 -0.0218864 0.0103075 0.0126664 0.00729541 0.0167526 -0.00275987 0.00245109 -0.00443594 0.00720795 0.0102354 0.00525362 0.00600373 -0.00950257 -0.00139087 0.00803167
internal_weight=96666 54806 41860 17688 26621 15011 21307 28185 26045 5314 22516 19218 6227 19863 16562 8784 3301 11043 7515 3298 4964 9047 2677 8175 3207 4968 6167 4091 4206 2652
internal_count=96666 54806 41860 17688 26621 15011 21307 28185 26045 5314 22516 19218 6227 19863 16562 8784 3301 11043 7515 3298 4964 9047 2677 8175 3207 4968 6167 4091 4206 2652
is_linear=0
shrinkage=0.05


Tree=27
num_leaves=31
num_cat=0
split_feature=12 12 0 12 4 3 6 6 4 3 4 3 14 14 2 0 0 12 0 2 1 14 1 12 2 11 1 3 4 14
split_gain=7546.63 433.596 300.811 160.991 140.701 125.067 90.9617 63.9895 50.4686 85.0162 46.6988 41.2 40.6385 36.1054 30.3817 28.6207 27.0123 23.5658 23.0646 21.1515 21.0084 20.9215 20.0993 18.9428 18.4452 16.2122 16.2052 16.1221 31.1498 14.6605
threshold=0.44608220339315774 1.039915470202802 5.5000000000000009 2.2966739864518382 1.0000000180025095e-35 1.0000000180025095e-35 1.0000000180025095e-35 1.0000000180025095e-35 1.0000000180025095e-35 1.0000000180025095e-35 1.0000000180025095e-35 1.0000000180025095e-35 0.11125199692356876 0.73771259894200913 21.500000000000004 20.500000000000004 16.500000000000004 3.373311256205707 12.500000000000002 23.500000000000004 3.5000000000000004 0.28886469119929453 1.5000000000000002 0.3066224417723053 10.500000000000002 0.19372693912842709 1.5000000000000002 1.0000000180025095e-35 1.0000000180025095e-35 0.28886469119929453
decision_type=2 2 2 2 2 2 2 2 2 2 2 2 2 2 2 2 2 2 2 2 2 2 2 2 2 2 2 2 2 2
left_child=2 6 -1 7 22 23 10 13 -5 14 -2 19 -7 -3 20 16 18 -11 -15 29 -10 -13 -4 -6 -22 -14 -9 28 -20 -12
right_child=1 3 4 8 5 12 -8 26 9 17 11 21 25 15 -16 -17 -18 -19 27 -21 24 -23 -24 -25 -26 -27 -28 -29 -30 -31
leaf_value=-0.0089066084239701904 0.0065689277212775459 0.0017327394493647397 0.0014699182088805858 0.10277265429416356 -0.0067693021455255192 -0.0036872615682500194 -0.0069669353096086534 0.0019344009697022241 0.019392623041530322 0.036556100562202702 -0.0043151431006905605 -0.002956136951985894 -0.0033608994599175768 0.012657999059874699 0.004912686090610463 0.0038765066647287964 0.016789787597920925 0.090192724921190889 0.025195701786398617 -0.0044043894672734594 0.0046296713620865631 0.0017834066865299481 -0.0023077988911445746 -0.0061753493050851318 0.021260878289021991 -0.001994361154029259 -0.0026567714792010647 0.012316461017622578 0.0014570459878701953 -0.00088805175633782099
leaf_weight=24198 1878 2497 419 1990 6325 2138 826 744 3801 4318 403 489 1793 6194 2825 2841 6004 1597 1190 1144 1262 3917 2070 1877 695 2001 1231 3014 3708 3631
leaf_count=24198 1878 2497 419 1990 6325 2138 826 744 3801 4318 403 489 1793 6194 2825 2841 6004 1597 1190 1144 1262 3917 2070 1877 695 2001 1231 3014 3708 3631
internal_value=-0.00505154 0.00683331 -0.0214136 0.00915659 -0.016235 -0.0181654 -0.00146891 0.00680907 0.013061 0.0120361 -0.000314081 -0.00172684 -0.0126349 0.00748192 0.00885763 0.00810313 0.00876678 0.0166484 0.00757125 -0.00475087 0.0109413 0.00182705 -0.0052732 -0.0221653 0.00673224 -0.0095282 -0.00186076 0.00578236 0.00401184 -0.00304908
internal_weight=97020 56199 40821 43911 16623 14134 12288 27423 16488 14498 11462 9584 5932 25448 8583 22951 20110 5915 14106 5178 5758 4406 2489 8202 1957 3794 1975 7912 4898 4034
internal_count=97020 56199 40821 43911 16623 14134 12288 27423 16488 14498 11462 9584 5932 25448 8583 22951 20110 5915 14106 5178 5758 4406 2489 8202 1957 3794 1975 7912 4898 4034
is_linear=0
shrinkage=0.05


Tree=28
num_leaves=31
num_cat=0
split_feature=12 12 0 4 12 12 6 6 2 2 6 11 1 4 4 6 8 4 8 1 14 14 14 12 1 14 4 14 12 2
split_gain=7279.31 390.501 320.188 139.715 108.884 86.7647 60.9508 51.9056 49.5674 79.9656 45.7445 36.7829 35.5933 33.8983 29.118 27.2928 25.6411 25.0955 25.4707 24.0411 23.7085 21.6063 20.4132 19.8898 19.786 18.687 16.8825 15.5632 14.4336 13.9239
threshold=0.44608220339315774 1.4641107512188394 5.5000000000000009 1.0000000180025095e-35 0.74401127841374592 2.7173423855593684 1.0000000180025095e-35 1.0000000180025095e-35 5.5000000000000009 27.500000000000004 1.0000000180025095e-35 0.19372693912842709 3.5000000000000004 2.5000000000000004 1.0000000180025095e-35 1.0000000180025095e-35 1.5000000000000002 1.0000000180025095e-35 1.0000000180025095e-35 3.5000000000000004 2.1752531023704997 0.24433431584371992 0.86746141427363688 0.23107305130311315 3.5000000000000004 0.11502245135679885 1.0000000180025095e-35 0.45677519373947462 2.0652008422460999 20.500000000000004
decision_type=2 2 2 2 2 2 2 2 2 2 2 2 2 2 2 2 2 2 2 2 2 2 2 2 2 2 2 2 2 2
left_child=2 4 -1 16 6 10 14 17 11 23 12 -5 22 -14 -2 20 25 18 -6 27 26 -16 -3 -10 -23 -4 -7 -19 -24 -25
right_child=1 5 3 8 7 15 -8 -9 9 -11 -12 -13 13 -15 21 -17 -18 19 -20 -21 -22 24 28 29 -26 -27 -28 -29 -30 -31
leaf_value=-0.0084568719622373032 0.0038641119371765928 0.0021327175483720428 -0.0013395269377689256 -0.0039427222074548416 0.040417484264476236 0.097855193153881984 -0.0088561789328652878 -0.0024918289402802111 -0.0065633499117375349 -0.0023761776952648667 0.00015623326662099479 -0.0020994141433050202 0.038809153784575869 0.0063426417579205644 -0.0050073271594879981 0.0047242438031402049 -0.0033744910614900651 -0.0018167310492604033 0.0096672732026907189 0.0009375903936656633 0.053466485855025794 -2.1772144457865574e-07 0.013415498693057049 -0.0045141696139484018 -0.0031207679936109097 0.0022005790115618789 0.022826336132970949 0.0052986882278963036 0.024043366393721056 -0.0086354387611636552
leaf_weight=24174 940 653 679 2146 476 676 414 1066 4832 1910 1754 1796 1638 8296 589 774 1092 370 2001 5996 3476 2351 5935 2228 2172 693 4962 5743 5777 1147
leaf_count=24174 940 653 679 2146 476 676 414 1066 4832 1910 1754 1796 1638 8296 589 774 1092 370 2001 5996 3476 2351 5935 2228 2172 693 4962 5743 5777 1147
internal_value=-0.00520226 0.0064829 -0.0212983 -0.0159338 0.00131341 0.00985165 -0.00414476 0.00356823 -0.0178587 -0.0197119 0.00823078 -0.0131025 0.00884232 0.00661365 -0.00287508 0.0137945 -0.0049513 0.00434663 0.00893218 0.00340862 0.01456 -0.00436228 0.0106328 -0.0218563 -0.00318925 -0.000400875 0.0125576 0.00561508 0.0111125 -0.0189111
internal_weight=96756 56059 40697 16523 22118 33941 6466 15652 14059 10117 24053 3942 22299 9934 6052 9888 2464 14586 2477 12109 9114 5112 12365 8207 4523 1372 5638 6113 11712 3375
internal_count=96756 56059 40697 16523 22118 33941 6466 15652 14059 10117 24053 3942 22299 9934 6052 9888 2464 14586 2477 12109 9114 5112 12365 8207 4523 1372 5638 6113 11712 3375
is_linear=0
shrinkage=0.05


Tree=29
num_leaves=31
num_cat=0
split_feature=12 12 0 4 12 3 6 6 4 3 8 14 4 14 3 8 1 2 12 3 4 2 8 8 1 2 11 4 8 3
split_gain=6986.44 368.325 347.017 145.359 140.614 122.122 75.4917 60.7289 51.5575 86.9147 42.7662 38.1703 36.455 33.7427 32.4412 29.651 29.0732 25.6386 23.664 22.2691 26.4857 21.6317 19.9568 19.8917 19.1891 21.6947 18.0163 17.0372 32.0393 26.088
threshold=0.44608220339315774 0.98315794437631931 5.5000000000000009 1.0000000180025095e-35 2.2738706688326817 1.0000000180025095e-35 1.0000000180025095e-35 1.0000000180025095e-35 1.0000000180025095e-35 1.0000000180025095e-35 1.0000000180025095e-35 0.66942980461417545 1.5000000000000002 0.10072908347879654 1.0000000180025095e-35 1.5000000000000002 1.5000000000000002 4.5000000000000009 0.23107305130311315 1.0000000180025095e-35 1.0000000180025095e-35 21.500000000000004 1.0000000180025095e-35 1.5000000000000002 3.5000000000000004 10.500000000000002 0.45273935515264696 2.5000000000000004 1.0000000180025095e-35 1.0000000180025095e-35
decision_type=2 2 2 2 2 2 2 2 2 2 2 2 2 2 2 2 2 2 2 2 2 2 2 2 2 2 2 2 2 2
left_child=2 6 -1 23 7 18 12 11 -6 21 -11 -3 -2 -7 22 -12 17 -13 -5 20 -19 24 -14 -4 -10 -26 -16 28 -18 -29
right_child=1 4 3 5 8 13 -8 -9 9 10 15 16 14 -15 26 -17 27 19 -20 -21 -22 -23 -24 -25 25 -27 -28 29 -30 -31
leaf_value=-0.008035694360513039 0.0042591369842225422 0.00021407151371638511 -0.0001119788349781159 -0.0062190017238498143 0.092563176608063971 -0.0034425045364978009 -0.0066772040785279185 -0.0014647861964707854 0.017168934598043951 0.073820275226846893 0.01053316462392978 -0.001254244551901873 -0.004965385797521463 -0.002471905287929713 -0.0016343683705790258 0.036242514292235697 0.05251463254295468 0.043583323079436534 -0.0054286987060446802 0.0223032300015268 0.0057202114895531179 0.0040505436680037532 -0.0017459892310869045 -0.0028731351763749777 0.0017661869494267624 0.021389774965810272 0.0021338227697368594 0.0029845309442594449 0.013260273307018722 0.010481430688794891
leaf_weight=24150 1922 2121 1384 4737 2057 1914 711 1969 3847 2347 1114 503 675 3931 1414 2554 629 634 3383 2618 2830 2862 3688 1097 1328 692 2610 8150 2555 6014
leaf_count=24150 1922 2121 1384 4737 2057 1914 711 1969 3847 2347 1114 503 675 3931 1414 2554 629 634 3383 2618 2830 2862 3688 1097 1328 692 2610 8150 2555 6014
internal_value=-0.00535359 0.00612062 -0.0211376 -0.0155357 0.00813404 -0.017517 -0.00206897 0.00596564 0.0117508 0.0107162 0.0153408 0.00660551 -0.000982152 -0.012006 -0.00240551 0.0119684 0.00717524 0.0100038 -0.021484 0.010901 0.00827079 0.0075295 -0.00539193 -0.00438331 0.00926794 0.00532178 0.000832505 0.00610157 0.00940641 0.00535866
internal_weight=96440 55844 40596 16446 44824 13965 11020 28023 16801 14744 6015 26054 10309 5845 8387 3668 23933 6585 8120 6082 3464 8729 4363 2481 5867 2020 4024 17348 3184 14164
internal_count=96440 55844 40596 16446 44824 13965 11020 28023 16801 14744 6015 26054 10309 5845 8387 3668 23933 6585 8120 6082 3464 8729 4363 2481 5867 2020 4024 17348 3184 14164
is_linear=0
shrinkage=0.05


Tree=30
num_leaves=31
num_cat=0
split_feature=12 12 0 12 4 3 6 6 3 4 8 14 14 14 4 3 8 1 2 2 1 8 3 4 12 0 0 8 0 1
split_gain=6851.3 384.603 331.401 129.156 128.773 126.96 80.3229 55.27 50.3476 84.2049 38.9075 36.3205 33.639 29.2957 27.7011 34.1538 25.4692 22.9165 29.1789 21.5256 20.6907 19.0779 19.0503 24.147 17.3648 16.1174 19.0012 17.929 14.91 14.7242
threshold=0.41821408167091356 0.98315794437631931 5.5000000000000009 2.2966739864518382 1.0000000180025095e-35 1.0000000180025095e-35 1.0000000180025095e-35 1.0000000180025095e-35 1.0000000180025095e-35 1.0000000180025095e-35 1.0000000180025095e-35 0.25236997910659409 0.10728911571493753 0.7030220205362262 2.5000000000000004 1.0000000180025095e-35 1.5000000000000002 1.5000000000000002 4.5000000000000009 21.500000000000004 1.5000000000000002 1.0000000180025095e-35 1.0000000180025095e-35 1.0000000180025095e-35 0.21840486120628935 20.500000000000004 16.500000000000004 1.5000000000000002 14.500000000000002 3.5000000000000004
decision_type=2 2 2 2 2 2 2 2 2 2 2 2 2 2 2 2 2 2 2 2 2 2 2 2 2 2 2 2 2 2
left_child=2 6 -1 7 20 24 11 13 9 -5 -10 -2 -7 -3 -13 21 -12 18 -15 29 -4 -16 23 -20 -6 26 28 -28 -19 -11
right_child=1 3 4 8 5 12 -8 -9 10 19 16 14 -14 17 15 -17 -18 25 22 -21 -22 -23 -24 -25 -26 -27 27 -29 -30 -31
leaf_value=-0.0076335626316960852 -0.0040520734149885138 0.0013292581506749281 0.0018521662832899036 0.090051917597840064 -0.0059442204633100536 -0.0031578142718094171 -0.0064797056415397602 -0.0012749175316405738 0.070315136384908813 0.01602381896802171 0.011817276189048421 0.0033501464613575616 -0.0023188912436578348 -0.0026810686423476508 -0.0048087778407613488 0.0012317093834855353 0.035686216719790054 0.0081134698703406449 0.042251813390638382 0.0038998229140074893 -0.002062425420404307 -0.0014773392219904341 0.021508488637110235 0.005718517933748302 -0.0052964088828158871 0.0019277808353168142 0.019340270218303524 0.0082506386384144266 0.003158279290634192 0.0080692828698230353
leaf_weight=24116 1058 2470 408 1963 4403 2091 791 2014 2366 3749 1090 2168 3554 493 618 3844 2474 6928 648 2810 2009 3408 2635 2833 3318 2110 2097 2563 3761 1890
leaf_count=24116 1058 2470 408 1963 4403 2091 791 2014 2366 3749 1090 2168 3554 493 618 3844 2474 6928 648 2810 2009 3408 2635 2833 3318 2110 2097 2563 3761 1890
internal_value=-0.00537081 0.00578671 -0.0212493 0.00790417 -0.0156165 -0.017537 -0.0022104 0.00587525 0.011449 0.00935459 0.0151265 -0.00111301 -0.0118379 0.00648127 -0.0001843 -0.0015629 0.0118266 0.00701346 0.00952111 0.00718724 -0.00499586 -0.00478142 0.0104644 0.00803648 -0.0217038 0.00606421 0.00662747 0.00929185 0.0054659 0.00896879
internal_weight=96680 56781 39899 44894 15783 13366 11887 28552 16342 10412 5930 11096 5645 26538 10038 7870 3564 24068 6609 8449 2417 4026 6116 3481 7721 17459 15349 4660 10689 5639
internal_count=96680 56781 39899 44894 15783 13366 11887 28552 16342 10412 5930 11096 5645 26538 10038 7870 3564 24068 6609 8449 2417 4026 6116 3481 7721 17459 15349 4660 10689 5639
is_linear=0
shrinkage=0.05


Tree=31
num_leaves=31
num_cat=0
split_feature=12 12 0 4 3 12 6 4 3 6 12 14 14 12 4 1 1 2 2 11 1 12 2 3 4 2 4 2 1 2
split_gain=6591.8 370.793 343.53 118.232 131.692 113.512 74.5898 45.7943 71.0055 44.7384 39.2826 31.4035 29.9304 27.1938 26.1943 22.815 22.1298 20.5513 20.2775 20.108 20.021 17.8783 17.495 16.307 19.5468 15.7566 16.9956 19.9104 20.358 22.5767
threshold=0.40368157437839791 1.039915470202802 5.5000000000000009 1.0000000180025095e-35 1.0000000180025095e-35 2.2738706688326817 1.0000000180025095e-35 1.0000000180025095e-35 1.0000000180025095e-35 1.0000000180025095e-35 0.72412079033307097 0.73771259894200913 0.097406725082805526 3.5351141344718853 1.0000000180025095e-35 1.5000000000000002 3.5000000000000004 21.500000000000004 4.5000000000000009 2.1947354938223502 3.5000000000000004 0.23107305130311315 23.500000000000004 1.0000000180025095e-35 1.0000000180025095e-35 16.500000000000004 6.5000000000000009 10.500000000000002 4.5000000000000009 8.5000000000000018
decision_type=2 2 2 2 2 2 2 2 2 2 2 2 2 2 2 2 2 2 2 2 2 2 2 2 2 2 2 2 2 2
left_child=2 6 -1 -4 21 9 10 -7 17 11 14 -3 -6 19 -2 18 -16 -9 -13 20 -10 -5 25 24 -20 26 27 28 29 -17
right_child=1 5 3 4 12 7 -8 8 13 -11 -12 15 -14 -15 16 22 -18 -19 23 -21 -22 -23 -24 -25 -26 -27 -28 -29 -30 -31
leaf_value=-0.0072507645847153055 0.0022642633097006647 0.00083125827913885795 -0.0015071094985187287 -0.0056449414928617537 -0.003133762542655032 0.0856372052669752 -0.006300599673900756 0.012983153266262315 0.031075745778606792 -0.0011122577613306595 0.0014376934775324479 -0.0013656524315002084 -0.0021890951216832709 0.085534383116203122 -0.00090040544351561731 -0.00045949975483025043 -0.0036884899920802353 0.0037011038541149401 0.039128615658347569 0.04096520527038941 0.007076630403637086 -0.0050632530147790514 0.0020080237208326412 0.021154164749121674 0.0058853674990601793 0.024898053350197659 0.0098110214669429215 0.0089916477031828142 -0.0034663366940949902 0.0095266854002491134
leaf_weight=24220 1083 2471 2282 4795 1831 2056 855 5866 1817 1913 5665 475 3694 1321 3059 1229 2613 2877 600 1973 904 2839 2796 2480 2691 1906 5774 2283 1112 1244
leaf_count=24220 1083 2471 2282 4795 1831 2056 855 5866 1817 1913 5665 475 3694 1321 3059 1229 2613 2877 600 1973 904 2839 2796 2480 2691 1906 5774 2283 1112 1244
internal_value=-0.00556377 0.00531824 -0.0212205 -0.0153925 -0.0172145 0.00753745 -0.00200188 0.0107619 0.00978791 0.00552755 -0.00101852 0.00609014 -0.0113348 0.0139692 -0.00359363 0.00667552 -0.00495416 0.00691124 0.00924592 0.0121858 0.00939912 -0.0214697 0.00569322 0.0100632 0.007756 0.00643637 0.00574644 0.0038514 0.0015272 0.00405378
internal_weight=96724 57063 39661 15441 13159 43788 13275 16814 14758 26974 12420 25061 5525 6015 6755 22590 5672 8743 6246 4694 2721 7634 16344 5771 3291 13548 11642 5868 3585 2473
internal_count=96724 57063 39661 15441 13159 43788 13275 16814 14758 26974 12420 25061 5525 6015 6755 22590 5672 8743 6246 4694 2721 7634 16344 5771 3291 13548 11642 5868 3585 2473
is_linear=0
shrinkage=0.05


Tree=32
num_leaves=31
num_cat=0
split_feature=12 0 12 4 3 12 6 6 1 4 4 3 4 14 0 11 2 2 1 2 2 8 8 12 12 8 8 2 3 2
split_gain=6375.16 376.381 344.447 115.008 131.326 109.939 76.8203 51.4405 45.1394 40.5068 38.8496 31.4951 43.95 29.9088 30.1564 25.6817 24.3593 56.8144 29.9621 27.5974 27.063 22.6071 21.2265 20.0786 18.6374 18.1617 18.0232 17.4358 16.4246 16.3023
threshold=0.40368157437839791 5.5000000000000009 0.98315794437631931 1.0000000180025095e-35 1.0000000180025095e-35 2.688176041406114 1.0000000180025095e-35 1.0000000180025095e-35 3.5000000000000004 2.5000000000000004 1.0000000180025095e-35 1.0000000180025095e-35 1.0000000180025095e-35 0.28886469119929453 21.500000000000004 0.13258755921520016 2.5000000000000004 7.5000000000000009 5.5000000000000009 4.5000000000000009 9.5000000000000018 1.0000000180025095e-35 1.5000000000000002 2.0652008422460999 0.17605792936502632 1.0000000180025095e-35 1.0000000180025095e-35 20.500000000000004 1.0000000180025095e-35 21.500000000000004
decision_type=2 2 2 2 2 2 2 2 2 2 2 2 2 2 2 2 2 2 2 2 2 2 2 2 2 2 2 2 2 2
left_child=1 -1 6 22 24 7 10 8 23 21 -2 12 -7 -12 28 -6 -11 18 -18 -20 25 -10 -3 -4 -5 -19 -13 -26 -15 -14
right_child=2 3 5 4 15 11 -8 -9 9 16 13 26 29 14 -16 -17 17 20 19 -21 -22 -23 -24 -25 27 -27 -28 -29 -30 -31
leaf_value=-0.0068864392871572401 0.0041265938112755888 -7.3816608385801629e-05 0.0081842959188495046 -0.0056746563254992215 -0.0030096606124932119 0.10127664760214401 -0.0063197560870228977 -0.00066356872411004473 0.055515688199986181 -0.0029813250911969514 -0.0033746919557738481 0.073396512574047959 0.015256489950341512 -0.00092564594310311785 -0.0025467639251770106 -0.0018225618338240076 0.021736321616995527 -0.008667417344568152 -0.0038262877699305033 0.015929329499628459 0.002789214146688296 0.014755380215218951 -0.0028574591087440538 0.019346534002002116 -0.0037190459231322861 -0.0011110266173492756 0.029996913056570641 -0.0068284669807368277 0.0023570851540068993 0.0046537235603645866
leaf_weight=24210 1892 1313 11665 2858 2193 1142 808 2514 596 1714 1469 1725 3477 3000 2360 3307 1657 415 679 816 5611 1935 1036 5582 3133 1365 1997 1618 2683 1961
leaf_count=24210 1892 1313 11665 2858 2193 1142 808 2514 596 1714 1469 1725 3477 3000 2360 3307 1657 415 679 816 5611 1935 1036 5582 3133 1365 1997 1618 2683 1961
internal_value=-0.0056241 -0.0210195 0.00507816 -0.0149243 -0.0167499 0.00710519 -0.00236652 0.00575342 0.0062939 0.00426697 -0.00131094 0.0116385 0.00955927 -0.00261249 -0.00141427 -0.0108636 0.00307783 0.00397657 0.00959708 0.00446488 0.00157962 0.0100257 -0.00473606 0.00803183 -0.0210047 -0.00379213 0.0153143 -0.0190855 0.000558684 0.00768665
internal_weight=96731 39668 57063 15458 13109 44851 12212 34549 32035 14788 11404 10302 6580 9512 8043 5500 12257 10543 3152 1495 7391 2531 2349 17247 7609 1780 3722 4751 5683 5438
internal_count=96731 39668 57063 15458 13109 44851 12212 34549 32035 14788 11404 10302 6580 9512 8043 5500 12257 10543 3152 1495 7391 2531 2349 17247 7609 1780 3722 4751 5683 5438
is_linear=0
shrinkage=0.05


Tree=33
num_leaves=31
num_cat=0
split_feature=12 12 12 4 3 6 12 12 3 4 8 8 14 8 8 3 4 12 4 8 3 12 11 8 0 4 3 8 4 0
split_gain=6203.01 404.085 309.138 116.733 135.713 80.8488 80.5222 49.7719 39.8772 68.6861 40.5267 39.8583 32.7693 31.1663 39.1707 28.4756 36.3505 28.011 22.9377 22.2145 22.1823 21.9856 21.5993 20.5797 18.9929 18.9494 18.4884 23.4829 17.3125 15.5206
threshold=0.40368157437839791 0.048391918360802984 1.2880618422925456 1.0000000180025095e-35 1.0000000180025095e-35 1.0000000180025095e-35 2.9483121465240987 0.76537315468129263 1.0000000180025095e-35 1.0000000180025095e-35 1.0000000180025095e-35 1.0000000180025095e-35 0.091560473374119808 1.0000000180025095e-35 1.5000000000000002 1.0000000180025095e-35 1.0000000180025095e-35 0.74401127841374592 1.0000000180025095e-35 1.0000000180025095e-35 1.0000000180025095e-35 0.17605792936502632 1.4867340363020811 1.0000000180025095e-35 17.500000000000004 1.0000000180025095e-35 1.0000000180025095e-35 1.0000000180025095e-35 9.5000000000000018 21.500000000000004
decision_type=2 2 2 2 2 2 2 2 2 2 2 2 2 2 2 2 2 2 2 2 2 2 2 2 2 2 2 2 2 2
left_child=1 -1 5 19 21 7 8 18 9 10 -4 -11 -6 22 24 16 -8 -7 -2 -3 23 -5 -10 -20 -15 -9 -27 -28 -23 -13
right_child=2 3 6 4 12 17 15 25 13 11 -12 29 -14 14 -16 -17 -18 -19 20 -21 -22 28 -24 -25 -26 26 27 -29 -30 -31
leaf_value=-0.0065608562590946428 0.0025932898532971317 0.00033860936279165037 0.076413679448584571 -0.0053054139854135833 -0.0026612192626542051 -0.0076011599960557237 0.12615022220671923 0.010904925636365248 0.016285715478944918 -0.0013536120192223279 0.01855385530461803 0.0047995732289365161 -0.0019044185674818997 0.00067181470578012723 0.018060893626692987 0.052241946714364877 0.011985208346165677 -0.0018707280157353125 -0.0047383092783993865 -0.0022236949506604792 -0.00023827178588674836 -0.0034535225392765601 0.048330710597088634 -0.0018146625582164191 0.011994509918358126 -0.00016699869542091962 0.016214314068715069 0.0024575448970241224 -0.0064104408087753764 -0.0047905864285083706
leaf_weight=23659 1173 948 1046 3128 1903 514 767 1769 1273 3490 3318 11877 3807 2139 4819 2640 3793 723 713 1445 2920 3140 1248 2668 1532 4702 596 3283 1610 180
leaf_count=23659 1173 948 1046 3128 1903 514 767 1769 1273 3490 3318 11877 3807 2139 4819 2640 3793 723 713 1445 2920 3140 1248 2668 1532 4702 596 3283 1610 180
internal_value=-0.00564871 -0.0208489 0.00488825 -0.0147065 -0.0164999 -0.000310844 0.0074878 0.000547015 0.00637895 0.00504369 0.0105866 0.00348781 -0.0106305 0.00879348 0.00734393 0.01225 0.00985746 -0.0126718 -0.00256222 -0.00452361 -0.00375734 -0.020754 0.0136751 -0.00651434 0.00345274 0.00279227 0.00182088 0.00437613 -0.0186105 0.00484988
internal_weight=96823 39640 57183 15981 13588 19061 38122 17824 30922 19911 4364 15547 5710 11011 8490 7200 4560 1237 7474 2393 6301 7878 2521 3381 3671 10350 8581 3879 4750 12057
internal_count=96823 39640 57183 15981 13588 19061 38122 17824 30922 19911 4364 15547 5710 11011 8490 7200 4560 1237 7474 2393 6301 7878 2521 3381 3671 10350 8581 3879 4750 12057
is_linear=0
shrinkage=0.05


Tree=34
num_leaves=31
num_cat=0
split_feature=12 0 12 12 4 3 6 12 4 3 6 8 8 14 8 8 11 12 3 2 14 8 1 2 2 11 1 2 4 4
split_gain=6023.79 432.039 288.227 115.817 115.611 131.536 66.8927 62.9874 42.1927 54.3923 36.8502 33.034 31.638 27.6201 27.5247 29.7134 24.7165 22.2672 22.0534 20.3 20.2799 19.2762 17.265 16.9511 15.6632 15.2695 15.23 15.066 37.8164 14.9861
threshold=0.40368157437839791 5.5000000000000009 1.7762499382849202 0.76537315468129263 1.0000000180025095e-35 1.0000000180025095e-35 1.0000000180025095e-35 3.5351141344718853 1.0000000180025095e-35 1.0000000180025095e-35 1.0000000180025095e-35 1.0000000180025095e-35 1.0000000180025095e-35 0.45677519373947462 1.0000000180025095e-35 1.5000000000000002 0.19372693912842709 0.19513604225284981 1.0000000180025095e-35 21.500000000000004 0.22211085468778977 1.5000000000000002 1.5000000000000002 20.500000000000004 23.500000000000004 1.6926799310388281 1.5000000000000002 10.500000000000002 4.5000000000000009 1.0000000180025095e-35
decision_type=2 2 2 2 2 2 2 2 2 2 2 2 2 2 2 2 2 2 2 2 2 2 2 2 2 2 2 2 2 2
left_child=1 -1 3 6 21 17 20 8 12 11 13 -10 -4 -5 25 -16 -7 -6 19 -9 -2 -3 -15 -19 27 -11 -12 28 -24 -22
right_child=2 4 7 10 5 16 -8 18 9 14 26 -13 -14 22 15 -17 -18 23 -20 -21 29 -23 24 -25 -26 -27 -28 -29 -30 -31
leaf_value=-0.006215173656747207 -0.0038520064242834745 3.3468815978102143e-05 0.10327473718497436 -0.0028184902070967385 -0.0049700852296328778 -0.0025473914126135366 -0.007008200050045918 0.039447424982438167 0.00020822841163791185 0.023764398487384188 0.00080179601291875268 0.0069435156890982341 0.027269097510580001 0.0065466690049001547 0.0067194963456717501 0.02208425251591796 -0.0013021657194833309 -0.0032092790237157527 0.075168964301950705 0.0073841051317997232 0.0023208883519646034 -0.0025633825173367614 -0.0046104605317091709 -0.0063534783715893748 -0.00037214372519479567 0.055937591900044506 -0.0026272682128616609 0.0075775600501793777 0.0037016238816575233 -0.001275963402071173
leaf_weight=24245 722 1309 909 760 3593 3584 537 1369 3229 985 588 8668 2199 5444 2356 3728 1912 2598 1316 749 1060 1044 991 1386 2375 1200 915 3865 7411 5675
leaf_count=24245 722 1309 909 760 3593 3584 537 1369 3229 985 588 8668 2199 5444 2356 3728 1912 2598 1316 749 1060 1044 991 1386 2375 1200 915 3865 7411 5675
internal_value=-0.00576498 -0.0207286 0.00464015 0.0013059 -0.0141871 -0.0160235 -0.00385914 0.00842819 0.00749549 0.00665972 0.00315338 0.00449483 0.0129183 0.00369855 0.00977446 0.00804569 -0.0101346 -0.020295 0.0147496 0.0115911 -0.00263176 -0.00398428 0.00405257 -0.0177209 0.00315872 0.0145881 -0.00440785 0.00387829 0.00268984 -0.00177803
internal_weight=96722 39671 57051 30343 15426 13073 7994 26708 23274 20166 22349 11897 3108 20846 8269 6084 5496 7577 3434 2118 7457 2353 20086 3984 14642 2185 1503 12267 8402 6735
internal_count=96722 39671 57051 30343 15426 13073 7994 26708 23274 20166 22349 11897 3108 20846 8269 6084 5496 7577 3434 2118 7457 2353 20086 3984 14642 2185 1503 12267 8402 6735
is_linear=0
shrinkage=0.05


Tree=35
num_leaves=31
num_cat=0
split_feature=12 12 12 4 3 12 4 3 8 2 4 3 2 2 14 14 2 8 12 12 8 2 11 8 3 11 2 4 8 8
split_gain=5930.84 441.464 267.422 113.96 136.621 90.3636 43.2579 79.143 43.4708 42.5546 39.1435 57.7169 51.4927 34.9633 31.1879 26.4149 23.2239 22.9061 22.1178 21.7283 20.3681 20.0252 20.0045 19.3435 19.1253 17.3546 17.3082 17.0317 16.2481 15.9791
threshold=0.40368157437839791 0.048391918360802984 1.039915470202802 1.0000000180025095e-35 1.0000000180025095e-35 3.0336481365421735 1.0000000180025095e-35 1.0000000180025095e-35 1.0000000180025095e-35 21.500000000000004 1.0000000180025095e-35 1.0000000180025095e-35 20.500000000000004 4.5000000000000009 1.974723118924252 0.091560473374119808 17.500000000000004 1.0000000180025095e-35 0.17605792936502632 0.72412079033307097 1.0000000180025095e-35 20.500000000000004 1.4867340363020811 1.0000000180025095e-35 1.0000000180025095e-35 0.45273935515264696 28.500000000000004 1.0000000180025095e-35 1.0000000180025095e-35 1.0000000180025095e-35
decision_type=2 2 2 2 2 2 2 2 2 2 2 2 2 2 2 2 2 2 2 2 2 2 2 2 2 2 2 2 2 2
left_child=1 -1 10 23 18 6 8 9 -4 20 28 12 -12 22 -7 -6 -10 -11 -5 -14 -8 -20 -9 -3 27 -13 -15 -16 -2 -24
right_child=2 3 5 4 15 14 7 13 16 17 11 25 19 26 24 -17 -18 -19 21 -21 -22 -23 29 -25 -26 -27 -28 -29 -30 -31
leaf_value=-0.0059195522253763597 0.015676476316100352 0.00034647033511308879 0.062093129399291319 -0.0047853398478149532 -0.0024052787431651512 0.015475609764841991 0.00038005368216036399 0.0031144563871104538 0.0063077754169837521 -0.0054390369859794625 -0.0012073889570608509 -0.0012191955324995065 -0.0057453019573282561 0.022724789460097684 0.16737943127627655 -0.0018365015828540679 0.024833978216847841 0.00027341121880821161 -0.0031752587778124857 -0.0020935093038052482 0.0052471934092882368 -0.0058929505418204246 0.038673456425374952 -0.0020305497668804545 0.073246788505323568 0.0022141835369589246 0.012084723403740128 0.016429547759042484 0.0022258303657531563 0.010065113451497043
leaf_weight=23750 333 927 1282 3131 1903 2597 3176 3649 2059 1078 4427 1731 1172 2719 385 3793 2066 4140 3122 936 10427 1621 668 1428 1430 3058 3599 2081 1677 2554
leaf_count=23750 333 927 1282 3131 1903 2597 3176 3649 2059 1078 4427 1731 1172 2719 385 3793 2066 4140 3122 936 10427 1621 668 1428 1430 3058 3599 2081 1677 2554
internal_value=-0.00582419 -0.0206812 0.00447296 -0.0142402 -0.0160022 0.00635618 0.00541131 0.00471259 0.00954781 0.00263137 -0.00172866 -0.00287001 -0.00592578 0.00768254 0.0118012 -0.0101036 0.00704848 -0.00120736 -0.0202692 -0.0123577 0.00410387 -0.0181162 0.00521394 -0.00408705 0.0146304 0.00129985 0.0103672 0.0119627 0.00470149 0.00808504
internal_weight=96919 39675 57244 15925 13570 43910 37417 32010 5407 18821 13334 11324 6535 13189 6493 5696 4125 5218 7874 2108 13603 4743 6871 2355 3896 4789 6318 2466 2010 3222
internal_count=96919 39675 57244 15925 13570 43910 37417 32010 5407 18821 13334 11324 6535 13189 6493 5696 4125 5218 7874 2108 13603 4743 6871 2355 3896 4789 6318 2466 2010 3222
is_linear=0
shrinkage=0.05


Tree=36
num_leaves=31
num_cat=0
split_feature=12 12 12 4 6 12 2 2 12 6 1 2 11 12 12 12 4 2 2 1 2 8 8 4 1 14 14 8 0 0
split_gain=5710.48 476.769 258.745 107.046 69.1502 64.9579 57.1601 86.0596 44.1641 40.3822 36.3208 35.4761 33.0396 31.8423 27.1837 25.9861 22.3753 36.3143 29.0395 20.3884 19.2394 19.1917 17.8761 17.2393 18.5231 16.5921 15.701 15.4315 15.2089 14.7117
threshold=0.40368157437839791 0.048391918360802984 1.3195402670430956 1.0000000180025095e-35 1.0000000180025095e-35 3.5351141344718853 5.5000000000000009 27.500000000000004 0.74401127841374592 1.0000000180025095e-35 3.5000000000000004 2.5000000000000004 0.19372693912842709 0.74401127841374592 2.0060500418386558 0.16712540254139388 2.5000000000000004 7.5000000000000009 3.5000000000000004 5.5000000000000009 20.500000000000004 1.0000000180025095e-35 1.0000000180025095e-35 2.5000000000000004 3.5000000000000004 0.40455183758037494 1.924314182998786 1.0000000180025095e-35 22.500000000000004 20.500000000000004
decision_type=2 2 2 2 2 2 2 2 2 2 2 2 2 2 2 2 2 2 2 2 2 2 2 2 2 2 2 2 2 2
left_child=1 -1 4 -3 8 9 12 15 23 10 14 -12 -5 -6 -4 -8 21 18 19 -18 27 -13 -19 -2 -25 -10 -7 -17 -27 -16
right_child=2 3 5 6 13 26 7 -9 25 -11 11 16 -14 -15 29 20 17 22 -20 -21 -22 -23 -24 24 -26 28 -28 -29 -30 -31
leaf_value=-0.005620587955743008 0.0010347564187287272 -0.0011746776012315761 0.0073335637145915625 -0.0027389376039065232 -0.0067894845512170704 0.01629820295983845 -0.0046305898058151395 -0.0015241653207034328 -0.0030131223292483356 -2.4576967229208991e-05 -0.003319126252899185 0.071796951736920564 -0.0011444079694185357 -0.0016743128001984117 0.01932091353898531 -0.0042202322817034349 0.017849528821312521 -0.0022682128657057544 0.02522245535489432 -0.0010007648521186796 -0.0056216410163728815 0.015827276055723316 0.0038604606480149074 -0.00043068691708262333 -0.0028993030109022489 0.0024115998132239083 0.045876513531938737 -0.0024448712223886005 -0.0077247773217243854 -0.0018892941813185016
leaf_weight=23640 1516 2390 7515 2313 509 844 2744 1826 517 2564 1613 609 1560 810 9815 1071 677 1803 1410 864 1744 1575 5227 2821 2837 10709 2591 2317 143 249
leaf_count=23640 1516 2390 7515 2313 509 844 2744 1826 517 2564 1613 609 1560 810 9815 1071 677 1803 1410 864 1744 1575 5227 2821 2837 10709 2591 2317 143 249
internal_value=-0.00589658 -0.0204917 0.00420584 -0.0138162 -0.000405297 0.00665757 -0.0155341 -0.017584 0.000381546 0.00599407 0.00648739 0.00456525 -0.0103989 -0.011467 0.00799391 -0.0198514 0.00548911 0.00448602 0.00914097 0.0043965 -0.0177514 0.0100733 0.00253201 -0.00269027 -0.003959 0.00231991 0.0132096 -0.0155549 0.00273682 0.00969297
internal_weight=96823 39605 57218 15965 19862 37356 13575 9702 18543 33921 31357 13778 3873 1319 17579 7876 12165 9981 2951 1541 5132 2184 7030 7174 5658 11369 3435 3388 10852 10064
internal_count=96823 39605 57218 15965 19862 37356 13575 9702 18543 33921 31357 13778 3873 1319 17579 7876 12165 9981 2951 1541 5132 2184 7030 7174 5658 11369 3435 3388 10852 10064
is_linear=0
shrinkage=0.05


Tree=37
num_leaves=31
num_cat=0
split_feature=12 12 12 4 3 12 6 12 4 3 6 12 11 2 0 4 3 14 2 1 2 1 1 11 3 2 4 2 1 2
split_gain=5568.2 501.51 238.506 112.031 136.448 92.4732 62.1572 42.6861 36.9959 53.4449 32.4103 27.2457 26.0917 25.5589 23.1933 19.4138 31.5479 19.1687 17.9558 16.9607 16.4855 34.0937 16.1025 15.7585 15.1346 14.9133 14.3966 13.528 13.3056 24.2863
threshold=0.40368157437839791 0.048391918360802984 1.7941351180353482 1.0000000180025095e-35 1.0000000180025095e-35 0.74401127841374592 1.0000000180025095e-35 3.7319206342178548 1.0000000180025095e-35 1.0000000180025095e-35 1.0000000180025095e-35 0.19513604225284981 0.13258755921520016 4.5000000000000009 17.500000000000004 1.0000000180025095e-35 1.0000000180025095e-35 0.21491882147311586 20.500000000000004 3.5000000000000004 3.5000000000000004 4.5000000000000009 1.5000000000000002 1.8173178797562319 1.0000000180025095e-35 21.500000000000004 1.0000000180025095e-35 25.500000000000004 1.0000000180025095e-35 28.500000000000004
decision_type=2 2 2 2 2 2 2 2 2 2 2 2 2 2 2 2 2 2 2 2 2 2 2 2 2 2 2 2 2 2
left_child=1 -1 5 22 11 6 17 8 -4 14 15 -5 19 23 25 -7 27 -2 -13 -6 21 -18 -3 -11 26 -10 -9 -17 -22 -30
right_child=2 3 7 4 12 10 -8 24 9 13 -12 18 -14 -15 -16 16 20 -19 -20 -21 28 -23 -24 -25 -26 -27 -28 -29 29 -31
leaf_value=-0.0053394677540048322 -0.0037328785596408513 0.0019704907435098618 0.040169245934040726 -0.0042158113369096728 -0.0016177616442310354 0.010513346288937332 -0.0065383536327866983 0.18203593679690455 0.0043928707847679825 0.0058210590433228852 -0.0015703112651097085 -0.0028301789958502591 -0.0013799531630472998 0.026046347689090366 0.0084258868231767824 0.00076363763982524038 0.0054323048897118482 -0.00079177808955390176 -0.005518385180804183 -0.0034340850623658815 0.0012900112839550782 -0.0055786152656632226 -0.001413607038865239 0.019100441431309224 0.073724916479619138 -0.00099937746066949286 0.016274220188143253 -0.0037975618205131957 0.013240870057262988 0.002778725317865527
leaf_weight=23629 619 383 3153 3882 1438 3590 511 240 5254 2043 1562 2623 3338 4132 4506 9054 2244 6458 1390 951 934 953 2025 2273 1013 2340 1398 783 2592 1498
leaf_count=23629 619 383 3153 3882 1438 3590 511 240 5254 2043 1562 2623 3338 4132 4506 9054 2244 6458 1390 951 934 953 2025 2273 1013 2340 1398 783 2592 1498
internal_value=-0.00596561 -0.0203604 0.00402362 -0.013534 -0.0152914 0.00103578 -0.00375593 0.00751556 0.00684254 0.00606872 0.00260233 -0.0195535 -0.00941592 0.0091205 0.00393802 0.00310421 0.00243659 -0.00253992 -0.0166646 -0.0134052 0.00472266 0.00191586 -0.00359219 0.00642956 0.0135326 0.00225178 0.0105617 0.000526075 0.00650876 0.00773839
internal_weight=96809 39659 57150 16030 13622 30798 7588 26352 23701 20548 23210 7895 5727 8448 12100 21648 18058 7077 4013 2389 8221 3197 2408 4316 2651 7594 1638 9837 5024 4090
internal_count=96809 39659 57150 16030 13622 30798 7588 26352 23701 20548 23210 7895 5727 8448 12100 21648 18058 7077 4013 2389 8221 3197 2408 4316 2651 7594 1638 9837 5024 4090
is_linear=0
shrinkage=0.05


Tree=38
num_leaves=31
num_cat=0
split_feature=12 12 12 4 3 6 12 14 6 1 12 12 2 14 4 3 3 2 2 0 8 8 6 8 4 2 8 8 2 8
split_gain=5363.43 539.667 221.435 104.782 141.447 68.76 52.2674 40.0347 37.9143 35.3631 30.106 29.0924 27.3811 25.4909 25.0229 33.3251 23.0916 22.8178 30.5515 22.7432 21.9333 20.925 20.7002 20.4303 19.8556 32.3742 21.5413 20.7579 19.3713 18.6023
threshold=0.40368157437839791 0.048391918360802984 1.3677312072546379 1.0000000180025095e-35 1.0000000180025095e-35 1.0000000180025095e-35 3.7319206342178548 0.2989680364959823 1.0000000180025095e-35 3.5000000000000004 0.74401127841374592 0.17605792936502632 2.5000000000000004 0.091560473374119808 1.0000000180025095e-35 1.0000000180025095e-35 1.0000000180025095e-35 26.500000000000004 19.500000000000004 20.500000000000004 1.0000000180025095e-35 1.5000000000000002 1.0000000180025095e-35 1.0000000180025095e-35 2.5000000000000004 7.5000000000000009 1.0000000180025095e-35 1.0000000180025095e-35 3.5000000000000004 1.0000000180025095e-35
decision_type=2 2 2 2 2 2 2 2 2 2 2 2 2 2 2 2 2 2 2 2 2 2 2 2 2 2 2 2 2 2
left_child=1 -1 5 -3 11 7 8 -2 9 16 -7 -5 -11 -6 23 19 17 18 -4 -16 -18 -22 29 -9 27 28 -27 -14 -26 -13
right_child=2 3 6 4 13 10 -8 14 -10 12 -12 22 24 -15 15 -17 20 -19 -20 -21 21 -23 -24 -25 25 26 -28 -29 -30 -31
leaf_value=-0.0050736042234167597 -0.0022641624436573085 -0.0010505622107748692 0.0083204979124547832 -0.0041119163575567734 -0.0020848311672263089 -0.0058856296957710413 0.036934246450728583 0.023258379467931967 -0.00013624242402960897 -0.0029832041943305188 -0.0015234991498896456 -0.0040982219900871711 0.068598771213163365 -0.0015207778031684856 -1.2823872150721782e-05 0.0021131434021186531 0.035594825914354734 -0.0016282750278679315 0.060529759389957444 -0.0024714504685810117 0.0066892699621921015 0.019350468813520805 -0.0064283610573485864 0.003696402499704249 0.0066303416179531727 -0.0029915293542078338 0.0036026992684737415 0.014451291802692402 0.022767146722755507 -0.0022886151018628206
leaf_weight=23635 1871 2391 8373 3193 1899 535 2675 509 2530 1544 892 1299 609 3827 5482 6650 1870 855 809 2584 2318 3250 692 2410 1520 1847 5051 1515 1433 2783
leaf_count=23635 1871 2391 8373 3193 1899 535 2675 509 2530 1544 892 1299 609 3827 5482 6650 1870 855 809 2584 2318 3250 692 2410 1520 1847 5051 1515 1433 2783
internal_value=-0.00607196 -0.0201837 0.00373871 -0.0131186 -0.014805 -0.000354703 0.00610583 0.000420383 0.00556914 0.00604956 -0.0109495 -0.0191132 0.00412937 -0.00881069 0.00115821 0.00031938 0.00753505 0.00597041 0.00669789 -0.00184106 0.00964641 0.00807292 -0.0166422 0.00538712 0.00493737 0.00399198 0.00211656 0.00932203 0.00837284 -0.0152866
internal_weight=96851 39719 57132 16084 13693 20933 36199 19506 33524 30994 1427 7967 13519 5726 17635 14716 17475 10037 9182 8066 7438 5568 4774 2919 11975 9851 6898 2124 2953 4082
internal_count=96851 39719 57132 16084 13693 20933 36199 19506 33524 30994 1427 7967 13519 5726 17635 14716 17475 10037 9182 8066 7438 5568 4774 2919 11975 9851 6898 2124 2953 4082
is_linear=0
shrinkage=0.05


Tree=39
num_leaves=31
num_cat=0
split_feature=12 12 12 4 3 12 6 6 14 12 12 0 6 11 6 14 1 3 4 11 4 14 1 11 1 1 1 3 2 2
split_gain=5211.41 552.487 204.812 104.279 134.353 72.9224 54.014 44.3173 45.4398 34.0548 27.5778 25.32 24.0423 23.2945 20.969 20.1198 15.4594 15.4317 25.7609 18.908 15.3369 14.9469 14.3897 14.3569 12.9793 12.8925 12.5311 12.4842 11.7763 11.5318
threshold=0.40368157437839791 0.048391918360802984 1.7762499382849202 1.0000000180025095e-35 1.0000000180025095e-35 0.72412079033307097 1.0000000180025095e-35 1.0000000180025095e-35 1.1932275766107703 3.5351141344718853 0.17605792936502632 20.500000000000004 1.0000000180025095e-35 0.18086263190811178 1.0000000180025095e-35 0.22211085468778977 3.5000000000000004 1.0000000180025095e-35 1.5000000000000002 0.83922503212625343 2.5000000000000004 0.77234689896875075 3.5000000000000004 1.0794824288328337 1.5000000000000002 3.5000000000000004 1.5000000000000002 1.0000000180025095e-35 24.500000000000004 3.5000000000000004
decision_type=2 2 2 2 2 2 2 2 2 2 2 2 2 2 2 2 2 2 2 2 2 2 2 2 2 2 2 2 2 2
left_child=1 -1 5 24 10 6 15 8 21 11 -5 16 17 22 -12 -2 27 18 -7 29 -18 -4 -6 26 -3 -11 -17 -10 -20 -19
right_child=2 3 7 4 13 12 -8 -9 9 25 14 -13 -14 -15 -16 23 20 19 28 -21 -22 -23 -24 -25 -26 -27 -28 -29 -30 -31
leaf_value=-0.0048189049590847775 -0.003524192264742561 0.0017611199428757913 -0.01085747561131647 -0.0039162388197017499 -0.0013776997692817178 0.0070290125064414732 -0.0058130137536390545 -0.00011258364395270727 0.012109448398174039 0.048247602010841828 -0.0027978433918883503 -0.0024881743275595673 -0.0013668340348959307 -0.0010108773170142361 -0.0060396211079479963 0.0012333406771295602 0.03663001300318388 -0.0025636754967840905 0.00050211463327499712 0.0066166769303848075 0.0067782886989863796 0.0037998906058576533 -0.0029438800569084895 -0.0051912144341572488 -0.0013796839520100247 0.022969294453707212 -0.0011032831929867982 0.023835252299857546 -0.0025708242598652567 0.0031866521883776146
leaf_weight=23557 704 395 227 3126 2109 4114 483 2042 6010 1962 4078 727 1597 2161 692 1557 1074 1137 7832 5274 6026 2874 1386 200 1985 1153 4263 4399 1413 1827
leaf_count=23557 704 395 227 3126 2109 4114 483 2042 6010 1962 4078 727 1597 2161 692 1557 1074 1137 7832 5274 6026 2874 1386 200 1985 1153 4263 4399 1413 1827
internal_value=-0.00616596 -0.0201214 0.00352008 -0.01293 -0.0146251 0.000719549 -0.00367351 0.0067336 0.00732455 0.00814599 -0.0188387 0.00732068 0.00208459 -0.00874293 -0.0164465 -0.00251338 0.00770033 0.00252234 0.00147279 0.00422433 0.00590141 0.00166882 -0.0112661 -0.00157807 -0.00327731 0.0129775 -0.00112543 0.00892737 8.11249e-06 0.00102901
internal_weight=96384 39489 56895 15932 13552 30401 7207 26494 24452 21351 7896 18236 23194 5656 4770 6724 17509 21597 13359 8238 7100 3101 3495 6020 2380 3115 5820 10409 9245 2964
internal_count=96384 39489 56895 15932 13552 30401 7207 26494 24452 21351 7896 18236 23194 5656 4770 6724 17509 21597 13359 8238 7100 3101 3495 6020 2380 3115 5820 10409 9245 2964
is_linear=0
shrinkage=0.05


Tree=40
num_leaves=31
num_cat=0
split_feature=12 12 12 4 3 12 6 4 3 8 8 8 14 12 11 7 0 8 4 3 11 8 6 14 8 8 12 0 1 6
split_gain=5099.08 558.14 214.39 98.3562 141.457 74.0135 56.4405 41.7501 60.1143 49.1701 40.6888 37.8146 28.9416 25.6871 23.5374 22.8283 25.6041 27.7292 21.7586 24.2844 21.4265 21.0594 20.5985 19.646 19.3632 18.334 17.4494 15.9851 15.5486 15.3026
threshold=0.37712232498372095 0.048391918360802984 1.0011105265823765 1.0000000180025095e-35 1.0000000180025095e-35 1.9680945314899818 1.0000000180025095e-35 1.0000000180025095e-35 1.0000000180025095e-35 1.0000000180025095e-35 1.5000000000000002 1.0000000180025095e-35 0.22211085468778977 0.16712540254139388 0.13258755921520016 1.0000000180025095e-35 17.500000000000004 1.5000000000000002 1.0000000180025095e-35 1.0000000180025095e-35 1.7121432185695453 1.0000000180025095e-35 1.0000000180025095e-35 0.7030220205362262 1.0000000180025095e-35 1.5000000000000002 0.6646058647154115 17.500000000000004 3.5000000000000004 1.0000000180025095e-35
decision_type=2 2 2 2 2 2 2 2 2 2 2 2 2 2 2 2 2 2 2 2 2 2 2 2 2 2 2 2 2 2
left_child=1 -1 6 -3 13 23 12 11 15 20 27 -7 -2 -5 28 16 17 -9 -14 21 -10 -20 24 -4 -15 -23 -8 -11 -6 -25
right_child=2 3 5 4 14 7 26 8 9 10 -12 -13 18 22 -16 -17 -18 -19 19 -21 -22 25 -24 29 -26 -27 -28 -29 -30 -31
leaf_value=-0.0045843880720695639 -0.0031349591063570717 -0.00087723020388469916 -0.0012133022554932761 -0.0037759057952801572 -0.0013435927920549943 0.11233767047782256 -0.0063117786984275897 -0.0023230498152596924 0.025422940302712329 -0.0095804657441485707 0.021233144589991183 0.026420756228122035 0.0032272577048505281 -0.0036981096556637076 -0.0010962195875658914 0.019984957856379972 0.007838098670748939 0.0048991932870611878 -0.0034008863799925141 0.0005615251316980624 0.058868430018166357 0.00021836136761577141 -0.005733140833192628 0.0042495299197551576 -0.0020014936061512572 -0.0022024292817026309 -0.0017510185239135473 0.0062436252149137509 -0.00298620290007929 -0.00088113944037492291
leaf_weight=23675 984 2293 2453 2750 1436 996 477 3084 991 578 3486 1798 1861 1375 3037 745 4701 3101 914 4392 1802 2128 677 18200 2724 2124 417 1273 936 1412
leaf_count=23675 984 2293 2453 2750 1436 996 477 3084 991 578 3486 1798 1861 1375 3037 745 4701 3101 914 4392 1802 2128 677 18200 2724 2124 417 1273 936 1412
internal_value=-0.00618364 -0.0201842 0.00322056 -0.0127167 -0.0144086 0.00488122 -0.00235203 0.00689537 0.00608648 0.00938499 0.00657204 0.0126163 -0.00147747 -0.0188413 -0.00824089 0.00378084 0.00320136 0.00108731 -0.000768456 -0.00173153 0.0147601 -0.00405536 -0.0166248 0.00282234 -0.0152903 -0.00257526 -0.0144855 0.000580767 -0.011973 0.00334999
internal_weight=96820 38903 57917 15228 12935 44620 13297 22555 19761 8130 5337 2794 12403 7526 5409 11631 10886 6185 11419 9558 2793 5166 4776 22065 4099 4252 894 1851 2372 19612
internal_count=96820 38903 57917 15228 12935 44620 13297 22555 19761 8130 5337 2794 12403 7526 5409 11631 10886 6185 11419 9558 2793 5166 4776 22065 4099 4252 894 1851 2372 19612
is_linear=0
shrinkage=0.05


Tree=41
num_leaves=31
num_cat=0
split_feature=12 12 12 4 3 12 6 12 14 8 0 0 4 3 14 8 0 0 6 11 12 3 4 8 8 8 1 0 7 0
split_gain=4947.36 573.564 198.006 86.7358 133.492 48.9007 51.4624 44.5459 32.1874 29.9815 28.9364 28.4235 25.4775 41.7287 24.1936 23.6401 30.8928 22.6736 21.9962 21.2806 21.092 20.0289 29.6558 29.1753 24.5086 32.7831 19.13 17.192 15.2716 14.8668
threshold=0.36299386945380935 0.048391918360802984 1.2880618422925456 1.0000000180025095e-35 1.0000000180025095e-35 0.72412079033307097 1.0000000180025095e-35 3.132656804889534 0.86746141427363688 1.0000000180025095e-35 20.500000000000004 17.500000000000004 1.0000000180025095e-35 1.0000000180025095e-35 0.22211085468778977 2.5000000000000004 19.500000000000004 9.5000000000000018 1.0000000180025095e-35 0.13258755921520016 0.15853286013538914 1.0000000180025095e-35 1.0000000180025095e-35 1.0000000180025095e-35 1.0000000180025095e-35 1.5000000000000002 3.5000000000000004 22.500000000000004 1.0000000180025095e-35 21.500000000000004
decision_type=2 2 2 2 2 2 2 2 2 2 2 2 2 2 2 2 2 2 2 2 2 2 2 2 2 2 2 2 2 2
left_child=1 -1 5 -3 9 6 14 8 -4 -5 11 17 -9 28 -2 -13 -17 -10 20 -6 -11 22 23 -19 -23 -26 -16 -7 -14 -28
right_child=2 3 7 4 19 27 -8 12 10 18 -12 15 13 -15 26 16 -18 21 -20 -21 -22 24 -24 -25 25 -27 29 -29 -30 -31
leaf_value=-0.0043511176015310236 -0.0029292641367664979 -0.00085618468671928155 -0.0012949822396584655 -0.0041077732152527639 -0.0018988001166069331 0.00092468796883532489 -0.0056012558333919217 0.1160299387151888 0.015167304416272743 -0.0027189283670906611 -0.00099948383984108102 0.016879320913057019 0.0038962056866398646 0.045406905109003852 0.00022965946694080699 0.010593524955454204 -0.002366198872820852 0.056582827299244777 -0.0050352971041484618 -0.0010428519117753486 -0.0019006054728535381 0.023612743181942598 0.0011135529946291523 0.008502138397667558 -0.0016368136632795073 0.013185966432706343 -0.0012617300906342277 -0.0053681050497814747 0.027297465044901537 -0.0034359270002583711
leaf_weight=23597 1140 2220 2288 2961 2400 11658 547 570 1249 949 2084 4449 2584 2097 3501 2611 992 746 620 2930 2787 1830 9507 1811 1846 2852 2037 192 433 1116
leaf_count=23597 1140 2220 2288 2961 2400 11658 547 570 1249 949 2084 4449 2584 2097 3501 2611 992 746 620 2930 2787 1830 9507 1811 1846 2852 2037 192 433 1116
internal_value=-0.00622956 -0.0201409 0.00297386 -0.0124487 -0.0140488 -0.00102645 -0.00395936 0.00510224 0.00438323 -0.0184331 0.00481953 0.00524415 0.00918367 0.00806609 -0.00291891 0.00774963 0.00473911 0.00422736 -0.0157943 -0.00803002 -0.0143469 0.00378926 0.00258206 0.00736214 0.00602022 0.00410813 -0.00176586 0.00103797 0.00430063 -0.00459087
internal_weight=96604 38464 58140 14867 12647 20191 8341 37949 32265 7317 29977 27893 5684 5114 7794 8052 3603 19841 4356 5330 3736 18592 12064 2557 6528 4698 6654 11850 3017 3153
internal_count=96604 38464 58140 14867 12647 20191 8341 37949 32265 7317 29977 27893 5684 5114 7794 8052 3603 19841 4356 5330 3736 18592 12064 2557 6528 4698 6654 11850 3017 3153
is_linear=0
shrinkage=0.05


Tree=42
num_leaves=31
num_cat=0
split_feature=11 0 11 3 2 8 6 14 4 3 4 8 8 11 11 4 3 8 2 1 8 1 8 8 7 1 8 11 14 8
split_gain=4583.96 620.535 246.026 87.1368 110.125 82.4533 71.4318 60.7891 60.2626 137.341 51.757 63.5548 47.9616 31.3845 29.1121 23.9298 44.5387 23.1828 22.987 23.8603 19.7631 19.1752 18.6173 17.3549 16.522 15.8332 15.7259 15.5142 15.2493 15.1395
threshold=0.30798000206248605 5.5000000000000009 0.74479280410000925 1.0000000180025095e-35 21.500000000000004 1.0000000180025095e-35 1.0000000180025095e-35 0.15226268694702264 1.0000000180025095e-35 1.0000000180025095e-35 1.0000000180025095e-35 1.0000000180025095e-35 1.5000000000000002 2.1150661114527134 1.4685066303093104 1.0000000180025095e-35 1.0000000180025095e-35 1.0000000180025095e-35 3.5000000000000004 3.5000000000000004 1.0000000180025095e-35 1.5000000000000002 1.0000000180025095e-35 1.5000000000000002 1.0000000180025095e-35 3.5000000000000004 1.5000000000000002 2.1396246490835984 0.11125199692356876 1.0000000180025095e-35
decision_type=2 2 2 2 2 2 2 2 2 2 2 2 2 2 2 2 2 2 2 2 2 2 2 2 2 2 2 2 2 2
left_child=1 -1 6 4 10 27 7 -2 23 22 11 -4 25 29 -6 -9 20 -16 19 -11 -17 -13 -10 -3 -15 -7 -22 -5 -20 -12
right_child=2 8 3 5 14 12 -8 15 9 18 13 21 -14 24 17 16 -18 -19 28 -21 26 -23 -24 -25 -26 -27 -28 -29 -30 -31
leaf_value=-0.0041243512671544262 -0.0031270549387251178 0.00013753315899140556 0.064683380361451562 0.020906580802884281 -0.0033701853124232604 0.0047942833137197384 -0.0054219488076461576 0.0027917334007401709 -0.0038157414141420892 -0.00057145649260936034 -0.0020866193207557475 0.029318640458075609 0.012302587499484064 0.0055608359079524113 -0.004953394127639771 -0.0032685846393559928 7.4882458710190402e-05 0.00033555117260695159 -0.0014441529354101259 -0.0031587925207110391 -5.1447078668288854e-05 0.0069509292921346114 -0.00245376814035381 -0.0021433825428383599 0.02631983597015122 -0.0023720775414253106 -0.0020323879074631945 0.054911816967620077 -0.00057129042208811935 0.0012255393062616693
leaf_weight=24314 770 1228 1699 2533 1406 3010 766 1648 2245 660 1721 824 6441 7786 1832 919 4755 4735 1255 1551 1042 3919 2740 976 490 2081 1888 1470 2118 7995
leaf_count=24314 770 1228 1699 2533 1406 3010 766 1648 2245 660 1721 824 6441 7786 1832 919 4755 4735 1255 1551 1042 3919 2740 976 490 2081 1888 1470 2118 7995
internal_value=-0.00626672 -0.0200737 0.00230621 0.00389742 0.00242154 0.00697618 -0.00416525 -0.00313918 -0.0111505 -0.0127188 0.00408652 0.00793232 0.00483004 0.00270954 -0.00268092 -0.00212154 -0.00317875 -0.00128293 -0.00733345 -0.0112958 -0.00717719 0.00495994 -0.0187513 -0.00362976 0.00497221 0.0012031 -0.00517065 0.0131589 -0.00473614 0.000782215
internal_weight=96817 37087 59730 47942 32407 15535 11788 11022 12773 10569 24434 6442 11532 17992 7973 10252 8604 6567 5584 2211 3849 4743 4985 2204 8276 5091 2930 4003 3373 9716
internal_count=96817 37087 59730 47942 32407 15535 11788 11022 12773 10569 24434 6442 11532 17992 7973 10252 8604 6567 5584 2211 3849 4743 4985 2204 8276 5091 2930 4003 3373 9716
is_linear=0
shrinkage=0.05


Tree=43
num_leaves=31
num_cat=0
split_feature=12 12 12 6 12 4 3 4 3 8 12 8 8 1 6 4 7 11 3 2 3 4 14 14 2 14 2 1 4 2
split_gain=4749.16 405.505 376.378 81.2893 75.4312 65.5609 97.5167 45.8894 52.8796 45.0698 34.5592 31.4145 29.1014 22.7244 29.1391 21.2112 20.998 20.0877 19.3065 18.4079 17.8404 17.6667 17.3553 17.2117 15.2616 15.015 15.2539 14.26 13.0996 12.202
threshold=0.23107305130311315 0.048391918360802984 0.74401127841374592 1.0000000180025095e-35 1.9868175258210992 1.0000000180025095e-35 1.0000000180025095e-35 1.0000000180025095e-35 1.0000000180025095e-35 1.0000000180025095e-35 0.43231017910896119 1.0000000180025095e-35 1.5000000000000002 1.5000000000000002 1.0000000180025095e-35 1.0000000180025095e-35 1.0000000180025095e-35 2.1663703362806506 1.0000000180025095e-35 4.5000000000000009 1.0000000180025095e-35 1.0000000180025095e-35 0.84841971260772153 0.25236997910659409 20.500000000000004 0.086295104002923687 20.500000000000004 3.5000000000000004 7.5000000000000009 26.500000000000004
decision_type=2 2 2 2 2 2 2 2 2 2 2 2 2 2 2 2 2 2 2 2 2 2 2 2 2 2 2 2 2 2
left_child=1 -1 3 10 13 -3 25 11 16 17 15 -6 -11 19 -15 -2 24 -10 -17 -4 21 -21 -8 -12 28 -7 27 -27 -9 -23
right_child=2 5 4 -5 7 6 22 8 9 12 23 -13 -14 14 -16 18 -18 -19 -20 20 -22 29 -24 -25 -26 26 -28 -29 -30 -31
leaf_value=-0.0039265106243924703 -0.00013686958789805998 -0.00087114666552290116 -0.0059758735502267795 -0.0053460617519636381 0.099655189268439248 -0.0033796081717967124 -0.0015392074309513112 0.0036765437639433188 0.027368361192520774 0.00063310463805417167 -0.0027813421841948976 0.024121170752585241 0.017942699101719507 0.0017079509055889508 -0.002473129917249023 -0.0022533116647987005 0.019462258243219968 0.059020492131219175 -0.0016142583580217808 0.022022255747856725 0.010375479717965631 0.0020382227258583297 0.00033478873946349855 -0.00039618124955406595 -7.282703807747482e-05 -0.0013619202910059485 -0.0038185928476686124 -0.002839330248088415 0.013469554106365335 -0.0034843206773182201
leaf_weight=23645 918 1573 502 900 989 2315 3224 5742 1468 1743 922 1757 3427 18761 1139 2754 721 1272 2334 669 2654 3212 379 5442 3792 1036 852 792 1092 503
leaf_count=23645 918 1573 502 900 989 2315 3224 5742 1468 1743 922 1757 3427 18761 1139 2754 721 1272 2334 669 2654 3212 379 5442 3792 1036 852 792 1092 503
internal_value=-0.00626988 -0.021373 0.00187401 -0.00560286 0.00388073 -0.0130248 -0.0147418 0.00606167 0.00519941 0.00833755 -0.00454729 0.0121085 0.00558994 0.00213192 0.00124623 -0.00726773 0.00301181 0.0135219 -0.00852987 0.0044695 0.0051293 0.00317062 -0.00847211 -0.00197989 0.00245153 -0.0192643 -0.0167164 -0.0141411 0.00386304 0.00182369
internal_weight=96529 33816 62713 13270 49443 10171 8598 22003 19257 7910 12370 2746 5170 27440 19900 6006 11347 2740 5088 7540 7038 4384 3603 6364 10626 4995 2680 1828 6834 3715
internal_count=96529 33816 62713 13270 49443 10171 8598 22003 19257 7910 12370 2746 5170 27440 19900 6006 11347 2740 5088 7540 7038 4384 3603 6364 10626 4995 2680 1828 6834 3715
is_linear=0
shrinkage=0.05


Tree=44
num_leaves=31
num_cat=0
split_feature=12 12 12 6 12 4 3 12 12 4 3 2 8 1 2 4 3 2 1 1 14 12 14 2 1 0 2 2 3 4
split_gain=4716.71 378.216 361.05 88.726 76.2744 54.3581 97.1637 35.7218 32.4267 32.0646 34.6201 31.2267 23.8118 22.7496 26.9155 19.1043 27.9479 17.1992 16.6117 22.9676 15.3062 13.3653 13.1908 13.1282 14.9711 12.7188 11.9999 11.9984 12.5439 12.9349
threshold=0.21840486120628935 0.048391918360802984 0.72412079033307097 1.0000000180025095e-35 1.9315817605357493 1.0000000180025095e-35 1.0000000180025095e-35 4.1612021925986946 0.41821408167091356 1.0000000180025095e-35 1.0000000180025095e-35 4.5000000000000009 1.0000000180025095e-35 1.5000000000000002 21.500000000000004 1.0000000180025095e-35 1.0000000180025095e-35 21.500000000000004 3.5000000000000004 1.5000000000000002 1.1932275766107703 0.15853286013538914 0.90427163435460833 2.5000000000000004 5.5000000000000009 7.5000000000000009 17.500000000000004 4.5000000000000009 1.0000000180025095e-35 1.0000000180025095e-35
decision_type=2 2 2 2 2 2 2 2 2 2 2 2 2 2 2 2 2 2 2 2 2 2 2 2 2 2 2 2 2 2
left_child=1 -1 3 8 13 -3 21 9 15 12 17 18 -6 27 26 -2 -17 20 19 -12 -11 -7 -8 -20 -25 -10 -15 -4 29 -29
right_child=2 5 4 -5 7 6 22 -9 25 10 11 -13 -14 14 -16 16 -18 -19 23 -21 -22 -23 -24 24 -26 -27 -28 28 -30 -31
leaf_value=-0.0037330203184867483 -0.00013581535145796992 -0.00092972318664757839 -0.0031396356575046692 -0.0050699440894476453 0.083942083297605719 -0.0031486524903134709 -0.0014574191050946549 0.040825154604065994 -0.0032518905765296455 -0.0020652863063752524 0.00043467550237867862 0.024879542580249672 0.019976254124326732 0.0014079466097334905 -0.0016196096482642434 -0.0021712621909631513 -0.0011719491821650275 -0.00014132942997121533 -0.0059062156374776855 0.025868916384071107 0.0065298435031822645 -0.0024725774384021142 0.00041323587872312342 0.024442898087611398 -0.00051078287538074423 -0.00056627562267883014 0.009932505937257986 0.018236816240593236 0.0091290871173673634 0.001202763600943907
leaf_weight=23578 946 1491 478 964 920 2403 3024 1510 293 844 670 3806 1875 13717 4152 2884 2487 3435 966 1114 6967 2321 270 503 680 6033 1380 653 2674 3617
leaf_count=23578 946 1491 478 964 920 2403 3024 1510 293 844 670 3806 1875 13717 4152 2884 2487 3435 966 1114 6967 2321 270 503 680 6033 1380 653 2674 3617
internal_value=-0.00625084 -0.0215606 0.00171785 -0.00550268 0.00368437 -0.0131428 -0.014773 0.00577501 -0.0043878 0.00525941 0.00452331 0.00709717 0.0102594 0.00185876 0.000951998 -0.0069218 -0.00807578 0.00275209 0.00397279 0.00753924 0.00404878 -0.0193692 -0.00818154 0.0010121 0.00454353 -0.00185741 0.0019325 0.00421046 0.0047379 0.00305621
internal_weight=96655 33087 63568 13607 49961 9509 8018 23290 12643 21780 18985 7739 2795 26671 19249 6317 5371 11246 3933 1784 7811 4724 3294 2149 1183 6326 15097 7422 6944 4270
internal_count=96655 33087 63568 13607 49961 9509 8018 23290 12643 21780 18985 7739 2795 26671 19249 6317 5371 11246 3933 1784 7811 4724 3294 2149 1183 6326 15097 7422 6944 4270
is_linear=0
shrinkage=0.05


Tree=45
num_leaves=31
num_cat=0
split_feature=0 11 14 0 6 14 14 2 6 3 4 4 3 14 0 0 4 6 8 0 8 0 1 14 11 14 8 8 8 3
split_gain=4347.79 736.756 96.0829 105.424 92.1248 81.5463 61.9371 43.0294 32.762 31.1747 28.3073 26.8418 36.5099 23.6016 22.4887 41.2539 22.3242 19.7913 18.2952 29.6653 15.0184 14.5708 14.2785 13.8574 13.283 12.7831 12.4759 11.5621 11.0697 13.9075
threshold=5.5000000000000009 0.45273935515264696 0.6266988368345684 20.500000000000004 1.0000000180025095e-35 0.091560473374119808 2.0744882328909844 13.500000000000002 1.0000000180025095e-35 1.0000000180025095e-35 1.0000000180025095e-35 1.0000000180025095e-35 1.0000000180025095e-35 0.24433431584371992 16.500000000000004 13.500000000000002 6.5000000000000009 1.0000000180025095e-35 1.5000000000000002 22.500000000000004 1.0000000180025095e-35 19.500000000000004 3.5000000000000004 0.1935711841940839 0.05686833674621037 1.1510957525484971 1.0000000180025095e-35 1.0000000180025095e-35 1.0000000180025095e-35 1.0000000180025095e-35
decision_type=2 2 2 2 2 2 2 2 2 2 2 2 2 2 2 2 2 2 2 2 2 2 2 2 2 2 2 2 2 2
left_child=24 4 8 6 5 11 14 16 13 10 -8 -2 -13 -3 15 25 26 22 23 -20 -11 27 -5 -9 -1 -4 -7 -16 29 -17
right_child=1 2 3 17 -6 7 9 18 -10 20 -12 12 -14 -15 21 28 -18 -19 19 -21 -22 -23 -24 -25 -26 -27 -28 -29 -30 -31
leaf_value=-0.0035418914104914019 -0.0012104384475330244 -0.0026604159743072206 0.0022482961629225807 0.00027655213106079769 -0.0047188194827166106 -0.0028912986268250732 0.058724667362261541 -0.00097032684786685927 -0.0049361399109453148 0.052565796046114714 0.0047159745025297465 -0.0028808179254256774 -0.0016160275227556642 -0.00053600256604571241 0.026065954398521843 -0.00040209296219831939 -0.0014912725080465858 -0.0037375523030231924 -0.00077484895859715193 -0.0028175794392348965 0.017661141459512898 0.0018813682779071251 -0.002399227177169411 0.0013027837480917626 -0.0024463192050727229 0.006597670496605635 -0.0017504836685127104 0.0069755485530354601 -0.001083461448226758 0.010345842061643813
leaf_weight=23565 712 958 5681 3484 1040 675 1000 1027 462 1279 4480 2045 1685 4298 1053 1909 4269 553 2182 629 1691 2223 2889 1479 736 9173 1697 7213 5964 1072
leaf_count=23565 712 958 5681 3484 1040 675 1000 1027 462 1279 4480 2045 1685 4298 1053 1909 4269 553 2182 629 1691 2223 2889 1479 736 9173 1697 7213 5964 1072
internal_value=-0.00637207 -0.00026091 0.0025613 0.00326796 -0.00922305 -0.00830793 0.00419533 -0.00615906 -0.00357643 0.00802959 0.0057938 -0.0140928 -0.0157909 -0.00245434 0.00325041 0.00240031 -0.00884279 -0.00245452 -0.00280703 -0.00557631 0.0121549 0.00517924 -0.00166719 0.000299282 -0.0246852 0.00401575 -0.0127319 0.00614566 -0.000282281 0.00220564
internal_weight=97123 72822 55382 49664 17440 16400 42738 11958 5718 8450 5480 4442 3730 5256 34288 23799 6641 6926 5317 2811 2970 10489 6373 2506 24301 14854 2372 8266 8945 2981
internal_count=97123 72822 55382 49664 17440 16400 42738 11958 5718 8450 5480 4442 3730 5256 34288 23799 6641 6926 5317 2811 2970 10489 6373 2506 24301 14854 2372 8266 8945 2981
is_linear=0
shrinkage=0.05


Tree=46
num_leaves=31
num_cat=0
split_feature=12 12 12 6 12 4 4 1 12 2 2 4 8 1 6 2 2 11 4 1 2 2 8 2 8 1 0 13 2 1
split_gain=4534.63 478.851 247.266 98.0108 79.3011 42.1959 38.8688 35.7775 34.2106 29.2776 37.1273 28.9821 29.4971 27.6134 30.8536 25.0542 29.1933 21.1849 23.5077 20.0533 19.7786 29.9049 19.1829 16.1972 14.1188 13.7002 13.4472 14.4932 13.0638 13.9371
threshold=0.16712540254139388 0.52066231261145879 0.048391918360802984 1.0000000180025095e-35 1.7601746447116684 1.0000000180025095e-35 1.0000000180025095e-35 3.5000000000000004 4.1612021925986946 5.5000000000000009 27.500000000000004 1.0000000180025095e-35 1.0000000180025095e-35 1.5000000000000002 1.0000000180025095e-35 27.500000000000004 21.500000000000004 1.8389232171010292 6.5000000000000009 1.5000000000000002 7.5000000000000009 3.5000000000000004 1.0000000180025095e-35 4.5000000000000009 1.0000000180025095e-35 1.5000000000000002 21.500000000000004 0.36836516127008967 8.5000000000000018 4.5000000000000009
decision_type=2 2 2 2 2 2 2 2 2 2 2 2 2 2 2 2 2 2 2 2 2 2 2 2 2 2 2 2 2 2
left_child=2 3 -1 6 13 -4 25 -8 11 -7 -11 12 -6 23 26 16 17 -13 28 -17 21 -9 -22 -3 -18 -2 27 -15 -19 -30
right_child=1 4 5 -5 8 9 7 20 -10 10 -12 15 -14 14 -16 19 24 18 -20 -21 22 -23 -24 -25 -26 -27 -28 -29 29 -31
leaf_value=-0.0033648671082550869 0.0038572024635824724 -0.0031938910588212633 -0.00087256894063656029 -0.0045648164315890347 0.07690334976065652 -0.0014236468897071261 -0.00099788778184250484 -0.0028077981930637024 0.036368130212021677 -0.0027774311492876798 -0.0008448833365682939 0.00082811369735460441 0.014893759987686429 -0.0021151827333329601 -0.0026194460537735833 0.024934066855562965 -0.0055253556224319272 -0.0028310283494359548 0.011390064991014737 0.006880794740840912 -0.0035469309400678025 0.0005177635488595331 -0.00195578132832403 0.0031567383581986991 0.00088770669404938116 -0.00060951643110855884 -0.0019403399345577028 0.0011534447821332007 0.0097142382531428054 0.0012627829547504855
leaf_weight=23772 316 533 963 938 1027 1382 5824 1300 1522 2796 600 3461 2311 1252 1111 1859 1098 1022 6405 1361 882 592 1929 7032 2812 1556 1738 15373 1932 2160
leaf_count=23772 316 533 963 938 1027 1382 5824 1300 1522 2796 600 3461 2311 1252 1111 1859 1098 1022 6405 1361 882 592 1929 7032 2812 1556 1738 15373 1932 2160
internal_value=-0.00633472 0.000827072 -0.0226773 -0.00765727 0.0029222 -0.0133644 -0.00647835 -0.00765888 0.00484056 -0.0152888 -0.0177856 0.00440506 0.00874775 0.00100873 1.28376e-05 0.00374943 0.00305453 0.00405874 0.00508942 0.00782609 -0.0109026 -0.00695032 -0.0135628 0.00357237 -0.000792839 0.000160256 0.000502369 0.00093985 0.0025616 0.00382454
internal_weight=96859 67346 29513 13337 54009 5741 12399 10527 26970 4778 3396 25448 3338 27039 19474 22110 18890 14980 11519 3220 4703 1892 2811 7565 3910 1872 18363 16625 5114 4092
internal_count=96859 67346 29513 13337 54009 5741 12399 10527 26970 4778 3396 25448 3338 27039 19474 22110 18890 14980 11519 3220 4703 1892 2811 7565 3910 1872 18363 16625 5114 4092
is_linear=0
shrinkage=0.05


Tree=47
num_leaves=31
num_cat=0
split_feature=12 12 12 6 12 14 4 3 14 4 3 8 6 1 12 3 2 2 1 8 8 8 4 2 1 2 1 8 14 2
split_gain=4459.28 470.897 211.298 111.125 73.2953 38.1796 35.846 57.0781 32.8012 31.1884 36.0362 30.7938 25.5703 27.428 24.6217 24.6048 41.7195 22.3795 33.9515 19.2623 19.174 18.9181 16.7019 15.6105 19.3603 14.0332 17.851 11.4998 11.2866 10.9849
threshold=0.15853286013538914 0.58990850474134804 0.048391918360802984 1.0000000180025095e-35 1.8790805478572115 0.10401388126354093 1.0000000180025095e-35 1.0000000180025095e-35 1.1932275766107703 1.5000000000000002 1.0000000180025095e-35 1.0000000180025095e-35 1.0000000180025095e-35 3.5000000000000004 3.5351141344718853 1.0000000180025095e-35 21.500000000000004 10.500000000000002 4.5000000000000009 1.0000000180025095e-35 1.5000000000000002 1.0000000180025095e-35 2.5000000000000004 8.5000000000000018 2.5000000000000004 3.5000000000000004 4.5000000000000009 1.5000000000000002 0.8111321174248185 2.5000000000000004
decision_type=2 2 2 2 2 2 2 2 2 2 2 2 2 2 2 2 2 2 2 2 2 2 2 2 2 2 2 2 2 2
left_child=2 3 -1 5 15 -2 -4 -8 28 27 11 -11 13 14 -10 16 17 18 23 -17 -21 -18 -15 24 -3 26 -12 -7 -6 -22
right_child=1 4 6 -5 8 9 7 -9 12 10 25 -13 -14 22 -16 19 21 -19 -20 20 29 -23 -24 -25 -26 -27 -28 -29 -30 -31
leaf_value=-0.0031976286033342134 -0.0018260060530788042 0.0012928584616320711 -0.00082479909624049309 -0.0043377251560842616 -0.013779795687883302 0.0018072360400333499 -0.0027342909733074922 -0.0012681044941357815 0.011620548704987011 -0.002736540290600155 -0.00063771951002631472 -0.0012798166880744735 -0.00018667703059785934 0.03393539585206129 0.037864921540652956 0.0093843164242573395 -0.0055242909245286249 0.0027995574848131591 -0.0051843344145435346 -9.0541221760265247e-05 5.7334961611638092e-05 -0.0015006306836274576 0.0044254009240283221 0.0043586671406464165 -0.0033213143251776159 -0.00011197496529632978 -0.0037144687422411382 -0.00085477883573439612 0.00071937694827497458 0.0062625991645845151
leaf_weight=23703 2208 2530 868 1105 205 1107 2403 1699 10050 1576 1288 3704 1739 1062 1950 1738 631 7744 1307 4519 978 3021 6802 1475 1379 2820 601 1184 2528 2811
leaf_count=23703 2208 2530 868 1105 205 1107 2403 1699 10050 1576 1288 3704 1739 1062 1950 1738 631 7744 1307 4519 978 3021 6802 1475 1379 2820 601 1184 2528 2811
internal_value=-0.00638523 0.000582557 -0.0229249 -0.00704643 0.00284978 -0.00588073 -0.0135513 -0.0155046 0.00485906 -0.00479235 -0.0059991 -0.00883523 0.00551197 0.00602094 0.007525 0.00111168 9.67546e-06 0.00121753 -0.000900463 0.00309576 0.00209437 -0.00476451 0.00372584 0.000854383 -0.000799437 -0.00281907 -0.00615405 0.000469227 -0.000301866 0.0047176
internal_weight=96735 68062 28673 15593 52469 14488 4970 4102 24336 12280 9989 5280 21603 19864 12000 28133 18087 14435 6691 10046 8308 3652 7864 5384 3909 4709 1889 2291 2733 3789
internal_count=96735 68062 28673 15593 52469 14488 4970 4102 24336 12280 9989 5280 21603 19864 12000 28133 18087 14435 6691 10046 8308 3652 7864 5384 3909 4709 1889 2291 2733 3789
is_linear=0
shrinkage=0.05


Tree=48
num_leaves=31
num_cat=0
split_feature=12 12 12 6 12 14 4 3 4 3 8 14 1 2 8 0 2 4 3 3 4 11 2 2 2 1 8 2 12 1
split_gain=4396.08 445.176 215.055 113.164 51.5335 48.1267 39.621 38.5237 36.749 50.6275 32.1371 29.5121 25.4889 23.3783 21.6715 19.8407 19.1785 16.1136 26.4133 15.2862 23.9162 14.753 14.7405 14.6795 13.4246 21.4403 12.9135 12.5265 12.0875 11.8041
threshold=0.15853286013538914 0.72412079033307097 0.048391918360802984 1.0000000180025095e-35 2.3859723522052021 0.11125199692356876 1.0000000180025095e-35 1.0000000180025095e-35 1.0000000180025095e-35 1.0000000180025095e-35 1.0000000180025095e-35 2.122017345078635 1.5000000000000002 21.500000000000004 1.5000000000000002 19.500000000000004 4.5000000000000009 1.0000000180025095e-35 1.0000000180025095e-35 1.0000000180025095e-35 1.0000000180025095e-35 4.9651627472506323 28.500000000000004 18.500000000000004 3.5000000000000004 3.5000000000000004 1.5000000000000002 26.500000000000004 0.52066231261145879 3.5000000000000004
decision_type=2 2 2 2 2 2 2 2 2 2 2 2 2 2 2 2 2 2 2 2 2 2 2 2 2 2 2 2 2 2
left_child=2 3 -1 5 12 -2 26 10 23 -10 29 21 16 -14 -12 19 -3 -18 27 20 -13 -6 -20 -4 25 -9 -7 -19 -5 -8
right_child=1 4 8 28 11 6 7 24 9 -11 14 15 13 -15 -16 -17 17 18 22 -21 -22 -23 -24 -25 -26 -27 -28 -29 -30 -31
leaf_value=-0.0030381118325215938 -0.0017439866950450717 -0.0044904378134339234 -0.0013667332059100036 -0.0042542667709028594 0.0078484735797097246 0.0032372980910539417 -0.0017853460427863955 0.00037763057994606443 -0.0025845331914636678 -0.0012483915618444392 -0.00014265074564766557 0.09797103308441657 0.0019995278625109191 -0.0010086752816838573 -0.0015361824202214658 0.0037264213875857657 0.025169618358199454 0.0021403062505912342 0.013941549210642491 0.04473325766235095 0.008660259172429274 -0.0022795483260097506 0.0045245518731118596 0.0012165966889491203 -1.0884152525775238e-05 -0.002812648419807265 -0.00074024234326790792 -0.0033360277193401097 -0.0025278140154461866 -0.003352067936268559
leaf_weight=23556 2507 668 625 995 8533 1171 945 759 2432 1699 1483 493 19659 5574 3371 1072 872 4094 1899 1486 2237 1091 1589 223 3351 1467 1133 666 273 841
leaf_count=23556 2507 668 625 995 8533 1171 945 759 2432 1699 1483 493 19659 5574 3371 1072 872 4094 1899 1486 2237 1091 1589 223 3351 1467 1133 666 273 841
internal_value=-0.00639339 0.000498688 -0.0228728 -0.00617348 0.00294344 -0.00510042 -0.00399594 -0.00513015 -0.0134314 -0.0153776 -0.00770331 0.00540504 0.00189529 0.00105517 -0.00559333 0.00840582 0.0040611 0.00466009 0.00397672 0.00995019 0.00772894 0.00375623 0.00728211 -0.00395047 -0.00206652 -0.00507637 0.00201823 0.00155462 -0.0205836 -0.0134378
internal_weight=96764 68229 28535 18296 49933 17028 14521 12217 4979 4131 6640 14912 35021 25233 4854 5288 9788 9120 8248 4216 2730 9624 3488 848 5577 2226 2304 4760 1268 1786
internal_count=96764 68229 28535 18296 49933 17028 14521 12217 4979 4131 6640 14912 35021 25233 4854 5288 9788 9120 8248 4216 2730 9624 3488 848 5577 2226 2304 4760 1268 1786
is_linear=0
shrinkage=0.05


Tree=49
num_leaves=31
num_cat=0
split_feature=12 12 12 6 12 12 1 4 3 4 3 4 2 2 11 1 2 2 8 0 0 1 8 8 3 4 8 8 13 2
split_gain=4362.43 421.726 210.167 117.193 49.4281 35.0744 29.1599 28.375 36.6098 26.0763 49.1478 23.0039 26.3063 23.3974 21.9307 20.9624 22.9893 20.9059 20.5111 22.4713 21.6081 20.4114 16.9136 16.1451 15.0131 20.5809 14.6612 16.5378 13.8831 12.2369
threshold=0.15414498897030426 0.72412079033307097 0.048391918360802984 1.0000000180025095e-35 2.3859723522052021 0.43231017910896119 3.5000000000000004 1.0000000180025095e-35 1.0000000180025095e-35 1.0000000180025095e-35 1.0000000180025095e-35 2.5000000000000004 7.5000000000000009 3.5000000000000004 2.1947354938223502 1.5000000000000002 21.500000000000004 4.5000000000000009 1.0000000180025095e-35 17.500000000000004 19.500000000000004 3.5000000000000004 1.0000000180025095e-35 1.0000000180025095e-35 1.0000000180025095e-35 1.0000000180025095e-35 1.0000000180025095e-35 1.5000000000000002 0.089893813027290118 26.500000000000004
decision_type=2 2 2 2 2 2 2 2 2 2 2 2 2 2 2 2 2 2 2 2 2 2 2 2 2 2 2 2 2 2
left_child=2 3 -1 5 15 6 28 22 18 -4 -11 -8 13 -13 21 17 -17 -3 19 -9 -21 -10 -6 -14 25 -19 -16 -28 -2 -27
right_child=1 4 9 -5 7 -7 11 8 14 10 -12 12 23 -15 26 16 -18 24 -20 20 -22 -23 -24 -25 -26 29 27 -29 -30 -31
leaf_value=-0.0028890774523448967 -0.0012793186341665979 -0.0053977834825372668 -0.00095794699338377508 -0.0038296018351592341 0.097556817094628476 -0.00080026099344961967 -0.00048864623583745332 -0.0063313540489734034 0.018454555561287767 -0.0024737304435742142 -0.0011967231777485266 -0.0022570937524488618 -0.0029986140774309919 0.00066309884829359041 0.049181471809355781 0.0020105919281309839 -0.0011267454366857166 0.022129023334999276 0.0052674362371365972 0.010647143980290291 -0.0073917585003800308 -0.0030895917178995315 0.023393427649922319 -0.001787091587213409 0.0094740825151701132 0.0019010535121582019 -0.00047754199287581845 0.024920180154458873 -0.0006280175044446959 -0.0033599036668597957
leaf_weight=23656 1170 691 792 1308 737 6069 821 1553 1900 2212 1540 1160 857 544 1088 19648 5581 882 4714 1148 397 854 1031 1681 3440 4167 426 1147 5030 674
leaf_count=23656 1170 691 792 1308 737 6069 821 1553 1900 2212 1540 1160 857 544 1088 19648 5581 882 4714 1148 397 854 1031 1681 3440 4167 426 1147 5030 674
internal_value=-0.00639458 0.000400914 -0.0229539 -0.00601931 0.00279065 -0.00493019 -0.00658128 0.0051934 0.0043982 -0.0131052 -0.0148454 -0.0093966 -0.0108793 -0.00607394 0.00755771 0.00176367 0.000999841 0.0037193 0.00220814 -0.000952227 0.00331715 0.00442992 0.0111425 -0.0141056 0.00435174 0.00278263 0.0107948 0.0077082 -0.00428226 0.00150279
internal_weight=96918 68718 28200 18640 50078 17332 11263 14995 13227 4544 3752 5063 4242 1704 5415 35083 25229 9854 7812 3098 1545 2754 1768 2538 9163 5723 2661 1573 6200 4841
internal_count=96918 68718 28200 18640 50078 17332 11263 14995 13227 4544 3752 5063 4242 1704 5415 35083 25229 9854 7812 3098 1545 2754 1768 2538 9163 5723 2661 1573 6200 4841
is_linear=0
shrinkage=0.05


Tree=50
num_leaves=31
num_cat=0
split_feature=12 12 12 6 14 12 4 3 4 3 8 8 8 4 3 8 6 12 2 8 12 12 1 0 8 2 0 11 2 1
split_gain=4295.37 384.098 246.704 110.566 42.2433 37.4265 30.7936 49.1578 27.8671 36.2405 35.015 37.1069 32.633 24.6711 40.6426 29.4601 24.1098 26.0004 22.001 20.7801 15.8351 15.7498 15.453 12.7431 12.723 10.3795 9.85956 9.77015 9.7507 12.5585
threshold=0.15853286013538914 0.74401127841374592 0.048391918360802984 1.0000000180025095e-35 2.1574592703957265 0.40368157437839791 1.0000000180025095e-35 1.0000000180025095e-35 1.0000000180025095e-35 1.0000000180025095e-35 1.0000000180025095e-35 1.5000000000000002 1.0000000180025095e-35 1.0000000180025095e-35 1.0000000180025095e-35 1.0000000180025095e-35 1.0000000180025095e-35 2.9899760889170972 17.500000000000004 1.0000000180025095e-35 0.46109249075020248 1.111259116614127 3.5000000000000004 19.500000000000004 1.0000000180025095e-35 21.500000000000004 7.5000000000000009 2.2218988748465729 2.5000000000000004 3.5000000000000004
decision_type=2 2 2 2 2 2 2 2 2 2 2 2 2 2 2 2 2 2 2 2 2 2 2 2 2 2 2 2 2 2
left_child=2 3 -1 5 8 13 24 -8 12 19 -11 -12 -3 -2 15 -15 17 -6 -14 25 -5 -21 -17 -19 -4 -10 -7 28 29 -13
right_child=1 4 6 20 16 26 7 -9 9 10 11 27 18 14 -16 22 -18 23 -20 21 -22 -23 -24 -25 -26 -27 -28 -29 -30 -31
leaf_value=-0.0027461645555416389 -0.00030420254512301959 0.040352296886577869 0.00045538023428084718 -0.0037810962347082119 0.0062453021428020951 -0.0027798040018927024 -0.0022995532961944966 -0.0011306465580593131 -0.0011655535085549425 0.015247610001738771 -0.00099911619885712519 0.009154847517213861 -0.00042983347126275274 -0.0024193708516698758 -0.00084495135838606739 -0.00061055188612661466 -0.0012941686487188298 0.032412272509319266 0.012566565987414437 -0.0010390807548897958 -0.0026903514207233417 0.0016693810589784031 -0.0016992990386160243 0.0025326739622545283 -0.0017871200458919767 -0.0048029411488661692 -0.000595616617865713 0.018320158028855473 0.0070152419919151561 -0.0052685046466085074
leaf_weight=23671 1516 1375 455 892 4336 374 2403 1705 3132 3220 5566 593 2287 1610 3978 1549 825 2620 2305 3052 403 13140 1532 334 398 1185 6625 1177 3438 804
leaf_count=23671 1516 1375 455 892 4336 374 2403 1705 3132 3220 5566 593 2287 1610 3978 1549 825 2620 2305 3052 403 13140 1532 334 398 1185 6625 1177 3438 804
internal_value=-0.0064399 0.000411829 -0.0226809 -0.00573759 0.00271265 -0.00467586 -0.0125428 -0.0143379 0.00206425 0.00153015 0.003416 0.00213336 0.00522457 -0.00661021 -0.00763929 -0.0107919 0.00601047 0.0069273 0.00320122 0.000169438 -0.0198263 0.00099123 -0.00792762 0.010545 -0.00389801 -0.0029129 -0.00186098 0.00485695 0.00386246 0.000340014
internal_weight=96500 67868 28632 18479 49389 17184 4961 4108 41274 35307 14798 11578 5967 10185 8669 4691 8115 7290 4592 20509 1295 16192 3081 2954 853 4317 6999 6012 4835 1397
internal_count=96500 67868 28632 18479 49389 17184 4961 4108 41274 35307 14798 11578 5967 10185 8669 4691 8115 7290 4592 20509 1295 16192 3081 2954 853 4317 6999 6012 4835 1397
is_linear=0
shrinkage=0.05


Tree=51
num_leaves=31
num_cat=0
split_feature=12 12 12 6 12 14 0 0 7 8 1 4 0 0 0 4 3 13 14 2 2 8 3 0 3 4 6 11 2 1
split_gain=4230.77 434.749 159.565 120.165 66.8594 34.1749 34.0714 42.7285 39.789 29.1286 28.9674 23.3022 22.8035 22.1736 33.6522 20.9889 35.5204 20.6722 18.0429 17.3663 19.7128 16.7325 16.262 16.0573 14.8742 23.3846 14.595 14.4252 14.0783 14.0302
threshold=0.13734462831246702 0.48938776846765614 0.048391918360802984 1.0000000180025095e-35 1.694458609628106 0.088883986181368682 17.500000000000004 19.500000000000004 1.0000000180025095e-35 1.0000000180025095e-35 3.5000000000000004 2.5000000000000004 21.500000000000004 14.500000000000002 16.500000000000004 1.0000000180025095e-35 1.0000000180025095e-35 0.78152899767063733 0.28886469119929453 7.5000000000000009 2.5000000000000004 1.0000000180025095e-35 1.0000000180025095e-35 22.500000000000004 1.0000000180025095e-35 1.0000000180025095e-35 1.0000000180025095e-35 0.20737836948696584 21.500000000000004 5.5000000000000009
decision_type=2 2 2 2 2 2 2 2 2 2 2 2 2 2 2 2 2 2 2 2 2 2 2 2 2 2 2 2 2 2
left_child=2 3 -1 5 12 27 8 9 13 24 23 -12 18 17 -15 -4 -17 -6 -3 20 -13 -21 28 -7 25 -8 -20 -2 -19 -22
right_child=1 4 15 -5 6 10 7 -9 -10 -11 11 19 -14 14 -16 16 -18 22 26 21 29 -23 -24 -25 -26 -27 -28 -29 -30 -31
leaf_value=-0.0026038903295321925 -0.0014138148942827362 -0.0023889613549202718 -0.00075338348897472653 -0.0037114367701466381 -0.0050579978424111667 -0.00033061205558882205 0.13290943534409783 0.0021341571031141759 0.023503655637937937 0.009151489598830621 -0.00022908275446024141 -0.0029657648480115582 -0.0018372990387148513 -0.0075994858581758919 0.0033386813061700884 -0.002298426670441943 -0.0010028550768602651 0.004903788190434244 0.0011829200349514958 -0.0027244268409407444 0.000859373511575215 -0.0015948994863811247 0.012901634435907262 -0.0013411466882145015 0.075977355562340906 0.010345174049993168 -0.0011053051196054154 -0.0021439627161606704 -0.001427145239742589 -0.0018972146486196746
leaf_weight=23704 1806 852 550 1115 815 4973 323 3666 1196 5016 915 562 3079 1945 3103 1444 1042 5024 20896 800 607 1854 3765 1338 810 1162 1493 758 1797 557
leaf_count=23704 1806 852 550 1115 815 4973 323 3666 1196 5016 915 562 3079 1945 3103 1444 1042 5024 20896 800 607 1854 3765 1338 810 1162 1493 758 1797 557
internal_value=-0.00643286 1.17476e-05 -0.0233583 -0.00744684 0.00208675 -0.00620325 0.00375935 0.00594652 0.0023987 0.00815552 -0.00504911 -0.0077762 0.000267857 0.00175847 -0.0010004 -0.0125659 -0.0145213 0.00298 0.000803537 -0.00929224 -0.00538818 -0.0118312 0.00357075 -0.00276105 0.0128214 0.00984848 0.0010753 -0.0114275 0.00211479 -0.00167526
internal_weight=96967 70227 26740 15285 54942 14170 28622 10977 17645 7311 11606 5295 26320 16449 5048 3036 2486 11401 23241 4380 1726 2654 10586 6311 2295 1485 22389 2564 6821 1164
internal_count=96967 70227 26740 15285 54942 14170 28622 10977 17645 7311 11606 5295 26320 16449 5048 3036 2486 11401 23241 4380 1726 2654 10586 6311 2295 1485 22389 2564 6821 1164
is_linear=0
shrinkage=0.05


Tree=52
num_leaves=31
num_cat=0
split_feature=12 12 6 12 12 1 4 4 3 8 12 8 2 8 2 0 0 8 3 2 2 1 1 0 13 4 3 2 1 8
split_gain=4237.38 455.477 120.8 105.365 57.7888 30.8134 32.1973 28.4253 31.8419 32.4032 25.8907 25.7682 25.519 34.5049 32.4734 22.3544 20.96 19.0869 17.8219 21.6212 17.3376 26.8657 14.7893 14.5139 14.1483 13.9998 21.5901 13.3742 29.6736 13.4296
threshold=0.12254628433665732 0.50484537123055562 1.0000000180025095e-35 0.048391918360802984 1.7762499382849202 3.5000000000000004 2.5000000000000004 1.0000000180025095e-35 1.0000000180025095e-35 1.0000000180025095e-35 3.1935254887084805 1.5000000000000002 7.5000000000000009 1.0000000180025095e-35 3.5000000000000004 21.500000000000004 17.500000000000004 1.0000000180025095e-35 1.0000000180025095e-35 21.500000000000004 3.5000000000000004 3.5000000000000004 1.5000000000000002 20.500000000000004 0.084600253606774936 2.5000000000000004 1.0000000180025095e-35 10.500000000000002 4.5000000000000009 1.5000000000000002
decision_type=2 2 2 2 2 2 2 2 2 2 2 2 2 2 2 2 2 2 2 2 2 2 2 2 2 2 2 2 2 2
left_child=3 2 5 -1 15 24 -7 10 17 16 22 -11 14 -14 -8 18 -10 -9 19 27 21 -20 -6 -18 -2 -5 -27 28 -3 -29
right_child=1 4 -4 25 7 6 12 8 9 11 -12 -13 13 -15 -16 -17 23 -19 20 -21 -22 -23 -24 -25 -26 26 -28 29 -30 -31
leaf_value=-0.0024761233984785754 -0.0011040432752795648 0.00066935724942141514 -0.0035698525367411308 -0.00080855573016779957 0.053445837585136484 -0.00040476251836384092 -0.0022531762621394655 -0.0013655725774323613 0.016476233582850587 -0.0010582760116621959 0.09652432959249678 0.011814337638903183 -0.0028106284070942098 -0.0014944325872940326 0.00072856153643903259 -0.0016987015491953805 0.055598257005243415 0.0031396294833836436 0.0055246035260322129 -0.0018261167561321569 0.0043187067160975982 -0.0023253215344806624 0.012534347861658059 -0.022614703167126507 -0.00059232925280378881 -0.0022472671985966225 -0.00094777998624122274 0.0038764544892316097 -0.0048350727582040596 -0.00020311830356617018
leaf_weight=23729 1738 4776 1188 426 514 1194 1573 4307 1782 2400 556 4115 1276 2239 786 2989 1204 9452 1094 3179 5466 2440 2391 40 6669 831 638 4060 1102 2834
leaf_count=23729 1738 4776 1188 426 514 1194 1573 4307 1782 2400 556 4115 1276 2239 786 2989 1204 9452 1094 3179 5466 2440 2391 40 6669 831 638 4060 1102 2834
internal_value=-0.00634511 -8.26747e-05 -0.00732011 -0.0237863 0.00212199 -0.00614055 -0.00857385 0.00378256 0.00315451 0.00537417 0.00801069 0.00338833 -0.0100953 -0.0127952 -0.00607249 0.000531496 0.0096497 0.00161531 0.001021 1.72403e-05 0.0028 7.07414e-05 0.00611876 0.0146302 -0.0040948 -0.0124406 -0.0147549 0.00093564 -0.000816604 0.00242965
internal_weight=96988 71364 16663 25624 54701 15475 7068 26761 23300 9541 3461 6515 5874 3515 2359 27940 3026 13759 24951 15951 9000 3534 2905 1244 8407 1895 1469 12772 5878 6894
internal_count=96988 71364 16663 25624 54701 15475 7068 26761 23300 9541 3461 6515 5874 3515 2359 27940 3026 13759 24951 15951 9000 3534 2905 1244 8407 1895 1469 12772 5878 6894
is_linear=0
shrinkage=0.05


Tree=53
num_leaves=31
num_cat=0
split_feature=12 12 6 12 1 4 13 2 8 6 12 2 0 4 3 8 1 2 8 2 2 12 2 1 2 2 2 2 4 3
split_gain=4173.62 503.645 125.006 55.9155 45.3545 37.1568 31.5972 31.2059 28.004 27.6712 26.7335 24.5572 21.3821 19.0574 19.837 19.7749 17.6479 15.1424 15.0729 14.7821 23.326 13.4659 13.1198 16.2249 13.04 12.7111 12.6991 12.1801 12.0304 23.5402
threshold=0.048391918360802984 0.48938776846765614 1.0000000180025095e-35 1.4000859301482402 3.5000000000000004 2.5000000000000004 0.92598520035944032 7.5000000000000009 1.0000000180025095e-35 1.0000000180025095e-35 4.0035509476549178 3.5000000000000004 20.500000000000004 1.0000000180025095e-35 1.0000000180025095e-35 1.0000000180025095e-35 3.5000000000000004 2.5000000000000004 1.0000000180025095e-35 7.5000000000000009 9.5000000000000018 0.14155753218672448 3.5000000000000004 4.5000000000000009 3.5000000000000004 1.5000000000000002 3.5000000000000004 23.500000000000004 1.0000000180025095e-35 1.0000000180025095e-35
decision_type=2 2 2 2 2 2 2 2 2 2 2 2 2 2 2 2 2 2 2 2 2 2 2 2 2 2 2 2 2 2
left_child=-1 2 4 13 28 -6 -5 11 -9 10 12 -7 16 18 15 -15 26 -18 -3 24 -21 -10 23 25 -19 -16 -8 -22 -2 -30
right_child=1 3 -4 6 5 7 9 8 21 -11 -12 -13 -14 14 22 -17 17 19 -20 20 27 -23 -24 -25 -26 -27 -28 -29 29 -31
leaf_value=-0.002350642663999359 8.4600553861199223e-05 0.017746754015196653 -0.0033800112411840593 -0.00132809308592996 -0.00057028436664328106 -0.0020653541633360558 0.017583814852175285 -0.0026163593219328627 -0.0016560234641645024 -0.00076636871183027866 0.028529950838907595 -3.2487492444513087e-05 -0.0026236098008962263 -0.0032407984509018012 -0.0024243599319953126 -0.00064539307398079899 -0.004862764121787367 0.0044067666149875118 0.0016270115378761441 -0.0048544844997171939 0.0069522729924382026 -0.0014400103236844335 0.0022231703247730162 -0.0050760161373616308 0.019355057112703168 0.0043961110764530187 0.0074387877732667758 0.00021212053970585121 -0.0010477268237004914 -0.00039395360122388497
leaf_weight=23614 1300 508 1292 3723 1448 1739 1483 1530 432 2533 1740 962 1564 1582 937 7958 1221 1243 2461 1111 4191 2026 4171 812 1204 1008 13280 2093 3743 3762
leaf_count=23614 1300 508 1292 3723 1448 1739 1483 1530 432 2533 1740 962 1564 1582 937 7958 1221 1243 2461 1111 4191 2026 4171 812 1204 1008 13280 2093 3743 3762
internal_value=-0.00635584 -0.000449307 -0.0076478 0.0019449 -0.00650454 -0.00919565 0.00312836 -0.0107677 -0.0135782 0.00364068 0.00407655 -0.00661792 0.00369478 -0.000209652 -0.000874423 -0.00235325 0.00403857 0.0025287 0.0034776 0.00318025 0.00206558 -0.0102726 0.00116195 -0.00151433 0.00654884 0.00096401 0.00517002 0.00324634 -0.0040176 -0.00478681
internal_weight=96671 73057 18234 54823 16942 8137 35386 6689 3988 31663 29130 2701 27390 19437 16468 9540 25826 11063 2969 9842 7395 2458 6928 2757 2447 1945 14763 6284 8805 7505
internal_count=96671 73057 18234 54823 16942 8137 35386 6689 3988 31663 29130 2701 27390 19437 16468 9540 25826 11063 2969 9842 7395 2458 6928 2757 2447 1945 14763 6284 8805 7505
is_linear=0
shrinkage=0.05


Tree=54
num_leaves=31
num_cat=0
split_feature=12 12 6 12 1 4 2 4 8 8 2 2 2 4 13 8 1 6 11 4 12 1 2 12 0 14 0 11 2 0
split_gain=4130.51 461.556 112.553 55.9454 48.0617 34.2135 33.6605 27.1477 28.5631 26.94 26.4824 23.6475 23.6146 20.4833 19.5607 18.8116 18.4732 20.2789 17.9392 16.2549 14.228 13.8028 12.8075 12.4484 11.648 10.9813 14.509 13.5625 10.0079 9.67767
threshold=0.048391918360802984 0.44608220339315774 1.0000000180025095e-35 1.7601746447116684 3.5000000000000004 2.5000000000000004 7.5000000000000009 1.0000000180025095e-35 1.0000000180025095e-35 1.0000000180025095e-35 27.500000000000004 21.500000000000004 2.5000000000000004 1.0000000180025095e-35 1.2347740287363749 1.0000000180025095e-35 5.5000000000000009 1.0000000180025095e-35 1.8796971021235731 7.5000000000000009 3.5351141344718853 1.5000000000000002 17.500000000000004 0.14155753218672448 9.5000000000000018 0.091560473374119808 22.500000000000004 0.14955230219903326 17.500000000000004 21.500000000000004
decision_type=2 2 2 2 2 2 2 2 2 2 2 2 2 2 2 2 2 2 2 2 2 2 2 2 2 2 2 2 2 2
left_child=-1 2 4 13 25 -6 12 8 -5 24 11 14 -7 15 -9 -3 17 29 -16 -20 21 -12 -10 -11 -8 27 -27 -2 -17 -15
right_child=1 3 -4 7 5 6 9 10 22 23 20 -13 -14 16 18 28 -18 -19 19 -21 -22 -23 -24 -25 -26 26 -28 -29 -30 -31
leaf_value=-0.0022335236189273619 -0.00051051529675051263 0.018108000259292181 -0.0031735902754120009 0.069861818427371811 -0.00060544407441547043 -0.0024432455790040389 -0.0026903480480109363 -7.0186050222853513e-05 0.0022355195036339206 -0.0015708520480701858 0.018698209721851589 -0.0010636087593949629 -0.00057067165643914786 0.0007199112148794873 0.00051991477633441256 -0.00092866715477888946 -0.0024605939545367913 -0.0015230322761097413 0.0041061318143495338 0.013248410180025906 0.054567915307312559 0.0028182652540859722 0.024488473195797666 -0.0013310480726102117 -0.0020520355979721351 -0.00029681893158228502 -0.0012799756886451492 -0.0013178520971648185 0.005412190164814157 -0.00096542771260965665
leaf_weight=23625 1488 819 1196 1116 1320 849 1009 3942 1197 459 1737 4359 1691 17277 2594 1772 2916 1932 4859 4403 483 1224 1152 1810 519 4441 1407 986 1791 2319
leaf_count=23625 1488 819 1196 1116 1320 849 1009 3942 1197 459 1737 4359 1691 17277 2594 1772 2916 1932 4859 4403 483 1224 1152 1810 519 4441 1407 986 1791 2319
internal_value=-0.00636247 -0.000486198 -0.00765502 0.0017167 -0.00654766 -0.00940643 -0.0109318 0.00334922 0.00748196 -0.0139123 0.00274247 0.00205016 -0.00647638 0.000183862 0.00294974 0.00333181 -0.000380461 0.000125418 0.00396424 0.00499352 0.00679443 0.00549645 0.00435292 -0.0104561 -0.0190445 -0.00391733 -0.00273598 -0.00670978 0.00176116 0.000607267
internal_weight=96692 73067 17175 55892 15979 7657 6337 27066 3465 3797 23601 20157 2540 28826 15798 4382 24444 21528 11856 9262 3444 2961 2349 2269 1528 8322 5848 2474 3563 19596
internal_count=96692 73067 17175 55892 15979 7657 6337 27066 3465 3797 23601 20157 2540 28826 15798 4382 24444 21528 11856 9262 3444 2961 2349 2269 1528 8322 5848 2474 3563 19596
is_linear=0
shrinkage=0.05


Tree=55
num_leaves=31
num_cat=0
split_feature=12 12 6 1 12 4 3 4 11 2 14 2 12 6 1 1 7 0 1 4 14 11 0 13 4 12 3 2 1 1
split_gain=4102.38 437.107 118.946 47.8438 44.3342 29.2518 28.2357 27.1243 26.7877 26.5045 22.9195 20.6316 18.8828 18.0071 17.5446 16.3333 14.2587 16.3106 13.2978 12.9545 12.6087 15.1953 12.0338 11.9507 11.6898 13.4967 11.6746 14.4766 32.0235 16.4579
threshold=0.048391918360802984 0.48938776846765614 1.0000000180025095e-35 3.5000000000000004 1.9680945314899818 1.0000000180025095e-35 1.0000000180025095e-35 2.5000000000000004 2.3038583728215074 7.5000000000000009 0.073887093182827615 2.5000000000000004 3.5351141344718853 1.0000000180025095e-35 5.5000000000000009 3.5000000000000004 1.0000000180025095e-35 17.500000000000004 1.5000000000000002 9.5000000000000018 0.091560473374119808 0.15611232472912856 21.500000000000004 0.31785451061863679 1.0000000180025095e-35 0.02549002247696816 1.0000000180025095e-35 2.5000000000000004 3.5000000000000004 3.5000000000000004
decision_type=2 2 2 2 2 2 2 2 2 2 2 2 2 2 2 2 2 2 2 2 2 2 2 2 2 2 2 2 2 2
left_child=24 2 3 20 13 12 16 -5 15 11 -11 -9 18 14 22 19 17 -7 -6 -8 21 -2 23 -3 25 -1 -25 28 -28 -29
right_child=1 4 -4 7 5 6 8 9 -10 10 -12 -13 -14 -15 -16 -17 -18 -19 -20 -21 -22 -23 -24 26 -26 -27 27 29 -30 -31
leaf_value=-0.0015193763356143035 -0.00046944697849671122 -0.0013289552966651631 -0.0030672025422356941 -0.0006967914726737801 0.059182534512873766 -0.00096786667482148261 -0.0046447114683233707 -0.0023210833000538362 0.022093594084209633 -0.0021895597868510433 -0.0016697632368519483 -0.00059084915278528123 0.11437548319898748 -0.0012045099780653324 -0.001572311747896757 -0.0017530858778423419 0.013052838483709195 0.0037697262174415827 0.016398888189048579 0.015292714806462215 -0.00044073194954238269 -0.0013521802216099666 -0.00087348418723817158 0.00087604423997655336 -0.0021990455578150595 -0.00052212320076761617 0.0066268488810628523 0.0030966301715877722 -0.0054032602605536498 0.0093066069426379055
leaf_weight=3114 1541 1061 1270 1463 454 6150 492 873 3052 860 3193 1786 334 2212 3946 1746 745 4623 2035 2819 6420 920 2344 14029 20180 283 1237 4302 1377 1856
leaf_count=3114 1541 1061 1270 1463 454 6150 492 873 3052 860 3193 1786 334 2212 3946 1746 745 4623 2035 2819 6420 920 2344 14029 20180 283 1237 4302 1377 1856
internal_value=-0.00624994 -0.000403336 -0.00708829 -0.00598909 0.00183165 0.00353898 0.00285449 -0.00874924 0.00511469 -0.0100939 -0.0126388 -0.00621474 0.00829791 0.000647324 0.000966768 0.00288214 0.00126324 0.000800613 0.00679992 0.00494564 -0.00344837 -0.00649126 0.00143479 0.0017706 -0.0243871 -0.0216735 0.00201197 0.00344277 0.000325172 0.00476616
internal_weight=96717 73140 18326 17056 54814 22450 19627 8175 8109 6712 4053 2659 2823 32364 30152 5057 11518 10773 2489 3311 8881 2461 26206 23862 23577 3397 22801 8772 2614 6158
internal_count=96717 73140 18326 17056 54814 22450 19627 8175 8109 6712 4053 2659 2823 32364 30152 5057 11518 10773 2489 3311 8881 2461 26206 23862 23577 3397 22801 8772 2614 6158
is_linear=0
shrinkage=0.05


Tree=56
num_leaves=31
num_cat=0
split_feature=12 12 6 1 0 0 8 7 12 14 4 1 2 0 12 2 2 8 1 8 1 3 4 3 4 2 4 8 6 12
split_gain=4070.09 394.638 120.336 41.2045 38.9856 52.4109 35.915 29.6132 28.3327 20.6016 19.3362 19.1766 18.8224 16.2933 17.9023 16.1096 18.7825 18.4352 14.608 13.3671 13.2122 12.6513 20.8436 12.4417 19.9887 13.2246 12.3764 16.2956 12.2848 11.0017
threshold=0.048391918360802984 0.48938776846765614 1.0000000180025095e-35 3.5000000000000004 20.500000000000004 17.500000000000004 1.5000000000000002 1.0000000180025095e-35 0.15853286013538914 0.2989680364959823 2.5000000000000004 1.5000000000000002 4.5000000000000009 19.500000000000004 2.4092921713649753 7.5000000000000009 2.5000000000000004 1.0000000180025095e-35 5.5000000000000009 1.0000000180025095e-35 5.5000000000000009 1.0000000180025095e-35 1.0000000180025095e-35 1.0000000180025095e-35 1.0000000180025095e-35 26.500000000000004 1.0000000180025095e-35 1.0000000180025095e-35 1.0000000180025095e-35 2.6581073991100173
decision_type=2 2 2 2 2 2 2 2 2 2 2 2 2 2 2 2 2 2 2 2 2 2 2 2 2 2 2 2 2 2
left_child=26 2 3 -2 5 7 13 9 18 -3 -10 12 -11 19 -15 16 -12 -17 -5 21 -18 22 -7 24 -14 -26 27 -1 -13 -21
right_child=1 4 -4 8 -6 6 -8 -9 10 11 15 28 23 14 -16 17 20 -19 -20 29 -22 -23 -24 -25 25 -27 -28 -29 -30 -31
leaf_value=-0.00069612974491686699 -0.00058098224682543028 -0.0022041975674557067 -0.0028896804924104544 -0.001814239545251368 -0.0011243023767633865 0.11366782724346125 0.0020389037338957557 0.012336797524092181 0.000118151645857284 -0.0063650981366441435 -0.0022592521550433399 0.00068123497467373903 0.022995077483444704 0.015250343777683579 0.00059827202904862988 -0.0022122761782974831 0.0010865053460615975 -0.0011103361449778235 -0.0003831517420287159 0.014351067292193398 -0.0011569917983019402 0.067996086418271179 0.0094001674869023614 0.0085794856664589865 0.0016546140705076262 -0.0042081937497004734 -0.0020877533861362071 -0.001601001175164889 -0.0015761843264766708 0.0037868727782623514
leaf_weight=1004 8861 868 1291 2182 6875 311 4638 1431 941 814 633 22448 800 948 1405 923 571 1884 363 1378 627 798 1144 3282 4122 801 20274 2422 1649 1059
leaf_count=1004 8861 868 1291 2182 6875 311 4638 1431 941 814 633 22448 800 948 1405 923 571 1884 363 1378 627 798 1144 3282 4122 801 20274 2422 1649 1059
internal_value=-0.00631622 -0.000474694 -0.00683684 -0.00571828 0.00164823 0.00215362 0.00506592 0.00121428 -0.00829025 0.000924276 -0.00629593 0.00111894 0.00298146 0.00731577 0.00392053 -0.00762182 -0.00397324 -0.0100018 -0.0126621 0.00901919 -0.000292154 0.0117954 0.00902062 0.00363964 0.00223222 0.00104103 -0.0243207 -0.0215412 0.000360003 0.00645261
internal_weight=96747 73047 18276 16985 54771 47896 11681 36215 8124 34784 5579 33916 9819 7043 2353 4638 1831 2807 2545 4690 1198 2253 1455 9005 5723 4923 23700 3426 24097 2437
internal_count=96747 73047 18276 16985 54771 47896 11681 36215 8124 34784 5579 33916 9819 7043 2353 4638 1831 2807 2545 4690 1198 2253 1455 9005 5723 4923 23700 3426 24097 2437
is_linear=0
shrinkage=0.05


Tree=57
num_leaves=31
num_cat=0
split_feature=12 12 6 1 12 4 2 8 6 14 2 4 8 14 12 1 2 8 12 2 4 3 8 8 0 2 14 3 4 8
split_gain=4038.47 371.083 109.546 41.1835 40.4663 27.2783 26.1179 30.3616 23.981 28.3214 18.478 16.3945 18.321 16.3913 16.2863 15.8248 18.2966 15.6067 14.0987 13.4552 13.0727 18.637 19.8755 13.4218 12.8968 12.55 12.2445 11.9239 18.5042 34.4316
threshold=0.048391918360802984 0.50484537123055562 1.0000000180025095e-35 3.5000000000000004 1.4462720853258568 2.5000000000000004 7.5000000000000009 1.0000000180025095e-35 1.0000000180025095e-35 2.3192212600573567 3.5000000000000004 1.0000000180025095e-35 1.0000000180025095e-35 0.86746141427363688 2.7771242299877339 3.5000000000000004 2.5000000000000004 1.5000000000000002 0.026997949692522578 3.5000000000000004 1.0000000180025095e-35 1.0000000180025095e-35 1.0000000180025095e-35 1.0000000180025095e-35 9.5000000000000018 18.500000000000004 0.22211085468778977 1.0000000180025095e-35 1.0000000180025095e-35 1.0000000180025095e-35
decision_type=2 2 2 2 2 2 2 2 2 2 2 2 2 2 2 2 2 2 2 2 2 2 2 2 2 2 2 2 2 2
left_child=11 2 3 27 20 -5 10 24 9 13 -7 12 25 -6 -11 19 -17 26 -14 -15 23 22 -22 -3 -8 -1 -9 28 -2 -30
right_child=1 4 -4 5 8 6 7 17 -10 14 -12 -13 18 15 -16 16 -18 -19 -20 -21 21 -23 -24 -25 -26 -27 -28 -29 29 -31
leaf_value=-0.00079868067143979186 5.5802397416082619e-05 0.017086756107795083 -0.0027528013612786797 -0.00065648091317790371 -0.0028601798973205586 -0.0017500047443972863 -0.0022994044065076389 -0.00061916293482707776 -0.0012739529679635876 0.0044270915752325614 -2.2597198408053078e-06 -0.0019814986478979362 -0.0015425942148503914 0.014849878189359057 0.021464733050845466 -0.0055928328412820812 0.0029547164034019525 -0.0014105147116528563 -0.00031670308294268966 0.00530196244766672 -0.003151041264391348 0.00093319853725046817 -0.00052804713288705511 0.0013129765813727546 -0.0018667228298391058 -0.00025068711577477565 0.0028426250085477143 -0.0002287810526337586 -0.0015456234246689904 -0.00035470132074508638
leaf_weight=640 1339 528 1298 1473 1386 1747 980 487 2560 1812 971 20301 2223 1431 2508 1419 10152 1930 125 12995 1654 7168 8225 2548 575 325 117 3862 1513 2327
leaf_count=640 1339 528 1298 1473 1386 1747 980 487 2560 1812 971 20301 2223 1431 2508 1419 10152 1930 125 12995 1654 7168 8225 2548 575 325 117 3862 1513 2327
internal_value=-0.00624282 -0.00042908 -0.00652156 -0.00547168 0.00165668 -0.00801932 -0.00935434 -0.0118794 0.00270189 0.00307778 -0.00555556 -0.0242166 -0.0209553 0.00248421 0.00684028 0.00276667 0.00138925 -0.00850434 -0.023339 0.00387148 -0.000122994 -0.00066434 -0.00207258 0.00287711 -0.0173794 -0.0151554 -0.00149007 -0.00313848 -0.00470651 -0.00647135
internal_weight=96619 73005 18619 17321 54386 8280 6807 4089 34263 31703 2718 23614 3313 27383 4320 25997 11571 2534 2348 14426 20123 17047 9879 3076 1555 965 604 9041 5179 3840
internal_count=96619 73005 18619 17321 54386 8280 6807 4089 34263 31703 2718 23614 3313 27383 4320 25997 11571 2534 2348 14426 20123 17047 9879 3076 1555 965 604 9041 5179 3840
is_linear=0
shrinkage=0.05


Tree=58
num_leaves=31
num_cat=0
split_feature=12 12 6 1 12 7 0 0 8 5 14 0 0 14 12 5 8 8 3 5 14 14 2 8 12 14 11 0 2 5
split_gain=3976.76 358.14 123.976 42.1097 40.9386 27.6549 26.5692 43.6813 29.3828 24.865 21.2435 19.3059 22.6278 19.2526 17.4536 15.9395 18.1248 14.7394 14.3367 21.5281 14.2778 13.9268 12.5746 13.6939 12.3253 12.2607 14.4944 14.0315 12.1505 11.7079
threshold=0.048391918360802984 0.50484537123055562 1.0000000180025095e-35 3.5000000000000004 1.4462720853258568 1.0000000180025095e-35 17.500000000000004 19.500000000000004 1.0000000180025095e-35 1.0000000180025095e-35 0.088883986181368682 14.500000000000002 16.500000000000004 0.77234689896875075 1.6771324164686841 1.0000000180025095e-35 1.0000000180025095e-35 2.5000000000000004 1.0000000180025095e-35 1.0000000180025095e-35 0.2989680364959823 2.36773265736463 7.5000000000000009 1.0000000180025095e-35 0.02549002247696816 0.091560473374119808 0.15611232472912856 22.500000000000004 18.500000000000004 1.0000000180025095e-35
decision_type=2 2 2 2 2 2 2 2 2 2 2 2 2 2 2 2 2 2 2 2 2 2 2 2 2 2 2 2 2 2
left_child=15 2 3 25 20 6 11 8 18 10 22 13 14 -6 -13 -1 28 -9 19 -8 -3 -16 -5 -24 -18 26 -2 -27 -17 -22
right_child=1 4 -4 9 5 -7 7 17 -10 -11 -12 12 -14 -15 21 16 24 -19 -20 -21 29 -23 23 -25 -26 27 -28 -29 -30 -31
leaf_value=-0.0018821116293082859 -0.00038516937425030765 -0.0022438668994033948 -0.0026515849345537124 -0.0012199350467291454 -0.005170110334498457 0.017762048176687129 0.008178382864399536 0.001481880210094294 0.0062650017311737805 -0.00056471869069450319 -0.0013470236544647345 0.00070647698424058383 0.0023932782230499218 0.0037281052646819025 -0.0092257387704394855 -0.00078685209052454835 -0.001462120590403715 -0.0070948408638514043 0.065014837649540677 0.11344302749614772 -0.00035174705786970021 0.0022977955733099356 -0.0023230537253328591 -0.00081757283685815062 -0.00047929636169973916 -0.00013296084243397677 -0.0012125086169823178 -0.0010583009337853083 -0.00026409214259874201 0.0035743140710769008
leaf_weight=20230 1559 826 1346 796 757 1670 1151 3864 5096 1464 4824 1332 3589 13137 1659 661 2303 613 814 321 16308 383 725 460 163 5067 929 1472 321 3027
leaf_count=20230 1559 826 1346 796 757 1670 1151 3864 5096 1464 4824 1332 3589 13137 1659 661 2303 613 814 321 16308 383 725 460 163 5067 929 1472 321 3027
internal_value=-0.00629962 -0.000537308 -0.00652022 -0.00538275 0.00150742 0.00255627 0.00223591 0.00412556 0.00648876 -0.00796045 -0.00923218 0.00116148 -0.000987362 0.00223838 -0.00392709 -0.024111 -0.0209687 0.000228948 0.0111986 0.00825408 -0.000281484 -0.00683154 -0.0135916 -0.0168565 -0.0232563 -0.00302149 -0.00600884 -0.00188484 -0.015224 -6.46496e-06
internal_weight=96867 73189 18642 17296 54547 34386 32716 11859 7382 8269 6805 20857 6963 13894 3374 23678 3448 4477 2286 1472 20161 2042 1981 1185 2466 9027 2488 6539 982 19335
internal_count=96867 73189 18642 17296 54547 34386 32716 11859 7382 8269 6805 20857 6963 13894 3374 23678 3448 4477 2286 1472 20161 2042 1981 1185 2466 9027 2488 6539 982 19335
is_linear=0
shrinkage=0.05


Tree=59
num_leaves=31
num_cat=0
split_feature=12 12 6 14 0 0 7 0 3 4 1 4 1 12 0 2 4 2 2 12 2 14 0 4 3 2 14 4 3 0
split_gain=3940.11 312.19 116.217 37.7835 37.5427 40.7679 23.5456 22.0753 20.4741 34.3247 19.3831 19.0493 18.827 18.1453 16.5864 14.4429 14.1342 14.1737 17.2438 13.8782 13.2651 13.1354 12.831 11.3715 17.7589 14.7546 11.3658 10.8089 13.2911 9.09525
threshold=0.048391918360802984 0.55415891551107666 1.0000000180025095e-35 0.091560473374119808 20.500000000000004 17.500000000000004 1.0000000180025095e-35 19.500000000000004 1.0000000180025095e-35 1.0000000180025095e-35 1.5000000000000002 1.0000000180025095e-35 3.5000000000000004 0.018035768771074438 6.5000000000000009 4.5000000000000009 2.5000000000000004 7.5000000000000009 2.5000000000000004 1.0934661344549224 9.5000000000000018 0.35208839802829789 13.500000000000002 1.0000000180025095e-35 1.0000000180025095e-35 26.500000000000004 2.0744882328909844 1.0000000180025095e-35 1.0000000180025095e-35 16.500000000000004
decision_type=2 2 2 2 2 2 2 2 2 2 2 2 2 2 2 2 2 2 2 2 2 2 2 2 2 2 2 2 2 2
left_child=11 2 3 8 5 6 10 19 9 -2 15 13 -5 -1 -11 -3 -14 18 -18 -7 -19 -12 -23 -17 25 -25 -21 -28 -29 -24
right_child=1 4 -4 12 -6 7 -8 -9 -10 14 21 -13 16 -15 -16 23 17 20 -20 26 -22 22 29 24 -26 -27 27 28 -30 -31
leaf_value=-0.0014041970474209073 -0.0004356579267238037 -0.0042523441558707685 -0.0024810402531533736 -0.00034549935962872869 -0.001326532168225969 -0.0043287743937399344 0.012952974998984779 0.0015261669304353965 -0.00064702715108478227 -0.00086620675934045988 -0.0030624783569754097 -0.0017900366104523059 -0.00021534494174576537 -0.00079231861974405076 -0.0019864422549657952 0.020869908081403446 -0.0022439733995004429 -0.0021653157487666582 -9.7560870525283119e-05 0.0076311954176178426 -0.0011248704084771265 0.0013400647404782308 -0.0015532368101199513 0.0016835941483583639 0.0076250510946075604 -0.0045915621022830089 0.094678080483056259 0.0069836472361270666 0.041344328472112668 0.001942272836250869
leaf_weight=1989 798 825 1389 7140 6153 146 1419 3837 1901 1333 634 20266 1137 1389 990 792 677 708 1428 5107 2392 12731 7964 4078 3218 844 298 1392 936 2809
leaf_count=1989 798 825 1389 7140 6153 146 1419 3837 1901 1333 634 20266 1137 1389 990 792 677 708 1428 5107 2392 12731 7964 4078 3218 844 298 1392 936 2809
internal_value=-0.00626447 -0.000524112 -0.00586764 -0.00482058 0.00147463 0.00195514 0.00110721 0.00451093 -0.0085225 -0.0110141 0.000843045 -0.0240061 -0.00344163 -0.0205299 -0.0140874 0.00272369 -0.00542416 -0.00652738 -0.00336105 0.00602551 -0.00867742 8.28569e-05 0.000274421 0.00330833 0.00275184 0.00086347 0.00631385 0.00898705 0.00783935 -0.000995544
internal_weight=96720 73076 19893 18504 53183 47030 35314 11716 5022 3121 33895 23644 13482 3378 2323 9757 6342 5205 2105 7879 3100 24138 23504 8932 8140 4922 7733 2626 2328 10773
internal_count=96720 73076 19893 18504 53183 47030 35314 11716 5022 3121 33895 23644 13482 3378 2323 9757 6342 5205 2105 7879 3100 24138 23504 8932 8140 4922 7733 2626 2328 10773
is_linear=0
shrinkage=0.05


Tree=60
num_leaves=31
num_cat=0
split_feature=12 12 6 6 14 1 4 8 14 0 2 12 12 2 2 2 1 2 12 1 14 8 2 3 2 8 0 0 8 2
split_gain=3929.46 291.184 94.2939 36.1942 39.7874 30.558 23.0424 26.7092 19.9893 21.3602 19.1543 15.81 15.7531 15.7468 18.7373 21.7904 14.3272 20.3096 13.9606 13.1674 11.9329 10.958 10.7642 9.22303 16.2302 13.5939 8.61313 14.2955 13.9728 8.45321
threshold=0.048391918360802984 0.43231017910896119 1.0000000180025095e-35 1.0000000180025095e-35 2.194209813763786 3.5000000000000004 1.0000000180025095e-35 1.0000000180025095e-35 0.59995196162031739 20.500000000000004 23.500000000000004 0.02549002247696816 0.14155753218672448 10.500000000000002 7.5000000000000009 3.5000000000000004 1.5000000000000002 4.5000000000000009 4.0035509476549178 3.5000000000000004 0.61344849924216194 1.0000000180025095e-35 18.500000000000004 1.0000000180025095e-35 26.500000000000004 1.0000000180025095e-35 17.500000000000004 13.500000000000002 1.5000000000000002 19.500000000000004
decision_type=2 2 2 2 2 2 2 2 2 2 2 2 2 2 2 2 2 2 2 2 2 2 2 2 2 2 2 2 2 2
left_child=6 2 5 4 8 -2 7 22 -3 16 12 -9 -7 14 15 -14 17 -10 19 -6 -5 -12 -1 24 29 -25 27 -18 -28 -19
right_child=1 3 -4 20 18 10 -8 11 9 -11 21 -13 13 -15 -16 -17 26 23 -20 -21 -22 -23 -24 25 -26 -27 28 -29 -30 -31
leaf_value=-0.00067385726324793195 -0.00049074868376452129 -0.0008153420702978185 -0.0023569882404957049 -0.002804224554731072 0.0083900507327546066 -0.001280735687160052 -0.0016986331123645831 -0.0013356654655355797 -0.0061426601744613563 -0.0007657947463560633 -0.0022980126389097167 -0.00034501791854201148 -0.0014897967959463855 -0.00011833454934239707 -0.0015778774733913774 0.00082222970716166468 0.0023483739804679884 0.0031199826184511448 0.027556277370287419 0.00061075726661662946 -0.0010709380036242112 -0.0010519106928346636 -0.00019108334365811435 0.02668249098051443 -0.0033502844699089263 0.0065083105778191213 0.0095893377467112413 -0.00070871938331762982 0.00043088531863370031 0.022822605227032292
leaf_weight=650 8080 5252 1187 377 3966 1641 20291 2229 766 5843 476 153 1252 1517 1233 603 10151 3401 1150 1720 3681 698 322 737 789 2826 3178 8789 2815 849
leaf_count=650 8080 5252 1187 377 3966 1641 20291 2229 766 5843 476 153 1252 1517 1233 603 10151 3401 1150 1720 3681 698 322 737 789 2826 3178 8789 2815 849
internal_value=-0.00617561 -0.000436096 -0.00623689 0.00128353 0.00163693 -0.00519677 -0.0238898 -0.0200507 0.00110142 0.00148092 -0.00751348 -0.0229009 -0.0064121 -0.00491314 -0.00696244 -0.00378706 0.00195694 0.00362404 0.0051931 0.00417693 -0.00326516 -0.0133731 -0.0130658 0.00431876 0.00294205 0.00626579 0.00133057 0.000807814 0.00298265 0.00416471
internal_weight=96622 72977 16687 56290 52232 15500 23645 3354 45396 40144 7420 2382 6246 4605 3088 1855 34301 9368 6836 5686 4058 1174 972 8602 5039 3563 24933 18940 5993 4250
internal_count=96622 72977 16687 56290 52232 15500 23645 3354 45396 40144 7420 2382 6246 4605 3088 1855 34301 9368 6836 5686 4058 1174 972 8602 5039 3563 24933 18940 5993 4250
is_linear=0
shrinkage=0.05


Tree=61
num_leaves=31
num_cat=0
split_feature=12 12 6 1 12 4 14 4 8 2 8 2 6 7 12 1 3 2 2 8 11 8 8 8 3 4 11 4 2 12
split_gain=3875.95 272.216 100.286 37.7437 31.808 24.4285 24.0831 22.708 24.1057 21.9908 24.3041 19.1016 18.3635 20.0867 16.2178 15.611 14.4054 25.0733 15.6785 14.1249 15.244 13.5916 12.8287 11.9265 16.6049 31.131 11.7201 11.5637 10.6447 10.362
threshold=0.048391918360802984 0.48938776846765614 1.0000000180025095e-35 3.5000000000000004 1.7762499382849202 2.5000000000000004 1.1932275766107703 1.0000000180025095e-35 1.0000000180025095e-35 7.5000000000000009 1.0000000180025095e-35 2.5000000000000004 1.0000000180025095e-35 1.0000000180025095e-35 0.02549002247696816 3.5000000000000004 1.0000000180025095e-35 21.500000000000004 17.500000000000004 1.0000000180025095e-35 0.51305091251275237 1.0000000180025095e-35 1.5000000000000002 1.0000000180025095e-35 1.0000000180025095e-35 1.0000000180025095e-35 1.6926799310388281 2.5000000000000004 18.500000000000004 0.14155753218672448
decision_type=2 2 2 2 2 2 2 2 2 2 2 2 2 2 2 2 2 2 2 2 2 2 2 2 2 2 2 2 2 2
left_child=7 2 3 -2 16 -5 -6 8 28 11 -11 -7 13 15 -10 23 17 18 -3 20 -18 -19 -21 24 25 -8 -26 -17 -1 -12
right_child=1 4 -4 5 6 9 12 -9 14 10 29 -13 -14 -15 -16 27 19 21 -20 22 -22 -23 -24 -25 26 -27 -28 -29 -30 -31
leaf_value=-0.00064496732701799686 -0.0004252412497788065 -0.00039387353679641861 -0.0022561269278265831 -0.00034298485508650611 -0.0018302213624280196 -0.0018426285438583039 0.07055880821242029 -0.0016143402509002829 -0.0012624296634989635 -0.0018191178185965264 -0.0010996030440635629 -0.00040458208294807604 -0.0011677555785868487 0.022720710038314353 -0.00045542471176905912 0.020138762546086666 -0.00065344835890562283 -0.0041153155905197247 0.0031887833935740299 -0.00090494272908404623 0.008801391185403051 -0.0012611581187559979 0.0022956339259715963 0.0048244898707158201 0.013392806496916366 0.00065054048060422256 0.04371675141374598 0.0008140789167612628 -0.00017967675724784687 -0.00088399604437766762
leaf_weight=648 8828 11500 1273 1469 3328 876 550 20265 2240 1550 454 1836 1845 1336 177 1166 420 647 2885 4428 1415 3100 3755 8063 661 1717 1022 6926 321 2041
leaf_count=648 8828 11500 1273 1469 3328 876 550 20265 2240 1550 454 1836 1845 1336 177 1166 420 647 2885 4428 1415 3100 3755 8063 661 1717 1022 6926 321 2041
internal_value=-0.00614624 -0.000453202 -0.00572789 -0.00471737 0.00131199 -0.00715415 0.00255129 -0.02374 -0.0199498 -0.0084246 -0.0107602 -0.004941 0.0031199 0.00353178 -0.022621 0.00313728 0.00014032 -0.000700419 0.000248523 0.00166201 0.0056267 -0.00434347 0.000772944 0.00428078 0.00653165 0.00373842 0.0102941 0.00143969 -0.0132869 -0.00770541
internal_weight=96742 73091 18327 17054 54764 8226 26614 23651 3386 6757 4045 2712 23286 21441 2417 20105 28150 18132 14385 10018 1835 3747 8183 12013 3950 2267 1683 8092 969 2495
internal_count=96742 73091 18327 17054 54764 8226 26614 23651 3386 6757 4045 2712 23286 21441 2417 20105 28150 18132 14385 10018 1835 3747 8183 12013 3950 2267 1683 8092 969 2495
is_linear=0
shrinkage=0.05


Tree=62
num_leaves=31
num_cat=0
split_feature=12 12 6 14 12 4 8 4 3 8 8 8 8 0 14 12 8 4 3 8 0 12 3 8 3 2 8 8 2 1
split_gain=3835.64 256.262 98.466 28.0996 26.6428 25.4168 25.8611 22.4733 24.6336 32.5658 30.0828 20.6246 19.573 19.1926 27.1559 16.8654 16.0245 15.7981 23.1611 21.3907 13.8579 12.2517 15.7825 16.8015 12.1423 20.1066 15.8116 15.0338 13.6635 31.1961
threshold=0.048391918360802984 0.48938776846765614 1.0000000180025095e-35 0.091560473374119808 1.8790805478572115 1.0000000180025095e-35 1.0000000180025095e-35 1.0000000180025095e-35 1.0000000180025095e-35 1.0000000180025095e-35 1.5000000000000002 1.0000000180025095e-35 3.5000000000000004 22.500000000000004 0.83042774607865388 0.022644289869261477 1.0000000180025095e-35 1.0000000180025095e-35 1.0000000180025095e-35 1.0000000180025095e-35 17.500000000000004 0.03057491011296894 1.0000000180025095e-35 3.5000000000000004 1.0000000180025095e-35 21.500000000000004 1.0000000180025095e-35 1.0000000180025095e-35 10.500000000000002 4.5000000000000009
decision_type=2 2 2 2 2 2 2 2 2 2 2 2 2 2 2 2 2 2 2 2 2 2 2 2 2 2 2 2 2 2
left_child=5 2 3 12 24 6 -1 11 16 20 -11 -6 17 -5 -15 -8 -9 -2 19 -19 -10 -7 -23 -24 25 28 -27 -26 29 -3
right_child=1 4 -4 13 7 21 15 8 9 10 -12 -13 -14 14 -16 -17 -18 18 -20 -21 -22 22 23 -25 27 26 -28 -29 -30 -31
leaf_value=-0.0004808005764624781 -0.00043571561978957007 0.00031068436942424118 -0.0021402752153847531 -0.00041703474448249181 0.061477315003757749 -0.0015463778407130138 -0.0012245799443491073 -0.0026398085719093857 0.01486303607349846 -0.0042288902616768988 0.0088900597683271628 0.010998817998531352 6.8862434479968068e-05 -0.0017239949657245819 -0.00050410593636964005 -0.00056101631003360188 0.0018458129355286013 -0.0016874226952741129 -0.00084465611709747326 -0.00052369641014035834 0.039424510468880493 -0.0014198537108305589 -0.00066412679225241094 5.7197629212986037e-05 0.0051778419751673304 -0.0038450097424588799 -0.00093301809107478604 0.00066126181936936317 0.0015373916998121684 -0.0045314505911439934
leaf_weight=989 697 5849 1280 9257 1049 19358 2149 4007 1685 2115 3776 2017 498 1107 1712 257 8376 1428 1706 632 1199 589 309 146 1954 736 3324 8923 8292 1405
leaf_count=989 697 5849 1280 9257 1049 19358 2149 4007 1685 2115 3776 2017 498 1107 1712 257 8376 1428 1706 632 1199 589 309 146 1954 736 3324 8923 8292 1405
internal_value=-0.00609398 -0.000412878 -0.00553175 -0.00452691 0.00130102 -0.0235271 -0.0195214 0.0025388 0.00195907 0.00398575 0.00185452 0.00653947 -0.00769502 -0.00322541 -0.00683753 -0.0223192 0.000522894 -0.00874412 -0.0100239 -0.0135922 0.00833911 -0.0241937 -0.0189176 -0.0119231 0.00031739 -0.00042589 -0.00355911 0.00165717 0.000392384 -0.00119245
internal_weight=96821 73024 18317 17037 54707 23797 3395 24224 21158 8775 5891 3066 4961 12076 2819 2406 12383 4463 3766 2060 2884 20402 1044 455 30483 19606 4060 10877 15546 7254
internal_count=96821 73024 18317 17037 54707 23797 3395 24224 21158 8775 5891 3066 4961 12076 2819 2406 12383 4463 3766 2060 2884 20402 1044 455 30483 19606 4060 10877 15546 7254
is_linear=0
shrinkage=0.05


Tree=63
num_leaves=31
num_cat=0
split_feature=12 12 3 2 2 4 12 0 13 8 8 7 0 8 1 0 12 0 2 2 12 3 8 11 0 8 14 12 1 11
split_gain=3754.74 221.553 44.5218 84.8546 37.3567 28.1249 29.6676 27.4675 36.6702 23.5236 22.1735 20.0301 18.3194 33.1096 15.4454 14.9734 15.8382 14.5081 14.2437 12.0676 11.7473 15.5096 16.0742 11.669 11.6113 11.4736 10.8862 10.769 10.3495 9.20012
threshold=0.048391918360802984 0.46109249075020248 1.0000000180025095e-35 20.500000000000004 10.500000000000002 1.0000000180025095e-35 0.019727422722089709 20.500000000000004 0.8763749999003746 1.0000000180025095e-35 1.0000000180025095e-35 1.0000000180025095e-35 17.500000000000004 1.5000000000000002 3.5000000000000004 19.500000000000004 2.5525349097281964 13.500000000000002 19.500000000000004 23.500000000000004 0.029088779508699588 1.0000000180025095e-35 3.5000000000000004 2.7869984834027313 16.500000000000004 1.0000000180025095e-35 0.15855883354382452 0.78721326236926303 3.5000000000000004 0.12661141321606034
decision_type=2 2 2 2 2 2 2 2 2 2 2 2 2 2 2 2 2 2 2 2 2 2 2 2 2 2 2 2 2 2
left_child=5 2 3 4 10 6 25 8 -3 -5 26 12 17 15 -12 -14 -17 27 -6 -11 -7 -22 -23 24 -19 28 -2 -10 -1 -4
right_child=1 7 29 9 18 20 -8 -9 11 19 14 -13 13 -15 -16 16 -18 23 -20 -21 21 22 -24 -25 -26 -27 -28 -29 -30 -31
leaf_value=-0.0001702022020522451 -0.0015843053325519483 -0.00072549675755596843 -0.00064550087178490286 -0.002341680558002913 -0.00044165175345433629 -0.0014733843366767784 -0.00051859822019249509 -0.0010039004928096508 -0.0021526459400602162 -0.0016272166422468836 -0.00024536287779128275 0.015981580783353634 0.013867533917372188 0.00015831185851907794 -0.0012818763846730982 0.0096948405466150689 -0.0023048305540457783 -0.00012132194241515904 0.0020599050134905428 -0.00092485998105655423 -0.001366605793699952 -0.00061954355925913354 4.6041526257661894e-05 -0.0035619974548762867 0.0049611305894822766 -0.0011806775982726994 -0.0012681503668513915 0.0033957008159205882 -0.00076990845012806267 -0.00012592008709508829
leaf_weight=142 1028 10198 2239 1082 3871 18844 987 7165 397 737 1460 1577 4661 4239 1078 1211 1126 8566 435 955 807 478 149 2251 2666 1940 630 11530 324 4015
leaf_count=142 1028 10198 2239 1082 3871 18844 987 7165 397 737 1460 1577 4661 4239 1078 1211 1126 8566 435 955 807 478 149 2251 2666 1940 630 11530 324 4015
internal_value=-0.00608443 -0.000481078 -0.0053822 -0.00725878 -0.00478123 -0.0233925 -0.0191792 0.00106455 0.00149209 -0.0148522 -0.0081387 0.0022028 0.00196537 0.00364644 -0.00520095 0.00575879 0.00249251 0.00122196 -0.00150952 -0.0111702 -0.0240975 -0.019735 -0.0138357 9.82719e-05 0.000756766 -0.0221737 -0.0126357 0.00249224 -0.0151288 -0.00199872
internal_weight=96788 73117 17530 11276 8502 23671 3393 55587 48422 2774 4196 38224 36647 11237 2538 6998 2337 25410 4306 1692 20278 1434 627 13483 11232 2406 1658 11927 466 6254
internal_count=96788 73117 17530 11276 8502 23671 3393 55587 48422 2774 4196 38224 36647 11237 2538 6998 2337 25410 4306 1692 20278 1434 627 13483 11232 2406 1658 11927 466 6254
is_linear=0
shrinkage=0.05


Tree=64
num_leaves=31
num_cat=0
split_feature=12 12 6 4 8 1 1 0 13 12 4 2 12 2 2 2 1 12 8 4 8 12 3 8 8 2 2 2 2 1
split_gain=3728.67 209.072 87.5213 30.6549 32.877 29.2597 25.4468 22.7721 23.5094 20.0349 19.7505 17.7434 17.2521 16.3821 15.853 17.5857 15.2525 13.2761 12.6231 11.6038 10.838 9.97623 14.0595 13.1872 9.7294 9.10285 9.06909 12.931 12.0212 10.574
threshold=0.048391918360802984 0.46109249075020248 1.0000000180025095e-35 1.0000000180025095e-35 1.0000000180025095e-35 1.5000000000000002 3.5000000000000004 20.500000000000004 1.2140185390304221 0.15853286013538914 1.0000000180025095e-35 21.500000000000004 0.026997949692522578 27.500000000000004 20.500000000000004 4.5000000000000009 5.5000000000000009 4.1612021925986946 1.0000000180025095e-35 2.5000000000000004 1.0000000180025095e-35 0.029088779508699588 1.0000000180025095e-35 3.5000000000000004 3.5000000000000004 12.500000000000002 7.5000000000000009 9.5000000000000018 2.5000000000000004 5.5000000000000009
decision_type=2 2 2 2 2 2 2 2 2 2 2 2 2 2 2 2 2 2 2 2 2 2 2 2 2 2 2 2 2 2
left_child=3 2 6 4 -1 10 -2 8 -7 16 20 17 -6 14 15 -12 24 -10 -15 -11 -3 -5 -23 -24 -8 -17 28 -28 -21 -30
right_child=1 5 -4 21 12 7 9 -9 11 19 13 -13 -14 18 -16 25 -18 -19 -20 26 -22 22 23 -25 -26 -27 27 -29 29 -31
leaf_value=-0.00043116753200407798 -0.00038293410362223588 0.065043603195718655 -0.0019007120591947051 -0.0014009354783785868 -0.0010777533007590139 -0.00063711912058129626 -0.0014967741560603547 -0.0014729589830982271 0.0031336976140450695 0.00031957278801169193 -0.0032247577306268038 -0.00046467537681525728 -0.00014393587496970873 0.018718990133098291 -0.0010697631734862046 0.0046717995440667881 -1.3888237321820971e-05 0.033309267121639972 0.0042413093202394473 -0.0017869762080306357 0.011785870749565676 -0.0013047650923857326 -0.00061107090306285444 -2.6808235082343564e-05 -1.4659529898841674e-05 0.00086137813871818298 -0.0018464418152894973 -0.00080084568246897305 0.0012365632973054569 -0.001066599081531279
leaf_weight=980 8502 312 1225 18950 2293 13578 2012 5065 14622 868 1392 5568 118 1010 2655 3932 348 665 2996 593 1003 796 477 141 168 2677 568 2065 549 612
leaf_count=980 8502 312 1225 18950 2293 13578 2012 5065 14622 868 1392 5568 118 1010 2655 3932 348 665 2996 593 1003 796 477 141 168 2677 568 2065 549 612
internal_value=-0.00609107 -0.000490854 -0.00525414 -0.0232972 -0.0188956 0.00101262 -0.00428462 0.000282293 0.000742747 -0.00635038 0.00281811 0.00179693 -0.0220344 0.00229164 0.00126689 0.00237783 -0.0100079 0.00267711 0.00501747 -0.00459087 0.00868821 -0.0240302 -0.0199788 -0.0143204 -0.0115596 0.00345362 -0.00563597 -0.00749145 -0.00285063 0.000107666
internal_weight=96740 72985 17510 23755 3391 55475 16285 39498 34433 7783 15977 20855 2411 14662 10656 8001 2528 15287 4006 5255 1315 20364 1414 618 2180 6609 4387 2633 1754 1161
internal_count=96740 72985 17510 23755 3391 55475 16285 39498 34433 7783 15977 20855 2411 14662 10656 8001 2528 15287 4006 5255 1315 20364 1414 618 2180 6609 4387 2633 1754 1161
is_linear=0
shrinkage=0.05


Tree=65
num_leaves=31
num_cat=0
split_feature=12 12 2 2 4 8 8 2 0 0 8 12 13 14 7 8 3 12 8 3 4 8 8 8 8 2 1 0 14 0
split_gain=3646.75 189.145 37.1041 82.9593 34.3821 34.1326 28.7225 24.609 24.5189 28.819 23.2374 17.6102 17.2702 16.1166 15.362 13.0785 13.0665 23.3794 14.3841 12.6576 22.1672 23.8454 20.2203 32.8016 13.4066 12.8683 12.1488 12.141 24.1887 12.1397
threshold=0.048391918360802984 0.52066231261145879 20.500000000000004 27.500000000000004 1.0000000180025095e-35 1.0000000180025095e-35 1.0000000180025095e-35 18.500000000000004 20.500000000000004 17.500000000000004 1.5000000000000002 0.023857836236783791 0.089893813027290118 0.26049975660661623 1.0000000180025095e-35 1.0000000180025095e-35 1.0000000180025095e-35 0.024869040299849248 3.5000000000000004 1.0000000180025095e-35 1.0000000180025095e-35 1.0000000180025095e-35 1.0000000180025095e-35 1.5000000000000002 1.0000000180025095e-35 17.500000000000004 1.5000000000000002 22.500000000000004 0.72009244182909959 19.500000000000004
decision_type=2 2 2 2 2 2 2 2 2 2 2 2 2 2 2 2 2 2 2 2 2 2 2 2 2 2 2 2 2 2
left_child=4 2 7 6 5 -1 -4 12 9 13 29 -7 15 -3 19 -2 -6 -18 -19 20 21 -15 -21 -24 -22 -23 -5 -14 -29 -11
right_child=1 8 3 26 16 11 -8 -9 -10 10 -12 -13 27 14 -16 -17 17 18 -20 22 24 25 23 -25 -26 -27 -28 28 -30 -31
leaf_value=-0.00040960915540387419 -0.0011225686098035052 -0.0032136708370444967 -0.0021385185323468496 0.00040932913113081448 -0.0014753731573629283 -0.0010395919487160201 -0.0010932336307460863 0.0013839327562488542 -0.0010494277868341479 0.013494188273483011 0.00098914492488242365 -0.00035817704304016464 -0.00037088163868192748 0.027747353423297028 0.0097571067645329749 -0.00034526478115490326 -0.0010524059320497416 -0.00059554121928988919 -0.00018222263741657086 0.009378379982494401 -0.0027821895569181024 -0.0023172282697866975 -0.0024087046345076194 0.0046389730296107655 -0.00012008648289958957 0.0058587892978400613 -0.0011215468169870409 -0.0018945372308029522 -0.00055828577163661577 0.0037757813079568273
leaf_weight=990 2132 361 1170 1367 11867 2185 1898 878 6532 4705 4690 208 7071 1124 1436 1570 7124 1121 194 2885 4040 1828 4220 4992 12984 1830 842 516 1570 2349
leaf_count=990 2132 361 1170 1367 11867 2185 1898 878 6532 4705 4690 208 7071 1124 1436 1570 7124 1121 194 2885 4040 1828 4220 4992 12984 1830 842 516 1570 2349
internal_value=-0.00598501 -0.000452802 -0.00474124 -0.00830491 -0.0230307 -0.0183639 -0.0136245 -0.00337228 0.00105788 0.00145329 0.00360184 -0.0215942 -0.00392527 0.000746499 0.000853872 -0.00680713 -0.0238082 -0.0223042 -0.0161787 0.000639324 -8.02531e-05 0.00292765 0.00193643 0.000792445 -0.000925164 0.000970476 -0.000916704 -0.00276018 -0.00611218 0.00541537
internal_weight=96679 72990 19014 5277 23689 3383 3068 13737 53976 47444 11744 2393 12859 35700 35339 3702 20306 8439 1315 33903 21806 4782 12097 9212 17024 3658 2209 9157 2086 7054
internal_count=96679 72990 19014 5277 23689 3383 3068 13737 53976 47444 11744 2393 12859 35700 35339 3702 20306 8439 1315 33903 21806 4782 12097 9212 17024 3658 2209 9157 2086 7054
is_linear=0
shrinkage=0.05


Tree=66
num_leaves=31
num_cat=0
split_feature=12 12 6 4 8 1 1 2 12 12 4 2 4 3 12 8 2 4 2 4 8 2 1 2 1 2 1 8 8 4
split_gain=3603.97 176.842 84.1947 28.5623 34.5693 25.3522 23.607 22.2004 19.6179 18.927 17.3823 15.036 14.2685 13.6061 16.6766 12.9542 12.9277 50.9156 19.9708 36.1295 16.1534 16.0357 54.8909 18.0171 15.2189 26.1758 13.5557 11.9933 11.9398 11.6337
threshold=0.036601037503785898 0.48938776846765614 1.0000000180025095e-35 1.0000000180025095e-35 1.0000000180025095e-35 1.5000000000000002 3.5000000000000004 21.500000000000004 4.0035509476549178 0.14561919094659626 1.0000000180025095e-35 27.500000000000004 8.5000000000000018 1.0000000180025095e-35 0.02022941081225382 1.0000000180025095e-35 10.500000000000002 4.5000000000000009 8.5000000000000018 6.5000000000000009 1.0000000180025095e-35 3.5000000000000004 3.5000000000000004 4.5000000000000009 4.5000000000000009 2.5000000000000004 4.5000000000000009 1.0000000180025095e-35 1.0000000180025095e-35 2.5000000000000004
decision_type=2 2 2 2 2 2 2 2 2 2 2 2 2 2 2 2 2 2 2 2 2 2 2 2 2 2 2 2 2 2
left_child=3 2 6 4 -1 10 -2 8 16 -8 -3 12 -12 -5 -15 -13 17 -7 19 28 -18 22 -21 27 25 -24 -22 -23 -19 -11
right_child=1 5 -4 13 -6 7 9 -9 -10 29 11 15 -14 14 -16 -17 20 18 -20 21 26 23 24 -25 -26 -27 -28 -29 -30 -31
leaf_value=-0.00039067155855166021 -0.00032681491771915374 0.018346319882377938 -0.0017272558250700663 -0.0014070626551417019 -0.00096805348481847982 -0.0048278441173177289 -0.0010448790700545274 -0.001212552780621895 0.024223772310942273 0.00020281345328563712 0.0027907357683496282 0.019036673294251918 -0.00047254823464268906 -0.0010581647062805799 -0.00066950367932592895 0.0037454297654862414 0.011151041521834416 -0.0089948853073463352 0.0042835733144618192 0.0073293144444650966 -0.0020178424331822598 0.032151095283928004 -0.0053591763429078681 0.0017671070800744149 -0.0066983542730720165 0.0047885817055377646 0.0031139648034681556 0.0061739586533505059 -0.002385543143330024 -0.00086400951174545743
leaf_weight=965 9125 1305 1299 11669 2399 2576 2172 9292 906 994 5257 946 5341 5341 2941 2927 1995 574 2503 2554 2849 303 1287 3829 2481 1216 3824 918 1940 5027
leaf_count=965 9125 1305 1299 11669 2399 2576 2172 9292 906 994 5257 946 5341 5341 2941 2927 1995 574 2503 2554 2849 303 1287 3829 2481 1216 3824 918 1940 5027
internal_value=-0.00598186 -0.000544662 -0.00475506 -0.0231085 -0.0188466 0.000885121 -0.00383416 0.00020168 0.000867921 -0.00578238 0.0025767 0.00207829 0.00110398 -0.0238271 -0.0222772 0.00474438 0.000640403 -5.32679e-05 0.000907413 0.000221825 0.00225542 0.00131474 -0.000145927 0.00349505 -0.00320024 -0.000449461 0.00107523 0.00878378 -0.0052506 -0.00433898
internal_weight=96755 73440 18617 23315 3364 54823 17318 39047 29755 8193 15776 14471 10598 19951 8282 3873 28849 20181 17605 15102 8668 12588 7538 5050 4984 2503 6673 1221 2514 6021
internal_count=96755 73440 18617 23315 3364 54823 17318 39047 29755 8193 15776 14471 10598 19951 8282 3873 28849 20181 17605 15102 8668 12588 7538 5050 4984 2503 6673 1221 2514 6021
is_linear=0
shrinkage=0.05


Tree=67
num_leaves=31
num_cat=0
split_feature=12 12 6 4 12 14 14 0 0 0 3 12 0 12 7 12 3 4 0 0 4 3 0 13 12 12 14 2 0 14
split_gain=3549.96 159.384 85.1037 36.2926 35.0626 29.4002 21.9498 20.0077 37.1876 24.3541 19.6634 24.9715 15.8695 14.609 14.2843 13.0384 11.8947 21.0327 11.3132 10.2143 9.54026 19.5128 11.4723 10.1559 9.34143 8.93025 10.6994 8.55998 8.54002 11.4734
threshold=0.048391918360802984 0.78721326236926303 1.0000000180025095e-35 1.0000000180025095e-35 0.018851908243793732 0.091560473374119808 0.66942980461417545 19.500000000000004 17.500000000000004 13.500000000000002 1.0000000180025095e-35 0.022644289869261477 5.5000000000000009 0.14155753218672448 1.0000000180025095e-35 0.17142763520873339 1.0000000180025095e-35 1.0000000180025095e-35 6.5000000000000009 8.5000000000000018 2.5000000000000004 1.0000000180025095e-35 8.5000000000000018 0.44937201345838279 0.036601037503785898 1.1621788815330534 0.40455183758037494 25.500000000000004 16.500000000000004 2.2538453153242952
decision_type=2 2 2 2 2 2 2 2 2 2 2 2 2 2 2 2 2 2 2 2 2 2 2 2 2 2 2 2 2 2
left_child=3 2 5 4 -1 12 25 8 9 14 -5 -12 -2 -7 19 -4 17 -14 -19 -8 -15 22 -22 -24 -13 26 -3 -25 29 -11
right_child=1 6 15 10 -6 13 7 -9 -10 28 11 24 16 20 -16 -17 -18 18 -20 -21 21 -23 23 27 -26 -27 -28 -29 -30 -31
leaf_value=-0.00092315390868356786 0.00010873913904991505 -0.003627772700699472 -0.0019442140515054142 -0.0013335763204129665 -0.00042992628090805822 -0.0011605437259848139 0.0080190582020909229 -0.00061015119111218485 0.0085730232579668605 -0.0013765247276447097 -0.0009799712493302555 -0.00056563712118512695 -0.00031392013275385048 0.00017946552748427936 0.022219999391330781 -0.0014304551869740488 -0.0005473609523487772 -0.00072349082325235759 -0.001543012663698877 0.0022049052514538704 -0.00018356191167766823 -8.438239831410344e-05 -0.0014944737317261246 -0.00073782871892637139 -0.00017461415513135743 -0.0042719567738497667 0.00080165059115903112 -0.0023050977754693301 0.0024801137805429033 0.0036808951066156672
leaf_weight=2186 486 397 421 11753 1167 719 1244 8079 7762 8974 6461 1889 705 3573 654 1273 1683 1079 987 12935 2005 6546 1115 3400 141 1355 1789 394 4104 1343
leaf_count=2186 486 397 421 11753 1167 719 1244 8079 7762 8974 6461 1889 705 3573 654 1273 1683 1079 987 12935 2005 6546 1115 3400 141 1355 1789 394 4104 1343
internal_value=-0.00586039 -0.000412205 -0.00371115 -0.02272 -0.0179019 -0.00290411 0.00124188 0.00153953 0.00203155 0.00121522 -0.0235181 -0.0216847 -0.00631579 -0.00195471 0.0026377 -0.0145218 -0.00725191 -0.00926561 -0.0118103 0.00230446 -0.00166001 -0.00226969 -0.00412207 -0.00542371 -0.0168473 -0.00254872 -0.000571821 -0.00419083 -0.000247902 -0.00101531
internal_weight=96619 73022 24386 23597 3353 22692 48636 45095 37016 29254 20244 8491 4940 17752 14833 1694 4454 2771 2066 14179 17033 13460 6914 4909 2030 3541 2186 3794 14421 10317
internal_count=96619 73022 24386 23597 3353 22692 48636 45095 37016 29254 20244 8491 4940 17752 14833 1694 4454 2771 2066 14179 17033 13460 6914 4909 2030 3541 2186 3794 14421 10317
is_linear=0
shrinkage=0.05


Tree=68
num_leaves=31
num_cat=0
split_feature=12 12 6 4 12 6 14 3 12 14 0 12 14 0 0 0 0 14 1 0 1 12 12 4 3 0 12 12 0 12
split_gain=3515.35 141.112 82.4413 47.4643 38.9421 25.4599 27.2655 20.7751 23.2722 20.5936 16.3229 14.2349 13.2764 14.1394 16.5561 16.5358 11.8162 24.9542 11.6563 11.1125 10.3698 11.5486 9.25779 9.21398 13.2608 8.79112 13.3301 8.73412 20.6705 8.4523
threshold=0.048391918360802984 0.48938776846765614 1.0000000180025095e-35 1.0000000180025095e-35 0.019061265577988297 1.0000000180025095e-35 2.1574592703957265 1.0000000180025095e-35 0.020744651813237997 0.081845263849881819 5.5000000000000009 3.084457104000434 0.35208839802829789 19.500000000000004 17.500000000000004 13.500000000000002 22.500000000000004 0.79185215920177832 3.5000000000000004 19.500000000000004 5.5000000000000009 0.18519120925735422 0.036601037503785898 1.0000000180025095e-35 1.0000000180025095e-35 16.500000000000004 2.2088749738977822 1.8098776341711413 14.500000000000002 0.24533744914098818
decision_type=2 2 2 2 2 2 2 2 2 2 2 2 2 2 2 2 2 2 2 2 2 2 2 2 2 2 2 2 2 2
left_child=3 2 9 4 -1 6 12 -5 -9 10 -2 -8 -3 14 15 -14 -11 -18 -12 23 -20 -22 -10 -13 -25 27 -27 -17 -29 -19
right_child=1 5 -4 7 -6 -7 11 8 22 16 18 19 13 -15 -16 25 17 29 20 -21 21 -23 -24 24 -26 26 -28 28 -30 -31
leaf_value=-0.00087069147778476026 0.00012278439716459922 -0.0016364306172535759 -0.001604687110872196 -0.0012651750698566958 -0.00038448564874141134 -0.0012113700339684841 0.0026220041324814592 -0.00095717791550537195 -0.00059330196705536782 -0.0003037936209008628 -0.00052706201129023992 0.084463364524124354 0.0019622815692707796 -0.00071355732055799483 0.0061531402585652158 -0.00047756951717619072 -0.0014495077010752923 0.00012763667778913217 -0.0014672616908097168 -0.0041824388620521962 0.00014089963614248165 -0.0015243556767739173 -0.00019360474216910883 0.0060745173417809939 0.035798068672480546 0.0055767179481194034 -0.0034344178808276785 0.0002276265169769587 -0.011931345378525395 -0.0015237392374371343
leaf_weight=2262 487 1466 1287 11801 1133 3931 4729 5704 2692 9996 1693 315 16816 7533 5362 7266 973 1147 1401 258 319 174 136 1226 987 1753 1117 1190 893 686
leaf_count=2262 487 1466 1287 11801 1133 3931 4729 5704 2692 9996 1693 315 16816 7533 5362 7266 973 1147 1401 258 319 174 136 1226 987 1753 1117 1190 893 686
internal_value=-0.00583022 -0.000396206 -0.00421599 -0.0225493 -0.0170766 0.00086886 0.00116822 -0.0234631 -0.0215835 -0.00328573 -0.00638193 0.00394877 0.000686699 0.000850227 0.00127991 0.000808507 -0.00230042 -0.0051675 -0.00754809 0.00678392 -0.0102429 -0.00400609 -0.0178748 0.00779272 0.00665386 -0.000591292 0.00182927 -0.00133437 -0.00418867 -0.00173213
internal_weight=96733 73005 18163 23728 3395 54842 50911 20333 8532 16876 4074 7515 43396 41930 34397 29035 12802 2806 3587 2786 1894 493 2828 2528 2213 12219 2870 9349 2083 1833
internal_count=96733 73005 18163 23728 3395 54842 50911 20333 8532 16876 4074 7515 43396 41930 34397 29035 12802 2806 3587 2786 1894 493 2828 2528 2213 12219 2870 9349 2083 1833
is_linear=0
shrinkage=0.05


Tree=69
num_leaves=31
num_cat=0
split_feature=12 12 6 4 8 4 8 3 8 8 8 3 8 12 1 12 12 11 2 12 2 8 8 0 0 2 1 4 1 8
split_gain=3463.28 139.705 66.064 41.6528 41.6661 23.1692 39.8943 35.2165 38.6454 30.4736 24.9602 22.1986 25.8008 18.776 18.5546 19.9513 17.4179 14.5543 13.7825 13.5838 13.5081 12.2862 11.5369 10.7582 13.1158 9.61866 18.8144 9.42445 8.95034 8.47506
threshold=0.036601037503785898 0.48938776846765614 1.0000000180025095e-35 1.0000000180025095e-35 1.0000000180025095e-35 1.0000000180025095e-35 1.0000000180025095e-35 1.0000000180025095e-35 1.0000000180025095e-35 1.5000000000000002 1.0000000180025095e-35 1.0000000180025095e-35 1.0000000180025095e-35 0.026997949692522578 3.5000000000000004 0.14155753218672448 0.80777029362974762 1.7742256932915301 17.500000000000004 0.022644289869261477 18.500000000000004 3.5000000000000004 1.0000000180025095e-35 19.500000000000004 17.500000000000004 2.5000000000000004 3.5000000000000004 2.5000000000000004 3.5000000000000004 2.5000000000000004
decision_type=2 2 2 2 2 2 2 2 2 2 2 2 2 2 2 2 2 2 2 2 2 2 2 2 2 2 2 2 2 2
left_child=3 2 14 4 20 6 -3 10 17 -10 16 -5 28 -14 -2 21 -7 -9 -8 -6 -1 -16 -4 24 -18 26 -11 -17 -13 -12
right_child=1 5 22 11 19 7 18 8 9 25 29 12 13 -15 15 27 23 -19 -20 -21 -22 -23 -24 -25 -26 -27 -28 -29 -30 -31
leaf_value=-0.00044657826864115369 -0.00027140193077157575 0.029438043337731437 -0.0019073571142478145 -0.0012062164597745632 -0.00086295674362275626 -0.0031763705337885168 -0.0016263833451994891 0.0043614963105701012 -0.0017212197471249248 0.0074607926502275046 0.00079546443998155809 -0.00038509211767734331 -0.0009395589240294819 -0.00037654451237700647 -0.0011717164624316671 0.00017911522693330741 -0.0027265589150599068 0.025284921805651808 0.006548054802247405 -0.00041700210856836543 -1.9112732664928157e-05 4.7577745885717813e-06 -0.0011214741620537564 -0.0053141681531585494 0.0044180572217251916 0.004453895559203197 -0.0052160032943330496 -0.00076732853685822504 -0.00064326926399291794 -0.00062802824805734407
leaf_weight=661 9064 1878 529 11682 2126 457 2885 2915 6945 1058 10558 1444 5621 336 1747 1025 4011 1915 2905 228 326 286 786 1137 1127 5806 1037 5121 953 10269
leaf_count=661 9064 1878 529 11682 2126 457 2885 2915 6945 1058 10558 1444 5621 336 1747 1025 4011 1915 2905 228 326 286 786 1137 1127 5806 1037 5121 953 10269
internal_value=-0.005819 -0.000484951 -0.00423537 -0.022581 -0.0174125 0.000782744 0.00333203 0.0003689 0.00198465 0.000720733 -0.00078468 -0.0234428 -0.0214747 -0.0232374 -0.00341153 -0.00513816 -0.00343137 0.00586957 0.00127807 -0.021028 -0.00878926 -0.00943187 -0.015038 -0.00274502 -0.00177112 0.00284458 -5.96659e-05 -0.00371787 -0.0170943 7.08215e-05
internal_weight=96838 73461 18558 23377 3341 54903 7668 47235 19676 14846 27559 20036 8354 5957 17243 8179 6732 4830 5790 2354 987 2033 1315 6275 5138 7901 2095 6146 2397 20827
internal_count=96838 73461 18558 23377 3341 54903 7668 47235 19676 14846 27559 20036 8354 5957 17243 8179 6732 4830 5790 2354 987 2033 1315 6275 5138 7901 2095 6146 2397 20827
is_linear=0
shrinkage=0.05


Tree=70
num_leaves=31
num_cat=0
split_feature=12 12 6 4 8 3 8 14 12 4 3 8 0 8 2 4 8 3 8 8 8 12 12 8 2 0 6 12 12 1
split_gain=3387.1 149.959 66.753 46.0305 47.1546 26.2551 30.0638 23.2879 21.6112 17.1569 33.0075 51.509 17.8382 14.9346 13.7887 13.5564 25.4081 22.1146 20.5996 20.207 21.1483 13.7518 13.0416 12.7897 12.7311 12.2506 11.3792 10.813 9.46968 8.84711
threshold=0.036601037503785898 0.48938776846765614 1.0000000180025095e-35 1.0000000180025095e-35 1.0000000180025095e-35 1.0000000180025095e-35 1.0000000180025095e-35 2.1752531023704997 0.026997949692522578 1.0000000180025095e-35 1.0000000180025095e-35 1.0000000180025095e-35 9.5000000000000018 1.5000000000000002 18.500000000000004 1.0000000180025095e-35 1.0000000180025095e-35 1.0000000180025095e-35 1.0000000180025095e-35 1.0000000180025095e-35 1.5000000000000002 0.80777029362974762 0.02191745228291692 1.0000000180025095e-35 17.500000000000004 19.500000000000004 1.0000000180025095e-35 3.132656804889534 0.13734462831246702 3.5000000000000004
decision_type=2 2 2 2 2 2 2 2 2 2 2 2 2 2 2 2 2 2 2 2 2 2 2 2 2 2 2 2 2 2
left_child=3 2 9 4 14 -5 -7 15 -8 23 11 12 -11 -13 -1 16 -3 18 21 -19 -21 -17 -6 -2 -18 26 27 -9 -15 -29
right_child=1 7 -4 5 22 6 8 25 -10 10 -12 13 -14 28 -16 17 24 19 -20 20 -22 -23 -24 -25 -26 -27 -28 29 -30 -31
leaf_value=-0.00042218352851652147 0.0012622760653531976 0.023402784339052875 -0.00142353149528981 -0.0011455027523869976 -0.00082774456640153065 -0.00044856095054864129 -0.00089923164546559418 0.0046182095482536377 -0.0003517568129206795 -0.001223669476420281 -0.00027152758367846415 0.0002950802560904187 -0.0010786313589709801 -0.00056851519084897347 1.7580647569521295e-05 -0.0029683884480612988 -0.0020365390469443026 0.0072440604979941208 -0.00011297805143667683 -0.0014999637535874995 0.0028356862751876435 -0.0026836833196224961 -0.00043455994070137237 -0.00064463770500134375 0.0056330712439937262 0.00045912729632248129 -0.0014494857859497557 0.028175669665459903 -0.0005431197366692446 0.0061623468606623382
leaf_weight=649 1030 1447 1306 11633 2112 2382 5524 2469 330 2020 6623 1097 1072 726 327 411 2635 3641 18444 6454 6947 4350 276 1718 2729 2604 512 1632 2976 706
leaf_count=649 1030 1447 1306 11633 2112 2382 5524 2469 330 2020 6623 1097 1072 726 327 411 2635 3641 18444 6454 6947 4350 276 1718 2729 2604 512 1632 2976 706
internal_value=-0.00571026 -0.000453099 -0.00433811 -0.0223529 -0.0169441 -0.0232687 -0.0211085 0.000858933 -0.0230355 -0.0035135 -0.00419939 -0.00638386 -0.0114166 -0.00314128 -0.00768443 0.000436695 0.00249963 8.75842e-05 -0.000916828 0.00145523 0.000557794 -0.00384898 -0.0207286 0.00010917 0.000913497 0.00336678 0.00474243 0.00549719 -0.00465964 0.00793413
internal_weight=96782 73549 18568 23233 3364 19869 8236 54981 5854 17262 14514 7891 3092 4799 976 47058 6811 40247 23205 17042 13401 4761 2388 2748 5364 7923 5319 4807 3702 2338
internal_count=96782 73549 18568 23233 3364 19869 8236 54981 5854 17262 14514 7891 3092 4799 976 47058 6811 40247 23205 17042 13401 4761 2388 2748 5364 7923 5319 4807 3702 2338
is_linear=0
shrinkage=0.05


Tree=71
num_leaves=31
num_cat=0
split_feature=12 12 6 4 12 3 12 14 12 12 14 3 4 4 3 11 2 2 1 2 14 2 0 12 0 11 6 14 2 2
split_gain=3331.17 133.741 65.6512 43.1937 34.5315 30.1669 26.6432 22.0149 20.4528 18.1712 17.4295 16.203 22.6952 14.9564 27.2023 13.534 13.0232 12.2464 12.1455 16.2172 11.9448 10.4407 10.4285 10.1687 9.83392 9.04256 8.68515 8.58497 8.44308 7.36965
threshold=0.036601037503785898 0.78721326236926303 1.0000000180025095e-35 1.0000000180025095e-35 0.018035768771074438 1.0000000180025095e-35 0.01997300820677354 0.088883986181368682 4.1612021925986946 0.14155753218672448 0.77234689896875075 1.0000000180025095e-35 2.5000000000000004 1.0000000180025095e-35 1.0000000180025095e-35 1.3652229423000029 4.5000000000000009 17.500000000000004 1.5000000000000002 4.5000000000000009 0.094428933784625621 23.500000000000004 6.5000000000000009 1.7432444020016746 8.5000000000000018 1.7328606353055538 1.0000000180025095e-35 0.42384005681624831 18.500000000000004 21.500000000000004
decision_type=2 2 2 2 2 2 2 2 2 2 2 2 2 2 2 2 2 2 2 2 2 2 2 2 2 2 2 2 2 2
left_child=3 2 7 4 -1 -5 -7 11 10 -9 23 12 28 17 24 -16 -17 -12 19 -11 -4 -20 -14 27 -15 -19 -10 -3 -2 -26
right_child=1 8 20 5 -6 6 -8 9 26 18 13 -13 22 14 15 16 -18 25 21 -21 -22 -23 -24 -25 29 -27 -28 -29 -30 -31
leaf_value=-0.00077581979567870995 -0.00046509969909096715 -0.0034514834167675454 -0.0015366026680573852 -0.0010874009728504188 -0.00041418789772124136 -0.00082893566772407963 -0.00050409958189342639 -0.00085764746457721308 0.022026385695058492 -0.0023563546829637157 0.0026329344583245098 -0.00023873969755164038 -0.00054113241309605015 0.0067301258105471502 0.0008166357715982842 0.0031975111958862934 0.010966150695892109 0.0076911573249850429 -0.00046830018885740958 0.00034374042019890696 -0.0012076683353995671 -0.0010825525287607995 -0.0013452666621887877 -0.011559341705749283 9.2155167952540087e-05 0.032451778642999578 -0.0091937635542491455 -0.0004758316567352594 0.00084258211352170043 -0.0012516794849593118
leaf_weight=2009 780 510 377 11614 1335 5213 3069 815 1424 416 3005 1986 1243 511 6672 4670 3833 1864 10219 4390 1341 2153 873 272 14946 1127 106 3983 250 5988
leaf_count=2009 780 510 377 11614 1335 5213 3069 815 1424 416 3005 1986 1243 511 6672 4670 3833 1864 10219 4390 1341 2153 873 272 14946 1127 106 3983 250 5988
internal_value=-0.00567664 -0.000475228 -0.00346275 -0.0221837 -0.0169258 -0.0230675 -0.0207619 -0.00276216 0.0010422 -0.00193825 0.000858466 -0.00565082 -0.00788303 0.00117913 0.000800109 0.0024201 0.0037428 0.003494 -0.00159215 0.00054099 -0.0128929 -0.00242079 -0.0108459 -0.00200944 -0.000346235 0.00575894 0.00673203 -0.00144113 -0.00179612 -0.000513519
internal_weight=96994 73754 24843 23240 3344 19896 8282 23125 48911 17993 47381 5132 3146 42616 36620 15175 8503 5996 17178 4806 1718 12372 2116 4765 21445 2991 1530 4493 1030 20934
internal_count=96994 73754 24843 23240 3344 19896 8282 23125 48911 17993 47381 5132 3146 42616 36620 15175 8503 5996 17178 4806 1718 12372 2116 4765 21445 2991 1530 4493 1030 20934
is_linear=0
shrinkage=0.05


Tree=72
num_leaves=31
num_cat=0
split_feature=12 12 6 4 8 8 2 2 8 8 1 12 14 1 2 12 12 2 12 4 2 2 2 4 8 2 4 1 1 2
split_gain=3274.81 117.58 57.3079 51.8511 45.8247 21.9428 18.3866 20.1081 19.7024 18.4368 17.9936 18.9275 16.9989 16.9951 17.3647 13.4412 12.8032 12.3066 11.5002 11.3869 10.6173 10.5153 12.7834 36.849 11.4091 11.3802 29.2323 10.4792 10.3138 9.74834
threshold=0.036601037503785898 0.8278155230016363 1.0000000180025095e-35 1.0000000180025095e-35 1.0000000180025095e-35 1.0000000180025095e-35 27.500000000000004 5.5000000000000009 1.0000000180025095e-35 1.0000000180025095e-35 3.5000000000000004 0.15853286013538914 0.73771259894200913 1.5000000000000002 4.5000000000000009 0.026184248440403405 0.029088779508699588 23.500000000000004 0.023857836236783791 1.0000000180025095e-35 18.500000000000004 21.500000000000004 10.500000000000002 4.5000000000000009 1.0000000180025095e-35 8.5000000000000018 6.5000000000000009 4.5000000000000009 5.5000000000000009 24.500000000000004
decision_type=2 2 2 2 2 2 2 2 2 2 2 2 2 2 2 2 2 2 2 2 2 2 2 2 2 2 2 2 2 2
left_child=3 2 10 4 20 -4 7 9 -8 -5 -2 17 -3 14 -14 -10 -11 28 -6 -16 -1 22 23 -15 -24 26 -25 -26 -12 -13
right_child=1 12 5 6 18 -7 8 -9 15 16 11 29 13 21 19 -17 -18 -19 -20 -21 -22 -23 24 25 27 -27 -28 -29 -30 -31
leaf_value=-0.00037557763220308734 -0.00020826948119645976 -0.0017150900189207509 -0.0018331710290434039 -0.00046397864795089637 -0.00074678464269451535 -0.00088651124060560313 -0.00030927455299099068 -0.0010340196861023027 -0.00074068135679576132 -0.00083996670298153273 -0.0008337352304120943 -0.00057799512603778642 -0.0045794814055051484 -0.0056687326135063587 0.024232161524712661 -0.00020695971090030699 -0.00026609910427640592 -0.0010769900535151792 -0.00031515189520943052 0.0033042326226623842 9.905045832279968e-07 -0.00068311410556739507 0.014877706364548833 -0.0038629037555727996 -0.0011502953132171978 0.0050188354190271352 0.0025389717560113326 0.0047048731921095349 6.9558165406211067e-05 -0.0010796827167820892
leaf_weight=644 12356 4011 594 1601 2182 1166 800 11688 1811 3776 1873 7802 1111 2176 1050 127 148 392 171 10647 331 7431 1902 2085 2291 2000 10417 2946 415 964
leaf_count=644 12356 4011 594 1601 2182 1166 800 11688 1811 3776 1873 7802 1111 2176 1050 127 148 392 171 10647 331 7431 1902 2085 2291 2000 10417 2946 415 964
internal_value=-0.00559706 -0.000428839 -0.00316877 -0.0219436 -0.0161659 -0.011875 -0.0229074 -0.0235128 -0.0191015 -0.0210271 -0.002525 -0.00395335 0.00102825 0.00131197 0.00284588 -0.0218266 -0.0228721 -0.0076306 -0.0199426 0.00341327 -0.00705128 0.000683244 0.00119557 0.000437702 0.0029661 0.00134809 0.000787874 0.0017615 -0.00622815 -0.00282911
internal_weight=96908 73629 25562 23279 3328 1760 19951 17213 2738 5525 23802 11446 48067 44056 12808 1938 3924 2680 2353 11697 975 31248 23817 16678 7139 14502 12502 5237 2288 8766
internal_count=96908 73629 25562 23279 3328 1760 19951 17213 2738 5525 23802 11446 48067 44056 12808 1938 3924 2680 2353 11697 975 31248 23817 16678 7139 14502 12502 5237 2288 8766
is_linear=0
shrinkage=0.05


Tree=73
num_leaves=31
num_cat=0
split_feature=12 12 4 6 8 3 8 8 14 12 8 14 1 12 12 2 3 4 2 8 2 1 2 8 8 4 8 8 2 0
split_gain=3215.08 102.188 56.0521 46.036 44.7727 35.476 38.6491 23.7036 21.3308 19.6711 18.0774 17.6654 17.2004 15.9811 15.4695 14.6664 14.9118 16.1216 13.9233 13.6229 10.8879 20.0776 33.5351 14.811 19.0297 14.4946 21.4564 16.1369 16.6517 12.2383
threshold=0.036601037503785898 0.90547479096102712 1.0000000180025095e-35 1.0000000180025095e-35 1.0000000180025095e-35 1.0000000180025095e-35 1.0000000180025095e-35 1.0000000180025095e-35 0.088883986181368682 0.02549002247696816 3.5000000000000004 0.73771259894200913 1.5000000000000002 0.023429542018370841 0.12789232298815734 4.5000000000000009 1.0000000180025095e-35 1.0000000180025095e-35 12.500000000000002 1.0000000180025095e-35 5.5000000000000009 3.5000000000000004 2.5000000000000004 1.0000000180025095e-35 1.5000000000000002 2.5000000000000004 1.0000000180025095e-35 1.0000000180025095e-35 7.5000000000000009 20.500000000000004
decision_type=2 2 2 2 2 2 2 2 2 2 2 2 2 2 2 2 2 2 2 2 2 2 2 2 2 2 2 2 2 2
left_child=2 3 4 8 -1 -4 -7 -5 10 -8 -2 -3 15 -6 -10 -13 17 -17 -19 -18 21 -14 -23 -24 -25 26 -22 28 -27 -30
right_child=1 11 5 7 13 6 9 -9 14 -11 -12 12 20 -15 -16 16 19 18 -20 -21 25 22 23 24 -26 27 -28 -29 29 -31
leaf_value=-0.00025063824069399189 -0.00070842692146778083 -0.0021520161212359363 -0.00098245935478901889 -0.0017031997056750148 -0.00069731241945447144 -0.00038047356073325631 -0.00077685814542765056 -0.0007658961733619671 -0.00092620979898617398 -0.00035526643002314705 0.0001241864031698771 -0.0042225211178021247 0.010372938150146184 -0.00026707070349892004 -0.00032881770594587887 0.023710380765101537 0.023528622164305936 0.0046902974942140243 -0.00046134155203201302 0.0061100153204466049 0.025925666431632167 -0.0066436760375572007 0.017229532421915161 -0.0037663732879727463 0.0078488986689832282 -0.010769231459950623 0.00099153612775917401 0.00030839655203040441 -0.0012393637579898532 -0.0049890976822907331
leaf_weight=976 4360 3576 11619 586 2170 2378 5419 1267 462 420 720 1075 2115 191 19719 1026 1090 2061 4207 2983 1341 1977 1009 1238 1630 558 3573 12900 3723 396
leaf_count=976 4360 3576 11619 586 2170 2378 5419 1267 462 420 720 1075 2115 191 19719 1026 1090 2061 4207 2983 1341 1977 1009 1238 1630 558 3573 12900 3723 396
internal_value=-0.00552395 -0.000409691 -0.0217656 -0.00284908 -0.0157702 -0.0227742 -0.0202598 -0.010456 -0.00229108 -0.0224482 -0.00518701 0.00101338 0.00129481 -0.0194939 -0.00156211 0.00286128 0.0033892 0.00203592 0.00108488 0.00581267 0.000654957 0.00224307 0.00073454 0.00343694 0.00160391 9.22591e-05 0.00249288 -0.000578881 -0.00309493 -0.00199684
internal_weight=96765 73592 23173 27114 3337 19836 8217 1853 25261 5839 5080 46478 42902 2361 20181 12442 11367 7294 6268 4073 30460 7969 5854 3877 2868 22491 4914 17577 4677 4119
internal_count=96765 73592 23173 27114 3337 19836 8217 1853 25261 5839 5080 46478 42902 2361 20181 12442 11367 7294 6268 4073 30460 7969 5854 3877 2868 22491 4914 17577 4677 4119
is_linear=0
shrinkage=0.05


Tree=74
num_leaves=31
num_cat=0
split_feature=12 12 4 6 8 3 8 12 8 1 12 8 12 4 12 1 2 2 3 2 8 2 2 1 1 8 4 4 3 2
split_gain=3147.48 93.5106 63.2929 52.8445 45.9916 42.9002 42.1845 27.8609 21.3588 17.494 18.9329 16.6401 15.2506 13.7706 13.5913 12.9628 17.4467 12.8342 12.1887 14.0163 12.899 11.9721 13.2094 12.7076 11.9306 11.3551 25.7313 10.9071 11.4386 10.5613
threshold=0.036601037503785898 0.78721326236926303 1.0000000180025095e-35 1.0000000180025095e-35 1.0000000180025095e-35 1.0000000180025095e-35 1.0000000180025095e-35 0.026997949692522578 1.0000000180025095e-35 1.5000000000000002 0.15853286013538914 3.5000000000000004 4.0035509476549178 1.0000000180025095e-35 0.023001842673130119 1.5000000000000002 4.5000000000000009 23.500000000000004 1.0000000180025095e-35 20.500000000000004 1.0000000180025095e-35 5.5000000000000009 3.5000000000000004 3.5000000000000004 1.0000000180025095e-35 1.0000000180025095e-35 2.5000000000000004 1.0000000180025095e-35 1.0000000180025095e-35 28.500000000000004
decision_type=2 2 2 2 2 2 2 2 2 2 2 2 2 2 2 2 2 2 2 2 2 2 2 2 2 2 2 2 2 2
left_child=2 3 4 9 -1 -4 -7 -8 -5 13 11 17 15 -2 -6 16 -3 -11 19 -18 -20 22 23 -12 -15 26 -23 -14 -29 -22
right_child=1 12 5 8 14 6 7 -9 -10 10 21 -13 27 24 -16 -17 18 -19 20 -21 29 25 -24 -25 -26 -27 -28 28 -30 -31
leaf_value=-0.00022990259582674478 0.0024181765232372866 -0.005230976506421548 -0.00093261739211455768 -0.0016180397203912637 -0.00066575906673613 -0.00036183461205216709 -0.00073420894681724622 -0.00027582808781506407 -0.00081860704716015811 -0.00070148773354692425 0.00069567966762050938 0.00011347308366244248 0.07619075706550249 -0.00045871210226975729 -0.00028957904599949196 0.0001825150296922651 0.0031614089532897463 -0.0011842555631416567 0.016451785425141387 -0.0013158649299516768 0.0080853781461032621 0.0016296953647108301 0.0016341166272487663 -0.0010335829319054865 0.00025239433300472961 -0.00050529570204373435 -0.0012196281912067322 0.0012287633126465303 0.029664101713519655 0.00029311910511261587
leaf_weight=971 603 1136 11621 590 2161 2424 5536 344 1113 2718 924 522 163 2800 211 33112 5726 450 1149 2239 1656 582 916 1896 2947 6724 1995 998 757 1716
leaf_count=971 603 1136 11621 590 2161 2424 5536 344 1113 2718 924 522 163 2800 211 33112 5726 450 1149 2239 1656 582 916 1896 2947 6724 1995 998 757 1716
internal_value=-0.00545502 -0.00037722 -0.0214801 -0.00287732 -0.0151137 -0.0225483 -0.0198037 -0.0220918 -0.011377 -0.00225008 -0.00309828 -0.00626016 0.00089616 -1.5748e-05 -0.0188659 0.000716823 0.00201512 -0.00762311 0.00255486 0.0013779 0.0046284 -0.00220334 0.000187366 -0.00150709 -0.000769967 -0.00316364 -0.00598564 0.0052659 0.00411681 0.0030694
internal_weight=96700 73432 23268 24780 3343 19925 8304 5880 1703 23077 16727 3690 48652 6350 2372 46734 13622 3168 12486 7965 4521 13037 3736 2820 5747 9301 2577 1918 1755 3372
internal_count=96700 73432 23268 24780 3343 19925 8304 5880 1703 23077 16727 3690 48652 6350 2372 46734 13622 3168 12486 7965 4521 13037 3736 2820 5747 9301 2577 1918 1755 3372
is_linear=0
shrinkage=0.05


Tree=75
num_leaves=31
num_cat=0
split_feature=12 12 4 6 3 8 8 12 8 1 12 14 12 1 6 2 2 2 14 8 12 1 4 3 8 4 8 1 1 3
split_gain=3052.26 88.5587 62.7207 50.7588 50.7117 49.5062 48.0148 28.0272 20.0622 17.5008 20.596 15.6131 12.2505 11.3749 10.9422 10.8491 10.523 13.0735 10.2892 10.0494 9.82576 9.18703 9.02381 13.4215 9.72464 8.73955 16.4101 11.0179 8.80215 13.1153
threshold=0.036601037503785898 0.8278155230016363 1.0000000180025095e-35 1.0000000180025095e-35 1.0000000180025095e-35 1.0000000180025095e-35 1.0000000180025095e-35 0.023429542018370841 1.0000000180025095e-35 3.5000000000000004 0.14561919094659626 2.194209813763786 0.021302881434901031 3.5000000000000004 1.0000000180025095e-35 18.500000000000004 23.500000000000004 2.5000000000000004 0.55052538487118607 1.0000000180025095e-35 3.132656804889534 5.5000000000000009 1.0000000180025095e-35 1.0000000180025095e-35 1.0000000180025095e-35 1.0000000180025095e-35 1.0000000180025095e-35 2.5000000000000004 1.0000000180025095e-35 1.0000000180025095e-35
decision_type=2 2 2 2 2 2 2 2 2 2 2 2 2 2 2 2 2 2 2 2 2 2 2 2 2 2 2 2 2 2
left_child=2 3 5 9 -4 15 13 -8 -5 -2 -11 18 -7 -6 20 -1 17 -12 -3 -18 -13 -15 -22 24 -24 26 -20 28 -27 -30
right_child=1 11 4 8 6 12 7 -9 -10 10 16 14 -14 21 -16 -17 19 -19 25 -21 22 -23 23 -25 -26 27 -28 -29 29 -31
leaf_value=-0.00032546736677327838 -0.00015462897056464921 -0.0026704360906545099 -0.00088186189499778005 -0.0014963042493067007 -0.00025325840529496455 -0.00064208173749191961 -0.00070748138799129234 -0.00035269612601220826 -0.00081984536308316806 -0.00074688974015644301 -0.0017181620469493544 0.0023051992858793223 -0.00033526256646626719 -0.00056708730678037007 -0.0016519514092479205 4.5236953165004802e-05 -0.0013674599012155381 -0.00024194291724008096 0.024812479352736328 -0.0006718773011913288 0.068325423799449503 -0.00026509684427602559 -0.0043969185130176445 0.030067944700979378 0.01132563341088434 -0.00058229241289469715 0.00192906737051467 -0.00045866628220356812 0.00033696033572233608 0.0056934582476521672
leaf_weight=644 12386 1629 11539 579 1457 2099 5256 687 1158 2167 1080 4167 310 646 753 333 448 6703 1277 1071 299 322 746 1024 500 4420 4312 18758 5500 4654
leaf_count=644 12386 1629 11539 579 1457 2099 5256 687 1158 2167 1080 4167 310 646 753 333 448 6703 1277 1071 299 322 746 1024 500 4420 4312 18758 5500 4654
internal_value=-0.00545943 -0.000468892 -0.0212349 -0.00284464 -0.022305 -0.0149439 -0.0193415 -0.0217609 -0.0110967 -0.00224376 -0.00365115 0.000796748 -0.0187941 -0.0134124 0.00289424 -0.00545036 -0.00262847 -0.00188552 0.000409371 -0.00643515 0.00353325 -0.0176136 0.00596536 0.00488987 0.00140449 0.000572313 0.00240204 0.000265511 0.00129683 0.00210754
internal_weight=96924 73631 23293 25592 19907 3386 8368 5943 1737 23855 11469 48039 2409 2425 7489 977 9302 7783 40550 1519 6736 968 2569 2270 1246 38921 5589 33332 14574 10154
internal_count=96924 73631 23293 25592 19907 3386 8368 5943 1737 23855 11469 48039 2409 2425 7489 977 9302 7783 40550 1519 6736 968 2569 2270 1246 38921 5589 33332 14574 10154
is_linear=0
shrinkage=0.05


Tree=76
num_leaves=31
num_cat=0
split_feature=12 14 4 3 8 8 0 12 6 8 0 14 7 8 3 4 0 0 2 1 12 14 2 0 3 4 8 0 1 12
split_gain=3019.18 82.1247 57.8793 54.588 46.8489 41.7692 31.6588 29.4426 27.9804 27.3687 20.7056 19.6991 17.4617 16.0675 31.8778 52.5959 16.529 14.9537 12.6116 10.6416 10.604 10.5905 10.4668 10.2319 10.1792 15.7788 12.5676 10.8783 9.65029 9.2869
threshold=0.036601037503785898 0.86746141427363688 1.0000000180025095e-35 1.0000000180025095e-35 1.0000000180025095e-35 1.0000000180025095e-35 20.500000000000004 0.02549002247696816 1.0000000180025095e-35 1.0000000180025095e-35 20.500000000000004 0.091560473374119808 1.0000000180025095e-35 1.0000000180025095e-35 1.0000000180025095e-35 1.0000000180025095e-35 8.5000000000000018 7.5000000000000009 18.500000000000004 3.5000000000000004 0.22478834217975827 2.7609992057429866 18.500000000000004 17.500000000000004 1.0000000180025095e-35 2.5000000000000004 1.0000000180025095e-35 4.5000000000000009 5.5000000000000009 1.8261172215224712
decision_type=2 2 2 2 2 2 2 2 2 2 2 2 2 2 2 2 2 2 2 2 2 2 2 2 2 2 2 2 2 2
left_child=2 6 5 -4 19 22 8 -6 11 -10 12 17 13 14 15 -3 -15 24 -7 -5 -12 -18 -1 -16 25 -2 -27 -28 -21 -13
right_child=1 10 3 4 7 18 -8 -9 9 -11 20 29 -14 16 23 -17 21 -19 -20 28 -22 -23 -24 -25 -26 26 27 -29 -30 -31
leaf_value=-0.00032044876454824235 3.9341327686850949e-05 0.034090816770881459 -0.0008427730292719437 -0.00023943956895484259 -0.00066589756633218507 -0.00069690543708678327 -0.0012180681842952708 -0.00027362668774318506 -0.0015371454675042898 -0.00058030222596439714 0.00058105310377483681 -0.00018631012809083825 0.013528477993352096 0.0089619507654536534 0.0089892190855853649 -0.0018554440064662227 6.3077758780227817e-06 -0.0011014173537750166 -0.00038225062563206611 -0.00053227532769752691 -0.00066269091674834029 0.012896228132374322 2.5942318788141003e-05 0.033332494280613335 -1.2187925860425442e-05 -0.00098875268419628564 -0.00047613425883605049 -0.00011879502554714948 -0.00023427256754894479 -0.010216945507480958
leaf_weight=639 843 1449 11679 1463 5483 1595 1681 429 491 911 867 13482 1569 1003 2394 5125 27681 1009 804 641 9549 411 321 1233 1615 886 118 770 320 365
leaf_count=639 843 1449 11679 1463 5483 1595 1681 429 491 911 867 13482 1569 1003 2394 5125 27681 1009 804 641 9549 411 321 1233 1615 886 118 770 320 365
internal_value=-0.00543397 -0.000453357 -0.0210854 -0.0221047 -0.0190139 -0.0150119 -0.00299603 -0.0214141 -0.00245486 -0.00927247 0.000645951 -0.00195411 0.00115319 0.000946661 0.00265415 0.000578035 0.000347998 -0.00456497 -0.018539 -0.0131601 -0.00134409 0.000122811 -0.00619792 0.00641715 -0.00326087 -0.00518724 -0.00786359 -0.00365991 -0.0172477 -0.000965913
internal_weight=96826 73452 23374 20015 8336 3359 22171 5912 20490 1402 51281 19088 40865 39296 10201 6574 29095 5241 2399 2424 10416 28092 960 3627 4232 2617 1774 888 961 13847
internal_count=96826 73452 23374 20015 8336 3359 22171 5912 20490 1402 51281 19088 40865 39296 10201 6574 29095 5241 2399 2424 10416 28092 960 3627 4232 2617 1774 888 961 13847
is_linear=0
shrinkage=0.05


Tree=77
num_leaves=31
num_cat=0
split_feature=12 12 4 3 8 8 6 12 8 1 14 3 4 8 7 12 12 12 1 4 4 1 8 0 12 4 3 3 12 8
split_gain=2931.92 75.8028 63.0193 58.5784 45.9065 42.2371 37.6773 36.6376 25.8928 15.6016 15.2124 14.7344 19.8614 19.9406 14.1195 13.9287 13.208 11.4401 10.7032 10.0544 9.72188 11.7402 9.70121 15.9211 20.5655 15.2534 8.73341 8.45793 8.40693 8.28645
threshold=0.036601037503785898 0.90547479096102712 1.0000000180025095e-35 1.0000000180025095e-35 1.0000000180025095e-35 1.0000000180025095e-35 1.0000000180025095e-35 0.027951857891066644 1.0000000180025095e-35 1.5000000000000002 0.088883986181368682 1.0000000180025095e-35 1.0000000180025095e-35 1.0000000180025095e-35 1.0000000180025095e-35 0.11695012343445631 0.023001842673130119 4.0035509476549178 3.5000000000000004 2.5000000000000004 1.0000000180025095e-35 1.0000000180025095e-35 1.5000000000000002 22.500000000000004 0.28214596688078336 1.5000000000000002 1.0000000180025095e-35 1.0000000180025095e-35 2.1666505857418072 1.5000000000000002
decision_type=2 2 2 2 2 2 2 2 2 2 2 2 2 2 2 2 2 2 2 2 2 2 2 2 2 2 2 2 2 2
left_child=2 6 5 -4 18 -1 10 14 -8 20 11 12 -2 -14 -6 -12 -7 -11 -5 -19 28 -22 25 24 -24 -17 -21 -23 -3 -10
right_child=1 9 3 4 7 16 8 -9 29 17 15 -13 13 -15 -16 22 -18 19 -20 26 21 27 23 -25 -26 -27 -28 -29 -30 -31
leaf_value=-0.00020169601151454609 1.7637330362554882e-05 0.0065612382412799436 -0.00079998533910609695 -0.00022746759050710046 -0.00063507666541022946 -0.00058022997432715631 -0.00142377802044737 -0.00014467299230601968 0.000118207093659492 -1.4330204666346269e-05 -0.00088403863113440881 -0.00010985314672668363 -0.0010177142042005489 -0.00021461164603100852 -0.00011347523335657126 0.001525236100486388 -0.00025762056806219387 0.074249509990429813 -0.0004532617125981329 -0.0015335887854116992 0.00020081569084526852 0.0011891071578433278 0.00034373552578574888 -0.0010503254462974176 -0.0011294337406109662 -0.0002696848829555204 0.027833328737092058 0.0082162649025197664 0.053091938807364784 -0.00085086316060768588
leaf_weight=974 789 681 11669 1437 5506 2128 588 284 397 31417 258 1954 1413 921 124 1932 221 146 955 635 5802 3345 2411 1437 5695 8328 528 3256 420 875
leaf_count=974 789 681 11669 1437 5506 2128 588 284 397 31417 258 1954 1413 921 124 1932 221 146 955 635 5802 3345 2411 1437 5695 8328 528 3256 420 875
internal_value=-0.00537886 -0.00046362 -0.020828 -0.0218886 -0.0186793 -0.0144523 -0.00256871 -0.0210433 -0.00943548 0.000765737 -0.00206063 -0.00450561 -0.00663625 -0.00895458 -0.0219272 -0.00144185 -0.0180822 0.000175701 -0.0128344 0.00475554 0.00219565 0.00179594 -0.00129147 -0.00243896 -0.00157908 -0.000224172 0.00320292 0.00323815 0.00669846 -0.00542453
internal_weight=96526 73228 23298 19975 8306 3323 26998 5914 1860 46230 25138 5077 3123 2334 5630 20061 2349 32726 2392 1309 13504 12403 19803 9543 8106 10260 1163 6601 1101 1272
internal_count=96526 73228 23298 19975 8306 3323 26998 5914 1860 46230 25138 5077 3123 2334 5630 20061 2349 32726 2392 1309 13504 12403 19803 9543 8106 10260 1163 6601 1101 1272
is_linear=0
shrinkage=0.05


Tree=78
num_leaves=31
num_cat=0
split_feature=12 12 4 3 6 8 8 12 8 3 8 4 8 13 0 0 8 0 2 7 0 2 14 0 0 8 6 2 12 14
split_gain=2910.45 70.7954 68.0617 61.6128 44.681 44.6031 42.4475 30.0725 17.7002 13.2285 24.9958 54.8651 29.876 12.9991 15.6552 19.6787 16.2161 12.7472 12.6056 11.9216 11.3864 10.7163 10.0487 12.1654 13.4709 9.89429 9.87253 9.7996 9.64887 12.2515
threshold=0.036601037503785898 0.78721326236926303 1.0000000180025095e-35 1.0000000180025095e-35 1.0000000180025095e-35 1.0000000180025095e-35 1.0000000180025095e-35 0.023001842673130119 1.0000000180025095e-35 1.0000000180025095e-35 1.0000000180025095e-35 1.0000000180025095e-35 1.5000000000000002 1.2943031707695509 19.500000000000004 17.500000000000004 1.0000000180025095e-35 13.500000000000002 19.500000000000004 1.0000000180025095e-35 22.500000000000004 23.500000000000004 0.40455183758037494 13.500000000000002 15.500000000000002 2.5000000000000004 1.0000000180025095e-35 18.500000000000004 1.1621788815330534 0.77234689896875075
decision_type=2 2 2 2 2 2 2 2 2 2 2 2 2 2 2 2 2 2 2 2 2 2 2 2 2 2 2 2 2 2
left_child=2 4 6 -4 9 -5 27 -7 -6 10 11 -2 -12 22 15 17 26 19 -8 -15 -14 -13 -3 28 -25 -16 -17 -1 -24 -30
right_child=1 13 3 5 8 7 18 -9 -10 -11 12 21 20 14 25 16 -18 -19 -20 -21 -22 -23 23 24 -26 -27 -28 -29 29 -31
leaf_value=-0.00029039110162509227 0.00098610586628764831 -0.003448579103156746 -0.00075969102915915399 -0.0003016769508943843 -0.0012646829935158085 -0.00061218450603984067 -0.00057817713811963111 -0.00034484180171251227 -0.00064976780145791424 -7.6146488493844888e-05 0.00065198408039626179 -0.00082995368988666171 -0.00040075062627918553 0.0026732679649213997 0.00036939815138901103 0.024493585699611822 0.0036493211310055229 -1.2289041967228355e-05 -0.00028947768755543441 0.032726407960319628 -0.00096364492446247493 -0.0013188222042578327 0.0027667783266551562 -0.0035129097039226843 -0.00016779701891964929 -0.0028998359435544411 -0.0028699639540639369 3.6758084505381441e-05 -0.0027777028856939227 0.0017039220683782886
leaf_weight=666 1154 419 11627 2438 580 5106 1948 771 1114 8905 3011 2683 5604 6452 5546 2071 4472 10005 402 428 965 778 2097 2235 4574 1759 155 317 2097 6475
leaf_count=666 1154 419 11627 2438 580 5106 1948 771 1114 8905 3011 2683 5604 6452 5546 2071 4472 10005 402 428 965 778 2097 2235 4574 1759 155 317 2097 6475
internal_value=-0.00519184 -0.000317006 -0.0206026 -0.021708 -0.00249254 -0.0184215 -0.0139889 -0.0207802 -0.0103306 -0.00191775 -0.00286545 -0.00588841 -0.00140919 0.000788665 0.00140993 0.00203642 0.00432965 0.00112674 -0.0176383 0.00278343 -0.00329959 -0.00903641 -0.000283567 -0.000100126 -0.00175136 -0.000612594 0.00781671 -0.0052645 0.000953698 0.000209986
internal_weight=96854 73579 23275 19942 24794 8315 3333 5877 1694 23100 14195 4615 9580 48785 30888 23583 6698 16885 2350 6880 6569 3461 17897 17478 6809 7305 2226 983 10669 8572
internal_count=96854 73579 23275 19942 24794 8315 3333 5877 1694 23100 14195 4615 9580 48785 30888 23583 6698 16885 2350 6880 6569 3461 17897 17478 6809 7305 2226 983 10669 8572
is_linear=0
shrinkage=0.05


Tree=79
num_leaves=31
num_cat=0
split_feature=12 4 3 12 12 6 12 4 12 3 11 1 12 0 7 1 1 2 2 1 1 14 1 2 2 1 4 3 2 2
split_gain=2794.74 69.0838 70.1475 62.7014 43.2144 37.5332 34.1515 17.0557 26.6996 18.2441 17.0013 16.1616 12.7294 11.6869 11.5945 11.3443 10.86 10.2891 9.69833 30.3226 12.6939 9.26448 8.04104 12.019 7.91935 7.03841 7.0358 9.63731 12.6996 6.99678
threshold=0.036601037503785898 1.0000000180025095e-35 1.0000000180025095e-35 0.78721326236926303 0.01997300820677354 1.0000000180025095e-35 0.018035768771074438 1.0000000180025095e-35 3.3051653086412491 1.0000000180025095e-35 2.0415457702536757 1.5000000000000002 0.16712540254139388 6.5000000000000009 1.0000000180025095e-35 1.5000000000000002 5.5000000000000009 4.5000000000000009 2.5000000000000004 3.5000000000000004 4.5000000000000009 0.091560473374119808 1.0000000180025095e-35 28.500000000000004 17.500000000000004 1.5000000000000002 1.0000000180025095e-35 1.0000000180025095e-35 26.500000000000004 23.500000000000004
decision_type=2 2 2 2 2 2 2 2 2 2 2 2 2 2 2 2 2 2 2 2 2 2 2 2 2 2 2 2 2 2
left_child=1 6 14 5 -4 11 15 8 24 -9 16 17 13 -13 -3 -1 18 -2 19 -11 22 -7 -20 -24 -5 -8 -19 28 -28 -14
right_child=3 2 4 7 -6 21 25 9 -10 10 -12 12 29 -15 -16 -17 -18 26 20 -21 -22 -23 23 -25 -26 -27 27 -29 -30 -31
leaf_value=-0.00027680985295463789 -0.0015995514518840947 -0.00072968125320924246 -0.00055751860126414168 0.00071661120839143781 -0.00032861889578683894 -0.00096487289568795162 2.8912878387112043e-06 -0.00051132029964751633 0.067498919614729272 0.0056007612725959225 0.0089458981642889686 -0.00015344872385884904 -0.00034399051844880848 -0.0008625832135920994 -0.000350635666176209 -0.00058173698477611559 -0.004812307703931918 0.0020600037226117503 -0.0026836744799357383 -0.0063151289017542474 0.011192169068598979 -0.00082925937223331117 0.0069982644556317863 0.00021374532289393234 0.0086143124713915498 -0.00029067472953761781 -2.2499541211545156e-05 0.00048790044126289237 -0.0010134115339753677 -0.00080726632601327113
leaf_weight=309 522 11291 5218 3183 3104 356 244 24617 448 1529 4598 1988 10250 2242 392 1680 1337 587 1607 1974 841 1320 2361 3112 3216 1106 2298 2375 531 2288
leaf_count=309 522 11291 5218 3183 3104 356 244 24617 448 1529 4598 1988 10250 2242 392 1680 1337 587 1607 1974 841 1320 2361 3112 3216 1106 2298 2375 531 2288
internal_value=-0.00520356 -0.0202772 -0.0213884 -0.00042131 -0.0178803 -0.00247102 -0.0136193 0.000618049 0.00293194 0.000240614 0.00148194 -0.00194641 -0.00275823 -0.00513002 -0.0238873 -0.0177853 0.000542669 0.000209884 0.00104167 -0.00114902 0.00201048 -0.0096957 0.00132062 0.00223369 0.0021058 -0.00748148 0.000815921 0.000230592 -0.0017409 -0.00195805
internal_weight=96924 23344 20005 73580 8322 24757 3339 48823 6847 41976 17359 23081 16768 4230 11683 1989 12761 6313 11424 3503 7921 1676 7080 5473 6399 1350 5791 5204 2829 12538
internal_count=96924 23344 20005 73580 8322 24757 3339 48823 6847 41976 17359 23081 16768 4230 11683 1989 12761 6313 11424 3503 7921 1676 7080 5473 6399 1350 5791 5204 2829 12538
is_linear=0
shrinkage=0.05


Tree=80
num_leaves=31
num_cat=0
split_feature=12 4 3 14 8 8 6 0 12 0 8 2 12 12 1 1 14 8 0 0 0 0 12 8 14 14 7 8 8 14
split_gain=2694.71 75.9106 77.6664 64.8413 57.9662 41.7021 31.7679 26.9835 22.3435 18.403 17.532 17.2148 15.3662 13.4554 12.7437 12.7 12.1724 15.1396 11.075 19.7604 18.8855 16.0509 19.0674 14.0928 13.7154 11.9972 10.8059 10.6665 9.91669 9.55007
threshold=0.032781885571144261 1.0000000180025095e-35 1.0000000180025095e-35 0.79185215920177832 1.0000000180025095e-35 1.0000000180025095e-35 1.0000000180025095e-35 20.500000000000004 0.023001842673130119 3.5000000000000004 1.0000000180025095e-35 18.500000000000004 1.1928464110842623 0.23801269327374347 3.5000000000000004 5.5000000000000009 0.088883986181368682 3.5000000000000004 19.500000000000004 17.500000000000004 14.500000000000002 16.500000000000004 1.6771324164686841 1.0000000180025095e-35 2.3437685657724976 1.5361014333496903 1.0000000180025095e-35 3.5000000000000004 2.5000000000000004 0.065571124312808565
decision_type=2 2 2 2 2 2 2 2 2 2 2 2 2 2 2 2 2 2 2 2 2 2 2 2 2 2 2 2 2 2
left_child=1 5 26 6 14 -1 7 9 -6 -2 -8 -7 13 -5 -4 -16 17 29 19 20 -14 22 25 -21 -24 27 -3 -22 -20 -11
right_child=3 2 4 12 8 11 10 -9 -10 16 -12 -13 18 -15 15 -17 -18 -19 28 23 21 -23 24 -25 -26 -27 -28 -29 -30 -31
leaf_value=-0.00015519174452827101 -0.0004081506011356234 -0.00069358885825753489 -0.00017550986197701382 0.00051396708178807072 -0.00055367591590017428 -0.00057965605607390974 -0.0013329095985995299 -0.0011055830765904218 -0.00032526692205022675 -0.00065787650112320711 -0.00062200903689357129 -0.00027464452770051203 0.0023345055972961827 -0.00052332352537154956 -0.00045506521528720857 -0.00017738366681054816 -0.00018723034837289377 0.00011806107485369915 0.00014145481001673899 0.016973463689391188 -0.0051620215153641517 0.0018126499556176514 -0.0089700122949450522 0.0034410916468090138 0.00026017887489322434 0.0019896543721583228 -0.00033708912283255885 0.0066832800596193067 -0.0050679263263326505 -0.00034749971149820457
leaf_weight=984 259 11027 1424 1469 5097 1560 501 1299 676 1603 977 787 15249 12768 634 273 13185 780 4793 2277 915 3919 1669 5465 587 1839 332 164 1285 2780
leaf_count=984 259 11027 1424 1469 5097 1560 501 1299 676 1603 977 787 15249 12768 634 273 13185 780 4793 2277 915 3919 1669 5465 587 1839 332 164 1285 2780
internal_value=-0.00505995 -0.0200864 -0.0212801 -0.000417779 -0.0175407 -0.0131117 -0.00273803 -0.0022129 -0.0202278 -0.0017265 -0.00981055 -0.0167341 0.000529113 -0.000872726 -0.0108859 -0.0155182 -0.00153968 -0.00359771 0.00105209 0.00142283 0.00072303 -0.0010805 -0.00290877 0.00362309 -0.00636082 -0.00023989 -0.023948 -0.00442539 -0.000904903 -0.0047399
internal_weight=96577 22794 19463 73783 8104 3331 21384 19906 5773 18607 1478 2347 52399 14237 2331 907 18348 5163 38162 32084 24342 9093 5174 7742 2256 2918 11359 1079 6078 4383
internal_count=96577 22794 19463 73783 8104 3331 21384 19906 5773 18607 1478 2347 52399 14237 2331 907 18348 5163 38162 32084 24342 9093 5174 7742 2256 2918 11359 1079 6078 4383
is_linear=0
shrinkage=0.05


Tree=81
num_leaves=31
num_cat=0
split_feature=12 4 3 14 8 8 6 0 7 0 8 0 8 2 8 12 14 8 14 14 3 0 2 11 7 2 12 12 12 11
split_gain=2588.26 79.201 80.1825 56.2586 53.6208 33.9883 32.4231 27.4376 24.0355 20.1663 20.1133 16.3773 14.9313 14.7831 13.2886 12.9107 12.7933 18.0468 13.0992 12.4479 12.8487 12.3746 11.519 10.8658 9.75637 9.4451 10.3806 8.59691 8.25119 8.04421
threshold=0.032781885571144261 1.0000000180025095e-35 1.0000000180025095e-35 0.88651070079589156 1.0000000180025095e-35 1.0000000180025095e-35 1.0000000180025095e-35 20.500000000000004 1.0000000180025095e-35 3.5000000000000004 1.0000000180025095e-35 20.500000000000004 1.5000000000000002 18.500000000000004 2.5000000000000004 0.21195280718300627 0.091560473374119808 3.5000000000000004 0.065571124312808565 1.7343742541738503 1.0000000180025095e-35 8.5000000000000018 20.500000000000004 2.8697367256910922 1.0000000180025095e-35 16.500000000000004 2.3409067331657796 0.022644289869261477 1.8423115137213653 4.9651627472506323
decision_type=2 2 2 2 2 2 2 2 2 2 2 2 2 2 2 2 2 2 2 2 2 2 2 2 2 2 2 2 2 2
left_child=1 5 24 6 -4 -1 7 9 12 -2 -8 19 -6 27 -14 -13 17 18 -11 21 22 -5 25 -22 -3 -21 -27 -7 -18 -23
right_child=3 2 4 11 8 13 10 -9 -10 16 -12 15 14 -15 -16 -17 28 -19 -20 20 23 29 -24 -25 -26 26 -28 -29 -30 -31
leaf_value=-0.00015441820758900181 -0.00039007094602015459 -0.00065820184301859392 -0.00024691692337874756 0.0079960429786703653 -0.00061516700168265728 -0.00055557327998672257 -0.0013063470972193042 -0.0010371757938180542 -7.8372329492343296e-05 -0.00065084260781083237 -0.00062731490984473744 0.00067355577979436347 -0.00019274098837345342 -0.00026155879076272294 -0.00045407301602079302 -0.0006948210773520592 -9.3353844342645997e-05 0.00012146810507665651 -0.00030344799353062939 0.0014549726202644721 0.0046187246148018833 2.5676103660765562e-05 -0.0012463343109133246 0.022964948810270325 -0.00034555893977310812 0.0035293681520677024 0.044230690044671443 -0.00032496974316035648 -0.0093435218916344386 -0.0075563745292954679
leaf_weight=957 275 11096 2363 908 2581 1435 497 1677 223 1634 1046 654 332 783 2606 9715 13774 790 2972 6669 4830 22187 3084 1152 343 615 588 128 422 534
leaf_count=957 275 11096 2363 908 2581 1435 497 1677 223 1634 1046 654 332 783 2606 9715 13774 790 2972 6669 4830 22187 3084 1152 343 615 588 128 422 534
internal_value=-0.0050671 -0.0197783 -0.0209885 -0.000526526 -0.0171838 -0.0126173 -0.00257396 -0.0020725 -0.0197928 -0.00155408 -0.0095755 0.000401484 -0.020443 -0.0158568 -0.0180054 -0.00137188 -0.00136535 -0.00343773 -0.00463526 0.000854759 0.00188924 0.000113208 0.000871668 0.00375293 -0.0236843 0.00188643 0.00596426 -0.018666 -0.000577628 -0.000115532
internal_weight=96870 22847 19544 74023 8105 3303 23087 21544 5742 19867 1543 50936 5519 2346 2938 10369 19592 5396 4606 40567 16938 23629 10956 5982 11439 7872 1203 1563 14196 22721
internal_count=96870 22847 19544 74023 8105 3303 23087 21544 5742 19867 1543 50936 5519 2346 2938 10369 19592 5396 4606 40567 16938 23629 10956 5982 11439 7872 1203 1563 14196 22721
is_linear=0
shrinkage=0.05


Tree=82
num_leaves=31
num_cat=0
split_feature=12 4 3 14 8 8 0 8 8 3 4 2 12 0 2 0 8 0 12 12 7 3 4 0 1 1 2 1 7 8
split_gain=2587.67 77.8957 81.0494 55.2894 51.1727 40.3233 22.8332 22.2772 20.3779 33.3789 49.9489 20.1155 18.826 16.351 15.5815 15.5489 15.0001 14.804 14.143 18.6516 13.2858 10.7171 18.1166 9.75867 9.61877 15.5264 9.56626 10.5602 9.31311 9.01
threshold=0.032781885571144261 1.0000000180025095e-35 1.0000000180025095e-35 0.79185215920177832 1.0000000180025095e-35 1.0000000180025095e-35 20.500000000000004 1.5000000000000002 1.0000000180025095e-35 1.0000000180025095e-35 1.0000000180025095e-35 20.500000000000004 0.022644289869261477 19.500000000000004 18.500000000000004 17.500000000000004 1.0000000180025095e-35 13.500000000000002 0.78721326236926303 0.28214596688078336 1.0000000180025095e-35 1.0000000180025095e-35 1.0000000180025095e-35 11.500000000000002 3.5000000000000004 5.5000000000000009 18.500000000000004 3.5000000000000004 1.0000000180025095e-35 1.5000000000000002
decision_type=2 2 2 2 2 2 2 2 2 2 2 2 2 2 2 2 2 2 2 2 2 2 2 2 2 2 2 2 2 2
left_child=1 5 20 6 24 26 8 -6 9 10 -2 -12 -9 15 -7 17 21 18 19 -5 -3 22 -17 -21 -4 -26 27 -1 -20 -15
right_child=3 2 4 13 7 14 -8 12 -10 -11 11 -13 -14 29 -16 16 -18 -19 28 23 -22 -23 -24 -25 25 -27 -28 -29 -30 -31
leaf_value=-3.1882815496464544e-05 0.001025555114189311 -0.00062527433513551904 -0.00016174464532035267 0.00052837015103465517 -0.00057416000545842591 -0.00052541154778346024 -0.00098422195271256072 -0.00041300671084670371 -0.00013510653961781686 4.4204012343572466e-05 -0.0007465148288868875 -0.0011087913959357627 -0.0002274651657950308 1.5832559867992592e-06 -0.00026743859437477964 0.086569131528047419 0.0022045493911710956 -0.00051771573210677437 0.0022043472855103273 -0.001604192533498633 -0.00030295671970227548 0.039484800861987961 0.0015796478556992012 -0.0031228332992693053 -0.0004108556780983784 -0.00010525980961253838 8.2601691568496077e-05 -0.00040169907835536646 0.021519138349054015 -0.00090937059800095263
leaf_weight=324 989 11150 1446 448 2587 1593 1364 2627 12988 2565 2328 1251 577 9324 763 323 5759 14874 12995 456 344 830 1148 282 640 279 327 330 596 5142
leaf_count=324 989 11150 1446 448 2587 1593 1364 2627 12988 2565 2328 1251 577 9324 763 323 5759 14874 12995 456 344 830 1148 282 640 279 327 330 596 5142
internal_value=-0.00493616 -0.0195817 -0.0207812 -0.00036586 -0.0169691 -0.0125187 -0.00250058 -0.0195001 -0.00207619 -0.00422333 -0.00678634 -0.00953479 -0.0167135 0.000513157 -0.0160654 0.00106136 0.00300868 0.000532023 0.00165291 -0.00358347 -0.0234862 0.00642112 0.00385792 -0.00846883 -0.0107717 -0.0147715 -0.00400102 -0.00749235 0.00210985 -0.000915941
internal_weight=96649 22987 19650 73662 8156 3337 21485 5791 20121 7133 4568 3579 3204 52177 2356 37711 8060 29651 14777 1186 11494 2301 1471 738 2365 919 981 654 13591 14466
internal_count=96649 22987 19650 73662 8156 3337 21485 5791 20121 7133 4568 3579 3204 52177 2356 37711 8060 29651 14777 1186 11494 2301 1471 738 2365 919 981 654 13591 14466
is_linear=0
shrinkage=0.05


Tree=83
num_leaves=31
num_cat=0
split_feature=12 4 3 12 14 8 8 0 6 6 1 7 8 14 8 7 4 12 1 12 7 12 0 0 8 8 12 1 1 12
split_gain=2467.78 75.6763 94.3576 43.659 41.7358 33.4978 21.2195 20.4679 18.3743 16.4439 16.3401 15.3432 15.2704 14.7979 14.7156 14.0559 13.9562 12.4856 12.1012 8.72116 8.64742 8.36057 8.07816 9.80202 8.14436 7.57925 12.5829 7.03 7.89387 7.01029
threshold=0.036601037503785898 1.0000000180025095e-35 1.0000000180025095e-35 0.01997300820677354 0.77234689896875075 1.0000000180025095e-35 1.0000000180025095e-35 20.500000000000004 1.0000000180025095e-35 1.0000000180025095e-35 3.5000000000000004 1.0000000180025095e-35 1.0000000180025095e-35 0.088883986181368682 3.5000000000000004 1.0000000180025095e-35 2.5000000000000004 3.6242137430533221 1.5000000000000002 1.694458609628106 1.0000000180025095e-35 3.4493351246816402 5.5000000000000009 6.5000000000000009 2.5000000000000004 1.0000000180025095e-35 0.03057491011296894 3.5000000000000004 5.5000000000000009 0.015029169175175128
decision_type=2 2 2 2 2 2 2 2 2 2 2 2 2 2 2 2 2 2 2 2 2 2 2 2 2 2 2 2 2 2
left_child=1 5 11 6 7 -1 27 8 13 10 17 -3 -10 14 22 18 21 -6 -7 -15 25 -12 -2 24 -24 -5 -27 -4 -29 -20
right_child=4 2 3 20 9 15 -8 -9 12 -11 16 -13 -14 19 -16 -17 -18 -19 29 -21 -22 -23 23 -25 -26 26 -28 28 -30 -31
leaf_value=-0.00014156519215399144 -0.00052821488325049373 -0.00059277582434318912 -0.00012125752200189098 -0.00021965067295556372 0.00092279715058380123 -0.00022811102035536214 -0.00048380822963299335 -0.00093501085507693223 -0.0011676771048954409 -0.00090337805343612687 0.0024067081989720992 -0.00028034933163368297 -0.00042531246275748989 -8.7660637054105822e-05 0.00013252656959766401 3.2085983499335197e-05 -0.0006032306488671067 0.015666367899263768 -0.00059086744299558175 -0.0088406108715271669 -5.4958146727323093e-05 0.079977325746743683 3.4412971621849976e-06 -0.00075104568255539577 -0.00061340111328070423 -0.00040388434763151876 0.00011854198356133009 -0.00038215530006401635 7.0394680197052522e-05 -0.0003815734162780381
leaf_weight=963 99 11207 373 1586 24930 362 4407 1306 476 3847 3530 380 883 12723 678 125 18546 1783 780 322 261 123 1428 2078 768 1171 79 395 42 1071
leaf_count=963 99 11207 373 1586 24930 362 4407 1306 476 3847 3530 380 883 12723 678 125 18546 1783 780 322 261 123 1428 2078 768 1171 79 395 42 1071
internal_value=-0.00487428 -0.019091 -0.020254 -0.0161896 -0.00038765 -0.0120797 -0.0189812 -0.00228674 -0.00187998 0.000359654 0.000607213 -0.0231704 -0.00748712 -0.00145889 -0.00375668 -0.0153122 -0.000395288 0.00144031 -0.0162336 -0.000569184 -0.0114869 0.00242951 -0.00481935 -0.00449228 -0.00216302 -0.0122884 -0.0152 -0.0115432 -0.0158467 -0.0178687
internal_weight=96722 23202 19901 8314 73520 3301 5217 20761 19455 52759 48912 11587 1359 18096 5051 2338 22199 26713 2213 13045 3097 3653 4373 4274 2196 2836 1250 810 437 1851
internal_count=96722 23202 19901 8314 73520 3301 5217 20761 19455 52759 48912 11587 1359 18096 5051 2338 22199 26713 2213 13045 3097 3653 4373 4274 2196 2836 1250 810 437 1851
is_linear=0
shrinkage=0.05


Tree=84
num_leaves=31
num_cat=0
split_feature=12 4 3 8 14 8 8 6 0 0 12 0 7 8 2 1 0 0 0 8 8 4 12 14 12 0 0 12 0 14
split_gain=2376.8 80.242 100.306 51.7972 44.4284 34.8566 28.2825 23.4878 18.7049 16.4953 16.0476 15.381 13.8408 13.0205 12.4617 11.7571 10.8166 12.4896 13.607 13.9857 11.543 17.2262 12.5859 11.3583 11.2634 15.5916 10.6554 10.4525 19.5813 13.1279
threshold=0.032781885571144261 1.0000000180025095e-35 1.0000000180025095e-35 1.0000000180025095e-35 0.86746141427363688 1.0000000180025095e-35 1.5000000000000002 1.0000000180025095e-35 20.500000000000004 3.5000000000000004 0.022644289869261477 20.500000000000004 1.0000000180025095e-35 1.0000000180025095e-35 18.500000000000004 3.5000000000000004 8.5000000000000018 16.500000000000004 13.500000000000002 3.5000000000000004 1.5000000000000002 1.0000000180025095e-35 2.1454331528412554 1.6859029167546222 0.27153305017447688 9.5000000000000018 17.500000000000004 1.6771324164686841 14.500000000000002 1.6859029167546222
decision_type=2 2 2 2 2 2 2 2 2 2 2 2 2 2 2 2 2 2 2 2 2 2 2 2 2 2 2 2 2 2
left_child=1 5 12 -4 7 -1 -5 8 9 -2 -8 16 -3 -9 -7 -11 -6 18 19 23 21 -19 -23 -18 -21 -26 -24 29 -29 -20
right_child=4 2 3 6 11 14 10 13 -10 15 -12 -13 -14 -15 -16 -17 17 20 27 24 -22 22 26 -25 25 -27 -28 28 -30 -31
leaf_value=-0.00013577476540247018 -0.00032992977626446868 -0.00056589588998881319 -0.00021324280881779636 -0.00052694852874122947 0.0078722123297978452 -0.0004624775440293154 -0.00037165333979318187 -0.001091438672158392 -0.00088796023079255957 -8.1069330862326708e-06 -0.00021188584031222246 -0.00041338449397618497 -0.00029609704092268228 -0.00051472679027401991 -0.00025696268935858287 -0.0004550363040792052 0.0012700553551358907 0.027638782941048646 -0.0010303831947140573 0.00089592091922059279 0.00020886887550750356 0.0063562163345672997 -0.0055921823366665742 0.0094514450383852595 0.0039200882406869699 -0.0030078944560541889 0.0029052478912758753 0.00059996780721687242 -0.0076191490282933594 0.0022373866167607948
leaf_weight=986 275 11045 2341 2597 1004 1583 2605 508 1608 10111 597 10437 344 1029 785 9164 8679 1348 4639 313 6526 1662 1062 2256 517 1312 5305 1893 2188 2028
leaf_count=986 275 11045 2341 2597 1004 1583 2605 508 1608 10111 597 10437 344 1029 785 9164 8679 1348 4639 313 6526 1662 1062 2256 517 1312 5305 1893 2188 2028
internal_value=-0.00476681 -0.018847 -0.020074 -0.0158354 -0.000404798 -0.0117024 -0.0183695 -0.00224609 -0.00181255 -0.00138619 -0.0152249 0.00041187 -0.0231034 -0.00821405 -0.0149916 -0.00121271 0.000850683 0.000721154 -3.14795e-06 0.00108014 0.00180626 0.00293004 0.00205194 0.00180384 -0.00261438 -0.00411427 0.00104052 -0.00132118 -0.00331414 -0.000101245
internal_weight=96747 22883 19529 8140 73864 3354 5799 22695 21158 19550 3202 51169 11389 1537 2368 19275 40732 39728 23825 13077 15903 9377 8029 10935 2142 1829 6367 10748 4081 6667
internal_count=96747 22883 19529 8140 73864 3354 5799 22695 21158 19550 3202 51169 11389 1537 2368 19275 40732 39728 23825 13077 15903 9377 8029 10935 2142 1829 6367 10748 4081 6667
is_linear=0
shrinkage=0.05


Tree=85
num_leaves=31
num_cat=0
split_feature=12 4 3 8 14 8 8 6 12 8 0 0 12 0 0 12 7 8 12 12 11 8 12 0 12 0 12 1 1 1
split_gain=2327.68 81.1392 96.8096 53.3729 40.7593 35.4615 27.7539 20.5791 18.0652 17.0081 16.6661 15.8413 15.369 15.3012 16.3811 15.4092 13.0638 10.2459 15.2775 15.5208 10.815 15.4016 16.5744 15.9419 20.3288 15.7312 11.7522 9.91564 13.1111 9.84349
threshold=0.032781885571144261 1.0000000180025095e-35 1.0000000180025095e-35 1.0000000180025095e-35 0.77234689896875075 1.0000000180025095e-35 1.5000000000000002 1.0000000180025095e-35 0.022644289869261477 1.0000000180025095e-35 3.5000000000000004 20.500000000000004 0.015029169175175128 19.500000000000004 17.500000000000004 1.0934661344549224 1.0000000180025095e-35 1.5000000000000002 0.86731382346897345 0.28214596688078336 4.2129620902320442 1.0000000180025095e-35 2.1257748730304864 12.500000000000002 0.84777217278175254 15.500000000000002 1.4946896374400966 3.5000000000000004 5.5000000000000009 3.5000000000000004
decision_type=2 2 2 2 2 2 2 2 2 2 2 2 2 2 2 2 2 2 2 2 2 2 2 2 2 2 2 2 2 2
left_child=1 5 16 27 7 -1 -5 10 -8 -9 -2 29 -7 14 17 -16 -3 20 19 -19 21 -6 23 26 -25 -26 -23 -4 -29 -12
right_child=4 2 3 6 13 12 8 9 -10 -11 11 -13 -14 -15 15 -17 -18 18 -20 -21 -22 22 -24 24 25 -27 -28 28 -30 -31
leaf_value=-0.00012494157277002371 -0.0003320692486062113 -0.00053801558060120522 -0.00012975834929693578 -0.00050214918527750917 0.0022860073066005571 -0.00049433066286223327 -0.000360226656775188 -0.0010943146878089475 -0.00018973076746054367 -0.00042700002781472445 -2.087693145941816e-05 -0.00086623420041516549 -0.00028572126091677593 -0.00036706093499234705 -0.0024816784479213625 0.0059628950181872644 -0.00027584257236730887 0.00044828187166886526 0.0023899024998107255 -0.0023288656170518673 -0.0057114551515876529 0.006316830826754727 -0.0093189534146850776 0.0022224844338136346 -0.0044079720571761965 -0.00035955860710829013 0.0004203342885652828 -0.00035820928064189754 -0.00011913675128765872 -0.00040827031115775529
leaf_weight=972 262 11082 1384 2619 6017 937 2632 498 593 929 9541 1196 1429 14707 327 7804 328 439 12324 781 959 819 876 1114 2616 2033 2143 654 268 8587
leaf_count=972 262 11082 1384 2619 6017 937 2632 498 593 929 9541 1196 1429 14707 327 7804 328 439 12324 781 959 819 876 1114 2616 2033 2143 654 268 8587
internal_value=-0.0046583 -0.018589 -0.0198185 -0.0156564 -0.000346077 -0.0113841 -0.0181982 -0.00220935 -0.015093 -0.00800631 -0.00178699 -0.00161716 -0.0146872 0.000393229 0.000920213 0.0029117 -0.0227914 0.000382623 0.00140284 -0.00393443 -0.000450926 -0.00013446 -0.00137746 -0.000719198 -0.00225143 -0.0037051 0.00226199 -0.00921509 -0.0132321 -0.00124945
internal_weight=96870 22898 19560 8150 73972 3338 5844 21013 3225 1427 19586 19324 2366 52959 38252 8131 11410 30121 13544 1220 16577 15618 9601 8725 5763 4649 2962 2306 922 18128
internal_count=96870 22898 19560 8150 73972 3338 5844 21013 3225 1427 19586 19324 2366 52959 38252 8131 11410 30121 13544 1220 16577 15618 9601 8725 5763 4649 2962 2306 922 18128
is_linear=0
shrinkage=0.05


Tree=86
num_leaves=31
num_cat=0
split_feature=12 5 3 8 14 12 8 6 12 0 8 8 3 8 5 8 8 8 7 0 1 8 7 2 12 8 8 14 12 1
split_gain=2225.08 77.5288 92.8767 48.0974 34.82 33.0833 26.8702 19.7898 15.7328 14.9128 14.0442 13.5343 12.378 24.0698 22.154 22.274 21.6546 20.8113 11.8309 11.731 10.1321 9.96412 9.30408 9.00365 8.73289 16.2031 8.6711 13.3519 8.11671 7.81516
threshold=0.032781885571144261 1.0000000180025095e-35 1.0000000180025095e-35 1.0000000180025095e-35 1.0561918689278753 0.015799782171512018 1.5000000000000002 1.0000000180025095e-35 0.023001842673130119 3.5000000000000004 1.0000000180025095e-35 1.0000000180025095e-35 1.0000000180025095e-35 1.0000000180025095e-35 1.0000000180025095e-35 1.0000000180025095e-35 1.0000000180025095e-35 1.5000000000000002 1.0000000180025095e-35 19.500000000000004 1.5000000000000002 2.5000000000000004 1.0000000180025095e-35 4.5000000000000009 0.15853286013538914 3.5000000000000004 2.5000000000000004 2.0904543030714344 2.9899760889170972 1.5000000000000002
decision_type=2 2 2 2 2 2 2 2 2 2 2 2 2 2 2 2 2 2 2 2 2 2 2 2 2 2 2 2 2 2
left_child=1 2 18 -4 7 -3 -5 9 21 -2 -7 -9 14 -14 16 28 19 -15 -1 29 23 -8 -12 -11 25 -22 27 -18 -16 -6
right_child=4 5 3 6 12 10 8 11 -10 20 22 -13 13 17 15 -17 26 -19 -20 -21 24 -23 -24 -25 -26 -27 -28 -29 -30 -31
leaf_value=-0.00051163652847744452 -0.00031698254285716237 -0.00043489051258264327 -0.00019771070169572678 -0.0004711634587296178 0.0016083734603246636 -7.6715820842972193e-05 -0.00010699389174488507 -0.00098215100416002487 -0.00017487145066497208 -0.0014558142089655876 -0.00027601202824950409 -0.00047854811558133148 0.0055428183541152976 -0.0020193147599576245 0.008631274051866528 0.00090314435009147961 0.00027303496998340449 0.0022934824490401296 -0.00027051870955315508 -0.0015681459036455403 -0.00051231245685072209 -0.00035781644788244961 7.5371179840788563e-05 0.00016052289726236347 -0.00041036162923853149 0.00015844343002843314 -0.00059512178091676582 0.0052773122072231398 0.06371104017822736 -0.003021312628631831
leaf_weight=11062 262 1285 2341 2635 1240 800 216 530 544 576 1088 1195 4616 5389 1446 4746 7067 6836 337 2263 3160 2455 119 5939 14579 561 8854 1338 399 3056
leaf_count=11062 262 1285 2341 2635 1240 800 216 530 544 576 1088 1195 4616 5389 1446 4746 7067 6836 337 2263 3160 2455 119 5939 14579 561 8854 1338 399 3056
internal_value=-0.00462015 -0.018248 -0.019441 -0.0153797 -0.000409172 -0.0111482 -0.0178034 -0.00184874 -0.0147356 -0.0014924 -0.00713752 -0.00702899 0.000407407 0.00149486 -0.000194844 0.00237066 -0.000904778 0.000333333 -0.0223594 -0.00335036 -0.00136712 -0.0163141 -0.0105427 0.00032617 -0.00196995 -0.00413195 2.46248e-05 0.0011749 0.00703252 -0.00181564
internal_weight=96934 22882 19590 8191 74052 3292 5850 26802 3215 25077 2007 1725 47250 16841 30409 6591 23818 12225 11399 6559 24815 2671 1207 6515 18300 3721 17259 8405 1845 4296
internal_count=96934 22882 19590 8191 74052 3292 5850 26802 3215 25077 2007 1725 47250 16841 30409 6591 23818 12225 11399 6559 24815 2671 1207 6515 18300 3721 17259 8405 1845 4296
is_linear=0
shrinkage=0.05


Tree=87
num_leaves=31
num_cat=0
split_feature=12 5 3 8 12 12 8 6 12 8 12 0 8 1 1 8 1 2 8 5 2 1 8 14 7 7 7 5 8 3
split_gain=2089.68 79.3953 105.712 46.8086 33.5116 32.386 32.2279 16.8706 14.727 15.8375 13.829 13.1196 12.9973 11.9929 11.6293 11.3711 11.1587 11.129 14.2873 27.5568 13.2205 15.7578 11.9434 9.81136 10.9162 9.81115 9.64897 9.11415 29.2701 12.0096
threshold=0.032781885571144261 1.0000000180025095e-35 1.0000000180025095e-35 1.0000000180025095e-35 0.016909315208142959 0.78721326236926303 1.5000000000000002 1.0000000180025095e-35 0.02549002247696816 1.5000000000000002 0.014832145907619042 3.5000000000000004 1.0000000180025095e-35 3.5000000000000004 5.5000000000000009 1.0000000180025095e-35 1.5000000000000002 5.5000000000000009 1.0000000180025095e-35 1.0000000180025095e-35 3.5000000000000004 3.5000000000000004 1.5000000000000002 0.42384005681624831 1.0000000180025095e-35 1.0000000180025095e-35 1.0000000180025095e-35 1.0000000180025095e-35 1.0000000180025095e-35 1.0000000180025095e-35
decision_type=2 2 2 2 2 2 2 2 2 2 2 2 2 2 2 2 2 2 2 2 2 2 2 2 2 2 2 2 2 2
left_child=1 2 8 13 -3 7 -5 11 -1 -10 -8 -2 -6 -4 -15 -9 -13 20 19 -19 21 -18 -20 -7 27 -12 -14 29 -29 -25
right_child=5 4 3 6 12 23 10 15 9 -11 25 16 26 14 -16 -17 17 18 22 -21 -22 -23 -24 24 -26 -27 -28 28 -30 -31
leaf_value=-0.00049789635217448625 -0.00029813803328874468 -0.00039079487680383323 -0.00011467835985113605 -0.00045356545499515506 -2.4107603696514604e-05 -0.0029635001611126865 -0.00043797660858526451 -0.00081631943931391449 -0.00043242308311659578 -0.00018686285714610788 -0.00026782352553734849 6.8711754384213206e-05 -0.00028162593849781866 -0.00033274698963248786 -0.00012649095784860698 -0.00041075071739856507 0.00051391002238948276 -0.00080320795689590866 0.00026007676478560646 0.00065394288106868927 0.0009477272738569021 -0.00079956853544141534 -0.00039521563572414366 -0.00054745958367253828 0.007382026827973032 -2.6486003829910046e-05 0.00011040861732980571 0.022636997069502708 1.1702141313352232e-05 0.0014556540358120708
leaf_weight=10198 270 1639 1433 2548 716 515 687 587 735 470 2320 6350 845 648 274 1141 1162 2938 2552 970 1310 2417 5508 23265 1868 220 112 1766 4706 16492
leaf_count=10198 270 1639 1433 2548 716 515 687 587 735 470 2320 6350 845 648 274 1141 1162 2938 2552 970 1310 2417 5508 23265 1868 220 112 1766 4706 16492
internal_value=-0.00443556 -0.0176505 -0.0188642 -0.014508 -0.0104921 -0.000345788 -0.0169307 -0.00180024 -0.0219701 -0.0167427 -0.0136117 -0.00144929 -0.00551405 -0.00856688 -0.0130152 -0.00656829 -0.0013218 -0.00199472 -0.00281584 -0.00529683 1.53406e-05 -0.0015577 -0.0016129 0.000408335 0.000481839 -0.0119094 -0.00932602 0.00033042 0.00207046 4.71615e-05
internal_weight=96662 22845 19533 8130 3312 73817 5775 25205 11403 1205 3227 23477 1673 2355 922 1728 23207 16857 11968 3908 4889 3579 8060 48612 48097 2540 957 46229 6472 39757
internal_count=96662 22845 19533 8130 3312 73817 5775 25205 11403 1205 3227 23477 1673 2355 922 1728 23207 16857 11968 3908 4889 3579 8060 48612 48097 2540 957 46229 6472 39757
is_linear=0
shrinkage=0.05


Tree=88
num_leaves=31
num_cat=0
split_feature=12 4 3 8 14 8 12 12 8 12 8 0 1 2 2 6 8 3 2 8 1 1 1 2 8 2 4 2 4 8
split_gain=2018.27 75.548 102.75 50.1231 32.3657 29.6034 27.3053 17.4063 14.2273 14.1926 13.2374 13.1094 12.4186 12.9607 11.4798 10.6268 13.0445 9.72693 12.878 11.8206 9.52694 13.3153 9.14111 9.10018 8.70701 8.57439 35.1456 13.216 21.3644 10.8635
threshold=0.032781885571144261 1.0000000180025095e-35 1.0000000180025095e-35 1.0000000180025095e-35 1.1510957525484971 1.5000000000000002 0.014205593701191656 0.022644289869261477 1.5000000000000002 0.020480177178761039 1.0000000180025095e-35 3.5000000000000004 1.5000000000000002 4.5000000000000009 20.500000000000004 1.0000000180025095e-35 1.0000000180025095e-35 1.0000000180025095e-35 20.500000000000004 1.0000000180025095e-35 3.5000000000000004 5.5000000000000009 3.5000000000000004 21.500000000000004 2.5000000000000004 10.500000000000002 4.5000000000000009 8.5000000000000018 6.5000000000000009 1.0000000180025095e-35
decision_type=2 2 2 2 2 2 2 2 2 2 2 2 2 2 2 2 2 2 2 2 2 2 2 2 2 2 2 2 2 2
left_child=1 6 7 20 11 -5 -1 -3 -9 22 -8 -2 13 -6 -10 -13 -17 18 -15 -19 -4 -22 24 25 -7 26 -14 28 29 -28
right_child=4 2 3 5 12 9 10 8 14 -11 -12 15 23 17 -16 16 -18 19 -20 -21 21 -23 -24 -25 -26 -27 27 -29 -30 -31
leaf_value=-0.00046360952352945061 -0.00031297670379976648 -0.00047956374984182444 -0.00011161880248302114 -0.00042925719735405383 -0.00370479455101915 0.00010941912824189715 -9.721340631709437e-05 -0.00039739071436174241 -0.0001624910031522573 -0.00019158218765098664 -0.00024726848717064424 -0.00025573022323299721 -0.0044460493377086905 0.0023345747640004968 -0.00045702786229498714 -0.00083144255132132881 -0.00036653626084644491 0.011584924050105118 -0.00092927464796953578 0.0028077314511546856 -0.00032302904091735529 -0.00010709405219018926 -0.00043238119316063204 -0.00077773737656908204 -0.00023991409232388059 0.0025485282661596776 -0.0062947586610521307 0.00387197950068644 0.0011395899265614906 -0.0013246024809305563
leaf_weight=792 281 8977 1419 2613 1136 58 872 1578 516 924 1625 27623 2088 5440 320 528 1294 1204 2231 3142 627 273 973 7551 1261 6942 571 1935 10291 1512
leaf_count=792 281 8977 1419 2613 1136 58 872 1578 516 924 1625 27623 2088 5440 320 528 1294 1204 2231 3142 627 273 973 7551 1261 6942 571 1935 10291 1512
internal_value=-0.00436375 -0.0173559 -0.018536 -0.0142489 -0.000343301 -0.0167224 -0.0103451 -0.0216026 -0.0178335 -0.0135106 -0.00777934 -0.00161811 0.000517108 0.00180377 -0.0125598 -0.00151554 -0.00521405 0.00228634 0.00121562 0.00417625 -0.00803148 -0.0120556 -0.0156195 -3.07543e-05 -0.0129075 0.000457389 -0.000166189 0.00071808 0.000117181 -0.00450072
internal_weight=96597 22828 19539 8148 73769 5829 3289 11391 2414 3216 2497 29726 44043 13153 836 29445 1822 12017 7671 4346 2319 900 2292 30890 1319 23339 16397 14309 12374 2083
internal_count=96597 22828 19539 8148 73769 5829 3289 11391 2414 3216 2497 29726 44043 13153 836 29445 1822 12017 7671 4346 2319 900 2292 30890 1319 23339 16397 14309 12374 2083
is_linear=0
shrinkage=0.05


Tree=89
num_leaves=31
num_cat=0
split_feature=12 4 3 12 14 12 7 0 6 6 1 2 12 2 2 1 2 0 12 12 2 12 11 0 12 14 12 1 0 1
split_gain=1946.28 80.4126 108.762 42.4846 33.5713 25.0257 16.1932 14.4893 12.0967 10.4286 13.4196 16.4323 13.8361 11.2268 32.689 13.5918 10.8654 10.2504 9.97017 9.78013 10.4256 9.15091 8.30063 8.22326 7.97541 7.93812 8.48603 7.75505 7.73262 7.14349
threshold=0.032781885571144261 1.0000000180025095e-35 1.0000000180025095e-35 0.017842891276520469 1.1287959537132226 0.01560799077449878 1.0000000180025095e-35 3.5000000000000004 1.0000000180025095e-35 1.0000000180025095e-35 3.5000000000000004 2.5000000000000004 2.9899760889170972 7.5000000000000009 9.5000000000000018 5.5000000000000009 4.5000000000000009 20.500000000000004 0.16712540254139388 0.017842891276520469 20.500000000000004 0.014832145907619042 0.018813966527785261 19.500000000000004 0.022644289869261477 0.7030220205362262 0.3066224417723053 1.5000000000000002 6.5000000000000009 3.5000000000000004
decision_type=2 2 2 2 2 2 2 2 2 2 2 2 2 2 2 2 2 2 2 2 2 2 2 2 2 2 2 2 2 2
left_child=1 5 6 21 7 -1 19 -2 17 10 12 -12 -6 15 -15 -13 -17 29 -10 -3 -21 -4 -5 -14 27 -19 -27 -7 -20 -9
right_child=4 2 3 22 9 24 -8 8 18 -11 11 13 23 14 -16 16 -18 25 28 20 -22 -23 -24 -25 -26 26 -28 -29 -30 -31
leaf_value=-0.00037965689659804941 -0.0003101954539870284 -0.00048883603672074936 -0.00043026614794614828 -0.0002425142068191331 0.00086172377875313186 -2.83870639667453e-05 -0.00022397340630916018 -1.7724150883474678e-05 -0.00062020053968957212 -0.00074429939841019754 -0.004993005866197834 0.0058639010414553777 0.01220103271740991 -0.003537502447606514 0.00055202467101034269 -0.0043156153519574364 0.0041134634398364176 -0.00087779157057014121 0.00056232001419664619 -0.00031541504217821024 -0.0005419818663089242 -0.00029804085916789841 -0.00016797180966598229 -0.0074805089224384783 -2.9994269296803117e-05 -7.4678874960464059e-05 -0.0028009675373729644 -0.00024724927411553643 -0.00069305371167329452 -0.00037037201044098011
leaf_weight=1252 282 5194 1790 2851 19649 345 341 11957 411 3451 1918 1822 3618 1923 10000 1139 1114 990 164 3785 2160 2105 1371 273 471 1466 445 1290 1250 12000
leaf_count=1252 282 5194 1790 2851 19649 345 341 11957 411 3451 1918 1822 3618 1923 10000 1139 1114 990 164 3785 2160 2105 1371 273 471 1466 445 1290 1250 12000
internal_value=-0.00428935 -0.0170061 -0.0182311 -0.0138013 -0.000337746 -0.00985706 -0.0213632 -0.00166494 -0.00155406 0.000518293 0.000738132 -0.000293034 0.00152294 0.000231279 -0.000543068 0.00249693 -9.98668e-05 -0.0012864 -0.00549315 -0.0216918 -0.020307 -0.0175674 -0.0103269 0.00424698 -0.00652896 -0.00409342 -0.00221088 -0.00818043 -0.00350071 -0.000946487
internal_weight=96827 22955 19597 8117 73872 3358 11480 28965 28683 44907 41456 17916 23540 15998 11923 4075 2253 26858 1825 11139 5945 3895 4222 3891 2106 2901 1911 1635 1414 23957
internal_count=96827 22955 19597 8117 73872 3358 11480 28965 28683 44907 41456 17916 23540 15998 11923 4075 2253 26858 1825 11139 5945 3895 4222 3891 2106 2901 1911 1635 1414 23957
is_linear=0
shrinkage=0.05


Tree=90
num_leaves=31
num_cat=0
split_feature=12 4 3 8 8 12 14 12 2 0 8 3 2 2 1 8 1 1 7 0 1 7 8 14 3 4 12 0 8 4
split_gain=1871.98 79.5234 111.95 49.2917 33.0191 26.896 25.0749 18.8964 16.3275 15.1009 14.6091 27.7597 33.3235 21.507 13.8973 12.4153 11.4538 15.232 11.3331 11.135 10.2917 10.2695 10.9292 10.1006 9.74399 10.888 8.74844 7.74829 7.46645 11.6383
threshold=0.032781885571144261 1.0000000180025095e-35 1.0000000180025095e-35 1.0000000180025095e-35 1.5000000000000002 0.015413725602349977 0.79185215920177832 0.018851908243793732 20.500000000000004 20.500000000000004 1.0000000180025095e-35 1.0000000180025095e-35 20.500000000000004 10.500000000000002 3.5000000000000004 1.0000000180025095e-35 3.5000000000000004 5.5000000000000009 1.0000000180025095e-35 20.500000000000004 3.5000000000000004 1.0000000180025095e-35 2.5000000000000004 2.0593173842938475 1.0000000180025095e-35 1.5000000000000002 0.01635378004448804 8.5000000000000018 1.0000000180025095e-35 1.0000000180025095e-35
decision_type=2 2 2 2 2 2 2 2 2 2 2 2 2 2 2 2 2 2 2 2 2 2 2 2 2 2 2 2 2 2
left_child=1 5 7 16 -5 -1 9 -3 18 10 11 12 13 -2 21 -7 -4 -18 -9 23 -20 22 -6 27 25 -25 -16 -8 29 -29
right_child=6 2 3 4 14 15 19 8 -10 -11 -12 -13 -14 -15 26 -17 17 -19 20 -21 -22 -23 -24 24 -26 -27 -28 28 -30 -31
leaf_value=-0.0003709554293322738 -0.00072670810365822671 -0.00045951189270261199 -8.9205830067962821e-05 -0.00038795145025887422 6.0251789470271162e-07 -5.4577372126022457e-05 0.0068379955635984426 -0.00028587116132974144 -0.00049716084526869929 -0.00071607162295841487 -5.7446856351222462e-05 0.00012990092499831786 -0.0008415622544217312 0.00015567816791264844 -0.00043076355432361009 -0.00021895161684008896 -0.00028479477359291883 -8.0114894036704964e-05 5.514469637815257e-05 -0.00035152643159920007 -0.000255045964995808 7.7387327989900467e-05 -0.00021474926214394598 0.015888716685021686 0.010036460979691353 -0.00025079287619649839 -0.00028117586716846008 0.020994943616009135 -0.00025227764081219294 0.00085943296496707742
leaf_weight=1155 1669 6253 1417 2605 207 835 1050 3106 1928 1406 13002 2514 1195 1640 625 1353 652 269 129 10650 77 123 1559 1259 3106 4392 698 990 25356 5479
leaf_count=1155 1669 6253 1417 2605 207 835 1050 3106 1928 1406 13002 2514 1195 1640 625 1353 652 269 129 10650 77 123 1559 1259 3106 4392 698 990 25356 5479
internal_value=-0.00419265 -0.0166489 -0.0178619 -0.0133814 -0.0158458 -0.00951989 -0.000307294 -0.0210411 -0.0188263 -0.00174788 -0.0013961 -0.00323454 -0.00558393 -0.0029994 -0.0124533 -0.00626143 -0.00724979 -0.0115907 -0.0166969 0.00028308 -0.00533981 -0.0097009 -0.0106738 0.000652143 0.00216113 0.000924615 -0.0163832 0.00025019 0.000110762 0.00162699
internal_weight=96699 22991 19648 8155 5817 3343 73708 11493 5240 21426 20020 7018 4504 3309 3212 2188 2338 921 3312 52282 206 1889 1766 41632 8757 5651 1323 32875 31825 6469
internal_count=96699 22991 19648 8155 5817 3343 73708 11493 5240 21426 20020 7018 4504 3309 3212 2188 2338 921 3312 52282 206 1889 1766 41632 8757 5651 1323 32875 31825 6469
is_linear=0
shrinkage=0.05


Tree=91
num_leaves=31
num_cat=0
split_feature=12 4 3 8 8 12 14 12 8 0 8 3 4 2 0 12 1 2 6 12 14 8 2 1 12 7 0 0 8 0
split_gain=1766.9 79.6143 109.021 49.0594 31.8165 22.7642 21.4788 20.6323 16.0905 13.7899 14.0071 23.1432 41.1231 13.1069 12.9948 12.838 10.7097 11.6119 10.4205 9.82215 10.9248 9.51416 9.20649 14.2709 9.04914 8.85892 8.6632 9.94615 15.8771 13.1065
threshold=0.032781885571144261 1.0000000180025095e-35 1.0000000180025095e-35 1.0000000180025095e-35 1.5000000000000002 0.014205593701191656 0.84841971260772153 0.023429542018370841 1.5000000000000002 20.500000000000004 1.0000000180025095e-35 1.0000000180025095e-35 1.0000000180025095e-35 20.500000000000004 20.500000000000004 0.014407615121636243 3.5000000000000004 4.5000000000000009 1.0000000180025095e-35 0.27153305017447688 0.13471814537672347 1.0000000180025095e-35 20.500000000000004 3.5000000000000004 0.24533744914098818 1.0000000180025095e-35 8.5000000000000018 16.500000000000004 1.5000000000000002 14.500000000000002
decision_type=2 2 2 2 2 2 2 2 2 2 2 2 2 2 2 2 2 2 2 2 2 2 2 2 2 2 2 2 2 2
left_child=1 5 7 16 -5 -1 9 22 -9 10 11 12 -2 -14 25 -6 -4 -18 -10 -12 -21 -7 23 -3 -16 26 -8 29 -29 -28
right_child=6 2 3 4 15 21 14 8 18 -11 19 -13 13 -15 24 -17 17 -19 -20 20 -22 -23 -24 -25 -26 -27 27 28 -30 -31
leaf_value=-0.00038509075180562517 0.001117524599716835 -0.00027719383636530033 -8.2953346483991702e-05 -0.00037705182892477696 -0.00036530207986144576 -8.7342339758368295e-05 0.0070429208223049492 -0.00034539726327210735 -0.00013351976818329198 -0.00071656482928446341 0.00013138921526263653 0.00010190995789069319 -0.00055903466868466453 -0.00079465490406947716 0.00042577617558808015 -0.00021220063355850279 -0.00026779725900826363 6.8571328379785081e-06 -0.00058608707918709623 -0.0021980281252977352 -0.00042505656063714092 -0.00020404268726576248 -0.00055939972487202387 -0.00043994978891667919 -0.00072953874747788141 0.0087964628392838747 0.00045482193744321165 0.004036428404455417 -0.0006456400447963917 -0.0015478705325419175
leaf_weight=795 1014 3717 1421 2556 589 877 996 1286 591 1637 4652 2597 2345 1259 1209 2615 768 169 97 245 8572 1622 2882 2838 9271 1572 16045 9386 5969 7058
leaf_count=795 1014 3717 1421 2556 589 877 996 1286 591 1637 4652 2597 2345 1259 1209 2615 768 169 97 245 8572 1622 2882 2838 9271 1572 16045 9386 5969 7058
internal_value=-0.00410864 -0.0162676 -0.0174804 -0.0130512 -0.0155382 -0.00907711 -0.000349804 -0.0206314 -0.0159828 -0.00164531 -0.00129569 -0.00307346 -0.00519706 -0.00769978 0.000211626 -0.0122191 -0.00697625 -0.0111259 -0.00981105 -0.000343381 -0.00132415 -0.00673269 -0.0216038 -0.0205683 -0.00135973 0.000613026 0.000466366 0.000347132 0.00133344 -0.000308402
internal_weight=96650 22823 19529 8118 5760 3294 73827 11411 1974 22321 20684 7215 4618 3604 51506 3204 2358 937 688 13469 8817 2499 9437 6555 10480 41026 39454 38458 15355 23103
internal_count=96650 22823 19529 8118 5760 3294 73827 11411 1974 22321 20684 7215 4618 3604 51506 3204 2358 937 688 13469 8817 2499 9437 6555 10480 41026 39454 38458 15355 23103
is_linear=0
shrinkage=0.05


Tree=92
num_leaves=31
num_cat=0
split_feature=12 4 3 12 12 14 2 8 8 6 8 8 12 2 1 2 0 0 8 0 12 12 3 4 2 12 0 12 7 8
split_gain=1691.73 73.3163 112.957 51.9232 22.2612 21.0956 20.7496 18.3496 16.1263 13.8572 13.5422 13.4714 11.8473 11.2799 15.3685 10.7041 10.305 12.4763 13.695 11.5671 11.3982 11.8228 10.7004 13.667 10.3016 9.1719 9.05002 8.57727 8.4961 8.94347
threshold=0.032781885571144261 1.0000000180025095e-35 1.0000000180025095e-35 0.017094184078422146 0.023429542018370841 1.0561918689278753 18.500000000000004 1.5000000000000002 1.0000000180025095e-35 1.0000000180025095e-35 1.5000000000000002 1.0000000180025095e-35 0.16296266310720589 20.500000000000004 3.5000000000000004 20.500000000000004 19.500000000000004 17.500000000000004 1.0000000180025095e-35 13.500000000000002 0.78721326236926303 0.2941640170233652 1.0000000180025095e-35 1.0000000180025095e-35 4.5000000000000009 0.80777029362974762 3.5000000000000004 0.015029169175175128 1.0000000180025095e-35 2.5000000000000004
decision_type=2 2 2 2 2 2 2 2 2 2 2 2 2 2 2 2 2 2 2 2 2 2 2 2 2 2 2 2 2 2
left_child=1 6 4 24 13 9 11 -6 -5 26 -10 -1 -11 14 -3 -9 17 19 22 20 21 -7 23 -19 -4 -21 -2 -13 29 -12
right_child=5 2 3 8 7 16 -8 15 10 12 28 27 -14 -15 -16 -17 -18 18 -20 25 -22 -23 -24 -25 -26 -27 -28 -29 -30 -31
leaf_value=-0.00017044574257834549 -0.00024650573246875026 -0.00026515163495779341 -0.00039541804058864841 -0.0001229291365911666 -0.00032567828645642394 0.00068300125019753058 -8.8055465092588313e-05 -9.1623240934874279e-05 -0.00029733293157423613 -0.00061972052967671431 -5.0199814920789959e-05 -0.0003969355568649913 -0.00048324329008428218 -0.00052663424099583733 -0.00041657092537562785 -0.00033466408164959939 -0.00036350749989839812 0.074366663928532445 0.0015762566749343246 0.0026786817249810969 0.0024379994374315265 -0.0022529986226278928 0.039571899150672475 0.0013800336317733475 -0.00023448176398241304 -0.0009979420116314698 -0.00018975871290578158 -0.00025356766781824868 1.2337801795162668e-07 -0.00022457328160590314
leaf_weight=654 265 3701 1907 1931 1312 282 1134 434 1001 400 310 751 1353 2896 2835 271 13445 327 5704 627 10931 602 795 1121 1486 13198 24804 845 220 1339
leaf_count=654 265 3701 1907 1931 1312 282 1134 434 1001 400 310 751 1353 2896 2835 271 13445 327 5704 627 10931 602 795 1121 1486 13198 24804 845 220 1339
internal_value=-0.00396285 -0.0157956 -0.0169666 -0.0124847 -0.0201743 -0.000273513 -0.00899823 -0.0154065 -0.00913872 -0.00139251 -0.0115157 -0.0117778 -0.00569025 -0.0211938 -0.0200428 -0.00890071 0.000364645 0.000832912 0.00256386 0.000296412 0.0014452 -0.00401584 0.00587383 0.00331492 -0.0172193 -0.000685353 -0.00109199 -0.0142544 -0.00900214 -0.0102335
internal_weight=96881 23027 19643 8194 11449 73854 3384 2017 4801 26822 2870 2250 1753 9432 6536 705 47032 33587 7947 25640 11815 884 2243 1448 3393 13825 25069 1596 1869 1649
internal_count=96881 23027 19643 8194 11449 73854 3384 2017 4801 26822 2870 2250 1753 9432 6536 705 47032 33587 7947 25640 11815 884 2243 1448 3393 13825 25069 1596 1869 1649
is_linear=0
shrinkage=0.05


Tree=93
num_leaves=31
num_cat=0
split_feature=12 4 3 8 8 12 12 12 8 2 2 12 1 2 2 6 4 3 2 8 2 1 2 4 2 4 2 1 2 2
split_gain=1576.12 75.6705 123.148 45.2873 31.1883 21.5711 21.3778 20.9235 19.2145 18.4359 20.657 16.1526 14.8859 19.4028 14.6259 13.7651 13.3356 15.0468 16.5071 12.2788 11.8685 17.5147 11.5555 48.3975 22.3711 40.4979 14.338 48.1339 19.6409 15.4226
threshold=0.03057491011296894 1.0000000180025095e-35 1.0000000180025095e-35 1.0000000180025095e-35 1.5000000000000002 0.014205593701191656 0.15853286013538914 0.023429542018370841 3.5000000000000004 20.500000000000004 27.500000000000004 0.014832145907619042 1.5000000000000002 4.5000000000000009 21.500000000000004 1.0000000180025095e-35 1.0000000180025095e-35 1.0000000180025095e-35 26.500000000000004 1.5000000000000002 20.500000000000004 3.5000000000000004 10.500000000000002 4.5000000000000009 8.5000000000000018 6.5000000000000009 3.5000000000000004 3.5000000000000004 4.5000000000000009 2.5000000000000004
decision_type=2 2 2 2 2 2 2 2 2 2 2 2 2 2 2 2 2 2 2 2 2 2 2 2 2 2 2 2 2 2
left_child=1 5 7 -4 -5 -1 8 20 9 -2 -11 -6 13 -8 22 19 -15 18 -18 -9 21 -3 23 -14 25 -25 27 -27 -28 -29
right_child=6 2 3 4 11 -7 12 15 -10 10 -12 -13 14 16 -16 -17 17 -19 -20 -21 -22 -23 -24 24 -26 26 28 29 -30 -31
leaf_value=-0.0003577655446668198 -0.00020078892823127822 -0.00025366640663552575 -0.0001253199740395318 -0.00033325007441781988 -0.00032500848343714074 -0.00016108686621895148 -0.0026715627215265383 -0.00024516452732089872 0.00015266724163733939 -0.00053174051610252709 -7.6369405811878296e-05 -0.00018018729850624436 -0.0024516276768040408 0.0077633233046964624 -0.00067655774658137652 -0.00061472361434046637 0.00035813856740422867 0.0020645177676752559 -0.0017622714600855072 -0.00012704110054777111 -0.00050455562431117476 -0.00039785190040830966 0.00097757952108015202 -0.002085764610274321 0.0016541762133961025 0.0025988781156450441 0.0064931741677119077 -0.0032019046829679376 0.00041144794956701346 -0.00055622658722258582
leaf_weight=788 3780 3619 2269 2583 702 2458 1710 977 946 860 515 2460 3258 1620 11576 294 8080 6480 1753 514 2857 2859 11071 3245 3188 3304 1484 3231 4922 3223
leaf_count=788 3780 3619 2269 2583 702 2458 1710 977 946 860 515 2460 3258 1620 11576 294 8080 6480 1753 514 2857 2859 11071 3245 3188 3304 1484 3231 4922 3223
internal_value=-0.00383799 -0.0154692 -0.0166667 -0.0119416 -0.0143037 -0.00841035 -0.000332004 -0.0200719 -0.00316751 -0.00436954 -0.00932727 -0.0109741 -7.81422e-05 0.00108308 -0.000548431 -0.015112 0.00156834 0.00113866 -9.4071e-05 -0.0131623 -0.0210204 -0.0198364 -6.22867e-05 -0.000641075 0.000180334 -0.000457262 0.000566073 -0.0006405 0.002404 -0.00315308
internal_weight=96626 22380 19134 8014 5745 3246 74246 11120 6101 5155 1375 3162 68145 19643 48502 1785 17933 16313 9833 1491 9335 6478 36926 25855 22597 19409 16164 9758 6406 6454
internal_count=96626 22380 19134 8014 5745 3246 74246 11120 6101 5155 1375 3162 68145 19643 48502 1785 17933 16313 9833 1491 9335 6478 36926 25855 22597 19409 16164 9758 6406 6454
is_linear=0
shrinkage=0.05


Tree=94
num_leaves=31
num_cat=0
split_feature=12 4 3 12 12 14 6 12 0 8 8 6 1 2 1 7 8 1 7 2 0 8 8 8 3 4 12 14 14 4
split_gain=1543.19 79.8073 113.885 44.4075 22.0398 21.7929 21.2845 19.6316 14.4038 12.3948 11.4867 11.4647 11.2503 13.1049 11.0371 10.3538 10.2986 10.0404 12.611 9.24356 9.23478 9.02851 8.21934 8.05119 17.5971 22.5553 11.1418 8.71544 8.30062 7.86345
threshold=0.03057491011296894 1.0000000180025095e-35 1.0000000180025095e-35 0.017094184078422146 0.018851908243793732 0.79185215920177832 1.0000000180025095e-35 0.015029169175175128 3.5000000000000004 1.0000000180025095e-35 1.5000000000000002 1.0000000180025095e-35 1.5000000000000002 4.5000000000000009 3.5000000000000004 1.0000000180025095e-35 1.0000000180025095e-35 3.5000000000000004 1.0000000180025095e-35 21.500000000000004 20.500000000000004 1.0000000180025095e-35 1.0000000180025095e-35 1.0000000180025095e-35 1.0000000180025095e-35 1.0000000180025095e-35 0.27153305017447688 0.13471814537672347 0.11125199692356876 1.0000000180025095e-35
decision_type=2 2 2 2 2 2 2 2 2 2 2 2 2 2 2 2 2 2 2 2 2 2 2 2 2 2 2 2 2 2
left_child=1 7 4 14 -3 8 17 -1 -2 -5 -11 20 13 -7 -4 16 -9 18 -6 -14 23 -13 -16 24 25 -10 28 -28 -25 -15
right_child=5 2 3 9 6 12 -8 15 11 10 -12 21 19 29 22 -17 -18 -19 -20 -21 -22 -23 -24 26 -26 -27 27 -29 -30 -31
leaf_value=-0.00030347919847715528 -0.00026899574836925579 -0.00037891124611671317 -0.00021686323557309857 -0.00011715358807544153 -0.00019951032673268341 -0.0036578648656411779 -0.00056621142504712342 -4.5792770362611258e-05 0.0008009890288162777 -0.00026483323498842847 -0.00016684906679307143 -0.00069787388384794232 0.00017092516830072846 0.0093166550920239077 -0.00021859946803192101 0.00014858183236346226 -0.0002107803384699368 -0.00029360235063007165 4.6941784338334559e-05 -0.00081878715885205235 -0.00055931670754370561 -0.00028593637499312632 -0.0004073305444141905 5.9497056145773729e-05 0.00016273165067332148 -0.00061069557606587693 -0.0020448108960584911 -0.00041897105764993059 0.00081334265190688426 0.00098154978094846666
leaf_weight=1025 475 6225 1668 1827 2345 1271 770 835 988 985 1747 486 28355 1255 300 95 1277 1816 110 8813 1336 952 1442 3264 2511 3023 245 7521 1059 12608
leaf_count=1025 475 6225 1668 1827 2345 1271 770 835 988 985 1747 486 28355 1255 300 95 1277 1816 110 8813 1336 952 1442 3264 2511 3023 245 7521 1059 12608
internal_value=-0.00380346 -0.0152835 -0.0165051 -0.0119306 -0.0197408 -0.000325638 -0.0172833 -0.00801361 -0.00165142 -0.00870257 -0.0108346 -0.00146014 0.000228481 0.00137769 -0.0162463 -0.00535795 -0.00608428 -0.0159038 -0.0138187 -0.000239453 -0.0011493 -0.00577191 -0.0190299 -0.00086105 -0.00227691 -0.00433184 -9.71958e-05 -0.00122972 0.00193731 0.0018232
internal_weight=96629 22467 19235 7969 11266 74162 5041 3232 21860 4559 2732 21385 52302 15134 3410 2207 2112 4271 2455 37168 19947 1438 1742 18611 6522 4011 12089 7766 4323 13863
internal_count=96629 22467 19235 7969 11266 74162 5041 3232 21860 4559 2732 21385 52302 15134 3410 2207 2112 4271 2455 37168 19947 1438 1742 18611 6522 4011 12089 7766 4323 13863
is_linear=0
shrinkage=0.05


Tree=95
num_leaves=31
num_cat=0
split_feature=12 6 1 1 7 8 14 11 14 4 4 12 2 2 8 8 4 0 7 0 8 8 0 6 12 0 1 4 0 8
split_gain=1459.2 74.3884 84.7101 45.4618 37.499 41.895 21.8158 18.9952 18.1283 17.2847 16.8407 15.3441 13.9933 13.9091 13.3451 10.4105 9.9957 9.73823 12.1106 9.3575 11.3677 9.25425 15.656 8.79614 11.0154 9.36251 8.55042 8.18146 8.07127 9.66189
threshold=0.032781885571144261 1.0000000180025095e-35 3.5000000000000004 5.5000000000000009 1.0000000180025095e-35 1.0000000180025095e-35 1.2443660819559548 0.02296748177038133 0.14025677994862054 2.5000000000000004 3.5000000000000004 0.023857836236783791 7.5000000000000009 9.5000000000000018 3.5000000000000004 1.0000000180025095e-35 1.0000000180025095e-35 19.500000000000004 1.0000000180025095e-35 17.500000000000004 1.5000000000000002 3.5000000000000004 3.5000000000000004 1.0000000180025095e-35 0.16296266310720589 6.5000000000000009 1.5000000000000002 1.0000000180025095e-35 9.5000000000000018 3.5000000000000004
decision_type=2 2 2 2 2 2 2 2 2 2 2 2 2 2 2 2 2 2 2 2 2 2 2 2 2 2 2 2 2 2
left_child=1 2 4 10 5 7 23 -1 21 -5 -4 12 -12 15 -13 -11 -10 18 19 28 27 -7 -23 -2 -25 -26 -27 -21 -8 -30
right_child=6 -3 3 9 -6 8 17 -9 16 13 11 14 -14 -15 -16 -17 -18 -19 -20 20 -22 22 -24 24 25 26 -28 -29 29 -31
leaf_value=-6.9708192926004955e-05 -0.00020125339418410049 -0.0005571625431761946 -0.00034053111040225628 -9.7469009586055946e-05 8.5296660414325295e-05 -0.0001961371796301766 0.0066164961975804133 -0.00017170755525919838 -0.00018353660310207396 -5.7262326318134259e-05 -0.00035924048477335144 -0.00035344508508178691 -0.00039637616960145255 -0.00022665118150766908 0.00013317497306877257 -0.00022263424533721274 -0.00026033450943786996 -0.00033779246257724106 0.013553453675186768 0.034089093358171008 -0.00022999142495594427 -0.00012785358070713064 0.00058872179996230826 -0.00052864370839175452 0.00061785614464469256 0.0001592780858462345 -0.00086239142409143548 0.0049675068247774902 0.0003304475830694265 -0.0014321757421556878
leaf_weight=2030 31071 1649 1137 555 334 4048 1022 1242 456 282 2055 245 3179 1579 80 780 2702 11959 1339 659 2872 481 51 399 170 501 975 3952 17395 1532
leaf_count=2030 31071 1649 1137 555 334 4048 1022 1242 456 282 2055 245 3179 1579 80 780 2702 11959 1339 659 2872 481 51 399 170 501 975 3952 17395 1532
internal_value=-0.00367798 -0.0147094 -0.013915 -0.0172968 -0.0109661 -0.0114668 -0.000259323 -0.00672372 -0.0134725 -0.0123905 -0.0196386 -0.0207726 -0.0214272 -0.0140761 -0.0102308 -0.0096516 -0.016387 0.00051559 0.00101404 0.000787402 0.0022952 -0.0114629 -0.00526316 -0.0012124 -0.00438875 -0.00258202 -0.00386179 0.00383322 0.000221816 -1.18878e-05
internal_weight=96731 22885 21236 9892 11344 11010 73846 3272 7738 3196 6696 5559 5234 2641 325 1062 3158 40730 28771 27432 7483 4580 532 33116 2045 1646 1476 4611 19949 18927
internal_count=96731 22885 21236 9892 11344 11010 73846 3272 7738 3196 6696 5559 5234 2641 325 1062 3158 40730 28771 27432 7483 4580 532 33116 2045 1646 1476 4611 19949 18927
is_linear=0
shrinkage=0.05


Tree=96
num_leaves=31
num_cat=0
split_feature=12 6 1 1 8 7 5 14 5 3 5 12 14 2 8 7 2 3 5 3 8 5 8 8 0 8 2 2 8 0
split_gain=1382.24 79.0455 91.8329 47.7121 32.7629 38.881 19.189 18.1721 16.9718 23.7922 16.8767 14.9386 14.0107 13.8106 13.1251 11.7313 10.492 9.76948 10.4332 9.31427 16.1193 15.395 21.1037 14.8639 11.9102 11.0696 8.65117 13.6483 20.2238 11.2113
threshold=0.032781885571144261 1.0000000180025095e-35 3.5000000000000004 5.5000000000000009 1.0000000180025095e-35 1.0000000180025095e-35 1.0000000180025095e-35 1.2443660819559548 1.0000000180025095e-35 1.0000000180025095e-35 1.0000000180025095e-35 0.023857836236783791 0.27902878525081015 7.5000000000000009 3.5000000000000004 1.0000000180025095e-35 9.5000000000000018 1.0000000180025095e-35 1.0000000180025095e-35 1.0000000180025095e-35 1.0000000180025095e-35 1.0000000180025095e-35 1.0000000180025095e-35 1.0000000180025095e-35 19.500000000000004 2.5000000000000004 21.500000000000004 27.500000000000004 1.0000000180025095e-35 4.5000000000000009
decision_type=2 2 2 2 2 2 2 2 2 2 2 2 2 2 2 2 2 2 2 2 2 2 2 2 2 2 2 2 2 2
left_child=1 2 4 10 8 12 16 26 9 -1 11 13 17 -4 -13 19 -5 18 -6 21 -21 23 -23 24 -9 -25 -2 28 -28 -30
right_child=7 -3 3 6 5 -7 -8 15 -10 -11 -12 14 -14 -15 -16 -17 -18 -19 -20 20 -22 22 -24 25 -26 -27 27 -29 29 -31
leaf_value=-0.00017042578700444489 -0.00014639879995244424 -0.00052957200827613625 -0.00034427892594993711 -0.00018236054111146554 -0.00020956729200058389 6.5485823794038912e-05 -8.5990246878550272e-05 -0.0014723728949707082 9.7751124522556945e-05 -6.3399138519224662e-05 -0.00032714698173441951 -0.00034980114845065287 -0.0002371635285555245 -0.00037823928520503444 0.00013888118081044795 0.005721164476763985 -0.00021955204585335535 -0.00015008713222897758 -0.00016713549032480615 0.0051886037140603525 0.00020343159934161221 0.012965421344152572 -2.3332288375677026e-05 0.00099131965652053395 -0.0018332736526388907 -0.00080309932379352968 -0.00065346238387718682 -4.6256220205342403e-05 -0.00036966533964175979 -0.00036134154436930359
leaf_weight=1380 24800 1641 2094 1039 2276 319 539 3929 488 1428 1099 236 2321 3209 75 1743 1582 2385 742 4135 9638 1631 3649 6856 1996 7016 1278 3746 95 3176
leaf_count=1380 24800 1641 2094 1039 2276 319 539 3929 488 1428 1099 236 2321 3209 75 1743 1582 2385 742 4135 9638 1631 3649 6856 1996 7016 1278 3746 95 3176
internal_value=-0.00359303 -0.0143362 -0.0135183 -0.017044 -0.0104485 -0.012169 -0.0119778 -0.000261237 -0.00625 -0.00774573 -0.0194287 -0.0205379 -0.0128755 -0.0211625 -0.00988746 0.000447737 -0.0137448 -0.0114797 -0.0133698 0.000267696 0.00131235 -0.000306057 0.0020928 -0.00094585 -0.00304219 -5.04614e-05 -0.00113084 -0.00252863 -0.00436909 -0.00228523
internal_weight=96541 22853 21212 9873 11339 8043 3160 73688 3296 2808 6713 5614 7724 5303 311 40593 2621 5403 3018 38850 13773 25077 5280 19797 5925 13872 33095 8295 4549 3271
internal_count=96541 22853 21212 9873 11339 8043 3160 73688 3296 2808 6713 5614 7724 5303 311 40593 2621 5403 3018 38850 13773 25077 5280 19797 5925 13872 33095 8295 4549 3271
is_linear=0
shrinkage=0.05


Tree=97
num_leaves=31
num_cat=0
split_feature=12 6 1 1 8 12 4 2 4 1 2 2 12 4 3 8 4 3 2 12 3 2 2 4 2 4 8 12 2 1
split_gain=1339.83 83.7854 88.7445 43.2836 29.8482 27.5654 19.473 18.9743 17.5415 15.9874 16.7334 14.7167 14.8795 14.0326 18.5016 16.2934 12.945 20.6085 11.7355 11.1867 11.0461 29.4683 10.523 53.1531 26.0388 45.5199 15.9238 12.4674 10.2983 39.161
threshold=0.032781885571144261 1.0000000180025095e-35 3.5000000000000004 5.5000000000000009 1.0000000180025095e-35 0.024869040299849248 3.5000000000000004 7.5000000000000009 2.5000000000000004 1.5000000000000002 4.5000000000000009 21.500000000000004 0.15853286013538914 1.0000000180025095e-35 1.0000000180025095e-35 1.5000000000000002 1.0000000180025095e-35 1.0000000180025095e-35 9.5000000000000018 0.026997949692522578 1.0000000180025095e-35 26.500000000000004 10.500000000000002 4.5000000000000009 8.5000000000000018 6.5000000000000009 1.0000000180025095e-35 4.0035509476549178 3.5000000000000004 3.5000000000000004
decision_type=2 2 2 2 2 2 2 2 2 2 2 2 2 2 2 2 2 2 2 2 2 2 2 2 2 2 2 2 2 2
left_child=1 2 4 6 16 13 -4 -8 -5 10 -2 22 -13 -6 -15 -16 -1 -18 -10 -9 21 -12 23 -11 25 26 -25 -24 29 -27
right_child=9 -3 3 8 5 -7 7 19 18 11 20 12 -14 14 15 -17 17 -19 -20 -21 -22 -23 27 24 -26 28 -28 -29 -30 -31
leaf_value=8.0176577868880391e-05 -0.0018785048061592813 -0.00050263901557817453 -0.00030479818930320669 -9.7951794325472352e-05 -0.00014117185847584631 -4.9370818926134861e-05 -0.00032031774124593256 -0.00035729711814352639 -0.00018264443349630139 -0.0017942280922597616 0.00048149894606500934 -0.00035498569460685905 -0.00056563708578198375 -0.00021377827422244854 -0.00022048104793916616 -0.00013056065344497762 -0.00015820926410581678 -6.3420737694407092e-05 -0.00021292363087146421 -3.7297491903514475e-05 0.0013662895118639929 -0.0012455397157807926 0.00036438973323300839 -0.0021351615285153803 0.0012593130858378461 0.0017274417434749072 -0.0010306223391448935 0.03533746690327657 0.00076360619331404956 -0.0011310971330647859
leaf_weight=463 1771 1650 1119 549 1079 631 2224 3329 1023 3516 10473 788 11563 3198 1514 1684 1428 1429 1570 65 7024 1822 12086 970 3480 3565 2516 232 7061 7107
leaf_count=463 1771 1650 1119 549 1079 631 2224 3329 1023 3516 10473 788 11563 3198 1514 1684 1428 1429 1570 65 7024 1822 12086 970 3480 3565 2516 232 7061 7107
internal_value=-0.00347136 -0.0140242 -0.0131835 -0.016654 -0.0101829 -0.0118184 -0.0189142 -0.0201139 -0.0118078 -0.000196691 0.000967283 -0.00066088 -0.00217189 -0.0126656 -0.0135553 -0.0108662 -0.00618976 -0.00744662 -0.0135268 -0.0224661 0.00139371 0.000490037 -0.000200454 -0.000732766 8.60359e-05 -0.000571422 -0.00579461 0.00101883 0.000455366 -0.000524738
internal_weight=96929 22955 21305 9879 11426 8106 6737 5618 3142 73974 21090 52884 12351 7475 6396 3198 3320 2857 2593 3394 19319 12295 40533 28215 24699 21219 3486 12318 17733 10672
internal_count=96929 22955 21305 9879 11426 8106 6737 5618 3142 73974 21090 52884 12351 7475 6396 3198 3320 2857 2593 3394 19319 12295 40533 28215 24699 21219 3486 12318 17733 10672
is_linear=0
shrinkage=0.05


Tree=98
num_leaves=31
num_cat=0
split_feature=12 6 1 1 7 8 4 4 2 14 14 11 2 12 12 8 6 1 8 12 2 8 0 13 8 0 14 12 0 0
split_gain=1261.74 88.9046 84.8872 47.5406 30.0501 34.9108 17.6688 16.376 16.0771 16.0567 15.9805 13.8314 13.4121 11.5883 10.3594 10.2661 9.33133 9.10532 8.62287 8.61364 8.02024 7.8891 14.9369 7.71175 13.7002 10.5256 8.03204 8.79756 8.76028 7.62366
threshold=0.032781885571144261 1.0000000180025095e-35 3.5000000000000004 5.5000000000000009 1.0000000180025095e-35 1.0000000180025095e-35 3.5000000000000004 2.5000000000000004 7.5000000000000009 1.7560480992863496 0.14025677994862054 0.024057643094045584 9.5000000000000018 0.026184248440403405 0.017273622618214992 1.0000000180025095e-35 1.0000000180025095e-35 3.5000000000000004 1.0000000180025095e-35 3.3051653086412491 2.5000000000000004 3.5000000000000004 3.5000000000000004 0.089893813027290118 3.5000000000000004 19.500000000000004 0.75473980904493376 0.24533744914098818 22.500000000000004 4.5000000000000009
decision_type=2 2 2 2 2 2 2 2 2 2 2 2 2 2 2 2 2 2 2 2 2 2 2 2 2 2 2 2 2 2
left_child=1 2 4 6 5 11 -4 -5 14 23 21 -1 15 -10 18 -9 17 19 -8 -11 -19 -7 -23 24 -2 -25 -27 28 -28 -26
right_child=9 -3 3 7 -6 10 8 12 13 16 -12 -13 -14 -15 -16 -17 -18 20 -20 -21 -22 22 -24 25 29 26 27 -29 -30 -31
leaf_value=-6.9937168833708249e-05 -0.00028225948285682607 -0.00047734819005100325 -0.00029997201041865522 -8.1314153610159533e-05 8.2882511273915142e-05 -0.00016548961916571956 -0.00016199390308055603 -7.7130102233690167e-06 -0.00033837536145337209 0.0015205995024855702 -0.00021577131796780228 -0.00015495865133231969 -0.00020429379173658117 -3.1271950992629344e-05 -0.00024344119976888614 -0.0001934563291659152 -0.0011474097494563269 -0.0085847331405878753 -0.00036696420152855638 0.012870494274554001 0.00035925550392744703 -0.00010974984722547541 0.00058280635128630999 -5.6402251679982254e-05 -4.1162193023682253e-05 -0.00059934312459072609 0.0017129910610462276 -0.00076401001266734327 0.00011282321367034887 0.00037398401292075881
leaf_weight=2141 4877 1648 1128 560 330 4146 294 278 3261 9638 3112 1230 1587 72 719 768 1814 579 1262 2145 6024 474 54 38488 350 1365 184 6528 1363 506
leaf_count=2141 4877 1648 1128 560 330 4146 294 278 3261 9638 3112 1230 1587 72 719 768 1814 579 1262 2145 6024 474 54 38488 350 1365 184 6528 1363 506
internal_value=-0.0034488 -0.0136576 -0.0127965 -0.0161824 -0.00986985 -0.0103097 -0.0185644 -0.0111572 -0.0197129 -0.000260963 -0.01215 -0.00605903 -0.0128086 -0.0219247 -0.0164725 -0.008413 0.000940594 0.00127815 -0.0187661 0.00211109 -0.000208239 -0.0103017 -0.00454545 -0.000713274 -0.00244636 -0.000505967 -0.00200212 -0.00140248 0.00198772 0.00338785
internal_weight=96925 23064 21416 9929 11487 11157 6736 3193 5608 73861 7786 3371 2633 3333 2275 1046 20200 18386 1556 11783 6603 4674 528 53661 5733 47928 9440 8075 1547 856
internal_count=96925 23064 21416 9929 11487 11157 6736 3193 5608 73861 7786 3371 2633 3333 2275 1046 20200 18386 1556 11783 6603 4674 528 53661 5733 47928 9440 8075 1547 856
is_linear=0
shrinkage=0.05


Tree=99
num_leaves=31
num_cat=0
split_feature=12 6 1 1 8 7 5 2 0 14 5 8 8 0 2 2 5 8 12 3 5 12 8 0 3 8 8 8 6 12
split_gain=1210.22 90.3445 88.3415 47.3607 29.1643 32.9008 20.6371 19.5743 16.5569 15.7407 14.7281 14.4117 18.7516 11.9653 11.7983 14.0297 10.437 10.2162 11.6547 9.72161 13.8104 17.0847 14.0235 10.1771 9.37722 9.01918 11.4298 9.01213 8.80572 8.20668
threshold=0.03057491011296894 1.0000000180025095e-35 3.5000000000000004 5.5000000000000009 1.0000000180025095e-35 1.0000000180025095e-35 1.0000000180025095e-35 7.5000000000000009 4.5000000000000009 1.2443660819559548 1.0000000180025095e-35 1.5000000000000002 2.5000000000000004 3.5000000000000004 14.500000000000002 5.5000000000000009 1.0000000180025095e-35 1.0000000180025095e-35 0.01997300820677354 1.0000000180025095e-35 1.0000000180025095e-35 3.2481109671717454 1.0000000180025095e-35 19.500000000000004 1.0000000180025095e-35 1.0000000180025095e-35 1.5000000000000002 2.5000000000000004 1.0000000180025095e-35 0.026997949692522578
decision_type=2 2 2 2 2 2 2 2 2 2 2 2 2 2 2 2 2 2 2 2 2 2 2 2 2 2 2 2 2 2
left_child=1 2 4 6 14 8 7 17 11 13 -5 16 -13 -2 15 -1 -6 -4 -19 20 22 -22 23 -11 -14 -21 -27 -24 -15 -9
right_child=9 -3 3 10 5 -7 -8 29 -10 19 -12 12 24 28 -16 -17 -18 18 -20 25 21 -23 27 -25 -26 26 -28 -29 -30 -31
leaf_value=-4.2061679187989022e-05 -0.00019158402848751325 -0.00045315479902088634 -0.00017266814825776019 -0.00018378241467538367 -0.00022188488891865168 0.00010141805084150288 -0.0002798519493261038 -0.00032503873939944698 -9.4236240781576084e-05 -0.0014326571887081974 -9.6387318294482307e-05 -1.0957048381955367e-05 -0.00020168535822442035 -0.00013577155448982471 -4.183516519927003e-05 -0.00014827555606984128 -0.00013603528912502181 -0.0003439837794339382 -9.6453585578160268e-05 0.0047248836623000785 0.002009238787825174 0.039300806444500583 0.0010891718572643761 -0.0016758531133040531 -0.00014107820547827089 -0.001227496364713615 0.0022347994881751765 -0.00060775456828552699 -0.00040133962379119845 -4.0636968727636447e-05
leaf_weight=613 500 1613 643 2516 2583 249 1128 3305 1101 3914 542 415 1810 31043 1335 1288 449 1403 165 4189 5059 484 6799 2006 1349 4302 6111 7970 2033 46
leaf_count=613 500 1613 643 2516 2583 249 1128 3305 1101 3914 542 415 1810 31043 1335 1288 449 1403 165 4189 5059 484 6799 2006 1349 4302 6111 7970 2033 46
internal_value=-0.00329636 -0.0134428 -0.0125645 -0.0160443 -0.0095336 -0.0111614 -0.0184006 -0.0196512 -0.0117393 -0.000221072 -0.0108895 -0.0126854 -0.0105344 -0.00102305 -0.00553152 -0.00806155 -0.015221 -0.0159995 -0.018176 0.00043836 -0.000137237 0.0020792 -0.000731065 -0.00278716 -0.0118471 0.0014724 0.000684241 9.31004e-05 -0.000907002 -0.0220606
internal_weight=96963 22553 20940 9748 11192 7956 6690 5562 7707 74410 3058 6606 3574 33576 3236 1901 3032 2211 1568 40834 26232 5543 20689 5920 3159 14602 10413 14769 33076 3351
internal_count=96963 22553 20940 9748 11192 7956 6690 5562 7707 74410 3058 6606 3574 33576 3236 1901 3032 2211 1568 40834 26232 5543 20689 5920 3159 14602 10413 14769 33076 3351
is_linear=0
shrinkage=0.05


Tree=100
num_leaves=31
num_cat=0
split_feature=12 6 1 1 7 4 4 3 2 4 14 2 14 12 12 0 14 0 11 0 0 0 12 12 7 11 6 12 2 12
split_gain=1132.79 102.638 84.5516 51.357 26.105 19.9529 18.6711 30.5158 17.2918 16.6343 15.1359 12.4504 12.0406 10.0576 9.17902 7.98225 8.86533 12.0594 8.88014 7.79716 8.93156 8.27319 12.0374 11.6489 8.82508 7.74313 6.80951 6.62668 6.28198 6.25603
threshold=0.032781885571144261 1.0000000180025095e-35 3.5000000000000004 5.5000000000000009 1.0000000180025095e-35 3.5000000000000004 1.0000000180025095e-35 1.0000000180025095e-35 7.5000000000000009 2.5000000000000004 1.2443660819559548 9.5000000000000018 0.26983293981221812 0.027951857891066644 0.019061265577988297 13.500000000000002 0.084109403795395443 6.5000000000000009 2.3038583728215074 19.500000000000004 17.500000000000004 13.500000000000002 0.84777217278175254 0.92440733752962223 1.0000000180025095e-35 5.2271684412942863 1.0000000180025095e-35 0.28214596688078336 15.500000000000002 0.017094184078422146
decision_type=2 2 2 2 2 2 2 2 2 2 2 2 2 2 2 2 2 2 2 2 2 2 2 2 2 2 2 2 2 2
left_child=1 2 4 5 6 -4 28 29 14 -5 15 -11 -9 -10 -7 16 17 -2 -18 20 21 23 -23 27 -25 -24 -19 -12 -1 -8
right_child=10 -3 3 9 -6 8 7 12 13 11 19 -13 -14 -15 -16 -17 18 26 -20 -21 -22 22 25 24 -26 -27 -28 -29 -30 -31
leaf_value=-0.00018002457551887213 -1.6027107912893954e-05 -0.00043183946525468672 -0.00026457148669849738 -5.9182502992738765e-05 7.3665193959580365e-05 -0.00029169736963796758 -0.00020180036578608084 -9.9366908147502901e-05 -0.00030520465641073106 -0.00013733572751245868 0.00073584072983363079 -0.00018250504122100126 -0.00018645007702825807 1.3495022188842777e-05 -0.00020977168885826056 -0.00055713512413861979 8.7485667522746449e-05 -0.00048428436441809306 -0.0025405322524525101 -0.00030243559354268954 0.0038031830647206836 0.0045225195851822941 -0.00058503415012411129 0.0019835163284213585 0.025769882806060487 -0.011070699249971351 -0.00071322678733758279 -0.0018430070903900642 -5.2037378418396624e-05 -0.00015255425569168205
leaf_weight=532 3199 1689 1129 575 332 1773 1442 3426 3331 1053 144 1572 1306 50 484 8718 17397 1919 1849 12095 7804 447 11124 7792 470 306 139 675 1058 3190
leaf_count=532 3199 1689 1129 575 332 1773 1442 3426 3331 1053 144 1572 1306 50 484 8718 17397 1919 1849 12095 7804 447 11124 7792 470 306 139 675 1058 3190
internal_value=-0.00319161 -0.0128999 -0.0119571 -0.015313 -0.00899344 -0.0177811 -0.00941209 -0.0102627 -0.0189961 -0.0100938 -0.00018494 -0.011781 -0.00743872 -0.0212585 -0.015607 -0.000977544 -0.000515243 -0.00233498 -1.81856e-05 0.00045953 0.000907447 0.000369787 -0.000498863 0.00150589 0.00206972 -0.000813648 -0.0053207 -0.00418193 -0.00440252 -0.0131477
internal_weight=97020 22942 21253 9967 11286 6767 10954 9364 5638 3200 74078 2625 4732 3381 2257 33221 24503 5257 19246 40857 28762 20958 11877 9081 8262 11430 2058 819 1590 4632
internal_count=97020 22942 21253 9967 11286 6767 10954 9364 5638 3200 74078 2625 4732 3381 2257 33221 24503 5257 19246 40857 28762 20958 11877 9081 8262 11430 2058 819 1590 4632
is_linear=0
shrinkage=0.05


Tree=101
num_leaves=31
num_cat=0
split_feature=12 6 12 4 3 4 3 8 6 8 8 12 13 8 12 12 0 7 8 0 14 12 2 11 8 7 0 0 13 13
split_gain=1079.54 98.3715 60.887 32.8038 48.068 31.2256 29.8749 13.3539 13.1737 12.572 13.5599 11.9055 11.7864 10.7355 9.42824 15.2462 9.07535 10.6784 8.85013 12.3449 9.04348 8.66185 8.5508 8.16202 7.37031 7.43248 7.27408 7.86134 8.61835 7.66094
threshold=0.03057491011296894 1.0000000180025095e-35 0.016909315208142959 1.0000000180025095e-35 1.0000000180025095e-35 1.5000000000000002 1.0000000180025095e-35 1.0000000180025095e-35 1.0000000180025095e-35 1.0000000180025095e-35 1.5000000000000002 0.16296266310720589 1.4821797522496689 1.5000000000000002 0.27153305017447688 0.46109249075020248 19.500000000000004 1.0000000180025095e-35 1.0000000180025095e-35 17.500000000000004 2.8590536614180526 0.023429542018370841 18.500000000000004 4.9651627472506323 2.5000000000000004 1.0000000180025095e-35 3.5000000000000004 13.500000000000002 0.58483841278464799 0.081870316554649922
decision_type=2 2 2 2 2 2 2 2 2 2 2 2 2 2 2 2 2 2 2 2 2 2 2 2 2 2 2 2 2 2
left_child=1 2 5 -4 21 22 -7 -6 12 -8 -11 -10 26 -9 -13 -16 17 18 19 23 -20 -5 -1 -14 -15 -26 -2 29 -29 -28
right_child=8 -3 3 4 7 6 9 13 11 10 -12 14 16 24 15 -17 -18 -19 20 -21 -22 -23 -24 -25 25 -27 27 28 -30 -31
leaf_value=-0.0002089093993105638 -0.00014243888372697983 -0.0004090568192092706 -6.8970130100460758e-05 -0.00018897529998133326 -7.0660379729082032e-05 -0.00026128042499443447 -9.2929571907846619e-05 -0.00019443054576247302 -0.00041714446975772755 -0.00026200304352109056 -0.00018031294337756272 0.00025281700614039599 0.0024506598123387293 1.2523672121019826e-05 -0.0014998270667438641 -0.00069194775209222579 -0.00039705654442444564 0.014474758613967588 0.00011659026437847443 0.013924135968107144 0.016881924704235107 -0.00014213669418535225 -3.8595034304052084e-05 -0.01039691420418163 -0.00015672527426888435 1.891713883283991e-05 -0.0001272434937553496 -0.00083626131337237182 -0.00044206533001082265 0.00017798642163419643
leaf_weight=1460 452 1592 1626 4441 1890 3515 390 1054 452 1548 1293 506 3053 307 391 3939 7793 1113 10968 1926 264 1480 402 265 1348 163 4811 1695 15172 21301
leaf_count=1460 452 1592 1626 4441 1890 3515 390 1054 452 1548 1293 506 3053 307 391 3939 7793 1113 10968 1926 264 1480 402 265 1348 163 4811 1695 15172 21301
internal_value=-0.00314615 -0.012736 -0.0118241 -0.0095682 -0.0105752 -0.01505 -0.0166321 -0.00683536 -0.000233128 -0.0131616 -0.0143171 -0.00263805 -4.83194e-05 -0.00898329 -0.00191274 -0.00266744 0.000807659 0.00143698 0.00111678 0.00281274 0.000324964 -0.013583 -0.00931794 0.000964436 -0.00665567 -0.00809067 -0.000548571 -0.000482212 -0.00132359 6.12745e-05
internal_weight=96610 22509 20917 12309 10683 8608 6746 4762 74101 3231 2841 5288 68813 2872 4836 4330 25382 17589 16476 5244 11232 5921 1862 3318 1818 1511 43431 42979 16867 26112
internal_count=96610 22509 20917 12309 10683 8608 6746 4762 74101 3231 2841 5288 68813 2872 4836 4330 25382 17589 16476 5244 11232 5921 1862 3318 1818 1511 43431 42979 16867 26112
is_linear=0
shrinkage=0.05


Tree=102
num_leaves=31
num_cat=0
split_feature=12 6 1 1 8 7 4 2 6 1 2 2 2 1 2 2 2 2 4 2 1 2 8 2 8 12 12 8 4 8
split_gain=996.558 103.948 89.6279 46.8443 25.5422 24.3355 20.1402 18.2435 13.6071 16.7825 27.1327 17.4514 50.7822 19.0785 15.4021 14.7348 14.2721 13.877 15.6824 24.3018 12.5421 25.5551 24.7371 19.4618 11.7344 11.3282 12.3856 10.8021 10.4064 10.2794
threshold=0.03057491011296894 1.0000000180025095e-35 3.5000000000000004 5.5000000000000009 1.0000000180025095e-35 1.0000000180025095e-35 3.5000000000000004 7.5000000000000009 1.0000000180025095e-35 3.5000000000000004 2.5000000000000004 7.5000000000000009 9.5000000000000018 5.5000000000000009 3.5000000000000004 4.5000000000000009 4.5000000000000009 23.500000000000004 3.5000000000000004 11.500000000000002 1.5000000000000002 7.5000000000000009 1.0000000180025095e-35 14.500000000000002 1.0000000180025095e-35 0.16712540254139388 0.24533744914098818 1.0000000180025095e-35 2.5000000000000004 1.5000000000000002
decision_type=2 2 2 2 2 2 2 2 2 2 2 2 2 2 2 2 2 2 2 2 2 2 2 2 2 2 2 2 2 2
left_child=1 2 4 6 -1 -6 -4 -8 9 14 -11 13 -13 -12 27 -16 -15 18 19 -14 -17 22 -22 -23 -19 -10 -27 -2 -5 -21
right_child=8 -3 3 28 5 -7 7 -9 25 10 11 12 17 16 15 20 -18 24 -20 29 21 23 -24 -25 -26 26 -28 -29 -30 -31
leaf_value=-7.6388458659362038e-05 0.0040342539785226342 -0.000388603978248807 -0.0002448740138676823 -8.9827820426173144e-05 -0.00014502863931969032 0.00010069824546274547 -0.00026188595888539801 -0.00027828558184105257 -0.00039945118564080708 -0.0021271634115960446 0.0021076873162427334 -0.0015886460034658914 -0.0015551048708725449 -0.0016629601044451771 -0.0017814073938116515 0.00052381039422502577 0.0013553560067300907 -0.00083614225708307792 0.001031678375374922 0.001628518644985668 -0.0020843405438860652 0.0011066220247302806 -0.00046433380316741294 -0.0002773366222827957 -0.00019465408911130619 0.0003727902334912435 -0.00085988810464390645 0.00073228573693759347 -0.00015038465475713874 -0.00040011879586321911
leaf_weight=3219 981 1612 1106 547 7716 246 2254 3369 470 3517 3488 3519 1792 1855 1803 17669 1723 1529 3513 4068 1013 3523 2524 7113 3804 384 4547 2577 2490 3009
leaf_count=3219 981 1612 1106 547 7716 246 2254 3369 470 3517 3488 3519 1792 1855 1803 17669 1723 1529 3513 4068 1013 3523 2524 7113 3804 384 4547 2577 2490 3009
internal_value=-0.003063 -0.0122689 -0.0113274 -0.014827 -0.00827073 -0.00979025 -0.0171534 -0.0183665 -0.000272437 -8.33092e-05 -0.000926392 -0.000411661 -0.00112791 0.00174073 0.000637717 0.000306881 -0.000824483 -3.81033e-05 0.00088031 -0.000239599 0.00055587 -0.000552106 -0.00423381 0.000672245 -0.00217045 -0.00268932 -0.00198236 0.00376616 -0.00967237 0.00107743
internal_weight=96980 22559 20947 9766 11181 7962 6729 5623 74421 69020 31817 28300 21234 7066 37203 33645 3578 17715 12382 8869 31842 14173 3537 10636 5333 5401 4931 3558 3037 7077
internal_count=96980 22559 20947 9766 11181 7962 6729 5623 74421 69020 31817 28300 21234 7066 37203 33645 3578 17715 12382 8869 31842 14173 3537 10636 5333 5401 4931 3558 3037 7077
is_linear=0
shrinkage=0.05


Tree=103
num_leaves=31
num_cat=0
split_feature=12 6 1 1 4 4 3 2 4 3 2 2 1 2 1 12 11 11 12 12 12 11 2 12 12 2 2 1 1 2
split_gain=951.176 107.37 82.5143 50.2345 21.806 18.5877 29.6492 16.1078 12.7035 12.1112 26.7407 18.6269 38.853 23.8199 34.9161 18.2049 11.3479 9.57875 9.56695 9.27708 8.95791 8.55275 8.40421 8.21194 7.46422 11.7545 7.1395 16.6012 6.8712 12.5776
threshold=0.03057491011296894 1.0000000180025095e-35 3.5000000000000004 5.5000000000000009 3.5000000000000004 1.0000000180025095e-35 1.0000000180025095e-35 7.5000000000000009 2.5000000000000004 1.0000000180025095e-35 21.500000000000004 10.500000000000002 4.5000000000000009 8.5000000000000018 2.5000000000000004 0.15853286013538914 1.8389232171010292 0.34008232953560641 0.017094184078422146 3.5351141344718853 0.68367058472598952 4.7289472569738589 9.5000000000000018 0.026184248440403405 0.015029169175175128 2.5000000000000004 6.5000000000000009 1.5000000000000002 3.5000000000000004 2.5000000000000004
decision_type=2 2 2 2 2 2 2 2 2 2 2 2 2 2 2 2 2 2 2 2 2 2 2 2 2 2 2 2 2 2
left_child=1 2 5 4 -4 -1 -7 24 -5 10 11 12 13 14 26 -12 -11 -17 -8 -13 -19 -22 -10 -9 -6 -26 27 -2 -18 -30
right_child=9 -3 3 8 7 6 18 23 22 16 15 19 -14 -15 -16 17 28 20 -20 -21 21 -23 -24 -25 25 -27 -28 -29 29 -31
leaf_value=-6.3359902778483819e-05 0.00074115921532724727 -0.00036938405356239275 -0.00022834487891333372 -5.1792245145439872e-05 -0.00027094264641631195 -0.0001412607514578869 -0.00013594396629506037 -0.00026500719074042816 -0.00012042494011659573 2.2844766180063483e-05 -0.00030272681417930613 0.00027202541029398706 -0.0015559886244614241 0.00096046455719548958 -0.0013965167486541643 0.00022310668269747563 0.0086940961650902714 -0.00080444414421688428 -7.7865374062194645e-05 0.017099600432514041 -0.00064342607698739682 -0.0061818228687795492 -0.00015637398630630184 -4.5488537865349958e-05 -0.00026429520916154605 -6.1910010272356582e-05 0.00073991353281367765 -0.0010977804074893559 -0.017439743249895924 0.0044065111270701566
leaf_weight=1600 1777 1610 1142 544 1092 4827 1622 3302 1021 20805 841 18634 3531 3519 3569 659 3504 1870 3165 637 5971 1408 1516 61 789 330 3514 1779 433 1823
leaf_count=1600 1777 1610 1142 544 1092 4827 1622 3302 1021 20805 841 18634 3531 3519 3569 659 3504 1870 3165 637 5971 1408 1516 61 789 330 3514 1779 433 1823
internal_value=-0.0029581 -0.0119347 -0.0109812 -0.0143335 -0.0167585 -0.00805243 -0.00888288 -0.0180481 -0.00904739 -0.00022417 -0.000700602 -6.22294e-05 -0.00123382 -6.35683e-05 -0.00124307 -0.00289562 0.00063147 -0.00229612 -0.00609463 0.00101318 -0.0027111 -0.00192777 -0.0105341 -0.0202275 -0.0147332 -0.0118633 0.000792079 -0.000787402 0.00259549 0.000443262
internal_weight=96895 22621 21011 9797 6716 11214 9614 5574 3081 74274 47709 36960 17689 14158 10639 10749 26565 9908 4787 19271 9249 7379 2537 3363 2211 1119 7070 3556 5760 2256
internal_count=96895 22621 21011 9797 6716 11214 9614 5574 3081 74274 47709 36960 17689 14158 10639 10749 26565 9908 4787 19271 9249 7379 2537 3363 2211 1119 7070 3556 5760 2256
is_linear=0
shrinkage=0.05


Tree=104
num_leaves=31
num_cat=0
split_feature=11 6 1 1 0 8 7 4 2 14 8 4 2 1 2 4 3 8 2 8 11 8 13 0 14 0 8 7 8 11
split_gain=817.231 117.365 86.0245 53.9927 27.1462 22.0032 24.6102 21.7885 23.3282 13.2548 15.8741 11.6821 11.8838 10.7483 16.1754 11.1844 10.5115 12.0747 11.206 9.45808 13.1313 9.02344 8.98673 8.82851 10.1085 8.19685 6.90529 6.76136 6.71155 6.63334
threshold=0.05686833674621037 1.0000000180025095e-35 3.5000000000000004 5.5000000000000009 4.5000000000000009 1.0000000180025095e-35 1.0000000180025095e-35 3.5000000000000004 7.5000000000000009 0.12932958133920672 3.5000000000000004 2.5000000000000004 9.5000000000000018 1.5000000000000002 4.5000000000000009 1.0000000180025095e-35 1.0000000180025095e-35 1.0000000180025095e-35 26.500000000000004 1.0000000180025095e-35 0.019209702183648973 1.0000000180025095e-35 1.0981430099910972 5.5000000000000009 0.063416445188203399 4.5000000000000009 1.5000000000000002 1.0000000180025095e-35 1.0000000180025095e-35 0.01808688749298536
decision_type=2 2 2 2 2 2 2 2 2 2 2 2 2 2 2 2 2 2 2 2 2 2 2 2 2 2 2 2 2 2
left_child=1 2 5 7 -2 -1 9 29 19 10 25 -5 -13 14 -6 21 18 -18 -17 -9 26 -16 23 -15 -25 -7 -21 -10 -20 -4
right_child=4 -3 3 11 13 6 -8 8 27 -11 -12 12 -14 22 15 16 17 -19 28 20 -22 -23 -24 24 -26 -27 -28 -29 -30 -31
leaf_value=-6.229823723236661e-05 -0.00028822250183489182 -0.00034980708670446099 -0.0002268730473546579 -4.5575310249249343e-05 -0.0021361791129155413 -0.00014477989259601491 5.7103240943741452e-05 -0.0001259605856482069 -0.0002543399388125949 -0.00016078373957276635 -4.4510099410720315e-06 -0.00010294846998237534 -0.00014131751711246484 0.00027918134684357701 0.0094913150999485982 0.00015471866387236911 0.0026911867380987886 0.00062364558808337695 -0.0021251796514412378 -0.00030806442557417219 -5.214164506632093e-05 0.0024208026135180472 2.419288384392371e-05 -0.00067003348908575985 -0.00029746332016935553 -7.4233540010101677e-05 -0.00022788173657377976 -0.00013669565626241287 -0.00061229676273547311 2.4378538915587665e-05
leaf_weight=3415 248 1623 1033 568 1740 2915 442 680 3256 3179 703 1134 1651 339 492 8745 1951 4989 503 668 146 1244 29332 952 21333 1146 810 127 1242 136
leaf_count=3415 248 1623 1033 568 1740 2915 442 680 3256 3179 703 1134 1651 339 492 8745 1951 4989 503 668 146 1244 29332 952 21333 1146 810 127 1242 136
internal_value=-0.00283228 -0.0109153 -0.00995843 -0.0133191 -0.000219532 -0.00705085 -0.00842874 -0.015862 -0.01714 -0.00906773 -0.00739924 -0.00811959 -0.00945242 -0.000163322 0.00079403 0.00121309 0.000831899 0.0023415 -0.000166826 -0.0132595 -0.0153325 0.00504032 -0.000548541 -0.00129729 -0.00141912 -0.0086001 -0.0167456 -0.0197827 -0.00382521 -0.009645
internal_weight=96742 23632 22009 10209 73110 11800 8385 6856 5687 7943 4764 3353 2785 72862 20906 19166 17430 6940 10490 2304 1624 1736 51956 22624 22285 4061 1478 3383 1745 1169
internal_count=96742 23632 22009 10209 73110 11800 8385 6856 5687 7943 4764 3353 2785 72862 20906 19166 17430 6940 10490 2304 1624 1736 51956 22624 22285 4061 1478 3383 1745 1169
is_linear=0
shrinkage=0.05


Tree=105
num_leaves=31
num_cat=0
split_feature=12 6 1 1 8 7 4 3 4 14 14 12 7 8 8 1 6 7 8 4 12 12 8 0 0 3 3 8 4 8
split_gain=832.552 119.713 81.1869 48.0519 19.4897 20.3057 18.8456 19.1862 13.2106 11.9218 10.5915 10.3301 8.80925 8.03014 9.56173 7.70558 7.71769 7.75455 7.58732 7.447 7.76907 7.21102 6.98928 8.3332 7.52201 6.64234 6.55068 6.50394 6.40007 6.22343
threshold=0.032781885571144261 1.0000000180025095e-35 3.5000000000000004 5.5000000000000009 1.0000000180025095e-35 1.0000000180025095e-35 3.5000000000000004 1.0000000180025095e-35 2.5000000000000004 0.14025677994862054 1.3590842466151341 0.024869040299849248 1.0000000180025095e-35 1.0000000180025095e-35 1.5000000000000002 3.5000000000000004 1.0000000180025095e-35 1.0000000180025095e-35 2.5000000000000004 2.5000000000000004 3.5351141344718853 0.02022941081225382 3.5000000000000004 4.5000000000000009 3.5000000000000004 1.0000000180025095e-35 1.0000000180025095e-35 3.5000000000000004 5.5000000000000009 1.0000000180025095e-35
decision_type=2 2 2 2 2 2 2 2 2 2 2 2 2 2 2 2 2 2 2 2 2 2 2 2 2 2 2 2 2 2
left_child=1 2 4 6 21 9 -4 11 -5 22 -2 12 -8 -9 -15 16 17 18 -12 20 -17 -1 23 -6 -24 -10 -23 -13 -20 -27
right_child=10 -3 3 8 5 -7 7 13 25 -11 15 27 -14 14 -16 19 -18 -19 28 -21 -22 26 24 -25 -26 29 -28 -29 -30 -31
leaf_value=-6.0740096888138244e-06 -0.00015585071409954105 -0.00033400883881547693 -0.00021395886441748113 -3.923902867238472e-05 -0.00013564701495523551 6.5400679837703335e-05 -0.00024422531772236891 -0.00011562618400707913 -0.00013840099993310504 -0.00015383692514159188 0.0018860330449511353 -0.00020593753354096312 -0.00011708288888843678 -0.00029838748771161551 -0.0001877958276154763 0.0030083865033835536 -0.00054669767790875849 0.0095839311540719466 -0.0029053065363914389 -0.00081717829303449847 0.076814710124256169 -0.00011197853677811492 -5.475383964221783e-05 -5.8769235667345196e-05 0.00052967132887535263 -1.3153022200373607e-05 -5.139206697603004e-05 9.9469140902355355e-05 0.00070423236122095229 -0.00013492619492479243
leaf_weight=1008 37786 1655 1128 552 3024 319 3153 662 1584 3142 11966 61 102 692 884 1977 2875 914 1604 11558 96 1306 488 1099 43 274 1001 43 5145 732
leaf_count=1008 37786 1655 1128 552 3024 319 3153 662 1584 3142 11966 61 102 692 884 1977 2875 914 1604 11558 96 1306 488 1099 43 274 1001 43 5145 732
internal_value=-0.00276109 -0.0110796 -0.010073 -0.0133957 -0.00720472 -0.00852434 -0.0157807 -0.0169689 -0.0082909 -0.00903027 -0.000178231 -0.0193584 -0.0198541 -0.0133825 -0.0153236 0.00043379 0.00100204 0.00135641 0.00113679 -0.000504365 0.00225519 -0.00397436 -0.00742372 -0.00811909 -0.00202448 -0.00978764 -0.00551582 -0.00384615 -0.000203734 -0.00661034
internal_weight=96873 22952 21297 9867 11430 8115 6725 5597 3142 7796 73921 3359 3255 2238 1576 36135 22504 19629 18715 13631 2073 3315 4654 4123 531 2590 2307 104 6749 1006
internal_count=96873 22952 21297 9867 11430 8115 6725 5597 3142 7796 73921 3359 3255 2238 1576 36135 22504 19629 18715 13631 2073 3315 4654 4123 531 2590 2307 104 6749 1006
is_linear=0
shrinkage=0.05


Tree=106
num_leaves=31
num_cat=0
split_feature=12 6 1 1 4 2 8 7 8 8 1 2 8 2 2 4 2 4 8 1 8 2 1 2 1 8 2 14 4 3
split_gain=794.921 115.16 77.9294 39.3897 21.0979 20.6349 20.4112 20.2556 10.7108 11.1221 10.2747 13.0456 12.7071 12.3412 11.4922 36.4373 20.2718 29.8046 14.2253 11.4698 12.7938 9.78801 33.1794 17.0632 14.6503 10.3751 10.3119 9.51286 9.26415 12.2295
threshold=0.03057491011296894 1.0000000180025095e-35 3.5000000000000004 5.5000000000000009 3.5000000000000004 7.5000000000000009 1.0000000180025095e-35 1.0000000180025095e-35 1.0000000180025095e-35 1.5000000000000002 1.5000000000000002 21.500000000000004 1.0000000180025095e-35 4.5000000000000009 10.500000000000002 4.5000000000000009 8.5000000000000018 6.5000000000000009 1.0000000180025095e-35 4.5000000000000009 1.0000000180025095e-35 3.5000000000000004 3.5000000000000004 2.5000000000000004 5.5000000000000009 1.0000000180025095e-35 4.5000000000000009 0.35208839802829789 1.0000000180025095e-35 1.0000000180025095e-35
decision_type=2 2 2 2 2 2 2 2 2 2 2 2 2 2 2 2 2 2 2 2 2 2 2 2 2 2 2 2 2 2
left_child=1 2 6 4 -4 8 -1 27 -6 -10 13 14 -13 -2 15 -12 17 18 -17 20 -16 22 25 -24 -25 -19 -23 -8 -15 -30
right_child=10 -3 3 -5 5 -7 7 -9 9 -11 11 12 -14 28 19 16 -18 21 -20 -21 -22 26 23 24 -26 -27 -28 -29 29 -31
leaf_value=-5.9357202413620053e-05 -0.0013067877026667009 -0.00031919593744050671 -0.00019503657710269576 -0.00012003509692876929 -0.00010147881076367728 -0.00022867241987240136 -0.00011015428814970183 0.00010118702507970392 -0.00028752791141023422 -0.00018696144195964187 -0.0014715382793454579 -0.00062267190010302064 -0.00022567482774332295 0.0038593246737849323 0.0023425975932188426 -0.0019184423704103383 0.00095964292544624343 0.0043779004787352109 -0.00076219834159766688 0.00099205055526548633 -0.0012872352898469844 0.0026630966621930922 -0.001984993807924574 0.001354388479093728 -0.0012656004223733865 0.00054635636865212891 0.00020045067415238907 -0.00015298519591241158 -6.1004361447788984e-05 0.0011160073962524803
leaf_weight=3269 1817 1583 1132 3040 658 3370 6019 265 675 888 3560 3614 8873 1750 1467 952 3568 976 2535 7080 3798 1766 3528 1729 1869 2545 5318 1666 10635 6937
leaf_count=3269 1817 1583 1132 3040 658 3370 6019 265 675 888 3560 3614 8873 1750 1467 952 3568 976 2535 7080 3798 1766 3528 1729 1869 2545 5318 1666 10635 6937
internal_value=-0.00263929 -0.0108586 -0.00987751 -0.013144 -0.0152796 -0.01654 -0.00703494 -0.00840252 -0.0127983 -0.0150512 -0.000143641 -0.00051431 -0.00192801 0.000788826 -8.04846e-05 -0.00063501 4.43799e-05 -0.000541993 -0.00476771 0.00119279 -0.000574549 0.000289042 -0.000669203 -0.00263121 -0.000208449 0.00330162 0.00172925 -0.00887118 0.0011593 0.000813795
internal_weight=96882 22565 20982 9763 6723 5591 11219 7950 2221 1563 74317 53178 12487 21139 40691 28346 24786 21218 3487 12345 5265 17731 10647 7126 3598 3521 7084 7685 19322 17572
internal_count=96882 22565 20982 9763 6723 5591 11219 7950 2221 1563 74317 53178 12487 21139 40691 28346 24786 21218 3487 12345 5265 17731 10647 7126 3598 3521 7084 7685 19322 17572
is_linear=0
shrinkage=0.05


Tree=107
num_leaves=31
num_cat=0
split_feature=12 6 1 1 4 2 4 3 14 4 8 8 3 2 4 8 8 12 8 12 12 12 0 14 0 12 12 14 12 6
split_gain=730.594 122.137 75.7874 39.242 23.7374 18.4996 14.3827 23.9552 10.9874 10.6101 9.5452 14.1864 8.18459 8.10861 7.95278 11.0576 12.9042 10.1289 7.81368 18.2774 15.3352 11.4909 7.95324 8.00244 9.84721 7.48016 7.39446 9.66383 14.6241 8.10078
threshold=0.03057491011296894 1.0000000180025095e-35 3.5000000000000004 5.5000000000000009 3.5000000000000004 7.5000000000000009 1.0000000180025095e-35 1.0000000180025095e-35 1.6952142143795002 2.5000000000000004 1.0000000180025095e-35 1.5000000000000002 1.0000000180025095e-35 9.5000000000000018 1.0000000180025095e-35 1.0000000180025095e-35 2.5000000000000004 3.5351141344718853 3.5000000000000004 0.23801269327374347 0.12254628433665732 1.2571163216650165 14.500000000000002 0.084109403795395443 6.5000000000000009 0.026184248440403405 0.21195280718300627 0.1935711841940839 0.3066224417723053 1.0000000180025095e-35
decision_type=2 2 2 2 2 2 2 2 2 2 2 2 2 2 2 2 2 2 2 2 2 2 2 2 2 2 2 2 2 2
left_child=1 2 6 4 -4 -6 -1 -8 18 -5 -9 -12 14 -11 17 -16 -17 -10 20 -20 -2 -21 23 24 -22 -7 -25 -28 -29 -30
right_child=8 -3 3 9 5 25 7 10 12 13 11 -13 -14 -15 15 16 -18 -19 19 21 22 -23 -24 26 -26 -27 27 28 29 -31
leaf_value=-4.75318419296605e-05 -0.00019591462734992564 -0.00029965649355643875 -0.0001745903247177487 -4.4818073892359188e-05 -0.00019682460170808108 -0.00021440264224230473 -0.0001180225342492661 -2.3809522356874754e-05 0.0031903694565331934 -9.7025756032837612e-05 -0.00013561611551558654 -5.5638555226143577e-05 0.0030753673393159628 -0.00013016638899187877 -0.0019797979443957003 0.0024533185555066063 -0.00089715632336125626 0.042878399545192375 0.00032461287158117513 -0.00074385734665869958 4.7488319050562056e-05 0.0019451068092612323 -0.00054024962201211231 0.00027745677350596298 -0.00049582802137652612 -7.3934744112881886e-06 -0.00053540966050566051 0.0045932071478999052 0.000351707306230159 -0.0011294616722945211
leaf_weight=1606 2195 1611 1119 536 2243 3333 4772 1368 2544 984 1557 1836 7986 1531 4104 3040 4552 285 1560 3237 1498 3255 14631 2285 1526 54 2741 115 17441 1304
leaf_count=1606 2195 1611 1119 536 2243 3333 4772 1368 2544 984 1557 1836 7986 1531 4104 3040 4552 285 1560 3237 1498 3255 14631 2285 1526 54 2741 115 17441 1304
internal_value=-0.00260947 -0.0104922 -0.00947156 -0.0126786 -0.0148059 -0.0161279 -0.00665006 -0.0073875 -0.000217028 -0.0079728 -0.00487818 -0.00629973 0.000705211 -0.009334 -1.72117e-06 -0.00057712 0.000553214 0.00237717 -0.000617904 0.000813462 -0.000881425 -0.000354282 -0.000666209 -0.000156076 -0.00257937 -0.0184603 0.000150716 -0.00013541 0.000267762 0.000158709
internal_weight=96849 22550 20939 9800 6749 5630 11139 9533 74299 3051 4761 3393 22511 2515 14525 11696 7592 2829 51788 8052 43736 6492 41541 26910 3024 3387 23886 21601 18860 18745
internal_count=96849 22550 20939 9800 6749 5630 11139 9533 74299 3051 4761 3393 22511 2515 14525 11696 7592 2829 51788 8052 43736 6492 41541 26910 3024 3387 23886 21601 18860 18745
is_linear=0
shrinkage=0.05


Tree=108
num_leaves=31
num_cat=0
split_feature=12 3 4 2 1 2 8 8 2 8 7 11 8 0 7 13 2 1 2 14 2 12 1 0 0 0 12 7 0 12
split_gain=692.672 56.4393 116.62 29.2251 31.7693 27.1216 26.437 22.6952 22.63 12.5845 11.6987 10.5087 10.1116 9.82883 9.40258 8.68203 8.66414 8.53821 9.0656 8.14855 7.05159 13.0259 6.48487 6.37739 11.3552 7.73412 9.39626 8.72752 7.57473 9.33759
threshold=0.03057491011296894 1.0000000180025095e-35 3.5000000000000004 20.500000000000004 3.5000000000000004 25.500000000000004 1.0000000180025095e-35 1.5000000000000002 18.500000000000004 2.5000000000000004 1.0000000180025095e-35 0.025448572034430007 1.0000000180025095e-35 4.5000000000000009 1.0000000180025095e-35 0.095864467011453444 11.500000000000002 3.5000000000000004 4.5000000000000009 1.2443660819559548 9.5000000000000018 0.019061265577988297 3.5000000000000004 19.500000000000004 17.500000000000004 13.500000000000002 0.8278155230016363 1.0000000180025095e-35 16.500000000000004 1.710405393121722
decision_type=2 2 2 2 2 2 2 2 2 2 2 2 2 2 2 2 2 2 2 2 2 2 2 2 2 2 2 2 2 2
left_child=1 2 8 4 11 -5 -3 13 10 -9 12 -4 16 22 17 -14 -1 -11 -19 -2 -6 -22 -8 24 25 27 -27 -21 29 -28
right_child=19 6 3 5 20 -7 7 9 -10 14 -12 -13 15 -15 -16 -17 -18 18 -20 23 21 -23 -24 -25 -26 26 28 -29 -30 -31
leaf_value=-0.00017748553842805682 -0.00013024176521309779 -4.6053126838483104e-05 -0.00013465890757607932 -0.00026166940566942548 -0.00023668591525051507 -0.00012275455069536223 -0.00015039958331556255 6.5509301443798362e-05 6.0243452534303196e-07 -8.1030587127187663e-05 0.00014098410496439222 -9.8764042634847711e-05 -0.00011174830302055488 -9.2723972787454525e-05 7.4255979865126172e-05 -0.00016856418313433033 -5.6617679175465647e-05 -0.00020655655741985067 -2.5727431930940362e-05 0.00085316500240075063 -0.00017230625259139401 7.5692285147432182e-06 -0.00023847954953443544 -0.00033789764594875931 0.0036095086297034621 0.0038672930816929327 -0.00017754298618476996 0.02357230252905932 0.0010510872095085167 -0.0045346565753839217
leaf_weight=145 33524 2286 1880 2697 1130 906 1297 354 1122 1528 106 1358 1647 429 178 1362 1104 896 172 8666 1007 110 863 11961 7691 362 4580 476 3347 3672
leaf_count=145 33524 2286 1880 2697 1130 906 1297 354 1122 1528 106 1358 1647 429 178 1362 1104 896 172 8666 1007 110 863 11961 7691 362 4580 476 3347 3672
internal_value=-0.00252333 -0.0101929 -0.0120454 -0.0155205 -0.0132224 -0.0190189 -0.00681932 -0.00863652 -0.00628873 -0.00577046 -0.00791705 -0.0100525 -0.0083255 -0.0120993 -0.00690339 -0.00989531 -0.00454363 -0.00766564 -0.0110955 -0.000192181 -0.0177904 -0.0149731 -0.0134722 0.000282787 0.000685907 8.64806e-05 -0.000750355 0.00118136 -0.000997931 -0.00181168
internal_weight=96856 22577 14574 9088 5485 3603 8003 5717 5486 3128 4364 3238 4258 2589 2774 3009 1249 2596 1068 74279 2247 1117 2160 40755 28794 21103 11961 9142 11599 8252
internal_count=96856 22577 14574 9088 5485 3603 8003 5717 5486 3128 4364 3238 4258 2589 2774 3009 1249 2596 1068 74279 2247 1117 2160 40755 28794 21103 11961 9142 11599 8252
is_linear=0
shrinkage=0.05


Tree=109
num_leaves=31
num_cat=0
split_feature=12 6 1 1 8 4 2 7 4 13 0 3 4 8 7 2 3 2 8 8 8 3 8 12 12 12 0 4 7 2
split_gain=623.924 126.693 69.0628 44.4119 21.1562 18.3935 20.2704 12.5041 10.382 10.0067 8.85533 8.65136 8.1151 7.96855 9.80679 7.76614 7.75976 10.9431 8.4864 7.57785 14.7108 7.47995 6.88261 18.2519 12.0348 8.28512 6.65693 6.86089 6.43854 6.38358
threshold=0.029088779508699588 1.0000000180025095e-35 3.5000000000000004 5.5000000000000009 1.0000000180025095e-35 3.5000000000000004 7.5000000000000009 1.0000000180025095e-35 1.0000000180025095e-35 1.4821797522496689 4.5000000000000009 1.0000000180025095e-35 2.5000000000000004 1.0000000180025095e-35 1.0000000180025095e-35 9.5000000000000018 1.0000000180025095e-35 21.500000000000004 1.0000000180025095e-35 1.5000000000000002 2.5000000000000004 1.0000000180025095e-35 3.5000000000000004 0.12254628433665732 0.22478834217975827 0.74401127841374592 13.500000000000002 1.0000000180025095e-35 1.0000000180025095e-35 7.5000000000000009
decision_type=2 2 2 2 2 2 2 2 2 2 2 2 2 2 2 2 2 2 2 2 2 2 2 2 2 2 2 2 2 2
left_child=1 2 4 5 8 -4 13 10 -1 22 19 -10 -5 -7 -15 -14 17 -11 -18 -6 -21 29 23 -2 -24 -26 27 -25 -8 -22
right_child=9 -3 3 12 7 6 28 -9 11 16 -12 -13 15 14 -16 -17 18 -19 -20 20 21 -23 24 26 25 -27 -28 -29 -30 -31
leaf_value=0.00012947564004624074 -0.0001734341838470207 -0.00027016302475873274 -0.00016916521089908686 -3.6310285290064477e-05 -0.00013359972280596236 -8.7202374415482596e-05 -0.00019713898603850694 7.2973455671095007e-05 -8.7118995276279376e-05 0.00063389684718953565 -5.4031575323273442e-05 -1.7804739222814991e-05 -8.6219132549163549e-05 -0.00021720286336679076 5.6188973593575454e-05 -0.00011094147752006915 0.005785006199951215 -0.0010473076644850949 0.00075447284943395423 4.6679937686317906e-05 -0.00017123287152005811 -7.8022732164895545e-05 0.00023350610332437474 0.0012293501912759186 -0.00072083473213104823 0.0011953704976390034 -0.00051833463791803216 -0.00012781752358787744 -0.00011792412601747596 -0.00010657190830602494
leaf_weight=483 2511 1574 1123 542 2997 622 3202 190 1326 13106 1091 1336 974 1493 73 1445 3039 5688 6348 390 592 1366 1435 3185 2058 3525 13906 19873 129 1201
leaf_count=483 2511 1574 1123 542 2997 622 3202 190 1326 13106 1091 1336 974 1493 73 1445 3039 5688 6348 390 592 1366 1435 3185 2058 3525 13906 19873 129 1201
internal_value=-0.00240155 -0.00977132 -0.00872539 -0.0118218 -0.00601531 -0.0140921 -0.015279 -0.00740705 -0.00255167 -0.000215604 -0.00772227 -0.00377536 -0.00672915 -0.0115402 -0.0134419 -0.00796817 0.000527838 -5.85293e-05 0.00170182 -0.00841735 -0.00685404 -0.00798512 -0.000666229 -0.000922736 0.000776575 -0.000273151 -0.000642517 -0.000121433 -0.0177349 -0.0101088
internal_weight=96823 22149 20575 9603 10972 6642 5519 7827 3145 74674 7637 2662 2961 2188 1566 2419 28181 18794 9387 6546 3549 3159 46493 39475 7018 5583 36964 23058 3331 1793
internal_count=96823 22149 20575 9603 10972 6642 5519 7827 3145 74674 7637 2662 2961 2188 1566 2419 28181 18794 9387 6546 3549 3159 46493 39475 7018 5583 36964 23058 3331 1793
is_linear=0
shrinkage=0.05


Tree=110
num_leaves=31
num_cat=0
split_feature=0 6 1 14 1 6 8 8 1 7 0 14 4 2 8 8 8 4 0 8 0 7 8 13 0 0 8 8 4 0
split_gain=555.263 107.578 56.3656 51.526 34.0487 20.4705 15.515 19.976 13.9467 13.3394 11.5274 11.7838 11.2361 14.5649 10.2683 10.1292 10.222 9.37368 8.84031 8.78167 7.8413 7.69778 10.3064 13.654 7.68943 12.7771 9.83762 9.98714 8.41053 7.70674
threshold=4.5000000000000009 1.0000000180025095e-35 3.5000000000000004 0.024121603797408502 5.5000000000000009 1.0000000180025095e-35 1.0000000180025095e-35 1.5000000000000002 3.5000000000000004 1.0000000180025095e-35 5.5000000000000009 0.088883986181368682 3.5000000000000004 7.5000000000000009 2.5000000000000004 1.0000000180025095e-35 1.5000000000000002 3.5000000000000004 6.5000000000000009 2.5000000000000004 20.500000000000004 1.0000000180025095e-35 3.5000000000000004 0.092677121775998877 16.500000000000004 13.500000000000002 1.5000000000000002 2.5000000000000004 1.0000000180025095e-35 18.500000000000004
decision_type=2 2 2 2 2 2 2 2 2 2 2 2 2 2 2 2 2 2 2 2 2 2 2 2 2 2 2 2 2 2
left_child=1 2 6 5 9 8 -1 -8 -2 12 -5 18 -4 15 -9 -14 -17 -10 19 -12 24 22 -16 -24 25 -13 28 -28 -26 -29
right_child=3 -3 4 10 -6 -7 7 14 17 -11 11 20 13 -15 21 16 -18 -19 -20 -21 -22 -23 23 -25 26 -27 27 29 -30 -31
leaf_value=-4.7794281030408285e-05 -3.7240834651584496e-05 -0.0002617607668703271 -0.00018139115907505506 0.00023798589963769119 -9.7163371995895667e-05 -0.00024362452421521508 -0.00012911854627002014 3.9743714773912003e-05 -4.9771413161023292e-05 -2.237402480236052e-05 0.00015045725332708677 0.0001836051761906113 -8.3998942431210482e-05 -0.00018991227810763244 -0.00012510420308565153 -0.0002596561827176613 -0.00016590581005019095 -0.00013501799407275754 -0.00047109164034461574 -0.00045682865446622367 -0.00030278005252144319 1.5370295170818309e-05 4.8459489656596958e-05 -9.4129471683386976e-05 0.02075130675694923 -0.0011923210420440645 -0.0015798620161567717 0.0029684551151083261 0.0020105400112383821 -0.0015463451620409963
leaf_weight=2823 1665 1435 921 612 2861 246 3058 427 399 203 1537 27848 516 2778 2124 590 712 1086 2218 809 12016 381 568 688 1321 12075 690 3061 8088 2998
leaf_count=2823 1665 1435 921 612 2861 246 3058 427 399 203 1537 27848 516 2778 2124 590 712 1086 2218 809 12016 381 568 688 1321 12075 690 3061 8088 2998
internal_value=-0.00235184 -0.0097523 -0.00873727 -0.00041314 -0.0117148 -0.00643404 -0.00619972 -0.00742479 -0.00534921 -0.0139423 -0.000134088 -0.000191643 -0.0144055 -0.0154156 -0.00518147 -0.0119362 -0.0142857 -0.00887205 -0.00265118 -0.000511509 -2.68e-05 -0.00601569 -0.00677515 -0.00318471 0.000221555 -0.000150916 0.00114185 -0.000314861 0.00218674 0.000334214
internal_weight=96754 20085 18650 76669 8581 3396 10069 7246 3150 5720 73273 72661 5517 4596 4188 1818 1302 1485 4564 2346 68097 3761 3380 1256 56081 39923 16158 6749 9409 6059
internal_count=96754 20085 18650 76669 8581 3396 10069 7246 3150 5720 73273 72661 5517 4596 4188 1818 1302 1485 4564 2346 68097 3761 3380 1256 56081 39923 16158 6749 9409 6059
is_linear=0
shrinkage=0.05


Tree=111
num_leaves=31
num_cat=0
split_feature=12 6 1 1 4 2 8 0 14 7 8 8 4 0 12 7 2 4 2 7 6 2 0 2 12 11 8 12 14 0
split_gain=569.351 128.78 58.2511 27.8738 18.7205 20.515 15.8289 12.7667 9.16367 9.06589 9.02466 10.0314 8.2505 7.42886 7.06774 7.29152 6.93421 7.10632 19.1057 6.42282 6.88736 6.3988 6.33363 6.28431 6.27439 6.25471 5.82496 12.7161 9.3577 8.37946
threshold=0.03057491011296894 1.0000000180025095e-35 3.5000000000000004 5.5000000000000009 3.5000000000000004 7.5000000000000009 1.0000000180025095e-35 4.5000000000000009 1.2443660819559548 1.0000000180025095e-35 1.0000000180025095e-35 1.5000000000000002 2.5000000000000004 8.5000000000000018 0.026184248440403405 1.0000000180025095e-35 15.500000000000002 7.5000000000000009 7.5000000000000009 1.0000000180025095e-35 1.0000000180025095e-35 15.500000000000002 13.500000000000002 3.5000000000000004 2.1257748730304864 0.008869493422509889 3.5000000000000004 0.22478834217975827 0.084109403795395443 12.500000000000002
decision_type=2 2 2 2 2 2 2 2 2 2 2 2 2 2 2 2 2 2 2 2 2 2 2 2 2 2 2 2 2 2
left_child=1 2 6 4 -4 10 16 9 24 21 -6 -12 -5 -10 15 -7 17 18 -1 -15 22 23 -21 -8 26 -23 28 -28 -2 -30
right_child=8 -3 3 12 5 14 7 -9 13 -11 11 -13 -14 19 -16 -17 -18 -19 -20 20 -22 25 -24 -25 -26 -27 27 -29 29 -31
leaf_value=-0.0002145254491996417 -0.00020017206594396023 -0.00024678220466656746 -0.00014241677797761869 -3.7564382713958271e-05 -7.7612570869318656e-05 -0.00017778755197677979 -5.8816371660776713e-05 -2.7614320507357745e-05 0.0090556144762498399 5.7953668189951116e-05 -0.00022675625311624031 -0.00013879285482076538 -9.762318763189213e-05 0.00011422899653791286 2.5327616802466209e-05 -9.2576610861630501e-05 3.9315344392616693e-06 -1.7864790754307422e-05 -4.3651105770488138e-05 0.026395249715586558 -0.0051663587549875718 -0.0001479163688267348 0.002307602662110564 -0.00012137200151381215 -0.0041906059573820209 -5.9960837111118151e-05 0.00024780759331588211 -0.00022743091589917387 4.2418262724981676e-05 -0.0004235110968685105
leaf_weight=330 4565 1626 1124 528 646 3172 615 1146 556 211 681 888 2515 38531 58 117 1179 928 809 435 120 619 1223 3481 2107 1848 1388 3241 15897 6341
leaf_count=330 4565 1626 1124 528 646 3172 615 1146 556 211 681 888 2515 38531 58 117 1179 928 809 435 120 619 1223 3481 2107 1848 1388 3241 15897 6341
internal_value=-0.00223601 -0.00920141 -0.00814669 -0.0109749 -0.0127804 -0.0139698 -0.00568243 -0.00688763 -0.000127681 -0.00771332 -0.010237 -0.0122849 -0.00700789 0.000375015 -0.0164401 -0.0167452 -0.00274184 -0.00448718 -0.00713345 0.00029584 0.00323397 -0.00804129 0.00407117 -0.00925293 -0.000740183 -0.00602959 -0.00056312 0.00107475 -0.000845987 -0.0004227
internal_weight=96925 22521 20895 9729 6686 5562 11166 7920 74404 6774 2215 1569 3043 40865 3347 3289 3246 2067 1139 40309 1778 6563 1658 4096 33539 2467 31432 4629 26803 22238
internal_count=96925 22521 20895 9729 6686 5562 11166 7920 74404 6774 2215 1569 3043 40865 3347 3289 3246 2067 1139 40309 1778 6563 1658 4096 33539 2467 31432 4629 26803 22238
is_linear=0
shrinkage=0.05


Tree=112
num_leaves=31
num_cat=0
split_feature=12 6 1 1 4 8 3 7 1 0 4 8 8 1 8 4 7 12 3 8 8 3 8 7 12 4 13 6 12 14
split_gain=529.246 122.917 67.0128 38.6219 17.0455 15.8824 14.31 10.1752 8.72523 8.58197 8.03318 7.86539 9.35735 7.83426 7.80466 7.70435 7.64717 7.63879 7.29197 6.27638 11.8237 6.60801 6.11125 6.19598 5.83016 5.75217 5.57444 7.14359 6.47043 5.35114
threshold=0.029088779508699588 1.0000000180025095e-35 3.5000000000000004 5.5000000000000009 3.5000000000000004 1.0000000180025095e-35 1.0000000180025095e-35 1.0000000180025095e-35 1.5000000000000002 4.5000000000000009 1.0000000180025095e-35 1.0000000180025095e-35 1.5000000000000002 1.0000000180025095e-35 1.0000000180025095e-35 2.5000000000000004 1.0000000180025095e-35 0.024869040299849248 1.0000000180025095e-35 1.5000000000000002 2.5000000000000004 1.0000000180025095e-35 2.5000000000000004 1.0000000180025095e-35 0.013454374309724354 1.0000000180025095e-35 1.0981430099910972 1.0000000180025095e-35 1.8597649084503747 0.8111321174248185
decision_type=2 2 2 2 2 2 2 2 2 2 2 2 2 2 2 2 2 2 2 2 2 2 2 2 2 2 2 2 2 2
left_child=1 2 5 4 24 -1 16 9 10 19 14 -8 -13 -12 -2 -5 17 -6 -17 25 -21 -22 -14 -24 -4 -7 27 28 -10 -30
right_child=8 -3 3 15 6 7 11 -9 26 -11 13 12 22 -15 -16 18 -18 -19 -20 20 21 -23 23 -25 -26 -27 -28 -29 29 -31
leaf_value=-4.0194744691114236e-05 0.0079300104285430443 -0.00023197850461764919 -0.00021644920832933207 -2.6858628239938288e-05 -0.0001710781420886474 -7.420829524350665e-05 -8.2708234738360174e-05 6.6543405596805263e-05 -9.3153129821794273e-05 -4.0920343021407653e-05 -0.00016630123365112036 -0.00021809230972147549 2.9502070752291355e-05 0.00037174141106577352 0.0017096909311576953 -0.00010012104277312018 -8.511483018313312e-05 1.288324759369467e-05 -7.1695482606806349e-05 3.8431494315041216e-05 -0.00011020590277813631 -6.5447618861955427e-05 -0.00017819198038839177 4.4748814791457583e-05 -7.7588553365089485e-05 -0.00011549097881089106 -8.18590579972963e-05 -0.00029275950545232531 -0.012853773774873123 -0.0036546380398546408
leaf_weight=3120 481 1598 497 536 3154 431 630 199 20267 1089 8994 695 95 10543 1255 1459 132 57 937 408 1805 1384 703 79 614 2653 29410 1140 146 2263
leaf_count=3120 481 1598 497 536 3154 431 630 199 20267 1089 8994 695 95 10543 1255 1459 132 57 937 408 1805 1384 703 79 614 2653 29410 1140 146 2263
internal_value=-0.00224905 -0.00901122 -0.00797867 -0.0110398 -0.013146 -0.00533186 -0.0142786 -0.00651587 -0.000227184 -0.0068018 0.000628731 -0.011149 -0.0130407 0.0003391 0.00388825 -0.00625853 -0.0163401 -0.016825 -0.00747078 -0.00747268 -0.00605366 -0.00707902 -0.00960661 -0.0110614 -0.00749325 -0.00912776 -0.000569271 -0.00113789 -0.000943729 -0.00339352
internal_weight=96774 22275 20677 9588 6656 11089 5545 7969 74499 7770 21273 2202 1572 19537 1736 2932 3343 3211 2396 6681 3597 3189 877 782 1111 3084 53226 23816 22676 2409
internal_count=96774 22275 20677 9588 6656 11089 5545 7969 74499 7770 21273 2202 1572 19537 1736 2932 3343 3211 2396 6681 3597 3189 877 782 1111 3084 53226 23816 22676 2409
is_linear=0
shrinkage=0.05


Tree=113
num_leaves=31
num_cat=0
split_feature=12 6 12 4 3 4 3 11 12 12 8 6 12 2 11 2 14 12 14 0 8 12 12 0 8 14 0 8 14 8
split_gain=494.277 115.284 43.6728 23.0963 34.6836 12.7657 12.0225 10.2963 8.93553 8.34108 19.0433 13.954 7.02497 6.70372 6.61797 9.24431 6.23648 5.64581 12.047 11.0621 9.72095 9.37095 8.81231 8.0291 7.61732 6.42089 6.41472 9.46544 6.82625 6.12943
threshold=0.027951857891066644 1.0000000180025095e-35 0.015029169175175128 1.0000000180025095e-35 1.0000000180025095e-35 1.5000000000000002 1.0000000180025095e-35 0.012560480316256695 0.019727422722089709 0.15853286013538914 3.5000000000000004 1.0000000180025095e-35 4.6570589242905376 3.5000000000000004 4.9651627472506323 9.5000000000000018 0.15855883354382452 0.27153305017447688 0.15855883354382452 21.500000000000004 1.0000000180025095e-35 0.20017889409664549 1.3511854668059446 9.5000000000000018 1.5000000000000002 0.15226268694702264 22.500000000000004 3.5000000000000004 0.11125199692356876 1.0000000180025095e-35
decision_type=2 2 2 2 2 2 2 2 2 2 2 2 2 2 2 2 2 2 2 2 2 2 2 2 2 2 2 2 2 2
left_child=1 2 5 -4 8 -1 -7 -6 -5 10 11 -2 14 -8 17 -16 -10 20 -19 -20 21 25 24 -23 29 -11 28 -28 -22 -21
right_child=9 -3 3 4 7 6 13 -9 16 12 -12 -13 -14 -15 15 -17 -18 18 19 22 26 23 -24 -25 -26 -27 27 -29 -30 -31
leaf_value=-0.00012209608082281044 -0.00010497458039198244 -0.00022247338640233786 -3.7920201923521621e-05 -0.00011789539134664579 -0.00010721971634615503 -0.00015933131655147782 -0.00018065239296985691 -4.6709490719373457e-05 -7.5450569185205306e-05 -4.8167809128754627e-05 0.00016255243882023606 -0.00032238458800489049 0.011404381219503767 -0.0001135453579925342 0.0021513417306956995 -0.0062297755699128659 -0.00011920929574896818 -0.001785951978163447 0.00010356377528836503 -0.00096630838118641482 0.0001407301672628418 -0.00083837381163670154 -0.0073598300296235375 3.7537327673586864e-06 -0.0012258108369031379 0.00076920234388352699 -0.00053983454515869054 0.00046751155928514423 0.00073563798184689765 0.00040720546129486559
leaf_weight=1125 5447 1561 2215 3918 2030 2083 769 3743 2277 1177 1007 388 754 1169 702 1197 973 671 52578 1346 1384 665 215 601 1347 418 515 415 2021 2196
leaf_count=1125 5447 1561 2215 3918 2030 2083 769 3743 2277 1177 1007 388 754 1169 702 1197 973 671 52578 1346 1384 665 215 601 1347 418 515 415 2021 2196
internal_value=-0.0021193 -0.00873508 -0.0077283 -0.00637701 -0.00718453 -0.0117081 -0.0130254 -0.00430019 -0.00950753 -0.000191887 -0.00185618 -0.00295201 -2.4926e-05 -0.0101909 -7.85791e-05 -0.00298841 -0.00756923 5.72091e-06 -0.000157233 -7.97476e-05 0.00132713 -0.000934988 -0.00230212 -0.00414692 -0.00186643 0.00161442 0.00282007 -0.000860215 0.00382526 -0.000649351
internal_weight=96907 21863 20302 15156 12941 5146 4021 5773 7168 75044 6842 5835 68202 1938 67448 1899 3250 65549 58353 57682 7196 2861 5104 1266 4889 1595 4335 930 3405 3542
internal_count=96907 21863 20302 15156 12941 5146 4021 5773 7168 75044 6842 5835 68202 1938 67448 1899 3250 65549 58353 57682 7196 2861 5104 1266 4889 1595 4335 930 3405 3542
is_linear=0
shrinkage=0.05


Tree=114
num_leaves=31
num_cat=0
split_feature=12 6 1 1 4 2 8 8 7 8 13 0 0 8 3 4 8 8 8 12 12 8 12 4 0 12 12 12 0 4
split_gain=458.119 119.301 66.5947 31.0051 17.6262 18.8865 13.7345 8.31073 7.80996 6.9727 6.93521 6.65756 11.0827 9.04735 11.4214 15.6288 8.09319 11.8788 7.68267 8.87323 8.0263 8.68614 10.7941 7.41946 6.72189 11.7929 7.39812 6.47497 6.16544 6.04026
threshold=0.029088779508699588 1.0000000180025095e-35 3.5000000000000004 5.5000000000000009 3.5000000000000004 7.5000000000000009 1.0000000180025095e-35 1.0000000180025095e-35 1.0000000180025095e-35 1.5000000000000002 0.1134940027656537 19.500000000000004 16.500000000000004 1.0000000180025095e-35 1.0000000180025095e-35 1.0000000180025095e-35 1.5000000000000002 2.5000000000000004 1.5000000000000002 1.592968155458466 2.6062466583150026 1.0000000180025095e-35 0.21195280718300627 1.0000000180025095e-35 21.500000000000004 1.3511854668059446 1.8967190785398451 3.3051653086412491 10.500000000000002 1.0000000180025095e-35
decision_type=2 2 2 2 2 2 2 2 2 2 2 2 2 2 2 2 2 2 2 2 2 2 2 2 2 2 2 2 2 2
left_child=1 2 6 4 -4 7 -1 -6 -8 -9 -5 12 16 14 15 -14 23 28 20 -20 21 22 -13 -2 26 -26 -23 -17 -18 -24
right_child=11 -3 3 10 5 -7 8 9 -10 -11 -12 18 13 -15 -16 27 17 -19 19 -21 -22 24 29 -25 25 -27 -28 -29 -30 -31
leaf_value=-3.417577875418215e-05 0.00074197905101374003 -0.00021046019881941475 -0.00012761285150502956 -5.4248859558781329e-05 -6.7925142000162779e-05 -0.0001551428231705527 -7.9499299885713639e-05 -0.00019148180515392941 6.7795543201476079e-05 -0.00013324445593468627 -0.00011041052420104883 0.00077122738866926277 0.039295175111347419 0.0005750468206723536 0.023120511822692182 0.0023029970771529075 0.00020967541413198477 2.145233237327432e-05 -0.00036380501559126789 -0.010687660871203059 -0.0054616846483899533 0.0096337890921384568 0.0029190728347330292 -0.00021891847525650141 0.00049677237462845416 -0.0076799857004078379 0.00092631272776448896 -0.0051808477935247682 0.012745740679276486 -0.00092639430243175941
leaf_weight=3122 3672 1552 1145 1640 623 3341 7670 683 192 881 1284 482 507 8711 1256 704 935 18025 6228 514 1094 827 508 22821 2230 212 1111 982 967 2956
leaf_count=3122 3672 1552 1145 1640 623 3341 7670 683 192 881 1284 482 507 8711 1256 704 935 18025 6228 514 1094 827 508 22821 2230 212 1111 982 967 2956
internal_value=-0.00202761 -0.00834613 -0.00733808 -0.0103808 -0.0122621 -0.0134316 -0.00467953 -0.00981939 -0.00579369 -0.0117647 -0.00608755 -0.000156538 9.13281e-05 0.00143503 0.00360249 0.00142499 -0.000260664 0.000500577 -0.00105494 -0.00234352 -0.000132696 0.000396349 -0.00130512 -0.000833239 0.00192922 0.000184275 0.00412797 -0.00088968 0.00425868 -0.0022806
internal_weight=96875 22133 20581 9597 6673 5528 10984 2187 7862 1564 2924 74742 58580 12160 3449 2193 46420 19927 16162 6742 9420 8326 3946 26493 4380 2442 1938 1686 1902 3464
internal_count=96875 22133 20581 9597 6673 5528 10984 2187 7862 1564 2924 74742 58580 12160 3449 2193 46420 19927 16162 6742 9420 8326 3946 26493 4380 2442 1938 1686 1902 3464
is_linear=0
shrinkage=0.05


Tree=115
num_leaves=31
num_cat=0
split_feature=12 6 1 1 7 4 8 3 8 0 8 8 12 7 6 14 0 12 12 0 0 8 12 6 8 12 13 11 3 4
split_gain=436.645 119.096 61.7359 33.0645 17.0986 14.377 13.1202 12.19 8.66659 7.84729 6.92445 7.97398 6.92371 6.8952 7.35248 6.43056 7.1274 7.06287 12.1468 7.42048 7.10868 9.78469 8.15518 6.59217 9.95937 6.38251 6.21213 5.77023 5.76415 5.04842
threshold=0.029088779508699588 1.0000000180025095e-35 3.5000000000000004 5.5000000000000009 1.0000000180025095e-35 3.5000000000000004 1.0000000180025095e-35 1.0000000180025095e-35 1.0000000180025095e-35 4.5000000000000009 1.5000000000000002 2.5000000000000004 0.024869040299849248 1.0000000180025095e-35 1.0000000180025095e-35 0.84841971260772153 8.5000000000000018 0.27153305017447688 0.36299386945380935 22.500000000000004 22.500000000000004 1.5000000000000002 0.2941640170233652 1.0000000180025095e-35 1.0000000180025095e-35 1.5763921561138052 0.16452032183195245 0.02296748177038133 1.0000000180025095e-35 1.0000000180025095e-35
decision_type=2 2 2 2 2 2 2 2 2 2 2 2 2 2 2 2 2 2 2 2 2 2 2 2 2 2 2 2 2 2
left_child=1 2 6 4 5 -4 27 12 -9 10 -8 -12 -7 15 -15 23 -17 19 20 -18 21 -19 -23 25 -25 -2 -5 -1 29 -13
right_child=13 -3 3 26 -6 7 9 8 -10 -11 11 28 -14 14 -16 16 17 18 -20 -21 -22 22 -24 24 -26 -27 -28 -29 -30 -31
leaf_value=-1.4178500553258673e-06 -6.854223956302142e-05 -0.00020261615884399481 -0.00014315811171107781 -5.1897814596914026e-05 1.2125099774224977e-05 -0.000147347791798862 -0.00010005568303605604 -7.7586478454294913e-05 -0.00016864396008465138 -2.3692976851627179e-05 4.4904607055963781e-05 -5.994188366509482e-05 2.3134208669034962e-05 0.00045854324308674084 -0.00083330561772268844 0.0062642611398697539 0.0010674701995018355 0.0036313801207350574 -3.1898489830956002e-06 0.0001096513905478734 -0.002285834254914635 0.00043920460706959805 -0.0017021709549684212 -0.0004283447821245158 -9.7159261412101136e-05 -0.0055127293166071182 -0.00010804111771802443 -6.954740876503269e-05 -4.5243667942702816e-05 -0.00010121204704924663
leaf_weight=1911 19891 1604 1118 1846 249 3179 3040 644 1494 1095 394 482 50 2819 194 987 631 86 45384 1265 234 224 572 526 973 738 1051 1210 1396 1407
leaf_count=1911 19891 1604 1118 1846 249 3179 3040 644 1494 1095 394 482 50 2819 194 987 631 86 45384 1265 234 224 572 526 973 738 1051 1210 1396 1407
internal_value=-0.00197685 -0.00813712 -0.00711368 -0.0100327 -0.0119543 -0.012448 -0.00454275 -0.0135225 -0.010594 -0.00563732 -0.00627698 -0.00481789 -0.0154614 -0.000144249 0.00219881 -0.00024297 7.44183e-05 -1.13646e-05 -0.000133333 0.00297996 -0.00528674 -0.00323129 -0.00496231 -0.000951283 -0.00415277 -0.000718649 -0.0055661 -0.00180231 -0.00562405 -0.00742456
internal_weight=96694 22170 20566 9631 6734 6485 10935 5367 2138 7814 6719 3679 3229 74524 3013 71511 49383 48396 46500 1896 1116 882 796 22128 1499 20629 2897 3121 3285 1889
internal_count=96694 22170 20566 9631 6734 6485 10935 5367 2138 7814 6719 3679 3229 74524 3013 71511 49383 48396 46500 1896 1116 882 796 22128 1499 20629 2897 3121 3285 1889
is_linear=0
shrinkage=0.05


Tree=116
num_leaves=31
num_cat=0
split_feature=0 6 1 1 14 7 6 4 3 14 8 0 1 2 8 8 8 1 11 4 2 2 2 1 8 2 1 8 2 4
split_gain=368.299 108.417 45.6123 32.4256 31.7714 12.2722 11.3964 11.1096 17.0119 9.97915 23.9624 9.18902 7.73859 10.3138 6.81259 6.7329 12.1775 6.70828 6.66847 6.64663 5.90772 21.1156 20.1416 32.0793 19.075 11.4279 12.7491 8.74816 6.2977 20.8822
threshold=4.5000000000000009 1.0000000180025095e-35 3.5000000000000004 5.5000000000000009 0.019392261370377317 1.0000000180025095e-35 1.0000000180025095e-35 1.0000000180025095e-35 1.0000000180025095e-35 0.088883986181368682 3.5000000000000004 3.5000000000000004 1.5000000000000002 4.5000000000000009 1.0000000180025095e-35 1.0000000180025095e-35 1.5000000000000002 3.5000000000000004 0.016757504322706351 3.5000000000000004 5.5000000000000009 7.5000000000000009 3.5000000000000004 3.5000000000000004 1.0000000180025095e-35 2.5000000000000004 5.5000000000000009 1.0000000180025095e-35 21.500000000000004 5.5000000000000009
decision_type=2 2 2 2 2 2 2 2 2 2 2 2 2 2 2 2 2 2 2 2 2 2 2 2 2 2 2 2 2 2
left_child=1 2 7 5 6 9 17 -1 -9 10 -4 -12 13 -6 18 -10 -17 -2 -11 -19 22 24 23 27 -22 -25 -27 -14 29 -23
right_child=4 -3 3 -5 12 -7 -8 8 15 14 11 -13 20 -15 -16 16 -18 19 -20 -21 21 28 -24 25 -26 26 -28 -29 -30 -31
leaf_value=-9.8096375813962199e-06 -3.3557946374956209e-05 -0.00019391418637085866 -0.00013962118096776934 -6.6070474816680002e-05 -0.001422254524065382 -2.6486272755492717e-07 -0.00017049129287411661 -8.4917793266705606e-05 3.3635211312544463e-06 -9.0381170149966139e-05 -4.1996120885042823e-05 0.00021056083390736955 0.0033984005923886869 0.00031575220896690463 -0.00017312375533507109 -0.00010480566337450204 -2.5518696018330714e-05 -2.9406518995750594e-05 -0.0001396261181444437 -0.00010334229176204939 -0.0019472744139335031 -0.00019676025871140924 0.0018496470127736808 -0.0019323026091320056 -0.00059655710108209034 0.00088412661341328788 -0.0017706085566709081 0.00069290850761674627 -0.0002812815222765352 0.0010409574986166015
leaf_weight=1467 1239 1463 2492 2904 1782 216 158 4317 1193 372 187 150 1008 19365 1952 1325 1796 325 410 972 1031 19215 3553 3458 2525 1766 1773 2567 12362 3541
leaf_count=1467 1239 1463 2492 2904 1782 216 158 4317 1193 372 187 150 1008 19365 1952 1325 1796 325 410 972 1031 19215 3553 3458 2525 1766 1773 2567 12362 3541
internal_value=-0.00189299 -0.00789123 -0.00686997 -0.00952724 -0.000308586 -0.0116932 -0.00564217 -0.00458507 -0.0052688 -0.0121472 -0.0100654 0.00244807 -0.000114273 0.000693952 -0.0143014 -0.00304822 -0.00426946 -0.00483044 -0.0103581 -0.00734387 -0.000437982 -0.000757615 0.000437168 -0.000657397 -0.00442913 -0.00262613 -0.000628709 0.0031958 -0.000385842 0.000107664
internal_weight=96884 20244 18781 8683 76640 5779 2694 10098 8631 5563 2829 337 73946 21147 2734 4314 3121 2536 782 1297 52799 38674 14125 10572 3556 6997 3539 3575 35118 22756
internal_count=96884 20244 18781 8683 76640 5779 2694 10098 8631 5563 2829 337 73946 21147 2734 4314 3121 2536 782 1297 52799 38674 14125 10572 3556 6997 3539 3575 35118 22756
is_linear=0
shrinkage=0.05


Tree=117
num_leaves=31
num_cat=0
split_feature=12 6 1 1 7 4 2 8 14 7 11 8 8 12 0 12 8 3 8 0 4 2 12 13 8 8 8 6 12 12
split_gain=377.217 112.727 50.8446 27.6243 15.4605 12.2379 12.4543 9.92122 7.73908 7.41942 6.92688 6.40415 6.05671 5.66915 5.51687 8.70724 10.0453 6.19196 7.68902 8.28432 4.93737 9.3043 4.89494 4.75202 5.42817 5.53827 9.3457 4.58865 10.9276 12.6629
threshold=0.027951857891066644 1.0000000180025095e-35 3.5000000000000004 5.5000000000000009 1.0000000180025095e-35 3.5000000000000004 7.5000000000000009 1.0000000180025095e-35 1.7671860279067906 1.0000000180025095e-35 5.2271684412942863 1.0000000180025095e-35 1.0000000180025095e-35 0.50484537123055562 20.500000000000004 2.0853656062197135 1.0000000180025095e-35 1.0000000180025095e-35 1.0000000180025095e-35 16.500000000000004 9.5000000000000018 19.500000000000004 0.019271711222591036 0.089893813027290118 3.5000000000000004 2.5000000000000004 1.5000000000000002 1.0000000180025095e-35 0.16712540254139388 0.27153305017447688
decision_type=2 2 2 2 2 2 2 2 2 2 2 2 2 2 2 2 2 2 2 2 2 2 2 2 2 2 2 2 2 2
left_child=1 2 7 4 5 -4 12 -1 10 20 27 22 -7 -10 17 16 -16 -15 19 -19 21 -9 -5 24 25 26 -8 -2 -29 -30
right_child=8 -3 3 11 -6 6 23 9 13 -11 -12 -13 -14 14 15 -17 -18 18 -20 -21 -22 -23 -24 -25 -26 -27 -28 28 29 -31
leaf_value=-3.3028491096365447e-05 -5.0659563849170253e-05 -0.0001826947080219561 -0.00012135910644127755 0.00029117331067238196 1.4849981034254293e-05 -5.9857611764349736e-05 -0.00011930327142219794 -8.5482296728440354e-05 0.0020647201827509844 7.6759168816410369e-05 -0.0067230756419057293 -8.2738138392576309e-05 -0.00014980557640166122 0.00027556422255177183 -0.0019605775378040021 -0.01110006779482391 0.0012382849373413275 -0.0014553432403351275 0.0017571646621350025 0.019501115826037821 -5.0406373087479725e-05 2.0485205779855603e-05 -2.9331059500925865e-05 -0.00014422488237062823 -2.7042200665947874e-05 -0.00015678906551491864 7.4234988191876697e-06 -0.00022444742942190956 0.00039365625693467464 -0.00063855241425070375
leaf_weight=3022 51183 1559 1044 40 238 645 1082 4317 313 157 529 2183 1465 10340 1340 322 1741 482 3619 1503 2867 350 589 1365 123 507 118 496 474 2555
leaf_count=3022 51183 1559 1044 40 238 645 1082 4317 313 157 529 2183 1465 10340 1340 322 1741 482 3619 1503 2867 350 589 1365 123 507 118 496 474 2555
internal_value=-0.00178009 -0.00758964 -0.00658562 -0.0092696 -0.0110407 -0.0115097 -0.0124835 -0.00423084 -9.91361e-05 -0.00518463 -0.000402357 -0.00512091 -0.00950237 0.000752798 0.000644803 -0.00118278 -0.000365141 0.00103487 0.0023733 0.00487406 -0.00540881 -0.00641204 -0.000675676 -0.0144523 -0.0127869 -0.0135179 -0.0116667 -0.000347298 -0.0020922 -0.000965665
internal_weight=96568 21671 20112 9399 6587 6349 5305 10713 74897 7691 55237 2812 2110 19660 19347 3403 3081 15944 5604 1985 7534 4667 629 3195 1830 1707 1200 54708 3525 3029
internal_count=96568 21671 20112 9399 6587 6349 5305 10713 74897 7691 55237 2812 2110 19660 19347 3403 3081 15944 5604 1985 7534 4667 629 3195 1830 1707 1200 54708 3525 3029
is_linear=0
shrinkage=0.05


Tree=118
num_leaves=31
num_cat=0
split_feature=12 6 1 1 7 14 8 0 8 8 8 11 8 7 11 2 13 6 8 14 0 8 8 8 0 14 12 8 3 4
split_gain=337.037 113.039 46.54 26.6409 13.0631 11.7367 11.3994 13.9902 10.2989 9.59976 11.6656 8.0465 9.86937 7.90507 6.9024 7.31506 6.93931 6.83816 6.41459 6.61089 6.21211 6.97577 10.622 6.17228 5.29036 6.24382 8.02675 6.96962 15.9687 14.1491
threshold=0.029088779508699588 1.0000000180025095e-35 3.5000000000000004 5.5000000000000009 1.0000000180025095e-35 0.091560473374119808 3.5000000000000004 3.5000000000000004 1.0000000180025095e-35 2.5000000000000004 1.5000000000000002 0.015267695482718139 1.0000000180025095e-35 1.0000000180025095e-35 4.9651627472506323 14.500000000000002 1.4821797522496689 1.0000000180025095e-35 2.5000000000000004 0.25236997910659409 4.5000000000000009 1.5000000000000002 2.5000000000000004 1.0000000180025095e-35 13.500000000000002 0.77234689896875075 1.5763921561138052 1.0000000180025095e-35 1.0000000180025095e-35 1.0000000180025095e-35
decision_type=2 2 2 2 2 2 2 2 2 2 2 2 2 2 2 2 2 2 2 2 2 2 2 2 2 2 2 2 2 2
left_child=1 2 8 4 5 6 9 -8 -1 10 11 12 -4 14 16 -16 24 -15 19 -5 21 -10 -23 -7 25 26 27 28 29 -2
right_child=13 -3 3 18 -6 23 7 -9 20 -11 -12 -13 -14 17 15 -17 -18 -19 -20 -21 -22 22 -24 -25 -26 -27 -28 -29 -30 -31
leaf_value=-2.850930507189483e-05 0.00052920009318925543 -0.00017233232648606453 -2.0413047082487939e-05 -9.2336213162510367e-06 9.9766864443340961e-06 -0.0001058322685066615 -6.2797642784090388e-05 0.00033290972176595776 -9.1088937202818071e-05 -0.00014694870039982748 1.4939242183064414e-05 -0.00012057762170092149 -0.00012574552212644342 0.00047501168802063234 0.00098095611669162257 -0.0065590641467586034 0.0003896056985343288 -0.0010762666742411373 -9.4799147520747637e-05 -8.178073552371273e-05 -1.8514088179973424e-05 6.2739453095933193e-05 -6.6079382756274553e-05 -0.00015677603896362241 -0.00039167659484655069 0.00084802362568093712 -0.00598952298912705 5.5669590685135561e-05 0.00018091435926650273 -0.0002681528122859919
leaf_weight=3177 1000 1587 503 1187 243 761 196 73 3025 930 276 1126 630 2777 820 1162 24885 198 1079 634 1133 422 3325 1892 17164 9180 426 10558 2672 3713
leaf_count=3177 1000 1587 503 1187 243 761 196 73 3025 930 276 1126 630 2777 820 1162 24885 198 1079 634 1133 422 3325 1892 17164 9180 426 10558 2672 3713
internal_value=-0.00172396 -0.00713208 -0.00614205 -0.00870409 -0.0104525 -0.0108854 -0.00907874 0.000836431 -0.00393882 -0.00984848 -0.00825444 -0.00944002 -0.00646514 -0.000113674 -0.000218636 -0.00312815 -0.00013578 0.00241176 -0.0047069 -0.00289676 -0.00490512 -0.00547844 -0.00403656 -0.0134282 -0.000508241 -7.89502e-05 -0.000611084 -0.000450036 -0.0016283 -0.00337895
internal_weight=96754 22199 20612 9530 6630 6387 3734 269 11082 3465 2535 2259 1133 74555 71580 1982 69598 2975 2900 1821 7905 6772 3747 2653 44713 27549 18369 17943 7385 4713
internal_count=96754 22199 20612 9530 6630 6387 3734 269 11082 3465 2535 2259 1133 74555 71580 1982 69598 2975 2900 1821 7905 6772 3747 2653 44713 27549 18369 17943 7385 4713
is_linear=0
shrinkage=0.05


Tree=119
num_leaves=31
num_cat=0
split_feature=12 6 1 1 7 2 2 2 14 11 14 2 1 2 1 2 2 8 11 4 12 12 11 2 12 6 2 4 2 2
split_gain=319.486 105.148 41.4711 24.8461 14.7212 10.0339 10.1698 9.51272 7.25713 7.53906 7.0352 6.79479 16.9484 6.22104 6.05956 9.37348 7.62255 5.73866 5.15605 5.10684 5.3639 4.68229 4.45377 4.44501 4.40439 10.0678 6.57147 4.73109 4.28953 8.21389
threshold=0.029088779508699588 1.0000000180025095e-35 3.5000000000000004 5.5000000000000009 1.0000000180025095e-35 15.500000000000002 3.5000000000000004 23.500000000000004 1.7451389203567496 4.9651627472506323 0.20757583040822872 7.5000000000000009 1.5000000000000002 26.500000000000004 3.5000000000000004 3.5000000000000004 2.5000000000000004 1.0000000180025095e-35 0.023507105303736026 2.5000000000000004 3.5351141344718853 3.7319206342178548 0.011656004753648098 17.500000000000004 3.132656804889534 1.0000000180025095e-35 27.500000000000004 1.0000000180025095e-35 7.5000000000000009 9.5000000000000018
decision_type=2 2 2 2 2 2 2 2 2 2 2 2 2 2 2 2 2 2 2 2 2 2 2 2 2 2 2 2 2 2
left_child=1 2 5 4 7 6 -1 10 9 -2 23 12 18 -7 15 21 -16 -12 -8 20 -18 -10 -13 28 -17 26 27 -26 -4 -30
right_child=8 -3 3 -5 -6 13 11 -9 14 -11 17 22 -14 -15 16 24 19 -19 -20 -21 -22 -23 -24 -25 25 -27 -28 -29 29 -31
leaf_value=-5.9550051334733572e-06 -7.4158033548514529e-05 -0.00016194202917121171 -9.6755984815537216e-05 -5.9019531421056118e-05 1.692654077268766e-05 2.4643251491276651e-05 -8.1092281626646024e-05 -0.00012688432168129639 0.0069772570938574363 -0.0061488377715000157 -9.6148291072305136e-05 -9.0828150787523884e-05 -0.00013024838923532991 -4.5571269428524522e-05 -0.0079755209884354583 0.00029982832461202539 0.0048355500971529082 -0.00015729265327942606 -2.9844703637730253e-05 -0.000693451731523409 0.07558147724577885 0.046534975206954092 -4.5839339949688055e-05 -4.1685871175443231e-05 0.031107235063203655 -0.0049365976173367521 0.022886960672983171 0.0025853547973291426 -0.00013623206477464002 -7.9215635875900267e-05
leaf_weight=1030 53527 1600 1494 2924 243 1083 1232 1072 1000 641 325 191 1045 2974 616 10094 844 1193 866 5256 93 136 2496 380 294 344 557 1394 730 1140
leaf_count=1030 53527 1600 1494 2924 243 1083 1232 1072 1000 641 325 191 1045 2974 616 10094 844 1193 866 5256 93 136 2496 380 294 344 557 1394 730 1140
internal_value=-0.00167538 -0.0069693 -0.00600206 -0.00841753 -0.0101224 -0.00389988 -0.0050656 -0.0105857 -0.000116985 -0.000420913 -0.00971114 -0.00587479 -0.00745307 -0.00192877 0.000681113 0.00128265 -0.000539727 -0.0125823 -0.00486177 -1.21104e-05 0.00338847 0.0056338 -0.00402866 -0.00854701 0.000892928 0.00273272 0.00395323 0.00239929 -0.00912604 -0.0107219
internal_weight=96814 22018 20418 9501 6577 10917 6860 6334 74796 54168 5262 5830 3143 4057 20628 13819 6809 1518 2098 6193 937 1136 2687 3744 12683 2589 2245 1688 3364 1870
internal_count=96814 22018 20418 9501 6577 10917 6860 6334 74796 54168 5262 5830 3143 4057 20628 13819 6809 1518 2098 6193 937 1136 2687 3744 12683 2589 2245 1688 3364 1870
is_linear=0
shrinkage=0.05


Tree=120
num_leaves=31
num_cat=0
split_feature=12 3 2 2 2 1 8 8 2 8 7 8 1 3 8 8 2 8 1 11 2 8 13 12 2 1 0 7 0 1
split_gain=290.759 36.8777 81.3153 33.9534 24.5399 16.8592 12.4204 13.6493 10.375 9.39701 10.041 8.47869 8.35059 8.34467 17.7272 17.4635 13.2287 14.2901 13.2289 10.6574 10.2642 11.4475 8.06364 7.8534 6.29898 12.8097 6.23705 6.19711 6.06899 5.78692
threshold=0.03057491011296894 1.0000000180025095e-35 20.500000000000004 11.500000000000002 25.500000000000004 3.5000000000000004 1.0000000180025095e-35 1.5000000000000002 9.5000000000000018 1.0000000180025095e-35 1.0000000180025095e-35 2.5000000000000004 3.5000000000000004 1.0000000180025095e-35 1.0000000180025095e-35 1.5000000000000002 21.500000000000004 1.0000000180025095e-35 1.0000000180025095e-35 0.80747147779981054 6.5000000000000009 1.0000000180025095e-35 0.039333188216560365 2.3629150681186144 7.5000000000000009 1.5000000000000002 17.500000000000004 1.0000000180025095e-35 21.500000000000004 3.5000000000000004
decision_type=2 2 2 2 2 2 2 2 2 2 2 2 2 2 2 2 2 2 2 2 2 2 2 2 2 2 2 2 2 2
left_child=1 2 3 5 29 24 -3 12 -7 -5 22 -9 -8 16 19 23 18 -18 -2 -15 21 -20 -11 26 25 -1 -16 -10 -17 -4
right_child=13 6 4 9 -6 8 7 11 27 10 -12 -13 -14 14 15 28 17 -19 20 -21 -22 -23 -24 -25 -26 -27 -28 -29 -30 -31
leaf_value=-4.8465798595188558e-05 0.00090611920681066206 -1.3342647073413816e-05 -0.00015683276852413924 1.1512401813780668e-05 -7.6580271389733483e-05 -0.00013282364381910132 -7.7564672136643765e-05 9.196813491758154e-05 -8.371234594307673e-05 -3.7101394235547571e-05 0.00017678116404518801 -5.1379271322974339e-05 -0.00013766465429777814 9.7425771010026775e-05 -0.0012729351407941014 0.00055282981717946279 -0.0005694551648929763 -0.00017648776135273522 -0.0019136226888937014 0.0092368011780489707 -6.5103311809259012e-05 -0.00041934647013857355 -8.9262743846397618e-05 -0.0096107466958272447 -3.5543553814732912e-05 -0.00011965322542620022 0.00090929280659390876 8.14261065587154e-05 -0.00055818738776539231 -0.00011980844521436501
leaf_weight=1101 5314 2292 1608 1439 935 1095 1560 338 1572 1564 133 2790 1041 3626 4996 10074 3122 7696 499 3885 29975 1253 1792 971 1070 1075 1729 49 1173 1109
leaf_count=1101 5314 2292 1608 1439 935 1095 1560 338 1572 1564 133 2790 1041 3626 4996 10074 3122 7696 499 3885 29975 1253 1792 971 1070 1075 1729 49 1173 1109
internal_value=-0.00162476 -0.00659598 -0.00809724 -0.00593205 -0.0145537 -0.00847031 -0.00387421 -0.00511869 -0.011377 -0.0028612 -0.0042634 -0.00289322 -0.00779508 -0.00011539 0.000597263 -0.000217759 -0.000509309 -0.00204751 -6.00686e-05 0.00265278 -0.00044678 -0.00416667 -0.00479738 -0.00205301 -0.0060382 -0.00758272 -0.0014461 -0.00883714 0.00103805 -0.016958
internal_weight=96876 22563 14542 10890 3652 5962 8021 5729 2716 4928 3489 3128 2601 74313 26454 18943 47859 10818 37041 7511 31727 1752 3356 7696 3246 2176 6725 1621 11247 2717
internal_count=96876 22563 14542 10890 3652 5962 8021 5729 2716 4928 3489 3128 2601 74313 26454 18943 47859 10818 37041 7511 31727 1752 3356 7696 3246 2176 6725 1621 11247 2717
is_linear=0
shrinkage=0.05


Tree=121
num_leaves=31
num_cat=0
split_feature=12 6 1 1 7 2 14 2 11 2 3 8 8 2 8 1 2 1 2 8 1 4 2 1 11 11 8 8 0 0
split_gain=272.124 105.451 41.9478 22.1702 14.2727 10.6276 7.51927 7.48039 9.38112 7.0786 6.72247 13.672 17.7636 10.9299 13.3915 10.0106 10.7288 28.7241 21.9575 14.3016 12.205 10.3441 9.82192 9.56549 9.04369 7.74429 7.62675 7.23303 6.55198 6.19353
threshold=0.03057491011296894 1.0000000180025095e-35 3.5000000000000004 5.5000000000000009 1.0000000180025095e-35 23.500000000000004 0.20757583040822872 15.500000000000002 0.010196141734858633 3.5000000000000004 1.0000000180025095e-35 1.0000000180025095e-35 1.5000000000000002 21.500000000000004 1.0000000180025095e-35 1.0000000180025095e-35 9.5000000000000018 3.5000000000000004 7.5000000000000009 1.0000000180025095e-35 1.5000000000000002 3.5000000000000004 11.500000000000002 3.5000000000000004 0.80747147779981054 1.5578169056999904 1.0000000180025095e-35 1.5000000000000002 8.5000000000000018 19.500000000000004
decision_type=2 2 2 2 2 2 2 2 2 2 2 2 2 2 2 2 2 2 2 2 2 2 2 2 2 2 2 2 2 2
left_child=1 2 7 4 5 6 -4 9 -9 -1 13 24 -13 15 -15 -2 17 18 19 20 -17 22 28 -23 -12 -14 -19 -24 -18 -29
right_child=10 -3 3 -5 -6 -7 -8 8 -10 -11 11 12 25 14 -16 16 21 26 -20 -21 -22 23 27 -25 -26 -27 -28 29 -30 -31
leaf_value=-5.3111641209144597e-06 0.0007908337530524133 -0.00014632999874997942 -9.239425599037958e-05 -5.3766839788143336e-05 4.6770942421225756e-05 -0.00011618702590506739 -0.00013602539550128525 -7.7037580669544336e-05 -1.7018772550479039e-06 -6.196635517846209e-05 7.8135784901131608e-05 -0.0013885004335758844 4.6079838318979079e-05 -0.00054102424362592052 -0.00016006864172571009 3.6290928276967378e-05 9.7413429351862071e-05 -0.0015682341721169988 0.00091437289545474106 -0.00013659514755049034 -0.0017985203743188503 -0.0001358687194241798 0.00069397794475772607 0.00096217949651505874 0.008728172160108516 0.005884824884963869 -0.0012535310178420356 -0.00012550521443165582 -0.0027256708002225461 -0.0013347249259144101
leaf_weight=1069 5273 1613 3903 3017 244 1049 1511 1298 2929 5897 3639 7730 7844 3127 7644 498 353 979 3512 3838 993 1758 7112 3547 3872 3372 2489 4098 1461 1135
leaf_count=1069 5273 1613 3903 3017 244 1049 1511 1298 2929 5897 3639 7730 7844 3127 7644 498 353 979 3512 3838 993 1758 7112 3547 3872 3372 2489 4098 1461 1135
internal_value=-0.00154487 -0.00635819 -0.00540828 -0.00781057 -0.00941181 -0.00985997 -0.00896749 -0.00332127 -0.00166194 -0.00432817 -8.48211e-05 0.000554674 -0.000160984 -0.000438652 -0.00184059 -3.10425e-05 -0.000365877 -0.00152124 -8.4832e-06 -0.00203134 -0.00618712 0.000364776 -0.000340773 0.00224788 0.00235987 0.00111002 -0.00537774 0.000164034 -0.00377619 -0.00124689
internal_weight=96804 22530 20917 9724 6707 6463 5414 11193 4227 6966 74274 26457 18946 47817 10771 37046 31773 12309 8841 5329 1491 19464 14159 5305 7511 11216 3468 12345 1814 5233
internal_count=96804 22530 20917 9724 6707 6463 5414 11193 4227 6966 74274 26457 18946 47817 10771 37046 31773 12309 8841 5329 1491 19464 14159 5305 7511 11216 3468 12345 1814 5233
is_linear=0
shrinkage=0.05


Tree=122
num_leaves=31
num_cat=0
split_feature=12 6 1 1 7 14 12 2 7 2 2 1 11 12 13 2 14 1 2 11 0 11 4 2 4 11 2 2 12 0
split_gain=249.029 92.7328 35.4659 19.3045 9.96875 7.80886 6.8188 5.9362 5.65866 5.62384 11.4908 13.7195 5.47346 5.04248 4.99756 5.54053 4.68885 5.92684 6.55353 5.7291 4.45066 4.28319 4.88251 4.2707 7.73784 4.17345 3.94481 4.88144 3.93818 3.90754
threshold=0.03057491011296894 1.0000000180025095e-35 3.5000000000000004 5.5000000000000009 1.0000000180025095e-35 0.091560473374119808 0.023429542018370841 25.500000000000004 1.0000000180025095e-35 3.5000000000000004 7.5000000000000009 1.5000000000000002 0.023507105303736026 0.019271711222591036 0.11771068212702961 11.500000000000002 2.0287922379007273 3.5000000000000004 3.5000000000000004 6.0039328887988752 1.5000000000000002 1.1290066874173572 2.5000000000000004 7.5000000000000009 3.5000000000000004 0.010196141734858633 9.5000000000000018 4.5000000000000009 3.7319206342178548 19.500000000000004
decision_type=2 2 2 2 2 2 2 2 2 2 2 2 2 2 2 2 2 2 2 2 2 2 2 2 2 2 2 2 2 2
left_child=1 2 8 4 5 6 20 14 9 -1 11 12 -11 -3 15 26 19 18 28 -2 -4 -19 -23 -22 -25 -12 27 -5 -18 -20
right_child=16 13 3 7 -6 -7 -8 -9 -10 10 25 -13 -14 -15 -16 -17 17 21 29 -21 23 22 -24 24 -26 -27 -28 -29 -30 -31
leaf_value=1.7828054686072627e-07 -4.9676938370963462e-05 -0.00015467790106518848 2.0662088495197742e-05 -0.00011227844888745536 1.6310630179140751e-05 -0.00011843268475325775 9.3827331718069142e-06 -8.8563731268129057e-05 8.1385122473353474e-05 -7.1568355916451669e-05 -7.1696952889808115e-05 -0.00011493393339545855 -1.8348743301813479e-05 -0.00012278587911744278 -7.1316762773510065e-05 3.3252938232547494e-05 0.0077648582693038209 -0.0049019259492657404 0.002482530592505916 -0.0080681458291834048 -8.2170483727944671e-05 0.01814013228447664 -0.0014218773078647385 -8.8532301667223698e-05 -9.7724348148785396e-05 -2.8741067619986529e-05 -0.00010087213848702024 5.367828987081066e-05 0.042739321600871995 -0.00037872113337811264
leaf_weight=1065 62269 889 95 263 251 2654 203 465 262 1233 1365 1048 831 716 1077 631 550 297 4881 422 1151 318 2697 606 1749 5375 308 332 110 2619
leaf_count=1065 62269 889 95 263 251 2654 203 465 262 1233 1365 1048 831 716 1077 631 550 297 4881 422 1151 318 2697 606 1749 5375 308 332 110 2619
internal_value=-0.00146591 -0.00606473 -0.00517792 -0.00737609 -0.00887986 -0.00925983 -0.00780757 -0.00409623 -0.00325387 -0.00342814 -0.00380126 -0.00631427 -0.00394864 -0.017648 -0.00316928 -0.00133638 -6.64078e-05 0.000862971 0.00158701 -0.000236477 -0.00831019 -0.000920894 -0.000356551 -0.00859954 -0.00981953 -0.00264095 -0.00384828 -0.00147059 0.00636364 0.00116667
internal_weight=96732 22569 20964 9785 6709 6458 3804 3076 11179 10917 9852 3112 2064 1605 2611 1534 74163 11472 8160 62691 3601 3312 3015 3506 2355 6740 903 595 660 7500
internal_count=96732 22569 20964 9785 6709 6458 3804 3076 11179 10917 9852 3112 2064 1605 2611 1534 74163 11472 8160 62691 3601 3312 3015 3506 2355 6740 903 595 660 7500
is_linear=0
shrinkage=0.05


Tree=123
num_leaves=31
num_cat=0
split_feature=12 6 1 1 2 8 2 2 12 12 2 12 13 12 4 8 2 2 13 11 1 2 2 2 2 1 8 12 12 2
split_gain=230.894 92.0791 30.7598 18.6411 8.84613 8.14383 7.22376 20.8259 8.65882 5.99013 5.79513 8.76522 5.12444 4.68987 4.60188 15.8213 8.81348 6.57617 6.37916 5.28263 4.75889 24.4071 12.7051 10.0344 31.3487 10.6706 8.83424 8.28387 7.39668 8.9184
threshold=0.029088779508699588 1.0000000180025095e-35 3.5000000000000004 5.5000000000000009 23.500000000000004 1.0000000180025095e-35 9.5000000000000018 7.5000000000000009 0.013162474226473111 0.019271711222591036 2.5000000000000004 0.015029169175175128 0.16452032183195245 0.02022941081225382 1.0000000180025095e-35 1.0000000180025095e-35 18.500000000000004 15.500000000000002 0.10235859600511218 1.794938462183576 3.5000000000000004 2.5000000000000004 3.5000000000000004 7.5000000000000009 9.5000000000000018 5.5000000000000009 1.0000000180025095e-35 0.18962242370120233 0.19513604225284981 4.5000000000000009
decision_type=2 2 2 2 2 2 2 2 2 2 2 2 2 2 2 2 2 2 2 2 2 2 2 2 2 2 2 2 2 2
left_child=1 2 5 4 6 13 7 10 -8 -3 -4 -12 -7 -1 15 16 18 -17 -2 -18 22 -22 -16 25 26 -23 -25 -28 -27 -30
right_child=14 9 3 -5 -6 12 8 -9 -10 -11 11 -13 -14 -15 20 17 19 -19 -20 -21 21 23 -24 24 -26 28 27 -29 29 -31
leaf_value=2.9392237836418575e-05 -0.00068893338894402973 -0.00015068637633615067 -0.00012544509265433011 -4.729191402289843e-05 -0.00010208821697976329 -3.7673039445353976e-05 -0.00010707665674345584 -0.00012705919011720811 -3.4783392513669519e-05 -0.00012018192190860004 -8.269270867292209e-05 4.4905906386006998e-05 -6.4535460939415751e-05 -4.0822175055005644e-05 0.0010891577988265285 -0.0028605785670549667 0.0028469442641359589 0.00020607624056963748 0.0034978898354159852 0.074552816735870817 -0.001771064949058341 0.0015357680309543667 -4.0042083781095811e-05 -0.0015438166291828724 6.7145920671010453e-05 0.00033826630777948456 0.00023236218484817985 -0.0017012819482756917 -0.0027176137119279131 0.0011447324979484226
leaf_weight=980 341 892 1079 2902 1144 4925 865 1099 1337 688 771 326 2892 2121 3546 1252 732 6354 1650 268 3528 3456 33917 983 12402 412 254 2303 1661 1555
leaf_count=980 341 892 1079 2902 1144 4925 865 1099 1337 688 771 326 2892 2121 3546 1252 732 6354 1650 268 3528 3456 33917 983 12402 412 254 2303 1661 1555
internal_value=-0.00140348 -0.00590232 -0.00500342 -0.00708023 -0.00854478 -0.00319198 -0.00770951 -0.00919847 -0.005495 -0.0175316 -0.00636489 -0.00380583 -0.00405207 -0.00102386 -7.57231e-05 0.000889403 0.00397024 -0.000322114 0.00204671 0.0078 -0.000235484 -0.000747533 0.000127459 -0.000154174 -0.000849956 0.00141163 -0.005 -0.00345131 -0.000482359 -0.00129042
internal_weight=96635 22021 20441 9523 6621 10918 5477 3275 2202 1580 2176 1097 7817 3101 74614 10597 2991 7606 1991 1000 64017 26554 37463 23026 15942 7084 3540 2557 3628 3216
internal_count=96635 22021 20441 9523 6621 10918 5477 3275 2202 1580 2176 1097 7817 3101 74614 10597 2991 7606 1991 1000 64017 26554 37463 23026 15942 7084 3540 2557 3628 3216
is_linear=0
shrinkage=0.05


Tree=124
num_leaves=31
num_cat=0
split_feature=0 6 1 1 14 8 2 8 7 8 0 8 7 8 8 6 1 2 4 8 3 2 8 2 2 13 8 2 11 6
split_gain=196.195 82.176 25.4589 17.9505 16.1099 8.41402 8.25043 6.89659 6.89156 7.94046 16.5168 10.7213 6.62646 6.56095 6.31044 6.01134 5.36677 15.1929 5.73965 9.95275 7.73524 10.867 7.27736 7.06823 5.53043 4.99823 4.73963 4.66483 4.52631 4.50615
threshold=4.5000000000000009 1.0000000180025095e-35 3.5000000000000004 5.5000000000000009 0.019392261370377317 1.0000000180025095e-35 23.500000000000004 1.5000000000000002 1.0000000180025095e-35 3.5000000000000004 3.5000000000000004 1.0000000180025095e-35 1.0000000180025095e-35 2.5000000000000004 2.5000000000000004 1.0000000180025095e-35 1.5000000000000002 4.5000000000000009 1.0000000180025095e-35 1.0000000180025095e-35 1.0000000180025095e-35 26.500000000000004 1.0000000180025095e-35 28.500000000000004 12.500000000000002 0.069094771518869988 1.0000000180025095e-35 17.500000000000004 0.17413750309781456 1.0000000180025095e-35
decision_type=2 2 2 2 2 2 2 2 2 2 2 2 2 2 2 2 2 2 2 2 2 2 2 2 2 2 2 2 2 2
left_child=1 2 5 6 13 -1 8 -7 9 11 -11 27 16 -2 -9 -15 17 -6 19 -19 21 24 25 -24 -20 -22 -5 -4 -21 -14
right_child=4 -3 3 26 12 7 -8 14 -10 10 -12 -13 29 15 -16 -17 -18 18 20 28 22 -23 23 -25 -26 -27 -28 -29 -30 -31
leaf_value=-1.6775106953819188e-05 -3.1392191769430251e-05 -0.00012920954928722085 -6.9385199255384477e-05 -4.2872724549919415e-06 -0.0018175509385250145 -7.0686492251881896e-05 -9.9422472949661908e-05 6.1599442823465428e-05 3.0471533210726064e-05 -7.7942153236784149e-05 0.00031938337413301571 -0.00011292727872811008 0.0012477302114336953 -7.2664031026881999e-05 -4.5364358559196827e-05 -0.00016357755406075735 -0.0001291048917251278 0.0089446851097308884 0.00059546529377736972 -0.0014481995903382423 -0.0001970494971155576 -0.0010206855073477197 0.0015219801285687772 -0.00050873115227032049 -0.00010379604772769169 0.0033156217155940111 -6.7144366899434763e-05 7.1990414825036727e-05 0.0023686012028044435 -0.0010977701457848051
leaf_weight=2865 1887 1427 1230 809 1701 3017 950 425 189 469 128 2668 2497 757 3796 53 50608 493 3386 109 221 1727 2435 2406 5131 1778 2076 143 1062 180
leaf_count=2865 1887 1427 1230 809 1701 3017 950 425 189 469 128 2668 2497 757 3796 53 50608 493 3386 109 221 1727 2435 2406 5131 1778 2076 143 1062 180
internal_value=-0.00137623 -0.00575971 -0.0048801 -0.00686908 -0.000218171 -0.0031748 -0.00847758 -0.00408262 -0.00763932 -0.0080207 -0.00263819 -0.00881589 -7.93392e-05 -0.00401372 -0.00277778 -0.00777778 -0.000171341 0.00051225 0.000922765 0.00372596 0.000649731 -0.000219641 0.00195175 0.000903739 0.000513679 0.00448974 -0.00364818 -0.00522578 0.00121691 0.00236272
internal_weight=96623 20192 18765 8662 76431 10103 5777 7238 4827 4638 597 4041 73734 2697 4221 810 71057 20449 18748 1664 17084 10244 6840 4841 8517 1999 2885 1373 1171 2677
internal_count=96623 20192 18765 8662 76431 10103 5777 7238 4827 4638 597 4041 73734 2697 4221 810 71057 20449 18748 1664 17084 10244 6840 4841 8517 1999 2885 1373 1171 2677
is_linear=0
shrinkage=0.05


Tree=125
num_leaves=31
num_cat=0
split_feature=12 6 1 2 2 2 2 2 12 8 0 12 8 13 8 8 1 7 12 8 12 2 1 12 14 2 2 4 4 14
split_gain=187.051 78.4904 31.1813 14.7537 13.3486 12.1608 9.56523 9.55132 8.44636 6.4154 6.68848 5.92981 5.35546 5.07989 5.05077 4.59221 4.44215 4.34288 3.98342 3.76822 3.66618 3.61512 6.03143 3.54437 5.33938 4.54901 11.7818 12.0437 6.3161 6.30214
threshold=0.03057491011296894 1.0000000180025095e-35 3.5000000000000004 23.500000000000004 11.500000000000002 7.5000000000000009 3.5000000000000004 9.5000000000000018 0.021302881434901031 1.0000000180025095e-35 4.5000000000000009 0.019271711222591036 1.5000000000000002 1.4495235348821598 2.5000000000000004 1.0000000180025095e-35 2.5000000000000004 1.0000000180025095e-35 0.016525742666011044 2.5000000000000004 0.020744651813237997 1.5000000000000002 3.5000000000000004 2.2738706688326817 1.0428862247689232 13.500000000000002 9.5000000000000018 5.5000000000000009 3.5000000000000004 0.065571124312808565
decision_type=2 2 2 2 2 2 2 2 2 2 2 2 2 2 2 2 2 2 2 2 2 2 2 2 2 2 2 2 2 2
left_child=1 2 9 4 5 6 15 -7 -6 -1 12 -3 -11 21 20 -4 -15 -9 -8 -12 -14 22 -2 25 -25 26 27 -23 -28 -30
right_child=13 11 3 -5 8 7 18 17 -10 10 19 -13 14 16 -16 -17 -18 -19 -20 -21 -22 23 -24 24 -26 -27 28 -29 29 -31
leaf_value=-1.5993747353832551e-05 0.0001111845266458092 -0.00013646002997986831 -4.3385719353845716e-05 -9.0885355714272458e-05 -6.9668403565634725e-05 -0.00010791718676726346 -4.1302547284410856e-05 -6.5954927831418398e-05 5.0691870680825458e-05 -6.774696738402198e-05 3.4245222453514575e-05 -0.00010704531327527123 0.00013954744570928695 0.00071597720636358282 -4.3570876088081663e-05 -0.00011205821130626757 -0.0002821627038468555 7.1219185552295544e-05 6.6228966458424009e-05 -4.8595799893427426e-05 -9.147855189983474e-06 -0.0006837941908740576 -0.0013883036040483244 -0.0091938389960713081 -0.0015951011327426214 -0.00014135989347608126 6.9709254067595175e-05 2.5304490671967853e-05 -0.0003909610669347325 0.001112388299205717
leaf_weight=3238 966 923 577 1576 1715 1118 669 1569 456 3037 665 705 133 13739 3377 1551 15514 51 429 455 272 2425 1245 436 4224 17008 2683 13510 196 2398
leaf_count=3238 966 923 577 1576 1715 1118 669 1569 456 3037 665 705 133 13739 3377 1551 15514 51 429 455 272 2425 1245 436 4224 17008 2683 13510 196 2398
internal_value=-0.00140357 -0.00539616 -0.004572 -0.00664453 -0.00578672 -0.00700872 -0.0049287 -0.00945946 -0.00242976 -0.00277132 -0.00353634 -0.0159705 -0.00412451 -0.000194367 -0.00286885 -0.0068844 0.000318771 -0.00700617 -0.00113843 4.46429e-05 0.00240741 -0.000527267 -0.00249887 -0.000425606 -0.00172747 -0.000266876 0.000221573 -0.000456542 0.00226928 0.00402853
internal_weight=96860 22516 20888 9711 8135 5964 3226 2738 2171 11177 7939 1628 6819 74344 3782 2128 29253 1620 1098 1120 405 45091 2211 42880 4660 38220 21212 15935 5277 2594
internal_count=96860 22516 20888 9711 8135 5964 3226 2738 2171 11177 7939 1628 6819 74344 3782 2128 29253 1620 1098 1120 405 45091 2211 42880 4660 38220 21212 15935 5277 2594
is_linear=0
shrinkage=0.05


Tree=126
num_leaves=31
num_cat=0
split_feature=12 6 1 1 14 8 0 12 8 7 1 2 2 2 4 2 4 1 12 8 8 8 11 2 1 2 12 12 2 1
split_gain=178.145 77.5241 24.7838 13.069 8.91871 12.9352 11.2234 6.94488 6.73894 6.06495 5.23702 11.636 7.1013 7.08223 19.9039 14.8345 22.3897 12.3039 10.7842 9.85763 8.66787 6.71865 6.41327 6.30462 22.666 10.4005 10.3177 10.0247 8.52012 15.2997
threshold=0.03057491011296894 1.0000000180025095e-35 3.5000000000000004 5.5000000000000009 0.091560473374119808 3.5000000000000004 3.5000000000000004 0.018851908243793732 1.0000000180025095e-35 1.0000000180025095e-35 1.5000000000000002 4.5000000000000009 21.500000000000004 10.500000000000002 4.5000000000000009 8.5000000000000018 6.5000000000000009 4.5000000000000009 0.20596900030616466 1.0000000180025095e-35 1.0000000180025095e-35 1.5000000000000002 0.10838185064193546 3.5000000000000004 3.5000000000000004 4.5000000000000009 0.21840486120628935 0.24533744914098818 2.5000000000000004 5.5000000000000009
decision_type=2 2 2 2 2 2 2 2 2 2 2 2 2 2 2 2 2 2 2 2 2 2 2 2 2 2 2 2 2 2
left_child=1 2 8 4 5 -4 -7 -3 -1 -10 11 -2 13 14 18 16 20 -15 -12 -20 -16 -19 -17 24 -18 26 -25 -26 -29 -30
right_child=10 7 3 -5 -6 6 -8 -9 9 -11 12 -13 -14 17 15 22 23 21 19 -21 -22 -23 -24 25 27 -27 -28 28 29 -31
leaf_value=-1.7064970491253476e-05 -0.0015234688832804399 -0.00012975928785185749 -7.3768855246372219e-05 -4.5951436454740907e-05 -9.8307086422661907e-05 -1.9418900819898838e-05 0.00031814326708270188 -9.567707630852158e-05 -4.472400773306608e-05 7.9876848025867836e-05 9.3958762968532697e-05 0.00026232709371060565 -0.00026689976545237474 -0.00056228455333612597 -0.0014154368304339845 -0.00031125458655420864 0.0011082066866816731 0.0015819828236274037 -0.0047659202162032418 -0.0017368379185418365 -0.00080173769884064189 0.00014648760632245025 0.0010035246799657809 -0.00048594894962880473 0.0001887079255414221 9.720784121381591e-05 0.0062329376802857522 -0.0039067353064310998 0.001742163350883555 -0.0036114556492871765
leaf_weight=3226 1798 861 3644 3002 2744 202 87 773 7654 251 450 19372 12441 5270 969 52 3549 4127 774 2323 2531 2947 3458 313 1193 5281 1400 2861 1448 1551
leaf_count=3226 1798 861 3644 3002 2744 202 87 773 7654 251 450 19372 12441 5270 969 52 3549 4127 774 2323 2531 2947 3458 313 1193 5281 1400 2861 1448 1551
internal_value=-0.0013081 -0.00521075 -0.00438731 -0.00623773 -0.00746967 -0.0059433 0.00423875 -0.0156977 -0.00277828 -0.0035642 -0.000126167 0.000538498 -0.000391968 -7.09929e-05 -0.000508827 -4.06405e-06 -0.000504835 0.000927576 -0.00401043 -0.00506135 -0.00415714 0.00229008 0.0030057 0.000221641 -0.000547067 0.0013869 0.00477233 -0.00218701 -0.00303754 -0.00117539
internal_weight=96552 22444 20810 9679 6677 3933 289 1634 11131 7905 74108 21170 52938 40497 28153 24606 21096 12344 3547 3097 3500 7074 3510 17596 10602 6994 1713 7053 5860 2999
internal_count=96552 22444 20810 9679 6677 3933 289 1634 11131 7905 74108 21170 52938 40497 28153 24606 21096 12344 3547 3097 3500 7074 3510 17596 10602 6994 1713 7053 5860 2999
is_linear=0
shrinkage=0.05


Tree=127
num_leaves=31
num_cat=0
split_feature=12 6 1 1 2 7 2 2 14 14 12 12 12 0 0 12 0 0 12 8 8 12 0 0 12 12 14 12 12 12
split_gain=165.435 74.5302 23.0182 15.1474 10.0359 6.39427 5.7689 6.11491 5.31146 5.15902 9.18161 6.98129 12.5783 7.33663 8.71737 11.2227 17.9261 9.70199 8.24031 8.20965 11.5364 18.5387 9.01171 8.5676 12.4702 12.2123 8.08652 7.18864 6.59533 6.29608
threshold=0.027951857891066644 1.0000000180025095e-35 3.5000000000000004 5.5000000000000009 23.500000000000004 1.0000000180025095e-35 15.500000000000002 3.5000000000000004 0.20757583040822872 0.86746141427363688 1.8790805478572115 0.27153305017447688 0.37712232498372095 13.500000000000002 16.500000000000004 1.710405393121722 14.500000000000002 19.500000000000004 1.0776131046609396 1.5000000000000002 1.0000000180025095e-35 0.80777029362974762 14.500000000000002 15.500000000000002 1.3195402670430956 1.0589607478781462 2.3437685657724976 0.78721326236926303 1.8790805478572115 2.1052781914187464
decision_type=2 2 2 2 2 2 2 2 2 2 2 2 2 2 2 2 2 2 2 2 2 2 2 2 2 2 2 2 2 2
left_child=1 2 6 4 5 8 7 -1 -4 10 -2 -11 -13 27 15 19 -17 18 -16 20 22 -22 -15 25 -25 -23 28 -14 -18 -20
right_child=9 -3 3 -5 -6 -7 -8 -9 -10 11 -12 12 13 14 17 16 26 -19 29 -21 21 23 -24 24 -26 -27 -28 -29 -30 -31
leaf_value=-1.0333941185546558e-06 -6.2257628155914718e-05 -0.0001111357256209949 -6.6658336032365261e-05 -4.1872104276956043e-05 -8.6356298204377097e-05 3.5748927380579824e-05 -1.8024973756927514e-05 -5.0077420558990697e-05 -9.6799548772556415e-05 0.00044758618986931735 -0.0098521713860769966 -0.0010259184942691603 -0.0017338952249499745 0.025682268143554388 -0.0028116742677116585 -0.00020309884568576743 -0.0045862620629582131 -0.00042205086333053644 0.0040440541463028839 0.0021165480624302652 0.0020797561698171932 -0.0024473130844244492 0.0010826627800336775 0.0017985333460206255 -0.0069252868270260233 -0.008952244534988529 -0.00282158135317388 0.0016427701533731965 -0.012928374835529582 0.001048526770236169
leaf_weight=1034 23462 1544 3878 2788 1097 202 4009 5707 1511 1863 314 1252 477 83 296 1893 609 11815 3262 1810 821 1200 1488 743 324 393 588 12995 826 8453
leaf_count=1034 23462 1544 3878 2788 1097 202 4009 5707 1511 1863 314 1252 477 83 296 1893 609 11815 3262 1810 821 1200 1488 743 324 393 588 12995 826 8453
internal_value=-0.00124797 -0.00508498 -0.00427667 -0.00607324 -0.00736394 -0.00650599 -0.00269302 -0.00358626 -0.00683336 -0.000133726 -0.000742345 0.000148952 3.54768e-05 0.000164323 -0.000221073 -0.001401 -0.00353677 0.000312684 0.00131338 -0.000182163 -0.00121734 -0.00282246 0.00233927 -0.00484962 -0.00138238 -0.007172 -0.00680919 0.00115425 -0.00883275 0.00152155
internal_weight=96737 21770 20226 9476 6688 5591 10750 6741 5389 74967 23776 51191 49328 48076 34604 10778 3916 23826 12011 6862 5052 3481 1571 2660 1067 1593 2023 13472 1435 11715
internal_count=96737 21770 20226 9476 6688 5591 10750 6741 5389 74967 23776 51191 49328 48076 34604 10778 3916 23826 12011 6862 5052 3481 1571 2660 1067 1593 2023 13472 1435 11715
is_linear=0
shrinkage=0.05


Tree=128
num_leaves=31
num_cat=0
split_feature=12 6 1 1 14 8 0 8 11 12 7 0 13 0 14 12 0 14 14 0 12 0 13 11 14 12 4 3 8 8
split_gain=138.394 68.1465 18.376 14.424 8.22328 11.1127 9.26315 5.09826 4.69745 6.76722 4.68862 4.68838 4.34657 6.19411 14.3496 5.69773 11.5687 6.29361 6.015 6.6973 5.32164 4.50933 4.24104 5.86747 4.3509 4.25847 4.2027 6.53624 4.15248 10.9952
threshold=0.03057491011296894 1.0000000180025095e-35 3.5000000000000004 5.5000000000000009 0.091560473374119808 3.5000000000000004 3.5000000000000004 1.0000000180025095e-35 6.5797783177436804 4.6570589242905376 1.0000000180025095e-35 4.5000000000000009 1.3044857071304936 6.5000000000000009 0.11125199692356876 0.28214596688078336 8.5000000000000018 0.84841971260772153 0.17177523891156851 13.500000000000002 1.6437705664233684 7.5000000000000009 1.1301834077994426 2.3038583728215074 0.75473980904493376 0.76537315468129263 3.5000000000000004 1.0000000180025095e-35 2.5000000000000004 1.5000000000000002
decision_type=2 2 2 2 2 2 2 2 2 2 2 2 2 2 2 2 2 2 2 2 2 2 2 2 2 2 2 2 2 2
left_child=1 2 7 4 5 26 -7 -1 9 12 -6 -9 13 20 21 16 -16 -18 -17 22 -2 -15 23 -20 -25 -24 -4 28 29 -28
right_child=8 -3 3 -5 10 6 -8 11 -10 -11 -12 -13 -14 14 15 18 17 -19 19 -21 -22 -23 25 24 -26 -27 27 -29 -30 -31
leaf_value=-1.4577403876850447e-05 6.9591749841377973e-05 -0.00010357582593943636 -5.0158107055914281e-05 -3.5392453692172179e-05 -9.0776312572617935e-05 -1.7477817963665061e-05 0.00033110565554197308 -4.2737618881716173e-05 -0.0053576591795275966 0.015736138931261447 1.4514512259404014e-05 -2.9406129437437384e-06 0.00022088739562993177 -0.00021982238076656801 0.00097972815257229141 -0.0011339476259509846 -0.00012741086199805906 0.00034349431534622251 8.2764782405139736e-05 -0.00094433899545163797 -0.0059965629768370917 -0.00053215143212426293 -0.0025834491737849992 -0.0051317862063573723 -0.0019747012597816915 0.0029923627281901902 -6.876538014065578e-05 -5.3230198521731121e-05 -9.7208313838750325e-05 5.0773325657039716e-05
leaf_weight=3188 5666 1588 615 3041 2653 211 91 6766 780 487 115 1139 33431 1561 613 777 3039 1568 11234 10148 114 1249 102 221 1364 2069 1124 1220 554 146
leaf_count=3188 5666 1588 615 3041 2653 211 91 6766 780 487 115 1139 33431 1561 613 777 3039 1568 11234 10148 114 1249 102 221 1364 2069 1124 1220 554 146
internal_value=-0.00115253 -0.00459334 -0.00383334 -0.00541453 -0.00670605 -0.00524489 0.00397351 -0.00244073 -0.000114548 -7.36662e-05 -0.00879697 -0.00312144 -0.000112773 -0.000466331 -0.000723965 -0.000415128 0.00109195 0.000233341 -0.000718696 -0.000584772 0.00104671 -0.00414591 8.67245e-05 -0.000259381 -0.00310726 0.00213035 -0.00600574 -0.00676741 -0.00866228 -0.00708661
internal_weight=96874 22451 20863 9770 6729 3961 302 11093 74423 73643 2768 7905 73156 39725 33945 31135 5220 4607 25915 25138 5780 2810 14990 12819 1585 2171 3659 3044 1824 1270
internal_count=96874 22451 20863 9770 6729 3961 302 11093 74423 73643 2768 7905 73156 39725 33945 31135 5220 4607 25915 25138 5780 2810 14990 12819 1585 2171 3659 3044 1824 1270
is_linear=0
shrinkage=0.05


Tree=129
num_leaves=31
num_cat=0
split_feature=12 6 1 1 2 4 2 1 7 14 8 8 8 11 12 13 13 12 8 12 3 2 11 11 2 8 8 13 14 12
split_gain=147.293 62.1731 21.0011 12.3099 9.82019 7.2712 10.8609 14.2443 6.37991 6.48564 6.14877 6.14047 10.7751 5.66082 5.50569 4.67845 4.63964 4.58799 5.55351 4.5486 4.45345 4.3685 4.28537 3.94182 4.351 3.87863 6.36936 3.82852 3.22348 8.11537
threshold=0.029088779508699588 1.0000000180025095e-35 3.5000000000000004 5.5000000000000009 23.500000000000004 9.5000000000000018 7.5000000000000009 1.5000000000000002 1.0000000180025095e-35 0.091560473374119808 3.5000000000000004 2.5000000000000004 1.5000000000000002 0.012560480316256695 0.02191745228291692 0.1134940027656537 0.81003661871505772 0.019271711222591036 1.0000000180025095e-35 4.6570589242905376 1.0000000180025095e-35 19.500000000000004 7.701608116388571 4.9651627472506323 9.5000000000000018 2.5000000000000004 1.5000000000000002 0.26438069042239559 0.6266988368345684 1.0589607478781462
decision_type=2 2 2 2 2 2 2 2 2 2 2 2 2 2 2 2 2 2 2 2 2 2 2 2 2 2 2 2 2 2
left_child=1 2 5 4 8 6 7 16 9 10 11 12 -4 -7 -12 25 -1 -3 -19 23 -15 -8 -21 28 -25 26 -5 -20 29 -2
right_child=19 17 3 15 -6 13 21 -9 -10 -11 14 -13 -14 20 -16 -17 -18 18 27 22 -22 -23 -24 24 -26 -27 -28 -29 -30 -31
leaf_value=-3.1093186088544668e-05 -2.5140035243609307e-05 -0.00011046492685352116 -5.9824347442114828e-05 -1.1979995957475849e-05 -7.8480815083595718e-05 -4.6725507706277346e-05 -3.1771948052741405e-05 -9.8561360635379341e-05 3.6386536051900148e-05 -9.260467091844974e-05 -1.6688380263873548e-05 -9.2309419749945143e-05 5.9006053521407003e-05 -4.0496935623137281e-05 0.00030385118021206202 -6.5467364538270191e-05 -0.00012133164724856885 -0.00010366549841107752 -3.8576566805317157e-05 0.019521925315779842 2.7278796671123367e-05 5.8812009997786553e-05 -0.0034612741077459709 0.0016556806012304028 -0.0048948825192436712 -4.9907181813861094e-05 0.00012684451510849832 -0.00010220755190141416 8.8312034207059173e-05 -0.0030577544074293392
leaf_weight=2032 17819 881 1848 939 1123 1766 3165 1068 204 2223 168 822 235 418 58 1263 77 319 271 544 1894 553 207 681 1195 613 106 103 52946 1426
leaf_count=2032 17819 881 1848 939 1123 1766 3165 1068 204 2223 168 822 235 418 58 1263 77 319 271 544 1894 553 207 681 1195 613 106 103 52946 1426
internal_value=-0.00110373 -0.00468531 -0.00395261 -0.00566028 -0.00684404 -0.00245831 -0.00344815 -0.0055949 -0.00598237 -0.00631304 -0.00484669 -0.00546472 -0.00402064 -0.000784698 0.00309735 -0.00295276 -0.00321242 -0.014263 -0.0112193 -4.34387e-05 0.000843426 -0.00161377 0.00382823 -8.26954e-05 -0.00234542 -0.00120627 0.000645933 -0.00708556 -2.38949e-05 -0.000578072
internal_weight=96967 22149 20575 9602 6681 10973 6895 3177 5558 5354 3131 2905 2083 4078 226 2921 2109 1574 693 74818 2312 3718 751 74067 1876 1658 1045 374 72191 19245
internal_count=96967 22149 20575 9602 6681 10973 6895 3177 5558 5354 3131 2905 2083 4078 226 2921 2109 1574 693 74818 2312 3718 751 74067 1876 1658 1045 374 72191 19245
is_linear=0
shrinkage=0.05


Tree=130
num_leaves=31
num_cat=0
split_feature=12 6 1 4 2 2 2 2 13 6 12 12 14 8 12 12 1 2 14 2 2 10 8 8 12 0 13 8 2 9
split_gain=119.197 60.5917 17.0621 12.4041 13.3353 9.21119 6.80207 7.02837 6.6678 5.38991 6.83606 14.2607 6.14416 5.78433 5.75802 5.98418 5.00662 4.94533 5.73132 4.91058 5.9424 5.10984 4.34228 5.73694 4.26029 4.17036 4.15503 4.00439 3.45592 3.38356
threshold=0.029088779508699588 1.0000000180025095e-35 3.5000000000000004 3.5000000000000004 7.5000000000000009 3.5000000000000004 9.5000000000000018 23.500000000000004 0.16452032183195245 1.0000000180025095e-35 0.16296266310720589 0.24533744914098818 2.36773265736463 3.5000000000000004 0.48938776846765614 1.8098776341711413 4.5000000000000009 11.500000000000002 0.014847717527210735 15.500000000000002 3.5000000000000004 6.5819866644524661 2.5000000000000004 1.5000000000000002 0.019271711222591036 13.500000000000002 0.18404661755429819 1.0000000180025095e-35 13.500000000000002 8.3931166691788146
decision_type=2 2 2 2 2 2 2 2 2 2 2 2 2 2 2 2 2 2 2 2 2 2 2 2 2 2 2 2 2 2
left_child=1 2 19 8 5 -5 -6 -8 17 12 13 -12 29 -11 -13 -16 25 -4 -19 20 -1 28 23 -9 -3 -14 -7 -26 -22 -2
right_child=9 24 3 4 6 26 7 22 -10 10 11 14 16 -15 15 -17 -18 18 -20 -21 21 -23 -24 -25 27 -27 -28 -29 -30 -31
leaf_value=4.0761484192617698e-06 3.0133280687114072e-05 -0.00010365789890786644 -7.3573082653279059e-05 -8.0285489666593644e-05 -8.9003339154171071e-05 2.4892357931348594e-05 -2.8882680590710046e-05 -6.128764059046034e-05 -6.6475473019252974e-05 -0.00022712337643607608 0.00041913320149737231 -0.00071997530272656938 0.023665969322968362 0.00022173469527751342 0.00014254403963616518 -0.0022151388620495595 -0.0018947907724082781 -6.6019885121418927e-05 4.3544268349610465e-05 -1.487404623796056e-05 -0.00012468772427205523 -3.8948426659903697e-05 -9.1618331746350188e-05 9.4705457480289987e-05 -9.8267979431126371e-05 0.0034562002495364787 -5.3175489356461011e-05 -5.8938324376884081e-05 2.6569252270226745e-05 -0.00016454888927256648
leaf_weight=1052 44419 863 322 2047 1108 765 1114 921 908 393 403 488 259 72 1928 1985 1064 456 986 4156 242 5544 573 65 309 2727 350 376 48 20906
leaf_count=1052 44419 863 322 2047 1108 765 1114 921 908 393 403 488 259 72 1928 1985 1064 456 986 4156 242 5544 573 65 309 2727 350 376 48 20906
internal_value=-0.00109939 -0.00431547 -0.00360047 -0.00514041 -0.0062545 -0.00385832 -0.0082584 -0.006893 -0.00224551 -0.000142677 -0.00168438 -0.00112406 -2.55856e-05 -0.00747312 -0.00194842 -0.00130974 0.0018642 -0.000453515 0.000797503 -0.00225955 -0.00307871 -0.00370243 -0.0090603 -0.00704868 -0.0138566 0.0029136 -0.000201794 -0.0109124 -0.0101724 -0.000142748
internal_weight=96849 22205 20657 9615 6943 3162 3781 2673 2672 74644 5269 4804 69375 465 4401 3913 4050 1764 1442 11042 6886 5834 1559 986 1548 2986 1115 685 290 65325
internal_count=96849 22205 20657 9615 6943 3162 3781 2673 2672 74644 5269 4804 69375 465 4401 3913 4050 1764 1442 11042 6886 5834 1559 986 1548 2986 1115 685 290 65325
is_linear=0
shrinkage=0.05


Tree=131
num_leaves=31
num_cat=0
split_feature=0 6 12 3 4 8 8 1 1 4 12 1 3 12 11 14 0 12 6 12 11 14 6 14 0 0 12 8 12 8
split_gain=112.618 53.015 11.5054 9.62498 17.4303 7.6467 11.2498 6.35286 5.871 6.07997 6.57697 5.7715 5.90326 4.9848 4.77722 4.66802 10.9829 7.92932 5.72096 5.24476 9.99798 5.49072 6.48998 5.17957 7.63146 5.31562 4.60176 4.30596 4.18205 4.02748
threshold=4.5000000000000009 1.0000000180025095e-35 0.013708051148823178 1.0000000180025095e-35 3.5000000000000004 1.0000000180025095e-35 1.5000000000000002 1.5000000000000002 1.5000000000000002 1.0000000180025095e-35 2.1666505857418072 1.0000000180025095e-35 1.0000000180025095e-35 0.036601037503785898 0.012866563056333309 0.021707794896444324 5.5000000000000009 0.12789232298815734 1.0000000180025095e-35 0.28214596688078336 0.2890576380407171 0.25236997910659409 1.0000000180025095e-35 0.088883986181368682 6.5000000000000009 22.500000000000004 0.018851908243793732 1.5000000000000002 0.018241712731122777 1.5000000000000002
decision_type=2 2 2 2 2 2 2 2 2 2 2 2 2 2 2 2 2 2 2 2 2 2 2 2 2 2 2 2 2 2
left_child=1 2 -1 4 -4 -5 -7 13 9 10 -2 -11 28 -6 -8 18 27 -18 -10 23 29 22 -22 24 -19 -25 -3 -17 -13 -21
right_child=8 26 3 5 7 6 14 -9 15 11 -12 12 -14 -15 -16 16 17 19 -20 20 21 -23 -24 25 -26 -27 -28 -29 -30 -31
leaf_value=-7.2150784633899986e-05 0.00063916919719531897 -0.00010193889529730481 -2.4478534582376631e-05 1.8731646629603291e-05 -3.0564061399034058e-05 -7.8826902454260349e-05 -6.2674201062896601e-05 -5.9540232512335458e-05 -2.4559962932415269e-05 -0.00010212674266358858 0.031006189214500868 -8.0070315207552128e-05 0.00066484153972795612 -0.00037320865969661492 1.1364893870655786e-05 -3.8042003798244169e-05 -0.00036832297398183835 0.00017644685416351761 -7.7666105525227172e-05 -0.00052903105523173239 -0.00071687754710388909 -0.00021676522266814505 -0.0016158952801477501 0.00034894117015555617 -0.00031342845270377549 -5.1097726899120705e-05 -7.7477398800148521e-05 0.00028462662512762117 2.3105420279695682e-05 -0.0019496644980847968
leaf_weight=2716 1369 760 4127 1937 1359 1569 946 4267 2175 9118 443 101 5439 55 1681 112 1351 1189 142 679 1431 40372 116 3357 1124 1674 680 463 5378 639
leaf_count=2716 1369 760 4127 1937 1359 1569 946 4267 2175 9118 443 101 5439 55 1681 112 1351 1189 142 679 1431 40372 116 3357 1124 1674 680 463 5378 639
internal_value=-0.0010011 -0.00433274 -0.00361928 -0.00310677 -0.0040783 -0.00155307 -0.00275262 -0.00587485 -0.000127817 0.000565269 0.00333885 0.000314434 0.00108994 -0.0029703 -0.000751808 -0.00040402 -0.000307102 -0.000383193 -0.00260035 -0.000282221 -0.000492055 -0.000357237 -0.00328054 0.000953159 -0.00100519 0.00185351 -0.0135764 0.00656522 -6.84431e-05 -0.00477997
internal_weight=96769 20097 18657 15941 9808 6133 4196 5681 76672 21848 1812 20036 10918 1414 2627 54824 52507 51932 2317 50581 43237 41919 1547 7344 2313 5031 1440 575 5479 1318
internal_count=96769 20097 18657 15941 9808 6133 4196 5681 76672 21848 1812 20036 10918 1414 2627 54824 52507 51932 2317 50581 43237 41919 1547 7344 2313 5031 1440 575 5479 1318
is_linear=0
shrinkage=0.05


Tree=132
num_leaves=31
num_cat=0
split_feature=12 6 1 2 2 2 2 8 8 14 8 2 8 11 12 2 12 12 2 11 4 0 8 1 7 9 10 0 11 8
split_gain=111.942 49.1245 16.822 9.9764 9.17853 9.60772 8.74894 7.33515 6.25272 5.68747 5.1887 5.00377 4.95007 4.86489 4.71927 4.68266 4.67123 4.55488 4.41163 4.31779 4.01276 4.64601 3.91311 3.78616 3.66083 3.56244 6.49318 3.49903 4.43934 5.69293
threshold=0.027951857891066644 1.0000000180025095e-35 3.5000000000000004 23.500000000000004 11.500000000000002 7.5000000000000009 9.5000000000000018 1.0000000180025095e-35 1.5000000000000002 2.4906633606924822 2.5000000000000004 3.5000000000000004 1.0000000180025095e-35 6.0039328887988752 0.021302881434901031 2.5000000000000004 0.012053298097908274 0.018851908243793732 12.500000000000002 0.030658680466252187 1.0000000180025095e-35 13.500000000000002 2.5000000000000004 5.5000000000000009 1.0000000180025095e-35 7.0608597345663666 6.3549855041068239 20.500000000000004 1.6329516957319232 1.0000000180025095e-35
decision_type=2 2 2 2 2 2 2 2 2 2 2 2 2 2 2 2 2 2 2 2 2 2 2 2 2 2 2 2 2 2
left_child=1 2 12 4 5 7 -7 15 -9 13 -10 -12 -1 25 -6 -4 -8 -3 -15 -19 -11 -22 23 -5 -14 -2 -27 -28 -29 -30
right_child=9 17 3 22 14 6 16 8 10 20 11 -13 24 18 -16 -17 -18 19 -20 -21 21 -23 -24 -25 -26 26 27 28 29 -31
leaf_value=-7.4440341702864194e-06 0.0012019667176508932 -9.2231771074626029e-05 -7.2217092791074944e-05 -6.074438259246443e-05 -4.3310478783322197e-05 -8.1625333519960881e-05 -7.4293911595370223e-05 -8.5754160104064249e-05 0.0001072978256377314 0.021436258110758156 -8.5099713069541029e-05 1.7008079637870558e-05 -3.4284930530077308e-05 0.0020349703965117706 5.0751138566427527e-05 4.3677960914648153e-05 -3.8591947123775387e-05 -5.6934539390373838e-05 -0.0099105910194492337 -8.1971925398743439e-05 0.020511326255679731 0.00079560174831125883 -9.424042026004495e-05 -2.0757768013998255e-05 8.8743117256066565e-05 -0.00096619064028692777 2.0847472729190742e-05 -0.00011204172334690205 -0.0055505534052023887 -0.0014066019268507424
leaf_weight=2987 1011 836 305 702 1720 1103 232 1037 126 345 713 395 7672 311 387 533 1335 334 499 396 247 2505 559 226 150 479 58257 10256 290 920
leaf_count=2987 1011 836 305 702 1720 1103 232 1037 126 345 713 395 7672 311 387 533 1335 334 499 396 247 2505 559 226 150 479 58257 10256 290 920
internal_value=-0.000921873 -0.00408084 -0.00341889 -0.00496906 -0.00426072 -0.00529071 -0.00749064 -0.00340142 -0.00487671 -7.32162e-06 -0.00247164 -0.00356498 -0.00207466 -9.75383e-05 -0.00143569 0.000596659 -0.00508934 -0.0126117 -0.00395062 -0.00972603 0.00209073 0.00145349 -0.00872562 -0.00673491 -0.00273587 -5.37121e-05 -9.61511e-05 -5.62942e-05 -0.000854701 -0.00371901
internal_weight=96868 21748 20182 9373 7886 5779 2670 3109 2271 75120 1234 1108 10809 72023 2107 838 1567 1566 810 730 3097 2752 1487 928 7822 71213 70202 69723 11466 1210
internal_count=96868 21748 20182 9373 7886 5779 2670 3109 2271 75120 1234 1108 10809 72023 2107 838 1567 1566 810 730 3097 2752 1487 928 7822 71213 70202 69723 11466 1210
is_linear=0
shrinkage=0.05


Tree=133
num_leaves=31
num_cat=0
split_feature=12 6 1 2 2 2 2 2 2 8 12 6 7 12 12 12 8 11 12 2 12 11 2 1 12 8 8 8 1 2
split_gain=101.646 52.8636 16.0328 10.1171 7.34769 5.99112 6.21711 7.30003 6.96245 5.99338 5.09219 4.94322 5.5876 5.14406 16.3408 7.58028 6.35548 4.56395 4.33536 4.21354 3.73742 3.72044 3.65874 7.75144 3.50816 3.28825 3.68186 3.22598 3.21047 8.60168
threshold=0.03057491011296894 1.0000000180025095e-35 3.5000000000000004 23.500000000000004 15.500000000000002 11.500000000000002 7.5000000000000009 9.5000000000000018 3.5000000000000004 1.0000000180025095e-35 0.018851908243793732 1.0000000180025095e-35 1.0000000180025095e-35 0.16296266310720589 0.27153305017447688 0.48938776846765614 3.5000000000000004 0.010196141734858633 3.5351141344718853 3.5000000000000004 2.8406717104720709 0.030658680466252187 7.5000000000000009 1.5000000000000002 0.015029169175175128 1.0000000180025095e-35 2.5000000000000004 1.0000000180025095e-35 1.5000000000000002 4.5000000000000009
decision_type=2 2 2 2 2 2 2 2 2 2 2 2 2 2 2 2 2 2 2 2 2 2 2 2 2 2 2 2 2 2
left_child=1 2 4 5 19 6 8 -8 -4 -7 -3 12 28 16 -15 -16 -13 -6 -17 -1 -14 -12 23 -21 -5 -26 -27 -25 29 -2
right_child=11 10 3 24 17 9 7 -9 -10 -11 21 13 20 14 15 18 -18 -19 -20 22 -22 -23 -24 27 25 26 -28 -29 -30 -31
leaf_value=-1.97167780747326e-07 -0.0011400410781222878 -9.4581807124613246e-05 -6.8715695204971466e-05 -8.1374202849300668e-05 -4.3826225322320633e-05 4.3168943567941605e-05 -7.6944525357117591e-05 -3.9921634248669961e-05 -8.3707966100111948e-07 -4.5355918196805185e-05 -5.188071761740264e-05 -0.0002533489406884318 9.4382481494219555e-05 0.00036296931728114113 -0.0010154107891672899 -0.00039274663310968628 0.00019084717529585613 1.1116539574603564e-05 -0.0066915438859253334 -3.3969287149386313e-05 0.010269022795670846 -8.107251435415623e-05 -2.3318913164533135e-05 -0.00013644974692268963 -6.9325038306348576e-05 -1.4178289739126462e-05 -6.6542636986771043e-05 -6.3055384986022986e-05 -7.6488504466848411e-05 0.00028926448138920786
leaf_weight=1077 1664 832 2110 443 1291 624 1076 1656 1084 1562 325 369 1754 512 419 3735 68 2914 249 2138 952 449 2692 314 383 371 369 779 47557 17041
leaf_count=1077 1664 832 2110 443 1291 624 1076 1656 1084 1562 325 369 1754 512 419 3735 68 2914 249 2138 952 449 2692 314 383 371 369 779 47557 17041
internal_value=-0.000922177 -0.00386745 -0.00319518 -0.00468589 -0.00190763 -0.00397559 -0.00480088 -0.00655198 -0.00330307 -0.00173833 -0.012609 -3.09473e-05 8.2647e-05 -0.00149477 -0.00103255 -0.00201567 -0.00669336 -0.000255648 -0.00134287 -0.0029 0.00230968 -0.00968992 -0.0034231 -0.00455741 -0.00836526 -0.0068789 -0.00493243 -0.00798262 -8.30038e-06 0.000546645
internal_weight=96809 22489 20883 9678 11205 8112 5926 2732 3194 2186 1606 74320 68968 5352 4915 4403 437 4205 3984 7000 2706 774 5923 3231 1566 1123 740 1093 66262 18705
internal_count=96809 22489 20883 9678 11205 8112 5926 2732 3194 2186 1606 74320 68968 5352 4915 4403 437 4205 3984 7000 2706 774 5923 3231 1566 1123 740 1093 66262 18705
is_linear=0
shrinkage=0.05


Tree=134
num_leaves=31
num_cat=0
split_feature=12 6 1 2 2 12 11 1 2 12 2 2 8 8 2 4 2 8 2 12 8 13 14 2 8 12 8 2 2 4
split_gain=102.481 52.4597 13.0522 9.0597 7.79537 5.85988 5.3354 5.18322 8.84371 5.16476 5.01461 8.04731 6.98996 6.28613 4.93798 7.25287 11.9289 7.90585 7.43203 9.97529 5.6061 4.49635 4.42459 4.25543 4.12173 4.05714 3.98147 3.93796 6.62774 17.3992
threshold=0.029088779508699588 1.0000000180025095e-35 3.5000000000000004 23.500000000000004 11.500000000000002 0.018642403595228313 0.030658680466252187 1.5000000000000002 4.5000000000000009 0.12789232298815734 7.5000000000000009 9.5000000000000018 1.0000000180025095e-35 1.5000000000000002 12.500000000000002 1.0000000180025095e-35 27.500000000000004 1.0000000180025095e-35 28.500000000000004 3.4493351246816402 1.0000000180025095e-35 0.069094771518869988 1.9371143048785475 26.500000000000004 1.0000000180025095e-35 0.016909315208142959 2.5000000000000004 21.500000000000004 10.500000000000002 4.5000000000000009
decision_type=2 2 2 2 2 2 2 2 2 2 2 2 2 2 2 2 2 2 2 2 2 2 2 2 2 2 2 2 2 2
left_child=1 2 -1 4 10 -3 -7 8 21 -10 12 -12 -4 -14 22 17 23 -16 -18 20 -20 -2 -11 -17 -6 -5 -15 28 29 -9
right_child=7 5 3 25 24 6 -8 27 9 14 11 -13 13 26 15 16 18 -19 19 -21 -22 -23 -24 -25 -26 -27 -28 -29 -30 -31
leaf_value=-2.5489552376802701e-05 0.00042735500960868898 -8.9852716768382569e-05 3.2415688547254853e-06 -7.1274237966846216e-05 4.1808218681170344e-05 -4.5306348751012176e-05 -7.9975896765028479e-05 -0.00091976230040715582 -0.00010868816697493693 0.0005886770975078615 -7.1093632770983552e-05 -3.7211229331881454e-05 -8.6286678805036141e-05 8.6488470824164055e-05 0.01013574250622804 -0.00013452869808995677 0.0032603679080011774 0.001630612657848707 0.0014120576314762185 0.032140572503711121 -0.00066591021243963687 -0.0015555046646287985 0.0060360712078655959 -0.0011331433785042866 -3.8790823074285383e-05 -4.8045208549049074e-05 -5.1093090381583267e-05 -0.00016194821047086223 0.00036161626506103219 6.1605933491435359e-06
leaf_weight=10999 105 829 861 677 615 345 421 3638 884 3925 1134 1601 1027 134 474 5024 1648 1234 863 190 2374 1733 1112 1727 1533 859 1138 12591 12304 24716
leaf_count=10999 105 829 861 677 615 345 421 3638 884 3925 1134 1601 1027 134 474 5024 1648 1234 863 190 2374 1733 1112 1727 1533 859 1138 12591 12304 24716
internal_value=-0.000897741 -0.00388197 -0.00320488 -0.00455423 -0.00388226 -0.0126176 -0.00946475 -1.00614e-05 0.000649274 0.000962478 -0.00482188 -0.0063894 -0.00346519 -0.00490431 0.00114022 0.000642825 0.000202943 0.00368852 0.00203448 0.000707616 5.40624e-05 -0.00266594 0.00247667 -0.0011739 -0.00130354 -0.00807292 -0.00255503 -0.000273714 -3.44336e-05 -0.000454962
internal_weight=96715 22173 20578 9579 8043 1595 766 74542 21293 19455 5895 2735 3160 2299 18571 13534 11826 1708 5075 3427 3237 1838 5037 6751 2148 1536 1272 53249 40658 28354
internal_count=96715 22173 20578 9579 8043 1595 766 74542 21293 19455 5895 2735 3160 2299 18571 13534 11826 1708 5075 3427 3237 1838 5037 6751 2148 1536 1272 53249 40658 28354
is_linear=0
shrinkage=0.05


Tree=135
num_leaves=31
num_cat=0
split_feature=0 6 12 3 4 8 8 12 12 12 1 11 2 10 7 8 12 0 2 4 2 4 8 8 2 8 12 12 2 2
split_gain=80.9662 41.0778 14.145 6.57459 11.5811 7.2338 7.85698 5.54597 4.60858 4.48492 4.47852 4.22245 6.97533 4.17327 4.06574 3.8699 10.105 8.56768 7.91294 15.8772 8.28703 13.3533 17.2343 12.0139 9.23202 8.18524 6.44243 5.76638 5.74613 10.8481
threshold=4.5000000000000009 1.0000000180025095e-35 0.013708051148823178 1.0000000180025095e-35 1.5000000000000002 1.0000000180025095e-35 1.5000000000000002 5.1016967195759895 0.036601037503785898 0.029088779508699588 1.0000000180025095e-35 6.5797783177436804 11.500000000000002 7.1598182381200806 1.0000000180025095e-35 2.5000000000000004 0.032781885571144261 5.5000000000000009 9.5000000000000018 5.5000000000000009 7.5000000000000009 7.5000000000000009 1.0000000180025095e-35 1.0000000180025095e-35 4.5000000000000009 1.0000000180025095e-35 1.127708237104577 1.8790805478572115 20.500000000000004 18.500000000000004
decision_type=2 2 2 2 2 2 2 2 2 2 2 2 2 2 2 2 2 2 2 2 2 2 2 2 2 2 2 2 2 2
left_child=1 2 -1 4 10 -5 -7 11 9 13 -4 14 -13 -6 15 18 -17 -18 19 25 21 22 -21 -23 27 -2 -22 -25 29 -20
right_child=7 -3 3 5 8 6 -8 -9 -10 -11 -12 12 -14 -15 -16 16 17 -19 28 20 26 23 -24 24 -26 -27 -28 -29 -30 -31
leaf_value=-6.6483272710758402e-05 -0.0010930228175440788 -7.3326395349471946e-05 9.896902703597534e-05 2.4578874687449048e-05 -5.6597096647279576e-05 -6.6275628201655474e-05 -7.7655739637619649e-06 0.015978208809085914 -0.00024303028364960571 1.5219269622246055e-05 -2.5624752438961446e-05 0.0059807935656139627 -0.008939008790707437 -3.2125226008900697e-05 0.00039344050351622362 -5.713354323404062e-05 0.00035791447204904376 -0.00020378453467188447 0.00011597065020264153 -0.0014125215501278568 -1.7277930183615901e-05 0.00032551703898871974 -1.132922754544987e-05 -0.00024664376203557272 0.00023416254997237209 -0.0002171992882047641 0.005418856491026392 -0.0063516688777789376 -7.9166502891124025e-06 0.0028077995426892101
leaf_weight=2752 1049 1423 426 1930 1846 1622 2641 351 162 389 2307 199 404 4660 2663 868 503 24660 11364 1026 1010 6107 1235 3729 2481 1225 1243 1267 13303 2271
leaf_count=2752 1049 1423 426 1930 1846 1622 2641 351 162 389 2307 199 404 4660 2663 868 503 24660 11364 1026 1010 6107 1235 3729 2481 1225 1243 1267 13303 2271
internal_value=-0.000812945 -0.00363379 -0.00301174 -0.00244166 -0.00324821 -0.00116664 -0.00231644 -7.40664e-05 -0.00431841 -0.00412255 -0.000484815 -0.000102797 -0.00427032 -0.00443437 -6.97332e-05 -0.000139417 -0.000629058 -0.000446091 0.000129994 -0.000613587 -0.000118798 -0.000522247 -0.00408005 6.99352e-05 -0.00127391 -0.00455145 0.0027186 -0.00251201 0.000692331 0.00141364
internal_weight=97116 20158 18735 15983 9790 6193 4263 76958 7057 6895 2733 76607 603 6506 76004 73341 26031 25163 47310 20372 18098 15845 2261 13584 7477 2274 2253 4996 26938 13635
internal_count=97116 20158 18735 15983 9790 6193 4263 76958 7057 6895 2733 76607 603 6506 76004 73341 26031 25163 47310 20372 18098 15845 2261 13584 7477 2274 2253 4996 26938 13635
is_linear=0
shrinkage=0.05


Tree=136
num_leaves=31
num_cat=0
split_feature=12 6 1 2 12 12 2 4 8 1 12 4 3 7 2 2 1 1 0 12 0 8 12 1 2 12 2 0 12 0
split_gain=73.0055 45.8357 11.7562 7.62403 6.24464 5.53234 5.1474 5.44414 4.81461 4.40796 4.20479 4.58671 6.32682 3.64047 3.4889 5.26508 7.49127 3.09616 3.07328 5.14615 4.83005 8.66073 9.83542 7.04108 6.75607 6.20483 5.95532 5.94613 7.96315 7.68641
threshold=0.029088779508699588 1.0000000180025095e-35 3.5000000000000004 23.500000000000004 0.01560799077449878 0.018642403595228313 10.500000000000002 4.5000000000000009 1.0000000180025095e-35 1.5000000000000002 4.6570589242905376 1.5000000000000002 1.0000000180025095e-35 1.0000000180025095e-35 3.5000000000000004 7.5000000000000009 1.5000000000000002 5.5000000000000009 20.500000000000004 2.0853656062197135 17.500000000000004 1.5000000000000002 2.1666505857418072 3.5000000000000004 9.5000000000000018 0.23801269327374347 6.5000000000000009 13.500000000000002 1.8098776341711413 16.500000000000004
decision_type=2 2 2 2 2 2 2 2 2 2 2 2 2 2 2 2 2 2 2 2 2 2 2 2 2 2 2 2 2 2
left_child=1 2 13 4 8 -3 7 -6 -4 -7 18 -12 -13 14 -1 16 -16 -5 20 -20 27 22 -22 -24 -25 -23 -27 -2 -29 -30
right_child=10 5 3 17 6 9 -8 -9 -10 -11 11 12 -14 -15 15 -17 -18 -19 19 -21 21 25 23 24 -26 26 -28 28 29 -31
leaf_value=2.1163945743868202e-05 3.1849909576795074e-05 -8.1124979183107824e-05 -6.6917595001780159e-06 -5.6467213935272858e-05 -6.5782774613877898e-05 1.5698002159747395e-06 4.2516036623053808e-06 -2.8336146335080498e-05 -6.0355934842837473e-05 -6.4356613061263178e-05 0.1014439485014985 -0.0018968143170876807 0.025159665495628494 8.4970466627535759e-05 -2.5932949322612747e-05 -1.6890364920264975e-05 -7.2568068990909286e-05 -3.9745201683909346e-05 -0.00015877568754405771 -0.0078463019973283709 0.0098233107705106241 0.0013685831753886644 0.0041560038108378605 -0.007031582079854326 0.0020314638026928569 0.0016203506655679907 -0.0015796701292504212 -5.4861537559014462e-05 -0.0053169110161513716 -0.00072651058813464351
leaf_weight=1041 34080 811 523 1092 789 106 1410 2349 3019 649 61 383 299 190 2092 6613 1033 436 11794 354 1084 83 3415 938 1083 1414 3537 9731 3365 2999
leaf_count=1041 34080 811 523 1092 789 106 1410 2349 3019 649 61 383 299 190 2092 6613 1033 436 11794 354 1084 83 3415 938 1083 1414 3537 9731 3365 2999
internal_value=-0.000823318 -0.00334379 -0.00271652 -0.00399251 -0.00338072 -0.01159 -0.00215479 -0.00328235 -0.00495483 -0.00850993 -7.50469e-05 0.00366756 0.00249267 -0.00159768 -0.00171862 -0.00201273 -0.003704 -0.00723168 -0.000112687 -0.000839644 3.03747e-05 0.000952051 0.00215491 0.00128771 -0.00105146 -0.00060588 -0.000833165 -0.000181863 -0.000973905 -0.00234915
internal_weight=96773 22153 20587 9618 8090 1566 4548 3138 3542 755 74620 743 682 10969 10779 9738 3125 1528 73877 12148 61729 11554 6520 5436 2021 5034 4951 50175 16095 6364
internal_count=96773 22153 20587 9618 8090 1566 4548 3138 3542 755 74620 743 682 10969 10779 9738 3125 1528 73877 12148 61729 11554 6520 5436 2021 5034 4951 50175 16095 6364
is_linear=0
shrinkage=0.05


Tree=137
num_leaves=31
num_cat=0
split_feature=12 6 1 2 2 12 11 11 13 12 14 2 4 4 8 3 8 8 14 2 0 12 11 8 0 0 12 1 7 12
split_gain=66.5958 34.994 10.96 4.9636 4.92132 4.86061 4.30594 5.00253 4.13291 5.15035 4.16951 4.05244 6.06785 4.00515 9.69042 6.16864 12.0164 7.8556 6.31413 5.5404 5.03107 4.81585 4.80162 6.48657 6.06062 4.36741 5.31937 4.29649 4.25889 4.19629
threshold=0.027951857891066644 1.0000000180025095e-35 3.5000000000000004 23.500000000000004 15.500000000000002 0.018642403595228313 0.03887794290427448 0.008869493422509889 1.3768289722579556 2.3629150681186144 0.88651070079589156 11.500000000000002 4.5000000000000009 1.0000000180025095e-35 1.0000000180025095e-35 1.0000000180025095e-35 1.0000000180025095e-35 2.5000000000000004 2.0904543030714344 17.500000000000004 17.500000000000004 3.373311256205707 1.382908415275633 1.0000000180025095e-35 14.500000000000002 19.500000000000004 1.7941351180353482 5.5000000000000009 1.0000000180025095e-35 0.28214596688078336
decision_type=2 2 2 2 2 2 2 2 2 2 2 2 2 2 2 2 2 2 2 2 2 2 2 2 2 2 2 2 2 2
left_child=1 2 4 11 -1 -3 7 -6 9 -2 -11 12 -4 14 21 16 25 18 20 -16 -18 -10 27 -24 28 26 -15 -17 -25 -27
right_child=8 5 3 -5 6 -7 -8 -9 13 10 -12 -13 -14 15 19 22 17 -19 -20 -21 -22 -23 23 24 -26 29 -28 -29 -30 -31
leaf_value=-2.697148991595627e-05 -3.0134662803474323e-05 -7.2091929659955e-05 -5.2988293433098825e-05 -4.776763168345237e-05 -3.6672287010898477e-05 -5.3570949654803976e-05 -6.4912343316618411e-05 1.8118594245730658e-05 0.0061791940744393876 -0.018481086909143879 -0.0029636923919663773 -2.4225280220656516e-05 -3.8827438998800297e-05 0.0017410551190722102 -0.002584277738047014 0.00031983835254264517 -0.00077487929678731198 -0.00046458662291363995 0.0046424934727499036 0.0031746941715509848 0.0013071648947605514 0.061734247035887438 0.011442214037389499 0.0041056021449575875 -0.00098472240726839018 0.0002203019701664935 -0.0027749253548868453 -0.0035676765306111276 0.036294525789815422 -0.0020242871088835749
leaf_weight=6809 39697 812 1607 1531 887 772 134 2944 1158 64 3510 2153 4205 638 1609 4241 1885 6312 1284 1608 2037 237 1914 1297 2624 143 2642 452 181 1594
leaf_count=6809 39697 812 1607 1531 887 772 134 2944 1158 64 3510 2153 4205 638 1609 4241 1885 6312 1284 1608 2037 237 1914 1297 2624 143 2642 452 181 1594
internal_value=-0.000766903 -0.00319621 -0.0026369 -0.00387532 -0.00154539 -0.0103535 -0.000145019 0.000163143 -6.02313e-05 -0.000378429 -0.00219642 -0.00337414 -0.00406056 0.000371986 0.00173461 0.000141316 -0.000464167 0.000425421 0.00186323 0.000225365 0.000866905 0.00521505 0.0010762 0.0020113 0.00088981 -0.00250648 -0.00143293 -0.000122523 0.00345061 -0.00453368
internal_weight=96981 21854 20270 9496 10774 1584 3965 3831 75127 43271 3574 7965 5812 31856 4612 27244 16535 11518 5206 3217 3922 1395 10709 6016 4102 5017 3280 4693 1478 1737
internal_count=96981 21854 20270 9496 10774 1584 3965 3831 75127 43271 3574 7965 5812 31856 4612 27244 16535 11518 5206 3217 3922 1395 10709 6016 4102 5017 3280 4693 1478 1737
is_linear=0
shrinkage=0.05


Tree=138
num_leaves=31
num_cat=0
split_feature=0 6 12 4 3 12 8 8 7 8 12 0 4 4 2 0 14 12 8 12 11 8 12 11 9 12 9 12 1 8
split_gain=62.0877 27.806 8.6617 6.9094 11.3969 5.90878 5.14289 7.23641 4.73443 4.80954 9.27908 7.54225 7.48192 6.55642 10.2749 6.5567 11.6641 7.13384 8.77838 6.40158 6.5406 6.27111 6.2524 5.66942 5.31826 4.56449 4.4953 4.34365 4.30521 4.24967
threshold=4.5000000000000009 1.0000000180025095e-35 0.013454374309724354 1.0000000180025095e-35 1.0000000180025095e-35 0.036601037503785898 1.0000000180025095e-35 1.5000000000000002 1.0000000180025095e-35 2.5000000000000004 0.032781885571144261 5.5000000000000009 3.5000000000000004 1.0000000180025095e-35 17.500000000000004 6.5000000000000009 0.11125199692356876 0.24533744914098818 1.5000000000000002 0.13279959401290262 4.9651627472506323 1.0000000180025095e-35 3.2481109671717454 0.11443905454083349 9.1540300871694633 0.21840486120628935 7.0608597345663666 0.21195280718300627 5.5000000000000009 2.5000000000000004
decision_type=2 2 2 2 2 2 2 2 2 2 2 2 2 2 2 2 2 2 2 2 2 2 2 2 2 2 2 2 2 2
left_child=1 2 -1 -4 5 -5 -6 -8 9 13 -11 -12 -13 14 21 17 25 18 23 -14 -21 -2 -16 -15 26 28 -18 -25 -17 -9
right_child=8 -3 3 4 6 -7 7 29 -10 10 11 12 19 15 22 16 24 -19 -20 20 -22 -23 -24 27 -26 -27 -28 -29 -30 -31
leaf_value=-5.8044796686844081e-05 0.00070100416204881282 -5.9547614416934937e-05 4.351520131570287e-06 -3.5107700063130229e-05 1.6034566669625299e-05 -0.00020180117175591555 -6.2270514349718577e-05 0.00010034236462347132 0.00043039283871744997 -5.410655468003562e-05 0.00032375552370536906 -0.0010156428363350685 -0.00045266730919517469 3.495803906322648e-07 0.0012033487628427292 -0.00033576340533905647 0.0043878461220202393 -0.0013388281379406149 0.00027870513844947543 1.94136344497272e-05 -0.0074662094416504095 -0.00085311767633412534 0.064851954099870698 0.00036939939160501417 -0.0014228702497832175 -0.0013910676855457462 -5.8863000671380983e-05 -0.00046901687356220027 0.00030496940634065219 -1.3481349817351559e-05
leaf_weight=2373 1577 1476 2346 7605 1937 170 1644 295 2739 878 500 5871 475 2416 3226 1698 332 157 239 18058 282 1875 189 1264 635 106 33735 197 227 2334
leaf_count=2373 1577 1476 2346 7605 1937 170 1644 295 2739 878 500 5871 475 2416 3226 1698 332 157 239 18058 282 1875 189 1264 635 106 33735 197 227 2334
internal_value=-0.000783121 -0.00325074 -0.00272936 -0.00231921 -0.00274044 -0.00401608 -0.00114332 -0.0021121 -0.000133679 -0.0002093 -0.000755832 -0.000579687 -0.000702828 8.82543e-05 0.00151813 -0.000151197 -0.000366836 0.00170255 0.00210155 -0.000216583 -6.8157e-05 -0.000405562 0.00346266 0.00152824 -0.000151288 -0.00404973 -6.67802e-05 0.003987 -0.00349351 -0.000484975
internal_weight=96856 20180 18704 16331 13985 7775 6210 4273 76676 73937 26064 25186 24686 47873 6867 41006 36733 4273 4116 18815 18340 3452 3415 3877 34702 2031 34067 1461 1925 2629
internal_count=96856 20180 18704 16331 13985 7775 6210 4273 76676 73937 26064 25186 24686 47873 6867 41006 36733 4273 4116 18815 18340 3452 3415 3877 34702 2031 34067 1461 1925 2629
is_linear=0
shrinkage=0.05


Tree=139
num_leaves=31
num_cat=0
split_feature=12 6 1 2 7 12 1 12 11 0 8 8 8 12 12 2 1 2 1 12 12 3 1 2 8 8 4 8 0 2
split_gain=55.0145 27.0934 8.34903 7.58858 5.39343 4.21969 4.15956 3.68446 3.7172 3.64806 5.04891 4.3647 6.10471 4.08613 3.95078 3.45032 19.795 9.43506 10.0962 8.10139 7.28255 7.18003 10.8447 9.36883 6.80309 6.67845 24.6667 13.9376 6.60768 5.95059
threshold=0.027951857891066644 1.0000000180025095e-35 3.5000000000000004 23.500000000000004 1.0000000180025095e-35 0.018642403595228313 5.5000000000000009 5.1016967195759895 7.701608116388571 4.5000000000000009 1.0000000180025095e-35 1.5000000000000002 2.5000000000000004 0.017842891276520469 0.022265249142163917 3.5000000000000004 3.5000000000000004 2.5000000000000004 5.5000000000000009 0.21195280718300627 1.1774420736118369 1.0000000180025095e-35 4.5000000000000009 26.500000000000004 1.0000000180025095e-35 1.0000000180025095e-35 1.0000000180025095e-35 2.5000000000000004 9.5000000000000018 4.5000000000000009
decision_type=2 2 2 2 2 2 2 2 2 2 2 2 2 2 2 2 2 2 2 2 2 2 2 2 2 2 2 2 2 2
left_child=1 2 -1 4 6 -3 9 15 -9 10 13 -12 -13 -4 -14 16 20 -18 -19 -20 -2 23 29 25 -24 26 28 -27 -17 -23
right_child=7 5 3 -5 -6 -7 -8 8 -10 -11 11 12 14 -15 -16 21 17 18 19 -21 -22 22 24 -25 -26 27 -28 -29 -30 -31
leaf_value=-1.8170559045611098e-05 -5.9055718374420242e-05 -6.9677228811800687e-05 4.7032894559555141e-06 -4.8137546133834435e-05 8.1523407656638845e-05 -4.9762175867627477e-05 -2.1612700025974015e-05 0.021812321370792899 -0.0025219911451887125 -6.4691812593106058e-06 -7.2962406106519016e-05 4.3506874226163263e-05 -5.423545524831089e-05 -5.8809782743987626e-05 0.00028582299617596602 -0.00024866837286630642 -0.0015176814117144862 0.00067810386016440021 0.00016333246144613033 -0.0030051445592306882 0.0068326752186110623 -0.00053267338775008497 0.0035715543988094067 -0.00042620556134945913 0.00092120876205464559 0.00049222916707318337 -0.00029705109363553086 -0.00014691057270790897 0.0059878284582698567 0.00021734443925739422
leaf_weight=10658 1516 813 790 1529 210 749 2375 255 142 801 1442 199 1520 559 52 697 3521 1745 290 1591 2016 1805 985 1883 2525 15540 10025 17651 2250 10711
leaf_count=10658 1516 813 790 1529 210 749 2375 255 142 801 1442 199 1520 559 52 697 3521 1745 290 1591 2016 1805 985 1883 2525 15540 10025 17651 2250 10711
internal_value=-0.000721514 -0.00293935 -0.00244723 -0.00352696 -0.00290639 -0.00928297 -0.00312096 -8.11732e-05 0.00472292 -0.00389241 -0.00443884 -0.00551665 -0.00385375 -0.00187176 -0.00489822 -0.000106688 -0.000938758 -0.00245208 -0.000661886 -0.00320308 0.00212344 3.19953e-05 0.000948459 -0.000273696 0.00340456 -0.000132682 -0.00109467 0.000243289 0.00292671 0.000259668
internal_weight=96845 21697 20135 9477 7948 1562 7738 75148 397 5363 4562 3213 1771 1349 1572 74751 10679 7147 3626 1881 3532 64072 16026 48046 3510 46163 12972 33191 2947 12516
internal_count=96845 21697 20135 9477 7948 1562 7738 75148 397 5363 4562 3213 1771 1349 1572 74751 10679 7147 3626 1881 3532 64072 16026 48046 3510 46163 12972 33191 2947 12516
is_linear=0
shrinkage=0.05


Tree=140
num_leaves=31
num_cat=0
split_feature=0 6 12 8 13 8 12 7 3 4 13 0 12 12 12 14 0 0 12 12 12 12 8 12 8 12 0 12 12 0
split_gain=55.3587 24.0893 8.71429 5.82014 16.5922 7.41641 6.95156 5.51451 4.7287 6.19455 4.55666 7.45613 6.9209 8.24366 6.20875 6.41337 4.51541 8.06346 7.41044 7.38864 7.00761 8.01111 5.61372 9.44468 7.96271 6.24598 5.52809 7.99916 7.92021 5.63949
threshold=4.5000000000000009 1.0000000180025095e-35 0.013708051148823178 3.5000000000000004 0.039333188216560365 1.0000000180025095e-35 0.036601037503785898 1.0000000180025095e-35 1.0000000180025095e-35 1.0000000180025095e-35 0.96085896151607897 13.500000000000002 0.84777217278175254 0.27153305017447688 1.8790805478572115 0.86746141427363688 16.500000000000004 19.500000000000004 0.80777029362974762 2.8755997661057462 1.111259116614127 2.1052781914187464 2.5000000000000004 1.592968155458466 1.0000000180025095e-35 0.21195280718300627 22.500000000000004 0.41821408167091356 0.2941640170233652 20.500000000000004
decision_type=2 2 2 2 2 2 2 2 2 2 2 2 2 2 2 2 2 2 2 2 2 2 2 2 2 2 2 2 2 2
left_child=1 2 -1 5 6 8 -5 -7 9 -4 14 12 13 -12 -2 -16 18 20 -13 22 -18 -22 24 -24 25 -19 27 -27 -28 -29
right_child=10 -3 3 4 -6 7 -8 -9 -10 -11 11 16 -14 -15 15 -17 17 19 -20 -21 21 -23 23 -25 -26 26 28 29 -30 -31
leaf_value=-5.1790992738296642e-05 -2.6442127063985854e-05 -5.4938143135854767e-05 5.4700128767476433e-05 0.00011991478948860102 -3.3934887893078902e-05 -4.1773468425753903e-05 -0.00010392005258407847 2.5496243918239625e-05 1.5095065370573924e-05 -3.1941391259373077e-05 0.00080090317478842131 0.0022358809864377938 0.0018801603403957312 -0.0014686473125458733 -0.010422322693903903 -0.0027319251985440385 -0.0021792259068679739 0.00056056921545699363 -0.0012558294037597895 -0.0084067573406558915 0.004155711598473966 0.00070812700282602004 -0.00033211407194699838 -0.010190657720040486 0.0010545339511140895 0.001522044671114023 -0.00045464674467581988 0.0035958911703389967 -0.0036817531434439619 -0.0014399934569391884
leaf_weight=2716 28351 1433 763 685 1192 8126 207 695 1968 2384 250 597 10983 705 264 1587 325 347 9097 666 2932 8226 3777 510 4491 235 415 742 106 2026
leaf_count=2716 28351 1433 763 685 1192 8126 207 695 1968 2384 250 597 10983 705 264 1587 325 347 9097 666 2932 8226 3777 510 4491 235 415 742 106 2026
internal_value=-0.000719776 -0.00305047 -0.00257259 -0.00212859 0.000335893 -0.00249713 0.00549327 -0.00337547 -0.000982405 -0.00218462 -0.000106352 0.000204609 0.00128162 -0.00280105 -0.000584398 -0.00339006 -0.000168155 0.000189531 -0.00108314 -0.000647766 0.00116041 0.00137121 -0.0003775 -0.00184861 0.000376704 -0.0012852 -0.00191544 -0.00109058 -0.00666987 -0.00184249
internal_weight=96801 20169 18736 16020 2084 13936 892 8821 5115 3147 76632 46430 11938 955 30202 1851 34492 24798 9694 13315 11483 11158 12649 4287 8362 3871 3524 3003 521 2768
internal_count=96801 20169 18736 16020 2084 13936 892 8821 5115 3147 76632 46430 11938 955 30202 1851 34492 24798 9694 13315 11483 11158 12649 4287 8362 3871 3524 3003 521 2768
is_linear=0
shrinkage=0.05


Tree=141
num_leaves=31
num_cat=0
split_feature=12 6 1 0 0 14 12 14 0 14 4 1 2 4 3 2 2 2 4 2 4 2 1 2 2 1 1 2 1 12
split_gain=46.6606 18.4581 7.68629 6.27959 4.86963 6.59536 7.87284 11.337 6.35528 5.48952 5.30709 4.9912 9.59663 6.25739 7.24163 8.53583 4.95575 5.93274 25.3435 20.7039 17.8998 10.4019 19.7414 14.0599 9.112 11.0291 8.2918 7.42729 8.10755 4.88011
threshold=0.023001842673130119 1.0000000180025095e-35 3.5000000000000004 3.5000000000000004 5.5000000000000009 0.088883986181368682 0.24533744914098818 0.15226268694702264 7.5000000000000009 0.016021226436167581 1.0000000180025095e-35 1.5000000000000002 4.5000000000000009 1.0000000180025095e-35 1.0000000180025095e-35 12.500000000000002 21.500000000000004 10.500000000000002 4.5000000000000009 8.5000000000000018 6.5000000000000009 3.5000000000000004 3.5000000000000004 4.5000000000000009 2.5000000000000004 5.5000000000000009 2.5000000000000004 7.5000000000000009 5.5000000000000009 4.6570589242905376
decision_type=2 2 2 2 2 2 2 2 2 2 2 2 2 2 2 2 2 2 2 2 2 2 2 2 2 2 2 2 2 2
left_child=1 2 -1 -2 9 8 10 -8 -6 -5 -7 12 -9 -14 15 -15 17 18 -13 20 -20 22 -22 -23 -24 -26 -19 28 -25 -27
right_child=3 -3 -4 4 5 6 7 11 -10 -11 -12 16 13 14 -16 -17 -18 26 19 -21 21 23 24 27 25 29 -28 -29 -30 -31
leaf_value=-1.8078092311350857e-05 -3.7086048034671879e-05 -5.1883345392507094e-05 -3.7629730165313332e-05 -7.1543651540274819e-05 -7.8218534368856146e-05 -0.00038892294843584086 -0.00094731561109646651 -0.0028386116720945267 -0.00045830007070793227 4.7370058033024101e-05 0.00023059512243362966 -0.0028063353190344743 0.0074451802318556831 0.0012777555577470846 0.0019088236614372145 -0.00068267773154374607 -0.00063390974999279898 -0.0030188689084325372 -0.0021419977325115385 0.0020723846793897871 0.0021769944987859724 0.0056398056355339678 -0.0034997112632736277 -0.0017752379759243819 0.0017685393595491235 -0.0034306075422221361 0.0014459220678257447 0.0020515895797941887 0.0017917184434909667 0.028344377792959109
leaf_weight=9052 2851 1313 8290 199 3520 929 773 1504 1022 2423 5132 2892 1462 3005 5763 5831 10279 1489 2900 2836 2934 1398 2870 1493 1418 1472 8547 1475 1478 79
leaf_count=9052 2851 1313 8290 199 3520 929 773 1504 1022 2423 5132 2892 1462 3005 5763 5831 10279 1489 2900 2836 2934 1398 2870 1493 1418 1472 8547 1475 1478 79
internal_value=-0.000663103 -0.00290941 -0.00247665 -0.000125683 -3.82706e-05 -0.000114826 8.46098e-06 -0.000159941 -0.00195949 0.00207857 0.00172826 -8.38446e-05 0.000627669 0.000985306 0.000672991 -0.000226347 -0.000370753 -7.43668e-05 -0.000513014 0.00010932 -0.00053234 0.000179585 -0.000909039 0.00181383 -0.00259034 -0.000648366 0.00094161 0.000438596 -0.00100135 -0.00356222
internal_weight=96629 18655 17342 77974 75123 72501 67959 61898 4542 2622 6061 61125 17565 16061 14599 8836 43560 33281 23245 20353 17517 14617 8773 5844 5839 2969 10036 4446 2971 1551
internal_count=96629 18655 17342 77974 75123 72501 67959 61898 4542 2622 6061 61125 17565 16061 14599 8836 43560 33281 23245 20353 17517 14617 8773 5844 5839 2969 10036 4446 2971 1551
is_linear=0
shrinkage=0.05


Tree=142
num_leaves=31
num_cat=0
split_feature=12 6 1 1 12 11 14 12 0 12 0 8 8 0 12 0 14 12 8 0 0 12 12 8 12 12 13 0 0 8
split_gain=48.8894 23.9262 8.08966 4.25755 3.63084 3.84927 3.36257 4.26204 3.6856 6.34493 5.2232 4.70068 7.12301 4.26177 5.48024 8.69407 7.93605 5.17085 4.23169 4.6845 4.00117 5.05854 4.6356 3.49874 10.0322 7.39954 5.6816 9.17741 6.42525 6.43482
threshold=0.027951857891066644 1.0000000180025095e-35 3.5000000000000004 5.5000000000000009 5.1016967195759895 6.5797783177436804 1.8316268875488217 0.50484537123055562 19.500000000000004 2.9079687597149522 17.500000000000004 1.0000000180025095e-35 2.5000000000000004 14.500000000000002 1.7269930721847415 16.500000000000004 2.36773265736463 3.1935254887084805 3.5000000000000004 9.5000000000000018 20.500000000000004 1.7269930721847415 2.1666505857418072 3.5000000000000004 0.23801269327374347 1.2416670953716158 0.087291263395237101 13.500000000000002 6.5000000000000009 1.5000000000000002
decision_type=2 2 2 2 2 2 2 2 2 2 2 2 2 2 2 2 2 2 2 2 2 2 2 2 2 2 2 2 2 2
left_child=1 2 -1 -4 5 6 23 -8 10 11 13 20 -13 18 -15 16 -16 -17 -9 -20 22 -22 -10 26 -25 -26 28 -28 29 -2
right_child=4 -3 3 -5 -6 -7 7 8 9 -11 -12 12 -14 14 15 17 -18 -19 19 -21 21 -23 -24 24 25 -27 27 -29 -30 -31
leaf_value=-1.567504160193342e-05 4.3791351596013732e-05 -5.0490118582848401e-05 -3.9039039415399855e-05 -1.899636503653532e-05 0.012268826034016923 -0.0058962569419174441 0.0019351268609923312 0.0039194470498287838 0.016568299819929577 -0.0078491052358822255 0.0044749411839473344 0.002057760341318621 -0.0022016850802066058 0.0012454149871307552 -0.0085110173641378961 0.002724018962855468 -0.00064687408743425718 -0.0097913795153966934 0.002554867153628404 -0.0032829136958495765 -0.0012367568733054959 -0.016435003756492896 -0.0022085956735696578 0.00024615646555703057 -0.00048424892114457278 0.0017653790642333856 0.0001137657430573133 -0.00036508106301123003 -0.00036726187124654227 -0.00011951535724115705
leaf_weight=10783 1973 1561 6565 2787 380 594 263 2405 164 536 3703 2283 847 1443 778 1145 528 316 244 297 1180 99 507 1655 3450 3664 22905 20541 2172 1104
leaf_count=10783 1973 1561 6565 2787 380 594 263 2405 164 536 3703 2283 847 1443 778 1145 528 316 244 297 1180 99 507 1655 3450 3664 22905 20541 2172 1104
internal_value=-0.000610083 -0.00270096 -0.00223864 -0.0033148 -6.65106e-06 -3.14188e-05 6.73836e-07 0.000624328 0.00052352 -0.000516382 0.00106133 2.95276e-05 0.00123003 0.000272499 -0.000748219 -0.00205096 -0.00501531 0.000598905 0.00173116 -0.00226433 -0.00189744 -0.00353792 0.00122951 -0.000180983 0.000738397 -7.73123e-05 -0.000346545 -0.000158818 -0.00190036 -0.000430614
internal_weight=96872 21696 20135 9352 75176 74796 74202 16738 16475 5616 10859 5080 3130 7156 4210 2767 1306 1461 2946 541 1950 1279 671 57464 8769 7114 48695 43446 5249 3077
internal_count=96872 21696 20135 9352 75176 74796 74202 16738 16475 5616 10859 5080 3130 7156 4210 2767 1306 1461 2946 541 1950 1279 671 57464 8769 7114 48695 43446 5249 3077
is_linear=0
shrinkage=0.05


Tree=143
num_leaves=31
num_cat=0
split_feature=12 6 13 8 8 8 1 14 7 7 12 6 12 2 2 12 1 2 12 12 8 3 4 12 8 11 14 14 6 12
split_gain=33.7291 24.5146 6.83357 7.54122 9.28415 16.5376 4.78629 4.45732 4.25273 3.97482 3.50221 3.38055 4.0107 3.34327 3.50975 2.986 2.86333 6.78102 8.13157 4.84111 7.69269 8.46187 10.5615 3.09412 8.42174 8.19587 6.67549 5.93775 5.90074 4.03463
threshold=0.027951857891066644 1.0000000180025095e-35 0.092677121775998877 3.5000000000000004 2.5000000000000004 1.5000000000000002 3.5000000000000004 0.057891262204215345 1.0000000180025095e-35 1.0000000180025095e-35 0.015029169175175128 1.0000000180025095e-35 1.4462720853258568 3.5000000000000004 15.500000000000002 0.01997300820677354 1.5000000000000002 4.5000000000000009 0.20017889409664549 1.8597649084503747 1.0000000180025095e-35 1.0000000180025095e-35 1.0000000180025095e-35 0.27153305017447688 3.5000000000000004 0.2793347194160965 0.90427163435460833 0.25236997910659409 1.0000000180025095e-35 0.39007067860011652
decision_type=2 2 2 2 2 2 2 2 2 2 2 2 2 2 2 2 2 2 2 2 2 2 2 2 2 2 2 2 2 2
left_child=1 2 3 4 5 -1 13 -7 15 16 -3 -11 -13 -4 -15 -6 17 18 -2 -19 21 22 -21 24 26 -25 -18 28 29 -27
right_child=9 10 6 -5 8 7 -8 -9 -10 11 -12 12 -14 14 -16 -17 23 19 -20 20 -22 -23 -24 25 -26 27 -28 -29 -30 -31
leaf_value=-1.6554788594040767e-05 0.00028820329167627591 -6.9742840174648587e-05 3.17604739779054e-05 5.9791502813351384e-05 -3.8022685805492144e-05 0.00013234072387509742 -4.1666857435706221e-05 3.4718644482479437e-05 4.396967068454154e-05 0.00027112906285182151 -4.2790905032369985e-05 6.5149715409647263e-05 -0.0077250356814132616 -3.652204656856041e-05 -5.6506982399796504e-06 -8.3820475043163654e-05 -4.0319994767127563e-05 1.3000781023356224e-06 -0.0023231118228500048 0.058317507157450169 0.00054934647477804526 0.025077188771268522 5.7595578770530681e-05 -0.0012257760628463456 0.00026001075755066816 4.317513608474849e-05 0.0004822301700985604 -0.0002650906626810834 -0.0016938663243920987 -0.0013792690697478948
leaf_weight=6646 222 255 492 675 2533 408 4116 277 225 2803 1273 86 113 2605 1781 504 7380 12601 1570 186 4143 758 1207 1249 1425 669 875 38984 117 746
leaf_count=6646 222 255 492 675 2533 408 4116 277 225 2803 1273 86 113 2605 1781 504 7380 12601 1570 186 4143 758 1207 1249 1425 669 875 38984 117 746
internal_value=-0.000636065 -0.00236806 -0.00190751 -0.00108715 -0.00141367 -0.000426272 -0.00293529 0.0069708 -0.00363274 -0.000133761 -0.00847513 0.0016489 -0.00464824 -0.00187577 -0.00231418 -0.00412414 -0.000207952 0.000288829 -0.00265067 0.00056761 0.00170003 0.00412599 0.00181263 -0.000407717 0.000397727 -0.000594397 -0.000215021 -0.000471419 -0.0035248 -0.00263251
internal_weight=96924 21790 20262 11268 10593 7331 8994 685 3262 75134 1528 3002 199 4878 4386 3037 72132 20687 1792 18895 6294 2151 1393 51445 9680 41765 8255 40516 1532 1415
internal_count=96924 21790 20262 11268 10593 7331 8994 685 3262 75134 1528 3002 199 4878 4386 3037 72132 20687 1792 18895 6294 2151 1393 51445 9680 41765 8255 40516 1532 1415
is_linear=0
shrinkage=0.05


Tree=144
num_leaves=31
num_cat=0
split_feature=0 6 8 8 14 11 7 2 4 7 6 11 12 12 8 8 12 12 11 12 0 10 12 14 0 11 3 14 12 2
split_gain=35.7181 20.9013 8.40284 7.44141 10.9966 6.42943 5.75852 4.67442 5.06396 4.58232 4.44307 4.04075 3.98361 3.62046 3.07546 16.2597 5.26813 4.37688 3.10609 3.00811 2.99711 2.95516 2.8798 2.82876 5.54783 2.73701 3.44011 2.92145 2.68281 2.65697
threshold=4.5000000000000009 1.0000000180025095e-35 1.0000000180025095e-35 3.5000000000000004 0.086295104002923687 0.05686833674621037 1.0000000180025095e-35 5.5000000000000009 1.0000000180025095e-35 1.0000000180025095e-35 1.0000000180025095e-35 0.031903568509714618 0.013454374309724354 1.4462720853258568 2.5000000000000004 1.5000000000000002 0.02191745228291692 0.022265249142163917 0.015267695482718139 0.014407615121636243 19.500000000000004 6.7628712769729971 0.024357166212915261 1.6390585273934948 12.500000000000002 6.0039328887988752 1.0000000180025095e-35 2.8590536614180526 0.018035768771074438 21.500000000000004
decision_type=2 2 2 2 2 2 2 2 2 2 2 2 2 2 2 2 2 2 2 2 2 2 2 2 2 2 2 2 2 2
left_child=1 2 7 6 5 -5 12 -1 -9 25 20 -8 -4 -12 15 22 -17 -16 -18 -3 23 -10 -14 -11 -25 27 -27 -2 -6 -21
right_child=9 19 3 4 28 -7 11 8 21 10 13 -13 14 -15 17 16 18 -19 -20 29 -22 -23 -24 24 -26 26 -28 -29 -30 -31
leaf_value=3.4284700744548202e-05 -3.089362034351638e-05 -7.4409636854253996e-05 -5.4576827292117556e-05 7.8316753244632887e-05 -1.1471374396433526e-05 -0.00036375713063701892 7.3671952987542334e-05 3.8759671647913345e-05 -7.2770979199215672e-05 0.00012636139732280133 8.5625425368512922e-05 -7.1816978599976476e-05 -3.4789634094122873e-05 -0.0074603613773181589 -4.2975919375040292e-05 0.00011462402725967427 -0.00013072019218488958 -0.00014264466558155912 2.8958204278267156e-05 -2.0358105841152649e-05 -0.00031399134727917445 -1.9222130537963241e-05 -0.00014244720693944472 0.027852114494567905 0.0062742704182548355 -0.005325331523468169 0.034237004402531968 0.0072838635090904718 -6.5450896450462275e-05 -5.147750129909888e-05
leaf_weight=1345 72402 161 1996 931 873 49 449 842 208 880 77 220 4299 115 3032 412 44 270 309 346 543 2881 105 212 907 941 81 522 518 934
leaf_count=1345 72402 161 1996 931 873 49 449 842 208 880 77 220 4299 115 3032 412 44 270 309 346 543 2881 105 212 907 941 81 522 518 934
internal_value=-0.000637745 -0.00250692 -0.0020617 -0.00272266 -0.000179249 0.00387755 -0.00326419 -0.000369598 -0.00124014 -0.000144757 0.0018654 0.00123318 -0.00355164 -0.00546875 -0.00307815 -0.0023167 0.00441176 -0.00427014 -7.08215e-05 -0.0083102 0.00241935 -0.00217708 -0.00348547 0.00331416 0.00498213 -0.000219079 -0.00278865 -0.000183067 -0.00303738 -0.0075
internal_weight=96904 20224 18783 13507 2371 980 11136 5276 3931 76680 2734 669 10467 192 8471 5169 765 3302 353 1441 2542 3089 4404 1999 1119 73946 1022 72924 1391 1280
internal_count=96904 20224 18783 13507 2371 980 11136 5276 3931 76680 2734 669 10467 192 8471 5169 765 3302 353 1441 2542 3089 4404 1999 1119 73946 1022 72924 1391 1280
is_linear=0
shrinkage=0.05


Tree=145
num_leaves=31
num_cat=0
split_feature=0 6 8 8 14 7 11 1 7 11 4 3 4 0 8 8 2 9 0 13 1 14 6 11 0 11 14 0 0 11
split_gain=33.708 17.7519 6.50511 8.38288 8.32736 7.68352 7.3861 4.40232 4.0034 3.79728 3.70071 3.69868 6.41219 3.42331 2.93251 14.1949 4.27675 2.8206 2.81048 2.74441 2.71678 2.65881 2.54517 2.48332 2.36948 2.53706 2.34233 3.57505 2.77484 2.30834
threshold=4.5000000000000009 1.0000000180025095e-35 3.5000000000000004 1.0000000180025095e-35 0.079833095026609027 1.0000000180025095e-35 0.05686833674621037 1.5000000000000002 1.0000000180025095e-35 5.2271684412942863 2.5000000000000004 1.0000000180025095e-35 1.0000000180025095e-35 17.500000000000004 2.5000000000000004 1.5000000000000002 5.5000000000000009 7.9412288308423822 14.500000000000002 0.33069641203793926 5.5000000000000009 2.2958000509363887 1.0000000180025095e-35 0.033297531923641543 19.500000000000004 2.1396246490835984 1.6390585273934948 13.500000000000002 15.500000000000002 0.99909786633030162
decision_type=2 2 2 2 2 2 2 2 2 2 2 2 2 2 2 2 2 2 2 2 2 2 2 2 2 2 2 2 2 2
left_child=1 2 3 11 6 7 -4 23 9 -2 -7 12 -1 18 15 20 -16 -18 21 -13 -9 -11 24 -5 26 -26 -10 -28 -29 -24
right_child=8 -3 4 5 -6 10 -8 14 22 13 -12 19 -14 -15 16 -17 17 -19 -20 -21 -22 -23 29 -25 25 -27 27 28 -30 -31
leaf_value=4.7443436193588505e-05 -8.7072315517223997e-06 -4.8354819771364355e-05 9.0102254026166664e-05 -1.6345122753577516e-05 -1.8851492612469289e-05 0.00022956123054380107 -0.00036432276959770873 -5.1171973609013928e-05 0.00013417336681614822 -0.0044391471778538975 6.5235167445120569e-06 9.2730106208433615e-07 -2.4999948052118438e-05 -0.00059461577356194621 -3.5423715519712283e-05 5.4801650320888963e-05 -4.3592484837014183e-05 -7.7953505020236666e-05 -0.01259896111997273 7.188730885730327e-05 -2.4987395343293706e-05 0.012798038716655392 0.00030057537941109865 -7.9679975267992186e-05 0.00014080307090240176 -0.010849788630146706 0.025286868862426148 -0.0038636666749980509 0.0095112198574790266 -0.0047706029123612825
leaf_weight=826 72440 1431 911 2757 1394 143 49 3139 902 497 524 1653 2465 925 810 566 750 1308 168 404 879 64 54 182 446 76 345 264 524 122
leaf_count=826 72440 1431 911 2757 1394 143 49 3139 902 497 524 1653 2465 925 810 566 750 1308 168 404 879 64 54 182 446 76 345 264 524 122
internal_value=-0.00051846 -0.00233644 -0.00192697 -0.00227965 0.000531011 -0.00306565 0.00411458 -0.00339958 -4.06758e-05 -0.000109995 0.00213643 -0.00065445 -0.00169401 -0.00247884 -0.00404589 -0.00326134 -0.00529986 -0.00651118 -0.00504115 0.00100875 -0.00430562 -0.00334225 0.00183864 -0.0017608 0.00223895 -0.000766284 0.00300983 0.00452339 0.00266497 -0.00397727
internal_weight=97018 20191 18760 16406 2354 11058 960 10391 76827 74094 667 5348 3291 1654 7452 4584 2868 2058 729 2057 4018 561 2733 2939 2557 522 2035 1133 788 176
internal_count=97018 20191 18760 16406 2354 11058 960 10391 76827 74094 667 5348 3291 1654 7452 4584 2868 2058 729 2057 4018 561 2733 2939 2557 522 2035 1133 788 176
is_linear=0
shrinkage=0.05


Tree=146
num_leaves=31
num_cat=0
split_feature=0 6 8 8 13 11 7 1 3 4 11 0 0 12 0 8 8 4 8 8 12 8 8 13 12 8 8 0 0 12
split_gain=30.8976 17.1072 6.54748 8.19946 6.86827 6.72058 4.9259 4.95651 3.83526 4.55202 3.65179 3.54301 7.04155 7.273 15.3564 10.1192 6.26201 9.02751 7.39128 6.21416 7.04724 6.21345 5.41302 5.11122 5.34907 5.95118 10.544 11.1786 10.9167 10.4353
threshold=4.5000000000000009 1.0000000180025095e-35 1.0000000180025095e-35 3.5000000000000004 0.032127325037693298 0.05686833674621037 1.0000000180025095e-35 1.5000000000000002 1.0000000180025095e-35 1.5000000000000002 0.030658680466252187 13.500000000000002 16.500000000000004 1.8098776341711413 14.500000000000002 1.5000000000000002 1.5000000000000002 1.0000000180025095e-35 3.5000000000000004 2.5000000000000004 2.3181706551236823 1.5000000000000002 2.5000000000000004 1.8893055575080797 0.84777217278175254 2.5000000000000004 1.0000000180025095e-35 15.500000000000002 14.500000000000002 1.3346499513179573
decision_type=2 2 2 2 2 2 2 2 2 2 2 2 2 2 2 2 2 2 2 2 2 2 2 2 2 2 2 2 2 2
left_child=1 2 8 6 5 -5 7 -4 9 -1 -8 -2 13 23 19 -16 17 -14 -18 20 -15 -22 -17 24 -13 26 28 -28 -26 -29
right_child=11 -3 3 4 -6 -7 10 -9 -10 -11 -12 12 16 14 15 22 18 -19 -20 -21 21 -23 -24 -25 25 -27 27 29 -30 -31
leaf_value=3.1018994148550916e-05 2.9051181188958619e-05 -4.4526195242149996e-05 -1.8239581802500724e-05 8.2510594912257187e-05 -1.8729077341739665e-05 -0.00034370871155848528 5.8500030190387217e-05 -4.231179225484814e-05 1.9022668525284053e-05 -2.244836113389744e-05 -6.7389010236317695e-05 0.00066295656971707704 0.0045747576183998717 0.0093474772890912005 -0.011836415698433545 0.0029633690066929123 -0.00052847299465884974 0.0001162413580300739 0.00054004576649132198 -0.0061574820914440664 -0.0038836883720097084 0.014352531588498252 -0.0069493108150475939 0.0013270153143041753 0.022101329590432456 0.00046020409429169411 -0.0047202189408378174 0.001435622053601679 -0.00080680307808472524 -0.0068582132379628076
leaf_weight=946 36306 1455 2943 841 1458 40 448 7448 2062 2337 241 1733 2343 389 634 272 8154 14061 3510 543 672 163 801 1625 114 1713 1227 776 1142 339
leaf_count=946 36306 1455 2943 841 1458 40 448 7448 2062 2337 241 1733 2343 389 634 272 8154 14061 3510 543 672 163 801 1625 114 1713 1227 776 1142 339
internal_value=-0.000478622 -0.00221697 -0.00181198 -0.00240145 0.000288585 0.00377412 -0.00296931 -0.00324079 -0.000332086 -0.00139354 0.00112482 -1.92768e-05 -0.000342568 -0.00134851 -0.00328152 -0.00666374 9.26322e-05 0.000722385 -0.000793038 -1.41483e-05 0.00196078 -0.000628743 -0.00370457 -0.000573884 -0.00115701 -0.00194408 -0.00309894 -0.00508113 0.000597134 -0.0014574
internal_weight=96736 20219 18764 13419 2339 881 11080 10391 5345 3283 689 76517 40211 12143 3474 1707 28068 16404 11664 1767 1224 835 1073 8669 7044 5311 3598 2342 1256 1115
internal_count=96736 20219 18764 13419 2339 881 11080 10391 5345 3283 689 76517 40211 12143 3474 1707 28068 16404 11664 1767 1224 835 1073 8669 7044 5311 3598 2342 1256 1115
is_linear=0
shrinkage=0.05


Tree=147
num_leaves=31
num_cat=0
split_feature=0 6 12 11 12 1 2 2 14 11 2 4 2 8 6 1 11 13 0 12 4 3 12 12 12 12 14 14 8 0
split_gain=26.2608 14.0312 7.17674 4.43594 4.51091 4.67989 3.89478 4.77627 3.14506 4.13761 3.12731 3.71632 9.02158 3.20175 3.07633 4.21254 2.99701 3.24316 2.80669 7.83146 4.83747 5.28882 4.17409 9.41968 5.40523 2.81403 12.4634 10.8836 8.07714 12.4489
threshold=4.5000000000000009 1.0000000180025095e-35 0.013162474226473111 0.05686833674621037 0.03057491011296894 1.5000000000000002 5.5000000000000009 7.5000000000000009 2.36773265736463 6.0039328887988752 23.500000000000004 5.5000000000000009 9.5000000000000018 3.5000000000000004 1.0000000180025095e-35 3.5000000000000004 0.012283572797342318 0.93809801806673188 22.500000000000004 0.7028859636005369 1.0000000180025095e-35 1.0000000180025095e-35 0.41821408167091356 0.27153305017447688 0.52066231261145879 0.2941640170233652 0.90427163435460833 0.17870156100901541 1.0000000180025095e-35 9.5000000000000018
decision_type=2 2 2 2 2 2 2 2 2 2 2 2 2 2 2 2 2 2 2 2 2 2 2 2 2 2 2 2 2 2
left_child=1 2 -1 4 5 -4 16 -8 9 18 11 12 -9 -12 15 -10 -7 -18 25 20 -20 22 23 -22 -24 26 28 -27 29 -2
right_child=8 -3 3 -5 -6 6 7 10 14 -11 13 -13 -14 -15 -16 -17 17 -19 19 -21 21 -23 24 -25 -26 27 -28 -29 -30 -31
leaf_value=-4.470968841801264e-05 -5.9118624885535784e-05 -4.2020442003209289e-05 -1.4933119015613298e-06 -0.00010486047449447794 6.0499415532956972e-05 -4.0196202642105725e-05 -5.9882582283183076e-05 -5.0351438889601616e-05 0.0045379444242299397 -0.0055182343085946944 -4.1064529303215527e-05 1.2067983057932609e-05 -1.2554090977510026e-05 6.4219008097560296e-06 -0.0016308534130851371 -0.0012514824730521347 9.5892655213652631e-06 -8.7018565982913923e-05 -0.0010929677014930403 -0.0036711844678676553 0.00014783138016048297 -0.00039413440593951137 0.0035676983543766194 -0.0011311567202341485 0.00064683597038360107 -0.0012071143735907564 0.0010264394630965631 -5.500196819708814e-05 3.6028465199211978e-05 0.0056509227126253069
leaf_weight=2094 5700 1422 4731 225 764 798 882 789 2868 718 1791 895 3358 228 481 1189 2212 53 538 239 1246 1370 107 176 342 887 772 52679 7289 66
leaf_count=2094 5700 1422 4731 225 764 798 882 789 2868 718 1791 895 3358 228 481 1189 2212 53 538 239 1246 1370 107 176 342 887 772 52679 7289 66
internal_value=-0.000465643 -0.00206748 -0.00170563 -0.00136016 -0.00126507 -0.00144723 -0.00201254 -0.00259663 -4.27172e-05 -0.000123043 -0.00216329 -0.00149742 -0.00212804 -0.00382615 0.00123402 0.00168228 -0.000497878 0.000430464 -8.50709e-05 -0.00136884 -0.000813707 -8.48504e-05 0.00164351 0.000316456 0.00584633 -8.53204e-06 0.000627396 -0.000172684 0.000262352 -0.00113597
internal_weight=96909 20242 18820 16726 16501 15737 11006 7943 76667 72129 7061 5042 4147 2019 4538 4057 3063 2265 71411 4018 3779 3241 1871 1422 449 67393 13827 53566 13055 5766
internal_count=96909 20242 18820 16726 16501 15737 11006 7943 76667 72129 7061 5042 4147 2019 4538 4057 3063 2265 71411 4018 3779 3241 1871 1422 449 67393 13827 53566 13055 5766
is_linear=0
shrinkage=0.05


Tree=148
num_leaves=31
num_cat=0
split_feature=12 6 1 1 8 8 8 0 0 12 0 14 8 8 4 14 8 2 12 12 0 14 8 12 12 12 12 8 0 12
split_gain=25.1441 16.9927 6.44289 3.91497 3.78717 3.82412 3.45791 3.44172 7.20357 8.46203 10.083 7.6271 6.81432 13.2408 7.10414 6.28792 5.85784 5.77939 5.71199 5.53745 10.0856 5.28166 4.66753 5.83126 4.65841 4.64435 4.5112 6.02435 4.90418 4.3221
threshold=0.027951857891066644 1.0000000180025095e-35 3.5000000000000004 5.5000000000000009 3.5000000000000004 2.5000000000000004 1.5000000000000002 13.500000000000002 16.500000000000004 1.6263503427068005 14.500000000000002 1.4419369525273356 1.5000000000000002 3.5000000000000004 1.0000000180025095e-35 2.3437685657724976 2.5000000000000004 18.500000000000004 2.2966739864518382 0.80777029362974762 15.500000000000002 2.3192212600573567 3.5000000000000004 1.3835488272055205 0.21195280718300627 2.1257748730304864 1.0011105265823765 1.0000000180025095e-35 14.500000000000002 3.1935254887084805
decision_type=2 2 2 2 2 2 2 2 2 2 2 2 2 2 2 2 2 2 2 2 2 2 2 2 2 2 2 2 2 2
left_child=1 2 -1 -4 5 6 -3 -2 9 11 16 19 14 -14 17 25 18 -10 -11 -9 26 -20 23 -22 -16 -12 -21 28 -28 -15
right_child=7 4 3 -5 -6 -7 -8 8 12 10 15 -13 13 29 24 -17 -18 -19 21 20 22 -23 -24 -25 -26 -27 27 -29 -30 -31
leaf_value=-1.1620415274634852e-05 4.0782218734487788e-05 -3.1359936937914571e-05 -3.0258612668767262e-05 -1.4115525577368698e-05 3.956895259952381e-06 -7.5157997583263919e-05 6.636397364713125e-05 0.00047525193632739772 0.0020511250148668391 0.0087379606043688392 -0.0050092024609819435 0.0010176702635268599 -0.00060209510533226762 0.00088327606442955566 0.00062276583598868676 -0.00094658462341908056 -0.0038984209772969683 0.012273626255176074 -0.0036659208688332059 -0.0015888488655190715 0.00065225783836937452 0.015050646349984743 0.0058389176102810027 -0.0070700474533710814 9.2710906308518534e-05 -0.013090371451073963 0.019779020570590625 -0.0061219519560780982 -0.0023298154648060845 -0.0097259269224845742
leaf_weight=10737 34685 953 6640 2810 151 393 61 1385 1591 438 1598 3049 8217 3393 402 648 745 753 683 981 843 139 235 210 13741 375 43 637 163 143
leaf_count=10737 34685 953 6640 2810 151 393 61 1385 1591 438 1598 3049 8217 3393 402 648 745 753 683 981 843 139 235 210 13741 375 43 637 163 143
internal_value=-0.000499783 -0.00199701 -0.00160871 -0.00256085 -0.00702824 -0.00783582 -0.00621302 -6.62477e-05 -0.000379838 -0.00139665 -0.00308042 -0.000364431 5.84278e-05 -0.000861482 0.000714199 -0.00512209 -0.000411471 0.00326365 0.00166667 -0.00167334 -0.00284383 -0.000790754 0.000543478 -0.000878443 0.000291664 -0.0065256 -0.00523575 -0.00791815 -0.000485437 0.00169683
internal_weight=96842 21745 20187 9450 1558 1407 1014 75097 40412 12172 4626 7546 28240 11753 16487 2621 2005 2344 1260 4497 3112 822 1288 1053 14143 1973 1824 843 206 3536
internal_count=96842 21745 20187 9450 1558 1407 1014 75097 40412 12172 4626 7546 28240 11753 16487 2621 2005 2344 1260 4497 3112 822 1288 1053 14143 1973 1824 843 206 3536
is_linear=0
shrinkage=0.05


Tree=149
num_leaves=31
num_cat=0
split_feature=0 6 8 14 8 11 11 12 12 10 9 9 11 11 10 12 7 14 2 3 4 11 14 12 9 10 10 9 8 4
split_gain=26.1109 14.8445 5.45032 7.6603 7.42043 7.41675 4.25679 5.35662 3.5961 3.55814 5.92685 4.02548 3.48523 3.33988 3.32338 3.25362 3.1113 3.09749 2.91958 2.51314 3.36314 2.96786 3.19096 2.83083 2.48501 10.9743 4.23611 12.6842 4.73709 3.51546
threshold=4.5000000000000009 1.0000000180025095e-35 3.5000000000000004 0.079833095026609027 1.0000000180025095e-35 0.045459919902383739 7.701608116388571 5.1016967195759895 0.014407615121636243 8.0295204167317333 8.8531474238323487 8.3796608553057741 0.010590463161240328 0.050315912941337006 7.7172863666228322 0.018035768771074438 1.0000000180025095e-35 0.015739209582403674 28.500000000000004 1.0000000180025095e-35 1.5000000000000002 0.012283572797342318 0.097406725082805526 0.019271711222591036 8.3969375697215529 7.684298837048785 7.4528553901753378 8.2327807673683022 1.0000000180025095e-35 1.0000000180025095e-35
decision_type=2 2 2 2 2 2 2 2 2 2 2 2 2 2 2 2 2 2 2 2 2 2 2 2 2 2 2 2 2 2
left_child=1 2 4 5 19 17 7 24 -3 11 -11 12 -6 -14 16 -5 -13 -4 -16 20 -1 -21 23 -23 26 -26 27 -2 29 -28
right_child=6 8 3 15 9 -7 -8 -9 -10 10 -12 14 13 -15 18 -17 -18 -19 -20 21 -22 22 -24 -25 25 -27 28 -29 -30 -31
leaf_value=1.9018582614566129e-05 3.7653160976011075e-06 -5.7514147965777047e-05 -1.7386429299367982e-05 1.5905626976463889e-07 -5.6731534403370483e-05 -0.00018926592498503885 -0.0064204323692905246 0.019440196479703832 -3.348986013950797e-05 6.8555441600382655e-05 -2.5657935583498113e-05 -7.9742657256733423e-05 -2.4307894021479914e-05 -0.00020192060507678839 -4.7407927630894504e-05 -5.4026508861525475e-05 3.5384036177345521e-05 0.00013061111032215101 6.3491683965678262e-05 -3.8310580072793785e-05 -2.1561093888412472e-05 6.7626525964949782e-05 7.7618882939457361e-05 -4.4292576795560562e-05 -0.00051987237002801702 -2.1390585431945712e-05 0.002739974658453609 -0.0006120896726037828 4.7693561921656604e-05 0.00028652154728367533
leaf_weight=973 35120 163 134 871 1206 137 386 239 1292 397 1121 615 6244 53 1246 510 68 677 128 680 2327 204 702 469 2364 22246 643 1385 11402 2828
leaf_count=973 35120 163 134 871 1206 137 386 239 1292 397 1121 615 6244 53 1246 510 68 677 128 680 2327 204 702 469 2364 22246 643 1385 11402 2828
internal_value=-0.000495198 -0.00209354 -0.00171623 0.000547445 -0.00203706 0.00400844 -7.3421e-05 -4.68994e-05 -0.00695876 -0.00277577 -0.000527009 -0.00313285 -0.00259563 -0.00212403 -0.00509237 -0.00182839 -0.0079429 0.00582614 -0.0036754 -0.00050887 -0.00136364 0.000863747 0.0022 -0.00026003 -7.04059e-05 -0.000483543 0.000127486 -0.000162307 0.000838768 0.00245606
internal_weight=96830 20217 18762 2329 16433 948 76613 76227 1455 11078 1518 9560 7503 6297 2057 1381 683 811 1374 5355 3300 2055 1375 673 75988 24610 51378 36505 14873 3471
internal_count=96830 20217 18762 2329 16433 948 76613 76227 1455 11078 1518 9560 7503 6297 2057 1381 683 811 1374 5355 3300 2055 1375 673 75988 24610 51378 36505 14873 3471
is_linear=0
shrinkage=0.05


Tree=150
num_leaves=31
num_cat=0
split_feature=0 6 8 8 11 0 12 7 7 8 8 9 12 12 10 3 4 11 12 12 14 13 9 12 13 11 0 13 0 8
split_gain=21.8801 9.5404 6.02142 5.97514 6.10814 9.32193 7.48128 3.88963 3.51471 4.23544 8.93243 3.64316 3.55345 3.44267 3.43428 2.85447 3.94419 2.74301 2.63797 2.50568 4.2937 3.09893 2.81618 2.40557 2.40459 2.3992 3.52317 2.89623 4.3352 4.00381
threshold=4.5000000000000009 1.0000000180025095e-35 1.0000000180025095e-35 3.5000000000000004 0.050315912941337006 3.5000000000000004 0.032781885571144261 1.0000000180025095e-35 1.0000000180025095e-35 2.5000000000000004 1.5000000000000002 7.9056448693510681 0.022265249142163917 0.017656385088529385 7.10615046080403 1.0000000180025095e-35 1.5000000000000002 0.011656004753648098 0.026997949692522578 0.022644289869261477 0.081845263849881819 0.012864436323488082 8.9344390705197796 0.023857836236783791 0.06679649413127188 5.2271684412942863 17.500000000000004 1.3044857071304936 8.5000000000000018 2.5000000000000004
decision_type=2 2 2 2 2 2 2 2 2 2 2 2 2 2 2 2 2 2 2 2 2 2 2 2 2 2 2 2 2 2
left_child=1 2 15 8 5 19 -7 25 9 10 17 13 24 -11 -15 16 -1 -4 -10 20 21 -5 -21 -19 -12 27 -27 -2 -29 -30
right_child=7 -3 3 4 -6 6 -8 -9 18 11 12 -13 -14 14 -16 -17 -18 23 -20 22 -22 -23 -24 -25 -26 26 -28 28 29 -31
leaf_value=3.5821511368043858e-05 -3.1649941979251804e-05 -3.501285692933398e-05 -4.7048985129484987e-05 -1.7273684495299358e-05 -0.00017992811668231376 0.00035699853954071172 8.9369639281556082e-05 0.00049606813967632423 8.0747850693878911e-05 -3.7062844253147893e-06 0.00011268789337674051 -5.4197296318066021e-05 -1.6526707671149674e-05 -8.8776759702037612e-05 2.0427567977303417e-05 2.0384344593669947e-05 -1.9275613192094172e-05 -2.1792154348028622e-05 -5.1072121391446471e-05 -2.6872344269633729e-05 -1.3720264200743713e-05 8.9877991005919708e-05 -0.00019071591446069951 -0.0001057528854362362 2.1981916011604369e-05 -0.0048212820213650587 6.5754847777155236e-06 0.0073206895971910215 0.00046358193261841139 -0.00037880847387243707
leaf_weight=962 40922 1439 1453 75 110 146 219 2723 296 938 271 2532 305 454 132 2018 2307 4074 383 150 1287 290 66 104 198 728 945 388 20008 11027
leaf_count=962 40922 1439 1453 75 110 146 219 2723 296 938 271 2532 305 454 132 2018 2307 4074 383 150 1287 290 66 104 198 728 945 388 20008 11027
internal_value=-0.000432697 -0.00189643 -0.00159563 -0.00215642 0.000138711 0.000705329 0.0080137 -4.72368e-05 -0.00263914 -0.0028654 -0.00206479 -0.00412968 0.00297158 -0.00219816 -0.00520478 -0.0001655 -0.00107831 -0.00275706 0.000846834 -0.000722698 -6.05327e-05 0.00472603 -0.00578704 -0.00210627 0.00570362 -0.000115512 -0.00198745 -7.22234e-05 0.000288801 0.000223135
internal_weight=96950 20209 18770 13483 2343 2233 365 76741 11140 10461 6405 4056 774 1524 586 5287 3269 5631 679 1868 1652 365 216 4178 469 74018 1673 72345 31423 31035
internal_count=96950 20209 18770 13483 2343 2233 365 76741 11140 10461 6405 4056 774 1524 586 5287 3269 5631 679 1868 1652 365 216 4178 469 74018 1673 72345 31423 31035
is_linear=0
shrinkage=0.05


Tree=151
num_leaves=31
num_cat=0
split_feature=0 11 8 13 8 7 8 8 12 9 10 12 0 12 3 2 2 4 2 4 2 11 0 12 11 12 12 14 12 8
split_gain=21.0776 5.49486 5.46107 7.39768 5.93587 4.85845 3.68629 17.8938 5.59631 5.0806 4.99928 3.98095 3.66184 6.02336 3.31398 4.48795 3.54175 3.60367 6.26543 3.59924 3.18575 3.07965 4.15887 3.3593 2.84654 3.36426 2.8137 2.80461 11.6822 7.84711
threshold=4.5000000000000009 0.05686833674621037 3.5000000000000004 0.084600253606774936 1.0000000180025095e-35 1.0000000180025095e-35 2.5000000000000004 1.5000000000000002 0.022265249142163917 8.22906913416527 7.5574891900622863 0.026997949692522578 22.500000000000004 0.7028859636005369 1.0000000180025095e-35 20.500000000000004 17.500000000000004 7.5000000000000009 7.5000000000000009 5.5000000000000009 9.5000000000000018 0.036722631643962493 3.5000000000000004 0.032781885571144261 7.701608116388571 5.1016967195759895 0.032781885571144261 0.10072908347879654 0.28214596688078336 3.5000000000000004
decision_type=2 2 2 2 2 2 2 2 2 2 2 2 2 2 2 2 2 2 2 2 2 2 2 2 2 2 2 2 2 2
left_child=1 2 4 21 14 6 7 -6 9 -8 -11 -9 24 -14 15 16 17 18 -1 20 -20 22 -4 -24 25 27 -16 29 -29 -2
right_child=12 -3 3 -5 5 -7 8 11 -10 10 -12 -13 13 -15 26 -17 -18 -19 19 -21 -22 -23 23 -25 -26 -27 -28 28 -30 -31
leaf_value=-0.00010596764727966134 -2.6931616835215376e-05 -8.7616631410024007e-05 2.8353525197548663e-05 -2.102701525567544e-05 -3.1825472111913014e-05 2.3830313554006056e-05 -2.5621013363121872e-05 8.3113105782797739e-05 -0.00011255032698060416 -8.8386579381051576e-05 -3.8822409861550768e-05 -4.4685266706722547e-05 -0.0001273243771941629 -0.0030625222875585779 1.1230112010073013e-05 -2.6945475107505862e-05 0.00012226107576285042 5.2720892956204662e-05 -5.0707657477011129e-05 5.7050524322745795e-05 -8.9733631812071238e-06 -2.35417341867248e-05 0.0004048192808104579 0.00013282047432910498 -0.0043874207446083389 0.015145953419707814 0.000177469847010861 0.00034551007489149745 1.956098467711942e-05 0.00033920779521508785
leaf_weight=281 8817 265 540 1414 5981 689 2338 747 280 265 1417 91 3879 242 1930 841 383 266 279 267 1221 208 125 148 378 233 78 4065 58050 504
leaf_count=281 8817 265 540 1414 5981 689 2338 747 280 265 1417 91 3879 242 1930 841 383 266 279 267 1221 208 125 148 378 233 78 4065 58050 504
internal_value=-0.000367899 -0.00181011 -0.00171434 0.00050308 -0.00202547 -0.00265921 -0.00291168 -0.00218874 -0.00405814 -0.00358209 -0.00567776 0.00465394 1.1816e-05 -0.00143776 -0.000676163 -0.00159695 -0.000602521 -0.00133967 -0.00205078 -0.000947934 -0.0019 0.00374633 0.0051353 0.0101648 9.47298e-05 0.000117554 0.000946215 9.79898e-05 0.000219351 -0.000710761
internal_weight=96222 20054 19789 2435 17354 11808 11119 6819 4300 4020 1682 838 76168 4121 5546 3538 2697 2314 2048 1767 1500 1021 813 273 72047 71669 2008 71436 62115 9321
internal_count=96222 20054 19789 2435 17354 11808 11119 6819 4300 4020 1682 838 76168 4121 5546 3538 2697 2314 2048 1767 1500 1021 813 273 72047 71669 2008 71436 62115 9321
is_linear=0
shrinkage=0.05


Tree=152
num_leaves=31
num_cat=0
split_feature=12 6 8 8 8 12 14 0 0 12 0 8 8 12 0 0 0 12 0 12 8 12 0 8 12 12 14 13 12 8
split_gain=18.5342 11.969 6.09504 6.6436 8.05612 7.04353 5.46412 5.22756 5.46287 8.44739 12.0992 9.26499 8.08097 14.2618 11.9579 9.80478 8.83807 8.00151 6.6348 7.40949 6.43812 6.39843 7.06308 7.28535 6.29694 6.02713 5.89524 5.06519 6.75507 5.64014
threshold=0.12254628433665732 1.0000000180025095e-35 3.5000000000000004 2.5000000000000004 1.5000000000000002 0.027951857891066644 0.079833095026609027 13.500000000000002 16.500000000000004 1.7601746447116684 14.500000000000002 1.5000000000000002 1.0000000180025095e-35 1.039915470202802 15.500000000000002 15.500000000000002 14.500000000000002 0.80777029362974762 19.500000000000004 1.111259116614127 1.5000000000000002 2.1052781914187464 17.500000000000004 1.0000000180025095e-35 2.5031710056371956 1.111259116614127 0.64016356270154462 0.96085896151607897 2.0244651440600081 1.0000000180025095e-35
decision_type=2 2 2 2 2 2 2 2 2 2 2 2 2 2 2 2 2 2 2 2 2 2 2 2 2 2 2 2 2 2
left_child=1 2 3 4 -1 -6 -4 27 9 11 -11 12 16 15 -15 17 -9 -14 19 -10 -12 -21 -23 -24 -20 -18 -13 28 -2 -29
right_child=7 -3 6 -5 5 -7 -8 8 18 10 20 26 13 14 -16 -17 25 -19 24 21 -22 22 23 -25 -26 -27 -28 29 -30 -31
leaf_value=-1.612938265787402e-05 4.5596914684166437e-05 -3.246604231722161e-05 7.6770549571626202e-05 -3.4903366067125459e-05 7.8957450493657823e-05 -0.00012788782824045067 -1.1982900227922814e-05 0.021132386423280042 -0.0019264244706083179 -0.0003708803885526302 -0.0093503771349567194 -0.00073773753957196092 0.00098006072631149363 -0.0081752348981189056 -0.0023477117577715757 0.0060519235949875157 0.0082700954343770013 -0.0021377486128833279 -9.3913975544866751e-05 0.0037812153916435389 -0.0043161921060768105 -0.0025171730012826469 0.0074145154100453197 4.2664773330036709e-05 -0.0057793440206135201 -0.00054503760184376748 0.0023038971548474509 0.0062911333506059375 -0.0041692277201738738 0.00080305787700002689
leaf_weight=14066 18036 1787 1420 5978 835 209 1391 98 393 1790 714 916 820 470 908 274 176 1150 14548 3196 1167 2203 2270 3999 1346 1447 2204 1716 1058 10190
leaf_count=14066 18036 1787 1420 5978 835 209 1391 98 393 1790 714 916 820 470 908 274 176 1150 14548 3196 1167 2203 2270 3999 1346 1447 2204 1716 1058 10190
internal_value=-0.000343839 -0.00149498 -0.00119984 -0.00149137 -0.000933157 0.0033046 0.000987193 7.20927e-05 -0.000304946 -0.00119087 -0.00319395 -0.00032199 -0.00158619 -0.00292656 -0.00693033 -0.000467914 0.00123475 -0.00170051 7.95922e-05 0.00096385 -0.00599415 0.00119129 0.000472144 0.00132796 -0.000591418 0.000354282 0.00184295 0.000559677 5.49911e-05 0.00136906
internal_weight=96775 25686 23899 21088 15110 1044 2811 71089 40089 12134 3671 8463 5343 3622 1378 2244 1721 1970 27955 12061 1881 11668 8472 6269 15894 1623 3120 31000 19094 11906
internal_count=96775 25686 23899 21088 15110 1044 2811 71089 40089 12134 3671 8463 5343 3622 1378 2244 1721 1970 27955 12061 1881 11668 8472 6269 15894 1623 3120 31000 19094 11906
is_linear=0
shrinkage=0.05


Tree=153
num_leaves=31
num_cat=0
split_feature=0 6 1 1 2 14 12 11 12 7 8 14 0 0 8 4 0 11 8 0 3 2 0 12 9 10 14 8 4 12
split_gain=16.2394 7.3676 4.36173 4.10205 4.01441 5.55745 4.82203 3.81017 3.78139 3.31671 3.53778 3.28972 3.1304 5.8044 5.25289 3.95694 3.78129 5.18844 3.09169 4.49197 3.82948 5.27936 3.62167 3.63133 3.07099 6.3672 4.07665 3.2392 2.97801 2.95082
threshold=3.5000000000000004 1.0000000180025095e-35 3.5000000000000004 1.5000000000000002 4.5000000000000009 0.10072908347879654 0.20017889409664549 7.701608116388571 0.024869040299849248 1.0000000180025095e-35 1.0000000180025095e-35 0.51253053724982567 19.500000000000004 17.500000000000004 1.5000000000000002 1.0000000180025095e-35 13.500000000000002 4.9651627472506323 3.5000000000000004 9.5000000000000018 1.0000000180025095e-35 26.500000000000004 9.5000000000000018 0.46109249075020248 7.0608597345663666 6.3682407829821726 0.07579886385575714 2.5000000000000004 7.5000000000000009 1.2721947001842444
decision_type=2 2 2 2 2 2 2 2 2 2 2 2 2 2 2 2 2 2 2 2 2 2 2 2 2 2 2 2 2 2
left_child=1 2 -1 4 6 -6 8 24 -2 10 11 -4 13 16 15 -15 18 -18 20 -20 21 -7 29 -24 27 26 -26 -5 -16 -22
right_child=3 -3 9 7 5 12 -8 -9 -10 -11 -12 -13 -14 14 28 -17 17 -19 19 -21 22 -23 23 -25 25 -27 -28 -29 -30 -31
leaf_value=-9.1550461337072411e-06 -3.179123826105926e-05 -3.1828357081623318e-05 -1.6184876258553771e-05 0.0022387377581266632 -2.4070246265795816e-05 0.00066704441625211892 -0.0017294964453909143 -0.005365430988492537 0.00032874026726576329 5.3941037513458374e-05 -3.2568290777603131e-05 3.8708614404232328e-05 -4.045685741350114e-05 0.064627450138226072 -0.0047245250770898478 0.0075673901862741925 0.00012105992110455905 -0.01295615326371451 0.0034826382144242858 -0.00089903601482881144 0.00070759617346909673 -0.0014676047263637755 0.0053448774880416553 0.0083887810672815255 -0.00014576756920435679 -2.1303260109003383e-05 -0.0010805656373908637 3.2471903861374006e-05 0.0028489983006649735 -0.010203096159917636
leaf_weight=8062 101 1164 1756 285 3414 3332 1652 225 199 226 4697 249 4243 110 243 1121 4090 167 524 532 785 564 74 1241 94 56128 540 492 654 44
leaf_count=8062 101 1164 1756 285 3414 3332 1652 225 199 226 4697 249 4243 110 243 1121 4090 167 524 532 785 564 74 1241 94 56128 540 492 654 44
internal_value=-0.000347909 -0.00179522 -0.00149767 -5.87479e-05 0.000504547 0.000704892 -0.00166496 -0.000283914 0.00416667 -0.00241773 -0.00261862 -0.000860349 0.00106071 0.0014335 0.00382989 0.00595045 0.000984321 -0.000193798 0.00169109 -0.000804924 0.00212748 0.00119353 0.00382463 0.00545627 -0.00025852 -0.000301258 -0.00528391 0.00286358 0.000919732 0.00123643
internal_weight=97008 16154 14990 80854 23090 21138 1952 57764 300 6928 6702 2005 17724 13481 2128 1231 11353 4257 7096 1056 6040 3896 2144 1315 57539 56762 634 777 897 829
internal_count=97008 16154 14990 80854 23090 21138 1952 57764 300 6928 6702 2005 17724 13481 2128 1231 11353 4257 7096 1056 6040 3896 2144 1315 57539 56762 634 777 897 829
is_linear=0
shrinkage=0.05


Tree=154
num_leaves=31
num_cat=0
split_feature=0 12 6 1 12 11 4 7 6 11 12 9 12 9 6 2 2 0 0 12 0 8 8 14 14 0 12 8 4 0
split_gain=13.2464 6.01684 4.64322 3.18434 3.27743 3.41639 3.01022 2.94807 3.27597 3.19847 2.73234 3.99524 2.65722 2.63032 2.5256 2.48906 3.24071 2.37331 6.79006 7.44786 11.0902 7.41589 7.64922 7.2202 6.07668 5.71153 10.5604 6.15915 5.69833 5.51097
threshold=4.5000000000000009 0.013162474226473111 1.0000000180025095e-35 1.5000000000000002 0.036601037503785898 0.03887794290427448 1.0000000180025095e-35 1.0000000180025095e-35 1.0000000180025095e-35 3.0700631488550734 0.03057491011296894 7.4269095197394899 0.036601037503785898 8.9784013442563531 1.0000000180025095e-35 10.500000000000002 25.500000000000004 13.500000000000002 16.500000000000004 1.6263503427068005 14.500000000000002 1.5000000000000002 3.5000000000000004 2.8590536614180526 1.4700593891048779 15.500000000000002 0.88633335334409069 1.0000000180025095e-35 1.5000000000000002 14.500000000000002
decision_type=2 2 2 2 2 2 2 2 2 2 2 2 2 2 2 2 2 2 2 2 2 2 2 2 2 2 2 2 2 2
left_child=1 14 3 4 6 -6 13 17 -9 -10 -5 -12 15 -3 -1 -13 -17 -2 19 24 -21 -20 28 -22 25 26 -19 29 -23 -28
right_child=7 2 -4 10 5 -7 -8 8 9 -11 11 12 -14 -15 -16 16 -18 18 21 20 23 22 -24 -25 -26 -27 27 -29 -30 -31
leaf_value=-3.5985700601406156e-05 1.6239445405074814e-05 6.3323098019950341e-05 -2.3419474564637025e-05 -1.8222189968756555e-05 5.7139631711950785e-05 -0.00030317933950286657 -2.3407657688823136e-06 0.0005447068247037834 3.8674021714954144e-05 -0.0095733013583154669 -0.00017764432150507993 0.00015850054716452954 -5.5083548241120431e-05 0.00018245424846476756 -5.4491374418187126e-05 -8.3419073433597347e-05 5.9452512323857674e-05 -4.7840378648678075e-05 0.00038446346370549363 -0.00031541220452105948 -0.0059493493762630802 -0.0019750705009157488 0.0003944270912384321 0.008772415526957112 0.0008999509426881741 0.00082009914605740697 0.021851758561637537 -0.0044614813113931116 -0.00034601874929642148 -0.0011535045312857206
leaf_weight=2071 34907 404 1364 10985 44 65 4463 2582 107 77 47 190 213 56 69 72 107 1806 16452 1822 2107 1223 3565 131 2905 1378 50 1220 6012 219
leaf_count=2071 34907 404 1364 10985 44 65 4463 2582 107 77 47 190 213 56 69 72 107 1806 16452 1822 2107 1223 3565 131 2905 1378 50 1220 6012 219
internal_value=-0.000348195 -0.00148883 -0.001191 -0.000961192 8.94277e-05 -0.00848624 0.000279301 -4.79997e-05 0.00155459 -0.0048913 -0.00141639 0.00178855 0.00292096 0.00413043 -0.00399533 0.0054878 0.00125698 -0.000108067 -0.000376704 -0.0013877 -0.00311576 5.50418e-05 -0.000962963 -0.00547364 -0.000461863 -0.00157822 -0.00270865 -0.00582606 -0.00189703 0.0010223
internal_weight=96713 20150 18010 16646 5032 109 4923 76563 2766 184 11614 629 582 460 2140 369 179 73797 38890 11638 4060 27252 10800 2238 7578 4673 3295 1489 7235 269
internal_count=96713 20150 18010 16646 5032 109 4923 76563 2766 184 11614 629 582 460 2140 369 179 73797 38890 11638 4060 27252 10800 2238 7578 4673 3295 1489 7235 269
is_linear=0
shrinkage=0.05


Tree=155
num_leaves=31
num_cat=0
split_feature=12 6 8 8 8 7 12 14 14 7 8 8 11 3 11 6 0 11 12 12 8 0 10 0 12 12 8 8 0 12
split_gain=11.9361 12.9064 5.49913 7.79706 5.82801 5.77921 5.69059 5.57382 5.28476 4.52462 4.46525 4.86333 4.18229 4.15614 4.08602 4.0358 4.19906 3.90119 3.63128 3.60195 3.55363 5.55113 3.72162 3.12957 6.33789 3.63907 4.25842 5.94141 7.61941 9.56154
threshold=0.13279959401290262 1.0000000180025095e-35 3.5000000000000004 2.5000000000000004 1.5000000000000002 1.0000000180025095e-35 0.020480177178761039 0.081845263849881819 0.057891262204215345 1.0000000180025095e-35 3.5000000000000004 2.5000000000000004 0.14356560726223849 1.0000000180025095e-35 6.0039328887988752 1.0000000180025095e-35 19.500000000000004 0.026185372129590826 0.3197795857231292 0.018035768771074438 1.0000000180025095e-35 4.5000000000000009 6.713588385752419 20.500000000000004 0.6091033743276294 2.2738706688326817 2.5000000000000004 1.0000000180025095e-35 21.500000000000004 0.98315794437631931
decision_type=2 2 2 2 2 2 2 2 2 2 2 2 2 2 2 2 2 2 2 2 2 2 2 2 2 2 2 2 2 2
left_child=1 2 3 4 20 6 13 12 -6 14 11 -3 -4 -5 23 16 -11 -7 -18 -9 22 -22 -1 -2 -25 26 27 28 29 -26
right_child=9 10 7 5 8 17 -8 19 -10 15 -12 -13 -14 -15 -16 -17 18 -19 -20 -21 21 -23 -24 24 25 -27 -28 -29 -30 -31
leaf_value=-7.2070263222650131e-05 1.6595433929255527e-05 -2.1315546384990686e-05 8.5020445194680324e-05 -3.5014835139595642e-05 9.1389284379294393e-05 7.329402228529181e-05 -0.00011083807431462208 1.0431307316013853e-05 -8.3569834085483324e-06 0.0026846222000472264 1.5584525644455045e-05 -6.5940069403985389e-05 -0.00030413699339724575 -4.9149903503305227e-06 -0.0043646894600537726 -0.0014829771703294922 0.0013103121315047206 -4.6558667248628417e-05 -0.0020308924464340905 -5.8067211229271939e-05 -2.7861103239480366e-05 1.6486001179073784e-05 1.6788660735027242e-06 6.0891420091430118e-05 0.0090966246999337561 -0.011566265914885888 -0.0022662973462224513 9.4377817087459848e-05 -0.0051818202961574043 -0.0027498373957492552
leaf_weight=471 55428 1185 1328 2549 480 390 1227 843 589 1917 211 486 52 1548 999 180 112 421 444 499 5641 1197 7148 5903 138 187 1054 2811 227 977
leaf_count=471 55428 1185 1328 2549 480 390 1227 843 589 1917 211 486 52 1548 999 180 112 421 444 499 5641 1197 7148 5903 138 187 1054 2811 227 977
internal_value=-0.000414416 -0.00132401 -0.00101608 -0.00128226 -0.000685946 -0.00279136 -0.00339031 0.00110213 0.00287652 -7.49535e-05 -0.0053135 -0.00617893 0.00333333 -0.00249573 -0.000154303 0.00195062 0.00247675 0.00114057 -0.00134892 -0.00119225 -0.000949367 -0.00177684 -0.00020672 -0.000106782 -0.000865274 -0.00210419 -0.00185808 -0.00113773 -0.00387481 -0.00217489
internal_weight=96642 26265 24383 21661 15526 6135 5324 2722 1069 70377 1882 1671 1380 4097 67724 2653 2473 811 556 1342 14457 6838 7619 66725 11297 5394 5207 4153 1342 1115
internal_count=96642 26265 24383 21661 15526 6135 5324 2722 1069 70377 1882 1671 1380 4097 67724 2653 2473 811 556 1342 14457 6838 7619 66725 11297 5394 5207 4153 1342 1115
is_linear=0
shrinkage=0.05


Tree=156
num_leaves=31
num_cat=0
split_feature=0 6 14 14 12 0 8 8 8 12 12 3 3 4 0 12 12 12 14 6 12 12 0 8 4 3 12 2 0 11
split_gain=16.7294 5.66181 5.39451 3.88242 8.20805 6.55192 4.68541 4.94769 5.49622 12.447 7.12483 4.8817 4.81674 6.37978 5.11957 6.11183 5.73242 4.84912 6.76403 4.7941 4.41606 4.27562 5.28995 6.28448 8.0194 11.6377 6.97953 6.46506 6.39229 4.61472
threshold=3.5000000000000004 1.0000000180025095e-35 0.011791016827106891 0.79185215920177832 1.5763921561138052 8.5000000000000018 1.0000000180025095e-35 2.5000000000000004 3.5000000000000004 0.032781885571144261 0.12254628433665732 1.0000000180025095e-35 1.0000000180025095e-35 3.5000000000000004 9.5000000000000018 0.23801269327374347 0.37712232498372095 0.21195280718300627 0.15855883354382452 1.0000000180025095e-35 3.0336481365421735 0.23801269327374347 19.500000000000004 1.0000000180025095e-35 1.0000000180025095e-35 1.0000000180025095e-35 2.7469130447725001 18.500000000000004 17.500000000000004 0.74479280410000925
decision_type=2 2 2 2 2 2 2 2 2 2 2 2 2 2 2 2 2 2 2 2 2 2 2 2 2 2 2 2 2 2
left_child=1 2 -1 4 6 20 12 11 10 -10 19 -8 13 -2 15 -14 -16 -15 -19 -9 -5 -7 23 24 27 26 -26 -23 -28 -25
right_child=3 -3 -4 5 -6 21 7 8 9 -11 -12 -13 14 17 16 -17 -18 18 -20 -21 -22 22 -24 29 25 -27 28 -29 -30 -31
leaf_value=-7.5489166415500637e-05 -5.3725453264263059e-06 -2.7684382513864768e-05 -1.7136463747911922e-05 0.0094865163778495645 -0.0053142171846105929 0.00030302193533621321 5.1814740643397682e-05 -3.562557774016914e-05 0.00027722750720374901 3.7881830567500219e-05 -5.3056962049384196e-05 -2.5491099268136304e-05 -1.4406628845167052e-05 -3.911815771231314e-05 0.0068931980764215944 -0.0021877329343255149 0.0012109729396931779 -0.0011102692362564939 -0.0010791674495807036 -6.9961929138952114e-05 -0.0019588231660227053 0.0093529476631148082 -0.00036219937162129125 -0.00074749405857127697 0.00070356621632828859 0.0073043856286976686 -0.0064769401952232243 0.048185371754444019 -0.00023664219731738269 0.0001831844353709644
leaf_weight=158 2166 1152 14716 757 602 1490 5651 2205 174 2643 4490 3121 2326 2568 97 124 637 178 923 176 278 887 13252 2735 2547 3242 947 438 1088 24757
leaf_count=158 2166 1152 14716 757 602 1490 5651 2205 174 2643 4490 3121 2326 2568 97 124 637 178 923 176 278 887 13252 2735 2547 3242 947 438 1088 24757
internal_value=-0.000356125 -0.0018314 -0.00156985 -6.24231e-05 -0.00053684 0.000191728 -0.000410313 4.60455e-05 -0.000732865 0.00112709 -0.00149542 0.000906293 -0.00134438 -0.00219794 0.000219849 -0.000877551 0.00388283 -0.00346825 -0.00624432 -0.00370643 0.00413043 0.000112391 3.35718e-05 0.000343195 0.0014783 0.000869121 -0.000752946 0.00507547 -0.00293612 -3.45555e-05
internal_weight=96525 16026 14874 80499 28081 52418 27479 18460 9688 2817 6871 8772 9019 5835 3184 2450 734 3669 1101 2381 1035 51383 49893 36641 9149 7824 4582 1325 2035 27492
internal_count=96525 16026 14874 80499 28081 52418 27479 18460 9688 2817 6871 8772 9019 5835 3184 2450 734 3669 1101 2381 1035 51383 49893 36641 9149 7824 4582 1325 2035 27492
is_linear=0
shrinkage=0.05


Tree=157
num_leaves=31
num_cat=0
split_feature=12 6 1 12 1 12 12 14 1 14 4 10 8 8 1 2 12 11 8 12 14 12 11 3 2 8 2 12 14 11
split_gain=12.022 10.1845 5.81945 5.55452 4.73107 3.54114 3.419 11.6748 5.37992 6.14189 3.90325 3.60776 3.334 4.37489 3.20625 8.48993 3.98211 5.42228 4.80418 4.67695 4.4337 4.41122 3.5529 3.3934 9.40222 4.97828 5.41927 4.40048 3.08443 3.08314
threshold=0.12254628433665732 1.0000000180025095e-35 3.5000000000000004 0.014407615121636243 5.5000000000000009 0.10146836030122026 0.21195280718300627 0.10401388126354093 5.5000000000000009 0.073887093182827615 1.0000000180025095e-35 8.2968782095696145 3.5000000000000004 2.5000000000000004 1.5000000000000002 4.5000000000000009 0.27153305017447688 0.2535277120851574 1.0000000180025095e-35 0.3066224417723053 0.22211085468778977 0.34771450359961475 0.2535277120851574 1.0000000180025095e-35 20.500000000000004 1.0000000180025095e-35 28.500000000000004 1.592968155458466 0.15855883354382452 1.3307846004814883
decision_type=2 2 2 2 2 2 2 2 2 2 2 2 2 2 2 2 2 2 2 2 2 2 2 2 2 2 2 2 2 2
left_child=1 2 -1 -3 5 -4 8 -8 9 -2 -11 -12 13 -5 15 -9 18 19 -16 -18 21 28 -20 24 -17 27 -27 29 -19 -25
right_child=6 3 4 12 -6 -7 7 14 -10 10 11 -13 -14 -15 16 23 17 20 22 -21 -22 -23 -24 25 -26 26 -28 -29 -30 -31
leaf_value=-4.1573431739341806e-06 -0.00017720034659812341 -5.2381464130592661e-05 -2.1742124897695037e-05 -1.653722634152718e-05 -4.3448102956181529e-06 -0.00047076895743380161 -0.00077878428868438795 -0.0024146304838500777 0.00045494828605657236 -0.00059159398524701457 0.00014472965101468353 0.0005898637725028355 1.5929312545934825e-05 -5.826942011989112e-05 -0.00018143790585153571 0.00080003413387073072 9.8426972228383286e-05 -0.00071833919599234163 0.00022624420699534216 -0.0019100766308267486 -0.00018035828044805636 -0.0012967386256039076 0.00081028639098356954 0.0021119528929352815 -0.00075179616741435787 0.0021600349139503194 -0.00055587788881779896 0.020768570825601532 0.00067647551322357622 -0.0043687192890802034
leaf_weight=12405 1494 170 7232 1095 3475 681 521 1575 879 728 3873 310 202 356 598 7615 286 198 628 680 41113 850 625 495 3071 2218 2276 836 269 155
leaf_count=12405 1494 170 7232 1095 3475 681 521 1575 879 728 3873 310 202 356 598 7615 286 198 628 680 41113 850 625 495 3071 2218 2276 836 269 155
internal_value=-0.000392378 -0.00132144 -0.00104548 -0.0049232 -0.00186161 -0.00253696 -5.85611e-05 -0.000175366 0.000967875 0.000464481 0.00131847 0.00190653 -0.00403811 -0.00487595 -0.000114195 0.000445425 -0.000339802 -0.000436676 0.00193139 -0.00414079 -0.000352345 -0.00320805 0.00369114 0.000777031 0.000243309 0.00173077 0.000901202 0.00423957 0.000695931 0.00115385
internal_weight=96909 25616 23793 1823 11388 7913 71293 64009 7284 6405 4911 4183 1653 1451 63488 18241 45247 43396 1851 966 42430 1317 1253 16666 10686 5980 4494 1486 467 650
internal_count=96909 25616 23793 1823 11388 7913 71293 64009 7284 6405 4911 4183 1653 1451 63488 18241 45247 43396 1851 966 42430 1317 1253 16666 10686 5980 4494 1486 467 650
is_linear=0
shrinkage=0.05


Tree=158
num_leaves=31
num_cat=0
split_feature=0 6 12 7 8 8 8 3 4 12 14 12 0 6 8 2 14 12 12 0 4 7 10 4 12 12 0 12 12 12
split_gain=10.9941 7.18215 3.1392 3.06973 3.03115 3.16343 6.41319 3.50216 4.32262 2.93961 2.72547 5.24563 3.19587 4.222 2.65134 2.81736 2.62089 4.24267 3.33615 5.04981 3.64138 2.60185 2.54278 2.51203 2.37534 2.31239 2.29412 4.50838 3.2283 8.23167
threshold=4.5000000000000009 1.0000000180025095e-35 0.014407615121636243 1.0000000180025095e-35 3.5000000000000004 2.5000000000000004 1.5000000000000002 1.0000000180025095e-35 2.5000000000000004 0.020744651813237997 0.024121603797408502 0.24533744914098818 19.500000000000004 1.0000000180025095e-35 1.0000000180025095e-35 4.5000000000000009 0.079833095026609027 0.023429542018370841 0.032781885571144261 3.5000000000000004 1.0000000180025095e-35 1.0000000180025095e-35 7.7052812258462913 1.0000000180025095e-35 2.8406717104720709 2.5031710056371956 22.500000000000004 0.7028859636005369 0.41821408167091356 0.27153305017447688
decision_type=2 2 2 2 2 2 2 2 2 2 2 2 2 2 2 2 2 2 2 2 2 2 2 2 2 2 2 2 2 2
left_child=1 4 -3 26 5 6 14 8 21 -8 -5 -12 13 22 -1 -16 18 -18 19 -6 -20 -7 -13 -11 -15 -14 -2 28 29 -28
right_child=3 2 -4 10 16 7 9 -9 -10 23 11 12 25 24 15 -17 17 -19 20 -21 -22 -23 -24 -25 -26 -27 27 -29 -30 -31
leaf_value=-4.0941224722711425e-06 -7.3278552617848158e-06 -3.9546926441761743e-05 -2.0875734255698491e-05 -9.2203706683110289e-05 3.2769815749205887e-05 -2.32670111125953e-05 0.0001011852719866679 -1.016720950261169e-05 -4.3140857491835286e-05 -0.00012899339250872622 0.0011043394785801176 0.0019021201840299041 -0.00041431226607329953 7.4021321702175819e-05 -4.7816404556576747e-05 -1.534153492465844e-05 -1.6571745634865431e-06 -0.00017058086744951062 0.00066813728624403549 0.00025296455088119168 -8.699002109771844e-05 0.0001298223024244984 0.007252509325723612 3.8522612671115787e-05 -0.0096502540971160969 -0.021494386076075896 -9.94487073050554e-05 -0.0028806027840355963 0.0006061335540121116 -0.0017449065099052587
leaf_weight=5284 70070 161 1291 124 472 805 353 1786 1942 52 192 1352 469 56 1168 4465 1302 56 40 159 274 139 424 363 67 40 2435 245 931 303
leaf_count=5284 70070 161 1291 124 472 805 353 1786 1942 52 192 1352 469 56 1168 4465 1302 56 40 159 274 139 424 363 67 40 2435 245 931 303
internal_value=-0.000324313 -0.00136486 -0.00475207 -5.1494e-05 -0.00110129 -0.0013404 -0.000900727 -0.00244007 -0.00351698 0.00351563 0.00159692 0.00194231 0.00130814 0.00225118 -0.00121141 -0.00196609 0.000597047 -0.000810015 0.00261905 0.00471474 -0.00159236 -0.000741525 0.00287162 0.000662651 -0.00670732 -0.00221022 -0.000112186 -0.00129024 -0.000851731 -0.00171658
internal_weight=96820 20112 1452 76708 18660 16357 11685 4672 2886 768 2724 2600 2408 1899 10917 5633 2303 1358 945 631 314 944 1776 415 123 509 73984 3914 3669 2738
internal_count=96820 20112 1452 76708 18660 16357 11685 4672 2886 768 2724 2600 2408 1899 10917 5633 2303 1358 945 631 314 944 1776 415 123 509 73984 3914 3669 2738
is_linear=0
shrinkage=0.05


Tree=159
num_leaves=31
num_cat=0
split_feature=0 6 1 12 9 12 12 2 12 2 1 12 2 12 3 8 4 8 12 14 12 8 8 1 0 4 12 1 12 1
split_gain=8.66712 4.75203 3.33149 3.95021 4.30602 3.14781 3.12994 2.96334 2.78321 2.72014 18.9 4.69667 4.56155 4.5454 4.35209 7.95101 20.576 13.1244 7.32182 8.18431 7.18958 6.97764 9.93545 7.14254 6.32449 5.18063 4.48613 5.58856 4.42364 3.69117
threshold=4.5000000000000009 1.0000000180025095e-35 1.5000000000000002 0.03057491011296894 7.9502635013441054 0.014407615121636243 0.036601037503785898 14.500000000000002 0.036601037503785898 3.5000000000000004 3.5000000000000004 1.0589607478781462 2.5000000000000004 3.5351141344718853 1.0000000180025095e-35 1.0000000180025095e-35 1.0000000180025095e-35 2.5000000000000004 0.64549097881835227 1.912899923443302 0.33449836375219416 1.0000000180025095e-35 1.5000000000000002 4.5000000000000009 21.500000000000004 1.0000000180025095e-35 0.14561919094659626 5.5000000000000009 2.9899760889170972 5.5000000000000009
decision_type=2 2 2 2 2 2 2 2 2 2 2 2 2 2 2 2 2 2 2 2 2 2 2 2 2 2 2 2 2 2
left_child=1 2 8 -4 -5 -3 -6 -8 -1 10 13 -12 -13 -2 15 16 20 18 25 -20 -11 23 28 -16 -24 -17 -25 -28 -23 -14
right_child=9 5 3 4 6 -7 7 -9 -10 14 11 12 29 -15 21 17 -18 -19 19 -21 -22 22 24 26 -26 -27 27 -29 -30 -31
leaf_value=3.2206927434468971e-06 0.00044721692595072474 -3.6239331688542405e-05 -1.7090306850890604e-05 -4.8644430923861905e-05 0.00011243058526384564 -1.7762602475596481e-05 -9.5021411592984342e-05 0.00017259871110111749 -0.00015222795531758218 -0.00011837167704375242 -5.9448209525050925e-05 -0.0069564572828031196 0.00086755311217061597 0.031888308467650499 0.00029967486299887233 -1.5906585146285846e-05 -0.00021307467003151524 -9.3065458396453951e-05 4.0771235465170145e-06 0.0032439490629748938 0.0078680047675227186 -0.00027799406992528518 0.00051275703855253321 -3.557783805518272e-05 -0.00055089932986130687 0.00014084346970312522 0.015441297272864953 0.0020089976303238827 -0.018422743496750462 -0.0059273993387018442
leaf_weight=5194 3439 160 12824 238 240 1279 93 68 120 1041 3201 2043 877 197 3608 997 10858 18519 10302 2365 2045 4756 6131 212 707 3205 378 456 166 1147
leaf_count=5194 3439 160 12824 238 240 1279 93 68 120 1041 3201 2043 877 197 3608 997 10858 18519 10302 2365 2045 4756 6131 212 707 3205 378 456 166 1147
internal_value=-0.000323127 -0.00124406 -0.00103185 -0.00145027 0.00238654 -0.0040132 0.00554863 0.00015528 2.82273e-05 -8.02348e-05 -0.000811629 -0.00228398 -0.00341161 0.00213146 4.10671e-05 -0.000193586 -0.00120482 0.000204872 0.00121376 0.0006138 0.00239793 0.000746314 9.77891e-05 0.00238505 0.0013308 0.00302237 0.00602294 0.00767386 -0.0016152 -0.00172925
internal_weight=96866 20216 18777 13463 639 1439 401 161 5314 76650 10904 7268 4067 3636 65746 49332 13944 35388 16869 12667 3086 16414 11760 4654 6838 4202 1046 834 4922 2024
internal_count=96866 20216 18777 13463 639 1439 401 161 5314 76650 10904 7268 4067 3636 65746 49332 13944 35388 16869 12667 3086 16414 11760 4654 6838 4202 1046 834 4922 2024
is_linear=0
shrinkage=0.05


Tree=160
num_leaves=31
num_cat=0
split_feature=0 6 11 1 1 4 12 7 2 2 11 2 12 13 13 1 2 8 2 11 0 11 12 12 11 9 9 13 10 11
split_gain=8.08875 4.82317 4.45398 3.53997 3.58499 3.46604 2.99015 2.86288 2.17507 2.16896 3.52484 3.25341 6.45772 3.00525 2.99917 2.88605 3.76182 2.71738 2.56971 2.3255 2.23145 2.13818 2.81045 2.07819 2.77668 2.01783 2.60618 1.95914 1.95864 1.95037
threshold=4.5000000000000009 1.0000000180025095e-35 0.06490751030597304 1.5000000000000002 5.5000000000000009 1.0000000180025095e-35 0.014407615121636243 1.0000000180025095e-35 27.500000000000004 5.5000000000000009 0.012283572797342318 7.5000000000000009 0.03057491011296894 0.8229912233792589 0.019618491168703494 3.5000000000000004 9.5000000000000018 1.0000000180025095e-35 16.500000000000004 0.026185372129590826 3.5000000000000004 7.701608116388571 5.1016967195759895 0.014622045854339181 0.012283572797342318 8.4022731314817474 7.6696021677863273 0.010929538203647097 7.0364507636117475 0.03887794290427448
decision_type=2 2 2 2 2 2 2 2 2 2 2 2 2 2 2 2 2 2 2 2 2 2 2 2 2 2 2 2 2 2
left_child=1 2 3 5 9 -1 -3 21 25 10 -5 12 -11 14 -12 17 20 -13 27 -16 -17 22 -2 -19 -25 26 -7 -18 -22 -28
right_child=7 6 -4 4 -6 8 -8 -9 -10 11 13 15 -14 -15 19 16 18 23 -20 -21 28 -23 -24 24 -26 -27 29 -29 -30 -31
leaf_value=8.1167505496244734e-05 -1.0716566693099243e-05 -3.2265990299812453e-05 -0.00012266630752633454 -2.659041751549643e-05 3.3495828390414997e-06 -3.4563067985444051e-05 -1.7668382884776772e-05 0.00036261031727525769 1.7467061236073596e-05 -5.3715252169628769e-05 -2.264000372326977e-05 2.3002475087830974e-05 0.00026736411728256725 -0.00011034963621426534 3.8525095763255589e-05 -5.1246913720014253e-05 -3.3503993556958285e-05 2.3008901023048592e-05 -2.677047358572906e-05 -7.6744309902233428e-05 -4.9624712659410154e-05 -0.0045363900176053967 0.015495922482047687 -6.2868950284987631e-05 -7.728086798024832e-06 -2.6395452033765346e-05 1.4932252097951074e-05 1.0683389843146006e-05 1.0480457367844374e-05 -6.15997725494491e-05
leaf_weight=476 73557 155 105 1172 2856 569 1285 2718 1452 915 567 785 42 43 1078 773 108 215 1927 82 41 343 192 661 1189 964 1612 869 158 173
leaf_count=476 73557 155 105 1172 2856 569 1285 2718 1452 915 567 785 42 43 1078 773 108 215 1927 82 41 343 192 661 1189 964 1612 869 158 173
internal_value=-0.000246184 -0.00113457 -0.000921304 -0.000863726 -0.00129256 0.000238277 -0.00392361 -1.17172e-05 -0.000167715 -0.00171529 -0.000560843 -0.00215736 -0.00488506 0.000847458 0.00117255 -0.00176925 -0.00265738 -0.000561404 -0.0017562 0.00262931 -0.00534979 -7.0183e-05 -5.18651e-05 -0.00151332 -0.00205405 -0.00087402 -8.49618e-05 0.000332651 -0.000628141 0.000854342
internal_weight=97082 20272 18832 18727 13481 5246 1440 76810 4770 10625 2942 7683 957 1770 1727 6726 3876 2850 2904 1160 972 74092 73749 2065 1850 3318 2354 977 199 1785
internal_count=97082 20272 18832 18727 13481 5246 1440 76810 4770 10625 2942 7683 957 1770 1727 6726 3876 2850 2904 1160 972 74092 73749 2065 1850 3318 2354 977 199 1785
is_linear=0
shrinkage=0.05


Tree=161
num_leaves=31
num_cat=0
split_feature=12 12 14 6 6 12 10 0 8 8 8 0 4 14 1 0 14 8 8 8 12 0 12 0 2 13 0 0 12 8
split_gain=9.20885 6.10539 7.41526 5.72187 5.44147 3.7392 3.07787 2.98007 3.50145 7.65024 3.29587 3.13325 2.93233 3.2915 3.23426 2.82767 4.58357 4.22379 7.59102 5.93006 5.82623 3.95764 5.8347 3.10679 3.1337 2.73166 3.20644 4.30021 6.04007 4.53052
threshold=0.15853286013538914 0.21195280718300627 0.10401388126354093 1.0000000180025095e-35 1.0000000180025095e-35 0.013162474226473111 8.3539509340366518 6.5000000000000009 2.5000000000000004 3.5000000000000004 1.5000000000000002 2.5000000000000004 1.0000000180025095e-35 0.11125199692356876 3.5000000000000004 6.5000000000000009 0.063416445188203399 2.5000000000000004 1.5000000000000002 3.5000000000000004 0.03057491011296894 3.5000000000000004 0.032781885571144261 2.5000000000000004 12.500000000000002 1.3044857071304936 13.500000000000002 15.500000000000002 0.90547479096102712 1.0000000180025095e-35
decision_type=2 2 2 2 2 2 2 2 2 2 2 2 2 2 2 2 2 2 2 2 2 2 2 2 2 2 2 2 2 2
left_child=4 3 -3 12 5 -1 15 8 10 -10 -6 -11 13 -2 -14 17 -17 18 20 -19 -7 -21 -23 24 -20 26 -4 28 -28 -30
right_child=1 2 25 -5 7 6 -8 -9 9 11 -12 -13 14 -15 -16 16 -18 19 23 21 -22 22 -24 -25 -26 -27 27 -29 29 -31
leaf_value=-2.4809262475168972e-05 -0.0014389319669378898 -0.00068410003455742776 3.7606846215565428e-06 0.00037489834219723715 -1.1738623281418388e-05 -9.7080659964022934e-06 2.6041954784142635e-05 -0.0003712274026104315 -5.4839943587557673e-05 -2.3646723705944649e-05 8.9499407426637178e-05 8.0729751104666791e-05 4.2167508423236744e-05 0.00032824472991766222 0.00034774546338226973 -0.00046877686801100608 -0.00014391999894605503 -2.8504085839360563e-05 7.5171962860054548e-05 -8.1960555679961095e-06 9.194410698099573e-05 0.00027323926397393363 0.00010144744520862899 9.452638703028767e-05 -2.6580408872464538e-05 0.00019370909584606191 -0.00014282006752458222 -0.00016759046881528462 -0.0018959068513858203 -0.0040332509343398663
leaf_weight=2199 248 506 18017 283 1072 10822 1369 193 467 108 70 113 1867 342 1402 476 1954 5258 267 1361 1340 125 643 479 213 34349 1600 7838 726 984
leaf_count=2199 248 506 18017 283 1072 10822 1369 193 467 108 70 113 1867 342 1402 476 1954 5258 267 1361 1340 125 643 479 213 34349 1600 7838 726 984
internal_value=-0.000292944 2.27399e-05 -9.76257e-05 0.00188315 -0.00104718 -0.00085641 -0.000677788 -0.00354671 -0.0029235 -0.00574128 -0.00122592 0.00192308 0.00137989 -0.00186441 0.00196543 -0.000815241 -0.00242798 -0.000624147 -8.57404e-05 -0.00158048 -0.00042345 0.000645843 0.00351563 0.00419708 0.00135417 -4.95954e-05 -0.000405452 -0.00107194 -0.00258308 -0.00464912
internal_weight=96691 68162 64020 4142 28529 26506 24307 2023 1830 688 1142 221 3859 590 3269 22938 2430 20508 13121 7387 12162 2129 768 959 480 63514 29165 11148 3310 1710
internal_count=96691 68162 64020 4142 28529 26506 24307 2023 1830 688 1142 221 3859 590 3269 22938 2430 20508 13121 7387 12162 2129 768 959 480 63514 29165 11148 3310 1710
is_linear=0
shrinkage=0.05


Tree=162
num_leaves=31
num_cat=0
split_feature=12 6 12 14 8 5 12 1 14 11 0 12 0 0 12 14 1 2 12 12 8 5 12 2 2 2 12 10 3 14
split_gain=6.91502 7.86491 4.42883 10.3964 7.20016 6.94904 4.93932 5.36902 5.62038 4.47442 4.26551 4.1691 4.0781 3.59557 6.8223 5.14057 3.68114 5.70291 3.60778 3.42562 3.34067 3.31625 6.12547 3.50435 4.98156 4.93305 7.67402 3.60015 3.26562 3.14335
threshold=0.12254628433665732 1.0000000180025095e-35 0.27153305017447688 0.12932958133920672 1.0000000180025095e-35 1.0000000180025095e-35 0.21195280718300627 5.5000000000000009 0.13471814537672347 0.14356560726223849 6.5000000000000009 0.012824697325264192 7.5000000000000009 21.500000000000004 1.3040386106145412 1.1170251600835941 1.5000000000000002 4.5000000000000009 0.3066224417723053 0.11695012343445631 2.5000000000000004 1.0000000180025095e-35 2.2738706688326817 12.500000000000002 27.500000000000004 28.500000000000004 3.3051653086412491 6.3950671084078259 1.0000000180025095e-35 0.20757583040822872
decision_type=2 2 2 2 2 2 2 2 2 2 2 2 2 2 2 2 2 2 2 2 2 2 2 2 2 2 2 2 2 2
left_child=1 11 4 -4 6 28 7 8 10 -5 -2 -1 -13 16 15 18 17 -11 -15 -14 -20 23 -23 -19 27 -26 -27 -25 -6 -18
right_child=2 -3 3 9 5 -7 -8 -9 -10 13 -12 12 19 14 -16 -17 29 21 20 -21 -22 22 -24 24 25 26 -28 -29 -30 -31
leaf_value=-2.5125493754596688e-05 0.00015744823657703468 -2.2282478120423384e-05 -0.0020129226664537441 -0.0023579165635202824 0.00033865961534798703 -0.0005465843427159945 -0.00043604447654100112 0.00051753285565849937 0.0003390515344220177 -0.003051352765301274 -0.00023461897982672772 -6.0870006979872607e-06 -0.0006376055231882054 -1.1029725529367041e-05 -0.0057791894852294301 -0.00011806420946523511 -0.00067121202296759053 0.0018206678642597287 4.7317794594800569e-05 0.00019523205965034374 -0.0026204741748228596 0.002091004172944941 0.034664022471664425 -0.0050364465113924674 0.0042006985325539706 -0.00056810223778590578 0.027040924909913722 -0.00036819921832946246 0.00022101148991643046 -0.00018336049308047554
leaf_weight=1874 640 1830 219 175 2832 872 977 467 789 1340 1695 21437 345 191 271 4231 1228 3970 69 133 269 956 362 129 1272 2458 231 5208 2026 38345
leaf_count=1874 640 1830 219 175 2832 872 977 467 789 1340 1695 21437 345 191 271 4231 1228 3970 69 133 269 956 362 129 1272 2458 231 5208 2026 38345
internal_value=-0.000289908 -0.000994379 -3.65056e-05 -0.000198608 0.000922509 0.00210297 -0.000558231 0.00029936 -0.000448143 -0.000159377 -0.00168094 -0.000751398 -0.000557837 -0.000136296 -0.00141622 -0.000976891 -2.02706e-05 0.000621625 -0.00562382 -0.00512552 -0.00872781 0.000908405 0.00330046 0.000670787 0.000139815 0.00148321 0.000269617 -0.000857223 0.00284068 -0.000278599
internal_weight=96841 25619 71222 60924 10298 5730 4568 3591 3124 60705 2335 23789 21915 60530 5031 4760 55499 15926 529 478 338 14586 1318 13268 9298 3961 2689 5337 4858 39573
internal_count=96841 25619 71222 60924 10298 5730 4568 3591 3124 60705 2335 23789 21915 60530 5031 4760 55499 15926 529 478 338 14586 1318 13268 9298 3961 2689 5337 4858 39573
is_linear=0
shrinkage=0.05


Tree=163
num_leaves=31
num_cat=0
split_feature=11 8 8 8 12 14 2 2 2 0 12 14 8 1 0 14 8 12 0 0 12 12 11 12 14 12 12 0 0 12
split_gain=7.36783 4.85221 7.50028 6.58592 8.15712 6.05981 5.97004 6.13401 3.76062 3.40979 2.84975 7.57511 7.03692 4.55288 4.24031 5.72056 3.90917 3.88245 3.53337 12.7065 6.95991 5.41085 3.40892 3.04386 3.03242 6.38533 4.92454 5.46551 5.48245 7.07103
threshold=0.13817021750351233 3.5000000000000004 2.5000000000000004 1.5000000000000002 0.029088779508699588 0.079833095026609027 20.500000000000004 24.500000000000004 5.5000000000000009 4.5000000000000009 0.2941640170233652 0.13471814537672347 1.0000000180025095e-35 5.5000000000000009 22.500000000000004 0.11125199692356876 2.5000000000000004 0.19513604225284981 9.5000000000000018 22.500000000000004 0.21195280718300627 0.21195280718300627 0.2535277120851574 0.18519120925735422 0.33806301758129265 0.3197795857231292 0.36299386945380935 13.500000000000002 16.500000000000004 1.8098776341711413
decision_type=2 2 2 2 2 2 2 2 2 2 2 2 2 2 2 2 2 2 2 2 2 2 2 2 2 2 2 2 2 2
left_child=1 2 3 -1 9 -3 -4 -8 -6 -5 12 -12 13 18 15 16 23 -15 21 -20 -21 -2 -13 -14 25 -24 -26 -28 29 -29
right_child=10 5 6 4 8 -7 7 -9 -10 -11 11 22 14 17 -16 -17 -18 -19 19 20 -22 -23 24 -25 26 -27 27 28 -30 -31
leaf_value=-1.0547624843044307e-05 -0.00012291207392422544 7.6490985114980808e-05 -1.9255203353321606e-05 5.2937350081910291e-05 -0.00076350627663627081 -1.2008539569697933e-05 -5.3411571376170811e-05 -4.6728512539714538e-05 -1.8162386292583899e-05 0.00017464082224078522 -0.0022452445753236641 -0.00082263184078723854 0.00064433177985785477 0.00060298825383754457 -8.9528828525063675e-05 0.00058017222200476071 -0.00013335913061906965 -0.00011728095400284217 0.0060038824266576661 0.00052215776712717448 -0.00069099557434983562 -0.00090584428237972664 0.001195369673491594 7.1288595891899625e-05 -0.00085212275144223035 -0.00052730160374939714 0.00072813322708322891 -0.00022379415733758679 0.00016206304810163498 -0.0036602718017399783
leaf_weight=16823 1780 1418 4976 791 102 1625 628 1443 241 131 142 932 351 262 1087 2354 902 327 80 327 356 207 202 430 657 3252 19136 8605 23628 3418
leaf_count=16823 1780 1418 4976 791 102 1625 628 1443 241 131 142 932 351 262 1087 2354 902 327 80 327 356 207 202 430 657 3252 19136 8605 23628 3418
internal_value=-0.000244015 -0.00092448 -0.00115278 -0.000613667 0.00286561 0.000961222 -0.00253654 -0.00479237 -0.0037172 0.00531453 3.61657e-05 -8.50397e-05 0.000895073 -0.000890985 0.00205894 0.0028053 0.000579323 0.00309847 -0.00174545 0.00114679 -0.00106149 -0.00285606 -5.76634e-05 0.00316901 -1.01871e-05 -0.0014476 7.93594e-05 0.000130962 -0.000234916 -0.00110413
internal_weight=96613 28178 25135 18088 1265 3043 7047 2071 343 922 68435 59972 8463 3339 5124 4037 1683 589 2750 763 683 1987 59830 781 58898 3454 55444 54787 35651 12023
internal_count=96613 28178 25135 18088 1265 3043 7047 2071 343 922 68435 59972 8463 3339 5124 4037 1683 589 2750 763 683 1987 59830 781 58898 3454 55444 54787 35651 12023
is_linear=0
shrinkage=0.05


Tree=164
num_leaves=31
num_cat=0
split_feature=0 6 1 4 0 0 8 8 11 1 0 14 0 11 8 8 14 3 4 3 0 11 4 0 0 11 14 8 0 11
split_gain=6.64337 4.78262 3.20006 3.31523 2.49335 5.59602 5.24204 5.12302 4.93632 4.61821 4.4943 4.34902 4.0481 3.77902 6.69784 7.44561 6.35536 6.20116 4.8516 3.75362 4.4543 3.78419 3.49356 4.3645 3.34175 3.15966 3.14467 7.48417 7.64211 5.34814
threshold=4.5000000000000009 1.0000000180025095e-35 1.5000000000000002 1.0000000180025095e-35 19.500000000000004 17.500000000000004 1.5000000000000002 2.5000000000000004 0.51305091251275237 2.5000000000000004 13.500000000000002 2.4906633606924822 18.500000000000004 0.57631438407352842 1.5000000000000002 1.0000000180025095e-35 0.61344849924216194 1.0000000180025095e-35 1.5000000000000002 1.0000000180025095e-35 21.500000000000004 1.4867340363020811 3.5000000000000004 21.500000000000004 22.500000000000004 3.7553789038118102 1.182773151721862 1.0000000180025095e-35 12.500000000000002 2.3038583728215074
decision_type=2 2 2 2 2 2 2 2 2 2 2 2 2 2 2 2 2 2 2 2 2 2 2 2 2 2 2 2 2 2
left_child=1 2 3 -1 5 10 9 8 -8 -7 11 26 -9 16 15 17 -6 18 -15 20 -17 -22 -16 -24 -18 -14 29 28 -28 -2
right_child=4 -3 -4 -5 13 6 7 12 -10 -11 -12 -13 25 14 22 19 24 -19 -20 -21 21 -23 23 -25 -26 -27 27 -29 -30 -31
leaf_value=7.8545923336012521e-05 5.2671493431916648e-06 -1.7557726954912924e-05 -1.3597013305079869e-05 -2.4702718551927741e-06 -0.00040834085972935795 0.0079591396391428485 -0.00011310973028351158 0.0033185969534012651 -0.0041724258158335054 0.0017679058313264441 -0.00063044525004603009 0.016654742022187242 -0.00071788893922666299 0.0016920244838959154 -0.0043037076186580705 0.0039626681850810641 0.00054154684776993873 0.0021601624996805402 -0.0022094050488749629 -0.001106062659958515 0.00033835085484794082 -0.0018449000969401831 -0.0009885370518037174 -0.0018351765499928592 -2.1324942097127738e-05 -0.010582926073912959 -0.0039540633371614176 0.00032521467838045884 0.012304033724171687 -0.0024919506974938666
leaf_weight=478 24530 1440 13486 4813 745 2018 169 1495 159 2670 16113 278 1334 383 612 1555 2718 784 1465 1370 1018 247 1937 214 3055 159 321 8499 1003 1582
leaf_count=478 24530 1440 13486 4813 745 2018 169 1495 159 2670 16113 278 1334 383 612 1555 2718 784 1465 1370 1018 247 1937 214 3055 159 321 8499 1003 1582
internal_value=-0.00023642 -0.00104244 -0.000829472 0.000212625 -2.3223e-05 0.000124316 0.00135557 -0.000165862 -0.00609756 0.00243174 -6.40217e-05 0.000245078 0.000485274 -0.00057598 -0.00120762 -0.000366461 0.000352869 -0.00245061 -0.00403139 0.000942721 0.00198582 -0.000217391 -0.00328447 -0.00233612 0.000913736 -0.00135633 0.000196883 0.000959483 0.00445619 -8.99969e-05
internal_weight=96650 20217 18777 5291 76433 60330 8004 3316 328 4688 52326 36213 2988 16103 9585 6822 6518 2632 1848 4190 2820 1265 2763 2151 5773 1493 35935 9823 1324 26112
internal_count=96650 20217 18777 5291 76433 60330 8004 3316 328 4688 52326 36213 2988 16103 9585 6822 6518 2632 1848 4190 2820 1265 2763 2151 5773 1493 35935 9823 1324 26112
is_linear=0
shrinkage=0.05


Tree=165
num_leaves=31
num_cat=0
split_feature=0 11 8 13 8 12 11 3 8 8 12 8 4 8 11 12 14 11 4 0 12 0 12 0 13 2 0 12 14 12
split_gain=5.9796 5.89993 4.38006 4.67573 3.79331 3.35653 3.23601 2.93965 8.81872 11.3533 7.62654 5.88185 17.6352 12.157 6.56489 6.01207 6.21148 5.34053 4.91881 4.8568 4.7192 4.63495 6.88314 5.31642 7.39258 4.35937 4.2809 4.23604 4.21031 4.16328
threshold=4.5000000000000009 0.05686833674621037 3.5000000000000004 0.032127325037693298 1.0000000180025095e-35 0.032781885571144261 0.010590463161240328 1.0000000180025095e-35 1.0000000180025095e-35 1.5000000000000002 2.9079687597149522 1.0000000180025095e-35 1.0000000180025095e-35 2.5000000000000004 0.1624024580081305 0.64549097881835227 1.7244064180199186 3.3619682843963106 1.0000000180025095e-35 22.500000000000004 0.20596900030616466 17.500000000000004 1.9504574441721767 12.500000000000002 0.83638190104043808 12.500000000000002 6.5000000000000009 2.1454331528412554 0.024121603797408502 0.10146836030122026
decision_type=2 2 2 2 2 2 2 2 2 2 2 2 2 2 2 2 2 2 2 2 2 2 2 2 2 2 2 2 2 2
left_child=1 2 4 -4 5 -1 -6 11 17 10 20 12 14 15 -2 18 27 -9 -13 -11 -10 22 23 24 -22 -15 -14 -17 -27 -30
right_child=7 -3 3 -5 6 -7 -8 8 9 19 -12 13 26 25 -16 16 -18 -19 -20 -21 21 -23 -24 -25 -26 28 -28 -29 29 -31
leaf_value=-3.459522254434938e-06 -0.00015236562303100714 -8.5014219784692463e-05 5.8213811917159908e-05 -6.2077210609537418e-06 -3.4490033534303112e-05 0.00011544977907459765 -1.4047851150762172e-05 0.00028231037870272632 4.4133832130531519e-05 0.00026369230461515959 -0.016367128155453558 -2.608875649107124e-05 1.1691290110765577e-05 -1.7207562617305162e-07 0.0055203396046082159 0.0001327072833040857 0.0022604617830064623 0.022529563428316669 0.00013941897801295601 -0.00054158645669811285 -0.00084054015887230493 0.00013537506069083438 -0.010638417791712353 -0.0029927130571733573 0.0034565612910138601 -5.2973783911508619e-05 -0.00049239281701435702 -0.0034052944509803344 0.00044209868767391036 -0.00048226150942908832
leaf_weight=5437 849 261 887 1591 1860 114 10066 7309 761 10757 320 1016 1127 8177 2262 7894 3429 482 3178 596 1555 2277 579 2001 760 349 9722 1333 165 9738
leaf_count=5437 849 261 887 1591 1860 114 10066 7309 761 10757 320 1016 1127 8177 2262 7894 3429 482 3178 596 1555 2277 579 2001 760 349 9722 1333 165 9738
internal_value=-0.000291166 -0.00105609 -0.000958406 0.00100888 -0.00123734 -0.000157629 -0.0017399 -8.93836e-05 0.000325766 -0.000239723 -0.00165091 -0.000320376 -0.00118911 2.3385e-05 0.00212954 0.000994065 0.000450379 0.00174881 0.00263472 0.000786136 -0.00134564 -0.00174289 -0.00260981 -0.00192308 -0.000291577 -0.000864127 -0.00214075 -0.000224883 -0.00155092 -0.0013607
internal_weight=96852 20216 19955 2478 17477 5551 11926 76636 27397 19606 8253 49239 13960 35279 3111 16850 12656 7791 4194 11353 7933 7172 4895 4316 2315 18429 10849 9227 10252 9903
internal_count=96852 20216 19955 2478 17477 5551 11926 76636 27397 19606 8253 49239 13960 35279 3111 16850 12656 7791 4194 11353 7933 7172 4895 4316 2315 18429 10849 9227 10252 9903
is_linear=0
shrinkage=0.05


Tree=166
num_leaves=31
num_cat=0
split_feature=11 6 14 8 8 0 11 1 1 14 9 10 9 10 10 9 10 2 14 2 0 10 9 11 14 4 4 9 0 14
split_gain=4.80411 5.01801 4.07259 3.98245 5.4371 4.46872 3.21292 3.01695 4.58657 3.04513 2.54732 9.16354 6.85739 6.04133 5.40183 4.09874 9.52436 3.28686 3.19961 3.1243 3.13041 3.10636 10.4072 4.83982 4.09062 3.34602 2.85676 2.62234 2.57927 3.41261
threshold=0.1869385636667438 1.0000000180025095e-35 1.2751611647832297 3.5000000000000004 2.5000000000000004 4.5000000000000009 0.017746851176106904 3.5000000000000004 5.5000000000000009 0.8111321174248185 8.3931166691788146 7.8429330719927552 8.9263016328953686 8.1715108727052996 7.6422992797111506 8.2404125740008851 7.4671208723153546 10.500000000000002 0.069870493580420953 10.500000000000002 16.500000000000004 7.2052692178094775 7.8673648664628155 2.0165737572659705 1.6952142143795002 6.5000000000000009 3.5000000000000004 8.5408344280729604 15.500000000000002 2.620276331773133
decision_type=2 2 2 2 2 2 2 2 2 2 2 2 2 2 2 2 2 2 2 2 2 2 2 2 2 2 2 2 2 2
left_child=1 2 7 4 -3 -5 -6 -1 9 -9 14 17 28 -14 15 21 -17 27 -19 20 -18 22 -2 -23 -25 -24 -15 -12 29 -13
right_child=10 3 -4 5 6 -7 -8 8 -10 -11 11 12 13 26 -16 16 19 18 -20 -21 -22 23 25 24 -26 -27 -28 -29 -30 -31
leaf_value=-1.4525620542852822e-06 0.00016988354930760549 -1.3367667007055038e-05 -0.00084292865863409014 -5.5598545550861885e-06 -4.5842230528069655e-05 0.0006033220992315339 -4.6000947706265413e-05 -2.1242033350170591e-05 4.5922453984973206e-06 6.1740374484055285e-05 -0.0011685325310993922 0.00090095267390756246 -0.0013293000685766277 -0.0011942489535041725 0.0012606938684897929 -0.0012621639412351575 -0.001251178013494475 -0.00070352991604898628 -0.00026815252324289971 0.00027567054165474335 0.00031469057350318186 0.00010044618280967145 -0.0018892863100007471 0.00076541628478570824 0.0055633897615859577 -0.00048277868097808263 0.00012009290808676632 -0.0018951742802652155 0.00021753677690182634 0.011749496161053098
leaf_weight=15403 17919 1281 280 177 157 45 383 8970 4113 399 2637 3090 737 1828 3754 1155 1528 40 3822 3361 1074 8741 1014 1694 2256 1700 5799 686 2778 149
leaf_count=15403 17919 1281 280 177 157 45 383 8970 4113 399 2637 3090 737 1828 3754 1155 1528 40 3822 3361 1074 8741 1014 1694 2256 1700 5799 686 2778 149
internal_value=-0.000262968 -0.00077384 -0.000606035 -0.00316936 -0.00394014 0.00315315 -0.00814815 -0.000547862 -0.00109405 -0.00170509 -2.05286e-05 -0.000466011 0.000262499 -0.000663558 0.00019685 2.84358e-05 -0.00106069 -0.00192415 -0.00093216 -0.000255744 -0.0015565 0.000261073 -0.00011753 0.000876605 0.00232911 -0.00300295 -0.000245837 -0.00307704 0.00154978 0.00250849
internal_weight=96970 31208 29165 2043 1821 222 540 28885 13482 9369 65762 21566 14381 8364 44196 40442 7118 7185 3862 5963 2602 33324 20633 12691 3950 2714 7627 3323 6017 3239
internal_count=96970 31208 29165 2043 1821 222 540 28885 13482 9369 65762 21566 14381 8364 44196 40442 7118 7185 3862 5963 2602 33324 20633 12691 3950 2714 7627 3323 6017 3239
is_linear=0
shrinkage=0.05


Tree=167
num_leaves=31
num_cat=0
split_feature=0 7 11 12 14 13 0 10 9 10 0 0 0 14 9 11 10 9 10 8 10 8 6 12 13 10 10 14 8 14
split_gain=5.459 3.82887 3.51735 3.14036 7.44915 5.41437 5.8671 5.35063 4.44027 9.15438 4.0525 5.64458 8.56989 4.74278 3.93791 4.08061 3.44944 3.28767 3.68919 3.09128 3.00297 2.92924 3.47248 3.07295 2.99018 2.9378 2.85627 2.69054 2.60791 3.55361
threshold=4.5000000000000009 1.0000000180025095e-35 0.05686833674621037 2.3629150681186144 0.91978011693624928 1.4821797522496689 19.500000000000004 8.0533306444494901 8.2432030660917555 7.5285888970404775 8.5000000000000018 12.500000000000002 13.500000000000002 1.6674831078000392 8.9263016328953686 4.3598454606994954 7.1779410258993943 8.0983831829183792 7.2861132186612787 2.5000000000000004 7.5868140994542168 3.5000000000000004 1.0000000180025095e-35 0.013454374309724354 0.032127325037693298 7.7351829047320795 8.2762302843139288 1.8316268875488217 1.0000000180025095e-35 2.2326198797045382
decision_type=2 2 2 2 2 2 2 2 2 2 2 2 2 2 2 2 2 2 2 2 2 2 2 2 2 2 2 2 2 2
left_child=2 3 21 -2 -5 10 7 8 16 -10 -6 13 -13 -12 19 -16 -7 -18 -19 -9 -3 22 -1 -24 -23 -25 -17 -8 -11 -30
right_child=1 20 -4 4 5 6 27 14 9 28 11 12 -14 -15 15 26 17 18 -20 -21 -22 24 23 25 -26 -27 -28 -29 29 -31
leaf_value=-1.0206382169315049e-05 6.1486842490909858e-06 0.00012104949767488446 -6.4026905174848284e-05 -0.019458283619862751 0.0031668558308539209 -0.00050026951076016519 -0.014618062723917764 0.012685753613523443 -0.01241180643655812 0.0017816038887486952 -0.0083971292836979346 0.0077390515207757197 -0.0045552837570194352 0.004337087157554864 0.0040004180039442836 -0.0090681617379301371 0.0091121502099748009 -0.010813262037948674 0.0017276089614067791 -0.0046068226039103211 0.0012804331369563979 4.414730004069171e-05 -2.8186482472282579e-05 -2.5437254103137736e-05 -5.9583182698830228e-06 1.5556059282767402e-06 -0.00080262697435006252 -0.0030290375147938088 -0.0016169909894465262 -0.012103020314535412
leaf_weight=16304 60031 1722 253 105 487 2282 102 464 254 1001 1043 634 1861 156 737 90 1050 42 877 69 984 880 83 815 1560 346 199 1354 998 134
leaf_count=16304 60031 1722 253 105 487 2282 102 464 254 1001 1043 634 1861 156 737 90 1050 42 877 69 984 880 83 815 1560 346 199 1354 998 134
internal_value=-0.00022932 -3.65173e-05 -0.000959686 -0.000104096 -0.000780185 -0.000679485 -2.84886e-05 0.000491033 -0.000128051 -0.00185379 -0.00218249 -0.0027477 -0.00139279 -0.00556714 0.003127 0.00131579 0.000840979 0.0023743 0.000190424 0.00661351 0.00181079 -0.000885531 -0.00111124 -0.00365756 0.000737705 -0.00299311 -0.00371972 -0.0029533 -0.000785279 -0.00242933
internal_weight=96917 76676 20241 73970 13939 13834 9653 8197 6638 2387 4181 3694 2495 1199 1559 1026 4251 1969 919 533 2706 19988 17548 1244 2440 1161 289 1456 2133 1132
internal_count=96917 76676 20241 73970 13939 13834 9653 8197 6638 2387 4181 3694 2495 1199 1559 1026 4251 1969 919 533 2706 19988 17548 1244 2440 1161 289 1456 2133 1132
is_linear=0
shrinkage=0.05


Tree=168
num_leaves=31
num_cat=0
split_feature=12 12 14 1 14 6 0 11 12 3 0 12 0 14 0 14 0 0 14 12 12 11 1 2 2 2 1 2 2 2
split_gain=5.23869 4.08426 9.52308 3.77231 5.26559 3.76061 3.52819 3.10226 4.42923 3.29111 3.17714 3.80336 5.2046 4.87155 3.7254 5.51324 3.96908 9.14302 4.15523 3.66063 5.22766 4.15453 2.84903 15.9931 6.83896 6.89398 5.01589 8.07295 12.1413 4.94304
threshold=0.12789232298815734 0.21195280718300627 0.11125199692356876 5.5000000000000009 0.084109403795395443 1.0000000180025095e-35 7.5000000000000009 4.9651627472506323 5.1016967195759895 1.0000000180025095e-35 22.500000000000004 0.2941640170233652 21.500000000000004 0.17177523891156851 8.5000000000000018 0.15226268694702264 9.5000000000000018 11.500000000000002 0.13471814537672347 0.7028859636005369 0.41821408167091356 0.52921889025971625 3.5000000000000004 2.5000000000000004 3.5000000000000004 4.5000000000000009 1.5000000000000002 7.5000000000000009 14.500000000000002 10.500000000000002
decision_type=2 2 2 2 2 2 2 2 2 2 2 2 2 2 2 2 2 2 2 2 2 2 2 2 2 2 2 2 2 2
left_child=5 3 -3 4 6 -1 -2 8 10 -9 11 12 14 -13 15 -4 18 -18 -16 20 21 -12 24 -24 -15 -26 -27 -28 -29 -25
right_child=1 2 7 -5 -6 -7 -8 9 -10 -11 19 13 -14 22 16 -17 17 -19 -20 -21 -22 -23 23 29 25 26 27 28 -30 -31
leaf_value=-8.2873296120271344e-06 -4.408500764845405e-06 -0.00061267458189404045 0.00019162970817854924 0.00040724035052822419 0.00020870032682622359 -1.7306111688240345e-05 -0.00039831534492867292 -0.0028705278195154116 0.02960503635960865 0.014315431537821244 -0.00034685905572111184 -0.00090211404418183774 0.0012337599682744798 0.0033269428472129437 0.00059500991507332394 0.0022511154647749457 0.0049485109933072105 -4.3381870064652944e-05 -0.00069994533370190757 -0.0027804694578830447 0.00060663465889381212 -0.0024177929179223438 -0.0035210397946568331 -0.00053421044650185385 -0.0033777210758471872 0.00070403270433306577 -0.0016772653133427851 0.0023447676373510862 -0.00047086570956171863 0.00068912159904448156
leaf_weight=24111 1675 697 513 870 3807 1825 540 2056 164 225 1112 698 398 2758 76 180 72 742 238 261 945 58 2703 10771 1362 14569 2663 2559 7941 10378
leaf_count=24111 1675 697 513 870 3807 1825 540 2056 164 225 1112 698 398 2758 76 180 72 742 238 261 945 58 2703 10771 1362 14569 2663 2559 7941 10378
internal_value=-0.00020342 1.86538e-05 -0.00010563 0.00117528 0.000730654 -0.000811613 -0.00120767 -4.17704e-05 2.57517e-05 -0.00185226 3.68871e-06 7.63378e-05 0.0021068 -3.54597e-06 0.000974739 0.00386003 -0.000797872 0.00104423 -0.00557325 -0.00178872 -0.00109929 -0.00333333 4.84705e-05 -0.000364749 0.000357905 0.00013233 0.000302899 -0.000404543 0.000219048 9.81134e-05
internal_weight=96967 71031 64139 6892 6022 25936 2215 63442 61161 2281 60997 58621 2219 56402 1821 693 1128 814 314 2376 2115 1170 55704 23852 31852 29094 27732 13163 10500 21149
internal_count=96967 71031 64139 6892 6022 25936 2215 63442 61161 2281 60997 58621 2219 56402 1821 693 1128 814 314 2376 2115 1170 55704 23852 31852 29094 27732 13163 10500 21149
is_linear=0
shrinkage=0.05


Tree=169
num_leaves=31
num_cat=0
split_feature=12 8 3 8 0 11 0 9 0 12 12 14 12 0 12 12 8 12 0 12 4 0 12 11 8 12 14 12 3 8
split_gain=4.17821 2.7582 5.801 4.69786 22.4489 6.30344 4.14118 5.61571 5.06242 17.3619 5.66753 5.13165 6.65973 7.36091 5.75397 5.65221 4.64929 3.84387 3.59469 6.76784 5.49646 5.31164 4.27679 4.20444 7.23404 3.83618 3.76433 7.51388 5.23732 7.16961
threshold=0.013162474226473111 2.5000000000000004 1.0000000180025095e-35 1.5000000000000002 16.500000000000004 0.59160902327126352 16.500000000000004 7.0608597345663666 14.500000000000002 1.8098776341711413 0.64549097881835227 1.4700593891048779 1.3835488272055205 15.500000000000002 1.039915470202802 1.0011105265823765 1.0000000180025095e-35 2.3181706551236823 19.500000000000004 2.5031710056371956 3.5000000000000004 20.500000000000004 1.8098776341711413 1.794938462183576 1.0000000180025095e-35 2.1454331528412554 1.4700593891048779 2.6581073991100173 1.0000000180025095e-35 1.0000000180025095e-35
decision_type=2 2 2 2 2 2 2 2 2 2 2 2 2 2 2 2 2 2 2 2 2 2 2 2 2 2 2 2 2 2
left_child=-1 3 -3 6 -5 -6 8 -8 -2 10 -10 12 13 15 -15 -12 -17 -11 20 21 -9 22 -20 25 -25 -23 -22 -28 -29 -30
right_child=1 2 -4 4 5 -7 7 18 9 17 11 -13 -14 14 -16 16 -18 -19 19 -21 26 23 -24 24 -26 -27 27 28 29 -31
leaf_value=-1.8591905723713659e-05 -6.2886926760652441e-06 -3.8917512234344385e-05 1.8679977936081339e-05 0.00015852255570863901 -0.00027467330829427408 -0.0050854416846209116 0.007401122540060129 0.0080729475505685443 0.0045918991390397649 -0.0077881320629374813 -0.0006207978907807999 0.00067687273497326348 -0.007181873147748364 0.0060893877970428448 -0.00075145890737780005 -0.0014906089432871002 -0.0083805988740184422 -0.021631248265018332 0.017311096223130592 -0.0051177246897403557 -0.0022101702496222678 0.0001284587039609108 0.0030417440809510699 -0.0052914339808025519 -0.00015091733554160048 -0.010928274439002683 0.005098603618602893 -0.00269032103943887 0.013359979336867767 -0.0075500031017991191
leaf_weight=2288 33961 22631 12623 2873 884 294 146 1660 134 521 729 1624 340 255 643 120 183 102 142 1295 1119 5886 984 298 672 54 1391 1493 947 333
leaf_count=2288 33961 22631 12623 2873 884 294 146 1660 134 521 729 1624 340 255 643 120 183 102 142 1295 1119 5886 984 298 672 54 1391 1493 947 333
internal_value=-0.000292626 -0.000241422 -0.000591422 -3.25813e-05 0.00161071 -0.00420204 -0.000153547 0.000511571 -0.000436393 -0.00198344 -0.000782026 -0.00112994 -0.0026652 -0.0015285 0.00178174 -0.00440891 -0.0101485 -0.0097512 0.000423989 -0.000217019 0.00128547 0.000323544 0.00350799 -0.000195369 -0.00324742 0.00030303 0.000496877 0.00118876 -0.000315543 0.00203125
internal_weight=96625 94337 35254 59083 4051 1178 55032 16420 38612 4651 4028 3894 2270 1930 898 1032 303 623 16274 9331 6943 8036 1126 6910 970 5940 5283 4164 2773 1280
internal_count=96625 94337 35254 59083 4051 1178 55032 16420 38612 4651 4028 3894 2270 1930 898 1032 303 623 16274 9331 6943 8036 1126 6910 970 5940 5283 4164 2773 1280
is_linear=0
shrinkage=0.05


Tree=170
num_leaves=31
num_cat=0
split_feature=12 9 9 3 11 2 9 14 12 11 8 14 7 9 12 11 7 8 0 14 4 3 12 0 14 11 0 12 2 12
split_gain=4.14659 2.99428 3.21937 4.61118 4.08204 2.96694 2.93032 2.71132 5.4592 2.6005 2.61087 3.65375 2.57564 2.54497 2.32216 2.12356 2.05919 2.03535 5.76936 4.58976 3.29765 5.69024 4.78313 4.29684 4.09402 3.36004 5.69091 8.3806 3.04726 3.51916
threshold=0.013162474226473111 8.3931166691788146 8.6478318707770452 1.0000000180025095e-35 0.83922503212625343 6.5000000000000009 8.3523553982831391 0.84841971260772153 1.6771324164686841 3.8547777300917869 2.5000000000000004 0.1650978538400571 1.0000000180025095e-35 8.5286749066711849 0.2617604386058241 0.16832285013800702 1.0000000180025095e-35 1.0000000180025095e-35 19.500000000000004 1.1616312127447528 1.0000000180025095e-35 1.0000000180025095e-35 2.3409067331657796 14.500000000000002 1.4046003497233397 2.824739238503386 14.500000000000002 2.2738706688326817 18.500000000000004 2.0853656062197135
decision_type=2 2 2 2 2 2 2 2 2 2 2 2 2 2 2 2 2 2 2 2 2 2 2 2 2 2 2 2 2 2
left_child=-1 6 5 -4 14 16 7 8 -2 10 -7 -12 -13 -14 -5 -16 -3 18 20 -20 28 22 23 -22 -24 26 27 -23 -9 -30
right_child=1 2 3 4 -6 9 -8 17 -10 -11 11 12 13 -15 15 -17 -18 -19 19 -21 21 25 24 -25 -26 -27 -28 -29 29 -31
leaf_value=-1.7219421377039255e-05 -7.3615795732294259e-06 -0.00012132066825340394 -2.6207123853666528e-05 2.3276886154790025e-05 0.0041016359219134381 -1.454899066626221e-06 5.1315854188420733e-05 0.0083640135447551334 -0.0052255313990955182 -0.0047803191309545917 -7.0739705740026194e-05 -0.00011627397385893801 0.0071648399673436454 -0.00017241707461817298 -0.0016480414451545676 -0.00074393133871067667 0.00059168708633630109 2.2993005409402328e-06 0.00065581218497771107 -0.00055092092057556499 0.0071641299423973407 0.029267587171189824 -0.0077289448346326284 0.00045313268630423347 -0.00064302016691406569 0.026113736086394026 -2.1322371214849146e-05 0.0075388931292369012 -0.0023862899827546084 0.063421380548268583
leaf_weight=2251 26017 3241 11967 2230 2553 6644 4811 545 393 578 602 1535 108 71 76 1283 117 24342 205 2475 288 157 324 722 1233 414 983 433 69 189
leaf_count=2251 26017 3241 11967 2230 2553 6644 4811 545 393 578 602 1535 108 71 76 1283 117 24342 205 2475 288 157 324 722 1233 414 983 433 69 189
internal_value=-0.000222495 -0.000172031 -0.000574907 -0.000144956 0.00096874 -0.00117866 2.43711e-05 -7.27177e-05 -0.000448694 -0.000728664 -0.000518973 -0.00196459 -0.000787631 0.00488827 -0.000118417 -0.00174761 -0.00245682 0.000233948 0.000923852 -0.000970149 0.00187138 0.00135046 -0.000204519 0.00247525 -0.00194284 0.00335934 0.00230451 0.00618644 0.00482565 0.00930233
internal_weight=96856 94605 31005 18109 6142 12896 63600 58789 26410 9538 8960 2316 1714 179 3589 1359 3358 32379 8037 2680 5357 4554 2567 1010 1557 1987 1573 590 803 258
internal_count=96856 94605 31005 18109 6142 12896 63600 58789 26410 9538 8960 2316 1714 179 3589 1359 3358 32379 8037 2680 5357 4554 2567 1010 1557 1987 1573 590 803 258
is_linear=0
shrinkage=0.05


Tree=171
num_leaves=31
num_cat=0
split_feature=7 8 0 0 12 8 0 12 0 0 0 12 14 12 0 12 12 8 0 11 0 12 12 12 0 0 12 1 2 6
split_gain=3.19881 2.87978 6.34473 14.0357 9.97407 6.04493 9.22035 8.08342 10.0685 9.22877 7.88546 9.27316 7.78071 6.6457 6.35308 5.31017 4.83969 4.70174 16.89 5.63478 4.34336 7.5438 5.78509 4.81637 4.28616 4.52495 7.34198 5.78307 5.09893 4.9149
threshold=1.0000000180025095e-35 3.5000000000000004 9.5000000000000018 15.500000000000002 0.28214596688078336 2.5000000000000004 6.5000000000000009 1.6437705664233684 13.500000000000002 19.500000000000004 10.500000000000002 2.8406717104720709 0.95212868522054228 0.021302881434901031 19.500000000000004 1.5100280716235479 0.21195280718300627 1.5000000000000002 16.500000000000004 0.60662448519596002 19.500000000000004 1.8790805478572115 2.6581073991100173 0.20017889409664549 17.500000000000004 19.500000000000004 3.1935254887084805 3.5000000000000004 2.5000000000000004 1.0000000180025095e-35
decision_type=2 2 2 2 2 2 2 2 2 2 2 2 2 2 2 2 2 2 2 2 2 2 2 2 2 2 2 2 2 2
left_child=1 5 -3 4 -4 17 13 9 10 12 -9 -12 16 -7 -10 -6 -8 24 -19 -20 22 23 -5 -22 -1 27 -27 29 -29 -26
right_child=-2 2 3 20 15 6 7 8 14 -11 11 -13 -14 -15 -16 -17 -18 18 19 -21 21 -23 -24 -25 25 26 -28 28 -30 -31
leaf_value=-1.47089011465902e-05 7.3286814173125988e-05 4.0441680218677135e-05 0.00024295506860998325 0.0053414431325579555 -0.0014511079439271336 -1.6814881675130801e-05 0.00057798934734866329 -0.0063752255402765414 -0.0041298565297505701 -0.00025551685615721187 0.0043546035162535307 -0.0049926050666168516 0.0039422025546931305 -0.00014168609339402645 -0.020042137218137048 -0.014052920626165911 -0.00021263246952063638 0.00014944392386953 -0.00019723601653819819 -0.0049935453764144329 0.0011307958371346981 -0.01259036905348292 -0.0020070961100649653 -7.821057851461963e-05 0.0090200803529535186 4.4032376185939442e-05 -0.012576473837383029 -0.01395525002099951 0.0010989631274321398 -0.0012636848599863471
leaf_weight=42226 3445 5096 687 1459 2130 4664 399 409 3394 3387 1974 505 1954 1394 87 182 2544 2873 892 279 126 117 592 1760 2332 9094 319 231 1792 330
leaf_count=42226 3445 5096 687 1459 2130 4664 399 409 3394 3387 1974 505 1954 1394 87 182 2544 2873 892 279 126 117 592 1760 2332 9094 319 231 1792 330
internal_value=-0.00024076 -0.000296048 0.000421845 -0.000549412 -0.00314271 -0.000403619 -0.0011407 -0.000462363 -0.0018017 0.000567359 0.000380886 0.00144211 0.00195528 -0.00278145 -0.00361247 -0.00471453 0.000331295 -0.000150742 0.00149604 -0.00356533 0.00136902 -0.000287069 0.00298635 0.0004772 -0.000268979 0.000485885 -0.000146075 0.0017556 -0.000259516 0.003287
internal_weight=96673 93228 12149 7053 2999 81079 20711 14653 6369 8284 2888 2479 4897 6058 3481 2312 2943 60368 4044 1171 4054 2003 2051 1886 56324 14098 9413 4685 2023 2662
internal_count=96673 93228 12149 7053 2999 81079 20711 14653 6369 8284 2888 2479 4897 6058 3481 2312 2943 60368 4044 1171 4054 2003 2051 1886 56324 14098 9413 4685 2023 2662
is_linear=0
shrinkage=0.05


Tree=172
num_leaves=31
num_cat=0
split_feature=9 10 10 9 9 10 9 10 9 11 12 14 0 10 10 14 0 14 11 9 10 10 9 10 13 2 12 9 10 12
split_gain=3.29695 12.339 6.73313 5.83874 5.57107 4.76595 4.95302 3.66813 3.43744 3.3157 3.43707 3.35078 3.24054 3.31607 3.05996 2.52225 2.465 2.87969 2.45369 2.43225 3.4455 3.03258 3.72583 2.84694 2.27143 2.19629 3.29998 2.19502 2.26085 2.1846
threshold=8.3931166691788146 7.8429330719927552 7.6355453444668893 8.6020910403571875 8.8172221631982968 8.2024652738655117 8.9106362855643972 7.7172863666228322 8.8842933752927973 3.8547777300917869 0.013708051148823178 1.8545386836499953 21.500000000000004 8.0948577222048659 8.003766949125291 0.012589284057799523 2.5000000000000004 0.6266988368345684 7.701608116388571 7.8807449658410187 6.9170865212104582 7.4632771103792059 8.1834234935448418 7.10615046080403 2.5319308328611312 4.5000000000000009 1.0934661344549224 7.5788482560776034 6.7628712769729971 0.014205593701191656
decision_type=2 2 2 2 2 2 2 2 2 2 2 2 2 2 2 2 2 2 2 2 2 2 2 2 2 2 2 2 2 2
left_child=2 3 16 7 12 6 -6 9 -7 10 -2 -11 13 15 -8 -3 17 19 -18 20 27 22 23 -21 -4 26 -9 28 -1 -24
right_child=1 4 24 -5 5 8 14 25 -10 11 -12 -13 -14 -15 -16 -17 18 -19 -20 21 -22 -23 29 -25 -26 -27 -28 -29 -30 -31
leaf_value=-1.7027306092459465e-05 -4.6175170187681348e-05 -7.1617902905687407e-05 5.2928035463987092e-05 -0.0001699133443914258 -1.6846320934984366e-05 0.00060431187802484918 -0.00024512052393394791 -3.2442566459006152e-06 -3.3645506143883e-06 -0.0016479585043862545 -6.23858223431902e-05 -0.012275846631201626 -0.00046404572132758702 0.00026603740220545059 -0.00010220710491192515 5.7332531298049568e-05 -1.7966125028228558e-06 -2.9346292331570558e-05 -0.0062771133014223107 -6.5063379360749259e-05 2.3330643091935226e-05 5.9789826120576659e-06 -8.0835350375895595e-05 -1.3986758582701962e-05 0.0092789865819952588 -6.4905893284822934e-06 -0.0079354502601629469 -2.7765363783730586e-05 5.4623876525585277e-05 -5.3617097822698325e-05
leaf_weight=877 148 62 5630 689 1915 111 182 514 10810 150 4493 231 539 733 1507 5304 51680 990 241 123 1347 1183 58 1858 220 3718 422 380 306 261
leaf_count=877 148 62 5630 689 1915 111 182 514 10810 150 4493 231 539 733 1507 5304 51680 990 241 123 1347 1183 58 1858 220 3718 422 380 306 261
internal_value=-0.000214621 -0.000634357 -1.15112e-05 -0.00204776 5.7884e-05 -0.000490534 -0.00206715 -0.00173109 2.97592e-05 -0.00266826 -0.00230015 -0.00715223 0.00125791 0.00158633 -0.00404085 0.00115542 -0.000171152 -0.00102601 -4.95946e-05 -0.000637416 0.000429553 -0.00152885 -0.00258696 -0.0017794 0.00160684 -0.000719811 -0.00288462 -0.00116763 -0.000105664 -0.00760188
internal_weight=96682 31528 65154 10365 21163 14525 3604 9676 10921 5022 4641 381 6638 6099 1689 5366 59304 7383 51921 6393 2910 3483 2300 1981 5850 4654 936 1563 1183 319
internal_count=96682 31528 65154 10365 21163 14525 3604 9676 10921 5022 4641 381 6638 6099 1689 5366 59304 7383 51921 6393 2910 3483 2300 1981 5850 4654 936 1563 1183 319
is_linear=0
shrinkage=0.05


Tree=173
num_leaves=31
num_cat=0
split_feature=1 2 4 12 8 9 14 11 2 2 13 14 2 12 12 12 12 11 11 2 4 4 2 2 2 1 8 12 2 1
split_gain=3.39243 3.73659 5.20921 4.59879 4.04149 3.904 3.34647 3.22294 3.00563 3.90182 4.1863 3.21131 2.94266 4.26762 7.91695 6.88395 6.22711 4.27357 4.34386 4.05822 22.0536 10.7217 10.0338 12.4966 11.1446 20.7598 11.0496 9.01469 7.997 9.90548
threshold=1.5000000000000002 27.500000000000004 1.0000000180025095e-35 1.6263503427068005 1.5000000000000002 7.8156651439797651 0.11930858671163726 1.1956705417620903 12.500000000000002 4.5000000000000009 1.4821797522496689 0.1650978538400571 21.500000000000004 0.03057491011296894 0.28214596688078336 0.16712540254139388 0.40368157437839791 0.1624024580081305 0.45273935515264696 9.5000000000000018 5.5000000000000009 3.5000000000000004 7.5000000000000009 5.5000000000000009 3.5000000000000004 3.5000000000000004 1.0000000180025095e-35 2.2499799031666559 11.500000000000002 4.5000000000000009
decision_type=2 2 2 2 2 2 2 2 2 2 2 2 2 2 2 2 2 2 2 2 2 2 2 2 2 2 2 2 2 2
left_child=1 2 4 5 6 7 -1 -3 9 11 -11 -4 19 -14 15 -15 -16 -17 -19 20 27 28 23 24 25 -22 -25 -2 -21 -30
right_child=12 3 8 -5 -6 -7 -8 -9 -10 10 -12 -13 13 14 16 17 -18 18 -20 21 22 -23 -24 26 -26 -27 -28 -29 29 -31
leaf_value=-1.5742139456556908e-05 -6.8246928573472559e-05 0.0001056596622084501 2.808170474413469e-05 0.0062702617607791836 -1.8294539916919111e-05 -1.5378330928265613e-05 0.0020371046130666761 -0.0060993470705378089 -2.5403328202146813e-05 4.2349161629047505e-06 0.0028705327135514409 -0.0002809292869453308 -1.6727253651120223e-05 -3.8719950265397532e-05 -0.0010288863560156049 5.8940312094607485e-06 -0.00039696136040460463 0.00052151046135382048 -0.00035654845873458324 -0.00010808706084547209 0.00015055358677259456 7.2049286403682699e-05 9.2383035741187841e-05 -0.00024715952709673946 0.00012445498479591555 -9.1261301424029433e-05 -4.1268579722652558e-05 -0.010902119818000834 -8.1471941673028162e-05 8.5521253832065349e-05
leaf_weight=296 4014 1208 543 2092 960 3535 1021 93 9188 4992 1960 1763 3671 1042 527 365 9662 783 63 2275 4663 4635 4597 1303 4625 9221 3325 596 6962 6940
leaf_count=296 4014 1208 543 2092 960 3535 1021 93 9188 4992 1960 1763 3671 1042 527 365 9662 783 63 2275 4663 4635 4597 1303 4625 9221 3325 596 6962 6940
internal_value=-0.000181593 0.000286608 -4.9462e-05 0.00129186 0.00220685 0.000444582 0.00400532 0.00278632 -0.000327984 0.000307842 0.000899022 -0.00147441 -0.000368491 -0.000960405 -0.000518405 0.00216378 -0.00111149 0.0047275 0.00667849 -0.000189066 -0.000539513 0.000355564 -7.21137e-06 -0.000431128 0.000149927 -0.000558196 -0.00275497 -0.00374187 -0.000251901 0.000197813
internal_weight=96920 27651 20723 6928 2277 4836 1317 1301 18446 9258 6952 2306 69269 16113 12442 2253 10189 1211 846 53156 32344 20812 27734 23137 18509 13884 4628 4610 16177 13902
internal_count=96920 27651 20723 6928 2277 4836 1317 1301 18446 9258 6952 2306 69269 16113 12442 2253 10189 1211 846 53156 32344 20812 27734 23137 18509 13884 4628 4610 16177 13902
is_linear=0
shrinkage=0.05


Tree=174
num_leaves=31
num_cat=0
split_feature=7 0 12 8 8 14 1 2 2 2 12 1 12 8 8 12 2 11 2 8 2 12 8 14 12 0 14 0 8 8
split_gain=3.0007 2.73447 3.4919 4.52771 3.42376 2.67484 2.40155 13.594 4.55933 13.815 6.86689 5.88786 5.32666 7.77377 7.07234 5.33427 4.55799 4.52717 4.37643 5.36963 4.12095 3.90104 3.20731 3.56118 3.16934 2.93623 2.90515 2.89767 2.85454 2.80172
threshold=1.0000000180025095e-35 2.5000000000000004 0.023429542018370841 2.5000000000000004 1.0000000180025095e-35 0.071981322272154119 3.5000000000000004 2.5000000000000004 7.5000000000000009 9.5000000000000018 2.2499799031666559 5.5000000000000009 0.21840486120628935 1.0000000180025095e-35 1.5000000000000002 1.9146524175529998 4.5000000000000009 7.701608116388571 3.5000000000000004 1.0000000180025095e-35 4.5000000000000009 2.3859723522052021 2.5000000000000004 2.0904543030714344 0.33449836375219416 5.5000000000000009 2.2746248560556226 22.500000000000004 1.0000000180025095e-35 1.0000000180025095e-35
decision_type=2 2 2 2 2 2 2 2 2 2 2 2 2 2 2 2 2 2 2 2 2 2 2 2 2 2 2 2 2 2
left_child=1 2 4 -4 -1 -6 18 21 11 10 27 12 25 -14 15 -15 -13 22 19 24 -20 -8 29 -24 -3 -9 -23 28 -10 -11
right_child=-2 6 3 -5 5 -7 7 8 9 17 -12 16 13 14 -16 -17 -18 -19 20 -21 -22 26 23 -25 -26 -27 -28 -29 -30 -31
leaf_value=1.3440244058806998e-05 7.278124587311586e-05 3.1516201174565384e-05 -2.6180231573602609e-05 -0.00014571869232051391 3.477913782328514e-05 -1.1841875993429921e-05 -0.00016849512564542178 2.826315296739191e-05 -0.00016062240224717041 -1.0843335682368889e-05 -0.0096622029453843575 -0.00025512763483538512 0.0076240443570933904 4.3819328027006059e-05 0.004111071277503031 -0.014284967057972775 0.00012741992204309688 -0.013931616595869591 -0.00025775585364704278 4.3550636255576018e-05 -7.2936853151312625e-07 -0.017300289235179768 -2.912416693330194e-05 -0.0049334128032841908 0.0091162682792920394 -0.00045272495271826837 0.010666996466304625 0.00019219740059776976 -9.4884321983114116e-05 8.8000489726825347e-05
leaf_weight=2285 3463 439 1401 143 291 7558 3327 564 849 5610 503 1954 685 911 1053 87 1959 108 1904 2736 40730 490 6538 320 699 576 41 185 2334 6804
leaf_count=2285 3463 439 1401 143 291 7558 3327 564 849 5610 503 1954 685 911 1053 87 1959 108 1904 2736 40730 490 6538 320 699 576 41 185 2334 6804
internal_value=-0.000254021 -0.000307787 -0.00102329 -0.00323834 -0.00068581 -0.00118168 -0.000205145 -0.000518654 -0.000170747 -0.000521483 -0.00324851 0.000876236 0.00225748 0.00345395 0.0019137 -0.0011022 -0.00049195 2.32198e-05 3.01023e-05 0.00163913 -0.000116105 -0.00331778 8.04276e-05 -0.000787402 0.00452548 -0.000614035 -0.00729755 -0.00243468 -0.00278825 0.000559852
internal_weight=96547 93084 11678 1544 10134 7849 81406 34898 31040 23251 3871 7789 3876 2736 2051 998 3913 19380 46508 3874 42634 3858 19272 6858 1138 1140 531 3368 3183 12414
internal_count=96547 93084 11678 1544 10134 7849 81406 34898 31040 23251 3871 7789 3876 2736 2051 998 3913 19380 46508 3874 42634 3858 19272 6858 1138 1140 531 3368 3183 12414
is_linear=0
shrinkage=0.05


Tree=175
num_leaves=31
num_cat=0
split_feature=0 11 8 1 2 14 11 10 0 12 10 12 13 11 12 10 10 12 14 7 12 4 14 11 14 11 12 12 0 4
split_gain=3.18853 2.90206 3.33313 2.42875 3.69638 2.97806 2.61328 2.19805 2.12175 3.42226 2.10177 2.0241 3.00012 1.93252 2.49208 3.86786 1.91548 1.89387 2.75251 1.83783 4.24375 2.53861 2.15338 1.94647 1.91086 1.82653 2.18071 1.78073 1.75996 2.59164
threshold=2.5000000000000004 0.05686833674621037 1.0000000180025095e-35 1.5000000000000002 4.5000000000000009 2.36773265736463 7.701608116388571 8.4737657896900132 19.500000000000004 2.5031710056371956 7.2736634215361917 0.2941640170233652 0.018525315301866001 3.2335487081497649 2.8406717104720709 7.1958903639250469 8.9771750359555504 0.16296266310720589 0.79185215920177832 1.0000000180025095e-35 0.022265249142163917 1.0000000180025095e-35 0.069870493580420953 0.027715354007347662 0.36853772872751567 4.9651627472506323 3.6242137430533221 0.026997949692522578 20.500000000000004 1.0000000180025095e-35
decision_type=2 2 2 2 2 2 2 2 2 2 2 2 2 2 2 2 2 2 2 2 2 2 2 2 2 2 2 2 2 2
left_child=1 2 -1 4 11 28 7 -5 13 -10 -8 12 -2 14 15 -7 -9 -14 -19 20 22 -22 -4 -21 27 -15 -27 -23 29 -6
right_child=3 -3 19 6 5 8 10 16 9 -11 -12 -13 17 25 -16 -17 -18 18 -20 23 21 24 -24 -25 -26 26 -28 -29 -30 -31
leaf_value=5.5855898626374323e-06 -8.4198038028346012e-05 -7.4540442051052434e-05 4.2018820812767584e-05 -1.6816697527301076e-05 0.00033249662755016813 -0.0028715338367232392 -0.015113134286216551 0.00019361635243433256 0.0027110613672832492 -0.0092267755984585254 -0.0022200649925060881 -0.0026854394368223677 0.00018452590019869515 0.014824895566656671 -0.0034190507082298097 0.011574475868908691 -0.00072695331328449526 -0.00025648336897682176 0.0015844442658901837 5.7861681964656215e-05 -0.00027343102203005457 -2.1769327904530264e-05 -1.2201151780400931e-05 -4.7020591720542146e-05 -0.00010949575679186459 -0.0046523631848233715 0.0078630355139364116 -0.00013572206557234956 -0.00014544491233611234 2.308592589619846e-05
leaf_weight=3392 159 122 218 58402 1617 70 92 1752 296 147 137 1485 162 239 223 210 75 173 54 223 48 346 7396 192 116 46 147 74 2937 16268
leaf_count=3392 159 122 218 58402 1617 70 92 1752 296 147 137 1485 162 239 223 210 75 173 54 223 48 346 7396 192 116 46 147 74 2937 16268
internal_value=-0.000175587 -0.000933867 -0.000855893 -6.70083e-05 0.00035592 0.000542793 -0.000236528 -0.000216258 0.0027939 -5.64334e-05 -0.00556769 -0.0016847 0.000912409 0.00414439 0.00203777 0.00517857 0.00149152 0.00327763 0.000330396 -0.00137873 -0.00154306 -0.00565068 -0.001228 0.00186747 -0.00466418 0.00659722 0.00297927 -0.00309524 0.000393814 0.000580095
internal_weight=96818 12127 12005 84691 24233 22200 60458 60229 1378 443 229 2033 548 935 503 280 1827 389 227 8613 8198 584 7614 415 536 432 193 420 20822 17885
internal_count=96818 12127 12005 84691 24233 22200 60458 60229 1378 443 229 2033 548 935 503 280 1827 389 227 8613 8198 584 7614 415 536 432 193 420 20822 17885
is_linear=0
shrinkage=0.05


Tree=176
num_leaves=31
num_cat=0
split_feature=1 0 2 2 12 10 11 2 11 1 14 12 8 11 12 13 10 0 14 0 11 11 11 0 9 0 12 8 14 11
split_gain=4.76616 2.99846 2.72848 5.63699 4.24658 3.88054 2.89097 2.75943 4.70719 2.39531 2.38702 2.35596 2.3946 2.45296 2.24867 5.70536 3.81551 3.71865 3.77826 3.83091 2.96459 2.54864 2.47788 2.29494 3.94086 2.36899 2.8724 3.71695 2.61906 2.49022
threshold=1.5000000000000002 3.5000000000000004 27.500000000000004 20.500000000000004 3.4493351246816402 6.6654048684478697 3.0700631488550734 28.500000000000004 0.18086263190811178 5.5000000000000009 2.0007493300594819 0.019727422722089709 1.0000000180025095e-35 0.015841475064282764 2.0244651440600081 0.96085896151607897 6.9001640274899589 13.500000000000002 1.4515314580274434 12.500000000000002 5.2271684412942863 3.8547777300917869 0.83922503212625343 17.500000000000004 7.0608597345663666 19.500000000000004 3.084457104000434 2.5000000000000004 1.7560480992863496 5.2271684412942863
decision_type=2 2 2 2 2 2 2 2 2 2 2 2 2 2 2 2 2 2 2 2 2 2 2 2 2 2 2 2 2 2
left_child=2 9 3 6 5 -4 -1 8 -7 -2 -6 -9 13 -13 21 16 -16 18 19 -17 -21 -3 -19 -24 -25 28 27 -27 -26 -30
right_child=1 14 4 -5 10 7 -8 11 -10 -11 -12 12 -14 -15 15 17 -18 22 -20 20 -22 -23 23 24 25 26 -28 -29 29 -31
leaf_value=1.5185094861105541e-05 -1.4133606273929872e-05 -2.3333523143735314e-06 0.00030718003672190449 -2.987134870754381e-05 -0.0057079105654219038 -1.3421432302648979e-05 0.0039654727119199373 3.5717836618600654e-05 0.0041622650902791297 3.9006141172453353e-06 0.028290772959823629 -0.00011972989307579147 -0.00018617611501630296 0.00021396345169322954 -0.012162457774331226 -0.0025391798215241845 -0.0038072264724008267 -0.010036017027020172 0.0027913905405066333 0.0088604895534064154 -0.0077810472515028378 -0.0061964792715225488 -0.0027562081848961474 0.022957564894188921 -0.0026910351157050541 -0.00040625938222362825 -0.0084286426955044683 -0.012216084521623117 0.0022642612290160401 -0.0026980811621772128
leaf_weight=14504 9274 42780 447 4619 51 890 1569 594 1258 2295 173 67 2421 1002 150 1549 921 141 2483 339 41 43 3063 75 1421 1348 310 92 2397 548
leaf_count=14504 9274 42780 447 4619 51 890 1569 594 1258 2295 173 67 2421 1002 150 1549 921 141 2483 339 41 43 3063 75 1421 1348 310 92 2397 548
internal_value=-0.000152532 -0.000373899 0.000403153 0.000115987 0.00126394 0.00103683 0.00055839 0.000714056 0.0021648 -0.00110857 0.00803571 -4.89716e-05 -0.000544413 0.00142657 -0.000226599 -0.00075615 -0.00427171 -0.00048345 0.000713962 -0.000946086 0.00355263 -4.26173e-05 -0.00104577 -0.000945537 -0.000391698 -0.000531393 -0.00208571 -0.00114583 9.1617e-05 0.000942275
internal_weight=96865 69270 27595 20692 6903 6679 16073 6232 2148 11569 224 4084 3490 1069 57701 14878 1071 13807 4412 1929 380 42823 9395 9254 6191 6116 1750 1440 4366 2945
internal_count=96865 69270 27595 20692 6903 6679 16073 6232 2148 11569 224 4084 3490 1069 57701 14878 1071 13807 4412 1929 380 42823 9395 9254 6191 6116 1750 1440 4366 2945
is_linear=0
shrinkage=0.05


Tree=177
num_leaves=31
num_cat=0
split_feature=0 8 11 0 12 14 0 11 12 13 4 3 14 0 12 0 12 12 12 0 12 8 12 8 0 12 12 0 0 0
split_gain=3.26735 3.20753 2.75462 2.51801 7.05543 4.67152 7.75942 4.99138 3.95455 3.8096 3.40042 3.57959 3.92285 4.01909 3.24347 3.18412 4.06193 4.51118 3.50533 3.4382 5.90386 5.39675 5.79104 7.0275 8.85808 14.0444 5.82678 5.24605 5.19398 4.76394
threshold=3.5000000000000004 1.0000000180025095e-35 0.022473484983686818 19.500000000000004 0.58990850474134804 0.88651070079589156 21.500000000000004 0.79220143938460519 0.23801269327374347 1.3346530799940461 1.0000000180025095e-35 1.0000000180025095e-35 0.36853772872751567 22.500000000000004 3.373311256205707 17.500000000000004 1.0934661344549224 1.6437705664233684 0.40368157437839791 13.500000000000002 1.9146524175529998 2.5000000000000004 0.72412079033307097 1.0000000180025095e-35 15.500000000000002 1.0589607478781462 1.2416670953716158 15.500000000000002 14.500000000000002 16.500000000000004
decision_type=2 2 2 2 2 2 2 2 2 2 2 2 2 2 2 2 2 2 2 2 2 2 2 2 2 2 2 2 2 2
left_child=1 2 -1 15 5 8 -7 -8 10 -6 -5 -12 -13 -14 -11 19 18 -18 -17 -2 21 22 -21 28 25 -25 -26 -23 -24 -30
right_child=3 -3 -4 4 9 6 7 -9 -10 14 11 12 13 -15 -16 16 17 -19 -20 20 -22 27 23 24 26 -27 -28 -29 29 -31
leaf_value=1.7734690129699807e-05 1.0450966324598854e-05 -1.2168491717723731e-05 -9.5134518872914447e-06 -0.0011891995771967951 -0.0020297916841586273 0.0028407031737511831 0.0002258617103109345 -0.0015306628288986131 -0.00074134944178940181 -0.00066525168164774948 0.00018795529607105457 -0.0013719979071122304 0.0012803655933743899 -0.0003504647648455546 -0.013406450700587359 0.00072431114878338193 0.0072466502580210814 0.0015159017749118544 -0.0033562677730385906 0.002246703192002267 -0.0024795345141485625 9.4595075902911829e-05 0.012476472190104582 -0.0012869212616367948 0.0027832493333242395 -0.0073448839517670688 -0.0019549170083784039 0.0040546029884241663 -0.00013654304136583584 0.015279631532152539
leaf_weight=2574 40396 11567 2000 275 1568 300 4061 204 267 7801 823 136 75 352 236 98 297 7391 234 448 5496 2392 193 1568 778 416 1342 1497 1882 87
leaf_count=2574 40396 11567 2000 275 1568 300 4061 204 267 7801 823 136 75 352 236 98 297 7391 234 448 5496 2392 193 1568 778 416 1342 1497 1882 87
internal_value=-0.000154516 -0.000803854 0.000317009 -2.44998e-05 -0.000583923 0.000689204 0.00156079 0.00101407 -0.00137448 -0.00144456 -0.000466586 0.000541126 -0.00253108 -0.000175644 -0.00100473 0.00011509 0.00104738 0.00128122 -0.00436747 -1.72582e-05 -0.000635133 5.42299e-05 -0.00080429 -0.00119694 -0.00241228 -0.00481351 -0.000165094 0.00153638 0.00111008 0.000342814
internal_weight=96754 16141 4574 80613 16098 6493 4565 4265 1928 9605 1661 1386 563 427 8037 64515 8020 7688 332 56495 16099 10603 6714 6266 4104 1984 2120 3889 2162 1969
internal_count=96754 16141 4574 80613 16098 6493 4565 4265 1928 9605 1661 1386 563 427 8037 64515 8020 7688 332 56495 16099 10603 6714 6266 4104 1984 2120 3889 2162 1969
is_linear=0
shrinkage=0.05


Tree=178
num_leaves=31
num_cat=0
split_feature=12 7 11 12 2 2 0 11 14 8 8 8 9 10 9 11 12 10 13 12 14 13 11 8 3 2 4 2 4 8
split_gain=3.46246 2.90803 2.85899 2.78831 2.6524 3.56527 3.72727 2.38097 2.28928 2.85549 4.00752 3.49667 2.42567 5.52881 3.72692 2.2244 2.19105 2.10035 2.01232 1.99877 1.9276 2.20594 1.92467 1.88757 6.03515 5.30862 10.3439 7.34619 5.50454 8.78187
threshold=0.013162474226473111 1.0000000180025095e-35 4.2129620902320442 2.4306248239214576 20.500000000000004 28.500000000000004 18.500000000000004 1.4867340363020811 1.3590842466151341 2.5000000000000004 3.5000000000000004 1.5000000000000002 7.7620243016729598 7.2052692178094775 8.1292662001611244 4.5347215397859291 0.019271711222591036 7.5120029374267663 0.01803922348718923 0.24533744914098818 1.1510957525484971 0.98432927816226934 1.575826340680816 2.5000000000000004 1.0000000180025095e-35 9.5000000000000018 5.5000000000000009 7.5000000000000009 7.5000000000000009 1.0000000180025095e-35
decision_type=2 2 2 2 2 2 2 2 2 2 2 2 2 2 2 2 2 2 2 2 2 2 2 2 2 2 2 2 2 2
left_child=-1 2 23 -4 7 -6 22 16 20 11 -11 12 -10 -14 -15 -13 -3 -16 -18 -20 21 -5 -7 25 -25 26 -2 28 29 -28
right_child=1 4 3 8 5 6 -8 -9 9 10 -12 15 13 14 17 -17 18 -19 19 -21 -22 -23 -24 24 -26 -27 27 -29 -30 -31
leaf_value=-1.6443459556299453e-05 -9.7358959328904549e-05 0.00016179433344068047 -0.0059362205012495122 -0.0072717215184139317 -0.00010475262708248592 6.2357840004781227e-05 -0.0037090143297431005 0.0063004561890679378 0.0039454454716394858 -0.0083457202529236777 0.00045439781484022393 0.022054285671894748 -0.010540226250550967 0.013145007203558545 -0.0069233298045746298 0.0092166656868596826 -9.7932169034524805e-05 -0.0002615847489106371 7.217086088390085e-05 -0.00039638224210733486 -0.0062937549434421815 0.0032297895827914538 0.0295178154296587 -3.3011435317030815e-05 3.2116032772979211e-05 1.8870657201783791e-05 -0.00018798758641333366 8.9006090840161763e-05 -5.6401647192817768e-06 -1.7277392603743357e-06
leaf_weight=2296 2762 50 227 47 629 186 72 1171 357 276 218 51 253 170 257 168 120 1020 589 574 257 71 88 19870 11429 32070 1204 2626 16349 1542
leaf_count=2296 2762 50 227 47 629 186 72 1171 357 276 218 51 253 170 257 168 120 1020 589 574 257 71 88 19870 11429 32070 1204 2626 16349 1542
internal_value=-0.000150259 -0.000103745 -0.000157853 -0.0015866 0.00131503 -0.000897436 0.00317919 0.00217652 -0.00120032 -0.000703971 -0.0041498 4.39367e-05 -0.000595527 -0.00138235 -0.000190048 0.00605023 0.000731433 -0.0011159 0.000331255 0.000967326 -0.00486667 0.000423729 0.00583942 -0.000103014 -0.00041455 6.94039e-05 -0.00048503 -0.000118549 -0.000459544 -0.00253095
internal_weight=96999 94703 91224 3372 3479 975 346 2504 3145 2770 494 2276 2057 1700 1447 219 1333 1277 1283 1163 375 118 274 87852 31299 56553 24483 21721 19095 2746
internal_count=96999 94703 91224 3372 3479 975 346 2504 3145 2770 494 2276 2057 1700 1447 219 1333 1277 1283 1163 375 118 274 87852 31299 56553 24483 21721 19095 2746
is_linear=0
shrinkage=0.05


Tree=179
num_leaves=31
num_cat=0
split_feature=12 10 9 9 10 9 10 9 9 10 9 9 10 9 10 10 8 11 10 1 12 12 14 14 10 2 10 12 13 12
split_gain=2.67317 2.06708 5.92929 2.21112 10.9466 5.70631 5.081 9.72817 4.85087 7.81708 4.70405 4.4709 4.88173 3.31957 3.31926 3.13493 3.27139 3.11792 3.56843 2.85207 2.84425 3.10304 2.81142 2.866 2.80164 2.62806 2.49517 2.83899 3.12528 3.00258
threshold=0.013162474226473111 6.3682407829821726 7.0973673913061956 8.1041804848129591 7.4632771103792059 8.2511829124804308 7.2198555220619971 7.8673648664628155 8.3931166691788146 7.8429330719927552 8.5830569601368243 8.809196953578434 8.2762302843139288 8.9106362855643972 7.1700393656704113 7.6422992797111506 1.0000000180025095e-35 4.0885047751942709 8.0533306444494901 2.5000000000000004 1.7601746447116684 0.029088779508699588 1.7244064180199186 1.6674831078000392 8.1014030824208962 1.5000000000000002 7.115675184422277 0.55415891551107666 1.0640146902243448 0.84777217278175254
decision_type=2 2 2 2 2 2 2 2 2 2 2 2 2 2 2 2 2 2 2 2 2 2 2 2 2 2 2 2 2 2
left_child=-1 2 -2 6 5 -5 7 14 15 10 -10 24 13 -13 -3 16 19 18 -15 -6 21 -16 23 -8 -11 -21 27 28 -9 -29
right_child=1 3 -4 4 8 -7 22 26 9 11 -12 12 -14 17 20 -17 -18 -19 -20 25 -22 -23 -24 -25 -26 -27 -28 29 -30 -31
leaf_value=-1.5401911884667298e-05 2.1754250118233983e-06 6.4678774721368093e-06 -0.00019424711521507602 -5.6080721159846702e-05 -1.6052459594927128e-06 -0.00013830999352678261 4.0639357783487253e-05 -3.112766047532723e-05 -4.7907844800681782e-05 5.4843452215977423e-05 -0.00016734172880165357 -1.0078289610929333e-05 1.2828823031870927e-05 -0.00035280460639418591 0.00012180472362406971 7.6722403414829267e-05 -1.0752772763006781e-05 -0.0084377156151767326 -6.3106721431558171e-05 -0.00023713747168012893 0.011225741122372047 -8.9325786543315548e-05 0.0042743450735770244 -0.0051139956110958958 0.00062929621938992246 0.00017519129040563595 -5.7017659111474133e-05 -0.0023459592357530376 0.0010238459278319953 -0.0041236944351420671
leaf_weight=2287 1433 22931 667 5280 1324 1430 7031 542 9054 6115 960 2374 9689 188 178 5210 9426 165 2163 61 257 448 2171 219 150 1418 2944 58 60 639
leaf_count=2287 1433 22931 667 5280 1324 1430 7031 542 9054 6115 960 2374 9689 188 178 5210 9426 165 2163 61 257 448 2171 219 150 1418 2944 58 60 639
internal_value=-0.000180135 -0.000139293 -0.00169048 -0.000104071 -0.00030587 -0.00219821 0.000192113 -0.00014524 -4.29633e-05 -0.000419664 -0.00156781 0.000131932 -0.000348103 -0.00163599 0.000247753 0.000623602 0.000186033 -0.00290143 -0.00243513 0.00168569 0.00325595 0.0014377 0.00119679 0.000724138 0.001249 0.00319473 -0.00235093 -0.00417629 -0.00166113 -0.00634864
internal_weight=96872 94585 2100 92485 55007 6710 37478 28057 48297 30858 10014 20844 14579 4890 23814 17439 12229 2516 2351 2803 883 626 9421 7250 6265 1479 4243 1299 602 697
internal_count=96872 94585 2100 92485 55007 6710 37478 28057 48297 30858 10014 20844 14579 4890 23814 17439 12229 2516 2351 2803 883 626 9421 7250 6265 1479 4243 1299 602 697
is_linear=0
shrinkage=0.05


Tree=180
num_leaves=31
num_cat=0
split_feature=14 8 8 0 11 6 7 6 11 6 1 8 13 0 2 1 8 2 1 3 8 8 1 11 0 1 2 1 2 8
split_gain=2.55856 5.51561 8.89407 7.31081 3.23831 2.82093 2.78595 2.96298 3.33898 2.47436 2.96854 2.25155 2.18181 2.88787 2.16725 16.6666 6.3789 3.94461 4.73369 3.03325 10.0371 12.5456 6.13876 4.71828 3.98151 3.72915 3.26021 3.70823 8.26074 7.0191
threshold=0.097406725082805526 3.5000000000000004 2.5000000000000004 6.5000000000000009 0.19372693912842709 1.0000000180025095e-35 1.0000000180025095e-35 1.0000000180025095e-35 1.9929367320107787 1.0000000180025095e-35 5.5000000000000009 1.5000000000000002 1.7760424220819302 12.500000000000002 3.5000000000000004 4.5000000000000009 1.0000000180025095e-35 1.5000000000000002 3.5000000000000004 1.0000000180025095e-35 1.0000000180025095e-35 1.5000000000000002 4.5000000000000009 3.2335487081497649 21.500000000000004 4.5000000000000009 26.500000000000004 1.0000000180025095e-35 6.5000000000000009 1.0000000180025095e-35
decision_type=2 2 2 2 2 2 2 2 2 2 2 2 2 2 2 2 2 2 2 2 2 2 2 2 2 2 2 2 2 2
left_child=1 2 3 4 11 -4 14 12 -9 10 -6 -1 -8 -14 15 16 17 18 -2 26 22 -22 23 -21 25 -23 27 -16 29 -29
right_child=6 -3 5 -5 9 -7 7 8 -10 -11 -12 -13 13 -15 19 -17 -18 -19 -20 20 21 24 -24 -25 -26 -27 -28 28 -30 -31
leaf_value=-1.0982648980544526e-06 0.00088148192620138852 4.0438192130401278e-05 -3.1957145178852615e-05 -0.00024444146907822952 2.409824975106202e-05 -3.7168241831016205e-05 4.4590893441181713e-05 6.365302272001014e-05 -0.0071004118971817855 0.00042939903910269587 0.00068588438718177188 4.1162094577943022e-05 0.023738088756284817 0.0031247475514218472 0.00010391994611110619 -0.00036606825421961199 -1.9245642976660571e-05 0.0011188191909415786 -0.00024679371610181292 0.0001125564301899743 -0.00011903358551881702 0.00010710207653861527 0.0015095660673944426 0.025431597745584879 -0.00041636659174560737 0.00054086880127453274 -0.00014401027277211373 -0.0015267844001844314 -6.3752311931717693e-06 -8.0692285107041023e-05
leaf_weight=8812 479 1614 4601 2279 378 331 1583 97 104 67 118 945 156 969 5292 3611 5168 962 461 3160 5306 4596 937 239 670 1289 1735 482 39099 1331
leaf_count=8812 479 1614 4601 2279 378 331 1583 97 104 67 118 945 156 969 5292 3611 5168 962 461 3160 5306 4596 937 239 670 1289 1735 482 39099 1331
internal_value=-0.000141683 -0.000659441 -0.000916947 -0.000212318 0.000353682 -0.00271695 -1.41523e-05 0.00150395 -0.00435323 0.00404085 0.00282258 0.000140924 0.0019387 0.00362222 -7.31786e-05 -0.000732609 0.000678925 0.00315457 0.000851064 3.66409e-05 0.000628203 -0.000124357 0.00268681 0.00169903 0.00133867 0.00175446 -0.000163228 -8.33261e-05 -0.000244427 -0.00354385
internal_weight=96871 19145 17531 12599 10320 4932 77726 2909 201 563 496 9757 2708 1125 74817 10681 7070 1902 940 64136 16197 11861 4336 3399 6555 5885 47939 46204 40912 1813
internal_count=96871 19145 17531 12599 10320 4932 77726 2909 201 563 496 9757 2708 1125 74817 10681 7070 1902 940 64136 16197 11861 4336 3399 6555 5885 47939 46204 40912 1813
is_linear=0
shrinkage=0.05


Tree=181
num_leaves=31
num_cat=0
split_feature=2 1 2 12 12 0 14 0 12 12 13 8 0 8 0 12 12 13 11 12 0 12 14 4 14 0 4 11 3 8
split_gain=2.23127 12.8797 5.77543 5.42595 4.86859 2.49977 3.08986 2.56791 7.02214 3.90929 4.73104 4.6599 5.65546 6.24517 5.09486 11.8233 4.12271 3.51382 4.51161 3.3879 3.94919 5.09835 3.7831 3.23545 3.05117 4.94705 2.76936 3.7167 2.73253 6.95503
threshold=3.5000000000000004 3.5000000000000004 2.5000000000000004 2.3859723522052021 1.0934661344549224 3.5000000000000004 0.012589284057799523 20.500000000000004 0.64549097881835227 2.0853656062197135 2.6683609345475703 2.5000000000000004 22.500000000000004 1.0000000180025095e-35 21.500000000000004 1.111259116614127 1.8967190785398451 1.8041305161347074 0.90344834611076996 1.4946896374400966 21.500000000000004 0.98315794437631931 1.8891820173047686 8.5000000000000018 0.61344849924216194 21.500000000000004 4.5000000000000009 1.0794824288328337 1.0000000180025095e-35 1.0000000180025095e-35
decision_type=2 2 2 2 2 2 2 2 2 2 2 2 2 2 2 2 2 2 2 2 2 2 2 2 2 2 2 2 2 2
left_child=1 4 3 -3 -1 6 -2 28 24 11 -11 12 13 19 16 17 -15 18 -16 20 21 -10 -23 -21 -9 -26 -13 -28 -7 -30
right_child=5 2 -4 -5 -6 7 -8 8 9 10 -12 26 -14 14 15 -17 -18 -19 -20 23 -22 22 -24 -25 25 -27 27 -29 29 -31
leaf_value=-2.5462611145738587e-06 -3.7832575659953272e-05 -8.9866609301275663e-05 -2.5461161364968844e-05 -0.016168278266523041 0.0051161599303727436 1.4812764225734243e-06 -5.7657101412317151e-06 -0.0002708949737556643 0.0062980818548752622 -0.0097520264385215667 0.0035852013539427632 -0.004762247300422337 -0.0029797109318175363 0.0076230813085099713 0.0065657265407853332 -0.0034825805591698236 -0.00092665683476056979 0.0091181127618395336 -0.0012939444581476058 -0.012632294549694735 -0.0036274797407431477 -0.0036903961105370477 3.0363356235910135e-05 -0.0045324862834794982 0.0018885266889867804 8.6766315521672607e-05 0.00017249962602762238 -0.0042063327564635516 0.00034339620009561785 1.3242801061341681e-05
leaf_weight=2487 261 3941 4605 610 2176 44049 13558 593 113 235 67 312 361 573 139 549 188 170 185 95 115 130 480 140 374 4997 373 277 4125 10449
leaf_count=2487 261 3941 4605 610 2176 44049 13558 593 113 235 67 312 361 573 139 549 188 170 185 95 115 130 480 140 374 4997 373 277 4125 10449
internal_value=-0.000130005 -0.000718214 -0.00180756 -0.00307075 0.00142076 -3.19631e-05 -0.00064585 9.08249e-05 -0.000630613 -0.00212128 -0.00761589 -0.00172619 -0.000818406 -7.82065e-05 0.0017184 -0.000551294 0.00482917 0.00506073 0.00200617 -0.00309879 -0.00161098 -0.000242047 -0.00204918 -0.00840426 0.000494634 0.000870415 -0.0047817 -0.00292308 0.000219624 0.000813092
internal_weight=96727 13819 9156 4551 4663 82908 13819 69089 10466 4502 302 4200 3238 2877 1804 1043 761 494 324 1073 838 723 610 235 5964 5371 962 650 58623 14574
internal_count=96727 13819 9156 4551 4663 82908 13819 69089 10466 4502 302 4200 3238 2877 1804 1043 761 494 324 1073 838 723 610 235 5964 5371 962 650 58623 14574
is_linear=0
shrinkage=0.05


Tree=182
num_leaves=31
num_cat=0
split_feature=11 7 6 12 12 8 12 3 12 12 8 0 0 12 8 0 0 0 12 8 0 0 12 12 12 0 1 0 12 0
split_gain=2.93304 2.29603 3.91004 2.27623 2.27098 2.26302 5.75802 4.46341 3.85624 4.26405 4.10844 4.41021 6.25398 5.07653 3.72157 17.2675 5.91292 6.78283 5.99492 12.2434 10.6314 13.1827 10.5238 8.56438 8.31153 7.25082 7.05286 5.71601 4.61496 4.39695
threshold=7.701608116388571 1.0000000180025095e-35 1.0000000180025095e-35 4.6570589242905376 1.4462720853258568 2.5000000000000004 3.084457104000434 1.0000000180025095e-35 0.62800667330029813 0.3066224417723053 3.5000000000000004 22.500000000000004 6.5000000000000009 0.01997300820677354 1.5000000000000002 16.500000000000004 17.500000000000004 19.500000000000004 1.7941351180353482 1.0000000180025095e-35 14.500000000000002 16.500000000000004 2.3629150681186144 2.1666505857418072 3.1935254887084805 12.500000000000002 5.5000000000000009 13.500000000000002 2.8755997661057462 20.500000000000004
decision_type=2 2 2 2 2 2 2 2 2 2 2 2 2 2 2 2 2 2 2 2 2 2 2 2 2 2 2 2 2 2
left_child=1 5 3 -3 -4 14 7 -7 9 10 11 12 13 -9 16 -16 18 -18 -1 20 22 -22 -20 -21 -23 -24 -25 -27 29 -19
right_child=-2 2 4 -5 -6 6 -8 8 -10 -11 -12 -13 -14 -15 15 -17 17 28 19 23 21 24 25 26 -26 27 -28 -29 -30 -31
leaf_value=-2.5599162290895417e-06 -0.0046906524144080253 7.1570553239900568e-05 -3.8796485332092017e-06 0.015014450941076497 -0.0067454653661438244 -2.6599562754268512e-05 -0.0070110345706167814 9.5485821496165556e-07 0.0017277082114066202 -0.0011588175075097351 6.3477209901257646e-05 -0.00090288315655868772 0.00082111030470403273 -0.00012200850404405391 0.00015115974586223623 -0.00056427205568682678 0.0039450684116121076 0.002933819144107053 0.0082790438942237036 -0.0024197629243443044 -0.0079755343197797316 0.0038068932480160079 -0.0062416621678037078 -0.012157767324049096 -0.013597048590478346 0.0075477971720652407 -0.0036496467118027013 -0.0026668385530283834 -0.0057579286622230445 -9.6030334359287206e-05
leaf_weight=35027 383 3081 113 130 112 20560 809 1539 5873 1105 1548 312 484 656 2829 1198 4475 1719 1012 1661 632 806 588 579 270 935 309 575 603 7131
leaf_count=35027 383 3081 113 130 112 20560 809 1539 5873 1105 1548 312 484 656 2829 1198 4475 1719 1012 1661 632 806 588 579 270 935 309 575 603 7131
internal_value=-0.000137037 -0.000119736 0.00114959 0.00159608 -0.00522222 -0.000166515 -0.000500213 -0.000395143 0.000392897 -0.000540397 0.000137696 -0.0009445 -0.000289287 -0.00142369 1.53275e-05 0.00148373 -8.9663e-05 0.000804136 -0.000383309 -0.00167979 -0.000197177 -0.00336651 0.00154341 -0.00448215 0 -0.000476644 -0.00844595 0.00135762 4.49593e-05 0.000333333
internal_weight=97054 96671 3436 3211 225 93235 32886 32077 11517 5644 4539 2991 2679 2195 60349 4027 56322 13928 42394 7367 4818 1708 3110 2549 1076 2098 888 1510 9453 8850
internal_count=97054 96671 3436 3211 225 93235 32886 32077 11517 5644 4539 2991 2679 2195 60349 4027 56322 13928 42394 7367 4818 1708 3110 2549 1076 2098 888 1510 9453 8850
is_linear=0
shrinkage=0.05


Tree=183
num_leaves=31
num_cat=0
split_feature=12 11 10 9 10 10 9 9 10 9 9 11 10 14 13 10 12 13 9 10 9 9 10 0 2 11 9 10 9 9
split_gain=2.09516 2.42054 2.73674 1.92528 12.2848 4.41837 6.45984 4.21873 3.69181 5.35201 3.72016 3.29129 3.02145 2.77326 2.65457 2.85275 2.59984 3.3654 2.54417 7.1265 4.25034 3.4262 5.32802 2.87337 2.86276 2.74312 2.66969 6.23081 3.83412 3.03575
threshold=5.1016967195759895 7.701608116388571 7.1537179572798513 8.1041804848129591 7.4632771103792059 7.1779410258993943 7.8396486500113927 8.2511829124804308 6.9055226160628376 7.6006524191134508 7.7421894393860553 1.575826340680816 7.0537470436129821 1.4987510280621184 3.2865486359908105 7.2903283384224205 2.9483121465240987 3.2865486359908105 8.3931166691788146 7.8429330719927552 8.5800759872124566 8.809196953578434 8.003766949125291 21.500000000000004 6.5000000000000009 0.011320652026947235 9.0303522680558377 8.4131974785675343 9.1540300871694633 9.0747842151703022
decision_type=2 2 2 2 2 2 2 2 2 2 2 2 2 2 2 2 2 2 2 2 2 2 2 2 2 2 2 2 2 2
left_child=1 3 -3 5 7 6 8 14 9 -1 -10 -7 -12 -11 15 -5 17 -8 -6 20 24 23 -23 25 -20 -21 -24 28 29 -28
right_child=-2 2 -4 4 18 11 16 -9 10 13 12 -13 -14 -15 -16 -17 -18 -19 19 21 -22 22 26 -25 -26 -27 27 -29 -30 -31
leaf_value=-4.1106914728938382e-06 0.0084040051903757195 -0.016965630676147016 -0.002063437837884108 -0.00011772267979900408 1.5756261041169298e-05 1.069216798738875e-05 -5.3592926267856996e-05 -0.00012420469800711176 8.7517738638868015e-05 -3.7891130501466587e-05 -5.191719916226275e-05 0.0030040268791434177 4.0235353326125814e-05 -0.0043269906794793254 0.0035723268364811879 -6.0818286087323827e-05 -0.0092036962137051204 0.003731597969089995 -0.00011477615040146388 -4.9127077814327057e-05 -0.00012825394673202819 -0.00011059429540018606 3.184187358211679e-05 -0.00040074682745652181 -1.7192014921123874e-05 8.4862546951944851e-05 -0.00011222519379010654 3.1914664633677555e-05 -0.00013724217125946902 8.5989225957316957e-06
leaf_weight=12067 371 64 176 304 17908 8295 3781 1412 4682 1204 2106 3342 3722 557 86 4826 339 43 2336 257 1090 683 6063 539 6817 5550 1591 4106 691 1615
leaf_count=12067 371 64 176 304 17908 8295 3781 1412 4682 1204 2106 3342 3722 557 86 4826 339 43 2336 257 1090 683 6063 539 6817 5550 1591 4106 691 1615
internal_value=-0.000178788 -0.000193243 -0.00520833 -0.000180707 -0.000370476 8.34621e-05 -0.000251746 -0.00239137 5.95776e-05 -0.000477292 0.000765937 0.000904443 -7.72135e-05 -0.00305224 -0.00173505 -0.00188109 -0.00207182 -0.00169979 -9.84852e-05 -0.000370158 -0.00145221 0.00015525 -0.00026273 0.00112669 -0.00110073 0.00145084 -5.33201e-05 -0.00065288 -0.00208494 -0.00135683
internal_weight=96623 96252 240 96012 55874 40138 28501 6628 24338 13828 10510 11637 5828 1761 5216 5130 4163 3824 49246 31338 10243 21095 14749 6346 9153 5807 14066 8003 3897 3206
internal_count=96623 96252 240 96012 55874 40138 28501 6628 24338 13828 10510 11637 5828 1761 5216 5130 4163 3824 49246 31338 10243 21095 14749 6346 9153 5807 14066 8003 3897 3206
is_linear=0
shrinkage=0.05


Tree=184
num_leaves=31
num_cat=0
split_feature=14 7 11 9 8 14 13 1 2 12 5 6 13 10 0 10 0 8 9 8 14 13 10 9 3 8 0 0 12 2
split_gain=2.09952 2.04776 2.26155 2.13868 2.76795 2.20375 1.99247 2.00541 3.44826 2.93877 4.29717 3.38665 2.7461 3.02939 2.70085 2.55559 2.52006 2.44715 2.64433 2.40692 2.36924 2.60463 2.26414 2.35327 2.21639 2.13662 3.86494 12.1968 10.7837 3.73963
threshold=0.015435897532715202 1.0000000180025095e-35 4.9651627472506323 7.9851120092992902 2.5000000000000004 1.3234149717375743 0.017119777868013202 1.5000000000000002 4.5000000000000009 1.9146524175529998 1.0000000180025095e-35 1.0000000180025095e-35 0.069094771518869988 7.8942441927526135 4.5000000000000009 7.7022690558343845 20.500000000000004 1.0000000180025095e-35 8.3560605473719427 1.0000000180025095e-35 2.5697686166586133 2.3358729930034792 7.9013597586844577 9.0034365696575112 1.0000000180025095e-35 3.5000000000000004 9.5000000000000018 14.500000000000002 0.28214596688078336 1.5000000000000002
decision_type=2 2 2 2 2 2 2 2 2 2 2 2 2 2 2 2 2 2 2 2 2 2 2 2 2 2 2 2 2 2
left_child=-1 2 6 -4 5 -5 -2 8 12 -10 11 16 14 15 -8 -14 19 18 -12 24 21 22 -21 -24 -11 -9 -27 28 -28 -30
right_child=1 -3 3 4 -6 -7 7 25 9 10 17 -13 13 -15 -16 -17 -18 -19 -20 20 -22 -23 23 -25 -26 26 27 -29 29 -31
leaf_value=-1.265292702248835e-05 1.1545548099505064e-05 6.5301669345347544e-05 0.00052822725010479574 -0.0060798998461374714 -0.0090679926031621786 -0.0017440633248669291 -4.0007232639018359e-05 -2.0400424857862973e-05 2.5533002366759028e-06 0.0014870213384924225 0.053960122003143179 -0.0018195425646754582 -0.0002036913242004654 0.00010394184444031414 0.00020995707290127837 -0.0019535654946318814 -0.0069637628966872089 0.015895291981190197 0.038671238309317735 0.0004493292000757543 0.010424849455153762 -0.0055268456630155121 0.012036164170246322 0.001709342607954345 0.018445155287070272 3.8855785451114014e-05 0.00037050778741528278 0.00066053389548635937 -0.0068199203946267108 -0.0018054595018967496
leaf_weight=3826 3193 3380 585 93 183 1125 109 51819 16891 666 106 455 1268 393 96 219 113 316 79 2008 121 381 176 280 691 3264 484 3174 85 1246
leaf_count=3826 3193 3380 585 93 183 1125 109 51819 16891 666 106 455 1268 393 96 219 113 316 79 2008 121 381 176 280 691 3264 484 3174 85 1246
internal_value=-0.000145882 -9.8657e-05 -0.000144222 -0.00181269 -0.00287295 -0.00201149 -0.00010641 -0.000152771 0.00022981 0.000411749 0.00142804 0.000976283 -0.00171463 -0.00231383 0.00378049 -0.00334566 0.00139766 0.00583832 0.0104054 0.00159033 0.000792313 0.000500879 0.00109578 0.00427632 0.00333456 -0.000307964 0.000439234 -0.000435959 -0.00370523 -0.0060293
internal_weight=96825 92999 89619 1986 1401 1218 87633 84440 24368 22283 5392 4891 2085 1880 205 1487 4436 501 185 4323 2966 2845 2464 456 1357 60072 8253 4989 1815 1331
internal_count=96825 92999 89619 1986 1401 1218 87633 84440 24368 22283 5392 4891 2085 1880 205 1487 4436 501 185 4323 2966 2845 2464 456 1357 60072 8253 4989 1815 1331
is_linear=0
shrinkage=0.05


Tree=185
num_leaves=31
num_cat=0
split_feature=11 12 11 10 12 12 8 10 11 2 8 13 8 0 8 12 11 12 1 1 14 2 7 2 13 14 11 0 0 8
split_gain=2.39261 1.86521 1.74376 2.18699 1.70658 1.81693 2.304 1.64227 1.56022 2.6287 1.93668 1.5062 2.74346 3.98165 5.72323 2.55522 2.62422 2.42342 4.81126 8.05044 4.22951 3.6315 3.21097 3.18754 2.86354 2.63407 2.46087 2.36047 4.73479 2.14323
threshold=0.008869493422509889 5.1016967195759895 4.9651627472506323 7.4058628623263116 0.026997949692522578 0.02022941081225382 3.5000000000000004 8.4131974785675343 6.0039328887988752 14.500000000000002 1.0000000180025095e-35 1.9366410877964759 2.5000000000000004 15.500000000000002 1.5000000000000002 3.4493351246816402 3.2335487081497649 2.3409067331657796 3.5000000000000004 5.5000000000000009 1.3234149717375743 9.5000000000000018 1.0000000180025095e-35 4.5000000000000009 1.7364893904591325 0.98321410447944702 0.88689386011493176 9.5000000000000018 10.500000000000002 1.0000000180025095e-35
decision_type=2 2 2 2 2 2 2 2 2 2 2 2 2 2 2 2 2 2 2 2 2 2 2 2 2 2 2 2 2 2
left_child=4 7 3 -3 5 6 -1 8 11 -10 -11 17 13 14 -13 16 -16 -2 20 21 -19 25 26 -21 -25 -20 -22 -14 -29 -28
right_child=1 2 -4 -5 -6 -7 -8 -9 9 10 -12 12 27 -15 15 -17 -18 18 19 23 22 -23 -24 24 -26 -27 29 28 -30 -31
leaf_value=-2.6474760280366211e-05 -3.1104127057450181e-06 0.032043862215627383 0.00026510540945225982 0.01889263687787035 2.5909184805317407e-05 -9.4324563825064044e-05 5.4723059934749537e-05 4.0023372844840477e-05 0.00085316095210116185 -0.0086553922442118569 -0.0008162464196807607 0.0007388958044379113 0.0033877064816469739 0.00032769707927166329 0.014508854008952233 0.0046912522932548778 0.019362528738145059 -0.0043344876057048618 -0.019248507463307397 -0.0070410830013483807 -0.010207215714768882 -0.0027735047211597252 0.013090521400219102 -0.00012112918322344514 0.0097226347758601513 -0.010413197593725367 0.0040119505135935872 -0.0058577913382104668 -0.00044852020742759403 -0.00037421615958626035
leaf_weight=1121 68653 83 217 95 78 223 96 4100 366 332 216 1008 200 6768 207 198 115 984 47 338 104 512 156 1007 257 907 1254 144 4457 2504
leaf_count=1121 68653 83 217 95 78 223 96 4100 366 332 216 1008 200 6768 207 198 115 984 47 338 104 512 156 1007 257 907 1254 144 4457 2504
internal_value=-0.000105688 -7.42946e-05 0.00335443 0.00702247 -0.0020751 -0.00246528 -0.00170501 -8.85758e-05 -0.000132806 -0.00218818 -0.00437956 -0.00011189 0.000383676 0.000934185 0.00323953 0.0075 0.0102484 -0.000196486 -0.00101611 -0.00257497 -5.9976e-05 -0.00525239 0.000659532 -0.000124844 0.00102848 -0.00707547 0.000375453 -0.00056759 -0.000798739 0.000585418
internal_weight=96747 95229 395 178 1518 1440 1217 94834 90734 914 548 89820 13097 8296 1528 520 322 76723 8070 3068 5002 1466 4018 1602 1264 954 3862 4801 4601 3758
internal_count=96747 95229 395 178 1518 1440 1217 94834 90734 914 548 89820 13097 8296 1528 520 322 76723 8070 3068 5002 1466 4018 1602 1264 954 3862 4801 4601 3758
is_linear=0
shrinkage=0.05


Tree=186
num_leaves=31
num_cat=0
split_feature=7 10 9 9 10 10 10 9 12 14 9 10 11 0 11 13 13 1 13 13 9 10 11 12 11 12 2 2 13 13
split_gain=2.44985 2.92861 3.79561 2.15862 4.87013 4.17277 2.60671 4.2095 3.05677 3.80782 2.96757 5.46328 2.87873 2.72961 3.24048 2.64746 2.41325 2.38048 2.58108 2.48264 2.37587 2.24309 2.35198 2.22875 2.5402 2.16199 2.15917 2.3966 2.12298 2.10414
threshold=1.0000000180025095e-35 6.3373233947321248 7.0973673913061956 8.3931166691788146 7.535697024692495 7.6422992797111506 7.8429330719927552 8.5351844632388687 1.4306309953909928 1.182773151721862 8.8763930600243359 8.244914729201275 2.487910641606947 21.500000000000004 1.162628140788337 2.0045659752912237 0.016668486383877724 3.5000000000000004 3.0221673216776108 0.010929538203647097 8.5135740733222711 7.8942441927526135 3.0700631488550734 2.5788027413837171 1.382908415275633 3.7319206342178548 2.5000000000000004 4.5000000000000009 0.01538579686112794 2.5731981536595332
decision_type=2 2 2 2 2 2 2 2 2 2 2 2 2 2 2 2 2 2 2 2 2 2 2 2 2 2 2 2 2 2
left_child=1 2 -1 5 -5 -3 7 8 -6 -10 13 12 26 17 -15 -14 28 21 19 -19 -21 -8 -23 24 -11 -9 -12 -28 -7 -22
right_child=-2 3 -4 4 6 16 10 25 9 23 11 -13 15 14 -16 -17 -18 18 -20 20 29 22 -24 -25 -26 -27 27 -29 -30 -31
leaf_value=-1.7102738881570037e-05 6.5170152946154169e-05 -4.1821607469468872e-06 -0.00020953304703883087 -0.00014524257593621413 5.124106868913451e-06 -9.2856792086462928e-06 -5.8360829484176147e-06 -8.5711968929134619e-05 -0.0047319514887741027 -0.004627122154673302 -0.00033424368241284538 -8.1452759500087047e-07 -0.0083584515030725032 -0.0002326271111902742 -0.0041084156500497959 -0.0021993173869535201 9.1490095405093175e-05 -7.5363953537684226e-05 0.01037005964057456 0.00024199895765095267 -1.1272997121913876e-05 8.8997427001255577e-05 0.0086425204562259553 -0.0051443276932478859 0.0012291916206380372 -0.015107614753240173 0.00023967350025209857 -4.3285399435991603e-05 -9.5649887431849528e-05 -0.0066343480034207316
leaf_weight=701 3449 56369 372 547 4666 300 1193 2009 482 359 166 10044 276 598 49 254 4834 56 40 166 2677 2628 360 675 1105 54 155 1885 61 69
leaf_count=701 3449 56369 372 547 4666 300 1193 2009 482 359 166 10044 276 598 49 254 4834 56 40 166 2677 2628 360 675 1105 54 155 1885 61 69
internal_value=-0.000127072 -0.000175523 -0.0027726 -0.000145259 -0.000489136 2.51771e-05 -0.000403791 -0.00109626 -0.000531769 -0.00189813 -8.97361e-05 -0.000559468 -0.0025402 0.000676365 -0.00243431 -0.00584906 0.00138114 0.000956322 -0.000116356 -0.000286388 -8.58516e-05 0.00172806 0.00245984 -0.000993455 0.000102459 -0.00309016 -0.00174524 -0.00129902 -0.00256233 -0.000436999
internal_weight=96599 93150 1073 92077 30513 61564 29966 9350 7287 2621 20616 12780 2736 7836 647 530 5195 7189 3008 2968 2912 4181 2988 2139 1464 2063 2206 2040 361 2746
internal_count=96599 93150 1073 92077 30513 61564 29966 9350 7287 2621 20616 12780 2736 7836 647 530 5195 7189 3008 2968 2912 4181 2988 2139 1464 2063 2206 2040 361 2746
is_linear=0
shrinkage=0.05


Tree=187
num_leaves=31
num_cat=0
split_feature=12 1 4 12 10 9 9 12 10 9 11 0 9 10 9 2 9 12 0 14 10 11 2 9 12 8 0 2 1 0
split_gain=1.83571 1.62431 2.82516 3.61452 1.95637 11.113 6.43495 3.46312 3.35044 7.56346 3.8573 4.31988 3.81433 3.35288 2.82937 2.78491 3.69019 2.75255 2.45029 2.51467 2.31084 2.15004 2.03431 1.9198 1.91206 1.86341 1.98932 1.86284 1.85366 2.6574
threshold=0.013162474226473111 1.5000000000000002 1.0000000180025095e-35 2.2088749738977822 7.4632771103792059 8.1688229513542439 8.2091043087849211 2.4306248239214576 7.1779410258993943 7.8215386808283798 0.49823601807539464 3.5000000000000004 7.8673648664628155 7.0287092079217368 8.1041804848129591 23.500000000000004 7.8624884834232454 0.84777217278175254 16.500000000000004 2.4252354490724621 7.1700393656704113 0.0093619696179212692 9.5000000000000018 7.8458564239234958 1.9504574441721767 3.5000000000000004 19.500000000000004 7.5000000000000009 1.0000000180025095e-35 22.500000000000004
decision_type=2 2 2 2 2 2 2 2 2 2 2 2 2 2 2 2 2 2 2 2 2 2 2 2 2 2 2 2 2 2
left_child=-1 2 3 -2 5 8 -6 22 9 -3 11 20 -10 -12 -14 16 -15 -17 24 -20 21 -11 -7 -13 -16 26 -5 -9 -4 -30
right_child=1 4 28 25 6 7 -8 27 12 10 13 23 14 15 18 17 -18 -19 19 -21 -22 -23 -24 -25 -26 -27 -28 -29 29 -31
leaf_value=-1.2092640556293604e-05 9.5992905118191468e-05 -4.104159226668656e-06 -1.6493122374098244e-05 0.034887071959687592 0.00020265261923816392 -0.00012911657565284896 -4.5110139346868366e-06 -0.023949227336340861 0.00021019422087456346 6.62022018158989e-05 -0.0043635203910644465 -9.3647819604056857e-05 3.728582034316294e-05 -0.00090659250466695873 -1.7341358102708222e-05 -0.0020171895657988661 -0.0036805004065738559 0.0021069509613517168 -0.0013920656925506564 0.0089069280342455991 3.9423046702675776e-05 -4.8893712824358507e-05 -4.2539514917149494e-05 5.6359779010915074e-05 0.0041963175879529942 -0.0047120159979972438 -0.011557337602819873 -0.0059269817388910469 2.3802209663010372e-05 -0.00033693482770177539
leaf_weight=2321 1871 16059 11526 296 1209 899 33156 113 687 40 311 285 7096 606 1294 63 889 347 629 50 40 533 1350 784 330 55 44 360 13067 582
leaf_count=2321 1871 16059 11526 296 1209 899 33156 113 687 40 311 285 7096 606 1294 63 889 347 629 50 40 533 1350 784 330 55 44 360 13067 582
internal_value=-0.000129526 -9.54309e-05 0.000228672 0.00191968 -0.000227916 -0.000504349 3.56467e-05 -0.00356356 -0.000227174 -0.000602545 -0.00257825 -0.000772889 0.000515566 -0.00394856 0.000252686 -0.00316273 -0.00416388 0.000487805 -0.00127008 -0.00379234 -0.00411909 -0.00493019 -0.00274566 0.00114593 -0.000215517 0.00626582 0.00764706 -0.00745243 7.64647e-05 0.00047073
internal_weight=96892 94571 27441 2266 67130 32765 34365 2722 30043 19957 3898 1682 10086 2216 9399 1905 1495 410 2303 679 613 573 2249 1069 1624 395 340 473 25175 13649
internal_count=96892 94571 27441 2266 67130 32765 34365 2722 30043 19957 3898 1682 10086 2216 9399 1905 1495 410 2303 679 613 573 2249 1069 1624 395 340 473 25175 13649
is_linear=0
shrinkage=0.05


Tree=188
num_leaves=31
num_cat=0
split_feature=13 8 4 0 8 8 12 2 11 0 0 0 0 12 2 10 7 2 7 14 2 10 13 2 10 12 2 11 11 13
split_gain=1.56746 3.06508 3.92093 4.22827 3.56137 2.58149 2.63419 6.35952 3.00949 2.53319 2.51362 4.53337 2.67411 5.30016 3.02642 3.18014 3.03459 2.64937 2.73497 2.487 2.41459 2.298 2.80998 2.23454 1.97964 1.97646 1.9606 1.81668 1.72399 1.9453
threshold=2.0602742580323112 2.5000000000000004 1.0000000180025095e-35 16.500000000000004 1.5000000000000002 1.5000000000000002 3.373311256205707 28.500000000000004 5.5692057330561999 17.500000000000004 9.5000000000000018 10.500000000000002 13.500000000000002 1.8261172215224712 12.500000000000002 7.3441601124637694 1.0000000180025095e-35 20.500000000000004 1.0000000180025095e-35 1.7979313060407407 1.5000000000000002 7.0960312948183519 2.723978302359801 2.5000000000000004 6.9055226160628376 3.4493351246816402 4.5000000000000009 1.0635392186171406 1.8389232171010292 2.1009979172959063
decision_type=2 2 2 2 2 2 2 2 2 2 2 2 2 2 2 2 2 2 2 2 2 2 2 2 2 2 2 2 2 2
left_child=-1 2 28 4 24 6 8 9 -5 -8 19 -12 17 21 15 26 -16 18 -13 -3 -11 22 -14 -17 -4 -6 -15 -26 29 -2
right_child=1 10 3 5 25 -7 7 -9 -10 20 11 12 13 14 16 23 -18 -19 -20 -21 -22 -23 -24 -25 27 -27 -28 -29 -30 -31
leaf_value=-4.7796401613532486e-06 0.023939503466782287 0.011799579813386763 0.0035817337911345144 0.00036189858437480629 0.01274619499122337 -0.0037835062925987706 -0.013559048828108544 0.029160407006501889 0.008943385971146545 0.02453815646373907 -0.0057636919038330462 0.0015874628172770856 0.0014983224726416945 -0.015595492559615454 -0.0064789318989739997 0.025694355430227935 -0.0022505758949157742 -0.00053922484352670892 0.031545891030705389 0.00082824857779770786 -0.0048451923690516659 2.4187742602094221e-05 0.0083852253355461825 0.00080720185761475884 0.0035351873206190378 0.0037227880521481962 -0.0014800833296126138 -0.00040638238322622257 0.024617693667132734 0.0019342326957264067
leaf_weight=85210 40 74 132 3504 349 105 109 140 84 62 133 337 263 156 754 73 357 327 134 116 996 875 59 309 105 211 231 780 515 486
leaf_count=85210 40 74 132 3504 349 105 109 140 84 62 133 337 263 156 754 73 357 327 134 116 996 875 59 309 105 211 231 780 515 486
internal_value=-7.42069e-05 0.000465471 0.00106327 0.000611981 0.00286937 -0.0001 6.63943e-05 -0.00185539 0.000766444 -0.00306341 -0.000619343 -0.000885729 -0.000574194 -0.00124309 -0.00289894 -0.000487646 -0.00456796 0.00200501 0.00440552 0.005 -0.00231569 0.00135756 0.00496894 0.00274869 0.00110619 0.00607143 -0.00368217 0.000254237 0.00391451 0.00190114
internal_weight=97026 11816 7618 6577 1577 5000 4895 1307 3588 1167 4198 4008 3875 3077 1880 769 1111 798 471 190 1058 1197 322 382 1017 560 387 885 1041 526
internal_count=97026 11816 7618 6577 1577 5000 4895 1307 3588 1167 4198 4008 3875 3077 1880 769 1111 798 471 190 1058 1197 322 382 1017 560 387 885 1041 526
is_linear=0
shrinkage=0.05


Tree=189
num_leaves=31
num_cat=0
split_feature=14 2 1 12 12 11 11 12 11 0 12 8 12 4 8 0 12 7 12 0 12 0 12 8 2 12 4 12 14 6
split_gain=1.86324 2.20071 11.3993 7.5018 4.17877 3.40739 2.54888 2.53124 2.32017 2.18327 4.61432 2.83518 6.13936 2.9905 2.61025 4.56177 3.0446 4.13655 3.68973 2.82313 4.54421 2.4842 4.05449 3.38314 3.68629 4.10968 3.60302 3.06898 2.39919 2.32
threshold=2.0287922379007273 2.5000000000000004 3.5000000000000004 0.3066224417723053 0.88633335334409069 2.1150661114527134 0.12661141321606034 0.01997300820677354 5.2271684412942863 21.500000000000004 0.57193571077305461 1.0000000180025095e-35 1.0589607478781462 3.5000000000000004 2.5000000000000004 14.500000000000002 1.6437705664233684 1.0000000180025095e-35 0.86731382346897345 17.500000000000004 3.1935254887084805 19.500000000000004 2.4552279164174151 1.0000000180025095e-35 28.500000000000004 3.6242137430533221 1.0000000180025095e-35 3.1935254887084805 2.1067637228976905 1.0000000180025095e-35
decision_type=2 2 2 2 2 2 2 2 2 2 2 2 2 2 2 2 2 2 2 2 2 2 2 2 2 2 2 2 2 2
left_child=1 2 4 6 7 -5 -4 -1 -3 14 -11 -12 -13 -14 15 -2 18 28 -16 20 -17 22 -21 24 25 -24 -27 -23 -18 -19
right_child=9 8 3 5 -6 -7 -8 -9 -10 10 11 12 13 -15 16 19 17 29 -20 21 -22 27 23 -25 -26 26 -28 -29 -30 -31
leaf_value=2.8505033439889857e-05 0.010755122411681351 -3.040980752340092e-06 -1.8229120311967062e-05 -0.0029726092393322664 0.0044192454218783817 -0.01961491506550065 0.00068118332083289413 -6.4332048404223792e-05 -0.0021336199204640472 0.00097342111525899888 -0.0037547700957659895 0.0093845940232710045 -0.0075050507342685757 -0.0012652344240856818 -0.002242784116391866 0.00028523780522212718 0.00025579449249326649 0.0037173022299893167 0.0028358712562427339 0.017492571230191878 -0.0090827408969568427 0.00081418339383133593 0.010184656680293553 -0.0036288525734963217 0.0279520187180619 0.045416258171847447 -0.0012273657979268494 -0.0064453620577067721 -0.0046869409741704731 -0.0033854397654460079
leaf_weight=634 479 76191 1554 2407 1636 194 261 1667 802 187 132 51 62 188 65 1433 535 973 635 86 277 2577 476 329 198 139 910 276 1326 91
leaf_count=634 479 76191 1554 2407 1636 194 261 1667 802 187 132 51 62 188 65 1433 535 973 635 86 277 2577 476 329 198 139 910 276 1326 91
internal_value=-0.000133563 -0.000213835 -0.000984676 -0.00272871 0.000971552 -0.00445021 -0.000261708 -0.000401999 -0.000130207 0.000466083 -0.00241935 -0.00525404 -0.00257475 -0.0058 0.000631652 0.00118384 -0.000462069 -0.00117094 0.0025 0.000846889 -0.000906433 0.00144761 0.0027362 0.00229045 0.0031776 0.00234426 0.000595806 0.000481949 -0.00259269 0.00131579
internal_weight=96771 85346 8353 4416 3937 2601 1815 2301 76993 11425 620 433 301 250 10805 7180 3625 2925 700 6701 1710 4991 2138 2052 1723 1525 1049 2853 1861 1064
internal_count=96771 85346 8353 4416 3937 2601 1815 2301 76993 11425 620 433 301 250 10805 7180 3625 2925 700 6701 1710 4991 2138 2052 1723 1525 1049 2853 1861 1064
is_linear=0
shrinkage=0.05


Tree=190
num_leaves=31
num_cat=0
split_feature=12 7 0 6 0 3 12 10 9 0 12 13 12 8 0 8 12 12 12 11 8 0 12 11 11 11 12 0 14 14
split_gain=2.33879 2.06123 2.2251 2.43907 2.43145 2.52971 2.42813 2.15841 4.08432 2.08563 4.97265 2.96748 2.46801 5.3382 5.40177 7.18435 9.28555 6.92635 6.70559 4.76709 4.70424 5.47916 5.81679 4.4386 3.25677 3.78598 3.62253 3.35989 3.16999 3.16848
threshold=0.013162474226473111 1.0000000180025095e-35 9.5000000000000018 1.0000000180025095e-35 13.500000000000002 1.0000000180025095e-35 3.084457104000434 6.3373233947321248 7.3431355615647513 20.500000000000004 2.2314396735834108 2.5731981536595332 0.64549097881835227 2.5000000000000004 21.500000000000004 1.0000000180025095e-35 1.3346499513179573 1.3677312072546379 1.8967190785398451 1.5046791793984504 1.0000000180025095e-35 22.500000000000004 1.0776131046609396 1.0794824288328337 0.18086263190811178 0.79220143938460519 0.3066224417723053 21.500000000000004 1.9004715023551899 1.0934280538995245
decision_type=2 2 2 2 2 2 2 2 2 2 2 2 2 2 2 2 2 2 2 2 2 2 2 2 2 2 2 2 2 2
left_child=-1 7 -3 4 5 -4 -5 8 -2 -9 12 -12 24 14 15 16 19 20 -17 -14 -16 22 -22 -15 26 27 -11 29 -21 -26
right_child=1 2 3 6 -6 -7 -8 9 -10 10 11 -13 13 23 17 18 -18 -19 -20 28 21 -23 -24 -25 25 -27 -28 -29 -30 -31
leaf_value=-1.1564140262394557e-05 -4.82825391332189e-05 -4.2722843310251736e-06 0.0045309628587036693 0.00044895319758915254 0.00073685725864095506 0.029104858512395328 -0.0071253082654617224 2.7032096868838657e-06 -0.00061688875108775645 -0.00015017183409759619 -0.014816596189841947 0.0019138591965401021 0.0034353921576213034 -0.0012602142797756622 -0.004618657114326903 0.0081910945860841407 -0.0062398689317503427 -0.0065495911990316015 -0.00072212813221985697 -0.0038342617355368149 0.0046717636231890904 -0.0024386266099192481 -0.0013186711160788206 -0.0046655661102393995 -0.0002502539636396656 -0.00097260538698075167 -0.0033136243359051035 0.00014776867288275182 -0.00063592454454839136 0.0029848834178376389
leaf_weight=2318 954 1429 336 85 1337 198 60 78516 94 1542 171 60 440 677 134 678 490 182 335 45 457 419 526 285 114 338 92 4008 114 317
leaf_count=2318 954 1429 336 85 1337 198 60 78516 94 1542 171 60 440 677 134 678 490 182 335 45 457 419 526 285 114 338 92 4008 114 317
internal_value=-2.71315e-05 1.13837e-05 0.0012119 0.00228175 0.0027659 0.00561798 -0.00396552 -3.40704e-05 -0.00229008 -7.78297e-06 -0.000639006 -0.00790043 -0.000489145 -0.00134881 -0.000510471 0.00118934 -0.00162994 -0.00259022 0.00422014 0.00254591 -0.0014974 -0.00064194 0.00139878 -0.00467775 0.000152082 0.000811179 -0.00177479 0.00119959 -0.00487421 0.00539443
internal_weight=96751 94433 3445 2016 1871 534 145 90988 1048 89940 11424 231 11193 4782 3820 2102 1089 1718 1013 599 1536 1402 983 962 6411 4777 1634 4439 159 431
internal_count=96751 94433 3445 2016 1871 534 145 90988 1048 89940 11424 231 11193 4782 3820 2102 1089 1718 1013 599 1536 1402 983 962 6411 4777 1634 4439 159 431
is_linear=0
shrinkage=0.05


Tree=191
num_leaves=31
num_cat=0
split_feature=13 2 11 2 12 4 1 2 1 12 12 12 10 12 9 12 0 2 4 2 11 13 12 12 14 10 12 0 1 2
split_gain=1.54119 2.57437 3.02906 2.63355 3.37628 3.00486 3.08117 2.29408 7.32945 5.11297 4.8001 2.89856 2.20991 2.97425 2.52841 2.65082 2.20193 2.38297 2.84995 2.86895 2.19461 2.30587 2.18706 2.04568 2.31902 2.39873 2.03716 1.9868 1.88554 5.08561
threshold=1.8893055575080797 20.500000000000004 3.3619682843963106 18.500000000000004 2.1877790537261439 7.5000000000000009 3.5000000000000004 2.5000000000000004 3.5000000000000004 1.0589607478781462 1.3040386106145412 3.855148062680124 7.6355453444668893 1.5100280716235479 8.2511829124804308 1.694458609628106 13.500000000000002 7.5000000000000009 4.5000000000000009 10.500000000000002 4.2129620902320442 1.9198075311275253 2.5525349097281964 3.2481109671717454 1.6859029167546222 7.4010022939192739 1.0934661344549224 19.500000000000004 4.5000000000000009 10.500000000000002
decision_type=2 2 2 2 2 2 2 2 2 2 2 2 2 2 2 2 2 2 2 2 2 2 2 2 2 2 2 2 2 2
left_child=7 3 -3 5 26 12 -7 8 10 -10 -1 -11 13 -2 15 -15 -17 -18 19 -19 21 -8 -4 24 25 -24 -5 -6 -9 -30
right_child=1 2 22 4 27 6 20 28 9 11 -12 -13 -14 14 -16 16 17 18 -20 -21 -22 -23 23 -25 -26 -27 -28 -29 29 -31
leaf_value=-1.877269730679865e-05 0.00070389745675005508 0.00018681348687935584 -0.0031945146383315359 0.0032118832212000847 0.029884826835862022 0.0037061383098771941 0.0043442871125924714 -7.6461621073664616e-06 -3.013059364687914e-05 -0.0056946216013850975 0.0052594467089500888 -0.03280938540905725 0.0012940727459239548 -0.0075361435273038962 -0.0072395533694125328 0.0046644820392375058 -0.008199349145051443 -0.0087000068050423329 0.0058534731625053352 -0.0030481881507070652 0.027449186629740399 -0.0012774162289871773 0.0037801207368967586 -0.0030420414313033109 0.0015691814067451682 -0.0084709042702411971 -0.0024309651018140201 -0.0047008280935622263 -2.1261957726050747e-05 3.460194290324679e-05
leaf_weight=2563 788 3915 445 101 347 2412 81 51655 2526 1634 1134 41 1675 161 405 308 174 128 322 859 96 1476 46 933 545 67 335 67 10096 11472
leaf_count=2563 788 3915 445 101 347 2412 81 51655 2526 1634 1134 41 1675 161 405 308 174 128 322 859 96 1476 46 933 545 67 335 67 10096 11472
internal_value=-8.39299e-05 0.000369756 -0.000449504 0.00087057 0.00352941 0.000616207 0.00161747 -0.000171657 -0.000981261 -0.00241014 0.000642413 -0.00455224 -0.000228216 -0.00100954 -0.0018986 -0.00115266 -0.000600223 -0.00139919 -0.000668449 -0.00200101 -4.53721e-05 -0.000497752 -0.00201375 -0.00114708 0.000987842 -0.00553097 0.000458716 0.00676329 -8.43314e-05 0.000308327
internal_weight=96807 15686 5951 9735 850 8885 4065 81121 7898 4201 3697 1675 4820 3145 2357 1952 1791 1483 1309 987 1653 1557 2036 1591 658 113 436 414 73223 21568
internal_count=96807 15686 5951 9735 850 8885 4065 81121 7898 4201 3697 1675 4820 3145 2357 1952 1791 1483 1309 987 1653 1557 2036 1591 658 113 436 414 73223 21568
is_linear=0
shrinkage=0.05


Tree=192
num_leaves=31
num_cat=0
split_feature=13 11 11 9 3 8 10 9 10 7 0 11 12 2 1 1 2 11 2 2 4 2 12 4 11 8 10 8 0 0
split_gain=2.6104 2.24144 2.18891 2.45589 2.0811 3.29011 2.37899 2.12836 2.53776 2.09334 2.73794 2.03717 1.9788 4.60373 6.73185 4.4475 3.50288 4.09977 2.41744 7.13601 7.22679 6.85359 5.83965 3.72875 5.48005 4.23618 3.60415 3.48624 3.39404 4.38663
threshold=1.9366410877964759 0.2145647552644607 0.51305091251275237 8.3020358919927286 1.0000000180025095e-35 1.0000000180025095e-35 8.3992538843091626 7.5307873048590457 6.6431651191757917 1.0000000180025095e-35 13.500000000000002 3.4272328614264569 2.3629150681186144 10.500000000000002 3.5000000000000004 5.5000000000000009 3.5000000000000004 2.7450665405410772 12.500000000000002 9.5000000000000018 5.5000000000000009 7.5000000000000009 0.23107305130311315 7.5000000000000009 1.4348282008496624 1.0000000180025095e-35 7.6658166221229616 1.5000000000000002 9.5000000000000018 14.500000000000002
decision_type=2 2 2 2 2 2 2 2 2 2 2 2 2 2 2 2 2 2 2 2 2 2 2 2 2 2 2 2 2 2
left_child=12 -2 3 -3 7 11 9 8 -4 -7 -11 -6 18 14 16 -16 -14 -18 19 20 22 23 -1 24 26 28 -22 -27 -25 -30
right_child=1 2 4 -5 5 6 -8 -9 -10 10 -12 -13 13 -15 15 -17 17 -19 -20 -21 21 -23 -24 25 -26 27 -28 -29 29 -31
leaf_value=1.3788034991360326e-06 -0.0014095603106630606 0.00030417569219547136 0.00015128087789354763 0.0013583394126302217 0.0052104632548273582 -0.00052975670532437458 0.0066694768240938181 -0.00011636371082742459 0.0044359085743800987 0.041876791284821781 0.0026025956048224331 0.026986687810824563 0.0083143805839802857 0.00048317203667495591 -0.010813222632925652 -0.002582519684126794 -0.0083342317494577763 0.00029440462275573956 -1.0391563337890619e-05 4.5509591733930478e-05 -3.7297581617827107e-05 6.6941978005836779e-05 -0.0013834826639871512 7.948221816106699e-06 -0.0031338852374812962 -3.5458360322901655e-05 3.8154455414838451e-05 1.3201167931646031e-05 0.0042954775792227199 0.00037334500612504207
leaf_weight=1683 40 204 565 165 1301 2255 128 8892 355 77 257 245 418 4182 1024 989 489 1479 33924 7440 1720 3482 2283 3272 840 7033 915 8852 1012 1216
leaf_count=1683 40 204 565 165 1301 2255 128 8892 355 77 257 245 418 4182 1024 989 489 1479 33924 7440 1720 3482 2283 3272 840 7033 915 8852 1012 1216
internal_value=-4.93606e-05 0.000569594 0.000602326 0.00440379 0.000502664 0.00142505 0.000377254 0.000101916 0.0023913 4.82812e-05 0.00374251 0.00326649 -0.000158353 -0.000876937 -0.00200614 -0.00413562 -0.000209556 -0.00109248 -7.46552e-05 0.000189947 -0.000131546 0.00014819 -0.00213061 -0.0001428 -0.00166187 0.000104045 -0.000540797 -0.000310041 0.0013 0.00280521
internal_weight=96737 14484 14444 369 14075 4263 2717 9812 920 2589 334 1546 82253 8581 4399 2013 2386 1968 73672 39748 32308 28342 3966 24860 3475 21385 2635 15885 5500 2228
internal_count=96737 14484 14444 369 14075 4263 2717 9812 920 2589 334 1546 82253 8581 4399 2013 2386 1968 73672 39748 32308 28342 3966 24860 3475 21385 2635 15885 5500 2228
is_linear=0
shrinkage=0.05


Tree=193
num_leaves=31
num_cat=0
split_feature=12 9 10 10 9 12 13 9 10 0 9 9 10 12 13 11 0 14 11 10 9 2 9 10 9 12 2 11 14 0
split_gain=2.59403 1.89737 9.19425 3.17793 6.59017 3.0282 3.6229 2.94834 2.79984 3.95028 3.38789 2.92338 2.84951 2.45673 2.38221 2.37043 4.12159 2.86016 3.476 2.33329 3.75965 2.31414 2.30099 5.03427 3.05817 3.08072 2.8462 2.82137 2.80287 2.63967
threshold=0.013162474226473111 8.1081937049219608 7.3542622043925308 7.1779410258993943 7.8215386808283798 2.9483121465240987 3.2865486359908105 8.2511829124804308 7.4632771103792059 9.5000000000000018 8.2091043087849211 8.3487622017190422 7.5285888970404775 2.1877790537261439 1.8041305161347074 1.8796971021235731 19.500000000000004 1.1510957525484971 2.3319015350661836 6.9233927857041184 7.7087520103045053 18.500000000000004 8.4055371163788433 7.8429330719927552 8.5489257659686064 1.8597649084503747 19.500000000000004 1.9217326278759874 1.1510957525484971 16.500000000000004
decision_type=2 2 2 2 2 2 2 2 2 2 2 2 2 2 2 2 2 2 2 2 2 2 2 2 2 2 2 2 2 2
left_child=-1 3 7 4 19 6 -6 14 9 11 13 -4 -12 21 -3 -5 17 18 -17 20 -2 -10 29 24 25 -24 27 -26 -27 -14
right_child=1 2 8 15 5 -7 -8 -9 10 -11 12 -13 22 -15 -16 16 -18 -19 -20 -21 -22 -23 23 -25 26 28 -28 -29 -30 -31
leaf_value=-1.2180693742965552e-05 -1.0672186551974372e-06 -8.6292265628530951e-05 1.2690881015444094e-05 1.7143613966219897e-05 -4.7325114566464624e-05 -0.0087409235874586159 0.005873206216221916 -0.00031525977837040331 8.5959612322479133e-05 -0.00094352948985158835 -7.6948254945700695e-05 -6.8719936927355433e-05 1.4736202384194042e-06 0.010958315904432581 0.00040911661289350646 0.0034041351274684221 -0.0032890509680600366 0.004678340519758073 -0.0044444570031682727 4.6205177980120607e-05 -0.00017662010221065018 -9.6983180904026273e-05 -3.8717627373318842e-06 7.1363735657382736e-06 -9.2826026253507122e-05 -0.0083321066036146536 -3.4511576298749873e-05 -0.01016979284758639 -0.0026854238350285556 0.00074128669704238157
leaf_weight=2290 14208 1183 1716 9019 4617 447 45 314 1028 2614 1802 97 11075 297 374 151 313 2178 210 8523 197 341 4744 20832 691 154 1080 223 1463 4724
leaf_count=2290 14208 1183 1716 9019 4617 447 45 314 1028 2614 1802 97 11075 297 374 151 313 2178 210 8523 197 341 4744 20832 691 154 1080 223 1463 4724
internal_value=-0.000105725 -6.54976e-05 -0.000256612 0.000196702 -9.36263e-05 -0.00171756 -0.00134063 -0.00370123 -0.000134736 -0.00133838 -2.47658e-05 0.000455047 -0.000103659 0.00219088 -0.00280989 0.000882402 0.00213885 0.00280622 -0.00131579 0.000268231 -0.00011975 0.00129657 -2.55635e-05 -0.000288656 -0.00132555 -0.00078997 -0.0030341 -0.00508753 -0.00267471 0.000460472
internal_weight=96950 94660 54752 39908 28037 5109 4662 1871 52881 4427 48454 1813 46788 1666 1557 11871 2852 2539 361 22928 14405 1369 44986 29187 8355 6361 1994 914 1617 15799
internal_count=96950 94660 54752 39908 28037 5109 4662 1871 52881 4427 48454 1813 46788 1666 1557 11871 2852 2539 361 22928 14405 1369 44986 29187 8355 6361 1994 914 1617 15799
is_linear=0
shrinkage=0.05


Tree=194
num_leaves=31
num_cat=0
split_feature=14 12 11 9 9 0 12 14 8 12 0 12 8 11 12 0 12 12 0 12 1 12 0 14 12 14 11 4 14 10
split_gain=1.80468 1.95036 1.84681 1.78989 2.29662 1.63638 7.04393 4.38643 4.00908 4.81809 5.60461 8.00734 3.89679 4.04688 3.41379 3.30789 8.38704 6.12497 4.89237 3.73985 3.10739 3.00833 3.15476 3.5563 2.95313 2.96698 2.92112 2.90246 2.71314 2.66617
threshold=0.015739209582403674 0.019271711222591036 7.701608116388571 8.6020910403571875 8.4166750877354826 20.500000000000004 0.58990850474134804 1.1722672580382916 1.0000000180025095e-35 1.8597649084503747 21.500000000000004 0.98315794437631931 2.5000000000000004 1.0794824288328337 2.5788027413837171 21.500000000000004 1.2094716214639416 1.9146524175529998 22.500000000000004 1.0776131046609396 3.5000000000000004 0.11695012343445631 21.500000000000004 1.1510957525484971 1.3346499513179573 1.912899923443302 0.79220143938460519 3.5000000000000004 1.7671860279067906 7.5544603178441792
decision_type=2 2 2 2 2 2 2 2 2 2 2 2 2 2 2 2 2 2 2 2 2 2 2 2 2 2 2 2 2 2
left_child=1 -1 5 4 -4 -2 21 -8 9 10 11 -9 14 27 15 17 18 24 19 20 -17 -7 23 -23 -10 -26 28 -14 -24 -20
right_child=2 -3 3 -5 -6 6 7 8 12 -11 -12 -13 13 -15 -16 16 -18 -19 29 -21 -22 22 26 -25 25 -27 -28 -29 -30 -31
leaf_value=-3.4421675005472283e-06 2.5595517050423098e-06 -3.6182724756511635e-05 -0.003628708224797883 0.005572989575617221 -0.012871287250814878 -0.00054159756713661848 -0.0044881052390202221 0.0075517105442094393 0.01530439315247647 -0.021608909809830282 -0.0036154875668809542 -0.0023051316165387747 -0.0033472914902125343 -0.0040109919046873782 -0.013174904388986315 0.0086482962478850508 -0.0047687953079239955 -0.0018398321335758251 -0.0020399001355359409 -0.00077715139593942384 0.0021095847960772018 7.825504830420716e-06 4.3518464963353964e-05 0.0028395063229802622 -0.00030457029086445876 0.0077908766388983808 -0.0010385578759935705 0.00029933970027750946 0.0010290527432441827 0.00010043704137079335
leaf_weight=3303 80095 908 257 86 47 146 64 131 99 58 244 976 248 364 78 194 416 432 264 282 297 209 5102 230 249 343 222 652 471 342
leaf_count=3303 80095 908 257 86 47 146 64 131 99 58 244 976 248 364 78 194 416 432 264 282 297 209 5102 230 249 343 222 652 471 342
internal_value=-7.4115e-05 -0.00108644 -2.80784e-05 -0.00346154 -0.00526316 -1.35563e-05 -0.000555189 -0.00182714 -0.00168019 -0.00399219 -0.00338638 -0.00187444 -0.000915493 -0.00324367 6.67557e-05 0.0003427 -0.000988858 0.00247106 0.000888325 0.00352523 0.0061609 0.000587774 0.00075393 0.00484055 0.00539074 0.00405405 0.000444349 -0.00144444 0.000668401 -0.00247525
internal_weight=96809 4211 92598 390 304 92208 12113 5733 5669 1409 1351 1107 4260 1264 2996 2918 1795 1123 1379 773 491 6380 6234 439 691 592 5795 900 5573 606
internal_count=96809 4211 92598 390 304 92208 12113 5733 5669 1409 1351 1107 4260 1264 2996 2918 1795 1123 1379 773 491 6380 6234 439 691 592 5795 900 5573 606
is_linear=0
shrinkage=0.05


Tree=195
num_leaves=31
num_cat=0
split_feature=13 8 12 2 4 0 0 12 13 2 0 4 14 0 12 0 12 8 1 2 11 0 8 12 0 0 12 14 8 0
split_gain=3.14757 2.61235 3.98954 5.75479 6.56673 3.38597 6.89056 8.13181 4.9055 4.15583 4.04589 3.51862 3.36603 8.4583 6.99445 5.76132 4.49389 3.86773 6.17411 3.85631 3.33683 3.25396 3.13708 4.5329 5.58285 2.7575 2.74103 3.86775 4.59078 6.7372
threshold=1.7632493506213716 3.5000000000000004 2.1877790537261439 10.500000000000002 4.5000000000000009 9.5000000000000018 15.500000000000002 0.28214596688078336 0.36836516127008967 1.5000000000000002 2.5000000000000004 1.0000000180025095e-35 0.88651070079589156 12.500000000000002 1.8423115137213653 10.500000000000002 1.4787584222102075 1.5000000000000002 3.5000000000000004 28.500000000000004 2.0415457702536757 10.500000000000002 2.5000000000000004 1.1774420736118369 11.500000000000002 11.500000000000002 0.64549097881835227 1.3679531999252081 1.0000000180025095e-35 13.500000000000002
decision_type=2 2 2 2 2 2 2 2 2 2 2 2 2 2 2 2 2 2 2 2 2 2 2 2 2 2 2 2 2 2
left_child=1 2 12 4 -4 10 7 -7 -9 -10 -3 -8 22 14 15 -14 -17 18 25 26 -11 -5 23 -1 -25 -18 -15 28 29 -28
right_child=-2 5 3 21 -6 6 11 8 9 20 -12 -13 13 19 -16 16 17 -19 -20 -21 -22 -23 -24 24 -26 -27 27 -29 -30 -31
leaf_value=-4.8288052607030781e-07 0.00037329836364360534 -7.5464687376933067e-06 -0.0088740068831620229 -0.010112024476385317 -0.0026874387034936166 0.00025925880358196736 -0.0014093295586508126 0.0016637738650940983 -0.006674482197022079 -0.0013042724199006511 0.00012553630948235021 0.00085602920429904417 4.1795268348585136e-05 0.00023809144858095608 -0.00040098735749534155 0.010658131046739905 0.015545294629696393 0.015856622017885659 -0.0012655092883636144 -0.0013933261385463665 -0.015446918076042433 0.0006665214554472332 -1.9781703545972835e-05 -0.0024589202852921379 0.011913615949190052 0.004075205224463435 0.029056605856632479 0.00030496765857970787 -0.0013300568269423052 0.00059246496841974805
leaf_weight=26372 19052 1504 513 172 3345 638 448 163 74 1639 3180 2573 1374 3574 1557 395 170 150 408 1430 46 3353 11515 1683 126 268 69 6800 3719 323
leaf_count=26372 19052 1504 513 172 3345 638 448 163 74 1639 3180 2573 1374 3574 1557 395 170 150 408 1430 46 3353 11515 1683 126 268 69 6800 3719 323
internal_value=-8.7703e-05 -0.000229115 -0.000342415 -0.00143912 -0.00277346 0.000513882 -0.000318043 -0.00222656 -0.00385016 -0.0046191 0.00150512 0.00129924 -0.000207315 0.000317488 0.00227904 0.00378843 0.00605679 0.00426707 0.00295508 -0.000215206 -0.00410979 2.12766e-05 -0.000474859 -0.000190731 -0.00261194 0.00707763 2.93407e-05 -0.000364311 -0.00157504 0.00357143
internal_weight=96633 77581 67316 7383 3858 10265 5581 2560 1922 1759 4684 3021 59933 20237 4322 2765 1391 996 846 15915 1685 3525 39696 28181 1809 438 14485 10911 4111 392
internal_count=96633 77581 67316 7383 3858 10265 5581 2560 1922 1759 4684 3021 59933 20237 4322 2765 1391 996 846 15915 1685 3525 39696 28181 1809 438 14485 10911 4111 392
is_linear=0
shrinkage=0.05


Tree=196
num_leaves=31
num_cat=0
split_feature=8 0 0 12 12 4 12 12 0 0 12 0 11 12 11 12 13 11 6 14 12 14 0 8 8 12 0 12 12 0
split_gain=1.62408 4.33562 12.0865 7.40361 5.67989 3.3705 3.99482 3.2373 3.17041 3.02456 5.32095 3.74373 5.116 3.54107 2.8412 2.84086 3.62462 2.74619 3.26599 2.71205 2.58483 2.47533 9.55847 5.39589 4.8621 8.72856 10.8768 11.7577 6.19611 6.73436
threshold=3.5000000000000004 15.500000000000002 9.5000000000000018 1.5100280716235479 0.27153305017447688 1.0000000180025095e-35 2.7771242299877339 3.5351141344718853 18.500000000000004 3.5000000000000004 0.032781885571144261 4.5000000000000009 0.036722631643962493 0.026997949692522578 0.0082972199255493522 1.3195402670430956 0.79621563173389942 1.2785630314478074 1.0000000180025095e-35 0.49973006638848472 0.37712232498372095 1.2443660819559548 13.500000000000002 1.5000000000000002 1.0000000180025095e-35 1.7269930721847415 12.500000000000002 1.3195402670430956 2.3409067331657796 12.500000000000002
decision_type=2 2 2 2 2 2 2 2 2 2 2 2 2 2 2 2 2 2 2 2 2 2 2 2 2 2 2 2 2 2
left_child=21 2 9 4 -4 6 -3 8 15 13 -11 12 -12 14 -2 -7 -17 18 -13 -6 -21 -1 23 24 28 26 -26 -28 -23 -30
right_child=1 5 3 -5 19 7 -8 -9 -10 10 11 17 -14 -15 -16 16 -18 -19 -20 20 -22 22 -24 -25 25 -27 27 -29 29 -31
leaf_value=-1.0277082697133416e-05 6.279639264015532e-05 -0.00049695448929003847 0.00020615563636116262 -0.011371485354266559 7.6930200433321386e-05 0.0091065360303910613 -0.041646593503146145 -0.016455612666272833 0.00034191523293984063 0.00023461720180032244 0.00011392004515988711 0.00038612174222578123 -0.00014854128993372907 -0.00017558257127303452 -3.4784390034946992e-06 -0.0013261489589889153 0.0056919140312122309 0.001660780489068886 0.00056613208633850905 -0.0014303513124972703 -0.0012351936972333612 0.016715593579243449 -0.00019823094113310404 0.0052262120182620889 0.0066001167336853465 -0.0048035735804727421 0.0023571591187097952 -0.0050789269487399261 -0.010609281340639787 0.006892327684057043
leaf_weight=48844 94 532 604 184 410 73 48 46 2162 156 132 773 187 40 1902 183 1015 1702 47 414 1419 130 29025 3195 523 1147 476 397 145 842
leaf_count=48844 94 532 604 184 410 73 48 46 2162 156 132 773 187 40 1902 183 1015 1702 47 414 1419 130 29025 3195 523 1147 476 397 145 842
internal_value=-0.000155658 0.000385631 -0.000285218 -0.00277961 -0.00215139 0.0017184 -0.00181034 0.0023067 0.00248325 0.00121697 0.00222723 0.00173354 -0.00336991 -0.000270138 2.50501e-05 0.00446499 0.00388147 0.00237906 0.0047561 -0.0033103 -0.00413257 -0.00023311 8.22185e-05 0.00176149 0.00045082 -0.00075698 0.00189828 -0.00151775 0.00320054 0.00184904
internal_weight=96847 12123 8064 3031 2847 4059 580 3479 3433 5033 2997 2841 319 2036 1996 1271 1198 2522 820 2243 1833 84724 35880 6855 3660 2543 1396 873 1117 987
internal_count=96847 12123 8064 3031 2847 4059 580 3479 3433 5033 2997 2841 319 2036 1996 1271 1198 2522 820 2243 1833 84724 35880 6855 3660 2543 1396 873 1117 987
is_linear=0
shrinkage=0.05


Tree=197
num_leaves=31
num_cat=0
split_feature=10 9 14 11 9 0 0 4 4 11 2 2 10 9 3 8 8 11 0 0 11 0 9 10 9 9 10 9 10 9
split_gain=1.93993 7.92989 1.65405 1.99313 1.45881 1.45394 1.27543 2.09103 2.44422 4.09643 2.23201 1.98217 1.96647 2.5963 1.7389 4.7231 12.0531 5.4822 3.01275 4.87987 3.02765 3.68002 2.65922 2.30971 10.029 5.48969 4.13756 3.3822 3.55804 5.78858
threshold=6.3682407829821726 7.0973673913061956 0.086295104002923687 1.6329516957319232 7.2704360359721107 18.500000000000004 22.500000000000004 1.0000000180025095e-35 5.5000000000000009 0.51305091251275237 15.500000000000002 9.5000000000000018 8.4291586816453528 9.5943132044293247 1.0000000180025095e-35 1.0000000180025095e-35 1.5000000000000002 2.1150661114527134 17.500000000000004 12.500000000000002 1.1460841535482456 15.500000000000002 7.4391979579425511 7.5169598942300491 8.1688229513542439 8.2737830991807133 7.3194233265470983 8.0292358163665423 7.0686326552031762 7.7620243016729598
decision_type=2 2 2 2 2 2 2 2 2 2 2 2 2 2 2 2 2 2 2 2 2 2 2 2 2 2 2 2 2 2
left_child=1 -1 -3 -4 5 -5 14 10 9 11 -8 -9 -10 -14 23 22 17 18 19 -17 21 -21 -16 24 26 -25 27 28 29 -2
right_child=6 2 3 4 -6 -7 7 8 12 -11 -12 -13 13 -15 15 16 -18 -19 -20 20 -22 -23 -24 25 -26 -27 -28 -29 -30 -31
leaf_value=1.9039621075387857e-05 -7.4048110559508332e-06 -9.5006842032063438e-05 -6.0462229864723716e-05 -0.0033102650340699038 -0.01196242201509869 -0.0068695813858794504 -0.0024829154550140191 0.00054734332337285404 -0.00018662571151073851 -0.0010372547182251959 -0.00068107234234120748 0.0001836829082106764 0.0014748861275632236 -0.00042939440758688784 0.00041682050141620254 -1.5195039587463481e-05 5.1350927915541633e-05 -0.0069969992940903895 0.0012661805270995808 -0.0025256595631340307 -0.0058815628903841682 0.0017121133340679108 7.2119712761748418e-05 9.2645178099553827e-05 -7.5589311379153186e-05 -1.8363731229455865e-06 5.4874756297953934e-05 -6.1782925906744016e-05 2.6838648446649539e-05 -9.3330402669438919e-05
leaf_weight=1435 10294 149 328 119 73 40 92 152 2554 154 468 442 74 40 254 5429 13215 935 1485 1035 598 389 8870 2721 3916 26373 4234 1834 6914 2041
leaf_count=1435 10294 149 328 119 73 40 92 152 2554 154 468 442 74 40 254 5429 13215 935 1485 1035 598 389 8870 2721 3916 26373 4234 1834 6914 2041
internal_value=-7.52661e-05 -0.0015625 -0.00588858 -0.00464286 -0.00818966 -0.00550314 -4.15287e-05 -0.000918008 -0.000453747 0.00207219 -0.00375 0.00395623 -0.00116192 0.00526316 -3.03743e-06 0.000291835 -8.87984e-05 -0.0014107 -0.00102954 -0.0014394 -0.0035361 -0.0022823 0.00125493 -0.000165875 -0.000479766 0.000149515 -0.000115535 -0.000401983 -0.000206504 -0.000715444
internal_weight=96657 2144 709 560 232 159 94513 3976 3416 748 560 594 2668 114 90537 32210 23086 9871 8936 7451 2022 1424 9124 58327 29233 29094 25317 21083 19249 12335
internal_count=96657 2144 709 560 232 159 94513 3976 3416 748 560 594 2668 114 90537 32210 23086 9871 8936 7451 2022 1424 9124 58327 29233 29094 25317 21083 19249 12335
is_linear=0
shrinkage=0.05


Tree=198
num_leaves=31
num_cat=0
split_feature=14 12 12 14 0 12 0 12 13 12 6 14 7 1 0 0 11 12 13 9 10 13 12 2 10 9 12 0 14 0
split_gain=2.23304 5.63765 3.31191 6.03517 2.62048 8.92423 4.52151 6.77457 4.03641 6.12708 3.91221 3.50942 3.30765 3.43454 3.29661 3.73905 3.90994 4.03909 4.0108 3.10929 4.93123 2.95479 2.80473 2.80107 3.39545 3.29677 2.79076 7.81445 6.98138 4.62811
threshold=0.88651070079589156 2.2499799031666559 1.1621788815330534 0.73771259894200913 13.500000000000002 0.86731382346897345 16.500000000000004 0.80777029362974762 1.8893055575080797 1.710405393121722 1.0000000180025095e-35 1.2443660819559548 1.0000000180025095e-35 1.5000000000000002 8.5000000000000018 10.500000000000002 1.5940723076925878 2.0853656062197135 1.8739681583590952 7.8673648664628155 7.1537179572798513 0.7116362181649124 2.5788027413837171 8.5000000000000018 7.3903164390418681 8.5708759621347657 1.5260017570108799 14.500000000000002 1.974723118924252 15.500000000000002
decision_type=2 2 2 2 2 2 2 2 2 2 2 2 2 2 2 2 2 2 2 2 2 2 2 2 2 2 2 2 2 2
left_child=1 2 -1 -4 5 -2 7 11 26 -10 12 -6 14 -14 -7 16 17 18 -16 -8 -21 -17 23 24 -22 -25 28 -28 29 -9
right_child=4 -3 3 -5 6 10 19 8 9 -11 -12 -13 13 -15 15 21 -18 -19 -20 20 22 -23 -24 25 -26 -27 27 -29 -30 -31
leaf_value=-1.9618308410935137e-06 -7.1902102045798451e-05 -0.014929014287311089 -0.0027613215008652548 0.00078419608413192736 0.00048181982185454831 0.0063130471549216471 0.00069508725089453274 -0.0015868833473013768 0.0022147028864064168 -0.0016263686460610634 -0.00062828872314077411 0.0041022808057475657 0.021696388516843548 0.0053685376947736618 0.0043910423096757021 -0.0038034378750617551 -0.0035036901228318209 -0.0084466704245774737 -0.0037054061661314698 -0.0016384940762981803 -0.00036879653643693698 0.0020349838935621312 -0.0013313827186980376 0.00024470846619176759 0.0010646887855363385 -0.0006199703336307095 -0.00042358356488467755 -0.0058062383271545448 0.0073626597247963338 0.00059584868567052758
leaf_weight=42004 1647 90 1898 1363 510 899 7294 2242 1393 1906 979 302 145 384 756 157 1239 113 107 599 966 7986 4830 5949 4191 2440 1277 1489 170 1462
leaf_count=42004 1647 90 1898 1363 510 899 7294 2242 1393 1906 979 302 145 384 756 157 1239 113 107 599 966 7986 4830 5949 4191 2440 1277 1489 170 1462
internal_value=-2.04056e-05 -0.000276155 -0.000251298 -0.00178626 0.000205125 0.00077713 -1.75581e-05 -0.000881313 -0.00124006 0.000189451 0.00122405 0.00350985 0.00147633 0.00534026 0.00129475 0.00104267 -0.000778781 0.00158811 0.00275203 0.000335947 -1.31752e-06 0.00153813 0.00014421 0.000513067 0.0014301 -5.06616e-05 -0.0019503 -0.00316341 -0.00108415 -0.00153888
internal_weight=96787 45355 45265 3261 51432 14412 37020 10751 9939 3299 12765 812 11786 529 11257 10358 2215 976 863 26269 18975 8143 18376 13546 5157 8389 6640 2766 3874 3704
internal_count=96787 45355 45265 3261 51432 14412 37020 10751 9939 3299 12765 812 11786 529 11257 10358 2215 976 863 26269 18975 8143 18376 13546 5157 8389 6640 2766 3874 3704
is_linear=0
shrinkage=0.05


Tree=199
num_leaves=31
num_cat=0
split_feature=1 4 11 2 12 9 12 2 4 1 11 4 2 8 11 11 10 12 9 2 13 2 8 1 13 13 12 13 11 0
split_gain=1.47097 2.63482 4.67837 2.17224 1.98967 3.22405 1.72395 3.29952 8.87303 3.72441 3.17248 2.55288 4.02962 3.35129 2.4732 2.39419 2.18988 2.18631 2.01708 1.90153 1.77293 1.77175 2.26612 1.74867 1.71163 2.3421 1.87729 1.68944 1.63927 1.63879
threshold=1.5000000000000002 1.0000000180025095e-35 2.065805809405481 4.5000000000000009 1.8597649084503747 9.0666110948102023 2.3409067331657796 10.500000000000002 4.5000000000000009 5.5000000000000009 2.824739238503386 6.5000000000000009 8.5000000000000018 1.0000000180025095e-35 3.7553789038118102 4.0885047751942709 7.911342502051065 3.373311256205707 8.4516163389667476 28.500000000000004 1.6512694853941763 7.5000000000000009 1.0000000180025095e-35 2.5000000000000004 0.018525315301866001 0.073971540892368334 0.017842891276520469 2.3636632358156966 0.9186211481708767 2.5000000000000004
decision_type=2 2 2 2 2 2 2 2 2 2 2 2 2 2 2 2 2 2 2 2 2 2 2 2 2 2 2 2 2 2
left_child=1 2 -1 4 24 -6 15 8 27 28 16 12 13 -12 17 19 18 -11 -10 -2 21 -13 -23 -18 -3 -26 -27 -8 -9 -21
right_child=6 3 -4 -5 5 -7 7 9 10 14 11 20 -14 -15 -16 -17 23 -19 -20 29 -22 22 -24 -25 25 26 -28 -29 -30 -31
leaf_value=8.6141111182470173e-05 3.5933648924999818e-08 -7.5480082869626176e-05 0.034473454345095036 8.7149341066879517e-06 -0.0076198435327430982 0.01601086249926471 -0.0064128172161384452 -0.0093515423271618332 -0.0046878265657680608 0.005155255367852541 -0.012570880067846991 -0.0029111166584295358 0.0014811857224271254 -0.00089768377750537587 0.00015612403445370849 -0.005161992995431958 0.014771708868030553 0.024691584269797964 -0.013466732488590628 -6.8679044539646762e-05 0.0065271084720083033 0.011413136280539261 -0.00063967391472785629 -0.0010140264441296676 0.0001177403403973142 0.0001059173732876402 -4.0448427415132153e-05 -0.012006346940401969 -0.00064097045092170735 -5.8603601615501992e-05
leaf_weight=2000 54472 166 305 22995 738 43 727 156 1680 692 231 459 493 246 767 125 69 138 151 569 951 73 98 369 189 45 1136 103 3449 3042
leaf_count=2000 54472 166 305 22995 738 43 727 156 1680 692 231 459 493 246 767 125 69 138 151 569 951 73 98 369 189 45 1136 103 3449 3042
internal_value=-7.21475e-05 0.000236268 0.00185466 8.88906e-05 -0.00137031 -0.0034251 -0.000195482 -0.000774051 -0.00161062 0.000134564 -0.000788382 0.000421403 -0.00159794 -0.00487421 0.00214465 -8.76168e-05 -0.00214852 0.00403614 -0.00290825 -7.27407e-05 0.00166034 -0.000396825 0.00394737 0.0010274 -0.000325521 0.000255474 -0.00057155 -0.00638554 -0.000755895 -0.00118388
internal_weight=96677 27617 2305 25312 2317 781 69060 10852 5650 5202 4820 2551 970 477 1597 58208 2269 830 1831 58083 1581 630 171 438 1536 1370 1181 830 3605 3611
internal_count=96677 27617 2305 25312 2317 781 69060 10852 5650 5202 4820 2551 970 477 1597 58208 2269 830 1831 58083 1581 630 171 438 1536 1370 1181 830 3605 3611
is_linear=0
shrinkage=0.05


Tree=200
num_leaves=31
num_cat=0
split_feature=0 12 14 12 0 14 12 8 12 0 1 12 0 12 12 13 1 8 12 14 12 0 12 12 8 14 11 12 8 7
split_gain=2.14146 4.48202 3.34081 3.39417 9.75309 4.98852 4.4125 3.09999 4.68336 5.0189 3.94224 3.65674 2.8965 4.65425 3.86184 2.85329 2.82259 2.55111 6.02947 3.2364 2.44568 3.11449 4.84588 3.33849 4.0239 3.32434 3.26685 2.9581 2.82705 3.19778
threshold=20.500000000000004 2.0853656062197135 0.61344849924216194 0.24533744914098818 22.500000000000004 1.0683955935720295 0.3066224417723053 1.0000000180025095e-35 1.4946896374400966 22.500000000000004 4.5000000000000009 0.44608220339315774 21.500000000000004 0.88633335334409069 0.58990850474134804 2.5731981536595332 5.5000000000000009 2.5000000000000004 0.92440733752962223 1.5915062091090195 0.3066224417723053 21.500000000000004 0.48938776846765614 0.55415891551107666 3.5000000000000004 1.3506517479241213 0.43839986880256293 0.34771450359961475 3.5000000000000004 1.0000000180025095e-35
decision_type=2 2 2 2 2 2 2 2 2 2 2 2 2 2 2 2 2 2 2 2 2 2 2 2 2 2 2 2 2 2
left_child=-1 2 -2 4 -4 6 -5 8 9 11 -11 -7 13 -13 16 -3 -14 -9 20 -20 -19 22 -22 24 25 27 -24 -23 29 -28
right_child=1 15 3 5 -6 7 -8 17 -10 10 -12 12 14 -15 -16 -17 -18 18 19 -21 21 23 26 -25 -26 -27 28 -29 -30 -31
leaf_value=5.6963600445509436e-07 -0.00032694933907309186 -0.010008743079140648 0.0018530560869083432 -0.00012069002115103756 4.3705642845798256e-05 0.00095865310265699365 -0.0021523011224170692 0.00066494143656175013 -0.0082460030791104647 -0.0014382322537225317 2.4387434445220096e-05 0.014202058192231016 -0.00058346435441839763 -0.00019261196528412295 -0.0029692694990969036 0.001124683037832519 0.0036646905874396008 0.00053506618152956401 -0.0087224340970553874 -0.0037957489673693199 0.0052722816277105964 -0.00068137819917892667 0.0019018553001638183 -0.0027189795866191541 0.00070145266967587972 0.00032700623305253476 -0.001155563276329885 -0.0031353916772453084 0.0020592138535267925 0.0032883963476201456
leaf_weight=84847 694 273 184 352 1881 348 263 3238 279 202 100 74 475 765 261 86 65 214 87 294 66 106 147 118 371 99 605 135 231 40
leaf_count=84847 694 273 184 352 1881 348 263 3238 279 202 100 74 475 765 261 86 65 214 87 294 66 106 147 118 371 99 605 135 231 40
internal_value=-7.12074e-05 -0.000694848 -0.000525911 -0.000313636 0.00151332 -0.00073587 -0.0050813 -0.000414663 -0.0018587 -0.00111354 -0.00711921 -0.000201207 -0.00118902 0.000864124 -0.00333958 -0.00619777 -0.000925926 0.000230395 -0.000964982 -0.00675853 7.03565e-05 -0.000495308 0.00126263 -0.00280458 -0.00151195 -0.00544118 0.000415445 -0.00860996 -0.000742009 -0.00244186
internal_weight=96900 12053 11694 11000 2065 8935 615 8320 2569 2290 302 1988 1640 839 801 359 540 5751 2513 381 2132 1918 1089 829 711 340 1023 241 876 645
internal_count=96900 12053 11694 11000 2065 8935 615 8320 2569 2290 302 1988 1640 839 801 359 540 5751 2513 381 2132 1918 1089 829 711 340 1023 241 876 645
is_linear=0
shrinkage=0.05


Tree=201
num_leaves=31
num_cat=0
split_feature=8 14 12 12 14 13 14 14 14 8 3 12 8 12 12 12 2 4 8 12 12 2 12 14 14 8 14 12 14 1
split_gain=1.65069 3.18198 4.75623 3.61674 3.5 3.11197 3.05457 2.73252 2.81268 2.62936 5.03494 3.57222 3.06312 4.43856 5.06288 3.44758 2.91583 4.62699 9.26359 8.11411 5.8898 3.91847 3.57286 3.54995 3.48728 6.13212 3.19301 2.90531 5.5689 2.888
threshold=3.5000000000000004 0.081845263849881819 1.2416670953716158 0.27153305017447688 0.25236997910659409 0.36836516127008967 0.057891262204215345 0.61344849924216194 2.4906633606924822 2.5000000000000004 1.0000000180025095e-35 0.43231017910896119 1.5000000000000002 2.7771242299877339 3.3051653086412491 0.020744651813237997 7.5000000000000009 7.5000000000000009 1.0000000180025095e-35 3.5351141344718853 3.373311256205707 5.5000000000000009 1.8098776341711413 1.303461280669326 0.07579886385575714 1.0000000180025095e-35 1.3952280761848197 0.34771450359961475 0.23707954617091323 5.5000000000000009
decision_type=2 2 2 2 2 2 2 2 2 2 2 2 2 2 2 2 2 2 2 2 2 2 2 2 2 2 2 2 2 2
left_child=9 6 3 4 -3 -5 -2 -4 -9 12 -11 -12 16 15 -15 -14 17 19 -19 24 21 22 23 27 -1 -26 -24 -20 -29 -18
right_child=1 2 7 5 -6 -7 -8 8 -10 10 11 -13 13 14 -16 -17 29 18 20 -21 -22 -23 26 -25 25 -27 -28 28 -30 -31
leaf_value=2.2896975870824628e-05 3.1734714365679476e-05 -1.5187951970789797e-05 -0.004513269811075327 0.0014850846359965838 4.4940351870310666e-05 -0.00070782377419676692 0.00027085985247910009 0.0015516639099553949 -0.013613341418020831 -3.6326596029309482e-05 -1.978557233129159e-05 0.0013444025122929526 6.1309417947978152e-05 0.016274883402960617 0.0021575214313709402 2.3360348290165855e-06 -2.4211290285001444e-06 5.4992022249544978e-05 -9.1813968502345647e-06 -0.019691267976013917 -0.020779498128064833 3.7168375247170156e-05 -0.0080411578457948215 0.00077895147672597538 -0.0002722698668010816 -2.6035107045868992e-05 -0.0038962289263053231 -0.0029283352296996402 -0.0019704432669036156 4.7429217056129631e-05
leaf_weight=417 1406 900 113 184 1620 3068 100 4622 41 15573 3652 4961 397 230 368 3000 32238 7886 2146 122 77 1359 433 1308 945 1206 958 144 1831 5382
leaf_count=417 1406 900 113 184 1620 3068 100 4622 41 15573 3652 4961 397 230 368 3000 32238 7886 2146 122 77 1359 433 1308 945 1206 958 144 1831 5382
internal_value=-0.000140919 0.000406504 9.95449e-05 -0.000866251 0.000555556 -0.00196802 0.00255644 0.00126675 0.00145293 -0.000218886 -0.000659472 0.000310577 -4.25993e-05 0.00129537 0.00526756 0.000596114 -0.000137285 -0.000645178 -0.000325239 -0.00256506 -0.00149588 -0.0013663 -0.00185484 -0.00127556 -0.00196651 -0.00277778 -0.00411574 -0.00199587 -0.00337975 0.000116959
internal_weight=96687 12054 10548 5772 2520 3252 1506 4776 4663 84633 24186 8613 60447 3995 598 3397 56452 18832 16142 2690 8256 8179 6820 5429 2568 2151 1391 4121 1975 37620
internal_count=96687 12054 10548 5772 2520 3252 1506 4776 4663 84633 24186 8613 60447 3995 598 3397 56452 18832 16142 2690 8256 8179 6820 5429 2568 2151 1391 4121 1975 37620
is_linear=0
shrinkage=0.05


Tree=202
num_leaves=31
num_cat=0
split_feature=11 7 14 6 11 0 10 9 10 14 1 12 11 12 14 8 12 4 12 12 12 12 12 8 13 13 12 12 12 11
split_gain=2.17987 1.8181 2.55945 2.05828 2.62257 1.89856 1.84437 2.76785 1.75419 1.73159 1.60379 3.02429 5.28196 4.9438 2.87279 3.87795 3.23285 2.75317 3.45556 2.57134 2.14174 2.44313 2.24632 1.96212 1.91192 2.01228 1.98047 1.99742 1.92633 1.89353
threshold=7.701608116388571 1.0000000180025095e-35 0.024121603797408502 1.0000000180025095e-35 1.9929367320107787 4.5000000000000009 6.3373233947321248 7.2418098744684842 7.6254629119285644 0.017379201385000476 5.5000000000000009 0.19513604225284981 1.3497287473936999 0.03057491011296894 1.5538181032107765 1.5000000000000002 1.8423115137213653 2.5000000000000004 3.5351141344718853 3.2481109671717454 0.6091033743276294 0.92440733752962223 0.76537315468129263 1.5000000000000002 1.0981430099910972 1.1716768627872554 0.3066224417723053 0.47513863528590267 0.76537315468129263 0.51305091251275237
decision_type=2 2 2 2 2 2 2 2 2 2 2 2 2 2 2 2 2 2 2 2 2 2 2 2 2 2 2 2 2 2
left_child=1 6 5 -4 -5 -3 7 9 -2 -1 -8 13 14 -12 24 16 20 18 -14 -19 -16 22 -22 -15 -13 28 -27 -28 -26 -29
right_child=8 2 3 4 -6 -7 10 -9 -10 -11 11 12 17 23 15 -17 -18 19 -20 -21 21 -23 -24 -25 25 26 27 29 -30 -31
leaf_value=1.9971782882469494e-05 -0.0069141042327114828 -3.5331116109490505e-06 0.00017663838313625708 6.8447677212386473e-05 -0.0042121057083539691 -0.00014455421046597977 -3.91618285711156e-06 -0.0002278903903008689 0.00083123414512411566 -5.5180809014947729e-05 6.9163421433753036e-06 -0.0002894683083974472 0.0067674976656780794 0.00020319413961932692 0.0028050929143110664 -0.0049693601567238014 -0.014493087741395128 0.0011307504464867779 0.077045844497030655 -0.0025820911286677851 -0.00098330004567593341 0.00064846861317988677 -0.0075067202184974178 0.00011075914544635144 0.00079418179830437197 0.0011122676162694841 -0.0021816816313496054 0.0026080477172494899 0.016668835224520451 -0.00044827107932860215
leaf_weight=57 237 228 2835 105 114 123 78667 180 132 819 2934 2156 577 625 103 343 75 3858 83 890 87 253 42 423 45 109 89 47 53 420
leaf_count=57 237 228 2835 105 114 123 78667 180 132 819 2934 2156 577 625 103 343 75 3858 83 890 87 253 42 423 45 109 89 47 53 420
internal_value=-2.61093e-05 -1.14179e-05 0.00112335 0.00158808 -0.00308219 -0.00292023 -5.2994e-05 -0.00213068 -0.00386179 -0.00097032 -2.91144e-05 0.000480624 -1.62514e-05 0.00163235 -0.00143904 -0.00390365 -0.00133929 0.000989275 0.00401515 0.00056866 0.000154639 -0.00157068 -0.00717054 0.00458015 -0.000676602 0.00147444 0.000488722 -0.000719424 0.00816327 0.000588865
internal_weight=96709 96340 3405 3054 219 351 92935 1056 369 876 91879 13212 9230 3982 3822 903 560 5408 660 4748 485 382 129 1048 2919 763 665 556 98 467
internal_count=96709 96340 3405 3054 219 351 92935 1056 369 876 91879 13212 9230 3982 3822 903 560 5408 660 4748 485 382 129 1048 2919 763 665 556 98 467
is_linear=0
shrinkage=0.05


Tree=203
num_leaves=31
num_cat=0
split_feature=10 9 13 2 10 9 14 11 14 14 10 9 8 10 10 2 13 11 11 11 3 4 8 4 3 12 14 1 11 13
split_gain=2.14065 5.2409 1.82209 1.92474 1.45561 4.42971 1.53815 1.95689 1.40318 1.33715 2.35984 3.14841 2.71088 2.08517 1.7364 1.97414 1.71491 1.64826 1.86069 1.63628 1.97453 1.60456 1.60335 3.7137 6.00086 8.04364 5.96124 4.75638 3.82819 3.70065
threshold=8.4131974785675343 9.1540300871694633 2.0602742580323112 4.5000000000000009 6.426167514574435 7.1630773463029307 0.086295104002923687 1.575826340680816 0.047163662417578141 2.4252354490724621 8.0533306444494901 8.5408344280729604 3.5000000000000004 7.7653770503639832 7.729386303252606 1.5000000000000002 1.8455262928542358 6.0039328887988752 2.3038583728215074 6.0039328887988752 1.0000000180025095e-35 1.0000000180025095e-35 1.0000000180025095e-35 1.0000000180025095e-35 1.0000000180025095e-35 0.19513604225284981 0.79185215920177832 5.5000000000000009 0.80747147779981054 0.8763749999003746
decision_type=2 2 2 2 2 2 2 2 2 2 2 2 2 2 2 2 2 2 2 2 2 2 2 2 2 2 2 2 2 2
left_child=1 4 -2 -4 5 -1 8 -8 -7 19 11 12 13 14 15 -11 -12 18 -13 22 -21 -17 23 -6 25 27 29 -25 -26 -27
right_child=2 -3 3 -5 9 6 7 -9 -10 10 16 17 -14 -15 -16 21 -18 -19 -20 20 -22 -23 -24 24 28 26 -28 -29 -30 -31
leaf_value=-4.6635801671999356e-06 2.2246493680342513e-05 -0.0001185882848469913 0.008700725103041252 0.0012788677080170898 0.00018600346656196757 -3.9963192110984154e-05 -2.549147662062397e-05 -0.0068985660980904534 -0.00047030132842909025 0.024137236511138728 -0.0055967889870263748 -0.00041950397989803934 -0.0086084241686454101 0.016866297189552782 -0.0055158088112341247 0.015047397724451673 0.0056955284071183001 0.0032326354167002639 -0.0079500526604659224 -0.0047246766613278758 0.017857084174353766 0.00031500057998546939 -7.8508502376328618e-06 3.2149871697367481e-06 8.9445967566595917e-06 -0.00068754362174933701 -0.00048168924598611666 5.191325463432435e-05 0.0048922281715354961 -0.0073912753521269527
leaf_weight=2291 3651 711 82 369 3556 88 301 203 64 68 56 105 54 48 69 269 516 44 162 639 63 2100 61531 4402 5528 1425 4719 589 3053 43
leaf_count=2291 3651 711 82 369 3556 88 301 203 64 68 56 105 54 48 69 269 516 44 162 639 63 2100 61531 4402 5528 1425 4719 589 3053 43
internal_value=-6.94739e-05 -0.000118936 0.00104827 0.00404656 -8.58826e-05 -0.00117917 -0.00480183 -0.00347222 -0.00921053 -4.96973e-05 0.000909482 0.000334018 0.000901074 0.00113547 0.000937749 0.00115921 0.00384615 -0.00442122 -0.00589888 -8.8839e-05 -0.00249288 0.000918109 -6.89484e-05 0.000284152 1.64482e-05 -0.000747003 -0.00195167 0.000746343 0.00101095 -0.00473433
internal_weight=96799 92697 4102 451 91986 2947 656 504 152 89039 3491 2919 2608 2554 2506 2437 572 311 267 85548 702 2369 84846 23315 19759 11178 6187 4991 8581 1468
internal_count=96799 92697 4102 451 91986 2947 656 504 152 89039 3491 2919 2608 2554 2506 2437 572 311 267 85548 702 2369 84846 23315 19759 11178 6187 4991 8581 1468
is_linear=0
shrinkage=0.05


Tree=204
num_leaves=31
num_cat=0
split_feature=14 10 9 13 9 9 12 13 12 1 11 12 12 11 12 11 11 2 13 12 11 8 3 14 14 7 12 11 11 8
split_gain=1.67702 1.32642 5.41962 1.69402 1.80686 1.52131 1.47941 2.34119 1.68329 2.39369 1.94931 1.73898 1.94536 1.43835 3.49112 2.22212 3.0524 1.98441 2.05877 2.61911 1.83221 1.41006 2.64525 2.31267 4.95128 2.45889 2.70124 4.74908 3.38897 3.23216
threshold=2.620276331773133 8.4131974785675343 9.1361126510114428 2.0602742580323112 9.7521139875829608 9.6408392176726938 2.9079687597149522 1.6155169693056084 2.4092921713649753 4.5000000000000009 2.58994535021841 2.6581073991100173 2.7771242299877339 0.52921889025971625 0.90547479096102712 0.34008232953560641 0.24560590960793319 23.500000000000004 0.079077928681721546 0.02549002247696816 1.2949752172760902 2.5000000000000004 1.0000000180025095e-35 1.4797050175418609 1.4326904105520948 1.0000000180025095e-35 1.6093500536482601 1.6532454442056228 1.1117419506711426 3.5000000000000004
decision_type=2 2 2 2 2 2 2 2 2 2 2 2 2 2 2 2 2 2 2 2 2 2 2 2 2 2 2 2 2 2
left_child=1 2 21 4 5 6 8 -8 10 11 -3 -10 -13 15 -15 16 17 18 -4 -20 -16 -1 23 24 -23 26 28 -28 -25 -29
right_child=-2 3 13 -5 -6 -7 7 -9 9 -11 -12 12 -14 14 20 -17 -18 -19 19 -21 -22 22 -24 25 -26 -27 27 29 -30 -31
leaf_value=3.1625173634719856e-06 0.0022307569787011873 1.2059049339197296e-05 -3.5547914215607999e-05 0.0026647424058888758 -7.3606762341986955e-05 0.00014960750611814415 -0.012381972612321147 0.0082502759803041222 0.015447434611667267 0.01865795238941903 -0.0054684439247870038 -0.011083942031949935 0.010056586010160308 -0.002364904938430112 0.0022177292989132096 0.00042658768007683217 -0.00083246516735935132 -7.5038138289045344e-05 -4.0985325642483927e-05 0.00020499653504457566 -0.0032239222762898757 -9.8814174600593552e-06 1.3034334742068402e-05 -0.0010479283531783761 0.0021830438637166385 0.00089553981570551506 -0.0070595924826690418 -0.0024887949390166812 0.00052244530279553232 0.00068585131529544374
leaf_weight=56724 1919 2698 135 407 123 371 81 55 82 51 112 51 47 68 46 57 46 91 65 78 402 13585 11954 895 421 793 550 2564 1416 961
leaf_count=56724 1919 2698 135 407 123 371 81 55 82 51 112 51 47 68 46 57 46 91 65 78 402 13585 11954 895 421 793 550 2564 1416 961
internal_value=-4.33669e-05 -7.29493e-05 -0.000112547 0.00080922 0.000469899 0.000676437 0.000322631 -0.00477941 0.000550806 0.00465368 0.000213523 0.00194444 -0.00255102 -0.00379555 -0.00562016 -0.00180085 -0.00307229 -0.00155827 0.000539568 0.00472028 -0.00401786 -7.20541e-05 -0.000331181 -0.000666745 -0.000292732 -0.00139643 -0.00172252 -0.00249693 -0.000356988 -0.0018227
internal_weight=96848 94929 90851 4078 3671 3548 3177 136 3041 231 2810 180 98 988 516 472 415 369 278 143 448 89863 33139 21185 14006 7179 6386 4075 2311 3525
internal_count=96848 94929 90851 4078 3671 3548 3177 136 3041 231 2810 180 98 988 516 472 415 369 278 143 448 89863 33139 21185 14006 7179 6386 4075 2311 3525
is_linear=0
shrinkage=0.05


Tree=205
num_leaves=31
num_cat=0
split_feature=2 1 12 12 12 14 11 8 12 11 10 13 12 11 10 9 13 13 9 14 9 13 11 13 13 13 7 3 11 2
split_gain=1.95477 12.2008 4.9963 2.99975 2.7136 2.91206 2.63844 2.08394 4.24301 1.94674 1.92901 1.79732 2.17734 3.36596 1.72542 2.61607 1.60435 1.57493 1.56965 1.53439 1.53225 1.43704 1.41204 1.9384 3.17475 1.96345 1.56604 2.11398 3.12592 2.89005
threshold=2.5000000000000004 3.5000000000000004 3.373311256205707 1.2571163216650165 0.94265681857819605 1.3419024302228508 1.0955670715704928 1.5000000000000002 0.017656385088529385 1.8996832512456356 7.7216204385013976 2.1871460770382147 3.5351141344718853 2.0901471651269086 7.7864920752978506 8.0436098002248517 2.723978302359801 0.019618491168703494 7.4269095197394899 2.194209813763786 7.2884297466996788 1.9198075311275253 0.008869493422509889 0.017119777868013202 0.018525315301866001 0.016668486383877724 1.0000000180025095e-35 1.0000000180025095e-35 1.4524321949659302 20.500000000000004
decision_type=2 2 2 2 2 2 2 2 2 2 2 2 2 2 2 2 2 2 2 2 2 2 2 2 2 2 2 2 2 2
left_child=1 3 4 7 -3 14 10 17 -9 20 -5 21 13 -13 15 -6 19 -1 -10 -15 -8 -11 -2 25 -25 -24 -26 29 -29 -28
right_child=22 2 -4 6 5 -7 9 8 18 11 -12 12 -14 16 -16 -17 -18 -19 -20 -21 -22 -23 23 24 26 -27 27 28 -30 -31
leaf_value=-2.8050737560664752e-05 -1.7725096574501553e-05 -2.9915303424325488e-05 -0.0229404439690893 0.012595132811537313 -0.0033124356552666104 -0.0039030564579465299 -0.0064518997469946056 8.7761680079392028e-05 8.8873016132303299e-05 0.0065184541908819733 0.00088466126292132687 0.0074239419917792038 0.024771678746143035 -0.0065746892237974587 -0.0020788774870754202 -0.0088012767785458756 0.0014888793127276756 6.5303222016955758e-05 -0.00012890311704918183 -0.015705944222467329 0.0014175902348868064 0.021133011098457524 7.7964928310238386e-06 -2.7424362765061592e-05 -1.3511344946553431e-06 4.8515696663871487e-05 0.00011924331046599488 1.6802515606203704e-05 0.017644888565802663 -8.4277244688796968e-05
leaf_weight=235 1387 2474 160 108 314 1112 53 142 98 525 54 48 114 60 202 361 69 1352 849 46 784 128 5030 1003 76974 330 1633 441 334 539
leaf_count=235 1387 2474 160 108 314 1112 53 142 98 525 54 48 114 60 202 361 69 1352 849 46 784 128 5030 1003 76974 330 1633 441 334 539
internal_value=-5.85299e-05 -0.000748277 -0.00256868 0.00105573 -0.00225745 -0.00363248 0.0025264 -3.73692e-05 -0.00172176 0.00198413 0.00864198 0.00348485 0.000519288 -0.00235426 -0.00578677 -0.007 -0.00557143 0.00111846 -0.00293031 -0.00943396 0.00020908 0.00501531 1.4543e-05 3.99842e-05 -2.10074e-05 0.000960821 1.40764e-05 0.00114523 0.0033871 0.000345304
internal_weight=96959 9288 4623 4665 4463 1989 1989 2676 1089 1827 162 990 337 223 877 675 175 1587 947 106 837 653 87671 86284 80924 5360 79921 2947 775 2172
internal_count=96959 9288 4623 4665 4463 1989 1989 2676 1089 1827 162 990 337 223 877 675 175 1587 947 106 837 653 87671 86284 80924 5360 79921 2947 775 2172
is_linear=0
shrinkage=0.05


Tree=206
num_leaves=31
num_cat=0
split_feature=11 9 10 9 1 8 14 14 1 12 10 12 14 12 12 11 8 4 8 14 0 0 12 12 14 0 12 14 12 14
split_gain=1.99994 1.64291 3.66959 2.19113 2.15862 1.81354 2.59916 2.50223 1.64715 1.59237 1.53064 1.46826 2.34082 2.1681 1.36845 1.43943 1.34293 1.32037 1.27815 3.44393 4.48931 7.60631 8.76162 5.64583 4.21818 3.76504 2.72606 2.61783 2.68607 2.61654
threshold=0.008869493422509889 7.0608597345663666 6.3682407829821726 7.0973673913061956 4.5000000000000009 2.5000000000000004 1.5267596359297346 1.7671860279067906 1.5000000000000002 0.026997949692522578 6.1922558320835002 2.2314396735834108 0.11930858671163726 0.020744651813237997 2.3181706551236823 2.0165737572659705 3.5000000000000004 7.5000000000000009 3.5000000000000004 0.079833095026609027 15.500000000000002 9.5000000000000018 1.3511854668059446 0.27153305017447688 0.25236997910659409 18.500000000000004 0.20017889409664549 0.49973006638848472 0.37712232498372095 0.047163662417578141
decision_type=2 2 2 2 2 2 2 2 2 2 2 2 2 2 2 2 2 2 2 2 2 2 2 2 2 2 2 2 2 2
left_child=9 4 3 14 5 7 8 -2 10 16 -7 12 13 -5 15 -3 -1 -13 -4 29 21 24 23 -23 -21 -22 -27 -25 -29 -20
right_child=1 2 18 11 -6 6 -8 -9 -10 -11 -12 17 -14 -15 -16 -17 -18 -19 19 20 25 22 -24 27 -26 26 -28 28 -30 -31
leaf_value=-3.2417158575946507e-05 4.1304782767385974e-05 2.6634918894487271e-05 -3.0004535996914531e-06 -2.1214317938943575e-05 0.00025741347911107201 0.00011792807627918406 -0.0045190596126753416 0.010463993085620205 -4.0401493877809724e-05 3.8125224687402329e-05 3.8971873686875251e-05 -0.017329695390470568 -5.7137411379603117e-05 -0.00017675526492936014 0.0079478159274744171 -0.0096868047471661087 3.111796872197464e-05 -0.010147218100492886 2.8228632164872294e-05 -1.6237765574376443e-05 0.0039039597113454008 0.00031532462695311255 -0.0080980873522705898 0.00025675254157693923 9.4271918953434648e-05 0.0008320280647620776 -7.3062729608436302e-05 -0.0012561158236621369 -0.0010400092197955346 0.00030848400656050679
leaf_weight=1361 319 241 81038 64 322 80 216 95 222 63 92 49 356 114 52 52 130 96 1174 834 1526 602 310 410 2573 137 2375 386 1269 320
leaf_count=1361 319 241 81038 64 322 80 216 95 222 63 92 49 356 114 52 52 130 96 1174 834 1526 602 310 410 2573 137 2375 386 1269 320
internal_value=-5.4708e-05 -2.57018e-05 -5.05437e-05 -0.00302734 0.00170877 0.000585938 -0.00114754 0.0031401 0.00126904 -0.00183398 0.00494186 -0.00467599 -0.00346442 -0.00814607 0.000217391 -0.00110922 -0.00216298 -0.00913793 -1.77507e-05 0.00046576 0.000143926 -0.000681391 -0.00252771 -0.00160292 0.000931905 0.00144874 0.000258758 -0.00284504 -0.00373112 0.00271084
internal_weight=96878 95324 93978 1024 1346 1024 610 414 394 1554 172 679 534 178 345 293 1491 145 92954 11916 10422 6384 2977 2667 3407 4038 2512 2065 1655 1494
internal_count=96878 95324 93978 1024 1346 1024 610 414 394 1554 172 679 534 178 345 293 1491 145 92954 11916 10422 6384 2977 2667 3407 4038 2512 2065 1655 1494
is_linear=0
shrinkage=0.05


Tree=207
num_leaves=31
num_cat=0
split_feature=10 9 0 11 10 9 10 10 9 10 10 11 7 2 14 9 10 10 13 14 14 13 9 9 2 11 10 9 9 13
split_gain=1.43221 5.34989 1.94573 2.41061 2.09634 4.12763 2.38016 2.12419 2.83478 5.58668 5.10058 2.7646 2.23469 2.67553 2.98206 2.18793 8.54588 3.3959 3.1776 2.90107 3.17581 3.13183 2.25645 2.1409 2.57968 2.6343 2.33233 4.95005 2.39177 2.57289
threshold=8.3454429594489259 9.0234856047750949 22.500000000000004 0.99909786633030162 8.0533306444494901 8.7444415897064776 8.0710839041591047 7.911342502051065 8.3969375697215529 7.6355453444668893 7.535697024692495 3.2960653510033371 1.0000000180025095e-35 28.500000000000004 1.9871049998731232 8.1228533973262191 7.4204104677597646 7.3326074224938536 0.019053850212667787 0.58731392421636974 0.72009244182909959 0.017541297872026327 8.2511829124804308 8.0436098002248517 17.500000000000004 0.34008232953560641 7.10615046080403 7.8396486500113927 7.8035243568208967 1.9531716102906469
decision_type=2 2 2 2 2 2 2 2 2 2 2 2 2 2 2 2 2 2 2 2 2 2 2 2 2 2 2 2 2 2
left_child=1 2 4 -4 5 7 -6 8 9 15 11 -10 13 -11 -15 17 22 18 -1 21 -21 -19 -17 26 25 -25 27 -20 29 -28
right_child=-2 -3 3 -5 6 -7 -8 -9 10 12 -12 -13 -14 14 -16 16 -18 19 23 20 -22 -23 -24 24 -26 -27 28 -29 -30 -31
leaf_value=-1.5368717128328358e-05 2.6768992542771949e-05 -7.1068651969875742e-05 -0.00011224154435326013 -0.003329185168779092 0.00020172725730199854 -7.5169425748087851e-05 2.7225021896615764e-05 0.00010970824833290662 -9.0155170947992666e-05 6.951892835101521e-05 -1.6154001119323379e-05 -0.010840242660720213 0.00056684825384973366 -0.00010662987150777473 0.01303279827982955 -5.679694232458188e-05 4.084591817243074e-06 4.9414379260229875e-05 5.4468251240767998e-06 0.001531714121996241 0.0013339122697798413 -2.3153648122350903e-05 -0.00010715459835185489 1.247020631521996e-05 1.7865508676958264e-05 -0.0032491778610591162 0.0002220293856683875 -9.0323899960936512e-05 3.2984820362368668e-05 -0.0033019047829864535
leaf_weight=3013 6195 2395 3579 99 765 1240 6161 1190 434 4998 11909 88 193 602 100 2907 12950 355 19201 172 2672 1819 1087 210 626 479 931 1338 8733 154
leaf_count=3013 6195 2395 3579 99 765 1240 6161 1190 434 4998 11909 88 193 602 100 2907 12950 355 19201 172 2672 1819 1087 210 626 479 931 1338 8733 154
internal_value=-2.92458e-05 -7.9646e-05 -1.61923e-05 -0.00114192 3.29076e-05 -4.16661e-05 0.000866301 4.92378e-06 -2.83443e-05 0.00010873 -0.000717963 -0.00555556 0.0015739 0.00139474 -0.00149573 -4.36916e-05 -0.000519358 0.000159308 -1.65778e-05 0.00137505 0.00242616 0 -0.00254131 0.000131031 -0.00184411 -0.00395501 0.000216589 -8.6421e-05 0.000850479 0.00306452
internal_weight=96595 90400 88005 3678 84327 77401 6926 76161 74971 62540 12431 522 5893 5700 702 56647 16944 39703 34685 5018 2844 2174 3994 31672 1315 689 30357 20539 9818 1085
internal_count=96595 90400 88005 3678 84327 77401 6926 76161 74971 62540 12431 522 5893 5700 702 56647 16944 39703 34685 5018 2844 2174 3994 31672 1315 689 30357 20539 9818 1085
is_linear=0
shrinkage=0.05


Tree=208
num_leaves=31
num_cat=0
split_feature=0 12 4 4 12 11 8 12 2 11 2 12 2 14 12 14 4 10 14 3 12 9 9 13 8 0 12 13 8 8
split_gain=2.48989 4.09995 2.66574 4.0544 2.94353 5.23942 3.07592 2.86636 2.82002 2.80364 2.4692 2.37107 2.20944 2.00842 1.9675 1.98331 1.91829 2.27204 1.90439 1.87872 3.69615 1.95447 1.73171 1.7055 1.62865 1.47858 4.79321 8.04305 5.67751 7.05464
threshold=22.500000000000004 0.7028859636005369 1.0000000180025095e-35 4.5000000000000009 0.41821408167091356 0.52921889025971625 3.5000000000000004 0.18962242370120233 21.500000000000004 0.2793347194160965 26.500000000000004 0.21195280718300627 15.500000000000002 0.6266988368345684 0.18962242370120233 1.294277290714531 8.5000000000000018 7.7351829047320795 0.84841971260772153 1.0000000180025095e-35 0.52066231261145879 8.0405943742157699 8.1529538406859938 1.1499938111449854 2.5000000000000004 17.500000000000004 0.2941640170233652 0.55702142518215469 1.5000000000000002 3.5000000000000004
decision_type=2 2 2 2 2 2 2 2 2 2 2 2 2 2 2 2 2 2 2 2 2 2 2 2 2 2 2 2 2 2
left_child=25 2 12 7 5 6 8 -4 13 23 11 -8 -2 -5 24 18 -3 -18 -16 20 -6 -21 -20 -10 -15 -1 27 -27 -28 -30
right_child=1 16 3 4 19 -7 10 -9 9 -11 -12 -13 -14 14 15 -17 17 -19 22 21 -22 -23 -24 -25 -26 26 28 -29 29 -31
leaf_value=-2.8543094933212999e-06 -0.0020330392811408029 -0.0056368255447467631 0.0005512438714543839 -0.00069345009833637514 0.003190667539381041 -0.0023106280959435755 0.0010159830333285492 8.3358934450849392e-05 -1.3830179099473192e-05 0.00065693224260099316 -0.00066054518145998377 3.9158151872186607e-05 -0.00070392355017575301 0.00035808400195692095 -0.001235987012815773 -0.0010661435346466916 -0.0030904169477308841 0.00069835667613497583 0.00056468922717033414 -0.002286650621654182 0.00042780493436005986 0.00042648945848941804 -0.00039205157146266422 -0.00039557975209229411 -0.0002408964798401886 -0.00024587831322755299 0.00073204021402546596 0.0011252614882046896 -0.0011338546612532975 0.00091486424906879753
leaf_weight=72625 96 90 172 182 72 50 113 352 304 171 72 160 469 160 55 166 103 53 114 96 240 238 150 91 261 352 11692 594 4903 2495
leaf_count=72625 96 90 172 182 72 50 113 352 304 171 72 160 469 160 55 166 103 53 114 96 240 238 150 91 261 352 11692 594 4903 2495
internal_value=-4.8867e-05 -0.00126551 -0.000858879 -0.000302889 -0.00108534 -0.00201318 -0.00161331 0.00372137 -0.00250907 0.000353357 0.00268116 0.00485348 -0.00402655 -0.00399816 -0.00303532 -0.00520619 -0.00752033 -0.00416667 -0.00289969 0.00185759 0.00464744 -0.000748503 -0.00113636 -0.00196203 -0.000534442 4.04701e-06 0.000384308 0.00385835 0.000212153 -0.000871857
internal_weight=96691 4030 3784 3219 2695 2049 1999 524 1654 566 345 273 565 1088 906 485 246 156 319 646 312 334 264 395 421 92661 20036 946 19090 7398
internal_count=96691 4030 3784 3219 2695 2049 1999 524 1654 566 345 273 565 1088 906 485 246 156 319 646 312 334 264 395 421 92661 20036 946 19090 7398
is_linear=0
shrinkage=0.05


Tree=209
num_leaves=31
num_cat=0
split_feature=12 2 1 12 8 13 2 9 11 13 12 8 10 14 14 14 13 11 10 1 12 8 8 0 11 14 12 11 14 11
split_gain=3.16827 2.40223 6.83344 4.91538 3.53853 2.68974 2.42987 1.99691 1.97176 1.88183 1.87764 2.04136 1.95115 2.04819 1.74242 1.70068 1.64511 1.52971 1.78381 1.4781 2.67622 2.26335 3.16887 2.18396 1.99762 2.61087 1.85458 4.98074 3.20977 1.49663
threshold=5.1016967195759895 3.5000000000000004 3.5000000000000004 2.1052781914187464 1.0000000180025095e-35 0.48918754278197091 2.5000000000000004 7.8673648664628155 3.171930566251437 0.91389173186698114 0.62800667330029813 2.5000000000000004 7.7351829047320795 1.2751611647832297 2.36773265736463 2.7609992057429866 2.5319308328611312 2.1150661114527134 7.6658166221229616 5.5000000000000009 0.16712540254139388 1.0000000180025095e-35 2.5000000000000004 20.500000000000004 1.382908415275633 1.3323664022418613 0.3066224417723053 0.22204193438121464 0.88651070079589156 0.20737836948696584
decision_type=2 2 2 2 2 2 2 2 2 2 2 2 2 2 2 2 2 2 2 2 2 2 2 2 2 2 2 2 2 2
left_child=1 2 4 6 5 7 10 -1 -2 -5 -4 12 13 -12 -6 -16 19 -11 -19 20 23 -22 24 -8 -23 -26 28 -28 -21 -24
right_child=8 -3 3 9 14 -7 16 -9 -10 17 11 -13 -14 -15 15 -17 -18 18 -20 26 21 22 29 -25 25 -27 27 -29 -30 -31
leaf_value=0.00020717891061462318 0.030154047702951783 1.9615319765075266e-06 -1.5987966799605642e-05 -0.011619808638811447 -5.0302168078896626e-06 0.0053072371293667597 -1.0314060011468867e-05 -4.1745206997856682e-05 0.0035440328544108172 -0.0045041183575674553 -0.0051767408998948054 -0.00066974757471986452 -0.00064216498878749695 -0.0031860045748445809 0.018558280772344362 -0.00068247425118233012 -0.0075817285170222855 -0.008592107558057116 -0.014842649512235729 -4.3596864136040417e-06 0.0034583060261347527 0.00010240461368155943 0.0013227957538854238 -0.00091174883056151235 -0.010066750666205626 0.0053136193603514409 -0.0036458167212552271 -0.0013436137558030456 0.00072815931955697857 0.0028408791954947
leaf_weight=169 103 82719 2196 119 3181 712 732 409 278 1072 383 608 305 267 81 51 45 384 208 767 254 388 51 43 58 41 47 652 47 471
leaf_count=169 103 82719 2196 119 3181 712 732 409 278 1072 383 608 305 267 81 51 45 384 208 767 254 388 51 43 58 41 47 652 47 471
internal_value=-2.29758e-05 -4.09496e-05 -0.000653155 -0.00144452 0.00091788 0.00313953 -0.000873555 0.000605536 0.00452756 -0.00379978 -0.00176244 -0.00308701 -0.0045288 -0.00607692 5.28222e-05 0.00568182 5.56174e-05 -0.00336538 -0.00540541 0.000176007 0.00105496 0.00247427 0.00141229 -0.00125806 -0.00148871 -0.00782828 -0.00100793 -0.002897 0.000614251 0.00411877
internal_weight=96841 96460 13741 9138 4603 1290 7355 578 381 1783 3759 1563 955 650 3313 132 3596 1664 592 3551 2038 1263 1009 775 487 99 1513 699 814 522
internal_count=96841 96460 13741 9138 4603 1290 7355 578 381 1783 3759 1563 955 650 3313 132 3596 1664 592 3551 2038 1263 1009 775 487 99 1513 699 814 522
is_linear=0
shrinkage=0.05


Tree=210
num_leaves=31
num_cat=0
split_feature=9 10 2 1 11 11 10 9 12 12 10 9 2 13 14 1 11 14 12 9 14 11 14 12 10 14 12 4 8 4
split_gain=2.32535 5.32735 2.32535 7.82322 4.77394 3.92027 2.36411 4.38649 3.75295 2.28055 3.05047 2.90129 2.59129 2.69703 2.37709 2.25085 2.43714 2.08649 2.38237 1.94488 1.92601 2.69377 2.59331 3.42256 2.27779 2.02305 1.92345 4.20843 6.30017 4.19388
threshold=9.0303522680558377 8.1715108727052996 2.5000000000000004 3.5000000000000004 1.8996832512456356 0.52921889025971625 8.0295204167317333 8.7444415897064776 2.0444085328148494 0.22478834217975827 8.4131974785675343 9.2239987203339719 5.5000000000000009 0.57051563843242903 0.48620449771148549 3.5000000000000004 1.943789353249922 1.2031764477955085 3.7319206342178548 8.7087422738129803 1.7560480992863496 1.399922176487203 0.9367563544942582 0.68367058472598952 7.3194233265470983 1.6288899423526615 2.0853656062197135 1.0000000180025095e-35 1.0000000180025095e-35 6.5000000000000009
decision_type=2 2 2 2 2 2 2 2 2 2 2 2 2 2 2 2 2 2 2 2 2 2 2 2 2 2 2 2 2 2
left_child=2 -2 3 4 19 -5 7 26 -8 14 11 -11 15 -14 -3 -12 -17 -7 -19 20 22 -22 23 -1 25 -24 -4 28 -28 -29
right_child=1 9 6 5 -6 17 8 -9 -10 10 12 -13 13 -15 -16 16 -18 18 -20 -21 21 -23 24 -25 -26 -27 27 29 -30 -31
leaf_value=-7.8066355343239108e-08 -0.0001303193064237461 2.9145058724928954e-09 6.9417052611868863e-06 -1.3050253800587967e-05 0.0077217286880153059 -0.0044302129104332958 1.4752836806139481e-05 -7.5598024022735573e-05 0.0045011845741518624 -0.0010818984928366137 0.0047081635096410616 -0.0024083839413951038 -0.0012414189984587126 -7.0648044529111889e-05 5.0981287697928101e-05 0.0010535739931185396 -0.010355756187354116 -0.0032018576361133588 -0.027487261913684159 -0.00015998034427600408 0.006407934954572792 -0.0013914311406165282 -0.0014999403708081838 0.0058296643592587356 -9.9140467162191746e-05 -0.0045777936560203545 0.023633860541410191 -0.0024119368198460278 -0.0013884626255765255 -0.00018340758420621884
leaf_weight=1510 427 2114 57048 2100 935 736 5445 1142 1672 2208 255 154 297 1822 439 343 93 1314 103 383 259 189 288 242 484 53 777 3765 1268 8964
leaf_count=1510 427 2114 57048 2100 935 736 5445 1142 1672 2208 255 154 297 1822 439 343 93 1314 103 383 259 189 288 242 484 53 777 3765 1268 8964
internal_value=-1.98804e-05 -0.000828018 5.4411e-05 -0.000727082 0.0007656 -0.00225135 0.000138297 5.3451e-05 0.00100815 -0.000527508 -0.00113109 -0.00245555 -1.77936e-05 -0.000884851 0.00069526 0.0026411 0.000458716 -0.00375058 -0.00262879 -0.0001027 0.000322314 0.00334821 -0.000203725 0.000884703 -0.00251515 -0.00564516 0.000102336 -0.000406119 0.00169927 -0.000744363
internal_weight=96829 8152 88677 8596 4343 4253 80081 72964 7117 7725 5172 2362 2810 2119 2553 691 436 2153 1417 3408 3025 448 2577 1752 825 341 71822 14774 2045 12729
internal_count=96829 8152 88677 8596 4343 4253 80081 72964 7117 7725 5172 2362 2810 2119 2553 691 436 2153 1417 3408 3025 448 2577 1752 825 341 71822 14774 2045 12729
is_linear=0
shrinkage=0.05


Tree=211
num_leaves=31
num_cat=0
split_feature=10 4 2 4 12 1 2 2 11 2 8 11 2 14 13 8 7 2 14 14 14 0 12 13 8 2 0 13 1 14
split_gain=1.31685 1.9321 5.68178 5.99666 3.9455 5.68562 3.90982 2.968 4.45784 3.36363 3.28261 4.70853 4.25606 2.81272 2.70573 2.60207 2.23258 2.17004 2.24677 2.66353 2.01049 1.97743 2.28785 2.29296 2.26449 2.05306 2.31599 1.94369 1.92041 3.37524
threshold=7.5285888970404775 7.5000000000000009 9.5000000000000018 3.5000000000000004 2.4306248239214576 3.5000000000000004 7.5000000000000009 11.500000000000002 0.49823601807539464 12.500000000000002 1.0000000180025095e-35 1.752387031542463 18.500000000000004 2.4906633606924822 0.69769726828665923 1.5000000000000002 1.0000000180025095e-35 14.500000000000002 0.17870156100901541 1.1616312127447528 1.5825564943545232 2.5000000000000004 1.0776131046609396 0.68302218900088374 1.5000000000000002 17.500000000000004 12.500000000000002 0.59844757438908902 3.5000000000000004 2.0593173842938475
decision_type=2 2 2 2 2 2 2 2 2 2 2 2 2 2 2 2 2 2 2 2 2 2 2 2 2 2 2 2 2 2
left_child=1 2 4 7 28 6 15 8 -4 -9 11 17 -13 -8 16 -6 27 -11 -19 -20 -7 -12 -23 24 -24 -25 -27 -5 -1 -30
right_child=-2 -3 3 14 5 20 13 9 -10 10 21 12 -14 -15 -16 -17 -18 18 19 -21 -22 22 23 25 -26 26 -28 -29 29 -31
leaf_value=-1.5083282782294784e-05 7.8766552809490114e-06 3.9445897260816791e-06 1.8499564971005126e-05 1.4011826521486987e-05 -0.013947546472803919 -0.016648110219199482 -0.00099301668194440307 8.0824218430592364e-05 -0.0029425246376845213 -7.1066911796852187e-05 -4.3911766720326633e-05 0.0045949133821139741 0.067079665882955844 0.015688985049920581 0.0020663017953853127 -0.0032210297369322572 0.00017789105743293315 -6.9152736305837933e-05 0.00040172957275747131 0.00047651805006636576 -0.012148419669322896 1.4102196245313614e-05 0.0022609808410663733 -0.0035627950025780009 -0.014221298364227232 0.0086559845626641655 -0.0028106861660744387 -0.00061537123047298865 -6.697735467338416e-05 0.0019064178111045328
leaf_weight=3988 46583 28476 490 1026 232 74 332 1210 710 520 854 444 152 75 1184 176 50 705 416 523 155 2977 46 1858 92 329 706 93 2103 65
leaf_count=3988 46583 28476 490 1026 232 74 332 1210 710 520 854 444 152 75 1184 176 50 705 416 523 155 2977 46 1858 92 329 706 93 2103 65
internal_value=2.17292e-05 -0.000156309 -0.000513088 6.08273e-05 -0.00165972 -0.00450192 -0.00254601 -0.000390625 -0.00275 -0.000129247 -0.000441696 0.00101449 0.00494966 0.000921376 0.00236932 -0.0060049 0.00066296 -6.93161e-05 0.000821168 0.00242279 -0.0114629 -0.0010274 -0.00070739 -0.00167436 -0.00797101 -0.00137401 0.000410628 0.000201072 -0.00117771 -0.00237546
internal_weight=96644 50061 21585 14385 7200 1044 815 12032 1200 10832 9622 2760 596 407 2353 408 1169 2164 1644 939 229 6862 6008 3031 138 2893 1035 1119 6156 2168
internal_count=96644 50061 21585 14385 7200 1044 815 12032 1200 10832 9622 2760 596 407 2353 408 1169 2164 1644 939 229 6862 6008 3031 138 2893 1035 1119 6156 2168
is_linear=0
shrinkage=0.05


Tree=212
num_leaves=31
num_cat=0
split_feature=11 14 12 14 14 12 11 2 12 0 12 14 12 14 14 0 1 6 9 10 9 12 1 1 12 14 12 12 10 6
split_gain=2.54897 4.3921 3.80473 6.65734 6.57099 4.25114 3.49609 3.57297 4.48598 3.28177 4.96372 6.92381 5.69977 8.22516 3.78968 3.02804 2.55678 2.55647 2.53175 2.89955 2.61834 2.42645 2.63989 6.4837 2.37857 2.3621 2.45045 2.36184 2.74897 2.28019
threshold=0.1869385636667438 1.2848189421591869 0.21195280718300627 0.1241425062426041 0.069870493580420953 0.27153305017447688 0.20737836948696584 10.500000000000002 0.17142763520873339 8.5000000000000018 0.3197795857231292 0.22933176348806558 0.6646058647154115 0.61344849924216194 0.15855883354382452 7.5000000000000009 2.5000000000000004 1.0000000180025095e-35 9.0234856047750949 8.4131974785675343 9.2239987203339719 0.76537315468129263 3.5000000000000004 5.5000000000000009 3.0336481365421735 0.1650978538400571 0.55415891551107666 0.16296266310720589 7.6029264514327446 1.0000000180025095e-35
decision_type=2 2 2 2 2 2 2 2 2 2 2 2 2 2 2 2 2 2 2 2 2 2 2 2 2 2 2 2 2 2
left_child=1 -1 4 5 -2 -4 -6 27 -9 10 14 17 -13 21 -5 -15 -16 25 -11 20 -20 22 -14 -24 -17 -12 -27 -8 -29 -10
right_child=2 -3 3 9 6 -7 7 8 29 18 11 12 13 15 16 24 -18 -19 19 -21 -22 -23 23 -25 -26 26 -28 28 -30 -31
leaf_value=-4.438016997720777e-06 -0.00018871710556458908 -0.00054932036240238648 -0.00022417454358091978 0.00037774829942417156 0.00049826127934962596 -0.0022804824317194565 0.0003885730390148633 -1.0461931643547182e-05 0.00051677288384866654 5.6974798355556577e-05 -0.0012662501813844236 0.0015897785405622423 0.00086022997410859512 0.0015968771582158315 0.0035000845072180459 0.013273826500874143 0.0012564963655546436 -0.0012527146564708443 -0.00101938298850488 7.3644823862742406e-05 -0.0022894273228811989 -0.0025542578114233147 -0.0047445468405275665 0.0044439874546686438 0.0031883247056784247 7.0137076224045802e-05 -0.0026339957167195839 -0.00030068432432040875 0.00016979391667992783 0.00058180023040376621
leaf_weight=30968 503 283 539 353 550 144 279 318 417 51536 327 950 313 828 97 275 138 102 2413 2432 145 648 73 52 211 932 63 448 300 143
leaf_count=30968 503 283 539 353 550 144 279 318 417 51536 327 950 313 828 97 275 138 102 2413 2432 145 648 73 52 211 932 63 448 300 143
internal_value=-5.32135e-05 -0.000424786 0.000123991 4.11532e-05 0.00187627 -0.00486823 0.00294297 0.00192913 0.00427107 9.53335e-05 0.00127751 0.000743611 0.00198507 0.0006875 0.00561224 0.00334855 0.0105319 -0.00217697 -1.68064e-05 -0.00109218 -0.0022674 -0.00253223 0.000342466 -0.0058 0.00648148 -0.0015885 -0.000376884 -7.30282e-05 -0.00153743 0.00696429
internal_weight=96780 31251 65529 62571 2958 683 2455 1905 878 61888 5362 4774 3350 2400 588 1314 235 1424 56526 4990 2558 1086 438 125 486 1322 995 1027 748 560
internal_count=96780 31251 65529 62571 2958 683 2455 1905 878 61888 5362 4774 3350 2400 588 1314 235 1424 56526 4990 2558 1086 438 125 486 1322 995 1027 748 560
is_linear=0
shrinkage=0.05


Tree=213
num_leaves=31
num_cat=0
split_feature=0 12 14 9 10 10 9 9 10 9 10 13 12 14 4 10 11 11 14 14 2 12 2 10 4 3 7 0 12 13
split_gain=1.51733 2.90127 1.74303 1.63949 3.5758 2.37448 6.16911 3.06605 2.90221 2.81177 3.69966 3.11334 2.32695 3.62029 3.78256 2.4234 1.88769 2.21785 4.07144 2.20823 2.1079 1.9023 1.79286 1.77503 2.77539 2.05547 1.73773 1.7054 3.48604 4.44905
threshold=22.500000000000004 0.84777217278175254 1.7560480992863496 9.0234856047750949 8.1715108727052996 7.911342502051065 8.7550578509009664 8.7550578509009664 8.003766949125291 8.3931166691788146 7.6422992797111506 0.57051563843242903 2.0853656062197135 1.3323664022418613 3.5000000000000004 7.6070344165920707 3.0700631488550734 2.2773597956675844 1.1616312127447528 2.2746248560556226 2.5000000000000004 1.6093500536482601 18.500000000000004 7.4867006184888369 5.5000000000000009 1.0000000180025095e-35 1.0000000180025095e-35 16.500000000000004 0.2941640170233652 0.55702142518215469
decision_type=2 2 2 2 2 2 2 2 2 2 2 2 2 2 2 2 2 2 2 2 2 2 2 2 2 2 2 2 2 2
left_child=3 2 -2 5 -5 6 9 -7 22 10 27 -12 23 -14 -15 -16 17 19 -19 20 -10 -20 -9 24 -11 -25 -17 -1 29 -29
right_child=1 -3 -4 4 -6 7 -8 8 16 12 11 -13 13 14 15 26 -18 18 21 -21 -22 -23 -24 25 -26 -27 -28 28 -30 -31
leaf_value=-4.7047509536954662e-06 -0.00014195914322480269 -0.0073762410575395985 0.00079487137742108728 -0.0001085007942955526 -1.9385839606874194e-05 0.00012841290830012953 -0.00025334323603921628 -0.0001510807467971864 -8.8983483926028371e-05 -0.00044057581795326731 -1.4193317543117688e-06 0.0011504875699338266 -0.006157633649054417 0.0048904367268449937 -0.0077162912090894325 -0.003294903123834503 0.0038452936278881469 -0.0066809519978001837 -0.0061255010232547152 0.0069596834332188388 2.8009736506017827e-05 0.00031576243310342815 -1.1033574802375496e-05 3.0695492666404922e-06 -3.7437472736674392e-05 -5.1624553523538581e-05 0.0036623182194734263 -0.00022786540592597342 0.00020788063501527427 0.0010123104977577278
leaf_weight=42314 3871 50 105 424 7681 1893 159 287 714 42 2047 3088 370 479 183 1547 681 77 48 273 4531 449 349 6898 111 3105 107 222 14381 400
leaf_count=42314 3871 50 105 424 7681 1893 159 287 714 42 2047 3088 370 479 183 1547 681 77 48 273 4531 449 349 6898 111 3105 107 222 14381 400
internal_value=-8.0507e-05 -0.0010308 -0.000880282 -3.93065e-05 -0.000718692 2.56622e-05 -6.72604e-05 0.000779402 0.000320556 -4.64844e-05 9.20707e-05 0.0013778 -0.000720293 -0.00202904 -0.00129534 -0.00232716 0.0006238 0.000344714 -0.00261324 0.00065241 0.000424214 -0.000955734 -0.00290881 -0.000374163 -0.00571895 -0.000292412 -0.0017231 -2.31171e-05 0.000434913 0.00409968
internal_weight=96886 4026 3976 92860 8105 84755 75453 9302 7409 75294 62452 5135 12842 2686 2316 1837 6773 6092 574 5518 5245 497 636 10156 153 10003 1654 57317 15003 622
internal_count=96886 4026 3976 92860 8105 84755 75453 9302 7409 75294 62452 5135 12842 2686 2316 1837 6773 6092 574 5518 5245 497 636 10156 153 10003 1654 57317 15003 622
is_linear=0
shrinkage=0.05


Tree=214
num_leaves=31
num_cat=0
split_feature=0 14 8 11 4 7 12 12 14 11 11 13 0 12 0 0 12 14 11 14 0 0 12 12 4 8 2 0 8 0
split_gain=1.70871 3.97193 3.50323 3.08608 3.18564 2.56499 5.38184 1.93835 7.65039 4.36045 3.6519 3.61691 6.76014 3.91887 3.42447 3.38466 5.72459 4.35686 3.09982 2.83734 2.47072 6.11468 5.33942 4.73623 6.6529 6.76812 5.2241 4.88042 3.91647 19.9736
threshold=3.5000000000000004 1.1510957525484971 1.0000000180025095e-35 0.050315912941337006 1.0000000180025095e-35 1.0000000180025095e-35 0.023429542018370841 0.28214596688078336 0.12932958133920672 0.14356560726223849 0.51305091251275237 0.089893813027290118 7.5000000000000009 0.11695012343445631 22.500000000000004 21.500000000000004 1.2721947001842444 1.1287959537132226 1.8590002854035503 1.4326904105520948 16.500000000000004 13.500000000000002 0.8278155230016363 2.1666505857418072 4.5000000000000009 1.5000000000000002 10.500000000000002 19.500000000000004 3.5000000000000004 9.5000000000000018
decision_type=2 2 2 2 2 2 2 2 2 2 2 2 2 2 2 2 2 2 2 2 2 2 2 2 2 2 2 2 2 2
left_child=1 2 -1 4 5 6 -4 10 -9 -10 11 12 -2 -13 19 20 17 -17 -19 -15 21 28 -23 24 25 26 -22 -25 -11 -30
right_child=7 -3 3 -5 -6 -7 -8 8 9 15 -12 13 -14 14 -16 16 -18 18 -20 -21 23 22 -24 27 -26 -27 -28 -29 29 -31
leaf_value=6.8481451164004605e-06 4.1712058262327432e-06 -0.00019639320236692549 -4.5293531036616144e-05 -7.2168331684756637e-05 -4.359525287955107e-06 0.00015286499943065955 -0.00033925116582851134 -0.0019859416903598806 -0.0020665611061058118 0.00030486209554566327 -0.0012132847411996856 -0.00043342155797125722 -0.00033730869509384785 0.00022795622165054411 7.0667877929257024e-06 -0.0013219784935903118 -0.0047161848252879725 -7.1420638252919785e-05 -0.0052668999898275899 0.0023793143919329674 -0.0045582707182417635 0.00060261036050658363 -0.0010723742466485443 0.00035975777248514751 0.001503867283645588 -0.0021443445787718398 0.0041956345117835862 -0.0027095194395837354 0.0020824213681223448 -0.0021528538555535839
leaf_weight=4580 11614 46 1491 96 9809 91 52 166 152 20086 42 265 1021 4634 2468 493 315 4005 41 68 169 1568 10479 8060 6596 1531 1186 2190 1993 1338
leaf_count=4580 11614 46 1491 96 9809 91 52 166 152 20086 42 265 1021 4634 2468 493 315 4005 41 68 169 1568 10479 8060 6596 1531 1186 2190 1993 1338
internal_value=-7.68276e-05 -0.000545933 -0.000504064 -0.000968455 -0.000893559 -0.00293758 -0.00341866 1.73956e-05 -0.000124238 -9.46812e-05 0.000442522 0.000473343 -4.15512e-05 0.00134835 0.00156904 -7.32723e-05 -0.0013391 -0.000886759 -0.000346021 0.0023607 3.80462e-05 -0.000211482 -0.00112684 0.000486519 0.00129192 -0.000710326 0.00186347 -0.000258537 0.000259427 -0.00132843
internal_weight=96645 16165 16119 11539 11443 1634 1543 80480 60368 60202 20112 20070 12635 7435 7170 60050 4854 4539 4046 4702 55196 35464 12047 19732 9482 2886 1355 10250 23417 3331
internal_count=96645 16165 16119 11539 11443 1634 1543 80480 60368 60202 20112 20070 12635 7435 7170 60050 4854 4539 4046 4702 55196 35464 12047 19732 9482 2886 1355 10250 23417 3331
is_linear=0
shrinkage=0.05


Tree=215
num_leaves=31
num_cat=0
split_feature=0 14 0 12 14 8 12 8 12 0 0 12 0 12 12 0 8 12 1 1 12 0 8 0 12 8 0 8 8 12
split_gain=1.8391 2.29801 1.69748 3.23452 4.46727 3.12128 5.18445 5.0194 4.01419 3.65343 3.64257 5.66905 7.52927 6.91558 3.5546 2.65772 6.38689 11.1759 4.37755 6.90646 6.15074 4.31789 4.45364 4.18058 4.88869 5.07426 4.96602 5.3364 4.7622 4.95579
threshold=1.0000000180025095e-35 1.1510957525484971 20.500000000000004 0.64549097881835227 1.1722672580382916 1.0000000180025095e-35 1.5260017570108799 2.5000000000000004 0.92440733752962223 21.500000000000004 22.500000000000004 1.0776131046609396 21.500000000000004 1.8261172215224712 0.88633335334409069 17.500000000000004 1.5000000000000002 2.1666505857418072 3.5000000000000004 5.5000000000000009 3.373311256205707 19.500000000000004 1.0000000180025095e-35 13.500000000000002 2.7173423855593684 1.5000000000000002 16.500000000000004 1.0000000180025095e-35 3.5000000000000004 2.0060500418386558
decision_type=2 2 2 2 2 2 2 2 2 2 2 2 2 2 2 2 2 2 2 2 2 2 2 2 2 2 2 2 2 2
left_child=1 -1 15 -4 -5 6 9 10 -9 14 11 -7 13 -13 -6 23 17 -17 -19 20 21 22 -20 -2 26 -26 -25 -28 29 -29
right_child=2 -3 3 4 5 7 -8 8 -10 -11 -12 12 -14 -15 -16 16 -18 18 19 -21 -22 -23 -24 24 25 -27 27 28 -30 -31
leaf_value=-1.0202921609226043e-05 3.350256143251976e-06 -0.00012421609896464222 1.3811001983435323e-05 -0.0065263213605517428 0.012748017213158859 0.0046570744585975382 -0.010211355521426003 -0.00082897869889666945 -0.0055068518325352813 -0.0034014258010356181 -0.0014679431928422415 0.007629555107957731 -0.0029276106712118389 -0.00094026484407638833 -0.0008071786314732349 0.0093377721457084447 -0.0004583289626006501 0.0031005761130209475 0.0060706725490004337 0.0048232808668013938 -0.016621834662445999 -0.0077035062000567591 -0.0051872052132034274 -0.00057879144986293103 -0.0074760371453554963 -0.00076343076743961018 0.0077218508297975056 0.0013571335825900645 0.0068559172871594468 -0.0041070892753122257
leaf_weight=3937 52323 44 6819 45 68 473 263 690 384 151 391 567 715 617 808 1070 5040 3766 387 969 257 306 331 11330 939 821 594 1339 372 810
leaf_count=3937 52323 44 6819 45 68 473 263 690 384 151 391 567 715 617 808 1070 5040 3766 387 969 257 306 331 11330 939 821 594 1339 372 810
internal_value=-8.43458e-05 -0.00113665 -3.91279e-05 -0.000594196 -0.00153712 -0.00139945 -0.00352713 -0.000684128 -0.00358473 -0.00192308 0.000443359 0.00118044 -3.94945e-05 0.00240709 -0.000684932 4.33952e-05 0.000725713 0.00169348 0.000856051 -0.000888889 -0.0032982 -0.0015625 0.000557103 -7.73406e-05 -0.000779081 -0.00326705 -0.000475943 0.00129213 0.000287584 -0.000616566
internal_weight=96626 3981 92645 11991 5172 5127 1290 3837 1074 1027 2763 2372 1899 1184 876 80654 12126 7086 6016 2250 1281 1024 718 68528 16205 1760 14445 3115 2521 2149
internal_count=96626 3981 92645 11991 5172 5127 1290 3837 1074 1027 2763 2372 1899 1184 876 80654 12126 7086 6016 2250 1281 1024 718 68528 16205 1760 14445 3115 2521 2149
is_linear=0
shrinkage=0.05


Tree=216
num_leaves=31
num_cat=0
split_feature=11 3 12 9 14 0 10 9 2 13 2 4 12 2 8 8 12 9 0 8 12 2 0 12 11 0 13 13 8 8
split_gain=1.79983 2.46181 2.33695 2.88971 2.73621 1.77618 1.67974 1.85153 1.48404 1.53464 1.50608 3.20155 5.8935 3.37368 5.79497 3.57921 2.90668 2.36325 2.24784 2.17243 2.12349 1.91286 1.89372 1.74608 2.96088 1.7832 1.67593 1.67447 1.6515 2.97748
threshold=6.0039328887988752 1.0000000180025095e-35 4.6570589242905376 8.0983831829183792 2.620276331773133 1.0000000180025095e-35 7.7052812258462913 8.3755311877181793 3.5000000000000004 0.010228374245728958 5.5000000000000009 9.5000000000000018 0.52066231261145879 4.5000000000000009 1.0000000180025095e-35 1.5000000000000002 1.6263503427068005 9.0303522680558377 4.5000000000000009 1.5000000000000002 2.2314396735834108 4.5000000000000009 13.500000000000002 1.8790805478572115 1.162628140788337 12.500000000000002 1.7494754156615933 1.1301834077994426 2.5000000000000004 1.5000000000000002
decision_type=2 2 2 2 2 2 2 2 2 2 2 2 2 2 2 2 2 2 2 2 2 2 2 2 2 2 2 2 2 2
left_child=2 6 5 4 -4 -1 7 -2 9 -7 11 17 -13 14 -14 16 27 20 -19 23 -10 -22 -17 24 -15 -26 -23 -16 29 -12
right_child=1 -3 3 -5 -6 8 -8 -9 10 -11 28 12 13 19 15 22 -18 18 -20 -21 21 26 -24 -25 25 -27 -28 -29 -30 -31
leaf_value=-1.0616956904727387e-05 -0.0039988293581623927 0.024245027740568803 0.025386423649902758 3.0123782383606468e-05 -0.0054132193365625143 4.0104329604052914e-05 0.00028180837465553444 -0.0080535862812393891 -2.5579090375860843e-06 -3.2336712324331461e-05 3.7001364971736694e-06 -9.9432425557086094e-06 0.019048627258845104 0.0028906294402659852 -0.0010662217827172027 0.01327558513575109 -0.012534202290005314 -3.7942353481725671e-05 0.0018313510614039298 0.0051200820463828019 -0.0075552626040483297 -0.0041997022071870171 0.0040887937164002797 0.0049076071563346263 0.00075983135373773884 -0.0062039954179415047 0.018950054794424201 0.0026776986095492731 -1.2361516588671722e-05 8.9149465034875323e-05
leaf_weight=3992 662 85 143 253 48 123 285 112 3180 13069 40236 1921 304 107 158 206 78 67 321 506 528 115 280 306 93 182 105 165 26261 2854
leaf_count=3992 662 85 143 253 48 123 285 112 3180 13069 40236 1921 304 107 158 206 78 67 321 506 528 115 280 306 93 182 105 165 26261 2854
internal_value=-3.90201e-05 -0.00201049 -1.54287e-05 0.0036036 0.00824607 -3.2315e-05 -0.00266761 -0.00387597 1.28887e-05 -0.000477562 9.58665e-05 0.000719091 0.0016837 0.00334382 0.0052267 0.00318489 -0.000311721 -0.000243281 0.00347938 0.00146566 -0.000610998 -0.00300802 0.00606996 -0.000363372 -0.0026178 -0.00536364 0.000909091 0.00178019 1.83847e-05 0.000208865
internal_weight=96745 1144 95601 444 191 95157 1059 774 91165 13192 77973 8622 4306 2385 1191 887 401 4316 388 1194 3928 748 486 688 382 275 220 323 69351 43090
internal_count=96745 1144 95601 444 191 95157 1059 774 91165 13192 77973 8622 4306 2385 1191 887 401 4316 388 1194 3928 748 486 688 382 275 220 323 69351 43090
is_linear=0
shrinkage=0.05


Tree=217
num_leaves=31
num_cat=0
split_feature=11 12 9 1 2 12 12 11 2 9 4 14 12 0 13 11 1 1 12 0 2 14 4 8 1 14 14 12 1 2
split_gain=1.71253 2.70903 2.20011 1.58323 2.34465 2.57082 2.45915 3.25425 2.22733 1.95918 1.81597 1.78812 1.60916 3.5376 5.59063 3.61295 2.98984 3.19338 4.52137 3.004 2.29307 2.13176 2.12528 4.43776 3.75274 2.60153 2.54843 4.14751 2.55652 2.11987
threshold=4.9651627472506323 5.1016967195759895 8.0848384120218579 1.5000000000000002 4.5000000000000009 1.6437705664233684 3.132656804889534 3.0700631488550734 27.500000000000004 9.0843957502484347 1.0000000180025095e-35 2.5697686166586133 2.0652008422460999 13.500000000000002 1.1402037631080228 0.90344834611076996 3.5000000000000004 5.5000000000000009 3.0336481365421735 16.500000000000004 15.500000000000002 2.0439602148248484 2.5000000000000004 1.0000000180025095e-35 2.5000000000000004 0.27902878525081015 0.84841971260772153 1.8261172215224712 5.5000000000000009 7.5000000000000009
decision_type=2 2 2 2 2 2 2 2 2 2 2 2 2 2 2 2 2 2 2 2 2 2 2 2 2 2 2 2 2 2
left_child=1 3 -3 4 5 -1 -6 8 11 -7 -9 -8 22 14 20 -15 -17 18 21 -19 -14 -18 23 -5 25 -25 27 28 -24 -23
right_child=-2 2 -4 12 6 9 7 10 -10 -11 -12 -13 13 15 -16 16 17 19 -20 -21 -22 29 26 24 -26 -27 -28 -29 -30 -31
leaf_value=2.6308514102943437e-06 -0.0015334692539589136 0.02983482329895373 0.0055377588592264498 8.137984813630703e-05 1.2548915898949725e-05 -0.0058233343238517313 -0.0026463982437245348 0.092859660294809618 0.014533409756841887 0.0079879593828283361 0.0074869681809950801 -0.01834078910184328 -0.0050094454038616624 -0.011427383907177614 0.0021901417803426803 -5.048913177891912e-05 -0.0039272326029508925 -0.0049517161765829602 -0.014811779661436998 0.00052072788254551303 0.0029181877449523165 0.0097952269214186208 -6.5504298126089008e-06 -2.5025053250516544e-05 -4.1105878667819717e-05 -0.0018422493946627693 0.00013299378548363826 -0.0052159115520338363 1.596717083090296e-05 -0.0023365364545970715
leaf_weight=1403 2260 82 89 2472 23644 814 192 40 188 42 399 41 968 182 3141 3633 1416 472 388 1624 392 126 21397 460 5667 836 18894 139 5009 246
leaf_count=1403 2260 82 89 2472 23644 814 192 40 188 42 399 41 968 182 3141 3633 1416 472 388 1624 392 126 21397 460 5667 836 18894 139 5009 246
internal_value=-3.36244e-05 -1.05937e-06 0.00628655 -1.24702e-05 0.000312932 -0.00122842 0.000455028 0.0030814 -5.93824e-05 -0.00338785 0.00609339 -0.00332618 -0.000141561 -0.000651414 0.000472117 -0.00127674 -0.00111638 -0.00201311 -0.00335478 -0.000620229 -0.00220588 -0.00229306 -2.46018e-05 -0.000707472 -0.00135358 -0.00378086 0.00011719 -0.000198719 -0.000153374 0.00107527
internal_weight=96656 94396 171 94225 26763 2259 24504 860 421 856 439 233 67462 12588 4501 8087 7905 4272 2176 2096 1360 1788 54874 9435 6963 1296 45439 26545 26406 372
internal_count=96656 94396 171 94225 26763 2259 24504 860 421 856 439 233 67462 12588 4501 8087 7905 4272 2176 2096 1360 1788 54874 9435 6963 1296 45439 26545 26406 372
is_linear=0
shrinkage=0.05


Tree=218
num_leaves=31
num_cat=0
split_feature=2 1 12 11 12 11 9 9 11 13 11 11 11 9 12 4 2 12 4 2 11 8 14 0 2 1 2 0 12 11
split_gain=1.44336 6.89633 5.27793 3.33496 3.15212 2.24494 3.0918 2.04611 1.94222 1.82712 2.05279 1.75116 2.12019 1.63259 1.65414 1.54754 14.4352 6.78347 5.72661 4.00956 4.2998 3.83683 3.43827 3.37632 3.17969 4.11198 6.69035 2.88713 3.73589 2.88343
threshold=2.5000000000000004 3.5000000000000004 1.2571163216650165 1.1460841535482456 3.5351141344718853 1.2281439571743611 8.5351844632388687 8.4166750877354826 1.1460841535482456 2.1871460770382147 2.1150661114527134 1.9217326278759874 3.1207047060510233 7.7237463484566824 2.4306248239214576 5.5000000000000009 9.5000000000000018 0.21840486120628935 3.5000000000000004 17.500000000000004 1.7328606353055538 1.0000000180025095e-35 0.1241425062426041 3.5000000000000004 16.500000000000004 2.5000000000000004 11.500000000000002 8.5000000000000018 0.2941640170233652 0.95086493008576956
decision_type=2 2 2 2 2 2 2 2 2 2 2 2 2 2 2 2 2 2 2 2 2 2 2 2 2 2 2 2 2 2
left_child=1 2 8 -3 5 7 9 -4 -1 11 -11 -7 -13 14 -5 16 17 23 19 24 -21 -19 -20 -2 25 -18 27 -27 -29 -30
right_child=15 3 4 13 -6 6 -8 -9 -10 10 -12 12 -14 -15 -16 -17 18 21 22 20 -22 -23 -24 -25 -26 26 -28 28 29 -31
leaf_value=-1.3220218742483921e-05 -1.7443413708239947e-05 -3.2642056307987092e-05 0.011390209440555688 0.0037834765048645803 0.02544509877208603 -0.0010772803434952129 0.0134285750541089 -0.00027844078415314446 -0.0041538397484928045 0.00082720031024150495 -0.013865158134708677 0.0088940875381373196 -0.011142396081929018 -0.0072808507025819043 -0.014288350472992484 7.6827758956826e-06 -4.7055426156486506e-05 -0.0037224219580467791 -5.8007372363937104e-06 1.6686088778304545e-05 0.013256829545118488 -0.0012513948760846405 0.00017870093038386775 2.7288786013396003e-05 -0.00013293753461738264 7.8963336468554884e-06 8.2746087835970834e-05 0.00040824507738295053 -0.0017404361455294172 -0.0023098046507262549
leaf_weight=2594 770 3361 194 132 184 483 278 76 76 151 138 430 40 1082 105 55358 6919 722 1093 5758 1187 2224 3508 884 2291 851 4598 108 228 1123
leaf_count=2594 770 3361 194 132 184 483 278 76 76 151 138 430 40 1082 105 55358 6919 722 1093 5758 1187 2224 3508 884 2291 851 4598 108 228 1123
internal_value=1.54725e-06 -0.000589876 0.000775194 -0.00194444 0.00273556 0.00209497 0.00134868 0.0062963 -0.000674157 0.000281804 -0.00320069 0.00133788 0.00351064 -0.00407506 -0.000316456 6.44815e-05 -0.000210761 -0.00280435 0.000220503 -0.000100811 0.000903528 -0.00424304 0.00183112 -0.000241838 -0.000533565 -0.000247704 0.000615229 -0.00158009 -0.00293009 -0.00364545
internal_weight=96946 9324 4644 4680 1974 1790 1520 270 2670 1242 289 953 470 1319 237 87622 32264 4600 27664 23063 6945 2946 4601 1654 16118 13827 6908 2310 1459 1351
internal_count=96946 9324 4644 4680 1974 1790 1520 270 2670 1242 289 953 470 1319 237 87622 32264 4600 27664 23063 6945 2946 4601 1654 16118 13827 6908 2310 1459 1351
is_linear=0
shrinkage=0.05


Tree=219
num_leaves=31
num_cat=0
split_feature=1 2 12 13 11 2 2 12 8 8 11 7 11 1 13 12 2 1 4 1 4 2 11 14 12 2 8 11 12 12
split_gain=1.98987 6.23183 6.3711 2.60344 2.85133 2.34846 14.8467 8.41249 3.65187 6.84906 3.42695 3.11273 2.77461 3.6206 2.75382 2.74551 2.86578 2.88968 2.86222 2.66364 2.58975 4.88974 3.79203 5.18584 3.82059 3.43603 3.93553 2.51188 2.49611 2.47784
threshold=3.5000000000000004 2.5000000000000004 2.1666505857418072 1.7494754156615933 5.2271684412942863 7.5000000000000009 9.5000000000000018 0.62800667330029813 1.0000000180025095e-35 1.5000000000000002 0.2002750255002253 1.0000000180025095e-35 0.18086263190811178 5.5000000000000009 1.6869046471215168 3.2481109671717454 11.500000000000002 5.5000000000000009 2.5000000000000004 4.5000000000000009 3.5000000000000004 23.500000000000004 0.46814984604750093 0.14642576161854132 0.68367058472598952 11.500000000000002 1.5000000000000002 1.6139254119302333 1.0776131046609396 0.6091033743276294
decision_type=2 2 2 2 2 2 2 2 2 2 2 2 2 2 2 2 2 2 2 2 2 2 2 2 2 2 2 2 2 2
left_child=3 2 -2 -1 -5 8 7 11 12 14 -8 -7 -3 19 -10 20 -17 -18 -19 -14 25 -22 23 -23 -24 -12 -27 28 -28 -11
right_child=1 5 -4 4 -6 6 10 -9 9 29 15 -13 13 -15 -16 16 17 18 -20 -21 21 22 24 -25 -26 26 27 -29 -30 -31
leaf_value=-8.9924864371988828e-07 -4.3544564847697527e-05 4.4449523274347686e-06 -0.010629510314593428 0.00067680648447370211 -0.0018127793873899845 -4.0488370805051577e-06 -7.9133775941542254e-06 -0.0033507123560216736 -4.5101505690215831e-05 1.0419391975734215e-06 -0.00090463346289566403 -0.00017865918431298288 0.0022616519608075147 0.00074053230795825689 -0.0047090288762198619 -0.0080411037527502571 -0.010123587942628066 0.04320004639983948 -0.0010145168289003915 0.011410265778310565 0.0011242929749795936 -1.7804585516864937e-05 -0.0007389461382483341 0.0007733472833300483 0.00028351625366860591 0.0013536655814739868 -0.000105741089581185 0.0018548745016959635 -0.0064149759362637226 0.0034749036502605968
leaf_weight=42873 3784 1060 811 11553 875 2126 7316 2428 2435 1881 1387 84 372 838 386 238 134 141 480 362 3110 396 656 344 3174 3268 860 796 731 1969
leaf_count=42873 3784 1060 811 11553 875 2126 7316 2428 2435 1881 1387 84 372 838 386 238 134 141 480 362 3110 396 656 344 3174 3268 860 796 731 1969
internal_value=-5.31651e-05 -0.000314552 -0.00205114 0.000143307 0.000780496 -9.87234e-05 -0.000329791 -0.00291074 0.00058852 -3.37281e-05 0.000189961 -0.000678733 0.00216565 0.00349873 -0.00190535 0.000606109 -0.00193857 -0.000430464 0.00100644 0.00606267 0.000777748 0.00141276 0.000371991 0.00364865 -0.000261097 8.52031e-05 0.000632184 -0.000911186 -0.00205845 0.00133766
internal_weight=96868 41567 4595 55301 12428 36972 27669 4638 9303 6671 23031 2210 2632 1572 2821 15715 993 755 621 734 14722 7680 4570 740 3830 7042 5655 2387 1591 3850
internal_count=96868 41567 4595 55301 12428 36972 27669 4638 9303 6671 23031 2210 2632 1572 2821 15715 993 755 621 734 14722 7680 4570 740 3830 7042 5655 2387 1591 3850
is_linear=0
shrinkage=0.05


Tree=220
num_leaves=31
num_cat=0
split_feature=0 14 0 0 12 13 12 14 0 0 8 8 8 12 0 12 7 11 12 4 12 14 0 8 12 12 0 12 0 12
split_gain=1.70162 2.55472 2.02324 3.24476 5.14989 5.31069 6.47473 3.81078 3.63516 3.54562 6.50057 3.17357 7.73668 3.22324 5.15496 3.49584 3.1328 3.97198 3.32926 3.15017 2.98482 2.96564 3.27008 4.85793 3.71337 3.54014 3.33572 11.4078 3.06378 3.0574
threshold=2.5000000000000004 1.1510957525484971 13.500000000000002 16.500000000000004 0.84777217278175254 1.9366410877964759 1.6771324164686841 1.254898667010069 15.500000000000002 15.500000000000002 2.5000000000000004 3.5000000000000004 1.5000000000000002 2.8755997661057462 18.500000000000004 0.20596900030616466 1.0000000180025095e-35 2.4544972227762987 2.688176041406114 2.5000000000000004 0.44608220339315774 2.5268017676855781 18.500000000000004 2.5000000000000004 1.592968155458466 1.4946896374400966 21.500000000000004 0.33449836375219416 19.500000000000004 0.72412079033307097
decision_type=2 2 2 2 2 2 2 2 2 2 2 2 2 2 2 2 2 2 2 2 2 2 2 2 2 2 2 2 2 2
left_child=1 -1 -2 4 7 -6 -7 8 20 10 -8 12 -5 14 -13 -16 17 19 -19 -14 -4 22 23 -21 26 -25 29 -28 -26 -24
right_child=2 -3 3 11 5 6 9 -9 -10 -11 -12 13 16 -15 15 -17 -18 18 -20 21 -22 -23 24 25 28 -27 27 -29 -30 -31
leaf_value=-4.9956333176552627e-06 9.3003869959292895e-06 -0.00013822572516691573 0.0013372607195165241 0.00026949422003732517 -0.0013572730803142531 0.0023486038899905083 0.0050916432229388747 0.0027122885032000998 0.0077770325358984651 -0.0041903901860514845 -0.0042103046174043869 0.0076216563276608699 -0.001215806610577322 -0.0059520300769028596 0.00083890662435041625 9.1820629422229016e-05 0.00051139301082264862 -0.0038967268624312823 -0.010220369838746291 -0.0022641915588085537 -0.00053641512269751723 -0.01050071294928321 0.00059999000744895975 0.016670623014918024 -0.0044306042880920991 0.0033921650492071635 -9.0573165250119186e-05 -0.0032997102709172721 -0.015409904825193766 -0.00081849680830368152
leaf_weight=12002 44224 47 219 16491 7341 1152 600 405 46 669 590 750 1314 347 171 2252 996 760 186 240 1058 44 906 42 358 771 1494 172 71 919
leaf_count=12002 44224 47 219 16491 7341 1152 600 405 46 669 590 750 1314 347 171 2252 996 760 186 240 1058 44 906 42 358 771 1494 172 71 919
internal_value=-4.37203e-05 -0.000599635 3.5466e-05 -0.000220494 -0.000906457 -0.00132825 0.000440053 0.00162037 0.00032124 -0.00138515 0.000252101 7.24791e-05 -0.000127201 0.00147727 0.00197762 0.000856376 -0.00137495 -0.00173492 -0.00475687 -0.00128337 -0.000176194 -0.000712577 -0.00059823 0.00187559 -0.00126276 0.00372079 -0.000723288 -0.00234094 -0.00565268 0.000753425
internal_weight=96637 12049 84588 40364 12080 10352 3011 1728 1323 1859 1190 28284 24764 3520 3173 2423 8273 7277 946 6331 1277 5017 4973 1053 3920 813 3491 1666 429 1825
internal_count=96637 12049 84588 40364 12080 10352 3011 1728 1323 1859 1190 28284 24764 3520 3173 2423 8273 7277 946 6331 1277 5017 4973 1053 3920 813 3491 1666 429 1825
is_linear=0
shrinkage=0.05


Tree=221
num_leaves=31
num_cat=0
split_feature=0 12 14 14 8 12 12 11 12 14 0 14 11 13 11 2 14 1 6 12 11 4 12 0 9 10 10 9 2 12
split_gain=1.25594 5.08215 1.56056 2.26879 2.38768 2.35505 1.97243 2.07104 1.94629 8.86976 5.38315 3.52818 3.26699 3.22091 2.10602 1.92049 1.87008 2.76551 4.05 3.26364 1.86285 1.78079 2.05733 2.88629 2.12562 2.04558 1.72822 2.09071 1.69457 1.68435
threshold=21.500000000000004 1.2880618422925456 2.0439602148248484 1.8436487260493313 1.0000000180025095e-35 0.50484537123055562 0.57193571077305461 1.0955670715704928 0.3066224417723053 1.0683955935720295 22.500000000000004 0.2989680364959823 0.2002750255002253 0.75441248334815991 0.42536474294466392 15.500000000000002 1.2848189421591869 4.5000000000000009 1.0000000180025095e-35 0.22478834217975827 0.16832285013800702 7.5000000000000009 0.64549097881835227 22.500000000000004 8.5066250412077888 8.1751253278184723 7.5096149059599329 8.2629566199062712 14.500000000000002 1.0934661344549224
decision_type=2 2 2 2 2 2 2 2 2 2 2 2 2 2 2 2 2 2 2 2 2 2 2 2 2 2 2 2 2 2
left_child=-1 2 3 8 5 -5 -4 -8 10 13 11 -2 -11 -10 -13 -7 -12 18 19 -18 -21 22 24 -24 -14 -26 -23 -28 -15 -6
right_child=1 -3 6 4 29 15 7 -9 9 12 16 14 21 28 -16 -17 17 -19 -20 20 -22 26 23 -25 25 -27 27 -29 -30 -31
leaf_value=-2.8440852780690918e-06 -0.00049271913002922542 -0.0042957765619335399 0.00016106175281702386 0.001144213247917364 0.0026342210629931974 -0.003132587513162902 -0.0032675274643127307 -0.00018966960318179407 -0.0041041691475365042 -0.0022055087957464485 -1.4289976173377517e-05 0.00097703689495651225 0.00091277744069007691 -0.00070595914576026685 -0.00035579645824687059 0.0002823776767429065 -0.00031441482845755153 0.00030795836242836081 0.00047594935396177952 -0.00064020094932291938 -0.0012338567723496369 -0.00087666267436682383 0.00091413569234406473 -0.0022486787717136969 -0.0018554290999064735 0.00058910003488717448 0.0029296453134003836 -0.00025861790636121654 -0.0030468541007487139 0.00082472259587544898
leaf_weight=89063 158 297 171 133 175 78 177 126 40 108 2264 525 703 110 46 73 137 92 54 44 89 750 255 135 88 114 126 787 83 111
leaf_count=89063 158 297 171 133 175 78 177 126 40 108 2264 525 703 110 46 73 137 92 54 44 89 750 255 135 88 114 126 787 83 111
internal_value=-0.000137985 -0.000736116 -0.000490196 -0.000309151 0.0027193 -0.000528169 -0.00327004 -0.00569307 -0.000566488 -0.00143225 0.000271341 0.00408093 -0.000717547 -0.0108369 0.00591068 -0.00480132 -0.000764925 -0.00384615 -0.00601852 -0.00851852 -0.0140977 -0.00040568 0.000984556 -0.00205128 0.00229282 -0.00222772 -0.00148827 -2.73823e-05 -0.00816062 0.00594406
internal_weight=97112 8049 7752 7278 570 284 474 303 6708 3299 3409 729 3066 233 571 151 2680 416 324 270 133 2958 1295 390 905 202 1663 913 193 286
internal_count=97112 8049 7752 7278 570 284 474 303 6708 3299 3409 729 3066 233 571 151 2680 416 324 270 133 2958 1295 390 905 202 1663 913 193 286
is_linear=0
shrinkage=0.05


Tree=222
num_leaves=31
num_cat=0
split_feature=14 12 0 0 8 0 12 12 12 8 8 0 12 12 1 0 12 0 12 0 8 12 0 3 12 12 8 2 2 9
split_gain=2.10439 3.82793 4.99814 3.6283 4.84744 6.24994 8.22103 4.55356 4.07684 4.24989 8.65134 7.35126 9.95478 6.47305 5.17972 3.42959 6.5237 3.27126 8.39854 4.51797 3.99545 5.10789 3.65003 4.07546 3.52086 3.40104 4.08615 3.37415 3.80773 3.29342
threshold=1.3679531999252081 2.4306248239214576 8.5000000000000018 13.500000000000002 3.5000000000000004 9.5000000000000018 0.62800667330029813 2.1877790537261439 1.1928464110842623 1.5000000000000002 1.0000000180025095e-35 12.500000000000002 1.7941351180353482 1.4641107512188394 4.5000000000000009 10.500000000000002 1.592968155458466 16.500000000000004 1.5596605137936936 14.500000000000002 2.5000000000000004 2.3409067331657796 19.500000000000004 1.0000000180025095e-35 2.5031710056371956 1.8790805478572115 1.0000000180025095e-35 20.500000000000004 17.500000000000004 8.9106362855643972
decision_type=2 2 2 2 2 2 2 2 2 2 2 2 2 2 2 2 2 2 2 2 2 2 2 2 2 2 2 2 2 2
left_child=1 -1 -3 4 8 7 -7 -6 -2 10 -10 12 -12 -13 -14 16 -8 18 -5 20 21 -20 23 27 -24 -25 -27 28 -19 -21
right_child=3 2 -4 17 5 6 15 -9 9 -11 11 13 14 -15 -16 -17 -18 22 19 29 -22 -23 24 25 -26 26 -28 -29 -30 -31
leaf_value=-5.793107707346111e-06 0.0051421636548163903 0.0030784892491985795 -0.0055547817473540683 0.00050784805244504243 0.013980344435250503 0.00036040545605821111 -0.00088553380020311989 0.00038669595424960517 0.0078890697956854657 0.004405951812334186 0.0073484786305892729 -0.0019899431218841413 -0.0064097619014312213 -0.0096211787686465468 0.0037199186210655991 -0.005331265912649802 -0.014752048164959147 0.00044019996321523761 0.0084115161966996418 -0.0034065811507246082 -0.0029042645521877909 -0.0010840223082529299 -2.6779544834887315e-05 0.0077338003454967335 -0.0037334130099818509 0.011456808965047416 0.00037029479364910636 -0.0010216053471003739 0.01609608102938518 -0.0066807897658660471
leaf_weight=58985 187 387 1602 3183 159 402 329 648 756 2842 361 299 446 212 165 193 135 4150 319 2255 764 689 9419 521 1352 1206 1992 1751 693 245
leaf_count=58985 187 387 1602 3183 159 402 329 648 756 2842 361 299 446 212 165 193 135 4150 319 2255 764 689 9419 521 1352 1206 1992 1751 693 245
internal_value=-0.00011511 -0.000293568 -0.00245098 0.00018992 0.00119849 -0.000991426 -0.00351747 0.00232342 0.00197418 0.00170734 7.81599e-05 -0.00214093 0.000411523 -0.00699609 -0.00347791 -0.00696347 -0.00463362 -6.21956e-05 -0.000962441 -0.00241105 -0.000479684 0.0015873 0.000256118 0.00092844 -0.000387615 0.00225195 0.00164165 0.000181984 0.000862069 -0.00378
internal_weight=96647 60974 1989 35673 7134 1866 1059 807 5268 5081 2239 1483 972 511 611 657 464 28539 7455 4272 1772 1008 21084 10313 10771 3719 3198 6594 4843 2500
internal_count=96647 60974 1989 35673 7134 1866 1059 807 5268 5081 2239 1483 972 511 611 657 464 28539 7455 4272 1772 1008 21084 10313 10771 3719 3198 6594 4843 2500
is_linear=0
shrinkage=0.05


Tree=223
num_leaves=31
num_cat=0
split_feature=9 10 12 10 9 11 14 12 2 11 9 12 14 12 13 8 13 10 11 11 10 12 12 14 13 13 6 12 11 9
split_gain=1.61935 5.85408 4.41683 2.76947 3.66632 2.8052 2.0845 2.52323 1.91751 2.0772 1.84679 1.84437 1.80461 2.43449 1.98737 1.86275 1.86971 1.7487 1.71774 1.64446 1.57412 1.84989 3.44519 2.19144 1.54642 1.96148 1.51159 1.50548 3.31674 3.25565
threshold=7.8396486500113927 7.1141086558181206 2.4306248239214576 6.9233927857041184 7.5658720169873837 0.012283572797342318 1.4234017701694244 2.6581073991100173 17.500000000000004 0.019595646389531509 7.7620243016729598 2.5031710056371956 1.8436487260493313 0.43231017910896119 1.2640406911598261 2.5000000000000004 2.2327377420467829 7.020237250679477 0.27023824020987602 4.3598454606994954 6.9001640274899589 0.14994059852619793 0.2941640170233652 1.0285614451838905 0.061703856849321469 0.15823962081731302 1.0000000180025095e-35 0.86731382346897345 1.5046791793984504 8.0405943742157699
decision_type=2 2 2 2 2 2 2 2 2 2 2 2 2 2 2 2 2 2 2 2 2 2 2 2 2 2 2 2 2 2
left_child=3 2 12 4 6 -6 7 -1 11 -10 20 -7 13 -2 -15 16 -14 -4 -8 -5 21 24 -23 26 -11 -26 -24 28 -3 -29
right_child=1 27 17 19 5 8 18 -9 9 10 -12 -13 15 14 -16 -17 -18 -19 -20 -21 -22 22 23 -25 25 -27 -28 29 -30 -31
leaf_value=1.956344412856227e-06 -1.8306280648398757e-05 -5.1481911953919421e-06 -0.015532159026694303 3.8817136484094186e-05 -6.2493368808911118e-05 -5.1350003745164431e-05 -0.00078215670958351195 -0.010123339134717075 3.3712031615945429e-05 3.5041788075244364e-07 -0.00056494585410684359 -0.0065470737558219307 0.0011436751585425051 -0.0023946831768932256 -0.0010656611024386033 0.0046766600667920155 -0.0025890784847460296 -0.0071463182017435789 0.001379513307942082 0.0097837748441625197 0.00037733256836041952 0.00055615003921876132 -0.0016064381787548876 0.0002479295601133469 -0.0001201854399958931 -2.5774600100744251e-05 -0.0021723122067512312 0.0016869054374142767 -0.0031070289414673611 2.3174781120460786e-05
leaf_weight=6775 709 36057 104 9885 177 2100 45 158 85 93 103 299 54 221 184 88 52 174 3731 248 335 101 95 523 53 75 42 4074 42 30185
leaf_count=6775 709 36057 104 9885 177 2100 45 158 85 93 103 299 54 221 184 88 52 174 3731 248 335 101 95 523 53 75 42 4074 42 30185
internal_value=3.48416e-05 -8.54832e-05 -0.00308953 0.000382177 -5.40906e-05 -0.00132933 0.00043188 -8.29367e-05 -0.0010502 0.000348837 -0.000105634 -0.00192789 -0.00187309 -0.00264811 -0.00574074 0.00257732 -0.00188679 -0.00881295 0.00137712 0.00101895 0.000398633 -0.000610998 0.000558476 -0.000757576 -0.00463801 -0.00820313 -0.00638686 -1.77663e-05 -0.000243082 0.00021965
internal_weight=96867 71944 1586 24923 14790 4081 10709 6933 3904 1505 1420 2399 1308 1114 405 194 106 278 3776 10133 1317 982 761 660 221 128 137 70358 36099 34259
internal_count=96867 71944 1586 24923 14790 4081 10709 6933 3904 1505 1420 2399 1308 1114 405 194 106 278 3776 10133 1317 982 761 660 221 128 137 70358 36099 34259
is_linear=0
shrinkage=0.05


Tree=224
num_leaves=31
num_cat=0
split_feature=0 12 0 12 12 0 12 0 12 14 12 11 0 12 14 12 0 12 12 14 14 14 12 0 0 12 12 14 1 0
split_gain=2.05967 5.00418 3.75284 5.25959 4.50284 4.2264 4.73721 3.76669 6.23719 5.55747 8.24083 3.40628 3.30663 3.57818 4.89825 4.58952 3.84704 6.5011 3.45024 4.91456 4.17059 3.50409 4.51218 6.68355 5.71205 10.0332 8.72071 6.09261 3.79375 3.34741
threshold=19.500000000000004 2.5031710056371956 17.500000000000004 1.0934661344549224 1.8597649084503747 13.500000000000002 1.8261172215224712 15.500000000000002 1.039915470202802 1.4419369525273356 0.90547479096102712 0.82237912736726237 10.500000000000002 0.74401127841374592 0.55052538487118607 0.27153305017447688 11.500000000000002 0.62800667330029813 1.1621788815330534 1.6859029167546222 1.6577788914878024 0.75473980904493376 2.4306248239214576 12.500000000000002 12.500000000000002 1.8423115137213653 1.4787584222102075 1.3419024302228508 2.5000000000000004 12.500000000000002
decision_type=2 2 2 2 2 2 2 2 2 2 2 2 2 2 2 2 2 2 2 2 2 2 2 2 2 2 2 2 2 2
left_child=2 -2 5 11 -5 12 7 9 -9 10 -7 -4 -1 14 -14 -16 17 -17 20 21 -15 -20 24 -24 26 -26 -23 -27 -25 -21
right_child=1 -3 3 4 -6 6 -8 8 -10 -11 -12 -13 13 18 15 16 -18 -19 19 29 -22 22 23 28 25 27 -28 -29 -30 -31
leaf_value=-6.4529496494733153e-07 -6.1740300543406895e-05 -0.004291064011482537 -0.000647252835790528 0.0066558336032046311 0.001498451256808875 -5.3998170472457921e-05 -0.0020973356549391364 0.0054616531101233049 0.000421780855394871 0.00047753186931250583 -0.002565649671099457 -0.0074476728370705186 0.0089735767924275685 0.0028037544552723115 0.00015885589742834218 0.0012699684204619081 -0.0013459092090280186 -0.0040395651663185676 -0.0020117049061850636 0.0075431326126997522 -0.0055426390198354105 0.010736155521973302 -0.0040321410382850422 0.011698466618742904 -0.0035975378132479144 0.018547503332567262 0.0015871948018575833 -9.1548304903676944e-05 -0.0012790477843064752 0.0014894553871360183
leaf_weight=44285 14730 1355 282 747 6989 1895 6253 372 3765 2476 1367 47 50 953 587 304 404 152 607 1022 59 389 1321 358 766 140 3057 193 467 1232
leaf_count=44285 14730 1355 282 747 6989 1895 6253 372 3765 2476 1367 47 50 953 587 304 404 152 607 1022 59 389 1321 358 766 140 3057 193 467 1232
internal_value=-2.58735e-05 -0.000542431 7.72917e-05 0.00110043 0.00136375 -3.65648e-05 -0.000750248 -6.83544e-05 0.0010817 -0.000897525 -0.00225322 -0.00509119 0.000167714 0.000901667 -0.00138611 -0.00191776 -0.00424419 -0.00109649 0.00122586 0.000931742 0.00400198 0.000301452 0.000631445 -0.00125815 0.00152365 -0.0016151 0.00252467 0.00563063 0.00227273 0.00297249
internal_weight=96624 16085 80539 8065 7736 72474 16128 9875 4137 5738 3262 329 56346 12061 1497 1447 860 456 10564 9552 1012 7298 6691 2146 4545 1099 3446 333 825 2254
internal_count=96624 16085 80539 8065 7736 72474 16128 9875 4137 5738 3262 329 56346 12061 1497 1447 860 456 10564 9552 1012 7298 6691 2146 4545 1099 3446 333 825 2254
is_linear=0
shrinkage=0.05


Tree=225
num_leaves=31
num_cat=0
split_feature=9 10 1 14 8 14 12 7 11 0 12 14 11 4 1 10 11 13 14 14 14 4 13 14 11 12 0 12 12 8
split_gain=1.81426 2.73014 1.4718 1.77798 1.70114 3.34612 1.54601 1.35601 1.45225 1.35708 1.30992 1.11073 1.1597 1.62105 1.85006 2.64426 1.11348 1.66949 1.12547 1.07329 1.51065 1.09286 1.04732 1.03656 5.78153 3.52305 3.05047 3.39451 3.93489 4.55948
threshold=7.0608597345663666 6.3682407829821726 4.5000000000000009 0.20042166693570657 2.5000000000000004 1.294277290714531 0.015029169175175128 1.0000000180025095e-35 2.520327495166955 2.5000000000000004 0.026997949692522578 0.11502245135679885 2.487910641606947 7.5000000000000009 4.5000000000000009 6.3549855041068239 2.1396246490835984 2.3081449899550406 1.924314182998786 2.0744882328909844 1.8316268875488217 5.5000000000000009 0.15823962081731302 0.84841971260772153 2.3038583728215074 1.8423115137213653 13.500000000000002 0.90547479096102712 1.1621788815330534 1.5000000000000002
decision_type=2 2 2 2 2 2 2 2 2 2 2 2 2 2 2 2 2 2 2 2 2 2 2 2 2 2 2 2 2 2
left_child=2 11 4 10 5 -1 -6 8 9 -8 -4 -2 16 -14 15 -15 17 18 22 20 21 -11 -13 24 25 -3 27 -25 -29 -30
right_child=1 23 3 -5 6 -7 7 -9 -10 19 -12 12 13 14 -16 -17 -18 -19 -20 -21 -22 -23 -24 26 -26 -27 -28 28 29 -31
leaf_value=-2.068005040102095e-06 -6.0182171888330684e-05 -2.5778499280322554e-06 2.5508042282883575e-05 0.002658742711486921 7.7731374856332815e-05 0.0054707148292838575 -7.7542642478217828e-05 0.00043412720283333213 -0.013905199857111895 -0.00026109745927206657 -0.00019599014594617881 0.00012590854741618558 -0.013585144152224915 0.0041323537643936708 -0.010351859904855416 -0.0079876161906177242 0.0045256404441453794 -0.0054761382759961931 0.006897795382356387 0.0094202088934249428 -0.0091195067225057214 5.742865298963588e-05 -0.00010923573604746393 -4.1127680085127111e-05 -0.0036657567338189037 -0.0059576946899920109 -6.1800653779037212e-05 0.0037694693788527748 -0.00012290536092218751 0.0021806132131296898
leaf_weight=262 240 42817 55 236 40 162 55 40 53 137 43 47 55 64 48 42 40 42 54 40 53 230 375 1899 422 191 36430 474 6314 5997
leaf_count=262 240 42817 55 236 40 162 55 40 53 137 43 47 55 64 48 42 40 42 54 40 53 230 375 1899 422 191 36430 474 6314 5997
internal_value=-4.04819e-05 -6.67183e-05 0.00174253 0.00464072 0.000839552 0.00330189 -0.000771605 -0.00139803 -0.00202465 -0.00121359 -0.00102041 -0.00265641 -0.00172751 -0.00490431 -0.00227273 0.00141509 -0.000537634 -0.0011583 -0.000315126 -0.000326087 -0.00107143 6.81199e-05 -0.00118483 -3.91352e-05 -0.000218743 -0.000161598 0.000113472 0.000721874 0.00101486 0.000842742
internal_weight=96957 95551 1406 334 1072 424 648 608 568 515 98 1007 767 209 154 106 558 518 476 460 420 367 422 94544 43430 43008 51114 14684 12785 12311
internal_count=96957 95551 1406 334 1072 424 648 608 568 515 98 1007 767 209 154 106 558 518 476 460 420 367 422 94544 43430 43008 51114 14684 12785 12311
is_linear=0
shrinkage=0.05


Tree=226
num_leaves=31
num_cat=0
split_feature=0 12 8 0 0 12 8 12 0 12 8 14 12 13 12 4 12 8 8 12 0 12 13 12 12 2 12 4 0 8
split_gain=1.90518 4.23954 3.74872 3.5761 4.40738 12.6526 4.62866 4.42448 5.06334 5.77047 4.62295 4.55653 6.46136 3.89632 3.51975 3.43063 3.69258 3.18631 7.17291 6.96754 6.64091 8.05836 4.95069 4.70527 4.44335 4.08848 3.6071 3.45474 3.20471 3.40859
threshold=20.500000000000004 1.8967190785398451 1.0000000180025095e-35 16.500000000000004 14.500000000000002 1.7941351180353482 1.5000000000000002 0.72412079033307097 15.500000000000002 1.2571163216650165 1.5000000000000002 1.4234017701694244 1.111259116614127 2.0429741373427102 0.23801269327374347 6.5000000000000009 2.3181706551236823 1.5000000000000002 2.5000000000000004 2.6062466583150026 18.500000000000004 1.0776131046609396 1.3247073119978052 1.4787584222102075 1.3835488272055205 9.5000000000000018 1.8423115137213653 6.5000000000000009 17.500000000000004 1.0000000180025095e-35
decision_type=2 2 2 2 2 2 2 2 2 2 2 2 2 2 2 2 2 2 2 2 2 2 2 2 2 2 2 2 2 2
left_child=3 -2 -3 4 -1 7 15 -6 11 -10 13 12 -9 -11 -5 -7 -17 19 24 22 23 -22 25 -20 -19 -16 27 -23 -21 -30
right_child=1 2 -4 14 5 6 -8 8 9 10 -12 -13 -14 -15 17 16 -18 18 20 28 21 26 -24 -25 -26 -27 -28 -29 29 -31
leaf_value=9.6127142297675488e-07 -6.8245281645920583e-05 -0.022274454077392127 -0.0036367125546697189 0.0009208681114759934 0.0027187303243897789 -0.012215623669363688 -0.0033858779344500436 -0.00094374970321550462 0.003613332093356614 -0.0034725122929876342 0.0020573625001494233 -2.632551960546903e-05 -0.0049662258896694903 0.0022693873717381935 -0.0028208044495029228 -0.0026938840281570675 -0.018118137892015353 -0.00087678986148989342 0.015654894861143711 -0.0049104491660396212 0.0055652779630467972 -0.0023849498036871532 0.0053604088025877017 0.0019305929681370211 -0.023755060168551192 0.0035060679194992119 -0.0059160746719851831 0.0014566623284675174 0.0025897369067649002 -0.0016071375373480025
leaf_weight=60370 11483 53 528 85 337 174 1087 1058 1051 871 794 1608 353 236 599 373 88 536 57 672 208 581 3057 2984 45 633 1365 838 2780 1585
leaf_count=60370 11483 53 528 85 337 174 1087 1058 1051 871 794 1608 353 236 599 373 88 536 57 672 208 581 3057 2984 45 633 1365 838 2780 1585
internal_value=-2.1505e-05 -0.000609251 -0.00477625 6.24815e-05 -9.50292e-05 -0.00119552 -0.00499419 -0.000158529 -0.00047312 0.000999322 -0.000644398 -0.00191289 -0.00398653 -0.00273261 0.000734789 -0.00838583 -0.00612798 0.000680678 -0.000158754 0.001276 0.000352229 -0.00132019 0.00275705 0.0019977 -0.00546472 8.11688e-05 -0.00202945 -0.000264271 1.48898e-05 0.000509737
internal_weight=96489 12064 581 84425 68400 8030 1722 6308 5971 2952 1901 3019 1411 1107 16025 635 461 15940 6614 9326 6033 2992 4289 3041 581 1232 2784 1419 5037 4365
internal_count=96489 12064 581 84425 68400 8030 1722 6308 5971 2952 1901 3019 1411 1107 16025 635 461 15940 6614 9326 6033 2992 4289 3041 581 1232 2784 1419 5037 4365
is_linear=0
shrinkage=0.05


Tree=227
num_leaves=31
num_cat=0
split_feature=11 14 9 11 9 14 2 14 10 2 1 11 11 13 9 10 0 8 13 13 8 3 8 0 11 0 13 4 4 0
split_gain=1.34954 2.7206 2.15115 1.71967 2.07147 1.64609 1.65364 1.52132 1.2692 1.25242 7.51927 2.89056 2.2172 2.04557 2.11007 1.74467 2.32636 1.49544 1.46517 1.452 1.18873 4.79245 2.19914 8.98389 4.9818 2.59694 2.95916 2.91081 1.93109 1.67201
threshold=4.9651627472506323 1.3590842466151341 9.363959323642657 4.7289472569738589 8.0405943742157699 3.0374753188956065 5.5000000000000009 2.1067637228976905 7.5169598942300491 2.5000000000000004 3.5000000000000004 1.9217326278759874 1.5215877988838853 2.2100280715990692 8.525936109856449 7.3398082084131016 19.500000000000004 3.5000000000000004 0.010228374245728958 2.723978302359801 2.5000000000000004 1.0000000180025095e-35 1.5000000000000002 16.500000000000004 0.55908964553542562 10.500000000000002 0.020304697831975856 5.5000000000000009 1.0000000180025095e-35 15.500000000000002
decision_type=2 2 2 2 2 2 2 2 2 2 2 2 2 2 2 2 2 2 2 2 2 2 2 2 2 2 2 2 2 2
left_child=3 -2 5 9 -5 6 7 -3 -9 10 11 -1 18 14 17 19 -17 -13 -12 -15 22 -22 -11 25 28 26 -24 -28 -25 -27
right_child=1 2 -4 4 -6 -7 -8 8 -10 20 12 13 -14 15 -16 16 -18 -19 -20 -21 21 -23 23 24 -26 29 27 -29 -30 -31
leaf_value=4.230480612263561e-06 -0.0058203689621150502 -0.0033174279391741004 -0.0057704723252379915 0.010424304620047854 0.00090731486839795705 -0.0073933751977326104 -0.0006284929125910222 0.039406351628046912 0.013938963036328867 2.0675460040712936e-06 5.377238326722909e-05 0.0035456762042745172 -0.0089707034312609627 -0.017521614274146537 0.018142859846727411 0.016959592279045255 -0.0060720104637775555 0.021892948797791512 -6.1367545528313207e-05 0.0056019923164526645 -1.9076548003431338e-05 3.785012151130453e-05 8.5073487527528863e-05 -0.0013987833725196354 -0.0040816014781375701 0.01172743089175401 -4.9566807713294536e-05 8.3130190498710663e-05 7.9887778060193371e-05 0.00047610276597183647
leaf_weight=3610 222 72 42 142 232 80 1748 67 47 49357 61 430 763 75 126 134 42 79 3818 50 22829 9373 235 131 285 614 508 932 623 148
leaf_count=3610 222 72 42 142 232 80 1748 67 47 49357 61 430 763 75 126 134 42 79 3818 50 22829 9373 235 131 285 614 508 932 623 148
internal_value=-7.04516e-05 -0.00127305 -0.000705253 -4.14918e-05 0.00334225 -0.000471698 -0.000180972 0.00430108 0.00789474 -5.49229e-05 -0.000609491 0.0008359 -0.00202499 0.00331197 0.00492126 -8.30565e-05 0.003125 0.00348723 -0.00154035 -0.0046 4.99794e-06 -0.000234457 0.000150947 0.00136651 -0.00252647 0.00302626 0.00192537 0.00107639 -0.000397878 0.00544619
internal_weight=96875 2278 2056 94597 374 2014 1934 186 114 94223 9188 4546 4642 936 635 301 176 509 3879 125 85035 32202 52833 3476 1039 2437 1675 1440 754 762
internal_count=96875 2278 2056 94597 374 2014 1934 186 114 94223 9188 4546 4642 936 635 301 176 509 3879 125 85035 32202 52833 3476 1039 2437 1675 1440 754 762
is_linear=0
shrinkage=0.05


Tree=228
num_leaves=31
num_cat=0
split_feature=9 13 12 1 11 0 9 1 8 3 13 4 0 11 12 2 13 1 13 8 12 11 11 13 2 14 11 14 0 9
split_gain=1.06519 1.7758 2.09911 2.04199 2.74331 1.82378 2.20731 1.70669 1.69559 2.19941 1.69113 2.43622 1.66487 2.56099 1.86197 2.07615 1.82824 1.78547 1.72325 1.75605 2.23263 3.30777 1.69927 1.56143 2.40489 2.38751 2.28137 2.09582 1.68188 1.95866
threshold=7.8035243568208967 0.079077928681721546 0.21195280718300627 5.5000000000000009 0.031903568509714618 7.5000000000000009 7.6330002734839537 2.5000000000000004 1.0000000180025095e-35 1.0000000180025095e-35 0.13164469831455791 1.0000000180025095e-35 1.5000000000000002 0.018813966527785261 1.9146524175529998 2.5000000000000004 0.17065110039629119 3.5000000000000004 0.68302218900088374 3.5000000000000004 2.8406717104720709 3.8547777300917869 0.011656004753648098 1.7364893904591325 4.5000000000000009 1.5361014333496903 0.93530309377049814 2.2538453153242952 12.500000000000002 7.5307873048590457
decision_type=2 2 2 2 2 2 2 2 2 2 2 2 2 2 2 2 2 2 2 2 2 2 2 2 2 2 2 2 2 2
left_child=1 2 3 5 -5 -1 7 -7 9 -3 11 -10 13 16 15 -14 -12 -18 -16 -20 -21 -22 -17 25 27 28 -27 -25 -11 -30
right_child=-2 8 -4 4 -6 6 -8 -9 10 23 12 -13 14 -15 18 22 17 -19 19 20 21 -23 -24 24 -26 26 -28 -29 29 -31
leaf_value=-6.7014243227094077e-06 -4.4757722761836793e-06 2.2719579907218942e-05 -0.00056155745148143217 -6.3355566063469721e-06 0.00015831089402755695 0.0002997248257458729 -0.00055638256302698583 -0.00074138691534479109 -0.00010215010555413278 7.7105700015759999e-05 9.6258431556218847e-05 7.9961094062952538e-05 -0.00035323870579855374 -3.7471790772117439e-05 -0.010180670944291693 6.6823015653089468e-05 1.1997465480348326e-05 -2.9731697997041791e-05 -0.0011141893680299609 0.0034846310128721527 -0.009963987947816234 0.0063912889219084335 0.00015254818293005198 0.0077794464129538167 0.010057210375626683 -0.004417738269888033 0.0024030598548733465 -0.0045383053481588389 0.0056545480000074286 0.0013935175925600786
leaf_weight=3086 74427 2556 70 280 202 45 50 46 118 641 72 710 832 450 42 63 428 317 3149 469 128 69 7438 166 222 92 183 101 100 130
leaf_count=3086 74427 2556 70 280 202 45 50 46 118 641 72 710 832 450 42 63 428 317 3149 469 128 69 7438 166 222 92 183 101 100 130
internal_value=-2.37893e-05 0.000279712 -0.000707859 -0.000545969 0.00248963 -0.00099938 -0.00656028 -0.00192308 0.000481706 0.00136602 0.000222261 0.00241546 8.73152e-05 -0.00163773 0.000266612 0.000687027 3.05998e-05 -0.000704698 -0.00064169 -0.000530799 0.0018018 -0.00266497 0.000949873 0.00279817 0.0051636 0.00178883 -0.00227273 0.00196629 0.00307118 0.00673913
internal_weight=96682 22255 3779 3709 482 3227 141 91 18476 4191 14285 828 13457 1267 12190 8333 817 745 3857 3815 666 197 7501 1635 489 1146 275 267 871 230
internal_count=96682 22255 3779 3709 482 3227 141 91 18476 4191 14285 828 13457 1267 12190 8333 817 745 3857 3815 666 197 7501 1635 489 1146 275 267 871 230
is_linear=0
shrinkage=0.05


Tree=229
num_leaves=31
num_cat=0
split_feature=11 9 12 2 2 2 12 4 13 0 12 0 14 11 10 2 13 4 2 4 12 4 2 12 12 11 4 11 8 14
split_gain=1.79155 2.13338 2.29977 1.9846 3.07026 5.03767 3.09281 5.52461 2.32304 3.12228 2.30496 2.99274 2.18623 2.14343 1.99549 1.96893 1.65103 1.62285 1.57999 7.43918 6.44637 4.51158 4.47566 3.64595 3.35368 2.79144 2.52358 4.22167 4.79206 2.95804
threshold=5.2271684412942863 7.8458564239234958 4.6570589242905376 17.500000000000004 12.500000000000002 11.500000000000002 3.373311256205707 5.5000000000000009 2.394618835683934 20.500000000000004 4.6570589242905376 14.500000000000002 2.3437685657724976 0.018813966527785261 7.2991424289081417 1.5000000000000002 2.0804859537482581 3.5000000000000004 9.5000000000000018 5.5000000000000009 0.18962242370120233 3.5000000000000004 7.5000000000000009 2.6062466583150026 0.28214596688078336 0.29824169358431057 7.5000000000000009 1.4165078373129989 1.0000000180025095e-35 1.3506517479241213
decision_type=2 2 2 2 2 2 2 2 2 2 2 2 2 2 2 2 2 2 2 2 2 2 2 2 2 2 2 2 2 2
left_child=3 2 16 4 5 6 8 -8 18 17 11 12 -9 -7 -11 -13 -2 -10 19 20 -1 25 26 -23 -24 -20 27 -21 -29 -30
right_child=1 -3 -4 -5 -6 13 7 10 9 14 -12 15 -14 -15 -16 -17 -18 -19 21 22 -22 23 24 -25 -26 -27 -28 28 29 -31
leaf_value=4.7686733623898523e-06 3.9050931991768679e-05 -0.0023116867473680527 -0.010849146257350589 7.981274172377991e-06 -4.7663001301838717e-05 -3.5152860487441648e-05 -0.011007960548215779 -0.0022753253622818325 -0.0038537205697259714 0.0017054197290553852 0.012434562079526069 0.0059470597712116382 0.017431458768102492 0.00013014470144946121 -0.0026731573501157097 -0.010445714458808087 0.0079721031969436258 0.0051086529546405636 9.3986655753190803e-06 -3.6247982850787406e-06 -0.0013767306378570739 3.5979807936489374e-05 -7.5369817088824164e-07 0.010441196214012516 0.0016510686259532783 -0.0012068396334543492 -6.5094273919361068e-07 -0.0073897039428586671 -0.0043776294595028048 -0.00042879542951948795
leaf_weight=1541 171 1510 68 33566 11567 116 232 275 58 132 180 103 104 2116 233 515 150 1194 830 2643 2879 4351 1718 97 2437 1228 25232 338 328 804
leaf_count=1541 171 1510 68 33566 11567 116 232 275 58 132 180 103 104 2116 233 515 150 1194 830 2643 2879 4351 1718 97 2437 1228 25232 338 328 804
internal_value=-4.6011e-05 -0.00156661 0.00173522 -1.55563e-05 -0.000184895 -1.4089e-05 -0.000123282 -0.0024308 -5.26682e-05 0.00180891 -0.00104078 -0.00198094 0.00151715 0.00230735 -0.00226027 -0.00412621 0.00350467 0.00299521 -0.000120425 -0.000243935 -0.00217195 0.000599447 1.04478e-05 0.00149505 0.00154633 -0.00133625 -0.00020702 -0.00135546 -0.0035034 -0.00194346
internal_weight=96716 1899 389 94817 61251 49684 47452 1409 46043 1617 1177 997 379 2232 365 618 321 1252 44426 37920 4420 6506 33500 4448 4155 2058 29345 4113 1470 1132
internal_count=96716 1899 389 94817 61251 49684 47452 1409 46043 1617 1177 997 379 2232 365 618 321 1252 44426 37920 4420 6506 33500 4448 4155 2058 29345 4113 1470 1132
is_linear=0
shrinkage=0.05


Tree=230
num_leaves=31
num_cat=0
split_feature=0 12 11 8 0 8 12 12 14 4 13 11 11 12 2 12 11 0 8 12 7 12 8 11 9 4 12 13 0 8
split_gain=1.83532 3.58737 4.09299 2.95364 3.06102 3.78651 4.82784 2.62355 2.54196 2.23382 2.23129 2.11044 2.00868 1.97414 1.76873 1.63483 2.07749 1.56191 3.05446 3.35097 3.12502 3.20013 2.89343 2.69654 3.50324 2.26579 2.22531 4.41453 4.09139 7.19475
threshold=20.500000000000004 1.3511854668059446 0.68394140137149251 2.5000000000000004 21.500000000000004 1.0000000180025095e-35 1.8261172215224712 1.6263503427068005 1.6952142143795002 8.5000000000000018 2.6683609345475703 2.2773597956675844 1.794938462183576 1.5596605137936936 18.500000000000004 2.4783214366956514 2.7050664919739842 3.5000000000000004 1.0000000180025095e-35 0.022265249142163917 1.0000000180025095e-35 0.026997949692522578 1.5000000000000002 0.020534942116858006 7.8091902996431424 2.5000000000000004 2.1666505857418072 0.8763749999003746 16.500000000000004 1.0000000180025095e-35
decision_type=2 2 2 2 2 2 2 2 2 2 2 2 2 2 2 2 2 2 2 2 2 2 2 2 2 2 2 2 2 2
left_child=17 11 -3 4 5 7 8 -4 12 -9 15 -2 -7 14 -6 16 -8 18 -1 22 23 -22 -20 -21 -25 -26 28 -28 -19 -30
right_child=1 2 3 -5 13 6 10 9 -10 -11 -12 -13 -14 -15 -16 -17 -18 26 19 20 21 -23 -24 24 25 -27 27 -29 29 -31
leaf_value=7.0230041186886491e-06 -3.9586424351492622e-05 -0.011963048884986083 -0.0025672134688452201 -0.012282196271563706 -0.0084251569102299258 -0.005941750626027642 -0.0034387502173144876 -0.014381049652108359 0.0067777427360060207 -0.006391560105095867 0.002759098808022201 -0.005545996340413451 0.004185338358936125 -0.012401713770387991 0.0011929576138686615 -0.014638801071494621 0.0012014271306901971 6.1432519232342176e-06 -1.4876452642076984e-05 -0.00011046714426092269 0.00011301158016984136 -3.0880958068412855e-05 2.1743046467358889e-06 -7.2460902552080796e-05 -0.00015366294783057799 -1.3205832944460442e-06 -0.0053647291936064437 -0.00024388909696836382 0.01337515123613719 0.00077077210707651169
leaf_weight=4535 10179 97 301 56 80 65 364 45 387 115 108 41 42 51 55 84 67 44036 4667 334 143 312 5503 110 40 472 626 17708 458 5713
leaf_count=4535 10179 97 301 56 80 65 364 45 387 115 108 41 42 51 55 84 67 44036 4667 334 143 312 5503 110 40 472 626 17708 458 5713
internal_value=-6.14708e-05 -0.000636483 -0.00262128 -0.00208791 -0.00172902 -0.00101394 0.000559534 -0.00482646 0.00425101 -0.01 -0.00236758 -0.000264188 -0.00257009 -0.0077957 -0.00462963 -0.00373786 -0.0024942 2.0967e-05 -0.000421941 -0.00085269 -0.00313607 0.000274725 -0.00053589 -0.00475941 -0.0028135 -0.00107422 0.000125108 -0.000346351 0.000297269 0.001503
internal_weight=96794 12137 1917 1820 1764 1578 1117 461 494 160 623 10220 107 186 135 515 431 84657 16116 11581 1411 455 10170 956 622 512 68541 18334 50207 6171
internal_count=96794 12137 1917 1820 1764 1578 1117 461 494 160 623 10220 107 186 135 515 431 84657 16116 11581 1411 455 10170 956 622 512 68541 18334 50207 6171
is_linear=0
shrinkage=0.05


Tree=231
num_leaves=31
num_cat=0
split_feature=1 2 12 8 12 11 11 12 1 2 12 11 14 8 8 14 4 0 9 8 0 13 12 7 8 2 2 14 12 2
split_gain=1.31412 3.70147 3.82886 3.7364 2.80972 2.77123 2.33271 1.79255 9.50933 4.76384 4.7043 3.45145 3.37326 3.16559 2.78101 4.59798 2.9298 2.76158 2.59882 2.5863 3.11323 2.5369 2.55502 3.74451 2.50237 2.40619 2.43549 2.34228 6.76989 4.31848
threshold=5.5000000000000009 11.500000000000002 0.27153305017447688 2.5000000000000004 0.03057491011296894 0.20737836948696584 0.22204193438121464 2.1454331528412554 3.5000000000000004 3.5000000000000004 3.6242137430533221 0.80747147779981054 1.3234149717375743 1.0000000180025095e-35 1.0000000180025095e-35 2.2746248560556226 1.0000000180025095e-35 8.5000000000000018 8.9644971099887716 2.5000000000000004 10.500000000000002 1.7494754156615933 3.2481109671717454 1.0000000180025095e-35 1.5000000000000002 9.5000000000000018 8.5000000000000018 0.65351835533872782 1.144642841892302 28.500000000000004
decision_type=2 2 2 2 2 2 2 2 2 2 2 2 2 2 2 2 2 2 2 2 2 2 2 2 2 2 2 2 2 2
left_child=7 2 4 -3 -2 -6 -4 27 9 13 25 -11 19 -9 15 16 -14 -16 -18 20 -13 22 -19 -24 -15 26 -10 28 -1 -29
right_child=1 3 6 -5 5 -7 -8 8 10 11 -12 12 14 24 17 -17 18 21 -20 -21 -22 -23 23 -25 -26 -27 -28 29 -30 -31
leaf_value=-2.9416428315309427e-06 -3.5635423853814034e-06 9.945226862426672e-05 -0.0023572301070496739 -8.0760135245974172e-06 0.00023261862671011165 -5.4752738175903318e-05 -0.00087357215254248448 0.01653094243385551 -0.0052165951668803673 -0.01261339081573918 -0.015468422080279598 -0.011260303727466789 0.030582321331511508 -0.0039185510843934733 0.0070917016812892756 -0.00066608827953115735 0.0043956611865493492 -0.0014368236981112004 -0.0040500557737318419 4.8977636075975273e-05 -0.0041644519663937094 0.00021971896538369176 -0.014007594071107988 0.0046438493168615147 0.0065797680620377948 -0.00084642808071705433 -0.0083050033935419664 7.3030644572717138e-05 -0.0031906740720407003 -0.0002476651115091738
leaf_weight=33779 1494 4307 79 2562 625 305 4361 343 1309 151 266 106 263 205 277 1462 1391 2137 185 584 714 3508 183 78 464 1322 330 29565 1007 3252
leaf_count=33779 1494 4307 79 2562 625 305 4361 343 1309 151 266 106 263 205 277 1462 1391 2137 185 584 714 3508 183 78 464 1322 330 29565 1007 3252
internal_value=-5.434e-05 0.000398675 -0.000422494 0.00121925 0.00117574 0.00333333 -0.00129505 -0.000129402 -0.000618536 2.69687e-05 -0.00302913 -0.000274028 -0.000169912 0.00331028 0.000168705 0.0013405 0.00300435 -0.000456898 0.00218909 -0.00245726 -0.00426829 -0.000685743 -0.00193912 -0.0066092 0.00130792 -0.00245694 -0.00373703 -1.88601e-05 -0.00030472 0.000284152
internal_weight=96614 13733 6864 6869 2424 930 4440 82881 15278 12051 3227 11039 10888 1012 9484 3301 1839 6183 1576 1404 820 5906 2398 261 669 2961 1639 67603 34786 32817
internal_count=96614 13733 6864 6869 2424 930 4440 82881 15278 12051 3227 11039 10888 1012 9484 3301 1839 6183 1576 1404 820 5906 2398 261 669 2961 1639 67603 34786 32817
is_linear=0
shrinkage=0.05


Tree=232
num_leaves=31
num_cat=0
split_feature=0 12 14 0 8 8 12 0 12 14 0 12 4 1 2 12 12 11 2 12 0 12 13 13 13 2 12 4 4 12
split_gain=1.9383 3.32768 2.77267 5.06382 2.7133 4.92799 3.80084 4.13205 4.58919 3.72816 3.61924 4.2408 3.54607 2.35075 4.13738 4.00908 2.53723 2.36952 2.18957 2.13501 5.94667 5.23073 2.41159 2.21452 2.47967 2.7015 2.04667 2.22859 2.90182 2.04115
threshold=20.500000000000004 0.57193571077305461 0.61344849924216194 21.500000000000004 2.5000000000000004 1.0000000180025095e-35 1.710405393121722 21.500000000000004 1.0011105265823765 1.8545386836499953 21.500000000000004 0.86731382346897345 4.5000000000000009 3.5000000000000004 2.5000000000000004 0.3066224417723053 4.0035509476549178 0.17413750309781456 6.5000000000000009 1.9146524175529998 21.500000000000004 1.3677312072546379 1.8739681583590952 2.5731981536595332 1.4188394292409696 28.500000000000004 0.76537315468129263 5.5000000000000009 9.5000000000000018 0.3066224417723053
decision_type=2 2 2 2 2 2 2 2 2 2 2 2 2 2 2 2 2 2 2 2 2 2 2 2 2 2 2 2 2 2
left_child=13 2 18 -4 5 6 7 8 -3 -10 11 12 -6 -1 15 17 -17 -15 -2 20 -7 -22 -23 24 -21 -26 27 -9 -29 -5
right_child=1 4 3 29 10 19 -8 26 9 -11 -12 -13 -14 14 -16 16 -18 -19 -20 23 21 22 -24 -25 25 -27 -28 28 -30 -31
leaf_value=1.0956545250808423e-05 -0.00079997210503169605 0.005458035478816659 0.0019924790001352526 0.00015713398168549358 -0.002995775366878989 0.0050529345990159187 -0.011892861879383272 -0.0037388567162711956 -0.0047614195095188223 -0.0007686643756336293 -0.0026841884749246774 -0.0041575390170163432 0.00089156102771075505 -1.8401918837197223e-06 2.7335128640407215e-07 -0.0021170404178152968 -0.027232547033052026 0.001739877077495887 -6.7376885773287604e-05 0.0095536912097051348 6.9985501296476743e-05 -0.0085633991473302029 -0.0024069725918032694 0.0021004123419832046 -0.0043263876056631959 -0.012786999961688618 -0.011417331723613144 0.0014602087286024455 -0.00080550131329777891 -0.00022764375621348032
leaf_weight=48348 201 153 250 2867 228 712 115 64 149 717 100 507 534 1554 32215 2395 82 65 511 46 1749 80 115 120 305 52 42 42 154 2359
leaf_count=48348 201 153 250 2867 228 712 115 64 149 717 100 507 534 1554 32215 2395 82 65 511 46 1749 80 115 120 305 52 42 42 154 2359
internal_value=4.36327e-05 -0.000546336 0.000266645 0.000648283 -0.00138703 -0.000807151 -0.00323816 -0.00247918 -0.00095682 -0.00236721 -0.00334186 -0.00262017 -0.000262467 0.000128457 -0.000175567 -0.00167236 -0.00293702 0.000262508 -0.00266854 0.000290972 0.000865964 -0.000565844 -0.00833333 -0.00262906 -0.00440447 -0.00581232 -0.00761589 -0.00596154 -0.00331633 0.000315729
internal_weight=96831 12172 6188 5476 5984 4615 1436 1321 1019 866 1369 1269 762 84659 36311 4096 2477 1619 712 3179 2656 1944 195 523 403 357 302 260 196 5226
internal_count=96831 12172 6188 5476 5984 4615 1436 1321 1019 866 1369 1269 762 84659 36311 4096 2477 1619 712 3179 2656 1944 195 523 403 357 302 260 196 5226
is_linear=0
shrinkage=0.05


Tree=233
num_leaves=31
num_cat=0
split_feature=11 14 13 9 12 2 9 9 12 0 0 14 0 8 13 0 0 12 12 6 2 0 0 8 12 11 1 2 8 12
split_gain=1.3626 1.53641 2.47396 2.17302 2.2881 1.86115 1.59507 1.50453 1.36592 3.68451 4.10682 2.58756 5.59242 3.60152 4.2714 3.99506 5.69652 4.28275 3.50083 3.2631 3.19837 3.18 4.00914 3.10446 3.12581 3.03068 2.78105 2.74346 2.74098 4.12732
threshold=7.701608116388571 2.36773265736463 1.7632493506213716 8.3523553982831391 1.9146524175529998 1.5000000000000002 7.5307873048590457 8.2091043087849211 2.0853656062197135 8.5000000000000018 10.500000000000002 1.7142594256379193 12.500000000000002 1.0000000180025095e-35 0.79621563173389942 12.500000000000002 13.500000000000002 2.3629150681186144 2.3629150681186144 1.0000000180025095e-35 11.500000000000002 17.500000000000004 19.500000000000004 3.5000000000000004 2.9079687597149522 2.6267992396547988 3.5000000000000004 7.5000000000000009 1.0000000180025095e-35 3.7319206342178548
decision_type=2 2 2 2 2 2 2 2 2 2 2 2 2 2 2 2 2 2 2 2 2 2 2 2 2 2 2 2 2 2
left_child=1 8 3 6 -5 -4 -3 -2 -1 -10 -11 13 -13 15 -15 18 17 -17 -12 26 25 -14 28 24 -24 -16 -19 -26 -23 -30
right_child=7 2 5 4 -6 -7 -8 -9 9 10 11 12 21 14 20 16 -18 19 -20 -21 -22 22 23 -25 27 -27 -28 -29 29 -31
leaf_value=1.0759993451239618e-06 -0.010176332850067943 -0.0092703686996334477 0.011939548627105735 0.0012229797530433795 -0.010741063377472571 0.0011163471260787539 0.0016130218902847384 -0.00017436991015843951 0.0033773018542808454 -0.0052875144513180768 0.0032345233087928528 0.0064011095809842107 -0.0021771618474645039 -0.013225312217276786 -0.0063286298623729921 0.017865571249543733 -0.0015506010784348658 0.016633870119630634 -0.0055932809090809554 -0.0066350630740671605 -0.00055152847819801571 0.0057749728604127859 -2.6770234159501084e-05 -0.016749610691670424 -0.016010701090126655 -0.0010815305663510744 0.00078912733655740481 -0.0031152112193895578 0.0011656976780570539 -0.014325891878542663
leaf_weight=75349 184 45 134 48 120 3836 207 202 843 822 244 707 2301 107 1095 110 874 446 583 55 2113 1128 1125 41 106 923 308 203 2087 100
leaf_count=75349 184 45 134 48 120 3836 207 202 843 822 244 707 2301 107 1095 110 874 446 583 55 2113 1128 1125 41 106 923 308 203 2087 100
internal_value=-1.45159e-05 -2.60254e-06 0.000911162 -0.0027381 -0.00714286 0.00129723 0.000198413 -0.00297927 -4.6362e-05 -0.000461062 -0.000636387 -0.000443504 0.000179533 -0.00115194 -0.00205286 0.000305344 0.00163134 0.00437976 -0.00256953 0.00312114 -0.00179739 -0.000243266 0.000490605 -0.00167797 -0.0012901 -0.00322101 0.00397878 -0.00574434 0.00145551 0.000422954
internal_weight=96446 96060 4390 420 168 3970 252 386 91670 16321 15478 14656 7798 6858 4238 2620 1793 919 827 809 4131 7091 4790 1475 1434 2018 754 309 3315 2187
internal_count=96446 96060 4390 420 168 3970 252 386 91670 16321 15478 14656 7798 6858 4238 2620 1793 919 827 809 4131 7091 4790 1475 1434 2018 754 309 3315 2187
is_linear=0
shrinkage=0.05


Tree=234
num_leaves=31
num_cat=0
split_feature=7 10 9 13 12 4 8 1 2 12 4 2 8 11 12 12 14 14 10 13 11 9 2 1 12 12 9 12 12 8
split_gain=1.50683 2.03494 3.98285 1.95588 1.84855 3.41262 2.89519 3.46999 2.35396 2.32526 2.29438 4.88383 4.12909 2.34998 4.88259 2.3113 2.29397 2.76907 2.40568 2.35088 2.13819 2.43536 1.97871 3.21835 3.26919 4.07408 3.26265 2.34171 1.98124 2.15618
threshold=1.0000000180025095e-35 6.3950671084078259 7.1630773463029307 0.013320098803563411 3.373311256205707 1.0000000180025095e-35 2.5000000000000004 2.5000000000000004 28.500000000000004 5.1016967195759895 2.5000000000000004 17.500000000000004 1.0000000180025095e-35 0.23767433275110014 1.111259116614127 0.017273622618214992 1.0561918689278753 0.45677519373947462 8.086746418141443 0.12649949122913601 4.7289472569738589 7.7087520103045053 3.5000000000000004 4.5000000000000009 0.3066224417723053 0.43231017910896119 8.4022731314817474 0.032781885571144261 0.013162474226473111 1.5000000000000002
decision_type=2 2 2 2 2 2 2 2 2 2 2 2 2 2 2 2 2 2 2 2 2 2 2 2 2 2 2 2 2 2
left_child=1 2 3 -1 10 -6 7 8 -7 20 11 15 13 -13 -15 -3 17 18 -14 -20 -9 -22 23 28 27 26 -26 -25 29 -12
right_child=-2 4 -4 -5 5 6 -8 9 -10 -11 22 12 16 14 -16 -17 -18 -19 19 -21 21 -23 -24 24 25 -27 -28 -29 -30 -31
leaf_value=5.0847455131057844e-05 5.516189897404513e-05 9.274186518116969e-06 -0.00015886591258960166 -1.9857101621309495e-05 0.024649846449431845 -0.00020698951766398024 -0.0085859993698087066 -0.0095803305183219892 0.01724760168710773 0.0041540567910614669 -5.740279935201789e-05 5.3773435088987077e-05 -2.2053479976509412e-05 0.011473393218999107 0.0078042208873202014 -0.00010087329449462229 0.00087137343807025536 -0.00025186839784217385 9.0046440569049877e-07 0.00054242493136460079 0.0080677447320637707 -0.0032088907802459102 9.0113486810827072e-06 -1.5690990194013695e-05 -0.0013893603184425716 -0.0023523133937482679 -0.0025787496162696963 0.00029616872043583683 1.6103318860354304e-05 3.922463321385482e-05
leaf_weight=56 3450 1216 598 1601 335 1064 328 716 262 176 161 899 1290 215 663 9226 2135 908 151 105 46 503 58302 1014 84 2373 47 621 8132 74
leaf_count=56 3450 1216 598 1601 335 1064 328 716 262 176 161 899 1290 215 663 9226 2135 908 151 105 46 503 58302 1014 84 2373 47 621 8132 74
internal_value=2.84235e-06 -3.51014e-05 -0.00151885 -0.000256488 1.64752e-06 -0.00113703 -0.0016559 -0.00112938 0.00071644 -0.0028279 4.62244e-05 -0.000478939 0.00061263 0.00265898 0.00449886 -0.00114442 -0.000179778 -0.00122249 6.46831e-05 0.00449219 -0.00357708 -0.00122951 0.000170885 -0.000399808 -0.00154023 -0.00267572 -0.0112595 0.000198777 0.000164336 -0.0043617
internal_weight=96751 93301 2255 1657 91046 3430 3095 2767 1326 1441 87616 16808 6366 1777 878 10442 4589 2454 1546 256 1265 549 70808 12506 4139 2504 131 1635 8367 235
internal_count=96751 93301 2255 1657 91046 3430 3095 2767 1326 1441 87616 16808 6366 1777 878 10442 4589 2454 1546 256 1265 549 70808 12506 4139 2504 131 1635 8367 235
is_linear=0
shrinkage=0.05


Tree=235
num_leaves=31
num_cat=0
split_feature=7 12 14 0 8 14 4 8 12 8 0 0 4 10 2 14 14 0 0 2 10 0 12 8 0 0 8 8 12 8
split_gain=1.56867 2.45837 3.06294 3.15607 3.56766 5.19537 4.59871 3.86283 3.5118 2.69971 2.69906 3.35658 3.07106 2.55629 2.38686 2.1537 2.45082 2.1902 2.12302 2.08142 2.02697 1.91173 2.43343 4.32463 1.94747 4.11973 3.95415 7.15077 4.00557 5.24797
threshold=1.0000000180025095e-35 2.8406717104720709 1.3952280761848197 19.500000000000004 2.5000000000000004 2.214016318150803 1.0000000180025095e-35 1.5000000000000002 3.373311256205707 3.5000000000000004 17.500000000000004 13.500000000000002 7.5000000000000009 7.1017702902493847 4.5000000000000009 0.024121603797408502 0.020959597967979939 4.5000000000000009 12.500000000000002 18.500000000000004 7.9382482798676763 2.5000000000000004 0.022644289869261477 1.0000000180025095e-35 20.500000000000004 16.500000000000004 1.5000000000000002 3.5000000000000004 0.23801269327374347 2.5000000000000004
decision_type=2 2 2 2 2 2 2 2 2 2 2 2 2 2 2 2 2 2 2 2 2 2 2 2 2 2 2 2 2 2
left_child=1 21 -3 4 6 9 19 10 -9 13 11 12 -8 -6 -15 16 17 -2 -16 20 -4 22 -1 -24 25 -23 -27 28 -28 -30
right_child=15 2 3 -5 5 -7 7 8 -10 -11 -12 -13 -14 14 18 -17 -18 -19 -20 -21 -22 24 23 -25 -26 26 27 -29 29 -31
leaf_value=-2.4939651051276556e-06 4.4539265900674609e-05 -0.0060338434697307965 -0.0033079493403405328 -0.0057731679649412676 0.0012869666864776753 -0.016549353163205726 -0.0036359021670143267 0.012800970975076832 0.00098124281919518283 0.00054938960308748008 0.00028411241973043123 -0.0065950797050013613 0.0065946192794417158 0.00016577666883452747 -0.0067761475682554424 0.00011069907349213828 -0.0001331206227312613 -9.0441117286933607e-05 -0.015325330673044136 0.044910750760866459 0.022017060530979515 -3.4730101572183134e-07 -1.0915810644060486e-05 -6.0672600337899602e-05 -9.7686035249068556e-05 0.0024375857258822132 0.00080776649700478045 0.0034438281975292086 -0.0014674907846170039 -0.00038303475166241442
leaf_weight=9830 141 858 226 702 171 106 149 186 311 551 2424 646 329 108 163 3128 126 71 117 234 63 51558 1344 543 11690 5436 85 1640 579 3289
leaf_count=9830 141 858 226 702 171 106 149 186 311 551 2424 646 329 108 163 3128 126 71 117 234 63 51558 1344 543 11690 5436 85 1640 579 3289
internal_value=-6.35304e-05 -0.000102316 -0.000980392 -0.000609004 -0.000224758 -0.00263158 0.000415937 -0.000154512 0.00397384 -0.00162162 -0.000732807 -0.00275801 0.00041841 -0.00406977 -0.00631443 0.000980958 -0.00281065 0.000471698 -0.00875 0.00482792 0.00198962 -2.73275e-05 -0.000620893 -0.0022655 6.63059e-05 0.000176954 0.00105404 0.000120687 -0.00103086 -0.0012668
internal_weight=96804 93338 7344 6486 5784 1216 4568 4045 497 1110 3548 1124 478 559 388 3466 338 212 280 523 289 85994 11717 1887 74277 62587 11029 5593 3953 3868
internal_count=96804 93338 7344 6486 5784 1216 4568 4045 497 1110 3548 1124 478 559 388 3466 338 212 280 523 289 85994 11717 1887 74277 62587 11029 5593 3953 3868
is_linear=0
shrinkage=0.05


Tree=236
num_leaves=31
num_cat=0
split_feature=0 8 12 11 14 13 14 11 11 14 14 12 12 4 9 10 10 9 0 13 12 11 10 13 2 14 10 0 9 7
split_gain=1.9308 3.7928 3.35977 2.56884 2.30465 2.07749 1.98391 1.7046 2.0702 1.63079 2.59431 1.85597 3.47284 1.78471 1.72013 5.29458 3.14435 2.65519 2.12691 2.14587 2.70525 2.02901 1.87141 1.63609 1.63199 2.04523 1.59675 1.55361 1.66983 1.54795
threshold=3.5000000000000004 1.0000000180025095e-35 0.022265249142163917 0.010196141734858633 1.1510957525484971 0.59844757438908902 0.013101606300135718 0.050315912941337006 0.020045961608430276 0.013904522156853769 0.015435897532715202 0.018035768771074438 0.01560799077449878 5.5000000000000009 8.3969375697215529 7.7216204385013976 7.725688692563093 8.3755311877181793 13.500000000000002 1.4188394292409696 1.0934661344549224 0.22204193438121464 7.5285888970404775 1.6155169693056084 13.500000000000002 0.72009244182909959 8.7588053918615341 17.500000000000004 9.1737000314842359 1.0000000180025095e-35
decision_type=2 2 2 2 2 2 2 2 2 2 2 2 2 2 2 2 2 2 2 2 2 2 2 2 2 2 2 2 2 2
left_child=1 -1 4 -4 6 7 -3 8 29 11 13 12 -2 -11 16 22 -12 -18 -17 20 24 -21 -16 27 25 26 -20 -23 -29 -5
right_child=9 2 3 5 -6 -7 -8 -9 -10 10 14 -13 -14 -15 15 18 17 -19 19 21 -22 23 -24 -25 -26 -27 -28 28 -30 -31
leaf_value=7.6443971550457974e-06 1.5993200188598162e-05 -3.2689081221931292e-05 -0.00023244296980210103 -0.00010656758835461607 -0.00013528876034453672 -9.7913058842446021e-05 -3.7706072924567627e-06 -7.8229918452373074e-05 -9.5347496358370177e-06 2.7036376846706432e-06 2.5668847112796534e-05 -1.0483192621118989e-05 5.747548039004491e-05 -2.5415691381580621e-05 -0.00047396926433708399 3.9450795360448933e-05 0.00084271874988217719 0.0034978855914233639 -0.00043088254576181123 -0.0019557704581833145 -0.0023624534074586146 -0.00015748131510556903 -0.00013083222489557178 -8.5961219553742929e-05 -0.0003031902422441786 0.00043445560635970164 0.0013650676080913457 0.0027123587356235272 -0.0024133247391675328 9.3840656888690563e-06
leaf_weight=4522 618 434 45 248 43 91 9740 75 891 466 51992 234 236 752 330 10315 664 119 273 57 1937 498 3927 5153 989 1077 66 670 99 84
leaf_count=4522 618 434 45 248 43 91 9740 75 891 466 51992 234 236 752 330 10315 664 119 273 57 1937 498 3927 5153 989 1077 66 670 99 84
internal_value=-7.76036e-07 -0.000499289 -0.000976311 -0.00324268 -0.000658217 -0.00286177 -0.000609397 -0.00234977 -0.00190106 9.94135e-05 7.30626e-05 0.00202206 0.00310304 -0.00221675 0.000108743 -0.000229412 0.000271435 0.00341635 9.46342e-05 -0.000395138 -0.00125518 0.000181411 -0.00183815 0.000264798 -0.000135135 0.00095339 -0.00243363 0.00187451 0.00328349 -0.00527108
internal_weight=96645 16173 11651 1434 10217 1389 10174 1298 1223 80472 79384 1088 854 1218 78166 25391 52775 783 21134 10819 4342 6477 4257 6420 2405 1416 339 1267 769 332
internal_count=96645 16173 11651 1434 10217 1389 10174 1298 1223 80472 79384 1088 854 1218 78166 25391 52775 783 21134 10819 4342 6477 4257 6420 2405 1416 339 1267 769 332
is_linear=0
shrinkage=0.05


Tree=237
num_leaves=31
num_cat=0
split_feature=0 14 7 12 13 11 8 0 8 8 12 14 13 10 4 12 0 0 0 0 12 8 1 9 8 2 1 11 1 13
split_gain=1.64127 2.62709 1.79357 1.57962 4.33264 4.50565 2.65625 5.81355 6.82722 4.2027 3.597 4.57914 3.21128 3.42015 2.63359 2.42322 2.72755 2.37328 2.36822 3.68435 2.73105 3.42348 2.67365 2.26768 2.13285 2.29983 2.55833 2.00153 1.97468 3.148
threshold=1.0000000180025095e-35 1.1510957525484971 1.0000000180025095e-35 2.1454331528412554 1.4607486854716625 0.7609916245258197 2.5000000000000004 13.500000000000002 3.5000000000000004 1.5000000000000002 3.0336481365421735 1.6390585273934948 1.5142473074030183 7.6337073727208926 1.0000000180025095e-35 3.4493351246816402 15.500000000000002 18.500000000000004 17.500000000000004 19.500000000000004 3.1935254887084805 1.0000000180025095e-35 3.5000000000000004 7.5788482560776034 1.0000000180025095e-35 3.5000000000000004 5.5000000000000009 1.4867340363020811 5.5000000000000009 0.75441248334815991
decision_type=2 2 2 2 2 2 2 2 2 2 2 2 2 2 2 2 2 2 2 2 2 2 2 2 2 2 2 2 2 2
left_child=1 -1 3 -2 28 -6 9 10 12 14 -8 -12 -9 -14 -7 16 -11 -10 20 27 21 23 -23 -16 -21 -26 -27 -20 -5 -30
right_child=2 -3 -4 4 5 6 7 8 17 15 11 -13 13 -15 18 -17 -18 -19 19 24 -22 22 -24 -25 25 26 -28 -29 29 -31
leaf_value=-9.7952287770082615e-06 3.3500780003354117e-07 -0.00012852432232730981 7.1139773505841421e-05 -0.0027513046922984954 -0.020984890149167046 0.0090886218189035525 0.0024988010824969877 0.0055630472473392201 0.0053397747939926358 0.013026862695546605 0.001331854235193919 -0.010510101289702445 -0.010240613980696102 -0.0032209638407406484 0.009739718382208485 0.00070462968921727322 -0.0095992343732555063 -0.0044845271286126425 0.0172199928856159 -0.0049081137150534249 -0.0053741129957591421 -0.0057649642293782499 0.00032881338866865841 3.7528615276605229e-05 -0.0081608439035066645 -7.8254525040399869e-05 0.0092368896339578895 0.0018237253125008681 -0.012140661460475821 0.0011812030867517143
leaf_weight=3962 71849 43 3299 4590 47 971 1264 44 379 397 125 249 749 382 107 300 51 304 110 772 548 208 115 1114 135 611 156 2830 42 995
leaf_count=3962 71849 43 3299 4590 47 971 1264 44 379 397 125 249 749 382 107 300 51 304 110 772 548 208 115 1114 135 611 156 2830 42 995
internal_value=-8.88907e-05 -0.0010799 -4.60951e-05 -8.83234e-05 -0.00051293 2.50668e-05 8.59827e-05 -0.00107265 -0.00298708 0.000566766 0.0010989 -0.00320856 -0.00529787 -0.00581344 0.000218184 0.00414439 0.00647321 0.000988287 -0.000134208 0.000498483 -0.00152964 -0.000453368 -0.00503096 0.000757576 -0.00137395 0.000277162 0.00133638 0.00156463 -0.00165719 0.000313404
internal_weight=96748 4005 92743 89444 17595 11968 11921 3496 1858 8425 1638 374 1175 1131 7677 748 448 683 6706 4614 2092 1544 323 1221 1674 902 767 2940 5627 1037
internal_count=96748 4005 92743 89444 17595 11968 11921 3496 1858 8425 1638 374 1175 1131 7677 748 448 683 6706 4614 2092 1544 323 1221 1674 902 767 2940 5627 1037
is_linear=0
shrinkage=0.05


Tree=238
num_leaves=31
num_cat=0
split_feature=10 9 13 13 0 14 0 13 12 0 0 14 12 12 8 14 1 12 0 12 0 14 8 8 12 9 6 8 12 8
split_gain=1.61734 2.21929 2.68624 1.48794 1.15841 2.42438 1.81965 2.94037 7.0226 5.42348 6.82254 3.4549 3.88327 2.88076 4.46688 3.54461 2.86739 2.84481 2.75496 4.7371 5.93848 4.41462 4.20648 3.64816 3.71291 3.43783 3.30412 3.26365 5.33135 5.43704
threshold=8.4131974785675343 9.2239987203339719 1.5576979661988528 0.65463554738839358 2.5000000000000004 1.1510957525484971 13.500000000000002 0.19120629927941438 0.34771450359961475 9.5000000000000018 7.5000000000000009 0.11125199692356876 0.21195280718300627 0.21195280718300627 2.5000000000000004 0.11502245135679885 2.5000000000000004 0.28214596688078336 16.500000000000004 1.8098776341711413 14.500000000000002 2.2326198797045382 1.5000000000000002 2.5000000000000004 2.2966739864518382 7.8458564239234958 1.0000000180025095e-35 2.5000000000000004 0.72412079033307097 1.0000000180025095e-35
decision_type=2 2 2 2 2 2 2 2 2 2 2 2 2 2 2 2 2 2 2 2 2 2 2 2 2 2 2 2 2 2
left_child=1 4 3 -3 5 -1 7 8 9 10 11 12 -6 15 17 -12 -14 -15 19 21 23 26 -22 24 -21 -24 27 28 -8 -30
right_child=-2 2 -4 -5 6 -7 18 -9 -10 -11 13 -13 16 14 -16 -17 -18 -19 -20 20 22 -23 25 -25 -26 -27 -28 -29 29 -31
leaf_value=-4.5419400067259802e-06 3.9304227985161859e-05 -4.1785407636210642e-05 -0.0035692551195448431 0.00022971691798873503 3.9447037973872057e-06 -0.00014440407105696307 0.0021118844127137938 0.00036910872335402109 -0.00093307177720262512 0.0015822794505220756 -0.00025510350932980464 0.00038045169096449782 -0.00074912355510989466 -0.00067851791467583335 0.0018108811644215184 0.00015748395823258281 -0.00013219759581075546 -0.0036109321647978866 1.7997526876520342e-05 0.0079558648761557833 -0.0069068199588101621 0.0038772185992714814 -0.0081606312250034514 -0.0039967312219128916 -0.00050420711898178092 -0.0010336639444301632 0.00066314529430569903 0.00047119902678738616 0.00031663187416188789 -0.0019935917670038661
leaf_weight=11434 4136 115 90 40 15657 46 431 21672 1011 85 1156 1210 266 306 51 559 323 48 26946 345 625 405 266 530 802 777 516 2624 1517 2786
leaf_count=11434 4136 115 90 40 15657 46 431 21672 1011 85 1156 1210 266 306 51 559 323 48 26946 345 625 405 266 530 802 777 516 2624 1517 2786
internal_value=-2.58331e-07 -4.34482e-05 -0.00479592 -0.000806452 -3.08462e-05 -0.000500871 3.58405e-05 0.000262139 -0.000164474 4.45043e-05 -1.02166e-05 0.000315078 0.000123107 -0.00268868 -0.00648148 -0.001793 -0.00386248 -0.00847458 -0.0002126 -0.000855988 -0.00244395 -0.000214398 -0.00455635 -0.000342874 0.00124237 -0.00261266 -0.000476251 -0.000747486 -0.00153147 -0.00206251
internal_weight=96775 92639 245 155 92394 11480 80914 42344 20672 19661 19576 17456 16246 2120 405 1715 589 354 38570 11624 3345 8279 1668 1677 1147 1043 7874 7358 4734 4303
internal_count=96775 92639 245 155 92394 11480 80914 42344 20672 19661 19576 17456 16246 2120 405 1715 589 354 38570 11624 3345 8279 1668 1677 1147 1043 7874 7358 4734 4303
is_linear=0
shrinkage=0.05


Tree=239
num_leaves=31
num_cat=0
split_feature=14 12 0 10 7 13 12 0 6 0 0 12 12 14 14 0 12 12 3 0 12 3 12 11 13 12 14 9 10 2
split_gain=2.02446 2.7241 3.47557 2.35062 2.28892 2.03303 1.82618 3.02272 3.79713 1.80301 4.25106 3.78074 2.66213 2.01539 1.92332 1.73945 4.52975 4.89074 2.58891 2.5828 7.68 2.68389 2.2725 3.86996 2.2155 1.98226 2.30874 1.93345 3.29049 2.44649
threshold=1.3323664022418613 2.3629150681186144 8.5000000000000018 7.1700393656704113 1.0000000180025095e-35 0.68302218900088374 0.52066231261145879 19.500000000000004 1.0000000180025095e-35 9.5000000000000018 10.500000000000002 1.4787584222102075 2.6581073991100173 1.4887791821174821 1.4606615179810833 13.500000000000002 0.90547479096102712 0.62800667330029813 1.0000000180025095e-35 11.500000000000002 0.3066224417723053 1.0000000180025095e-35 0.53672721155741032 0.2793347194160965 0.90208479391772467 1.3195402670430956 2.6779668097023817 7.7811776339773031 7.1537179572798513 22.500000000000004
decision_type=2 2 2 2 2 2 2 2 2 2 2 2 2 2 2 2 2 2 2 2 2 2 2 2 2 2 2 2 2 2
left_child=1 -1 3 -3 9 -4 -6 8 -8 12 11 14 -2 -13 -11 16 17 19 25 21 -21 -12 -17 -24 -20 -18 -27 -25 29 -29
right_child=4 2 5 -5 6 -7 7 -9 -10 10 15 13 -14 -15 -16 22 18 -19 24 20 -22 -23 23 27 -26 26 -28 28 -30 -31
leaf_value=-3.1963149923128037e-06 0.0099914398928146689 -0.0060587282845202652 -0.016442344667661753 0.0042254244990140742 0.0017398539654656542 -0.0044040066939334769 0.0073374102912123545 -0.0021290407001268333 -0.0037063551938612996 -0.0082154063156638264 0.0020880693283527375 0.00083269462943560968 -0.0001242228146700386 -0.0099069256136941151 0.00032278808194678992 0.00035740271398412713 0.0031618178184141311 -0.0041591298018149271 -0.01191178205535446 0.00061880832778303844 -0.0029167140233655343 -0.0019632692059562197 -0.002888795158301516 0.00059985413522821722 0.0046518784574773207 0.00011785161908625109 0.013380836259750667 -0.0032322656159591069 -7.9109387733194988e-05 0.00014541776028640375
leaf_weight=57530 414 92 50 250 43 1508 1239 353 85 41 165 42 435 208 241 1536 240 212 51 120 80 89 107 5965 1845 3088 60 1091 19206 445
leaf_count=57530 414 92 50 250 43 1508 1239 353 85 41 165 42 435 208 241 1536 240 212 51 120 80 89 107 5965 1845 3088 60 1091 19206 445
internal_value=-3.48545e-05 -0.000216221 -0.00207895 0.00248538 0.000253335 -0.00308087 0.00203488 0.001774 0.00287009 0.000167456 0.000111966 -0.00432331 0.00244405 -0.0088 -0.00035461 0.000180758 0.000957983 -0.00292793 0.00144777 0 -0.00425 0.00334646 1.76367e-05 -8.95055e-05 0.00292722 0.000619835 0.000285896 -5.14846e-05 -0.000279626 -0.00250651
internal_weight=96831 59430 1900 342 37401 1558 1720 1677 1324 35681 34832 532 849 250 282 34300 5950 666 5284 454 200 254 28350 26814 1896 3388 3148 26707 20742 1536
internal_count=96831 59430 1900 342 37401 1558 1720 1677 1324 35681 34832 532 849 250 282 34300 5950 666 5284 454 200 254 28350 26814 1896 3388 3148 26707 20742 1536
is_linear=0
shrinkage=0.05


Tree=240
num_leaves=31
num_cat=0
split_feature=10 9 8 13 9 11 7 13 8 11 11 0 8 12 0 0 12 3 13 2 9 11 10 0 10 9 9 12 11 9
split_gain=1.30397 2.92442 1.30312 1.25546 1.30615 1.26488 1.73393 3.88152 1.96082 2.53187 2.19433 2.11887 3.03769 2.85712 3.08401 2.88281 2.82752 2.95332 2.19077 2.03397 1.99829 2.51316 2.29599 1.7966 1.79422 2.778 1.76773 1.6825 1.67108 1.62499
threshold=6.3373233947321248 7.0973673913061956 2.5000000000000004 1.8893055575080797 7.0417760547946449 6.0039328887988752 1.0000000180025095e-35 2.5731981536595332 2.5000000000000004 0.51305091251275237 0.63826853052072807 19.500000000000004 1.0000000180025095e-35 1.111259116614127 22.500000000000004 21.500000000000004 1.8098776341711413 1.0000000180025095e-35 2.0429741373427102 25.500000000000004 8.0405943742157699 3.0162205704559386 7.16330001877113 14.500000000000002 8.0533306444494901 8.7087422738129803 8.3666439757892714 0.53672721155741032 2.2218988748465729 7.7672331243730399
decision_type=2 2 2 2 2 2 2 2 2 2 2 2 2 2 2 2 2 2 2 2 2 2 2 2 2 2 2 2 2 2
left_child=1 2 -1 -2 -5 6 8 23 11 26 -11 20 27 14 -14 16 -15 19 -19 -18 21 -6 -23 -8 25 -22 -10 29 -20 -13
right_child=3 -3 -4 4 5 -7 7 -9 9 10 -12 12 13 15 -16 -17 17 18 28 -21 24 22 -24 -25 -26 -27 -28 -29 -30 -31
leaf_value=0.00074923647956617054 -4.6837578643785759e-06 -0.00017898296146466277 -1.5745635916166942e-05 0.013355381426875724 0.0019394545746691861 -0.0018723804556610491 0.023109810249161058 -0.0011963527309622247 0.00033931333543996828 -0.0045908710709587691 -0.00054376397882941461 0.0022508472412078664 0.0061408000481150199 0.0072978283396734067 0.00018993912049279361 -0.0022356637256550379 0.00039174278942950835 0.0043717693924080871 -0.0037497077319193217 0.010288939704973334 0.00031541142560329586 0.0031602647330762458 0.017176434177880041 0.0021387500212361244 0.0025215023441232387 -0.0059784320341075533 0.0014635563779653591 -0.0014477057939886531 -0.0089307251362122815 1.0046720254841547e-06
leaf_weight=75 80176 415 715 51 1058 810 181 424 87 66 4203 55 171 299 179 310 586 89 166 88 2503 413 181 388 1061 122 46 1624 92 263
leaf_count=75 80176 415 715 51 1058 810 181 424 87 66 4203 55 171 299 179 310 586 89 166 88 2503 413 181 388 1061 122 46 1624 92 263
internal_value=-8.7464e-05 -0.00172199 6.32911e-05 -6.68812e-05 0.000344805 0.000318461 0.00042477 0.00244209 0.000278144 -0.000590641 -0.000802296 0.000691145 -0.000191229 0.00118687 0.00528571 0.000306748 0.00132576 7.34574e-05 -0.00367435 0.00200297 0.00133945 0.0027845 0.00538721 0.0051406 0.000691807 -9.52381e-06 0.00620301 -0.00159629 -0.00600775 0.00172956
internal_weight=96897 1205 790 95692 15516 15465 14655 993 13662 4402 4269 9260 3922 1980 350 1630 1320 1021 347 674 5338 1652 594 569 3686 2625 133 1942 258 318
internal_count=96897 1205 790 95692 15516 15465 14655 993 13662 4402 4269 9260 3922 1980 350 1630 1320 1021 347 674 5338 1652 594 569 3686 2625 133 1942 258 318
is_linear=0
shrinkage=0.05


Tree=241
num_leaves=31
num_cat=0
split_feature=11 13 14 13 11 0 14 12 0 13 12 1 8 8 0 12 12 2 12 0 0 14 1 12 11 9 10 14 13 2
split_gain=1.51188 1.57173 1.90581 1.66829 1.53 1.20009 0.992942 7.37649 6.00949 2.94272 2.55236 2.2059 2.05146 2.65274 3.91629 3.62893 2.80091 2.47306 2.47283 2.44077 3.60261 2.37498 2.29774 2.00018 3.63338 2.48398 2.67307 3.51846 3.26045 1.94807
threshold=0.008869493422509889 0.012062881362494402 0.022628002498816965 0.06679649413127188 0.0067339652537425449 3.5000000000000004 0.11125199692356876 0.28214596688078336 7.5000000000000009 0.095864467011453444 0.21195280718300627 5.5000000000000009 2.5000000000000004 3.5000000000000004 2.5000000000000004 0.02022941081225382 0.017656385088529385 12.500000000000002 0.21195280718300627 4.5000000000000009 6.5000000000000009 0.063416445188203399 2.5000000000000004 0.12254628433665732 0.050315912941337006 7.9232878452497006 7.7586136922094315 0.097406725082805526 0.079077928681721546 8.5000000000000018
decision_type=2 2 2 2 2 2 2 2 2 2 2 2 2 2 2 2 2 2 2 2 2 2 2 2 2 2 2 2 2 2
left_child=1 4 -3 -4 -1 -6 7 8 12 -8 11 -10 18 15 16 -14 -15 29 19 -2 -21 -22 -20 24 -17 -25 -27 28 -28 -16
right_child=6 2 3 -5 5 -7 9 -9 10 -11 -12 -13 13 14 17 23 -18 -19 22 20 21 -23 -24 25 -26 26 27 -29 -30 -31
leaf_value=-0.00010766341535050108 -1.886294391483228e-06 1.8531720616042332e-05 -6.5417807820919099e-05 -1.403796385975758e-05 2.705486432687948e-05 -7.0525883160070527e-05 0.00010663430005247998 -0.0021666400156100558 -0.0003078043334108591 4.5800637824054345e-06 -0.00090021416700978576 0.00029175305372921775 -1.4936752282422238e-07 -7.6193234567166479e-06 3.9393568932967693e-05 -2.7208960630907294e-05 -7.6501028913558794e-05 0.00010202936250322658 -0.0010316148978536347 3.4249907049139747e-05 -0.00033135782126436089 5.7828457783128471e-06 -0.00013719906268317775 0.00015417032480187186 -0.00035057277159039548 -0.00041241705270360644 0.00024785646897889301 0.0011673161977090861 -0.00087837465733234255 -4.8562668385670338e-05
leaf_weight=73 5947 434 66 820 65 105 507 58 1023 74984 76 136 2702 137 566 960 70 702 146 4384 319 768 194 455 321 495 72 56 63 213
leaf_count=73 5947 434 66 820 65 105 507 58 1023 74984 76 136 2702 137 566 960 70 702 146 4384 319 768 194 455 321 495 72 56 63 213
internal_value=-9.02834e-06 -0.0015515 -0.000871212 -0.0022009 -0.00524691 -0.00264706 1.62552e-05 -0.000298293 -0.00024615 9.90184e-05 -0.00362348 -0.00304142 -2.15401e-05 -0.000711979 0.00100711 -0.0012783 -0.00543478 0.00190749 0.000378466 0.000503591 0.00126576 -0.00131095 -0.00382353 -0.00268373 -0.00403981 -0.00116126 -0.00306122 0.00196335 -0.00240741 -3.20924e-05
internal_weight=96917 1563 1320 886 243 170 95354 19863 19805 75491 1235 1159 18570 6812 1688 5124 207 1481 11758 11418 5471 1087 340 2422 1281 1141 686 191 135 779
internal_count=96917 1563 1320 886 243 170 95354 19863 19805 75491 1235 1159 18570 6812 1688 5124 207 1481 11758 11418 5471 1087 340 2422 1281 1141 686 191 135 779
is_linear=0
shrinkage=0.05


Tree=242
num_leaves=31
num_cat=0
split_feature=10 9 11 12 4 13 8 4 9 14 10 9 9 10 9 10 10 2 0 0 11 4 2 12 12 9 14 2 11 11
split_gain=1.68062 2.58152 3.4203 1.93376 1.82111 2.15117 3.23401 1.69768 2.06357 1.77662 1.57077 4.06111 1.61151 5.17371 4.19072 4.18804 2.74221 2.57626 2.6078 2.35536 2.46936 2.08052 2.71968 2.72209 4.2496 2.052 2.28533 3.04985 2.02918 2.00136
threshold=8.4131974785675343 9.0411041535398358 0.49823601807539464 0.47513863528590267 7.5000000000000009 1.7632493506213716 1.0000000180025095e-35 6.5000000000000009 9.0747842151703022 1.0809422387544811 6.3950671084078259 7.1961919126441538 7.8215386808283798 7.1598182381200806 8.018038154644211 7.3398082084131016 7.0686326552031762 14.500000000000002 21.500000000000004 19.500000000000004 3.0162205704559386 4.5000000000000009 10.500000000000002 0.20596900030616466 0.029088779508699588 7.7421894393860553 1.7244064180199186 4.5000000000000009 0.008869493422509889 2.58994535021841
decision_type=2 2 2 2 2 2 2 2 2 2 2 2 2 2 2 2 2 2 2 2 2 2 2 2 2 2 2 2 2 2
left_child=1 10 -3 -4 5 7 -7 8 9 -5 11 -1 16 -14 19 17 21 18 -16 29 -21 22 23 24 -12 26 -23 -28 -24 -15
right_child=-2 2 3 4 -6 6 -8 -9 -10 -11 12 -13 13 14 15 -17 -18 -19 -20 20 -22 25 28 -25 -26 -27 27 -29 -30 -31
leaf_value=-3.9530878974000655e-06 3.6270906207154506e-05 6.2743992474047046e-06 -0.0016194675872694562 -0.0060906737199022849 -0.00055965336176390032 -0.010112498334144418 0.0022121495609058184 -0.0041771154822310974 -0.0012660454799733351 -0.005129867440969005 -4.5595830952741653e-05 -0.00014922610883933926 -5.9176203714041015e-05 4.5925315941187585e-05 -0.0001225971318436981 -2.1771474193821652e-07 7.6964360586676515e-05 -2.4239497584380545e-05 0.00038951943527705399 -7.767271492784972e-05 -0.01362776516278298 9.2856199288894523e-06 -0.0001468230812512841 -0.0020311457746988227 0.0005845689820648738 -3.0544600562678815e-05 -0.00072674317460103 0.002507163149596241 -4.4624457129913839e-06 0.0054547011199422742
leaf_weight=2011 4133 1565 54 88 1046 92 165 91 352 177 152 452 4076 4781 1239 51256 3297 2112 117 1058 52 8736 43 461 57 1641 620 1754 4371 820
leaf_count=2011 4133 1565 54 88 1046 92 165 91 352 177 152 452 4076 4781 1239 51256 3297 2112 117 1058 52 8736 43 461 57 1641 620 1754 4371 820
internal_value=-1.26459e-05 -5.66123e-05 -0.00136364 -0.00269976 -0.00244903 -0.00401554 -9.72763e-05 -0.00543785 -0.00449757 -0.00783019 -3.36678e-06 -0.00124848 3.2028e-05 -9.04428e-05 2.40091e-05 -0.000120605 0.000411698 -0.00180219 -0.00350295 0.00120325 -0.000900901 0.000166807 -0.000688434 -0.00365672 0.00107656 0.000507803 0.000751575 0.00212721 -0.000237879 0.00162025
internal_weight=96869 92736 3630 2065 2011 965 257 708 617 265 89106 2463 86643 65511 61435 54724 21132 3468 1356 6711 1110 17835 5084 670 209 12751 11110 2374 4414 5601
internal_count=96869 92736 3630 2065 2011 965 257 708 617 265 89106 2463 86643 65511 61435 54724 21132 3468 1356 6711 1110 17835 5084 670 209 12751 11110 2374 4414 5601
is_linear=0
shrinkage=0.05


Tree=243
num_leaves=31
num_cat=0
split_feature=1 2 8 11 13 8 14 10 11 14 14 9 2 9 1 2 11 2 2 11 2 11 8 8 11 13 14 14 1 13
split_gain=2.55871 3.08738 2.04238 2.32999 2.18192 1.92923 1.88941 2.61859 2.45946 1.96092 1.85026 1.66576 1.62495 1.69402 1.56297 2.70748 4.74048 4.39916 7.69815 8.3086 6.71375 6.70855 7.2362 7.30921 3.92531 2.34047 2.25857 2.53395 2.18363 2.14789
threshold=5.5000000000000009 11.500000000000002 1.5000000000000002 0.05686833674621037 0.019618491168703494 1.0000000180025095e-35 0.071981322272154119 7.7446509601874389 0.016440992560009589 0.057891262204215345 0.014847717527210735 7.2418098744684842 4.5000000000000009 9.0303522680558377 3.5000000000000004 2.5000000000000004 1.1460841535482456 7.5000000000000009 9.5000000000000018 0.43839986880256293 16.500000000000004 0.1869385636667438 1.0000000180025095e-35 1.5000000000000002 0.2890576380407171 2.394618835683934 0.68593867737839054 0.9367563544942582 4.5000000000000009 1.2140185390304221
decision_type=2 2 2 2 2 2 2 2 2 2 2 2 2 2 2 2 2 2 2 2 2 2 2 2 2 2 2 2 2 2
left_child=14 6 3 -3 10 -5 7 9 -8 -2 -4 -6 -9 -14 -1 16 -16 21 19 -19 24 -17 29 -24 -20 -25 -21 28 -28 -23
right_child=1 2 4 5 11 -7 8 12 -10 -11 -12 -13 13 -15 15 17 -18 18 20 26 -22 22 23 25 -26 -27 27 -29 -30 -31
leaf_value=2.7795502577915213e-06 3.5560218276824456e-05 -6.3540546118689281e-08 -2.2686166655420427e-05 0.00030938228980354062 0.00062096173135963914 0.0023238697017577193 3.6061484860677906e-05 4.6245441979311801e-05 -7.1100820047864067e-05 0.00085636437290526274 9.6249439735044892e-05 -1.0228315238232366e-05 -7.7800296461824972e-05 2.8510073761987356e-05 -1.4073328011245329e-05 -1.7249591355104293e-05 -0.0059245474160412592 2.1140564246809219e-06 -2.4057860296876344e-06 -0.0021256887755278482 -2.3003430119400772e-05 0.0086387393854497757 -0.0014881414060453069 0.0026483286109963478 0.0012480266590125994 -0.0062670330274382739 -0.004312674721075954 -0.0026015790981834489 0.0037700599537859427 0.0049444662380143225
leaf_weight=55404 646 965 40 1514 122 1559 263 89 5598 89 139 2603 114 58 3294 1700 1321 1971 1697 345 9284 279 989 1196 2903 41 79 2128 83 424
leaf_count=55404 646 965 40 1514 122 1559 263 89 5598 89 139 2603 114 58 3294 1700 1321 1971 1697 345 9284 279 989 1196 2903 41 79 2128 83 424
internal_value=1.62477e-05 0.000646786 0.00139009 0.00211738 0.000378788 0.00279043 -0.000105731 0.00190763 -0.000447876 0.00343537 0.00572626 2.75229e-05 -0.00239464 -0.00523256 -8.84072e-05 -0.000394822 -0.00150054 -0.000174099 -0.0005192 -0.00229049 6.84241e-05 0.00120436 0.00265449 0.00125786 0.00163043 0.00381973 -0.00412713 -0.00355895 0.00246914 0.00707681
internal_weight=96937 13799 6942 4038 2904 3073 6857 996 5861 735 179 2725 261 172 83138 27734 4615 23119 18490 4606 13884 4629 2929 2226 4600 1237 2635 2290 162 703
internal_count=96937 13799 6942 4038 2904 3073 6857 996 5861 735 179 2725 261 172 83138 27734 4615 23119 18490 4606 13884 4629 2929 2226 4600 1237 2635 2290 162 703
is_linear=0
shrinkage=0.05


Tree=244
num_leaves=31
num_cat=0
split_feature=10 10 4 12 13 12 0 8 10 14 2 10 13 12 10 10 13 2 14 1 2 14 14 0 13 6 12 12 8 0
split_gain=1.23236 2.67502 2.51286 2.20965 1.80292 1.81164 3.04638 1.88822 1.60575 1.55342 1.48931 1.50336 1.37779 1.62005 3.71849 1.27316 2.52805 1.7258 2.43784 1.68975 1.2701 1.45133 1.26747 1.26746 4.2833 2.72887 2.79159 2.52912 4.45377 2.63621
threshold=6.9055226160628376 6.8406913489029089 5.5000000000000009 1.4787584222102075 0.076548216057848714 0.018035768771074438 1.5000000000000002 1.0000000180025095e-35 7.007581260813585 1.303461280669326 9.5000000000000018 6.8557819266806108 3.5001010942429871 2.8406717104720709 7.3578749373035484 6.8156966903166269 0.10960733792093803 9.5000000000000018 1.6674831078000392 1.5000000000000002 27.500000000000004 2.8590536614180526 0.091560473374119808 13.500000000000002 1.0522151197720431 1.0000000180025095e-35 2.3181706551236823 1.694458609628106 1.0000000180025095e-35 11.500000000000002
decision_type=2 2 2 2 2 2 2 2 2 2 2 2 2 2 2 2 2 2 2 2 2 2 2 2 2 2 2 2 2 2
left_child=1 4 3 -3 22 7 -7 -6 -2 -5 -11 -12 23 14 -14 20 -17 18 -18 -19 21 -8 -1 24 27 -26 -27 -10 29 -29
right_child=8 2 -4 9 5 6 15 -9 12 10 11 -13 13 -15 -16 16 17 19 -20 -21 -22 -23 -24 -25 25 26 -28 28 -30 -31
leaf_value=-1.1660660720852218e-05 3.7353294333331924e-05 -4.7403949383362669e-05 -3.5088719530260332e-05 -0.0085551508287045504 0.00010003539059090906 -4.4785719330557412e-05 -4.4671238809358695e-05 1.0898797115211582e-05 -2.7349759267485985e-07 -0.010401728645719999 0.016914781199816216 -0.0071250985547859141 0.007258745980200443 -4.6257240897518148e-05 0.0011647783708602394 0.00053071027012493305 -0.002016071198802 -0.00037497708879351277 0.0043060531946214915 0.0023523039251628301 0.00075816181931822604 -0.008824353609997249 -0.00011544449515320781 -0.00012070455870794306 0.00057923221336174673 6.1537757562311375e-05 -0.0024299031876672903 -0.00730611114324371 -0.0026666432397218446 0.0038253342870532172
leaf_weight=1784 3552 697 2380 93 90 398 5975 574 35036 49 45 141 85 337 210 47 199 153 124 343 787 42 56 32389 8061 512 324 46 1632 608
leaf_count=1784 3552 697 2380 93 90 398 5975 574 35036 49 45 141 85 337 210 47 199 153 124 343 787 42 56 32389 8061 512 324 46 1632 608
internal_value=-5.76114e-05 -0.00049188 -0.00171072 -0.00378049 -9.9319e-05 0.000200412 -6.19732e-06 0.00271084 1.5702e-05 -0.00716463 -0.005 -0.00295699 -3.09187e-05 0.0022943 0.005 0.000215124 0.00202079 0.00137363 -0.00147059 0.00322581 -1.46972e-05 -0.000261758 -0.00152174 -4.96133e-05 0.000118458 0.0011043 -0.00161483 -0.000116553 -0.00172791 0.00175841
internal_weight=96769 13977 3405 1025 10572 8732 8068 664 82792 328 235 186 79240 632 295 7670 866 819 323 496 6804 6017 1840 78608 46219 8897 836 37322 2286 654
internal_count=96769 13977 3405 1025 10572 8732 8068 664 82792 328 235 186 79240 632 295 7670 866 819 323 496 6804 6017 1840 78608 46219 8897 836 37322 2286 654
is_linear=0
shrinkage=0.05


Tree=245
num_leaves=31
num_cat=0
split_feature=0 13 14 12 1 13 8 2 0 0 12 6 12 8 12 12 1 14 12 7 9 12 13 12 4 2 13 1 1 14
split_gain=1.51268 4.96011 2.46895 2.11496 1.91425 1.70538 1.5649 1.54011 1.50609 2.89253 4.87001 3.79598 3.58839 3.42965 4.8764 4.07635 5.39552 3.84754 3.12163 3.59852 3.0465 2.83061 2.82339 2.63375 2.62769 3.7289 2.45904 2.25898 2.99117 2.89976
threshold=3.5000000000000004 1.1402037631080228 0.011791016827106891 0.022644289869261477 3.5000000000000004 0.015789441227771751 3.5000000000000004 11.500000000000002 19.500000000000004 17.500000000000004 1.0934661344549224 1.0000000180025095e-35 0.41821408167091356 1.0000000180025095e-35 2.0853656062197135 2.7469130447725001 3.5000000000000004 2.2746248560556226 3.2481109671717454 1.0000000180025095e-35 8.3755311877181793 3.5351141344718853 1.7243216747023489 3.4493351246816402 7.5000000000000009 7.5000000000000009 2.5319308328611312 5.5000000000000009 3.5000000000000004 2.2326198797045382
decision_type=2 2 2 2 2 2 2 2 2 2 2 2 2 2 2 2 2 2 2 2 2 2 2 2 2 2 2 2 2 2
left_child=1 2 -1 4 -4 -5 -7 -3 9 -2 12 13 -11 15 -15 -12 17 -17 27 -20 -18 -19 -22 -10 25 -23 -27 28 29 -16
right_child=8 7 3 5 -6 6 -8 -9 23 10 11 -13 -14 14 18 16 20 21 19 -21 22 24 -24 -25 -26 26 -28 -29 -30 -31
leaf_value=-5.6945331564297025e-05 2.7673063368384087e-06 -0.0001119544584594785 5.0560831280674784e-06 1.4645816671188945e-05 -5.9836824904934905e-06 -2.1521128680494123e-05 -6.1842007355810604e-05 -3.1947193318246533e-05 -7.5468782511322479e-05 0.0008493401711645171 0.022626256217382013 -0.0019406230813693972 -0.0034836611929457725 0.0046850642401684295 0.0025532700946562462 0.022379970796465212 0.0029145215059579789 0.024177840444314661 -0.0089468814455955902 0.0051004204624486077 -0.018682514576294697 -0.019070386668214413 -0.0019744044406158844 -0.010568455914469022 0.0094758880482556998 0.014837919673225187 -0.01411775307850245 0.0054435608200148929 -0.00319053087850793 -0.0042977102403234267
leaf_weight=153 56506 47 7146 275 5657 2642 194 134 15846 105 163 537 217 1304 1756 407 510 149 383 183 74 66 240 203 337 93 96 536 678 174
leaf_count=153 56506 47 7146 275 5657 2642 194 134 15846 105 163 537 217 1304 1756 407 510 149 383 183 74 66 240 203 337 93 96 536 678 174
internal_value=-3.073e-05 -0.000470827 -0.000378104 -0.000317331 -3.31953e-05 -0.00148666 -0.0018512 -0.00870166 5.80291e-05 0.000165855 0.00105519 0.00130757 -0.00496894 0.00161211 0.000897487 0.0032904 0.00266227 0.00487805 -2.69542e-05 -0.00344523 -0.000424757 0.00273279 -0.00429936 -0.000375413 0.00118243 -0.00264706 0.000925926 0.000588422 -1.91718e-05 0.000984456
internal_weight=96811 16248 16067 15914 12803 3111 2836 181 80563 64514 8008 7686 322 7149 5014 2135 1972 1148 3710 566 824 741 314 16049 592 255 189 3144 2608 1930
internal_count=96811 16248 16067 15914 12803 3111 2836 181 80563 64514 8008 7686 322 7149 5014 2135 1972 1148 3710 566 824 741 314 16049 592 255 189 3144 2608 1930
is_linear=0
shrinkage=0.05


Tree=246
num_leaves=31
num_cat=0
split_feature=0 9 11 11 14 12 11 10 12 4 2 11 2 2 9 2 2 11 8 9 4 0 0 12 10 10 1 1 11 11
split_gain=2.59049 1.72516 1.86889 1.60293 1.54677 1.3962 2.81472 1.51611 1.46899 2.37715 2.80726 2.31279 3.08777 3.0423 3.18092 2.13416 2.8556 4.03478 2.06775 1.96507 1.92612 2.15118 1.92491 1.83681 2.04012 1.81914 1.81756 2.49764 1.7894 1.688
threshold=1.0000000180025095e-35 9.4934426062098094 0.017746851176106904 0.05686833674621037 1.1510957525484971 5.1016967195759895 2.520327495166955 6.9001640274899589 3.5351141344718853 1.0000000180025095e-35 28.500000000000004 4.7289472569738589 4.5000000000000009 20.500000000000004 7.9056448693510681 28.500000000000004 27.500000000000004 0.77676767660897428 3.5000000000000004 9.0101960930194647 3.5000000000000004 14.500000000000002 12.500000000000002 0.018241712731122777 6.6654048684478697 7.2929468154835293 3.5000000000000004 1.5000000000000002 1.0955670715704928 1.6736092545905168
decision_type=2 2 2 2 2 2 2 2 2 2 2 2 2 2 2 2 2 2 2 2 2 2 2 2 2 2 2 2 2 2
left_child=1 3 -3 4 -1 8 -7 -8 15 -10 11 12 26 14 -13 16 -2 -18 23 25 -14 -22 28 24 -17 -16 27 -11 -19 -12
right_child=5 2 -4 -5 -6 6 7 -9 9 10 29 13 20 -15 19 18 17 22 -20 -21 21 -23 -24 -25 -26 -27 -28 -29 -30 -31
leaf_value=-1.1958852940633681e-05 2.7610468295649615e-06 0.00012922909057103461 -1.4874890312203872e-05 -8.3113906158855012e-05 -0.0001248528279048527 0.036248311780986378 -0.0093270957446370817 0.0043359576390150202 0.011090978750117842 -0.013531317041854085 -0.0024855312655161612 0.015854479211618734 -0.0047133348592715008 -0.0033105926879176909 -0.014723252148752098 0.00011406565945338921 2.0733503141606106e-05 0.015456005186028399 0.00011805109301621548 -0.015322314928082448 -0.0043652162084337753 -0.013857430174379371 0.0053939565478767553 -0.00010603171785870903 7.096070208169499e-06 0.0031000599363105175 -0.0083055822380111895 0.010799815545181347 0.0098853903071248316 0.012153667545868042
leaf_weight=3837 78552 50 40 43 45 67 41 287 310 141 160 175 285 569 41 40 1520 106 1101 47 107 190 479 6688 577 318 309 161 91 229
leaf_count=3837 78552 50 40 43 45 67 41 287 310 141 160 175 285 569 41 40 1520 106 1101 47 107 190 479 6688 577 318 309 161 91 229
internal_value=-4.55458e-05 -0.00128892 0.00555556 -0.00144586 -0.00133952 8.37014e-06 0.00297468 0.00106707 -4.33858e-06 -0.00108481 -0.00155564 -0.00220871 -0.00375105 -0.000608696 0.00193632 3.2528e-05 0.000111458 0.0018898 -0.000725672 -0.000492611 -0.00635739 -0.00917508 0.00510355 -0.00103012 0.00158023 0.000766017 -0.00126841 0.00149007 0.00926396 0.00237789
internal_weight=96606 4015 90 3925 3882 92591 395 328 92196 3042 2732 2343 1193 1150 581 89154 80748 2196 8406 406 582 297 676 7305 617 359 611 302 197 389
internal_count=96606 4015 90 3925 3882 92591 395 328 92196 3042 2732 2343 1193 1150 581 89154 80748 2196 8406 406 582 297 676 7305 617 359 611 302 197 389
is_linear=0
shrinkage=0.05


Tree=247
num_leaves=31
num_cat=0
split_feature=9 10 9 12 10 9 10 3 8 2 11 10 13 9 8 9 14 10 9 2 14 12 14 12 2 12 9 10 10 12
split_gain=1.10267 4.69058 3.22343 2.49263 2.16592 3.40526 2.55112 2.58231 2.40123 2.65294 3.06171 2.21426 2.19827 2.21925 2.58204 2.18338 4.48617 3.02704 4.21171 2.90105 2.60179 2.33728 2.27613 2.23222 2.34724 2.14731 2.1127 3.57537 2.10855 2.01142
threshold=8.3969375697215529 7.8429330719927552 8.6154209420528431 2.4306248239214576 7.6314061661049957 8.2737830991807133 7.4632771103792059 1.0000000180025095e-35 1.0000000180025095e-35 28.500000000000004 0.13258755921520016 7.7446509601874389 1.1499938111449854 8.3597520186128431 2.5000000000000004 8.1228533973262191 0.020959597967979939 7.2566203706691299 7.9502635013441054 21.500000000000004 2.122017345078635 3.4493351246816402 1.7451389203567496 0.017273622618214992 2.5000000000000004 0.019727422722089709 8.7550578509009664 7.9875559662347237 7.4076273569118598 3.855148062680124
decision_type=2 2 2 2 2 2 2 2 2 2 2 2 2 2 2 2 2 2 2 2 2 2 2 2 2 2 2 2 2 2
left_child=4 2 3 -2 5 6 15 -8 -6 10 11 -10 13 14 -12 17 25 18 -1 21 -21 -18 -19 -20 -25 -17 -3 -28 -7 -26
right_child=1 26 -4 -5 8 28 7 -9 9 -11 12 -13 -14 -15 -16 16 19 22 23 20 -22 -23 -24 24 29 -27 27 -29 -30 -31
leaf_value=3.390341299297148e-06 -1.7782887897855693e-05 4.7103237779859685e-05 -0.00011716947973968422 -0.0038233818778144026 0.00017314230057559723 -8.1677560715123093e-05 8.3948532223347442e-05 2.5318029508789813e-06 -4.9578256762533753e-06 -0.00010125238661591232 0.00074980905537643742 -9.5472402009917512e-05 0.00026194067807651936 0.0004504328205806707 0.0028257720148183508 4.2740442108523023e-05 -9.2364271634268191e-05 1.8530004959509475e-05 -3.9565869246098757e-05 -2.1500026657410994e-05 0.0034716002714719474 -0.024150430544849878 0.0028682252928078802 -0.00083144411407256181 -3.9261165195062432e-05 4.0225988121025613e-07 -0.00014181516236714785 1.5756376638361576e-06 -2.5592464481503323e-05 -0.010745937951203006
leaf_weight=29463 8246 5056 493 1254 1508 605 3711 2940 1112 677 304 72 1770 887 347 235 2552 7713 173 1267 210 136 2099 70 1746 192 252 15978 5464 94
leaf_count=29463 8246 5056 493 1254 1508 605 3711 2940 1112 677 304 72 1770 887 347 235 2552 7713 173 1267 210 136 2099 70 1746 192 252 15978 5464 94
internal_value=5.95078e-05 -0.000184629 -0.00107825 -0.000873684 0.000176366 7.92569e-05 0.000208646 0.00112389 0.00102965 0.000517508 0.000957257 -0.00122466 0.00173821 0.00312094 0.00533794 7.61697e-05 -0.000958188 0.000191015 -4.75496e-05 -0.00145858 0.000321598 -0.00243676 0.000958011 -0.00222036 -0.00172775 0.00392272 0.000234896 -4.313e-05 -0.00104218 -0.00138587
internal_weight=96626 31279 9993 9500 65347 58670 52601 6651 6677 5169 4492 1184 3308 1538 651 45950 4592 41358 31546 4165 1477 2688 9812 2083 1910 427 21286 16230 6069 1840
internal_count=96626 31279 9993 9500 65347 58670 52601 6651 6677 5169 4492 1184 3308 1538 651 45950 4592 41358 31546 4165 1477 2688 9812 2083 1910 427 21286 16230 6069 1840
is_linear=0
shrinkage=0.05


Tree=248
num_leaves=31
num_cat=0
split_feature=12 13 11 14 13 12 14 13 12 2 11 13 9 0 9 11 9 9 9 1 12 11 4 14 14 11 0 11 0 1
split_gain=1.46555 1.98704 2.01764 2.2081 2.50042 1.6921 1.53603 1.5219 1.44864 1.41451 1.54526 1.35686 1.51477 1.44253 1.40041 1.34591 1.34271 1.22179 1.83282 1.82164 1.64599 1.77958 1.39998 1.35027 1.15496 1.13104 1.06889 1.72904 1.13468 1.48635
threshold=0.013162474226473111 0.59844757438908902 0.014026924939995879 0.22933176348806558 0.18404661755429819 0.014622045854339181 0.25236997910659409 0.72685939666619725 0.015029169175175128 3.5000000000000004 0.011320652026947235 0.010228374245728958 8.3271292346568249 3.5000000000000004 8.3931166691788146 0.017080999530942248 7.5307873048590457 7.9913279541171791 7.9318198620128415 4.5000000000000009 0.014407615121636243 0.020534942116858006 8.5000000000000018 0.73771259894200913 0.014566999954595762 0.015267695482718139 1.5000000000000002 0.020045961608430276 3.5000000000000004 3.5000000000000004
decision_type=2 2 2 2 2 2 2 2 2 2 2 2 2 2 2 2 2 2 2 2 2 2 2 2 2 2 2 2 2 2
left_child=1 2 3 4 9 11 -5 -3 -7 10 -1 13 17 -2 15 -14 -8 18 19 20 21 22 -13 26 -21 -26 -19 28 -28 -30
right_child=5 7 -4 6 -6 8 16 -9 -10 -11 -12 12 14 -15 -16 -17 -18 23 -20 24 -22 -23 -24 -25 25 -27 27 -29 29 -31
leaf_value=-4.4695060403642921e-05 -2.7470427209085742e-06 -5.5024331767754986e-05 -1.8283765372868918e-05 6.7154545353091761e-05 -5.6068963866553852e-05 -1.4741188587873503e-05 -4.6993477566976886e-05 -1.2925692102899733e-05 1.9417141247141025e-06 6.4736699908769096e-06 3.2871720124217707e-05 5.3484986401920558e-05 -4.665426275978907e-05 6.9727124334111737e-05 3.7628382552850132e-06 1.1178891956822174e-05 3.1848346648410616e-05 5.2262528357917153e-05 -5.0097564482019624e-05 3.3377002939515963e-05 0.00011663479463973689 -3.5519076316387742e-05 -7.5335052633555661e-07 -5.0626226573440408e-05 -6.2429137401531255e-05 1.4174673064477894e-06 -5.4615726568810374e-06 4.8090824700328802e-05 -2.5816096361804073e-05 9.9642397341723725e-05
leaf_weight=115 41 104 617 62 83 778 45 128 91560 755 44 171 117 69 717 41 351 200 51 42 84 50 167 52 87 65 181 46 49 75
leaf_count=115 41 104 617 62 83 778 45 128 91560 755 44 171 117 69 717 41 351 200 51 42 84 50 167 52 87 65 181 46 49 75
internal_value=3.06869e-05 -0.00121528 -0.000723938 0.000292096 -0.00102808 6.10188e-05 0.00316594 -0.00560345 2.76159e-05 -0.000273523 -0.00455975 0.00139913 0.00112756 0.00681818 -0.000485714 -0.00474684 0.0020202 0.00219697 0.000801953 0.0015015 0.00317797 0.00180412 0.00310651 0.00385572 -0.00257732 -0.00460526 0.00458258 0.00292023 0.00155738 0.00524194
internal_weight=96947 2304 2072 1455 997 94643 458 232 92338 914 159 2305 2195 110 875 158 396 1320 717 666 472 388 338 603 194 152 551 351 305 124
internal_count=96947 2304 2072 1455 997 94643 458 232 92338 914 159 2305 2195 110 875 158 396 1320 717 666 472 388 338 603 194 152 551 351 305 124
is_linear=0
shrinkage=0.05


Tree=249
num_leaves=31
num_cat=0
split_feature=12 12 13 12 14 12 4 0 12 12 12 12 14 11 0 0 14 0 0 4 12 4 14 4 14 10 6 7 2 4
split_gain=1.39176 4.26299 3.74122 3.13337 5.80759 4.54441 3.27376 2.42387 3.91221 4.44333 3.84637 2.50179 6.38628 3.67822 2.93299 5.151 7.36503 3.2579 7.02005 2.94249 2.8922 2.71183 2.48784 2.65786 3.61995 2.44888 2.4092 2.37396 2.25719 2.24226
threshold=0.12254628433665732 0.10146836030122026 1.1192221283514414 0.21195280718300627 0.11125199692356876 0.28214596688078336 1.0000000180025095e-35 22.500000000000004 0.74401127841374592 0.40368157437839791 0.3066224417723053 0.3197795857231292 0.21491882147311586 0.52921889025971625 21.500000000000004 8.5000000000000018 0.15226268694702264 9.5000000000000018 11.500000000000002 1.0000000180025095e-35 0.34771450359961475 9.5000000000000018 0.7030220205362262 8.5000000000000018 1.2848189421591869 8.1568467711227797 1.0000000180025095e-35 1.0000000180025095e-35 11.500000000000002 1.0000000180025095e-35
decision_type=2 2 2 2 2 2 2 2 2 2 2 2 2 2 2 2 2 2 2 2 2 2 2 2 2 2 2 2 2 2
left_child=1 2 -1 6 5 26 -2 11 9 10 22 13 20 14 15 16 -6 -17 -19 -20 -13 -22 -9 24 -24 -25 27 29 -4 -5
right_child=3 -3 28 4 7 -7 -8 8 -10 -11 -12 12 -14 -15 -16 17 -18 18 19 -21 21 -23 23 25 -26 -27 -28 -29 -30 -31
leaf_value=-2.3279378024994304e-06 -0.00039790465547366317 -0.00024135198705271897 -9.7850370883394329e-05 -0.0024156027546390138 6.325472584605904e-05 -0.0021423261114610708 0.00011580087837876203 -0.0009529884088506275 -0.0035404978101501064 0.00025450680738137724 -0.0022219842033429529 0.00020840875281136762 4.4660283687936179e-06 -0.0022480267353184396 0.00078347615879582476 -0.00057598957699035453 0.0019507141458336569 0.0028054913971613605 -0.0016553728149669295 -2.0367819294540847e-05 -0.00045811211377437685 -0.0013751342189852467 -0.00025217236684020941 -7.5590210940629235e-05 -0.0010781413911232656 0.00081369497210574898 0.00034151413709653108 0.0013622580518414377 -3.4620288197316777e-05 -0.00045406192701170217
leaf_weight=24188 1047 1138 51 48 598 58 6140 47 161 1055 161 319 56295 50 576 319 325 122 124 730 626 619 314 435 118 76 48 46 150 478
leaf_count=24188 1047 1138 51 48 598 58 6140 47 161 1055 161 319 56295 50 576 319 325 122 124 730 626 619 314 435 118 76 48 46 150 478
internal_value=-0.000119218 -0.000435813 -0.00029624 -5.28653e-06 -0.000116866 -0.00471976 0.000984416 -6.73854e-05 -0.00163709 -0.00108794 -0.00323632 -6.17762e-06 -7.73432e-05 0.00144163 0.00168218 0.000856628 0.00371073 -0.00117761 0.000256148 -0.0013466 -0.0032289 -0.00431727 -0.00207071 -0.00151113 -0.00439815 0.00092955 -0.00346774 -0.00437063 -0.00708955 -0.00532319
internal_weight=96462 25527 24389 70935 63748 678 7187 63070 2367 2206 1151 60703 57859 2844 2794 2218 923 1295 976 854 1564 1245 990 943 432 511 620 572 201 526
internal_count=96462 25527 24389 70935 63748 678 7187 63070 2367 2206 1151 60703 57859 2844 2794 2218 923 1295 976 854 1564 1245 990 943 432 511 620 572 201 526
is_linear=0
shrinkage=0.05


end of trees

feature_importances:
how4_out_ratio=1501
area_code=976
dom=811
hour=746
how4_in_ratio=558
days_to_festival=556
dow=494
lag168_out_ratio=427
is_payday=365
after_festival=275
lag168_in_ratio=210
log_base_out=205
log_base_in=193
is_haat=157
in_festival=26

parameters:
[boosting: gbdt]
[objective: quantile]
[metric: quantile]
[tree_learner: serial]
[device_type: cpu]
[data_sample_strategy: bagging]
[data: ]
[valid: ]
[num_iterations: 250]
[learning_rate: 0.05]
[num_leaves: 31]
[num_threads: 1]
[seed: 42]
[deterministic: 0]
[force_col_wise: 0]
[force_row_wise: 0]
[histogram_pool_size: -1]
[max_depth: -1]
[min_data_in_leaf: 40]
[min_sum_hessian_in_leaf: 0.001]
[bagging_fraction: 0.8]
[pos_bagging_fraction: 1]
[neg_bagging_fraction: 1]
[bagging_freq: 1]
[bagging_seed: 400]
[bagging_by_query: 0]
[feature_fraction: 0.9]
[feature_fraction_bynode: 1]
[feature_fraction_seed: 30056]
[extra_trees: 0]
[extra_seed: 12879]
[early_stopping_round: 0]
[early_stopping_min_delta: 0]
[first_metric_only: 0]
[max_delta_step: 0]
[lambda_l1: 0]
[lambda_l2: 0]
[linear_lambda: 0]
[min_gain_to_split: 0]
[drop_rate: 0.1]
[max_drop: 50]
[skip_drop: 0.5]
[xgboost_dart_mode: 0]
[uniform_drop: 0]
[drop_seed: 17869]
[top_rate: 0.2]
[other_rate: 0.1]
[min_data_per_group: 100]
[max_cat_threshold: 32]
[cat_l2: 10]
[cat_smooth: 10]
[max_cat_to_onehot: 4]
[top_k: 20]
[monotone_constraints: ]
[monotone_constraints_method: basic]
[monotone_penalty: 0]
[feature_contri: ]
[forcedsplits_filename: ]
[refit_decay_rate: 0.9]
[cegb_tradeoff: 1]
[cegb_penalty_split: 0]
[cegb_penalty_feature_lazy: ]
[cegb_penalty_feature_coupled: ]
[path_smooth: 0]
[interaction_constraints: ]
[verbosity: -1]
[saved_feature_importance_type: 0]
[use_quantized_grad: 0]
[num_grad_quant_bins: 4]
[quant_train_renew_leaf: 0]
[stochastic_rounding: 1]
[linear_tree: 0]
[max_bin: 255]
[max_bin_by_feature: ]
[min_data_in_bin: 3]
[bin_construct_sample_cnt: 200000]
[data_random_seed: 175]
[is_enable_sparse: 1]
[enable_bundle: 1]
[use_missing: 1]
[zero_as_missing: 0]
[feature_pre_filter: 1]
[pre_partition: 0]
[two_round: 0]
[header: 0]
[label_column: ]
[weight_column: ]
[group_column: ]
[ignore_column: ]
[categorical_feature: ]
[forcedbins_filename: ]
[precise_float_parser: 0]
[parser_config_file: ]
[objective_seed: 16083]
[num_class: 1]
[is_unbalance: 0]
[scale_pos_weight: 1]
[sigmoid: 1]
[boost_from_average: 1]
[reg_sqrt: 0]
[alpha: 0.5]
[fair_c: 1]
[poisson_max_delta_step: 0.7]
[tweedie_variance_power: 1.5]
[lambdarank_truncation_level: 30]
[lambdarank_norm: 1]
[label_gain: ]
[lambdarank_position_bias_regularization: 0]
[eval_at: ]
[multi_error_top_k: 1]
[auc_mu_weights: ]
[num_machines: 1]
[local_listen_port: 12400]
[time_out: 120]
[machine_list_filename: ]
[machines: ]
[gpu_platform_id: -1]
[gpu_device_id: -1]
[gpu_device_id_list: ]
[gpu_use_dp: 0]
[num_gpu: 1]

end of parameters

pandas_categorical:[]
