tree
version=v4
num_class=1
num_tree_per_iteration=1
label_index=0
max_feature_idx=14
objective=quantile
feature_names=hour dow dom is_payday days_to_festival in_festival after_festival is_haat area_code log_base_out log_base_in lag168_out_ratio how4_out_ratio lag168_in_ratio how4_in_ratio
feature_infos=[0:23] [0:6] [1:30] [0:1] [0:10] [0:1] [0:1] [0:1] [0:4] [6.9096493174915565:9.8165818517807502] [6.1572879067910398:8.9953406527916453] [0.0039056496306810479:19.896346733934273] [0.0085488031675565422:7.9187306684296273] [0.0057229155075113258:7.6057398984615041] [0.0083442188966757237:4.5834211502782933]
tree_sizes=2776 2922 2921 2909 2942 2949 2930 2922 2942 2943 2948 2939 2960 2962 2973 2939 2946 2948 2953 2945 2979 2970 2976 2965 2996 2970 2965 2967 2998 2980 3021 2995 3007 3017 3013 3004 2998 3014 3014 2996 3021 3036 3032 3016 3022 3031 3036 3043 3020 3044 3032 3012 3055 3029 3037 3051 3046 3042 3025 3055 3015 3013 3053 3029 3041 3046 3025 3047 3053 3032 3034 3048 3053 3064 3073 3067 3071 3056 3063 3039 3061 3047 3050 3041 3047 3056 3032 3042 3026 3059 3050 3044 3059 3046 3053 3058 3042 3036 3035 3051 3058 3054 3065 3043 3075 3043 3087 3077 3036 3061 3063 3035 3076 3004 3063 3028 3067 3044 3033 3057 3039 3066 3044 3039 3039 3056 3055 3085 3050 3067 3090 3068 3059 3094 3068 3055 3073 3071 3074 3104 3057 3075 3063 3072 3076 3062 3068 3071 3081 3072 3086 3060 3089 3045 3068 3079 3043 3067 3039 3059 3069 3062 3089 3064 3045 3058 3057 3067 3074 3052 3066 3046 3073 3053 3027 3062 3060 3094 3035 3049 3029 3086 3053 3083 3026 3039 3028 3052 3037 3041 3012 3036 3008 3035 3000 3044 3019 3067 3057 3050 3021 3037 3020 2968 3029 3007 3029 3045 3056 3011 2989 3036 3025 3016 3025 3054 3038 2999 3027 3085 3008 3028 3041 3003 3026 3013 3072 2988 3007 3029 3026 2975 2962 2990 2972 3021 3005 2986 3038 2989 2994 3012 3057 3030 3000 2977 3012 2980 3024 3033

Tree=0
num_leaves=31
num_cat=0
split_feature=12 4 3 12 12 4 8 12 3 2 8 8 11 12 8 8 0 1 2 8 12 4 8 12 1 0 1 1 12 0
split_gain=1795.41 834.529 1023.83 197.525 177.716 410.752 71.983 52.1515 48.4315 30.8093 30.7674 29.9145 26.3484 20.6084 19.6177 17.0254 14.7938 14.1724 13.8645 12.1865 11.8553 47.0767 23.8482 11.0894 10.9714 9.58466 9.61993 9.80659 8.46567 8.44561
threshold=2.0652008422460999 1.0000000180025095e-35 1.0000000180025095e-35 3.0336481365421735 1.4462720853258568 1.0000000180025095e-35 1.0000000180025095e-35 3.3051653086412491 1.0000000180025095e-35 20.500000000000004 1.5000000000000002 1.0000000180025095e-35 1.794938462183576 2.3859723522052021 1.0000000180025095e-35 1.5000000000000002 17.500000000000004 2.5000000000000004 17.500000000000004 1.0000000180025095e-35 1.0589607478781462 1.0000000180025095e-35 1.0000000180025095e-35 1.9315817605357493 3.5000000000000004 20.500000000000004 3.5000000000000004 5.5000000000000009 2.5278353214516947 17.500000000000004
decision_type=2 2 2 2 2 2 2 2 2 2 2 2 2 2 2 2 2 2 2 2 2 2 2 2 2 2 2 2 2 2
left_child=4 19 7 6 20 11 12 -3 -7 17 16 -6 24 -12 29 -16 -8 -9 -13 -2 -1 22 -22 -10 -4 26 -18 -28 -21 -5
right_child=1 2 3 14 5 8 10 9 23 -11 13 18 -14 -15 15 -17 25 -19 -20 28 21 -23 -24 -25 -26 -27 27 -29 -30 -31
leaf_value=3.012338248458176 3.4989953386031174 3.1070514500234454 3.2323158859575813 3.260500830919324 3.2745554706108977 3.0691356484082561 3.1265597672856758 3.1823903759238474 3.1303791134681349 3.121191767158666 3.1745554807324536 3.1875653032097602 3.2616683376352853 3.200077056397828 3.1749581197555043 3.2795397345278672 3.1822960674169734 3.1522197425987768 3.2195544010992334 3.2543984592703681 3.2007668195033405 3.0719334837791279 3.135881754924037 3.1585772516381612 3.1811928959267788 3.1227792606197995 3.1249544416462411 3.1706310479998252 3.3311190243737512 3.3651046714699362
leaf_weight=53342 951 8152 406 480 371 6807 401 622 3883 1029 943 822 694 1351 232 870 547 741 798 803 316 7721 1109 964 273 123 181 102 808 803
leaf_count=53342 951 8152 406 480 371 6807 401 622 3883 1029 943 822 694 1351 232 870 547 741 798 803 316 7721 1109 964 273 123 181 102 808 803
internal_value=3.12622 3.13935 3.13554 3.14979 3.12268 3.12785 3.14416 3.12553 3.12427 3.13202 3.14049 3.14884 3.15392 3.14401 3.16164 3.15674 3.13451 3.13695 3.14591 3.16604 3.12155 3.12322 3.13157 3.12809 3.14692 3.1379 3.13983 3.13235 3.16339 3.16584
internal_weight=96645 20512 17950 7406 76133 13645 5021 10544 11654 2392 3648 1991 1373 2294 2385 1102 1354 1363 1620 2562 62488 9146 1425 4847 679 953 830 283 1611 1283
internal_count=96645 20512 17950 7406 76133 13645 5021 10544 11654 2392 3648 1991 1373 2294 2385 1102 1354 1363 1620 2562 62488 9146 1425 4847 679 953 830 283 1611 1283
is_linear=0
shrinkage=1


Tree=1
num_leaves=31
num_cat=0
split_feature=12 4 3 12 12 4 8 12 3 8 8 14 11 12 2 8 12 0 8 11 12 4 8 2 12 12 1 12 0 8
split_gain=1647.87 781.787 892.791 187.293 173.321 390.157 74.525 50.0641 45.8807 30.089 27.5572 22.5273 21.8486 21.5175 17.5812 16.2167 15.2697 12.3588 11.6211 14.0767 11.522 40.2838 14.2161 10.6893 11.9069 9.66862 9.325 9.304 8.27359 7.53435
threshold=2.0652008422460999 1.0000000180025095e-35 1.0000000180025095e-35 3.132656804889534 1.4462720853258568 1.0000000180025095e-35 1.0000000180025095e-35 3.7319206342178548 1.0000000180025095e-35 1.0000000180025095e-35 1.5000000000000002 2.0439602148248484 1.794938462183576 2.3859723522052021 20.500000000000004 1.0000000180025095e-35 1.7941351180353482 17.500000000000004 1.0000000180025095e-35 1.4524321949659302 1.1928464110842623 1.0000000180025095e-35 1.0000000180025095e-35 20.500000000000004 3.132656804889534 2.4783214366956514 3.5000000000000004 2.5278353214516947 20.500000000000004 1.0000000180025095e-35
decision_type=2 2 2 2 2 2 2 2 2 2 2 2 2 2 2 2 2 2 2 2 2 2 2 2 2 2 2 2 2 2
left_child=4 15 7 6 20 9 12 23 -7 -6 17 29 25 -12 26 -2 -11 -8 19 -10 -1 22 -22 24 -3 -4 -9 -17 -19 -5
right_child=1 2 3 11 5 8 10 14 18 16 13 -13 -14 -15 -16 27 -18 28 -20 -21 21 -23 -24 -25 -26 -27 -28 -29 -30 -31
leaf_value=-0.1011294575002309 0.34874125784893861 -0.010400033986021961 0.06189670188731753 0.14042320290580307 0.13768738030157379 -0.054079834717374459 0.0014947106926950894 0.057398287039122531 0.0141604015891454 0.056519358415359655 0.040575395104587256 0.20218199689053762 0.12933294758678476 0.071034532715655407 0.011236893459162057 0.12122499827517259 0.091271199763661895 0.044218140727307412 0.0031841486516851372 0.066166910243595722 0.077940732881889255 -0.048063708160115654 0.017756401793417642 -0.042382718445449413 0.018173805259178399 0.10068388049789662 0.03019698328296614 0.19441170697360649 -0.0036537382827272371 0.083737269069010564
leaf_weight=56387 958 5023 330 464 400 6835 402 521 622 948 960 1224 743 1434 613 803 671 881 3967 314 210 5121 744 3153 959 380 281 817 124 441
leaf_count=56387 958 5023 330 464 400 6835 402 521 622 948 960 1224 743 1434 613 803 671 881 3967 314 210 5121 744 3153 959 380 281 817 124 441
internal_value=-0.000153004 0.0124272 0.00872609 0.0220622 -0.00353842 0.00154212 0.0169928 -0.000606636 -0.00195008 0.021845 0.013311 0.0345726 0.0266242 0.0165748 0.00814488 0.038173 0.018811 0.00775764 0.00174077 0.00675214 -0.00465739 -0.00258848 0.00684486 -0.00196223 -0.000720496 0.0203521 0.0130175 0.0351235 0.0107214 0.0285912
internal_weight=96730 20511 17933 7383 76219 13757 5254 10550 11738 2019 3801 2129 1453 2394 1415 2578 1619 1407 4903 936 62462 6075 954 9135 5982 710 802 1620 1005 905
internal_count=96730 20511 17933 7383 76219 13757 5254 10550 11738 2019 3801 2129 1453 2394 1415 2578 1619 1407 4903 936 62462 6075 954 9135 5982 710 802 1620 1005 905
is_linear=0
shrinkage=0.05


Tree=2
num_leaves=31
num_cat=0
split_feature=12 4 3 12 12 4 8 12 8 7 8 8 3 0 2 2 11 12 12 8 7 8 8 0 11 2 1 1 12 2
split_gain=1473.94 822.581 769.301 214.855 105.557 270.947 64.8186 41.0628 39.5321 33.3508 29.9163 26.56 22.513 22.3174 20.9792 18.8301 17.3213 16.1886 15.7013 14.515 13.5935 11.9111 11.4578 10.6251 8.22437 7.96934 7.90485 7.2631 6.90888 6.26119
threshold=1.9315817605357493 1.0000000180025095e-35 1.0000000180025095e-35 2.6062466583150026 1.3346499513179573 1.0000000180025095e-35 1.0000000180025095e-35 3.3051653086412491 1.0000000180025095e-35 1.0000000180025095e-35 1.0000000180025095e-35 1.0000000180025095e-35 1.0000000180025095e-35 17.500000000000004 20.500000000000004 4.5000000000000009 1.5390298218923189 2.2738706688326817 1.5423343093898365 1.5000000000000002 1.0000000180025095e-35 2.5000000000000004 1.5000000000000002 19.500000000000004 2.1396246490835984 16.500000000000004 1.5000000000000002 3.5000000000000004 2.3181706551236823 20.500000000000004
decision_type=2 2 2 2 2 2 2 2 2 2 2 2 2 2 2 2 2 2 2 2 2 2 2 2 2 2 2 2 2 2
left_child=4 10 7 8 -1 11 13 29 16 19 -2 -6 -7 24 20 27 -4 -12 -13 -8 26 -21 -17 -15 -5 -20 -9 28 -10 -3
right_child=1 2 3 6 5 12 9 14 15 -11 17 18 -14 23 -16 22 -18 -19 25 21 -22 -23 -24 -25 -26 -27 -28 -29 -30 -31
leaf_value=-0.087853304055481612 0.32272307604260797 -0.010906617769526636 0.057040465517422395 0.094318501914876132 0.11086609436430693 -0.056844966659699181 0.045887138670489158 0.036824997837257116 0.025013770007855721 0.16818394652598201 0.096687287924430779 0.028336828149657545 -0.0016564142623654021 0.21944666973737875 -0.004160331795695825 0.02653054050281118 0.1034643622740079 0.16427146567831211 0.045993096181502345 0.13176358798148799 0.066752401651266266 0.064722211350909706 0.054977559475826145 0.099941676330915788 0.13412286495549597 0.079337053855536382 0.014466457952038596 0.0092969201597051764 0.055625677035880949 -0.046221970539306795
leaf_weight=59860 1046 6326 399 513 426 6787 624 329 441 432 688 586 4896 761 1020 654 555 1189 350 215 251 970 986 240 360 718 787 951 268 3208
leaf_count=59860 1046 6326 399 513 426 6787 624 329 441 432 688 586 4896 761 1020 654 555 1189 350 215 251 970 986 240 360 718 787 951 268 3208
internal_value=-0.000380335 0.0106055 0.00703302 0.0186528 -0.00384411 0.000104264 0.0267983 -0.00112449 0.0107734 0.0210598 0.0354037 0.0167308 -0.00285586 0.0336606 0.00474026 0.00818182 0.0197379 0.0316276 0.0138634 0.018079 0.00878932 0.0213291 0.0119817 0.0387562 0.0278179 0.0174719 0.00642473 0.00442771 0.00825811 -0.00259283
internal_weight=96836 23213 20290 8369 73623 13763 4115 11921 4254 2241 2923 2080 11683 1874 2387 3300 954 1877 1654 1809 1367 1185 1640 1001 873 1068 1116 1660 709 9534
internal_count=96836 23213 20290 8369 73623 13763 4115 11921 4254 2241 2923 2080 11683 1874 2387 3300 954 1877 1654 1809 1367 1185 1640 1001 873 1068 1116 1660 709 9534
is_linear=0
shrinkage=0.05


Tree=3
num_leaves=31
num_cat=0
split_feature=12 4 3 12 12 4 8 12 8 12 12 3 11 12 2 8 8 14 12 12 2 8 8 2 2 2 14 0 11 2
split_gain=1327.24 713.942 689.3 174.911 104.517 245.269 61.7889 35.4063 29.235 29.2094 28.682 26.6564 25.7601 19.661 18.5473 15.9821 14.8964 13.9248 10.0316 9.61592 9.6118 9.26379 13.6855 8.87166 8.67605 8.18001 7.7887 7.46128 7.40639 7.32975
threshold=1.9680945314899818 1.0000000180025095e-35 1.0000000180025095e-35 3.3051653086412491 1.2416670953716158 1.0000000180025095e-35 1.0000000180025095e-35 3.1935254887084805 1.0000000180025095e-35 2.6581073991100173 2.3629150681186144 1.0000000180025095e-35 1.5578169056999904 1.5596605137936936 20.500000000000004 1.5000000000000002 1.0000000180025095e-35 1.974723118924252 1.592968155458466 4.0035509476549178 4.5000000000000009 1.0000000180025095e-35 1.5000000000000002 18.500000000000004 4.5000000000000009 27.500000000000004 1.182773151721862 17.500000000000004 2.2218988748465729 19.500000000000004
decision_type=2 2 2 2 2 2 2 2 2 2 2 2 2 2 2 2 2 2 2 2 2 2 2 2 2 2 2 2 2 2
left_child=4 9 7 6 -1 8 12 -3 -6 16 20 -7 25 -10 19 27 -2 -5 -13 -9 -8 -19 -23 -18 28 -4 -14 -12 -17 -15
right_child=1 2 3 17 5 11 10 14 13 -11 15 18 26 29 -16 24 23 21 -20 -21 -22 22 -24 -25 -26 -27 -28 -29 -30 -31
leaf_value=-0.08867541726788275 0.19499983471503032 -0.019233071522391166 0.032987500793312884 0.12372319804342545 0.10677103747423385 -0.05506567292901892 0.016177017799863004 0.022896425593793651 0.020503146144428053 0.29124000872313804 -0.0052577626312206418 -0.018427203358307116 0.067597070027859335 0.057448453410752533 -0.0066978563146201211 0.044677837649838244 0.092883220813148218 0.20893139166482838 0.0085989541425055323 0.046758929301250918 0.038902235227578609 0.036251990484666166 0.16208916351363611 0.13434088425272128 0.07616487607276784 0.089383045368301592 0.1266821188538276 0.04407900130540008 0.071229283201449764 0.10594700067167728
leaf_weight=57444 432 8784 302 587 505 8274 1034 1075 896 1195 142 2972 166 914 1181 494 721 728 2953 539 1019 59 376 447 852 343 982 739 357 183
leaf_count=57444 432 8784 302 587 505 8274 1034 1075 896 1195 142 2972 166 914 1181 494 721 728 2953 539 1019 59 376 447 852 343 982 739 357 183
internal_value=-0.000543721 0.0100771 0.00673136 0.0178423 -0.00377463 -0.000292569 0.014028 -0.00111797 0.0141553 0.0337299 0.0109802 -0.00283436 0.0219102 0.0114325 0.00378354 0.0144853 0.0293125 0.0318571 -0.000274263 0.00726766 0.00656844 0.0350258 0.0292529 0.0263784 0.0173136 0.0139147 0.0264024 0.00901816 0.0137427 0.0159207
internal_weight=96695 22554 19759 8180 74141 16697 6430 11579 2498 2795 4637 14199 1793 1993 2795 2584 1600 1750 5925 1614 2053 1163 435 1168 1703 645 1148 881 851 1097
internal_count=96695 22554 19759 8180 74141 16697 6430 11579 2498 2795 4637 14199 1793 1993 2795 2584 1600 1750 5925 1614 2053 1163 435 1168 1703 645 1148 881 851 1097
is_linear=0
shrinkage=0.05


Tree=4
num_leaves=31
num_cat=0
split_feature=12 4 3 12 12 4 8 3 12 8 8 8 11 12 4 8 1 2 2 0 14 12 12 12 1 2 12 2 12 1
split_gain=1190.05 572.794 571.942 141.011 128.818 242.728 58.0797 42.3341 33.2997 27.0528 22.3292 21.6019 18.1865 17.0391 58.3644 18.7755 16.112 13.1466 12.6718 11.6958 11.3863 11.2671 11.2461 11.0326 10.9537 9.34566 9.74903 9.06304 8.45623 8.23369
threshold=2.0652008422460999 1.0000000180025095e-35 1.0000000180025095e-35 3.4493351246816402 1.4462720853258568 1.0000000180025095e-35 1.0000000180025095e-35 1.0000000180025095e-35 3.6242137430533221 1.0000000180025095e-35 1.5000000000000002 1.0000000180025095e-35 2.0415457702536757 0.94265681857819605 1.0000000180025095e-35 1.0000000180025095e-35 3.5000000000000004 3.5000000000000004 20.500000000000004 17.500000000000004 2.1386486113466212 2.3859723522052021 1.7941351180353482 3.1935254887084805 2.5000000000000004 20.500000000000004 2.7173423855593684 18.500000000000004 1.7269930721847415 3.5000000000000004
decision_type=2 2 2 2 2 2 2 2 2 2 2 2 2 2 2 2 2 2 2 2 2 2 2 2 2 2 2 2 2 2
left_child=4 9 8 6 13 11 12 -7 25 -2 19 -6 24 -1 15 -15 21 -18 -10 -8 -5 -12 -13 27 -4 26 -3 -11 -9 -21
right_child=1 2 3 20 5 7 10 28 18 23 16 22 -14 14 -16 -17 17 -19 -20 29 -22 -23 -24 -25 -26 -27 -28 -29 -30 -31
leaf_value=-0.099725622201582237 0.30647015209824779 -0.014261858668717209 0.093598075220451799 0.13549669852104915 0.11506088998285309 -0.046329501043752642 -0.005888055108175372 -0.0046855860516679783 0.037138548703814327 0.094394044706173907 0.042309748529337096 0.045825999669733726 0.12719030342413368 0.059515599549910536 -0.045145575218616341 0.010950707188567735 0.021982485388809148 0.07297733058757308 0.005312272660476092 0.045658210236423302 0.18240788483300954 0.070180562487861975 0.076920663933576591 0.2121193261461165 0.062237993299684602 -0.037682499607015474 0.0078282163737147231 0.13727999364481466 0.01826389474679781 0.017353197798020217
leaf_weight=50981 933 3608 465 618 390 6767 398 2278 945 787 613 933 758 383 9597 1376 671 281 702 714 848 1170 684 218 518 3056 2266 573 2572 373
leaf_count=50981 933 3608 465 618 390 6767 398 2278 945 787 613 933 758 383 9597 1376 671 281 702 714 848 1170 684 218 518 3056 2266 573 2572 373
internal_value=-0.000701523 0.00998416 0.00686403 0.017499 -0.00358743 0.00081694 0.0140824 -0.00195705 -0.00060367 0.0323556 0.0109123 0.0168734 0.0217662 -0.00455003 -0.00279852 0.00557419 0.0135923 0.00834033 0.00592896 0.00597643 0.0313915 0.0163965 0.0143259 0.028365 0.0172787 -0.00180851 -0.000641813 0.0266912 0.00160825 0.00866145
internal_weight=96476 20515 18004 7427 75961 13624 5961 11617 10577 2511 4220 2007 1741 62337 11356 1759 2735 952 1647 1485 1466 1783 1617 1578 983 8930 5874 1360 4850 1087
internal_count=96476 20515 18004 7427 75961 13624 5961 11617 10577 2511 4220 2007 1741 62337 11356 1759 2735 952 1647 1485 1466 1783 1617 1578 983 8930 5874 1360 4850 1087
is_linear=0
shrinkage=0.05


Tree=5
num_leaves=31
num_cat=0
split_feature=12 4 3 12 12 4 8 3 12 8 1 12 8 2 8 12 12 4 8 14 12 2 2 2 1 0 11 12 1 12
split_gain=1087.08 514.69 507.759 133.429 115.962 218.855 55.4385 36.8582 30.2011 28.4319 19.7892 18.9462 16.4401 15.3364 15.1428 12.0927 11.3934 38.8502 25.1326 10.774 10.6399 10.548 10.3066 9.77549 11.7401 9.77401 9.56402 9.49217 8.77305 8.61813
threshold=2.0652008422460999 1.0000000180025095e-35 1.0000000180025095e-35 3.4493351246816402 1.3677312072546379 1.0000000180025095e-35 1.0000000180025095e-35 1.0000000180025095e-35 4.0035509476549178 1.0000000180025095e-35 3.5000000000000004 2.4783214366956514 1.0000000180025095e-35 3.5000000000000004 1.5000000000000002 2.8755997661057462 0.80777029362974762 1.0000000180025095e-35 1.0000000180025095e-35 2.1386486113466212 1.7941351180353482 20.500000000000004 17.500000000000004 20.500000000000004 2.5000000000000004 17.500000000000004 2.0165737572659705 3.1935254887084805 2.5000000000000004 1.7762499382849202
decision_type=2 2 2 2 2 2 2 2 2 2 2 2 2 2 2 2 2 2 2 2 2 2 2 2 2 2 2 2 2 2
left_child=4 9 8 6 16 12 11 -7 15 -2 14 -4 -6 -12 25 -3 -1 18 -18 -5 -14 -10 27 24 -17 -8 28 -11 -13 -9
right_child=1 2 3 19 5 7 10 29 21 22 13 26 20 -15 -16 23 17 -19 -20 -21 -22 -23 -24 -25 -26 -27 -28 -29 -30 -31
leaf_value=-0.10135887915353813 0.28715248101614188 -0.019193385702009284 0.071867163809092513 0.13234812824273029 0.10928903229993824 -0.045233574106299759 -0.0023807806787186723 -0.0045896454836976642 0.044532674024755858 0.088989019728548321 0.011336386957537177 0.090811993360191287 0.038243143690399196 0.047075881241533474 0.057465327482383546 0.03113479836200142 0.058111972105298754 -0.048600161107865351 0.0013701004381483355 0.17183280818999225 0.07423630438714178 0.014353692626652138 0.13273603317781588 -0.020170597914335404 -0.0023272896170489963 0.043738891986502354 0.13294710699902643 0.20725892262303802 0.061215964512140911 0.017965392907613283
leaf_weight=48379 942 6373 602 634 442 7710 291 3410 556 704 1058 287 1174 406 1762 888 375 10269 1545 837 665 435 774 1254 1104 739 569 108 303 2125
leaf_count=48379 942 6373 602 634 442 7710 291 3410 556 704 1058 287 1174 406 1762 888 375 10269 1545 837 665 435 774 1254 1104 739 569 108 303 2125
internal_value=-0.000891234 0.00929022 0.00633827 0.0163074 -0.00365101 0.000204172 0.0130073 -0.00225934 -0.000697456 0.0304233 0.00992011 0.0204685 0.014509 0.00521175 0.012389 -0.0015537 -0.00463925 -0.00327303 0.00325521 0.0298063 0.0124279 0.00761352 0.0263367 0.000930375 0.00310743 0.00757281 0.0242062 0.0224015 0.0197458 0.000853657
internal_weight=96720 20626 18098 7488 76094 15526 6017 13245 10610 2528 4256 1761 2281 1464 2792 9619 60568 12189 1920 1471 1839 991 1586 3246 1992 1030 1159 812 590 5535
internal_count=96720 20626 18098 7488 76094 15526 6017 13245 10610 2528 4256 1761 2281 1464 2792 9619 60568 12189 1920 1471 1839 991 1586 3246 1992 1030 1159 812 590 5535
is_linear=0
shrinkage=0.05


Tree=6
num_leaves=31
num_cat=0
split_feature=12 4 3 12 12 4 12 8 12 8 3 8 12 7 0 7 2 8 11 0 1 12 8 6 2 1 2 12 0 2
split_gain=974.121 512.698 440.75 141.818 69.1071 137.49 43.687 42.6555 32.5692 20.641 20.5341 19.9194 19.4149 19.1157 16.6063 16.5086 14.0266 13.3941 11.8603 11.0607 10.6242 9.14587 8.97287 8.29996 7.07386 6.94744 6.85937 7.32162 5.92515 5.92324
threshold=1.8967190785398451 1.0000000180025095e-35 1.0000000180025095e-35 3.132656804889534 1.1928464110842623 1.0000000180025095e-35 3.1935254887084805 1.0000000180025095e-35 3.3051653086412491 1.0000000180025095e-35 1.0000000180025095e-35 1.0000000180025095e-35 2.2738706688326817 1.0000000180025095e-35 17.500000000000004 1.0000000180025095e-35 17.500000000000004 1.0000000180025095e-35 1.4524321949659302 19.500000000000004 1.5000000000000002 1.5423343093898365 1.5000000000000002 1.0000000180025095e-35 20.500000000000004 2.5000000000000004 20.500000000000004 2.4306248239214576 14.500000000000002 4.5000000000000009
decision_type=2 2 2 2 2 2 2 2 2 2 2 2 2 2 2 2 2 2 2 2 2 2 2 2 2 2 2 2 2 2
left_child=4 6 8 7 -1 17 11 18 26 14 -7 -2 -9 28 -5 24 -13 -6 -4 -16 -19 -22 -14 -17 25 -10 27 -3 -11 -24
right_child=1 2 3 9 5 10 -8 12 15 13 -12 16 22 -15 19 23 -18 20 -20 -21 21 -23 29 -25 -26 -27 -28 -29 -30 -31
leaf_value=-0.079709429432439249 0.18074963600574354 -0.020337577485652174 0.055215685941460091 0.099779827313549049 0.081066440385865413 -0.05004567811343652 0.33359380968166885 0.020701042887958099 0.031683514629463248 0.093205603637041737 -0.0043567526349316439 0.080352882456026287 0.031550425814013641 0.13938292383420373 0.17975116711882669 0.062187658724500341 0.11505717764248991 0.067050358205591826 0.088888898843154082 0.052170812613117346 0.010721371680798253 0.045839721089290644 0.043303648286981876 -0.034340002152761132 -0.0071979235764939586 0.0065586407106794061 -0.040829916615048145 0.00048538004875422022 0.033626849146579714 0.058342728688416605
leaf_weight=56446 720 3226 534 411 489 8106 548 2109 529 345 5723 905 953 303 694 320 871 307 1137 104 843 831 889 51 906 602 3338 3373 255 890
leaf_count=56446 720 3226 534 411 489 8106 548 2109 529 345 5723 905 953 303 694 320 871 307 1137 104 843 831 889 51 906 602 3338 3373 255 890
internal_value=-0.00107423 0.00765773 0.0048741 0.0135471 -0.00395663 -0.00108872 0.0268331 0.00989558 -0.00118469 0.0248059 -0.0030295 0.0240264 0.00751807 0.0190864 0.0290777 0.00403239 0.0211824 0.00977733 0.0167834 0.0332832 0.007948 0.00637993 0.0103001 0.0137332 0.00226559 0.00490274 -0.00244893 -0.00151462 0.0139167 0.0123974
internal_weight=96758 24013 20969 8624 72745 16299 3044 6512 12345 2112 13829 2496 4841 903 1209 2408 1776 2470 1671 798 1981 1674 2732 371 2037 1131 9937 6599 600 1779
internal_count=96758 24013 20969 8624 72745 16299 3044 6512 12345 2112 13829 2496 4841 903 1209 2408 1776 2470 1671 798 1981 1674 2732 371 2037 1131 9937 6599 600 1779
is_linear=0
shrinkage=0.05


Tree=7
num_leaves=31
num_cat=0
split_feature=12 4 3 12 12 4 8 12 12 8 3 12 11 12 2 2 8 1 1 0 1 2 8 12 2 0 2 14 8 11
split_gain=880.271 440.559 384.691 114.716 71.9884 151.113 49.5512 37.3851 26.5817 22.8792 20.682 18.2016 14.8997 14.4851 13.1344 11.6716 10.9017 10.5212 9.49953 9.19248 9.17602 8.82482 8.05284 7.92852 7.52241 7.39873 7.25148 6.87227 6.85428 6.8139
threshold=1.9315817605357493 1.0000000180025095e-35 1.0000000180025095e-35 3.4493351246816402 1.0201082071805421 1.0000000180025095e-35 1.0000000180025095e-35 2.9079687597149522 3.1935254887084805 1.0000000180025095e-35 1.0000000180025095e-35 2.3859723522052021 1.5390298218923189 1.4946896374400966 20.500000000000004 17.500000000000004 1.0000000180025095e-35 3.5000000000000004 3.5000000000000004 17.500000000000004 3.5000000000000004 3.5000000000000004 1.0000000180025095e-35 1.5260017570108799 3.5000000000000004 19.500000000000004 4.5000000000000009 1.924314182998786 1.0000000180025095e-35 1.382908415275633
decision_type=2 2 2 2 2 2 2 2 2 2 2 2 2 2 2 2 2 2 2 2 2 2 2 2 2 2 2 2 2 2
left_child=4 7 8 6 -1 9 12 15 -3 -6 -7 26 -4 -11 20 -2 19 25 -14 -5 27 -19 -9 -12 -20 -13 -8 -10 -25 -17
right_child=1 2 3 16 5 10 11 22 14 13 23 17 18 -15 -16 29 -18 21 24 -21 -22 -23 -24 28 -26 -27 -28 -29 -30 -31
leaf_value=-0.083104156256500319 0.092451007401598728 -0.016525837125069411 0.057099535553278374 0.10236205269285384 0.076499937824800218 -0.04963229443559565 0.01264911124440468 0.3320459577747642 0.0067044465805167208 0.011590326804625036 -0.018573477095984094 0.055875183235724213 0.10667239771854263 0.055126783973285867 -0.0062997226207420322 0.095312139848630573 0.11704353263863512 0.013938737027139596 0.055074174235858211 0.17043881208764136 0.006755345680345682 0.045972898880276045 0.16506060610824447 0.025881839672130248 0.11762120748478672 0.029050141343991299 0.029724784093136111 0.03990422573495727 -0.0029480618996132746 0.12633310706821935
leaf_weight=52489 1092 9145 645 245 659 10395 1246 431 278 1332 4117 1536 770 1189 1175 133 567 626 289 657 566 251 372 647 218 190 1161 760 2596 880
leaf_count=52489 1092 9145 645 245 659 10395 1246 431 278 1332 4117 1536 770 1189 1175 133 567 626 289 657 566 251 372 647 218 190 1161 760 2596 880
internal_value=-0.00120048 0.0072821 0.00467774 0.0128729 -0.00388456 -0.00140554 0.0101832 0.0254849 -0.00109611 0.00863207 -0.00320332 0.00756487 0.0170083 0.0064637 0.0031864 0.0219834 0.025565 0.0104629 0.020137 0.02898 0.00612843 0.00600342 0.0346638 -0.00117527 0.0148225 0.0127289 0.00443083 0.008921 0.000673758 0.025849
internal_weight=96657 23233 20325 8401 73424 20935 6932 2908 11924 3180 17755 5010 1922 2521 2779 2105 1469 2603 1277 902 1604 877 803 7360 507 1726 2407 1038 3243 1013
internal_count=96657 23233 20325 8401 73424 20935 6932 2908 11924 3180 17755 5010 1922 2521 2779 2105 1469 2603 1277 902 1604 877 803 7360 507 1726 2407 1038 3243 1013
is_linear=0
shrinkage=0.05


Tree=8
num_leaves=31
num_cat=0
split_feature=12 5 3 12 12 5 8 12 7 12 0 12 8 0 3 6 7 12 1 1 1 2 8 8 8 1 1 14 2 12
split_gain=818.253 444.275 329.779 122.984 45.7196 96.1938 45.6647 43.2308 28.401 28.3739 24.2099 15.0251 14.6082 14.2632 13.1396 12.2537 12.3679 11.8149 8.48562 8.10407 7.76429 8.05093 7.8852 7.62482 7.51169 7.16105 6.66576 6.7279 6.48934 6.64434
threshold=1.7941351180353482 1.0000000180025095e-35 1.0000000180025095e-35 2.5525349097281964 0.94265681857819605 1.0000000180025095e-35 1.0000000180025095e-35 2.9079687597149522 1.0000000180025095e-35 3.132656804889534 17.500000000000004 2.2499799031666559 1.0000000180025095e-35 19.500000000000004 1.0000000180025095e-35 1.0000000180025095e-35 1.0000000180025095e-35 2.2499799031666559 1.5000000000000002 3.5000000000000004 1.5000000000000002 4.5000000000000009 1.0000000180025095e-35 1.0000000180025095e-35 1.5000000000000002 1.5000000000000002 1.5000000000000002 2.2958000509363887 20.500000000000004 2.4783214366956514
decision_type=2 2 2 2 2 2 2 2 2 2 2 2 2 2 2 2 2 2 2 2 2 2 2 2 2 2 2 2 2 2
left_child=4 2 9 17 -1 14 10 11 24 28 19 -3 -7 -12 -6 16 26 20 -14 -5 21 -4 -23 -9 -8 -13 27 -11 29 -2
right_child=1 7 3 6 5 12 8 23 -10 15 13 25 18 -15 -16 -17 -18 -19 -20 -21 -22 22 -24 -25 -26 -27 -28 -29 -30 -31
leaf_value=-0.082105623206984613 -0.018454905195701542 0.078259773675636968 -0.018562269208218261 0.083758632743223704 -0.052430773997456437 0.05823389937346142 0.029274921238636287 0.30484782082697581 0.12287567177587665 0.0086494360194154154 0.16342981550649271 0.16035050460843234 0.053748093687764259 0.068150707031473426 -0.011373125883313765 -0.061462316435641123 0.050885323395287854 0.043773620827323223 0.012480272508177749 0.045125788978738042 0.010345689149733998 0.063719776663104563 0.029562149158087671 0.16688206756025958 0.055435214204397967 0.11511776123377769 0.0057039141973919683 0.036819963574018746 -0.041728508516824164 0.0013365818822375047
leaf_weight=50927 4245 1304 198 621 9566 610 728 442 449 488 746 243 385 231 6826 425 365 1733 1988 305 2140 178 741 379 1298 998 1429 293 3459 2656
leaf_count=50927 4245 1304 198 621 9566 610 728 442 449 488 746 243 385 231 6826 425 365 1733 1988 305 2140 178 741 379 1298 998 1429 293 3459 2656
internal_value=-0.00130586 0.00625546 0.00374472 0.0109372 -0.0041124 -0.00204516 0.0170534 0.0232086 0.0125758 -0.00129865 0.022877 0.0199902 0.00621354 0.0283675 -0.00354807 0.00298333 0.00428155 0.00557114 0.00443953 0.0170842 0.00379644 0.00717547 0.00914581 0.0331851 0.0100543 0.0239283 0.0028733 0.00658771 -0.00253861 -0.00165266
internal_weight=96396 26094 22728 9368 70302 19375 4378 3366 2475 13360 1903 2545 2983 977 16392 3000 2575 4990 2373 926 3257 1117 919 821 2026 1241 2210 781 10360 6901
internal_count=96396 26094 22728 9368 70302 19375 4378 3366 2475 13360 1903 2545 2983 977 16392 3000 2575 4990 2373 926 3257 1117 919 821 2026 1241 2210 781 10360 6901
is_linear=0
shrinkage=0.05


Tree=9
num_leaves=31
num_cat=0
split_feature=12 4 3 12 4 8 3 7 0 12 0 12 4 12 8 8 8 1 2 2 11 1 2 2 1 1 1 12 2 0
split_gain=724.051 277.765 285.959 126.934 146.935 62.1188 50.6128 28.5195 23.287 23.1068 22.3911 19.8401 50.44 18.0226 17.0631 13.9489 11.6092 10.1295 9.84564 8.9803 8.63623 8.29858 8.1672 7.93941 6.84893 6.40286 6.32963 7.31277 5.70778 5.49956
threshold=2.2499799031666559 1.0000000180025095e-35 1.0000000180025095e-35 1.4946896374400966 1.0000000180025095e-35 1.0000000180025095e-35 1.0000000180025095e-35 1.0000000180025095e-35 17.500000000000004 3.4493351246816402 19.500000000000004 0.76537315468129263 1.0000000180025095e-35 4.0035509476549178 1.0000000180025095e-35 1.0000000180025095e-35 1.0000000180025095e-35 3.5000000000000004 20.500000000000004 18.500000000000004 2.1150661114527134 3.5000000000000004 4.5000000000000009 20.500000000000004 1.5000000000000002 3.5000000000000004 1.5000000000000002 3.1935254887084805 2.5000000000000004 13.500000000000002
decision_type=2 2 2 2 2 2 2 2 2 2 2 2 2 2 2 2 2 2 2 2 2 2 2 2 2 2 2 2 2 2
left_child=3 9 13 11 15 8 -6 17 21 16 25 -1 14 18 -13 -5 -2 -7 26 -17 -8 -4 -19 -15 -16 -10 27 -3 -27 -9
right_child=1 2 5 4 6 7 20 29 10 -11 -12 12 -14 23 24 19 -18 22 -20 -21 -22 -23 -24 -25 -26 28 -28 -29 -30 -31
leaf_value=-0.085775389318365911 0.17862934536537234 0.0066454715409411252 0.08094843685122341 0.099779474569819032 -0.034099229977822935 0.043169296717953894 0.0060060548945283492 0.13735255398493793 0.17381885501530314 0.30880391255101958 0.062814893641936584 0.045156622201795636 -0.038931839114792602 0.037908458724723648 0.027430501561196908 0.040254747611480346 0.098428174388899017 0.01041021564217013 -0.026761019123668274 0.071143616733144455 0.028883638427024808 0.042198707947431635 0.041131119354864604 0.0083851784597950129 0.00061905185474095024 0.064490940100730573 -0.0066786824070597245 0.030699829449309053 0.13753871827980246 0.079624050125802759
leaf_weight=47627 597 1352 843 454 7936 2205 4651 194 502 377 329 494 13418 546 316 1219 1094 827 2761 612 1048 427 237 438 1697 99 3495 332 204 278
leaf_count=47627 597 1352 843 454 7936 2205 4651 194 502 377 329 494 13418 546 316 1219 1094 827 2761 612 1048 427 237 438 1697 99 3495 332 204 278
internal_value=-0.00145168 0.00786981 0.00551165 -0.00346172 0.000530778 0.013812 -0.00143564 0.00978214 0.0200832 0.0250532 0.025291 -0.00446186 -0.00293407 -0.000203946 0.00357599 0.0122648 0.0225577 0.00812328 -0.000994963 0.0103195 0.00215915 0.0154331 0.00411654 0.00617886 0.00153254 0.0297826 0.000290595 0.00280879 0.0240429 0.0212712
internal_weight=96609 17137 15069 79472 15920 6145 13635 3741 2404 2068 1134 63552 15925 8924 2507 2285 1691 3269 7940 1831 5699 1270 1064 984 2013 805 5179 1684 303 472
internal_count=96609 17137 15069 79472 15920 6145 13635 3741 2404 2068 1134 63552 15925 8924 2507 2285 1691 3269 7940 1831 5699 1270 1064 984 2013 805 5179 1684 303 472
is_linear=0
shrinkage=0.05


Tree=10
num_leaves=31
num_cat=0
split_feature=12 4 3 12 4 12 12 3 8 12 8 8 12 1 1 8 12 8 2 2 1 11 12 0 8 7 2 1 8 0
split_gain=644.065 275.138 248.501 74.1381 109.684 65.4889 34.2196 27.2058 19.4616 17.861 16.0703 16.0338 13.0325 12.0595 11.3531 11.1054 9.34481 8.36811 8.20741 8.16923 7.7981 7.33295 7.14187 6.96606 6.58159 6.55276 6.3847 6.19986 6.09574 7.31267
threshold=2.0060500418386558 1.0000000180025095e-35 1.0000000180025095e-35 1.039915470202802 1.0000000180025095e-35 3.084457104000434 3.3051653086412491 1.0000000180025095e-35 1.0000000180025095e-35 3.7319206342178548 1.0000000180025095e-35 1.0000000180025095e-35 1.5596605137936936 3.5000000000000004 1.5000000000000002 1.5000000000000002 1.5260017570108799 1.0000000180025095e-35 4.5000000000000009 20.500000000000004 3.5000000000000004 0.80747147779981054 2.5278353214516947 17.500000000000004 1.0000000180025095e-35 1.0000000180025095e-35 2.5000000000000004 1.5000000000000002 1.5000000000000002 17.500000000000004
decision_type=2 2 2 2 2 2 2 2 2 2 2 2 2 2 2 2 2 2 2 2 2 2 2 2 2 2 2 2 2 2
left_child=3 6 9 -1 12 8 11 -6 18 19 13 -2 27 23 -13 -12 -9 -14 -4 22 28 -20 -3 -7 -18 -11 -22 -5 29 -10
right_child=1 2 5 4 7 10 -8 16 20 25 15 14 17 -15 -16 -17 24 -19 21 -21 26 -23 -24 -25 -26 -27 -28 -29 -30 -31
leaf_value=-0.071346646536087979 0.14896706064922113 -0.014607242065849452 0.051230800648053888 0.042088286243876227 -0.041471442701513254 0.095332179670487932 0.27945614889760101 -0.015139311363200415 -0.0088028731620644791 0.017223287746249167 0.0084020561671659666 0.11011292389892909 0.091283068384258037 0.086402019151092524 0.070273627516610079 0.095031254514954464 0.027913106943556334 0.049607521232747268 0.010405869994889074 -0.030676556917509541 -0.0096409393751572744 0.080490755549306514 0.0039136276546127297 0.15615526238629587 0.00094501653197749062 0.046812128665638622 0.02433495417358239 0.01404989354649866 0.042354819902110492 0.035051129666367267
leaf_weight=52945 716 3029 738 316 10915 301 456 3983 338 1136 195 289 277 433 1249 808 710 1160 78 3378 503 642 3377 528 3021 256 915 1513 1632 677
leaf_count=52945 716 3029 738 316 10915 301 456 3983 338 1136 195 289 277 433 1249 808 710 1160 78 3378 503 642 3377 528 3021 256 915 1513 1632 677
internal_value=-0.00160671 0.0059832 0.00385362 -0.00380478 -0.00135762 0.0107101 0.0208856 -0.00283939 0.00777385 -0.000924303 0.0178698 0.0183585 0.0070943 0.0216244 0.0154811 0.0131456 -0.000566504 0.0106576 0.0127298 -0.00167825 0.00599631 0.0165278 -0.000629099 0.0251568 0.00123157 0.004375 0.00300423 0.0042947 0.00759917 0.00455665
internal_weight=96514 21674 18964 74840 21895 7788 2710 18629 5523 11176 2265 2254 3266 1262 1538 1003 7714 1437 1458 9784 4065 720 6406 829 3731 1392 1418 1829 2647 1015
internal_count=96514 21674 18964 74840 21895 7788 2710 18629 5523 11176 2265 2254 3266 1262 1538 1003 7714 1437 1458 9784 4065 720 6406 829 3731 1392 1418 1829 2647 1015
is_linear=0
shrinkage=0.05


Tree=11
num_leaves=31
num_cat=0
split_feature=12 4 3 12 12 4 8 12 12 12 14 3 8 12 8 2 1 12 6 1 11 7 2 12 8 1 1 7 2 1
split_gain=590.605 287.497 216.706 78.9948 46.1957 79.6969 41.6176 22.5916 21.1047 17.9134 17.5253 15.9495 14.844 12.1166 11.1246 10.681 9.47457 10.2975 9.35022 8.81328 8.33774 8.27514 7.09191 7.12103 6.75579 6.71024 6.37233 6.33765 6.13713 5.97006
threshold=1.7941351180353482 1.0000000180025095e-35 1.0000000180025095e-35 3.084457104000434 0.86731382346897345 1.0000000180025095e-35 1.0000000180025095e-35 3.4493351246816402 2.3181706551236823 2.5278353214516947 1.9871049998731232 1.0000000180025095e-35 1.0000000180025095e-35 3.3051653086412491 1.0000000180025095e-35 17.500000000000004 3.5000000000000004 4.6570589242905376 1.0000000180025095e-35 1.5000000000000002 4.0885047751942709 1.0000000180025095e-35 20.500000000000004 2.4783214366956514 1.0000000180025095e-35 1.5000000000000002 3.5000000000000004 1.0000000180025095e-35 4.5000000000000009 1.5000000000000002
decision_type=2 2 2 2 2 2 2 2 2 2 2 2 2 2 2 2 2 2 2 2 2 2 2 2 2 2 2 2 2 2
left_child=4 6 7 8 -1 12 13 22 28 19 -5 -7 -6 29 -10 27 -12 20 21 -8 -18 -9 23 -3 -13 -14 -16 -11 -4 -2
right_child=1 2 3 10 5 11 9 18 14 15 16 24 25 -15 26 -17 17 -19 -20 -21 -22 -23 -24 -25 -26 -27 -28 -29 -30 -31
leaf_value=-0.073728573236600189 0.21080677439289086 -0.016069389161407866 0.0095402245879639639 0.06762284068426147 0.050420958151995002 -0.046941773968008041 0.09248619272545594 0.016517396742545744 0.069243817057709753 0.05921088297973065 0.12760209814455445 0.0046359328131918764 0.041062206731710155 0.30619933828337026 0.037467470358125296 0.12439057228709137 0.033732829135032553 0.13919467487966061 -0.05557937784285643 0.053132935899045192 0.15281637571068071 0.048002935165378277 -0.033718980330611971 0.0018048793292993956 -0.016480035949702609 0.009414228278452905 0.018693364742864479 0.17117229776634432 0.026641189135979293 0.12849123182505393
leaf_weight=49525 125 4301 1899 918 669 10237 258 1412 1053 326 929 1387 425 278 1645 393 242 82 283 1196 77 284 3948 3305 5966 2141 801 86 1778 679
leaf_count=49525 125 4301 1899 918 669 10237 258 1412 1053 326 929 1387 425 278 1645 393 242 82 283 1196 77 284 3948 3305 5966 2141 801 86 1778 679
internal_value=-0.00169057 0.00470226 0.00270789 0.00852929 -0.00408031 -0.00210444 0.0184062 -0.00134597 0.00596711 0.014544 0.0167082 -0.00343093 0.00510819 0.0264695 0.00874678 0.0205279 0.0203759 0.0139526 0.0035902 0.0112311 0.00989028 0.0049941 -0.00219145 -0.00129898 -0.00165443 0.0033788 0.00689697 0.0149029 0.003322 0.0233582
internal_weight=96648 26298 22957 9424 70350 20825 3341 13533 7176 2259 2248 17590 3235 1082 3499 805 1330 401 1979 1454 319 1696 11554 7606 7353 2566 2446 412 3677 804
internal_count=96648 26298 22957 9424 70350 20825 3341 13533 7176 2259 2248 17590 3235 1082 3499 805 1330 401 1979 1454 319 1696 11554 7606 7353 2566 2446 412 3677 804
is_linear=0
shrinkage=0.05


Tree=12
num_leaves=31
num_cat=0
split_feature=11 4 3 11 11 8 8 8 11 8 7 2 2 11 4 8 2 2 2 7 0 0 0 8 7 2 8 0 1 14
split_gain=359.392 279.987 214.06 90.1761 79.7252 37.1454 29.8294 25.2903 22.3853 17.7474 16.5778 15.6618 14.1421 12.8962 15.609 13.5296 12.0767 11.6833 10.6307 10.3861 10.0801 8.97564 8.62005 7.99701 6.65124 6.61969 6.47907 6.44535 6.25903 6.03774
threshold=0.90344834611076996 1.0000000180025095e-35 1.0000000180025095e-35 2.3319015350661836 1.7328606353055538 1.0000000180025095e-35 1.0000000180025095e-35 1.0000000180025095e-35 2.7450665405410772 1.0000000180025095e-35 1.0000000180025095e-35 27.500000000000004 20.500000000000004 0.52921889025971625 1.0000000180025095e-35 1.0000000180025095e-35 27.500000000000004 18.500000000000004 18.500000000000004 1.0000000180025095e-35 17.500000000000004 17.500000000000004 19.500000000000004 1.5000000000000002 1.0000000180025095e-35 27.500000000000004 1.5000000000000002 19.500000000000004 3.5000000000000004 1.7671860279067906
decision_type=2 2 2 2 2 2 2 2 2 2 2 2 2 2 2 2 2 2 2 2 2 2 2 2 2 2 2 2 2 2
left_child=13 4 8 5 9 16 21 20 -3 -2 -9 23 19 -1 15 -15 -4 24 -11 29 -5 -6 28 -7 -8 -16 -13 -23 -22 -10
right_child=1 2 3 7 6 11 17 10 12 18 -12 26 -14 14 25 -17 -18 -19 -20 -21 22 27 -24 -25 -26 -27 -28 -29 -30 -31
leaf_value=-0.078859677590879473 0.075644661013899231 -0.035022255094926673 0.030445449068901839 0.073954147765827857 0.12561846148154948 -0.015875933446146396 0.054579839008288694 0.028925022897324723 -0.0099610244364613174 0.012929268471282765 0.10499386118539039 0.0074487646491095171 -0.02390462234845156 0.045729911285331062 -0.048252676145491107 -0.0023178655109479681 0.066946590689067179 0.092324242890410788 0.047692518840331349 0.032330770423432804 0.15014981737808542 0.2911973583602056 0.048108347015894948 0.0084011742608864192 0.11548911889436984 -0.0060619133907142001 0.037920231790100345 0.12573900646656586 0.11711538591996401 0.010005958752188482
leaf_weight=43441 703 15400 1641 562 405 2666 972 1853 2105 1669 299 1005 4009 276 5988 1159 824 639 871 405 302 307 122 2990 145 1720 1329 105 221 2513
leaf_count=43441 703 15400 1641 562 405 2666 972 1853 2105 1669 299 1005 4009 276 5988 1159 824 639 871 405 302 307 122 2990 145 1720 1329 105 221 2513
internal_value=-0.00180484 0.00152603 -2.82394e-05 0.00494643 0.0117469 0.00265662 0.0183191 0.0120735 -0.00284095 0.00653253 0.00882435 0.00100125 -0.000864704 -0.00459589 -0.0028891 0.00189895 0.00802231 0.0146469 0.00458661 0.000902846 0.0178666 0.0262117 0.0221318 -0.000420793 0.0115622 -0.00378049 0.0044473 0.0314078 0.0249235 0.000229535
internal_weight=96646 44062 38246 13814 5816 10455 2573 3359 24432 3243 2152 7990 9032 52584 9143 1435 2465 1756 2540 5023 1207 817 645 5656 1117 7708 2334 412 523 4618
internal_count=96646 44062 38246 13814 5816 10455 2573 3359 24432 3243 2152 7990 9032 52584 9143 1435 2465 1756 2540 5023 1207 817 645 5656 1117 7708 2334 412 523 4618
is_linear=0
shrinkage=0.05


Tree=13
num_leaves=31
num_cat=0
split_feature=12 4 3 12 12 4 12 12 1 12 3 8 8 8 6 7 1 8 12 1 2 1 2 11 2 2 8 12 1 14
split_gain=496.656 225.015 169.663 63.8972 42.8536 65.974 32.6012 24.5594 18.266 17.5462 15.4318 13.5689 11.5701 9.79356 9.11556 8.32882 7.58105 7.48763 6.84335 6.1544 8.26954 5.91037 7.20284 5.82153 5.64333 5.29967 5.02325 4.97863 4.87738 4.48864
threshold=1.7762499382849202 1.0000000180025095e-35 1.0000000180025095e-35 3.6242137430533221 0.74401127841374592 1.0000000180025095e-35 3.3051653086412491 2.4783214366956514 1.5000000000000002 3.1935254887084805 1.0000000180025095e-35 1.0000000180025095e-35 1.0000000180025095e-35 1.0000000180025095e-35 1.0000000180025095e-35 1.0000000180025095e-35 1.5000000000000002 1.0000000180025095e-35 1.3835488272055205 1.5000000000000002 4.5000000000000009 3.5000000000000004 2.5000000000000004 1.752387031542463 20.500000000000004 18.500000000000004 1.0000000180025095e-35 2.2966739864518382 3.5000000000000004 2.1574592703957265
decision_type=2 2 2 2 2 2 2 2 2 2 2 2 2 2 2 2 2 2 2 2 2 2 2 2 2 2 2 2 2 2
left_child=4 6 9 7 -1 11 8 19 -2 24 -7 -6 16 -10 15 29 -9 -12 -13 20 -4 -5 -23 -21 -3 -8 -22 -15 -14 -11
right_child=1 2 3 21 5 10 25 12 13 14 17 18 28 27 -16 -17 -18 -19 -20 23 26 22 -24 -25 -26 -27 -28 -29 -30 -31
leaf_value=-0.071963954541144917 0.11594939677085299 -0.0089321597322203714 -0.014126917283419582 0.12032120023107716 0.043979542128019265 -0.043946080926561985 0.17902872353738042 0.086572785522132517 0.11036576442874645 -0.00096472254499973447 0.0052640219435772222 0.0016234865020922232 0.040722505028341884 0.043972580527886329 -0.053567156551697664 0.046502452272734578 0.05728103739868412 -0.017374121043287272 0.031156514961239702 0.0011738074460689333 0.055150772285231721 0.026206277282329955 0.10399947825622069 0.025834608844920854 -0.033270930043959278 0.26715463952199642 0.026774586357351211 0.073733924410453691 0.017919843793035753 0.018274612216373345
leaf_weight=47310 523 7239 296 781 662 11181 243 459 676 1019 1468 1723 1625 954 397 341 830 6625 1069 1891 280 123 278 1275 3634 217 992 817 746 997
leaf_count=47310 523 7239 296 781 662 11181 243 459 676 1019 1468 1723 1625 954 397 341 830 6625 1069 1891 280 123 278 1275 3634 217 992 817 746 997
internal_value=-0.00189049 0.00392126 0.00215425 0.00725459 -0.00410049 -0.00231609 0.0158746 0.00572194 0.0139562 -0.00142988 -0.00345647 0.00404748 0.00879781 0.0121434 0.00213508 0.00331565 0.0126105 -0.00179353 0.00252149 0.00334389 0.00590561 0.0181387 0.0132045 0.00207517 -0.00233284 0.0282609 0.00765723 0.0101892 0.00672501 0.00209325
internal_weight=96671 26633 23203 9576 70038 22728 3430 8394 2970 13627 19274 3454 3660 2447 2754 2357 1289 8093 2792 4734 1568 1182 401 3166 10873 460 1272 1771 2371 2016
internal_count=96671 26633 23203 9576 70038 22728 3430 8394 2970 13627 19274 3454 3660 2447 2754 2357 1289 8093 2792 4734 1568 1182 401 3166 10873 460 1272 1771 2371 2016
is_linear=0
shrinkage=0.05


Tree=14
num_leaves=31
num_cat=0
split_feature=12 4 2 2 12 4 11 12 12 8 12 1 8 8 12 8 6 12 2 0 6 0 2 8 12 7 12 1 2 8
split_gain=446.223 187.535 64.9314 86.9025 37.6341 57.8373 33.9048 32.5053 29.533 19.1267 17.0577 15.5985 14.8969 11.1691 10.1915 8.78083 7.27126 7.61551 6.66642 6.37028 6.22181 5.74996 5.58249 5.28463 5.23312 4.41876 4.26084 4.2571 4.11905 4.1112
threshold=1.7432444020016746 1.0000000180025095e-35 27.500000000000004 5.5000000000000009 0.74401127841374592 1.0000000180025095e-35 1.9929367320107787 3.5351141344718853 3.5351141344718853 1.0000000180025095e-35 3.7319206342178548 1.5000000000000002 1.0000000180025095e-35 1.0000000180025095e-35 2.4552279164174151 1.5000000000000002 1.0000000180025095e-35 2.5278353214516947 5.5000000000000009 17.500000000000004 1.0000000180025095e-35 19.500000000000004 27.500000000000004 1.0000000180025095e-35 2.4552279164174151 1.0000000180025095e-35 4.3652583259319444 3.5000000000000004 28.500000000000004 1.0000000180025095e-35
decision_type=2 2 2 2 2 2 2 2 2 2 2 2 2 2 2 2 2 2 2 2 2 2 2 2 2 2 2 2 2 2
left_child=4 7 3 6 -1 12 29 11 14 19 16 -2 -6 -13 28 -11 17 -5 23 -8 25 -21 -20 -7 -15 -12 -17 -19 -4 -3
right_child=1 2 8 10 5 18 9 -9 -10 15 20 13 -14 24 -16 26 -18 27 22 21 -22 -23 -24 -25 -26 -27 -28 -29 -30 -31
leaf_value=-0.068147250034482965 0.11426709283591324 0.027597961289509074 0.026785628603106928 -0.016541241773571743 0.041915493189853964 0.0048203494166081211 0.05817312722399897 0.24691618523975034 0.10344119649474622 0.010968085998146599 0.017996306694738146 0.11034521640624409 0.0087028841286808881 0.042538564262621759 0.052677769542643339 0.036346302276418677 -0.059693310622335821 0.0066916851350334872 -0.042334536314560745 0.12435364129316631 -0.043359839169482453 0.047271040942576559 -0.012476365099080903 -0.019187812710507252 0.071899243882782279 0.050033847924358388 0.11395924820437307 -0.010352039147628425 0.011943321914216078 0.0027798171989401673
leaf_weight=47394 560 835 351 6339 679 981 542 332 476 767 990 752 2734 1235 1374 1466 1892 2491 10840 475 187 136 2481 4370 652 222 76 1877 1272 2044
leaf_count=47394 560 835 351 6339 679 981 542 332 476 767 990 752 2734 1235 1374 1466 1892 2491 10840 475 187 136 2481 4370 652 222 76 1877 1272 2044
internal_value=-0.00201927 0.00339154 0.00179699 0.000718077 -0.00414866 -0.00244397 0.00557404 0.0141447 0.00811546 0.00890814 -0.00148164 0.0125992 0.00354087 0.0109909 0.00627794 0.00628194 -0.00206326 -0.00155833 -0.00353792 0.0141674 0.00375625 0.0176678 -0.0041367 -0.00204728 0.00893747 0.00506601 0.00845655 4.80757e-05 0.00359519 0.00156478
internal_weight=96822 27343 23812 20339 69479 22085 6341 3531 3473 3462 13998 3199 3413 2639 2997 2309 12599 10707 18672 1153 1399 611 13321 5351 1887 1212 1542 4368 1623 2879
internal_count=96822 27343 23812 20339 69479 22085 6341 3531 3473 3462 13998 3199 3413 2639 2997 2309 12599 10707 18672 1153 1399 611 13321 5351 1887 1212 1542 4368 1623 2879
is_linear=0
shrinkage=0.05


Tree=15
num_leaves=31
num_cat=0
split_feature=12 4 3 12 12 4 12 12 12 8 3 6 2 12 2 12 2 8 14 13 0 14 2 12 2 8 0 0 8 13
split_gain=410.843 161.739 126.884 54.5152 36.9945 54.1222 25.8816 18.3395 16.9228 15.3237 12.4422 11.4918 10.2566 9.66241 9.64793 8.25448 7.63763 7.31846 6.93922 4.76051 4.751 4.46944 4.11685 4.07981 3.99625 3.99496 5.09975 3.70507 3.41808 3.34019
threshold=1.710405393121722 1.0000000180025095e-35 1.0000000180025095e-35 2.6581073991100173 0.72412079033307097 1.0000000180025095e-35 2.6062466583150026 3.7319206342178548 2.7173423855593684 1.0000000180025095e-35 1.0000000180025095e-35 1.0000000180025095e-35 19.500000000000004 3.7319206342178548 4.5000000000000009 2.2499799031666559 19.500000000000004 1.0000000180025095e-35 2.1574592703957265 1.7494754156615933 19.500000000000004 1.924314182998786 20.500000000000004 1.0589607478781462 19.500000000000004 1.0000000180025095e-35 14.500000000000002 17.500000000000004 1.0000000180025095e-35 1.5027767039463369
decision_type=2 2 2 2 2 2 2 2 2 2 2 2 2 2 2 2 2 2 2 2 2 2 2 2 2 2 2 2 2 2
left_child=4 6 8 15 -1 9 16 14 22 23 -7 18 13 21 -5 -4 27 -12 -10 -16 -20 -8 -3 -6 -11 -21 -27 -2 -18 -9
right_child=1 2 3 7 5 10 12 29 11 24 17 -13 -14 -15 19 -17 28 -19 20 25 -22 -23 -24 -25 -26 26 -28 -29 -30 -31
leaf_value=-0.065374473434629585 0.041444498370660693 -0.011914106366257705 0.0093292831324471217 0.033872248257123531 0.039505026789804457 -0.041256076609622265 0.083517750259745616 0.09050492905896558 0.0017447726580615778 0.0035389336422659403 0.004234354492373543 -0.049283270203599093 0.21571987095121653 0.22306164018646385 0.053503130152505386 0.028683556477627593 0.1574947780503787 -0.01838362877291632 0.023359474990128613 0.096006214118608019 -0.012707005091529167 0.13842441456962082 -0.036171635510205656 0.038649319745163835 0.027783414301869282 0.077760085114360597 0.027915079242314945 0.05856512476286993 0.070462623680443051 0.098615804645318522
leaf_weight=46973 1277 6184 3977 1476 140 10691 480 169 2625 2267 1378 783 209 192 753 2261 96 6382 1497 272 270 392 3065 507 442 150 188 665 323 863
leaf_count=46973 1277 6184 3977 1476 140 10691 480 169 2625 2267 1378 783 209 192 753 2261 96 6382 1497 272 270 392 3065 507 442 150 188 665 323 863
internal_value=-0.0020716 0.0030147 0.00155647 0.00585172 -0.00415455 -0.00245265 0.0128591 0.0105128 -0.00145383 0.00338796 -0.00351499 0.000835748 0.0186057 0.0166165 0.00843783 0.00295928 0.00976069 -0.00199098 0.0018306 0.011471 0.00425297 0.0143807 -0.00273489 0.0103014 0.0017368 0.0147541 0.0111243 0.00843975 0.0158831 0.0162209
internal_weight=96947 28167 24533 10109 68780 21807 3634 3871 14424 3356 18451 5175 1273 1064 2839 6238 2361 7760 4392 1363 1767 872 9249 647 2709 610 338 1942 419 1032
internal_count=96947 28167 24533 10109 68780 21807 3634 3871 14424 3356 18451 5175 1273 1064 2839 6238 2361 7760 4392 1363 1767 872 9249 647 2709 610 338 1942 419 1032
is_linear=0
shrinkage=0.05


Tree=16
num_leaves=31
num_cat=0
split_feature=12 4 3 12 12 4 12 12 11 14 3 1 6 14 1 12 0 2 2 1 2 14 11 1 0 4 12 2 1 7
split_gain=393.771 133.412 117.998 46.7271 34.068 51.1033 22.7222 16.8529 16.7381 12.2269 10.955 10.9232 9.25638 8.59431 8.39986 7.3978 7.34228 6.20709 6.16604 6.05206 5.97212 5.50389 5.4687 4.82793 4.36797 3.95046 3.91426 3.82725 3.37372 3.15007
threshold=1.710405393121722 1.0000000180025095e-35 1.0000000180025095e-35 2.4783214366956514 0.74401127841374592 1.0000000180025095e-35 2.3409067331657796 3.0336481365421735 2.824739238503386 2.0287922379007273 1.0000000180025095e-35 3.5000000000000004 1.0000000180025095e-35 2.3437685657724976 3.5000000000000004 4.0035509476549178 19.500000000000004 20.500000000000004 18.500000000000004 1.5000000000000002 17.500000000000004 1.6859029167546222 2.065805809405481 3.5000000000000004 19.500000000000004 9.5000000000000018 1.0776131046609396 2.5000000000000004 1.5000000000000002 1.0000000180025095e-35
decision_type=2 2 2 2 2 2 2 2 2 2 2 2 2 2 2 2 2 2 2 2 2 2 2 2 2 2 2 2 2 2
left_child=4 6 7 22 -1 19 20 17 11 28 -7 15 14 -10 21 25 18 23 -11 -6 -2 -9 -4 -3 29 -5 -12 -13 -8 -23
right_child=1 2 3 8 5 10 9 12 13 16 26 27 -14 -15 -16 -17 -18 -19 -20 -21 -22 24 -24 -25 -26 -27 -28 -29 -30 -31
leaf_value=-0.061569220801227599 0.034634065516576308 -0.0027928380870585693 0.0087221687042543534 0.016217456739492979 0.040292065426884842 -0.039318044000524188 0.14129701526508351 -0.001933211287911673 0.066085246564645997 0.12481593864010568 -0.022905517546664509 -0.0041031671760501688 -0.045128195983180464 0.10693295881364127 -0.0014068209180212194 0.091536291581296558 0.063041834477328113 -0.031695000687897948 0.22575188385515102 0.010949543032617394 0.052205100042368217 0.025297318455578723 0.027697712452686065 -0.021582519723759592 -0.013138443339158645 0.05067184538022626 -0.0079522107413452087 0.03120115937019435 0.086041377778215924 0.050095703214074486
leaf_weight=47313 879 4466 3837 373 539 10457 196 358 985 329 2290 471 488 441 1277 272 129 3662 243 2739 902 962 1477 2918 106 1820 5236 593 944 228
leaf_count=47313 879 4466 3837 373 539 10457 196 358 985 329 2290 471 488 441 1277 272 129 3662 243 2739 902 962 1477 2918 106 1820 5236 593 944 228
internal_value=-0.00211802 0.00283785 0.00152543 0.00562421 -0.00416732 -0.00250482 0.0118001 -0.00138438 0.00911705 0.0156953 -0.00355141 0.00726976 0.00168324 0.0136886 0.0027448 0.00909736 0.0208916 -0.00233388 0.0233217 0.00323673 0.00777372 0.00509673 0.00236733 -0.00149919 0.00661265 0.00813269 -0.00209673 0.00303571 0.0125 0.00747899
internal_weight=96930 28356 24734 10269 68574 21261 3622 14465 4955 1841 17983 3529 3419 1426 2931 2465 701 11046 572 3278 1781 1654 5314 7384 1296 2193 7526 1064 1140 1190
internal_count=96930 28356 24734 10269 68574 21261 3622 14465 4955 1841 17983 3529 3419 1426 2931 2465 701 11046 572 3278 1781 1654 5314 7384 1296 2193 7526 1064 1140 1190
is_linear=0
shrinkage=0.05


Tree=17
num_leaves=31
num_cat=0
split_feature=12 4 3 12 12 4 8 12 8 12 3 6 1 0 0 2 8 14 12 1 7 1 8 11 1 2 1 1 2 12
split_gain=358.453 110.824 105.315 42.3601 35.962 46.2962 22.7944 15.4465 13.2388 12.9443 12.8366 10.7152 10.6293 8.86022 8.85993 8.21652 7.83339 7.0834 6.95203 5.48076 5.05277 4.87354 4.85859 4.56671 4.36676 5.0031 4.00891 3.97393 3.82603 3.75008
threshold=1.710405393121722 1.0000000180025095e-35 1.0000000180025095e-35 2.6581073991100173 0.6646058647154115 1.0000000180025095e-35 1.0000000180025095e-35 3.855148062680124 1.0000000180025095e-35 2.5788027413837171 1.0000000180025095e-35 1.0000000180025095e-35 1.5000000000000002 17.500000000000004 19.500000000000004 4.5000000000000009 1.0000000180025095e-35 2.1574592703957265 2.2499799031666559 1.5000000000000002 1.0000000180025095e-35 3.5000000000000004 1.0000000180025095e-35 1.794938462183576 1.5000000000000002 4.5000000000000009 2.5000000000000004 3.5000000000000004 20.500000000000004 1.3195402670430956
decision_type=2 2 2 2 2 2 2 2 2 2 2 2 2 2 2 2 2 2 2 2 2 2 2 2 2 2 2 2 2 2
left_child=4 6 9 18 -1 8 13 15 -6 28 -7 17 -8 19 -15 21 -12 -11 24 -2 -14 -5 23 -17 25 -4 -19 -20 -3 -18
right_child=1 2 3 7 5 10 12 -9 -10 11 16 -13 20 14 -16 22 29 26 27 -21 -22 -23 -24 -25 -26 -27 -28 -29 -30 -31
leaf_value=-0.061360230233718442 0.13898433702896726 -0.01089676482014508 -0.021871281859649903 0.048372577166661754 0.035061482219084526 -0.03819307739868652 0.070051962722227912 0.092671961562766914 0.005128568703157324 -0.00078756996450552764 0.0051315790064895813 -0.045439517407104169 0.038260589209886314 0.2316923805630493 0.096627080492220185 0.04779791416285048 -0.022556382429139338 0.02330382181627217 0.034007927199890729 0.071146932239063321 0.069532733213556741 0.014849622600656615 0.044471171656018389 0.1036913423654017 0.0016866050382000947 0.023479048413376179 0.009048960041456923 0.012096973257930037 -0.034384056175058166 -0.0077599771439311087
leaf_weight=45796 118 5473 250 772 654 11230 432 888 2808 3319 1426 925 1886 325 159 278 4130 956 1468 549 189 759 835 330 2664 1099 953 826 2795 2534
leaf_count=45796 118 5473 250 772 654 11230 432 888 2808 3319 1426 925 1886 325 159 278 4130 956 1468 549 189 759 835 330 2664 1099 953 826 2795 2534
internal_value=-0.00218206 0.00255806 0.00135014 0.00524683 -0.00413456 -0.00251119 0.010678 0.00937079 0.0028134 -0.00139762 -0.00346532 0.000338858 0.00800359 0.016503 0.0216529 0.0076429 -0.00194685 0.00121653 0.00272158 0.0127661 0.00651807 0.00509144 0.01035 0.01375 0.00146648 0.00378428 0.00364327 0.00491717 -0.00268989 -0.00266657
internal_weight=96826 28248 24590 10169 68578 22782 3658 3862 3462 14421 19320 6153 2507 1151 484 2974 8090 5228 6307 667 2075 1531 1443 608 4013 1349 1909 2294 8268 6664
internal_count=96826 28248 24590 10169 68578 22782 3658 3862 3462 14421 19320 6153 2507 1151 484 2974 8090 5228 6307 667 2075 1531 1443 608 4013 1349 1909 2294 8268 6664
is_linear=0
shrinkage=0.05


Tree=18
num_leaves=31
num_cat=0
split_feature=12 4 3 12 12 4 8 12 8 3 12 2 7 7 8 11 2 2 8 13 8 8 0 1 1 11 1 2 1 1
split_gain=329.299 105.048 90.5692 35.8217 31.4353 42.3593 19.2314 14.5839 10.8894 10.7293 10.705 9.79986 7.68975 7.0765 6.3892 6.01507 7.39008 5.98392 5.87672 5.95776 5.84776 7.90177 5.14298 5.14049 4.80471 4.70237 4.63193 4.43426 4.2792 4.1026
threshold=1.6606061988069836 1.0000000180025095e-35 1.0000000180025095e-35 2.6581073991100173 0.6646058647154115 1.0000000180025095e-35 1.0000000180025095e-35 2.3859723522052021 1.0000000180025095e-35 1.0000000180025095e-35 4.3652583259319444 4.5000000000000009 1.0000000180025095e-35 1.0000000180025095e-35 1.0000000180025095e-35 1.399922176487203 18.500000000000004 20.500000000000004 1.0000000180025095e-35 1.7632493506213716 1.0000000180025095e-35 1.5000000000000002 19.500000000000004 1.5000000000000002 1.5000000000000002 1.4867340363020811 3.5000000000000004 4.5000000000000009 3.5000000000000004 1.5000000000000002
decision_type=2 2 2 2 2 2 2 2 2 2 2 2 2 2 2 2 2 2 2 2 2 2 2 2 2 2 2 2 2 2
left_child=4 6 7 20 -1 8 15 -3 -6 -7 11 26 17 24 -11 -2 -17 28 19 -13 23 -22 -21 27 -8 -25 29 -4 -9 -5
right_child=1 2 3 10 5 9 13 12 -10 14 -12 18 -14 -15 -16 16 -18 -19 -20 22 21 -23 -24 25 -26 -27 -28 -29 -30 -31
leaf_value=-0.058452718402401051 0.03674020895689338 -0.019821947526195413 -0.011904253335938579 0.018930859589067428 0.033289184199828507 -0.037560150297810055 0.061441541216955303 0.0091230438145997947 0.0049555428949286185 0.003597164117995451 0.085433126340093923 0.067450214350703072 0.022627592834734121 0.089169107996386776 -0.017432401572146657 0.096346501300033374 0.20130275569687595 -0.014344910683861884 0.048318375347845832 0.11154590905566049 -0.0033479462796817089 0.017448216696898732 0.033063819265446152 -0.002904733873351645 0.037336384642354517 0.043316212411615401 0.014783253310667287 0.046555211662363039 -0.0091210284974677768 0.058217648195227394
leaf_weight=45814 174 7269 71 392 625 10687 407 2900 2703 1342 444 374 678 255 6378 663 365 2596 870 307 2171 3005 70 470 2000 488 861 413 1570 508
leaf_count=45814 174 7269 71 392 625 10687 407 2900 2703 1342 444 374 678 255 6378 663 365 2596 870 307 2171 3005 70 470 2000 488 861 413 1570 508
internal_value=-0.00226438 0.0021604 0.000994421 0.00457009 -0.00418504 -0.00261905 0.00984213 -0.00149304 0.00257211 -0.00355762 0.00842133 0.00746304 1.6786e-05 0.00747182 -0.00213731 0.0150915 0.0165467 -0.000471272 0.0102684 0.0135087 0.00234361 0.00155912 0.0179443 0.0051595 0.00663274 0.00303758 0.00488075 0.0093595 0.000637583 0.00738889
internal_weight=96870 29321 25457 10444 67549 21735 3864 15013 3328 18407 3826 3382 7744 2662 7720 1202 1028 7066 1621 751 6618 5176 377 1442 2407 958 1761 484 4470 900
internal_count=96870 29321 25457 10444 67549 21735 3864 15013 3328 18407 3826 3382 7744 2662 7720 1202 1028 7066 1621 751 6618 5176 377 1442 2407 958 1761 484 4470 900
is_linear=0
shrinkage=0.05


Tree=19
num_leaves=31
num_cat=0
split_feature=11 4 3 11 8 8 8 11 11 11 2 8 0 11 4 8 0 2 2 14 14 1 0 8 11 2 7 0 2 11
split_gain=228.937 112.604 116.248 42.3412 30.0044 17.8867 15.7704 15.7494 14.3965 11.2857 9.99936 9.42397 9.2312 8.96977 12.4572 8.01142 7.62667 6.81507 6.03579 5.95028 5.8657 5.51131 5.234 5.17995 4.95703 4.8157 4.60594 4.51293 4.25501 4.4761
threshold=0.83922503212625343 1.0000000180025095e-35 1.0000000180025095e-35 2.065805809405481 1.0000000180025095e-35 1.0000000180025095e-35 1.0000000180025095e-35 2.6267992396547988 1.7121432185695453 1.6139254119302333 20.500000000000004 1.5000000000000002 17.500000000000004 0.43839986880256293 1.0000000180025095e-35 1.5000000000000002 19.500000000000004 27.500000000000004 18.500000000000004 0.9367563544942582 1.7560480992863496 3.5000000000000004 19.500000000000004 1.0000000180025095e-35 2.58994535021841 3.5000000000000004 1.0000000180025095e-35 17.500000000000004 12.500000000000002 3.9691913626573578
decision_type=2 2 2 2 2 2 2 2 2 2 2 2 2 2 2 2 2 2 2 2 2 2 2 2 2 2 2 2 2 2
left_child=13 4 7 5 9 17 12 -3 -6 -2 20 -8 -5 -1 23 -7 21 -4 27 -17 -9 -14 25 -15 -20 -21 -13 -11 29 -22
right_child=1 2 3 6 8 15 11 10 -10 18 -12 26 16 14 -16 19 -18 -19 24 22 28 -23 -24 -25 -26 -27 -28 -29 -30 -31
leaf_value=-0.059545277629657889 0.040112025020051588 -0.02701703406455962 0.0160770853177198 0.045983688870119166 0.012724785647492867 -0.012063768475205121 0.0047996955926455981 -0.0097182570176088251 0.048586180891745101 0.062403241335317994 -0.020059646208274801 0.026807730944826681 0.1114007541611159 0.02471020595074239 -0.030576411091941383 -0.014316514076627391 0.03890494958633002 0.046219157452005333 0.16107375622545822 0.0060309899117004604 -0.0047657476578130669 0.079246067394358286 -0.012850878890915489 -0.0012382405281244175 0.24647062331131475 0.024878426130947377 0.069371364319293402 0.12469499753185286 0.028630647960229478 0.018022322296178978
leaf_weight=41185 676 15399 1487 748 2699 3635 1003 2375 1836 291 4284 1637 352 258 8398 668 176 800 231 1241 1680 269 505 1226 115 1599 359 278 248 1223
leaf_count=41185 676 15399 1487 748 2699 3635 1003 2375 1836 291 4284 1637 352 258 8398 668 176 800 231 1241 1680 269 505 1226 115 1599 359 278 248 1223
internal_value=-0.0023101 0.000256034 -0.00071785 0.00285275 0.00656546 0.00102416 0.00685079 -0.00276866 0.00449283 0.0124733 -0.00120286 0.00473658 0.0109547 -0.00461228 -0.00325946 -0.000135984 0.0146989 0.0049038 0.0160929 0.00140419 0.000202677 0.0173027 0.00226457 0.000963611 0.0213006 0.00309859 0.00672345 0.0129262 0.00161695 0.00107992
internal_weight=96881 45814 39688 14479 6126 9935 4544 25209 4535 1591 9810 2999 1545 51067 9882 7648 797 2287 915 4013 5526 621 3345 1484 346 2840 1996 569 3151 2903
internal_count=96881 45814 39688 14479 6126 9935 4544 25209 4535 1591 9810 2999 1545 51067 9882 7648 797 2287 915 4013 5526 621 3345 1484 346 2840 1996 569 3151 2903
is_linear=0
shrinkage=0.05


Tree=20
num_leaves=31
num_cat=0
split_feature=12 4 3 12 12 4 12 12 8 6 8 3 8 7 1 12 14 1 8 13 2 1 11 2 7 1 11 8 8 1
split_gain=306.903 78.1859 76.6899 34.7905 26.5915 33.5243 15.6409 14.8618 12.3539 11.3468 8.65822 8.39389 7.55545 7.19841 5.5687 5.55857 5.55681 5.21291 5.1052 4.50247 4.43293 4.2177 4.27292 3.9747 3.48645 3.45837 3.33645 3.29731 5.23274 3.09489
threshold=1.5763921561138052 1.0000000180025095e-35 1.0000000180025095e-35 3.5351141344718853 0.6091033743276294 1.0000000180025095e-35 2.5278353214516947 2.2499799031666559 1.0000000180025095e-35 1.0000000180025095e-35 1.0000000180025095e-35 1.0000000180025095e-35 1.0000000180025095e-35 1.0000000180025095e-35 3.5000000000000004 3.855148062680124 2.1752531023704997 1.5000000000000002 1.0000000180025095e-35 1.3768289722579556 20.500000000000004 1.5000000000000002 1.7121432185695453 4.5000000000000009 1.0000000180025095e-35 1.5000000000000002 1.6532454442056228 1.0000000180025095e-35 1.5000000000000002 1.5000000000000002
decision_type=2 2 2 2 2 2 2 2 2 2 2 2 2 2 2 2 2 2 2 2 2 2 2 2 2 2 2 2 2 2
left_child=4 8 6 7 -1 10 20 26 15 13 29 -7 19 14 -8 17 -5 -2 -13 -9 -3 -10 -23 -21 -14 -12 -4 -28 -29 -6
right_child=1 2 3 16 5 11 9 12 21 -11 25 18 24 -15 -16 -17 -18 -19 -20 23 -22 22 -24 -25 -26 -27 27 28 -30 -31
leaf_value=-0.054960168015043699 0.17580991896093187 -0.010039556532811064 2.6327044620616806e-06 0.056637962595249863 0.070800306141442448 -0.036209314701696103 0.0097704892394069615 0.029543309847392958 0.058737650931871582 -0.042684086075578817 0.014865323975174972 0.0014897921166976218 0.017690015758724368 0.027279206295876619 -0.0066359881699718367 0.21202098631787974 0.086909139970970606 0.079580486115705035 -0.017050444209447086 0.044202058220791762 -0.031427160918467666 0.018345783912814145 0.048541938092928484 0.065447200456132407 0.046773695098100115 -0.00059518635543432969 0.044113921966165717 -0.0052429482792152784 0.022008814721704663 0.023736253300790155
leaf_weight=44396 181 6266 3008 568 94 10260 2943 552 502 970 421 1261 3016 537 2154 137 758 880 6230 532 3111 945 1402 535 254 2218 301 775 942 489
leaf_count=44396 181 6266 3008 568 94 10260 2943 552 502 970 421 1261 3016 537 2154 137 758 880 6230 532 3111 945 1402 535 254 2218 301 775 942 489
internal_value=-0.00228937 0.00178467 0.000820659 0.00398496 -0.00423817 -0.00277094 -0.00140511 0.00296772 0.00826909 0.000458812 0.00192117 -0.00362261 0.00493045 0.00131878 0.000738669 0.0125292 0.0115913 0.0113054 -0.00235015 0.0077239 -0.00271782 0.00647771 0.00558798 0.00962043 0.0035474 0.000702917 0.00105849 0.00263132 0.00178509 0.00743568
internal_weight=96638 31269 27222 11241 65369 20973 15981 9915 4047 6604 3222 17751 4889 5634 5097 1198 1326 1061 7491 1619 9377 2849 2347 1067 3270 2639 5026 2018 1717 583
internal_count=96638 31269 27222 11241 65369 20973 15981 9915 4047 6604 3222 17751 4889 5634 5097 1198 1326 1061 7491 1619 9377 2849 2347 1067 3270 2639 5026 2018 1717 583
is_linear=0
shrinkage=0.05


Tree=21
num_leaves=31
num_cat=0
split_feature=12 4 3 12 12 4 8 12 12 3 12 6 1 2 14 2 8 12 8 14 8 8 1 13 12 11 1 12 14 11
split_gain=281.66 72.7799 73.4656 29.525 24.9868 27.6849 15.5062 12.6691 12.0276 9.08745 7.77564 7.58806 6.45231 6.15103 5.94457 5.57654 5.53092 5.04197 4.52602 4.5171 4.37867 6.52495 3.98587 3.76454 3.7285 3.72085 3.55441 3.43926 3.33784 3.30825
threshold=1.5596605137936936 1.0000000180025095e-35 1.0000000180025095e-35 2.4783214366956514 0.64549097881835227 1.0000000180025095e-35 1.0000000180025095e-35 2.8406717104720709 4.0035509476549178 1.0000000180025095e-35 3.855148062680124 1.0000000180025095e-35 1.5000000000000002 20.500000000000004 1.5174173116226817 4.5000000000000009 1.0000000180025095e-35 4.3652583259319444 1.0000000180025095e-35 2.36773265736463 1.0000000180025095e-35 1.5000000000000002 2.5000000000000004 2.394618835683934 2.2314396735834108 1.6736092545905168 3.5000000000000004 1.0589607478781462 2.2326198797045382 1.5390298218923189
decision_type=2 2 2 2 2 2 2 2 2 2 2 2 2 2 2 2 2 2 2 2 2 2 2 2 2 2 2 2 2 2
left_child=4 6 7 20 -1 16 10 13 15 -7 12 17 -2 26 -8 23 27 22 -11 -17 29 -22 -9 -5 -16 -23 -3 -6 -14 -4
right_child=1 2 3 8 5 9 14 11 -10 18 -12 -13 28 -15 24 19 -18 -19 -20 -21 21 25 -24 -25 -26 -27 -28 -29 -30 -31
leaf_value=-0.051016326481049951 0.15626543203309745 -0.0035886033429793351 0.0087752657545286123 0.017124616733495086 0.031459160862651971 -0.034540896510178033 0.019567752316000154 0.014657343927584988 0.076948597302355648 0.0021302656583889567 0.22821047516948836 -0.037866032878244311 0.066907790613848786 -0.02911884213786102 0.029911969522632077 0.037102675991041882 0.0019662849516580323 0.025619979695361311 -0.015949416480274758 0.07332261220126178 -0.0062328406862899354 0.0030447582417067729 -0.0036767594032048527 0.045368061490810671 0.05666587744867612 0.022601697080728071 -0.017764624134583334 0.024316321104164845 0.1084898681793459 0.037207102842271966
leaf_weight=45570 197 4655 762 1698 159 9727 1163 1432 743 1159 139 652 759 3858 771 1679 2490 529 5789 361 2211 1623 1772 388 941 1321 3158 406 177 569
leaf_count=45570 197 4655 762 1698 159 9727 1163 1432 743 1159 139 652 759 3858 771 1679 2490 529 5789 361 2211 1623 1772 388 941 1321 3158 406 177 569
internal_value=-0.00239206 0.00148647 0.000552514 0.00363056 -0.00426646 -0.00278003 0.00765975 -0.00162432 0.00657322 -0.00358171 0.0122563 0.000667046 0.010887 -0.00248522 0.00562609 0.00551866 0.00159574 0.0015363 -0.00220063 0.00737745 0.00142152 0.000761396 0.000789637 0.00370086 0.0075 0.00230299 -0.00167861 0.00606195 0.00915598 0.00397821
internal_weight=96858 31558 27411 11355 65300 19730 4147 16056 4869 16675 1272 4385 1133 11671 2875 4126 3055 3733 6948 2040 6486 5155 3204 2086 1712 2944 7813 565 936 1331
internal_count=96858 31558 27411 11355 65300 19730 4147 16056 4869 16675 1272 4385 1133 11671 2875 4126 3055 3733 6948 2040 6486 5155 3204 2086 1712 2944 7813 565 936 1331
is_linear=0
shrinkage=0.05


Tree=22
num_leaves=31
num_cat=0
split_feature=12 4 3 12 12 4 12 12 12 6 3 11 14 2 8 1 1 2 8 2 0 0 8 2 2 8 8 7 12 1
split_gain=272.732 70.4814 63.6404 27.9106 22.2595 27.1908 15.2273 14.0379 10.798 10.2997 7.42983 6.78929 6.15642 5.98876 5.85476 5.46326 5.23965 6.87104 5.06765 4.09146 4.04683 4.2503 3.97017 3.92947 3.87638 3.78533 3.49526 3.27914 3.17592 2.92776
threshold=1.4946896374400966 1.0000000180025095e-35 1.0000000180025095e-35 3.3051653086412491 0.57193571077305461 1.0000000180025095e-35 2.5278353214516947 2.4092921713649753 2.0652008422460999 1.0000000180025095e-35 1.0000000180025095e-35 3.1207047060510233 1.8316268875488217 17.500000000000004 1.0000000180025095e-35 1.5000000000000002 3.5000000000000004 3.5000000000000004 1.0000000180025095e-35 20.500000000000004 17.500000000000004 19.500000000000004 1.0000000180025095e-35 28.500000000000004 17.500000000000004 2.5000000000000004 1.0000000180025095e-35 1.0000000180025095e-35 1.0011105265823765 3.5000000000000004
decision_type=2 2 2 2 2 2 2 2 2 2 2 2 2 2 2 2 2 2 2 2 2 2 2 2 2 2 2 2 2 2
left_child=4 7 6 8 -1 14 19 25 -4 15 -7 23 -9 -14 28 -8 18 -18 20 29 -10 -22 -13 -5 -16 -2 -12 -17 -6 -3
right_child=1 2 3 11 5 10 9 12 16 -11 26 22 13 -15 24 27 17 -19 -20 -21 21 -23 -24 -25 -26 -27 -28 -29 -30 -31
leaf_value=-0.050907636958252234 0.039283081191971728 -0.0046320416204998294 0.0018098988665801261 0.031243788053377238 0.034423176510052875 -0.034301775125873318 0.014784222661586566 0.069427474934742231 0.039257541223059834 -0.038975384310117336 9.3210787974334853e-05 0.10699966182716053 0.08298036186830271 0.15325129563670936 -0.0062441102960750505 -0.0029203928744184577 -0.0018418804651862434 0.029497218169175467 0.020204023547368694 -0.028717663488712238 0.086449007779186959 0.055737570450183363 0.063103530835461066 0.069979642531335456 0.0063215251949027447 0.016281588741985136 -0.015833275870017583 0.022843808112240672 0.0226577557603693 -0.018512699172356185
leaf_weight=43841 1527 3968 4493 741 146 9760 1929 730 769 947 1146 283 515 443 1224 3351 1429 582 2674 3416 74 171 263 440 1315 1143 5919 349 386 2911
leaf_count=43841 1527 3968 4493 741 146 9760 1929 730 769 947 1146 283 515 443 1224 3351 1429 582 2674 3416 74 171 263 440 1315 1143 5919 349 386 2911
internal_value=-0.00238556 0.00129299 0.00039597 0.0031928 -0.00429868 -0.00291164 -0.00157993 0.00721891 0.00219682 0.000299573 -0.00370134 0.00907064 0.0107879 0.0134238 0.00141485 0.00111121 0.00364187 0.00158876 0.00476139 -0.00278048 0.0077712 0.0133673 0.0136813 0.00693903 0.000415517 0.00496255 -0.00246638 -1.35147e-05 0.00618421 -0.00207806
internal_weight=96885 33148 28790 11919 63737 19896 16871 4358 10192 6576 16825 1727 1688 958 3071 5629 5699 2011 3688 10295 1014 245 546 1181 2539 2670 7065 3700 532 6879
internal_count=96885 33148 28790 11919 63737 19896 16871 4358 10192 6576 16825 1727 1688 958 3071 5629 5699 2011 3688 10295 1014 245 546 1181 2539 2670 7065 3700 532 6879
is_linear=0
shrinkage=0.05


Tree=23
num_leaves=31
num_cat=0
split_feature=12 4 3 12 4 12 12 12 12 6 3 7 1 1 8 1 2 8 11 8 2 0 8 2 14 13 0 8 8 0
split_gain=254.444 53.1265 58.6245 22.6533 28.2598 22.3705 12.5331 12.0783 11.2055 9.13949 6.97976 6.49793 6.27447 6.0819 5.8187 5.47822 4.39509 4.12709 4.70937 3.93647 3.79058 3.72637 3.69031 3.45271 3.45197 3.42331 3.37 3.23043 4.73316 3.30964
threshold=1.4946896374400966 1.0000000180025095e-35 1.0000000180025095e-35 0.55415891551107666 1.0000000180025095e-35 3.7319206342178548 3.1935254887084805 2.3859723522052021 2.2088749738977822 1.0000000180025095e-35 1.0000000180025095e-35 1.0000000180025095e-35 3.5000000000000004 1.5000000000000002 1.0000000180025095e-35 3.5000000000000004 3.5000000000000004 1.0000000180025095e-35 2.0901471651269086 1.0000000180025095e-35 18.500000000000004 12.500000000000002 2.5000000000000004 20.500000000000004 0.88651070079589156 1.8317102426955922 19.500000000000004 1.0000000180025095e-35 1.5000000000000002 14.500000000000002
decision_type=2 2 2 2 2 2 2 2 2 2 2 2 2 2 2 2 2 2 2 2 2 2 2 2 2 2 2 2 2 2
left_child=3 6 7 -1 14 8 13 23 24 11 -6 15 17 -2 -5 -9 -14 18 -10 20 -8 -20 25 -3 -4 -15 -7 29 -29 -26
right_child=1 2 5 4 10 26 19 9 12 -11 -12 -13 16 22 -16 -17 -18 -19 21 -21 -22 -23 -24 -25 27 -27 -28 28 -30 -31
leaf_value=-0.04874473428001426 0.06242764940808803 -0.010436272941889937 -0.020772177696259685 0.026255080752235982 -0.032585287319320866 0.070603683211709192 0.13186887921417587 0.0065903820678189801 0.032014197409087751 -0.037568836324547765 -0.013155107698898156 0.024983057480903376 0.00020578923880270033 0.029866891530158746 0.0015435335278145088 -0.0074907949531551098 0.03735489202365274 0.021615800054469076 -0.012406999404696679 0.06503636994417504 0.21642424417092956 0.069960814146032446 0.015558308560075982 -0.030382013503009033 0.037351612243655699 0.057853858232882853 -0.0084295132598286356 -0.0066600050776651713 0.0095294701947246565 0.00993186588742947
leaf_weight=43551 673 6113 475 540 9854 997 170 3463 643 1113 7161 575 1338 1209 2575 2539 505 2374 48 210 152 447 1343 3083 272 667 48 1852 2117 688
leaf_count=43551 673 6113 475 540 9854 997 170 3463 643 1113 7161 575 1338 1209 2575 2539 505 2374 48 210 152 447 1343 3083 272 667 48 1852 2117 688
internal_value=-0.0024322 0.00112279 0.000336353 -0.00428079 -0.00289369 0.00303965 0.00622287 -0.00155336 0.00236128 -9.10285e-05 -0.00369527 0.000618062 0.00398226 0.00523895 0.00148475 0.000131622 0.00161964 0.00522209 0.00769771 0.0134211 0.0168944 0.0113636 0.0043352 -0.00277621 0.000754995 0.00576759 0.0100239 0.00114729 0.000517761 0.00375
internal_weight=96795 33114 28690 63681 20130 11804 4424 16886 10759 7690 17015 6577 5355 3892 3115 6002 1843 3512 1138 532 322 495 3219 9196 5404 1876 1045 4929 3969 960
internal_count=96795 33114 28690 63681 20130 11804 4424 16886 10759 7690 17015 6577 5355 3892 3115 6002 1843 3512 1138 532 322 495 3219 9196 5404 1876 1045 4929 3969 960
is_linear=0
shrinkage=0.05


Tree=24
num_leaves=31
num_cat=0
split_feature=12 4 3 12 12 4 12 12 6 12 3 8 8 1 1 2 12 12 11 8 8 0 7 14 2 2 14 2 8 14
split_gain=244.35 50.7736 55.0156 23.186 21.977 27.8152 14.6843 13.5136 9.85767 9.63377 6.65505 6.64814 5.66695 5.04764 5.00072 4.68443 4.35658 4.10007 3.91844 4.01401 3.77816 4.34982 3.77068 3.41647 3.3486 3.24385 3.20664 3.19033 3.07272 2.4426
threshold=1.4306309953909928 1.0000000180025095e-35 1.0000000180025095e-35 2.3629150681186144 0.48938776846765614 1.0000000180025095e-35 2.3629150681186144 3.5351141344718853 1.0000000180025095e-35 4.1612021925986946 1.0000000180025095e-35 1.0000000180025095e-35 1.0000000180025095e-35 3.5000000000000004 3.5000000000000004 17.500000000000004 0.90547479096102712 1.0589607478781462 1.5578169056999904 1.0000000180025095e-35 1.0000000180025095e-35 12.500000000000002 1.0000000180025095e-35 2.1574592703957265 20.500000000000004 3.5000000000000004 1.4887791821174821 18.500000000000004 1.5000000000000002 1.4142411981559178
decision_type=2 2 2 2 2 2 2 2 2 2 2 2 2 2 2 2 2 2 2 2 2 2 2 2 2 2 2 2 2 2
left_child=4 7 6 18 -1 11 24 12 14 13 -7 17 -2 20 23 -13 -12 -6 -4 -20 21 -5 -22 -8 -3 -15 -14 -9 -21 -16
right_child=1 2 3 9 5 10 8 27 -10 -11 16 15 26 25 29 -17 -18 -19 19 28 22 -23 -24 -25 -26 -27 -28 -29 -30 -31
leaf_value=-0.048354096510957748 0.066593955031907723 -0.01144232510473454 -0.0017610543713411572 -0.00066964222675238057 0.025422557152006878 -0.032742863484392662 0.0033461637918172147 0.12585606874799438 -0.035480886683857717 0.067736787903583229 -0.018742878385941981 -0.006987053001466602 0.013039693148562743 0.0057890122050474491 -0.018847309495796633 0.007285927430549146 -0.0082669225208008307 0.018843884607436568 0.036496333322467094 -0.0023135461354520585 0.017980379349886531 0.054563268243795787 0.061051935951494378 0.017727048854460137 -0.028335263828926274 0.049681769917757655 0.036044858652445118 0.17865922899371692 0.015240031108480831 -0.0013044715115896539
leaf_weight=41947 1120 6434 3923 158 243 9875 2500 169 1161 597 3092 1231 1311 1243 558 1314 4167 310 519 1092 1802 1053 216 1434 3273 429 1860 165 1429 2331
leaf_count=41947 1120 6434 3923 158 243 9875 2500 169 1161 597 3092 1231 1311 1243 558 1314 4167 310 519 1092 1802 1053 216 1434 3273 429 1860 165 1429 2331
internal_value=-0.00241275 0.000943582 0.000195342 0.00274015 -0.00428995 -0.00293644 -0.00159714 0.00582162 -8.76873e-06 0.00516733 -0.00372476 0.0014235 0.00506758 0.00443685 0.00071596 0.00034381 -0.00257542 0.0063924 0.000823638 0.00217105 0.00559151 0.00779934 0.0042666 0.00187595 -0.00290358 0.00220694 0.0039877 0.015509 0.00134669 -0.000863622
internal_weight=96956 34777 30152 12461 62179 20232 17691 4625 7984 5498 17134 3098 4291 4901 6823 2545 7259 553 6963 3040 3229 1211 2018 3934 9707 1672 3171 334 2521 2889
internal_count=96956 34777 30152 12461 62179 20232 17691 4625 7984 5498 17134 3098 4291 4901 6823 2545 7259 553 6963 3040 3229 1211 2018 3934 9707 1672 3171 334 2521 2889
is_linear=0
shrinkage=0.05


Tree=25
num_leaves=31
num_cat=0
split_feature=12 4 3 12 12 4 12 12 12 6 8 3 14 1 1 2 14 14 12 2 1 2 0 12 2 1 2 8 2 0
split_gain=226.082 49.2838 50.0256 20.6687 19.9002 29.146 14.053 10.1856 9.07986 8.98049 8.36701 5.97922 5.65279 5.45036 5.36781 4.80427 4.66842 3.9747 3.87798 3.71567 3.58607 3.56076 3.52843 3.4234 3.38298 4.11825 3.33632 3.16717 2.94394 2.62928
threshold=1.3835488272055205 1.0000000180025095e-35 1.0000000180025095e-35 2.2499799031666559 0.44608220339315774 1.0000000180025095e-35 2.3409067331657796 4.1612021925986946 2.3629150681186144 1.0000000180025095e-35 1.0000000180025095e-35 1.0000000180025095e-35 1.7048336813644955 3.5000000000000004 3.5000000000000004 16.500000000000004 2.3437685657724976 2.2326198797045382 0.90547479096102712 3.5000000000000004 1.5000000000000002 18.500000000000004 19.500000000000004 4.0035509476549178 3.5000000000000004 3.5000000000000004 20.500000000000004 1.0000000180025095e-35 17.500000000000004 20.500000000000004
decision_type=2 2 2 2 2 2 2 2 2 2 2 2 2 2 2 2 2 2 2 2 2 2 2 2 2 2 2 2 2 2
left_child=4 8 6 24 -1 10 26 13 20 14 21 -7 -10 16 17 -14 27 -8 -13 -15 -2 -6 -19 -17 25 -4 -3 -5 -12 -26
right_child=1 2 3 7 5 11 9 -9 12 -11 28 18 15 19 -16 23 -18 22 -20 -21 -22 -23 -24 -25 29 -27 -28 -29 -30 -31
leaf_value=-0.047351646115273184 0.047600798585017721 -0.012246201161304461 0.010647709125805312 0.041339439482757347 0.016646158049320268 -0.032094189044585497 0.0025913128794932171 0.06547215390510297 0.041426138786339252 -0.033938949936685829 -0.0065953636335509313 -0.017794512348698131 0.060986081498460104 0.0026908589360147986 -0.0065202517280928329 0.10505462555099786 0.048322813133906961 0.022392640018773786 -0.008082176801637855 0.033099942901446099 0.017647656161663135 0.029195457648354007 -0.011305718085754903 0.1941018347537159 0.0085907467273607391 -0.0159109539637718 -0.02851085759648463 0.017793695327692441 0.0048992944017704904 -0.020841750983525746
leaf_weight=40834 496 6697 861 973 398 9907 2775 598 644 1191 1250 3478 535 1376 2934 534 652 999 3669 508 2498 170 261 76 3666 1765 3383 2040 1310 358
leaf_count=40834 496 6697 861 973 398 9907 2775 598 644 1191 1250 3478 535 1376 2934 534 652 999 3669 508 2498 170 261 76 3666 1765 3383 2040 1310 358
internal_value=-0.00247615 0.000676995 -5.10693e-05 0.00234547 -0.00432723 -0.00304281 -0.00173246 0.0044355 0.00540142 -0.000189952 0.00139386 -0.00385657 0.00821967 0.00376734 0.000495766 0.0103275 0.00489086 0.00167906 -0.0027543 0.00158174 0.00371743 0.0068838 0.00400794 0.0133607 0.000413533 -0.000982484 -0.00298115 0.00406074 0.00017578 0.00132455
internal_weight=96836 35820 31037 12797 61016 20182 18240 6147 4783 8160 3128 17054 1789 5549 6969 1145 3665 4035 7147 1884 2994 568 1260 610 6650 2626 10080 3013 2560 4024
internal_count=96836 35820 31037 12797 61016 20182 18240 6147 4783 8160 3128 17054 1789 5549 6969 1145 3665 4035 7147 1884 2994 568 1260 610 6650 2626 10080 3013 2560 4024
is_linear=0
shrinkage=0.05


Tree=26
num_leaves=31
num_cat=0
split_feature=12 4 3 12 4 12 12 12 6 12 1 3 2 8 14 0 0 1 14 8 12 6 7 14 8 8 0 12 0 0
split_gain=226.519 39.6526 46.2621 20.2465 26.0641 19.8523 12.1606 9.2825 9.23936 8.017 6.17363 5.78323 5.56704 5.29784 4.25129 3.89147 5.03845 5.29645 3.73935 3.6186 3.35855 3.34225 3.22588 3.14226 3.13817 5.54497 3.77818 3.32928 3.21274 6.95681
threshold=1.4000859301482402 1.0000000180025095e-35 1.0000000180025095e-35 0.48938776846765614 1.0000000180025095e-35 2.3629150681186144 2.3629150681186144 4.1612021925986946 1.0000000180025095e-35 3.3051653086412491 3.5000000000000004 1.0000000180025095e-35 17.500000000000004 2.5000000000000004 1.3323664022418613 17.500000000000004 19.500000000000004 1.5000000000000002 0.86746141427363688 1.0000000180025095e-35 1.0589607478781462 1.0000000180025095e-35 1.0000000180025095e-35 2.36773265736463 1.0000000180025095e-35 1.5000000000000002 14.500000000000002 2.0060500418386558 16.500000000000004 20.500000000000004
decision_type=2 2 2 2 2 2 2 2 2 2 2 2 2 2 2 2 2 2 2 2 2 2 2 2 2 2 2 2 2 2
left_child=3 9 6 -1 12 18 21 10 14 13 23 -6 -5 15 -8 -2 17 -17 -4 20 -14 -3 -16 -7 26 -26 27 -20 -28 -30
right_child=1 2 5 4 11 7 8 -9 -10 -11 -12 -13 19 -15 22 16 -18 -19 24 -21 -22 -23 -24 -25 25 -27 28 -29 29 -31
leaf_value=-0.043694284650591532 0.034180383106734047 -0.012360506047354482 -0.02012957282029466 -0.0030048269298667933 -0.029534390004579816 0.029075516820783093 -0.012009942149931559 0.065643303746593398 -0.032226137052399163 0.12127865457672722 0.010664821828428858 -0.013229884231679617 0.026179967922817085 0.017338483491371019 0.0039462294150892597 0.13418851108818189 0.035176504652292107 0.060767456043776862 0.044772841451994512 0.0057608041197280621 0.021091173663655434 -0.048034993243699753 0.022045252380511596 0.049512605577553444 -0.0068871464049448418 0.011148993024664164 -0.0066730324539677607 0.020738580908200098 0.051310580708952225 -0.028708643947226966
leaf_weight=41860 1526 8601 608 1468 9479 2679 895 600 1141 450 1651 6915 117 1816 5323 55 502 378 144 1269 144 1494 510 590 2389 2891 526 225 248 172
leaf_count=41860 1526 8601 608 1468 9479 2679 895 600 1141 450 1651 6915 117 1816 5323 55 502 378 144 1269 144 1494 510 590 2389 2891 526 225 248 172
internal_value=-0.00246085 0.000722312 6.56618e-05 -0.00430125 -0.00296566 0.00237247 -0.00156814 0.00462862 -9.46765e-05 0.00498519 0.0039126 -0.00374954 0.00132088 0.00431728 0.000610879 0.00582893 0.00836898 0.012321 0.000643481 0.00343137 0.0087931 -0.00271669 0.0011032 0.00517131 0.000989385 0.000445075 0.0031749 0.00746612 0.00150106 0.0047619
internal_weight=96666 35414 30687 61252 19392 12723 17964 5520 7869 4727 4920 16394 2998 4277 6728 2461 935 433 7203 1530 261 10095 5833 3269 6595 5280 1315 369 946 420
internal_count=96666 35414 30687 61252 19392 12723 17964 5520 7869 4727 4920 16394 2998 4277 6728 2461 935 433 7203 1530 261 10095 5833 3269 6595 5280 1315 369 946 420
is_linear=0
shrinkage=0.05


Tree=27
num_leaves=31
num_cat=0
split_feature=12 4 3 12 4 12 6 12 12 3 12 12 14 2 14 1 12 0 1 14 1 11 0 1 1 14 12 2 1 14
split_gain=213.028 37.6256 39.5565 21.5628 24.0793 14.0916 11.4763 11.2184 8.48082 6.26945 6.04131 4.67156 4.6233 4.12192 4.09309 3.34429 3.22972 3.08343 2.88958 2.85659 2.80045 2.87763 2.7975 2.7604 2.63721 2.34912 2.17566 2.1304 2.18077 2.14446
threshold=1.4306309953909928 1.0000000180025095e-35 1.0000000180025095e-35 0.48938776846765614 1.0000000180025095e-35 3.3051653086412491 1.0000000180025095e-35 2.3629150681186144 2.3409067331657796 1.0000000180025095e-35 1.9680945314899818 3.7319206342178548 2.6779668097023817 17.500000000000004 2.1386486113466212 2.5000000000000004 1.0011105265823765 19.500000000000004 3.5000000000000004 1.777302339336903 3.5000000000000004 3.0162205704559386 19.500000000000004 1.5000000000000002 3.5000000000000004 0.79185215920177832 4.6570589242905376 2.5000000000000004 5.5000000000000009 1.9371143048785475
decision_type=2 2 2 2 2 2 2 2 2 2 2 2 2 2 2 2 2 2 2 2 2 2 2 2 2 2 2 2 2 2
left_child=3 8 6 -1 13 10 7 15 23 -6 25 24 18 -5 -10 -3 -11 19 -12 -7 -21 26 -16 -2 -9 -4 -22 -20 29 -29
right_child=1 2 5 4 9 17 -8 11 14 16 12 -13 -14 -15 22 -17 -18 -19 27 20 21 -23 -24 -25 -26 -27 -28 28 -30 -31
leaf_value=-0.041361475672454059 0.044387771902112093 -0.0038124276212296243 -0.02809186790471618 -0.0020776943902740381 -0.028282669149793688 0.024339008049301059 -0.038119738294319166 0.0036049744102947335 0.053963684863661578 -0.015506199099014836 0.018286937248278842 0.018367171382888393 0.050438010908874842 0.010339308240368128 0.12608760369416436 -0.015339544596584365 -0.0079796475501496475 -0.01664637759608761 -0.011148452500723658 0.068511863534569201 -0.004270035368552692 0.069604693712321225 0.031965356054509224 0.016045513922496417 -0.0069801709977437678 0.0011911120624440432 0.080755852319151111 0.012313963822321894 0.0047566115093172706 0.07419986246815527
leaf_weight=42003 457 3094 357 1532 9951 413 2626 3205 1275 3757 3982 1234 220 1572 487 5152 3412 110 814 847 184 152 106 2282 2384 3978 44 346 946 98
leaf_count=42003 457 3094 357 1532 9951 413 2626 3205 1275 3757 3982 1234 220 1572 487 5152 3412 110 814 847 184 152 106 2282 2384 3978 44 346 946 98
internal_value=-0.0025201 0.000613197 -2.91538e-05 -0.00427202 -0.00293068 0.00212513 -0.00154987 -0.00101832 0.00482201 -0.0036653 0.00144726 0.000481459 0.00242273 0.00112113 0.0074197 -0.00225928 -0.00253801 0.00628571 0.00216941 0.00682927 0.00803993 0.00447368 0.0108516 0.00305038 -0.000133299 5.76582e-06 0.000921051 0.000716877 0.00190647 0.0047973
internal_weight=97020 34793 30186 62227 20224 12491 17695 15069 4607 17120 10741 6823 6406 3104 1868 8246 7169 1750 6186 1640 1227 380 593 2739 5589 4335 228 2204 1390 444
internal_count=97020 34793 30186 62227 20224 12491 17695 15069 4607 17120 10741 6823 6406 3104 1868 8246 7169 1750 6186 1640 1227 380 593 2739 5589 4335 228 2204 1390 444
is_linear=0
shrinkage=0.05


Tree=28
num_leaves=31
num_cat=0
split_feature=12 4 12 12 4 6 1 6 8 12 8 1 2 2 0 12 4 2 11 12 8 2 11 2 0 0 8 14 11 14
split_gain=202.825 28.4565 22.3076 21.1004 27.2734 14.1689 12.9084 8.64425 8.55979 7.63749 7.57838 6.88282 4.45277 8.03713 4.40733 4.11272 4.07199 3.76908 3.27255 3.21935 3.154 2.73056 2.71423 2.54884 2.52648 3.60396 3.42073 2.51527 2.48322 2.42212
threshold=1.4000859301482402 1.0000000180025095e-35 2.3629150681186144 0.39007067860011652 1.0000000180025095e-35 1.0000000180025095e-35 3.5000000000000004 1.0000000180025095e-35 1.0000000180025095e-35 3.7319206342178548 1.0000000180025095e-35 3.5000000000000004 7.5000000000000009 3.5000000000000004 16.500000000000004 1.0011105265823765 9.5000000000000018 5.5000000000000009 0.90344834611076996 4.6570589242905376 1.0000000180025095e-35 17.500000000000004 1.5390298218923189 27.500000000000004 16.500000000000004 20.500000000000004 1.0000000180025095e-35 1.0683955935720295 4.9651627472506323 2.6779668097023817
decision_type=2 2 2 2 2 2 2 2 2 2 2 2 2 2 2 2 2 2 2 2 2 2 2 2 2 2 2 2 2 2
left_child=3 10 7 -1 8 6 9 11 15 16 14 24 13 -13 -2 -5 -4 18 -6 -8 -15 -10 -16 -19 -3 26 -26 -12 29 -18
right_child=1 2 5 4 17 -7 19 -9 21 -11 27 12 -14 20 22 -17 28 23 -20 -21 -22 -23 -24 -25 25 -27 -28 -29 -30 -31
leaf_value=-0.042227499133815294 0.035790532095849384 -0.0039203850966643685 0.0076631049643139122 0.022418860026587616 -0.017050393773632377 -0.027702834704143697 -0.0023355001770371782 -0.043708695005687248 -0.006100481778654218 0.041405080787775335 -0.0023969824525352859 -0.015228767305466474 -0.015708722498738403 0.040041134881766333 0.026077044038808311 0.01604590692763562 0.021821838525180916 -0.027995141171489116 -0.0042239281233239371 0.036085956767463283 0.0061046481396168847 0.0038148938966320288 0.1228391881176729 -0.012158816224270126 0.04760505201022508 -0.008587340837610629 0.0076122800706132261 0.027782954756468439 -0.0061893767618263233 0.054622882596317396
leaf_weight=39174 687 5520 3404 325 3284 1169 4433 1468 1370 1389 458 1880 4377 229 121 318 2379 10896 2083 276 735 1401 563 2482 157 780 2096 2940 206 156
leaf_count=39174 687 5520 3404 325 3284 1169 4433 1468 1370 1389 458 1880 4377 229 121 318 2379 10896 2083 276 735 1401 563 2482 157 780 2096 2940 206 156
internal_value=-0.00252574 0.000486547 -7.24224e-05 -0.00426549 -0.0030324 0.0014569 0.00195908 -0.00126204 0.00107791 0.00324263 0.00407947 -0.000920503 -0.0020572 -0.000516879 0.00721736 0.00627527 0.00248576 -0.00378101 -0.00266164 -9.45011e-05 0.00319502 -0.000128114 0.0100585 -0.00423008 3.91664e-05 0.00119848 0.0022126 0.00281342 0.0039201 0.00434911
internal_weight=96756 35423 30654 61333 22159 13412 12243 17242 3414 7534 4769 15774 7221 2844 1371 643 6145 18745 5367 4709 964 2771 684 13378 8553 3033 2253 3398 2741 2535
internal_count=96756 35423 30654 61333 22159 13412 12243 17242 3414 7534 4769 15774 7221 2844 1371 643 6145 18745 5367 4709 964 2771 684 13378 8553 3033 2253 3398 2741 2535
is_linear=0
shrinkage=0.05


Tree=29
num_leaves=31
num_cat=0
split_feature=12 4 3 12 4 12 6 12 12 8 3 8 11 0 0 1 14 1 2 11 8 2 0 8 8 0 0 0 12 0
split_gain=186.261 30.4803 33.1597 21.2052 27.2701 12.1623 10.0816 9.16451 7.56892 6.99302 6.73779 5.19781 4.7155 4.39319 4.67491 4.36414 3.95485 3.94205 3.47164 3.1432 2.90723 3.03056 2.84585 3.60225 3.16972 3.54255 2.98909 4.61872 3.68647 2.80848
threshold=1.3677312072546379 1.0000000180025095e-35 1.0000000180025095e-35 0.37712232498372095 1.0000000180025095e-35 2.4552279164174151 1.0000000180025095e-35 2.8406717104720709 4.0035509476549178 1.0000000180025095e-35 1.0000000180025095e-35 1.0000000180025095e-35 0.69861776903204464 17.500000000000004 19.500000000000004 1.5000000000000002 0.88651070079589156 3.5000000000000004 18.500000000000004 1.575826340680816 2.5000000000000004 18.500000000000004 20.500000000000004 1.0000000180025095e-35 1.5000000000000002 17.500000000000004 16.500000000000004 14.500000000000002 2.0060500418386558 17.500000000000004
decision_type=2 2 2 2 2 2 2 2 2 2 2 2 2 2 2 2 2 2 2 2 2 2 2 2 2 2 2 2 2 2
left_child=3 8 6 -1 9 16 7 17 15 18 -6 13 -12 -7 -15 -2 -4 29 -5 -17 21 -10 23 26 25 -25 27 28 -18 -3
right_child=1 2 5 4 10 11 -8 -9 20 -11 12 -13 -14 14 -16 19 22 -19 -20 -21 -22 -23 -24 24 -26 -27 -28 -29 -30 -31
leaf_value=-0.040546717457205311 0.057084832968878452 -0.0077147718625978703 -0.015896989042083708 0.010419894139740423 -0.027374250732285211 0.022745098883839951 -0.034422207498236039 0.0062449762878953362 0.12515042665377357 0.00026289001886521473 -0.015251783650441214 0.014716473671348011 -0.0064081695304010469 0.079665170208923747 0.014118861455719471 0.0069187937271486619 0.052528860662300829 -0.014364718358736209 0.023568163435123989 0.033377510678624045 0.038497646297615325 0.21143139672748612 -0.017568225260008712 -0.015372373917503899 0.0087471359903179956 0.011345431955015799 0.042342653155086674 -0.0053371278114280971 0.019592967323852087 0.0020825620689043818
leaf_weight=38699 804 4398 740 444 10522 1025 2674 3753 61 2663 4123 2879 3573 767 267 1480 141 5835 182 2391 40 70 635 1609 3150 571 285 584 297 1778
leaf_count=38699 804 4398 740 444 10522 1025 2674 3753 61 2663 4123 2879 3573 767 267 1480 141 5835 182 2391 40 70 635 1609 3150 571 285 584 297 1778
internal_value=-0.00255703 0.000275431 -0.000294381 -0.0042617 -0.00300298 0.00164479 -0.00165636 -0.00117483 0.00396616 0.00118729 -0.00375947 0.0035966 -0.00263514 0.00551481 0.00781431 0.00358823 0.000441836 -0.00184872 0.00594249 0.00289202 0.0142982 0.0179008 0.000796203 0.00110215 0.000525327 -0.000940368 0.00345447 0.00219178 0.00607306 -0.000968265
internal_weight=96440 36234 31388 60206 21507 12950 18438 15764 4846 3289 18218 4938 7696 2059 1034 4675 8012 12011 626 3871 171 131 7272 6637 5330 2180 1307 1022 438 6176
internal_count=96440 36234 31388 60206 21507 12950 18438 15764 4846 3289 18218 4938 7696 2059 1034 4675 8012 12011 626 3871 171 131 7272 6637 5330 2180 1307 1022 438 6176
is_linear=0
shrinkage=0.05


Tree=30
num_leaves=31
num_cat=0
split_feature=12 12 12 4 6 4 3 4 3 8 3 12 14 8 6 14 8 13 2 0 8 0 0 8 10 7 8 0 7 2
split_gain=185.916 26.3077 19.3957 26.8579 15.3725 13.0184 15.9671 12.127 11.0678 9.29859 5.39852 4.59684 4.52953 4.18739 4.17956 4.02481 4.01921 3.83143 3.80241 3.62861 4.96512 4.88505 3.64925 3.51357 4.24416 3.47052 3.42994 5.0445 3.38778 2.92601
threshold=1.2880618422925456 2.3629150681186144 0.34771450359961475 1.0000000180025095e-35 1.0000000180025095e-35 1.0000000180025095e-35 1.0000000180025095e-35 1.0000000180025095e-35 1.0000000180025095e-35 1.0000000180025095e-35 1.0000000180025095e-35 0.84777217278175254 0.79185215920177832 1.0000000180025095e-35 1.0000000180025095e-35 1.4234017701694244 1.0000000180025095e-35 1.9045222101047388 18.500000000000004 20.500000000000004 1.0000000180025095e-35 16.500000000000004 14.500000000000002 1.0000000180025095e-35 7.8429330719927552 1.0000000180025095e-35 1.5000000000000002 17.500000000000004 1.0000000180025095e-35 18.500000000000004
decision_type=2 2 2 2 2 2 2 2 2 2 2 2 2 2 2 2 2 2 2 2 2 2 2 2 2 2 2 2 2 2
left_child=2 5 -1 9 7 -2 14 23 15 18 -5 -12 -8 17 -7 -9 -13 -10 -4 20 21 22 -14 24 29 -15 27 -22 -17 -3
right_child=1 4 3 10 -6 6 12 8 13 -11 11 16 19 25 -16 28 -18 -19 -20 -21 26 -23 -24 -25 -26 -27 -28 -29 -30 -31
leaf_value=-0.039181150927963385 0.012676677174509647 0.075389725790640377 0.012044123984882657 -0.026694669967002777 -0.025396586772755948 -0.010983853001071627 -0.021064757914507005 -0.010584688835066023 0.023161572946167164 -0.00046647442606544723 -0.014417362577712471 0.0038207445077114419 0.033440836258658041 0.0086120642245561853 -0.04170465430509239 0.0029164431058757213 -0.010980942179617911 0.052169651405626766 0.021549801592043866 -0.018494715744616426 -0.013300725558381205 0.049239563919082852 -0.0019612736399122858 0.033634539282102811 0.04055127560727164 0.043521165056454182 0.0082991830913848232 0.013184889594450716 0.022652024591289913 0.14519454104526555
leaf_weight=38027 3297 318 426 10102 1155 9703 592 1236 1236 2616 3994 519 402 2800 1656 4950 2801 1023 168 713 1847 262 621 1047 205 475 3223 513 524 229
leaf_count=38027 3297 318 426 10102 1155 9703 592 1236 1236 2616 3994 519 402 2800 1656 4950 2801 1023 168 713 1847 262 621 1047 205 475 3223 513 524 229
internal_value=-0.00253465 0.000188418 -0.00430012 -0.00306555 0.00180024 -0.000884622 -0.00137518 0.00225628 0.00169307 0.00113707 -0.00384015 -0.00280558 0.000310166 0.00334839 -0.00258782 0.000327868 -0.00143072 0.00500443 0.00678451 0.000639097 0.000991554 0.00379377 0.00223363 0.00608949 0.00869681 0.00220611 0.000346587 -0.0011017 0.000909754 0.0109963
internal_weight=96680 38027 58653 20626 15198 22829 19532 14043 12244 3210 17416 7314 8173 5534 11359 6710 3320 2259 594 7581 6868 1285 1023 1799 752 3275 5583 2360 5474 547
internal_count=96680 38027 58653 20626 15198 22829 19532 14043 12244 3210 17416 7314 8173 5534 11359 6710 3320 2259 594 7581 6868 1285 1023 1799 752 3275 5583 2360 5474 547
is_linear=0
shrinkage=0.05


Tree=31
num_leaves=31
num_cat=0
split_feature=12 4 3 12 4 12 6 12 12 3 14 11 14 2 2 1 0 7 1 11 1 0 14 1 11 14 12 7 0 14
split_gain=180.938 26.6512 28.0853 20.2965 24.6827 11.6049 10.357 9.62951 7.02692 5.66221 5.37434 4.60729 4.24918 3.74031 3.31886 4.26518 3.2332 3.50292 2.88445 2.71194 2.64865 2.6464 2.71065 2.21129 2.19163 2.13084 1.95598 1.85306 1.75384 1.69776
threshold=1.3195402670430956 1.0000000180025095e-35 1.0000000180025095e-35 0.34771450359961475 1.0000000180025095e-35 2.2088749738977822 1.0000000180025095e-35 2.2738706688326817 3.132656804889534 1.0000000180025095e-35 2.0439602148248484 0.65283963029512637 1.6483436658293988 18.500000000000004 3.5000000000000004 3.5000000000000004 13.500000000000002 1.0000000180025095e-35 3.5000000000000004 1.3307846004814883 2.5000000000000004 20.500000000000004 0.8111321174248185 3.5000000000000004 3.0162205704559386 2.0143457220755261 3.2481109671717454 1.0000000180025095e-35 19.500000000000004 1.3863288808738476
decision_type=2 2 2 2 2 2 2 2 2 2 2 2 2 2 2 2 2 2 2 2 2 2 2 2 2 2 2 2 2 2
left_child=3 8 6 -1 13 14 7 23 19 -6 18 -11 -9 29 15 -4 17 -12 -7 -2 26 22 -16 -3 -18 -10 -14 -22 -28 -5
right_child=1 2 5 4 9 10 -8 12 25 11 16 -13 20 -15 21 -17 24 -19 -20 -21 27 -23 -24 -25 -26 -27 28 -29 -30 -31
leaf_value=-0.03731036800886163 0.0047973794613346207 -0.0061651772653694009 0.0076797313702006631 -0.0032255548102667975 -0.025029865153384685 0.017633803016458317 -0.032371639799560377 -0.0078338736701822724 0.050413143407317319 -0.014862063621380789 0.044749756809127961 -0.0074113176096483801 0.006608648699636184 0.0087418545123587252 -0.012539547371720234 -0.016619654875117528 0.023227485726833072 0.068194766276302582 0.00097680173535844798 0.026886113353675939 -0.0037603149997843957 -0.014938802326532094 0.0084060749335828615 -0.015062055911309059 0.051290699852616951 0.12094621315517924 0.022007497929367077 0.013604679665889657 -0.026652587821256169 0.0046837232433625817
leaf_weight=38129 1098 4285 915 1477 10483 2524 2808 2480 222 3927 235 3548 1464 1000 345 1796 1560 78 1506 3312 2340 389 3483 4467 536 356 811 292 49 809
leaf_count=38129 1098 4285 915 1477 10483 2524 2808 2480 222 3927 235 3548 1464 1000 345 1796 1560 78 1506 3312 2340 389 3483 4467 536 356 811 292 49 809
internal_value=-0.002558 0.000168535 -0.000355809 -0.00427324 -0.00303474 0.00140009 -0.00159139 -0.00110514 0.00357057 -0.00376378 0.00292825 -0.00271238 0.000217858 0.000949481 -2.0209e-05 -0.0013851 0.00479659 0.00953674 0.00181141 0.00289116 0.00106336 0.000857243 0.00125653 -0.00222921 0.00408874 0.00875432 0.00229346 -2.27975e-05 0.00418605 -0.00016623
internal_weight=96724 37351 32363 59373 21244 13367 18996 16188 4988 17958 6439 7475 7436 3286 6928 2711 2409 313 4030 4410 4956 4217 3828 8752 2096 578 2324 2632 860 2286
internal_count=96724 37351 32363 59373 21244 13367 18996 16188 4988 17958 6439 7475 7436 3286 6928 2711 2409 313 4030 4410 4956 4217 3828 8752 2096 578 2324 2632 860 2286
is_linear=0
shrinkage=0.05


Tree=32
num_leaves=31
num_cat=0
split_feature=12 12 6 12 4 4 3 8 14 0 4 3 8 6 2 14 2 1 0 8 8 12 1 0 0 3 14 0 8 0
split_gain=179.066 26.1274 13.6382 13.6283 25.1932 11.9875 14.5282 10.7207 9.03644 6.17413 4.86186 6.24262 4.62825 4.26099 3.89225 3.77362 3.51157 3.87526 3.40992 3.93775 5.48888 3.38192 3.19213 3.11638 3.44631 2.96709 2.91695 2.91087 2.78781 4.73937
threshold=1.111259116614127 2.2499799031666559 1.0000000180025095e-35 0.3197795857231292 1.0000000180025095e-35 1.0000000180025095e-35 1.0000000180025095e-35 1.0000000180025095e-35 1.7874681706139648 19.500000000000004 1.0000000180025095e-35 1.0000000180025095e-35 1.0000000180025095e-35 1.0000000180025095e-35 18.500000000000004 0.79185215920177832 3.5000000000000004 3.5000000000000004 20.500000000000004 1.0000000180025095e-35 1.5000000000000002 1.4787584222102075 3.5000000000000004 14.500000000000002 16.500000000000004 1.0000000180025095e-35 0.83042774607865388 17.500000000000004 1.0000000180025095e-35 17.500000000000004
decision_type=2 2 2 2 2 2 2 2 2 2 2 2 2 2 2 2 2 2 2 2 2 2 2 2 2 2 2 2 2 2
left_child=3 5 8 -1 7 26 13 14 22 10 12 -12 -10 21 -5 -8 17 -17 19 23 27 -7 -3 -18 -25 -6 -2 -21 29 -13
right_child=1 2 -4 4 25 6 15 -9 9 -11 11 28 -14 -15 -16 16 18 -19 -20 20 -22 -23 -24 24 -26 -27 -28 -29 -30 -31
leaf_value=-0.036008420897098908 -0.013565993886233009 0.0083692453121476523 -0.023364609778841826 0.012109790558081715 -0.026033268194849208 -0.015756640377971098 -0.015362525544933336 -0.00087935419992769294 0.11253367530680257 0.00096144577231116295 0.0083232625105087651 0.016238748341668725 0.030711028985710806 -0.039914618992575819 0.021397067176032958 0.011188729389845338 0.037625856405428412 -0.013622149516408567 -0.010785200193125823 -0.010903880030178181 0.010961426670154414 -0.0083971110755854447 -0.0051438747351901272 0.0011500687011774219 0.040951449266964528 -0.012520459757689437 0.013670637725311789 0.015068595362505542 0.025175166622555718 0.062485221852318432
leaf_weight=37358 416 3972 1342 346 8344 3749 955 2178 394 1620 3431 425 551 1797 137 999 212 2078 572 1335 1939 6871 3033 398 121 6182 3346 245 1644 741
leaf_count=37358 416 3972 1342 346 8344 3749 955 2178 394 1620 3431 425 551 1797 137 999 212 2078 572 1335 1939 6871 3033 398 121 6182 3346 245 1644 741
internal_value=-0.00254526 -9.90862e-05 0.00140413 -0.00443716 -0.00327195 -0.00112911 -0.00158925 0.00120068 0.00181487 0.00288099 0.0035096 0.00300352 0.00685185 -0.00269268 0.00793996 -4.17902e-05 0.000317128 -0.0010026 0.00115927 0.00164706 0.000953395 -0.00231168 0.00047466 0.00498632 0.00289981 -0.00409129 0.00147262 -0.00123418 0.00475089 0.00662093
internal_weight=96731 42186 17153 54545 17187 25033 21271 2661 15811 8806 7186 6241 945 12417 483 8854 7899 3077 4822 4250 3519 10620 7005 731 519 14526 3762 1580 2810 1166
internal_count=96731 42186 17153 54545 17187 25033 21271 2661 15811 8806 7186 6241 945 12417 483 8854 7899 3077 4822 4250 3519 10620 7005 731 519 14526 3762 1580 2810 1166
is_linear=0
shrinkage=0.05


Tree=33
num_leaves=31
num_cat=0
split_feature=12 12 6 4 3 4 3 12 4 8 8 8 1 8 14 8 8 12 1 9 4 14 11 1 12 11 12 13 14 11
split_gain=168.711 27.8206 17.6616 12.9978 11.5989 10.6174 11.316 8.87314 20.6312 7.96794 5.68807 4.97676 4.86225 4.66777 4.33023 3.47018 3.39367 3.25572 3.07533 2.72199 2.69382 2.5161 2.30532 2.2464 2.23092 2.15646 2.10494 2.0478 1.98748 1.97079
threshold=0.90547479096102712 1.8967190785398451 1.0000000180025095e-35 1.0000000180025095e-35 1.0000000180025095e-35 1.0000000180025095e-35 1.0000000180025095e-35 0.3066224417723053 1.0000000180025095e-35 1.0000000180025095e-35 1.0000000180025095e-35 1.0000000180025095e-35 2.5000000000000004 1.5000000000000002 1.4142411981559178 1.0000000180025095e-35 1.5000000000000002 4.1612021925986946 2.5000000000000004 8.5633647252712795 9.5000000000000018 0.75473980904493376 1.5940723076925878 1.5000000000000002 1.1621788815330534 0.99909786633030162 1.4787584222102075 0.36836516127008967 2.0007493300594819 1.9695313138527692
decision_type=2 2 2 2 2 2 2 2 2 2 2 2 2 2 2 2 2 2 2 2 2 2 2 2 2 2 2 2 2 2
left_child=7 3 5 -2 20 15 14 -1 9 23 24 12 -8 -12 -7 19 -13 18 -16 28 26 -15 -14 -9 -6 -26 -5 -11 -3 -18
right_child=1 2 -4 4 10 6 11 8 -10 27 13 16 22 21 17 -17 29 -19 -20 -21 -22 -23 -24 -25 25 -27 -28 -29 -30 -31
leaf_value=-0.034600416686614267 0.0068762695932408809 0.048213618898757277 -0.024425839608055441 -0.014866255371833923 0.014388830838568262 -0.010681212491080755 0.037461788594302985 0.019871272266250385 -0.018659038289735905 -0.0065072633331169083 -0.014714891419529219 -0.0015852707831486167 -0.0046090668040308395 -0.013226528525396034 0.0045937669065472565 0.023733876442699288 0.0074106203225773578 0.015794254870145252 -0.0057736752737209121 0.023281403255908079 -0.027027547054955227 0.0029182334148292145 0.031504632360181827 0.012183357945009247 -0.0053945994759523443 0.015072578504291967 -0.0077533853941836517 0.00078725265114664106 0.11142245312282258 0.022083920885177202
leaf_weight=36998 3445 452 1801 4347 257 2475 1389 51 11310 432 3383 2036 498 574 3261 1974 1873 667 4070 247 3597 2444 976 320 550 721 3232 1219 344 1880
leaf_count=36998 3445 452 1801 4347 257 2475 1389 51 11310 432 3383 2036 498 574 3261 1974 1873 667 4070 247 3597 2444 976 320 550 721 3232 1219 344 1880
internal_value=-0.00256979 -0.000398233 0.000788747 -0.00165854 -0.00216828 0.00117604 0.000741175 -0.0045758 -0.00346985 0.001182 -0.000705639 0.00207929 0.00378449 -0.00135994 -0.000364271 0.00393271 0.00123596 0.000201299 -0.000102989 0.00626558 -0.00320598 6.95813e-05 0.00178426 0.00780323 0.00203534 0.00117624 -0.0026712 -0.000305876 0.00768844 0.00212763
internal_weight=96823 46493 23943 22550 19105 22142 19125 50330 13332 2022 7929 8652 2863 6401 10473 3017 5789 7998 7331 1043 11176 3018 1474 371 1528 1271 7579 1651 796 3753
internal_count=96823 46493 23943 22550 19105 22142 19125 50330 13332 2022 7929 8652 2863 6401 10473 3017 5789 7998 7331 1043 11176 3018 1474 371 1528 1271 7579 1651 796 3753
is_linear=0
shrinkage=0.05


Tree=34
num_leaves=31
num_cat=0
split_feature=12 12 6 4 3 4 3 12 4 8 12 2 2 8 8 1 12 1 11 1 12 1 8 8 4 11 3 14 0 1
split_gain=171.203 28.6845 14.2985 13.2645 14.5835 8.78044 8.87594 8.31751 15.0754 6.40427 4.2316 4.05565 3.90979 3.53947 4.52748 3.26767 3.22865 3.11243 3.02 2.80698 2.72932 2.72411 2.65261 2.33316 2.11637 2.18693 2.03807 2.02615 2.51654 1.90952
threshold=0.90547479096102712 2.1877790537261439 1.0000000180025095e-35 1.0000000180025095e-35 1.0000000180025095e-35 1.0000000180025095e-35 1.0000000180025095e-35 0.28214596688078336 1.0000000180025095e-35 1.0000000180025095e-35 4.0035509476549178 20.500000000000004 3.5000000000000004 1.0000000180025095e-35 1.5000000000000002 3.5000000000000004 1.4787584222102075 1.5000000000000002 3.0162205704559386 3.5000000000000004 4.6570589242905376 3.5000000000000004 1.0000000180025095e-35 1.5000000000000002 9.5000000000000018 0.83922503212625343 1.0000000180025095e-35 0.72009244182909959 19.500000000000004 1.5000000000000002
decision_type=2 2 2 2 2 2 2 2 2 2 2 2 2 2 2 2 2 2 2 2 2 2 2 2 2 2 2 2 2 2
left_child=7 3 5 17 11 20 10 -1 9 -9 15 16 19 -14 -15 -7 -5 -2 21 -6 29 24 -20 -12 -8 -26 -10 -16 -29 -3
right_child=1 2 -4 4 12 6 18 8 26 -11 23 -13 13 14 27 -17 -18 -19 22 -21 -22 -23 -24 -25 25 -27 -28 28 -30 -31
leaf_value=-0.033433020660707968 0.026196450233231017 0.061510666859357493 -0.022156253678997418 -0.013273802174095682 0.0020817546077684392 0.0025760360602707674 -0.00027681881700110047 0.011790034513395919 -0.024757998025170775 -0.0025934637491762049 0.0082652030015174967 -0.024781159905161818 0.012935179581510149 -0.0086878565064279524 -0.010501953503604037 -0.0087623824936047517 -0.0071897784049993951 0.0037983633585922886 0.053541967577884576 -0.016082101082838973 0.1511195127909459 0.0017410489936688729 0.023354686054210563 0.027655306550085856 -0.008472127834499835 0.024389629925113985 -0.011978969616269673 0.010500744841592498 -0.0083698525552664636 0.032086832427168685
leaf_weight=36263 683 412 1404 4311 1254 4067 574 398 6842 1718 566 4503 1140 2501 296 3123 5108 3538 576 2633 60 1771 787 293 166 2767 5108 1704 381 1775
leaf_count=36263 683 412 1404 4311 1254 4067 574 398 6842 1718 566 4503 1140 2501 296 3123 5108 3538 576 2633 60 1771 787 293 166 2767 5108 1704 381 1775
internal_value=-0.00256209 -0.00037107 0.00116651 -0.00137637 -0.00183396 0.00156846 0.00112321 -0.00458175 -0.0035497 0.000340263 6.83195e-06 -0.00287746 -0.000367849 0.000430088 -0.000155675 -0.000389431 -0.0022874 0.00120706 0.00247628 -0.00160407 0.0044793 0.00193444 0.00457447 0.00332363 0.00274166 0.00328503 -0.00423849 0.00140487 0.00195444 0.00419067
internal_weight=96722 46393 18341 28052 23831 16937 14690 50329 14066 2116 8049 13922 9909 6022 4882 7190 9419 4221 6641 3887 2247 5278 1363 859 3507 2933 11950 2381 2085 2187
internal_count=96722 46393 18341 28052 23831 16937 14690 50329 14066 2116 8049 13922 9909 6022 4882 7190 9419 4221 6641 3887 2247 5278 1363 859 3507 2933 11950 2381 2085 2187
is_linear=0
shrinkage=0.05


Tree=35
num_leaves=31
num_cat=0
split_feature=12 12 4 3 4 3 12 4 8 12 2 12 1 8 2 14 0 2 8 2 12 14 13 11 2 14 14 10 8 11
split_gain=161.246 25.6729 12.7837 13.6957 10.6743 11.5457 8.49835 18.702 8.64041 5.11128 4.78131 3.73936 3.29885 3.28302 2.70049 2.62414 2.67037 2.49335 2.46282 2.23576 2.1974 2.19628 2.13742 2.10547 1.98176 1.93952 1.91706 1.84175 1.6696 1.9007
threshold=0.86731382346897345 1.8597649084503747 1.0000000180025095e-35 1.0000000180025095e-35 1.0000000180025095e-35 1.0000000180025095e-35 0.2617604386058241 1.0000000180025095e-35 1.0000000180025095e-35 3.7319206342178548 20.500000000000004 3.0336481365421735 3.5000000000000004 1.0000000180025095e-35 23.500000000000004 1.3234149717375743 20.500000000000004 9.5000000000000018 1.0000000180025095e-35 4.5000000000000009 3.132656804889534 1.1722672580382916 2.0602742580323112 1.6139254119302333 20.500000000000004 2.7609992057429866 1.8316268875488217 7.7586136922094315 1.0000000180025095e-35 1.399922176487203
decision_type=2 2 2 2 2 2 2 2 2 2 2 2 2 2 2 2 2 2 2 2 2 2 2 2 2 2 2 2 2 2
left_child=6 4 13 9 18 24 -1 8 -8 10 12 21 -4 20 -12 -7 28 -14 -2 22 -3 -5 -13 -21 -6 -23 -11 -22 -17 -30
right_child=1 2 3 11 5 15 7 -9 -10 26 14 19 17 -15 -16 16 -18 -19 -20 23 27 25 -24 -25 -26 -27 -28 -29 29 -31
leaf_value=-0.032483912361365073 0.019221458267229759 0.035126934610226354 0.0016054691575376108 -0.0066313878469953574 -0.011106913894850884 -0.008253467078244035 0.012008214856556195 -0.017707932776800051 -0.0016115932742500338 -0.01454724035719347 -0.023806754493345378 0.0034156408907908666 -0.022819822427671794 0.017318908207796947 -0.0057284524888477377 0.014373819839771535 -0.011283394775088971 -0.0048991173692661937 0.0008664497622792801 0.014886285677290143 0.1396991216318926 0.0083940648060155058 0.0273247995494749 0.056178998391909984 -0.025458732984699719 0.040107104759921616 0.015112744607310833 0.084047698702035739 -0.0033384280045564473 0.0087098578069016233
leaf_weight=35505 685 727 4519 853 7580 3501 402 12049 1663 250 1715 740 931 2153 2218 642 1134 1983 2710 355 231 5491 590 724 3545 128 1156 104 1754 881
leaf_count=35505 685 727 4519 853 7580 3501 402 12049 1663 250 1715 740 931 2153 2218 642 1134 1983 2710 355 231 5491 590 724 3545 128 1156 104 1754 881
internal_value=-0.00258355 -0.000494716 0.000611628 0.000174801 -0.0017212 -0.00218181 -0.00457476 -0.00353691 0.000859563 -0.000873788 -0.00122559 0.0016828 -0.000479619 0.00355365 -0.00263539 -0.00072169 8.95477e-05 -0.00179135 0.00086156 0.00336447 0.00582862 0.00105686 0.00199248 0.00505561 -0.00322023 0.00141573 0.00197013 0.0091791 0.000813243 0.000256166
internal_weight=96919 47300 24868 21653 22432 19037 49619 14114 2065 12772 11366 8881 7433 3215 3933 7912 4411 2914 3395 2409 1062 6472 1330 1079 11125 5619 1406 335 3277 2635
internal_count=96919 47300 24868 21653 22432 19037 49619 14114 2065 12772 11366 8881 7433 3215 3933 7912 4411 2914 3395 2409 1062 6472 1330 1079 11125 5619 1406 335 3277 2635
is_linear=0
shrinkage=0.05


Tree=36
num_leaves=31
num_cat=0
split_feature=12 12 4 6 6 4 12 4 12 1 8 12 2 2 1 1 8 1 7 2 1 4 14 0 14 13 1 11 2 14
split_gain=162.261 26.8164 12.5919 11.4804 8.79853 7.99197 7.44682 14.2231 6.0539 5.83061 4.05491 3.68204 3.57192 3.02864 2.97441 2.40548 2.3819 2.90406 2.28437 2.26636 2.27516 2.25021 2.15162 2.09384 2.05371 1.90987 1.88471 1.96149 1.87041 1.96114
threshold=0.8278155230016363 2.2738706688326817 1.0000000180025095e-35 1.0000000180025095e-35 1.0000000180025095e-35 1.0000000180025095e-35 0.3066224417723053 1.0000000180025095e-35 1.6093500536482601 3.5000000000000004 1.0000000180025095e-35 3.7319206342178548 5.5000000000000009 27.500000000000004 3.5000000000000004 1.5000000000000002 1.0000000180025095e-35 1.5000000000000002 1.0000000180025095e-35 3.5000000000000004 1.0000000180025095e-35 9.5000000000000018 1.9004715023551899 16.500000000000004 1.7142594256379193 0.68302218900088374 1.5000000000000002 0.71395200432043016 18.500000000000004 1.5915062091090195
decision_type=2 2 2 2 2 2 2 2 2 2 2 2 2 2 2 2 2 2 2 2 2 2 2 2 2 2 2 2 2 2
left_child=6 2 16 5 8 28 -1 10 12 11 15 21 19 -14 23 -8 17 22 -11 -4 -21 -7 -2 -10 -15 -18 27 -12 -3 -30
right_child=1 3 4 -5 -6 9 7 -9 14 18 26 -13 13 24 -16 -17 25 -19 -20 20 -22 -23 -24 -25 -26 -27 -28 -29 29 -31
leaf_value=-0.029778570969141473 0.058197796017059635 0.030538016022941757 -0.012514727763561729 -0.019446388825574451 -0.035194151100003276 0.0035933285269199133 0.018029754658089252 -0.016551759201101669 -0.0030651988448987724 -0.0033162193168314773 0.00082399496240060993 0.027447315228381598 -0.013838599234484446 -0.008063442748053257 -0.0071026015883549204 0.0070010890658673483 -0.010660292474668896 0.012491850195158156 0.02328913706761147 -0.018341210987214876 0.0027047280867243551 0.014452997414635578 0.026585216553395765 0.0056517289959537682 0.0037675428018539279 0.0041822209952304661 -0.0038058988158562583 0.01368659331811483 0.024839981671406511 0.07245803914118891
leaf_weight=36929 105 1176 2428 1285 2239 3774 58 10099 3600 4886 173 1422 7403 1402 4933 278 370 807 385 294 1447 3044 55 2149 590 3355 1217 44 280 596
leaf_count=36929 105 1176 2428 1285 2239 3774 58 10099 3600 4886 173 1422 7403 1402 4933 278 370 807 385 294 1447 3044 55 2149 590 3355 1217 44 280 596
internal_value=-0.00257186 -0.00050859 -0.00137714 0.00109865 -0.00180008 0.00147369 -0.00460244 -0.00351293 -0.00152314 0.00103212 0.000621468 0.00186286 -0.00222427 -0.00276477 -0.000632841 0.00556547 0.00101023 0.0032213 -0.000266554 -0.00100624 0.000370476 0.00138017 0.009375 0.000140023 -0.00103414 0.00043624 -0.000536961 0.00375576 0.00438109 0.00613014
internal_weight=96823 48025 31177 16848 26485 15563 48798 11869 24246 13511 1770 8240 13564 9395 10682 336 4692 967 5271 4169 1741 6818 160 5749 1992 3725 1434 217 2052 876
internal_count=96823 48025 31177 16848 26485 15563 48798 11869 24246 13511 1770 8240 13564 9395 10682 336 4692 967 5271 4169 1741 6818 160 5749 1992 3725 1434 217 2052 876
is_linear=0
shrinkage=0.05


Tree=37
num_leaves=31
num_cat=0
split_feature=12 6 12 12 4 4 3 4 3 3 2 1 14 1 12 0 11 0 11 14 2 1 12 1 7 0 14 12 0 12
split_gain=157.308 20.1393 17.1122 15.1677 16.169 6.35399 6.29649 5.62853 8.71689 4.5914 2.79464 4.1021 2.53788 2.41236 2.38812 2.9848 2.36822 2.2724 2.10772 2.07884 1.95953 1.89244 1.99217 1.88413 1.86525 3.45677 1.81423 1.80212 1.74602 1.74111
threshold=1.0776131046609396 1.0000000180025095e-35 2.2499799031666559 0.34771450359961475 1.0000000180025095e-35 1.0000000180025095e-35 1.0000000180025095e-35 1.5000000000000002 1.0000000180025095e-35 1.0000000180025095e-35 3.5000000000000004 3.5000000000000004 1.7560480992863496 3.5000000000000004 1.5260017570108799 16.500000000000004 0.77676767660897428 8.5000000000000018 3.5815273656378563 1.7048336813644955 17.500000000000004 1.5000000000000002 4.6570589242905376 1.0000000180025095e-35 1.0000000180025095e-35 12.500000000000002 0.83042774607865388 3.373311256205707 18.500000000000004 1.2571163216650165
decision_type=2 2 2 2 2 2 2 2 2 2 2 2 2 2 2 2 2 2 2 2 2 2 2 2 2 2 2 2 2 2
left_child=3 2 7 -1 20 21 12 26 14 -6 11 -10 17 27 -9 -16 -12 -7 -15 -11 -5 -4 -23 -18 -14 -26 -2 -8 -27 -28
right_child=1 -3 5 4 9 6 13 8 10 19 16 -13 24 18 15 -17 23 -19 -20 -21 -22 22 -24 -25 25 28 29 -29 -30 -31
leaf_value=-0.027524797757929584 -0.012422317326489728 -0.025495673004832138 0.069782455379294867 -0.0025933205745363392 -0.020749689082775347 0.0089862008171424489 0.014500761689716223 -0.012691317975004883 0.0069565455125031248 -0.010243111993241355 -0.0063882666525406492 -0.013590250659662637 0.0022508849103983278 -0.00022879737237209896 -0.011046152351362162 -0.0005025371686563048 -0.0045742533862427135 -0.0075760337443475075 0.043697050440355018 -0.00069892185708168766 0.0046689963049986651 0.030454081999371854 0.1351272644202258 0.0074242190187105671 0.053795982189364537 0.013373354105546884 -0.0061437519300680914 0.038578023422921048 -0.016857236393183643 0.0097523956222837684
leaf_weight=38110 532 3158 373 1195 7616 319 3026 4275 1144 4878 1074 2470 3940 1762 3792 2328 1039 2863 332 723 1215 1651 58 3483 76 310 554 1040 88 3385
leaf_count=38110 532 3158 373 1195 7616 319 3026 4275 1144 4878 1074 2470 3940 1762 3792 2328 1039 2863 332 723 1215 1651 58 3483 76 310 554 1040 88 3385
internal_value=-0.00256841 -0.000317145 -1.30292e-05 -0.00437287 -0.00306105 0.00126342 0.000873799 -0.000852718 -0.0012178 -0.00374783 -9.77211e-05 -0.00118152 -8.9522e-05 0.00206169 -0.0022102 -0.0015768 0.000602215 -0.00116593 0.000682902 -0.00266113 0.000705393 0.00383765 0.00313341 0.00110349 0.000686451 0.00364979 0.000748154 0.00277176 0.00178392 0.0011183
internal_weight=96809 43072 39914 53737 15627 15838 13756 24076 19605 13217 9210 3614 7596 6160 10395 6120 5596 3182 2094 5601 2410 2082 1709 4522 4414 474 4471 4066 398 3939
internal_count=96809 43072 39914 53737 15627 15838 13756 24076 19605 13217 9210 3614 7596 6160 10395 6120 5596 3182 2094 5601 2410 2082 1709 4522 4414 474 4471 4066 398 3939
is_linear=0
shrinkage=0.05


Tree=38
num_leaves=31
num_cat=0
split_feature=12 12 6 12 4 4 3 1 8 4 0 0 8 7 2 2 2 12 14 0 8 0 2 3 2 12 8 12 2 12
split_gain=155.814 22.3184 14.8691 9.78106 18.4176 8.08054 9.09026 7.41823 5.1866 4.79057 3.96775 5.19086 4.74662 3.22304 3.02877 3.77765 2.98036 2.68223 2.31891 2.27467 2.51553 2.25407 2.16804 2.15444 2.15078 2.00358 2.1527 4.38292 1.9843 1.96863
threshold=0.8278155230016363 1.7601746447116684 1.0000000180025095e-35 0.2617604386058241 1.0000000180025095e-35 1.0000000180025095e-35 1.0000000180025095e-35 3.5000000000000004 1.0000000180025095e-35 2.5000000000000004 17.500000000000004 19.500000000000004 2.5000000000000004 1.0000000180025095e-35 7.5000000000000009 3.5000000000000004 9.5000000000000018 2.9483121465240987 1.7048336813644955 17.500000000000004 1.5000000000000002 21.500000000000004 16.500000000000004 1.0000000180025095e-35 20.500000000000004 2.1257748730304864 1.0000000180025095e-35 3.3051653086412491 17.500000000000004 2.7771242299877339
decision_type=2 2 2 2 2 2 2 2 2 2 2 2 2 2 2 2 2 2 2 2 2 2 2 2 2 2 2 2 2 2
left_child=3 5 7 -1 8 -2 24 10 22 29 13 12 25 -3 15 -11 -16 -15 -8 20 -18 -20 -5 -6 -7 -12 27 -27 -10 -9
right_child=1 2 -4 4 23 6 18 9 28 14 11 -13 -14 17 16 -17 19 -19 21 -21 -22 -23 -24 -25 -26 26 -28 -29 -30 -31
leaf_value=-0.02791853681863939 0.0025378093416843638 0.0036734352041684765 -0.019806776177781503 0.0013907880778367744 -0.021574754309387847 -0.0099614126615140165 -0.0069047729853958136 0.011323494856002425 -0.0057047416551364626 -0.0031559498288691989 0.033018066589080304 0.0016093915454469235 0.0087756930350287136 -0.0016380607517921019 -0.020851392060851404 0.022267514298628846 -0.016343522283998196 0.042171293238465725 0.0058748882515803225 0.0029931221899795681 -0.0017519608836035932 -0.017759777789884672 0.013419817814333988 -0.0094986955998879966 -0.023603918177411084 0.072623500648725595 0.013856830483038826 0.038683678582502545 0.0031852777871889783 0.067000960209719074
leaf_weight=35494 3227 8281 2073 113 6607 7094 5307 1099 786 2495 97 1848 1425 208 1075 1008 1297 436 1788 1704 1375 267 252 4838 3268 138 1126 985 770 370
leaf_count=35494 3227 8281 2073 113 6607 7094 5307 1099 786 2495 97 1848 1425 208 1075 1008 1297 436 1788 1704 1375 267 252 4838 3268 138 1126 985 770 370
internal_value=-0.00255294 -0.000529371 0.000419747 -0.00454053 -0.0033877 -0.00175433 -0.00217333 0.000757599 0.00114263 -0.000260483 0.00148721 0.00252803 0.00359188 0.000831932 -0.000694663 0.000452468 -0.00143185 0.00423913 -0.000829939 -0.000852378 -0.00176273 0.000596106 0.00650685 -0.0041481 -0.00312778 0.00497442 0.00467096 0.00621995 -0.000115682 0.00238598
internal_weight=96851 47991 27040 48860 13366 20951 17724 24967 1921 10423 14544 5619 3771 8925 8954 3503 5451 644 7362 4376 2672 2055 365 11445 10362 2346 2249 1123 1556 1469
internal_count=96851 47991 27040 48860 13366 20951 17724 24967 1921 10423 14544 5619 3771 8925 8954 3503 5451 644 7362 4376 2672 2055 365 11445 10362 2346 2249 1123 1556 1469
is_linear=0
shrinkage=0.05


Tree=39
num_leaves=31
num_cat=0
split_feature=12 6 12 12 4 4 3 4 3 12 2 3 1 13 14 11 2 14 14 1 14 2 2 7 0 2 1 11 9 2
split_gain=150.079 20.508 19.0665 11.1405 14.4666 7.86739 7.79336 4.63958 4.8986 3.4913 3.14405 3.01899 3.01681 2.64803 2.6194 2.39271 2.28267 2.86193 2.19508 1.88338 1.88151 2.48273 1.7791 1.77779 1.84287 1.80042 1.68039 1.65955 1.49608 1.47488
threshold=0.86731382346897345 1.0000000180025095e-35 2.2499799031666559 0.2941640170233652 1.0000000180025095e-35 1.0000000180025095e-35 1.0000000180025095e-35 1.0000000180025095e-35 1.0000000180025095e-35 1.4462720853258568 3.5000000000000004 1.0000000180025095e-35 3.5000000000000004 0.68302218900088374 2.0439602148248484 0.77676767660897428 16.500000000000004 1.6859029167546222 1.2648265340737657 1.5000000000000002 1.6952142143795002 18.500000000000004 2.5000000000000004 1.0000000180025095e-35 8.5000000000000018 7.5000000000000009 3.5000000000000004 2.824739238503386 8.22906913416527 11.500000000000002
decision_type=2 2 2 2 2 2 2 2 2 2 2 2 2 2 2 2 2 2 2 2 2 2 2 2 2 2 2 2 2 2
left_child=3 2 5 -1 16 13 9 20 18 -7 12 -6 -8 -2 -10 -12 -5 -18 -9 -15 -4 -22 -14 24 25 -20 -11 -16 -19 -25
right_child=1 -3 7 4 11 6 10 8 14 26 15 -13 22 19 27 -17 17 28 23 -21 21 -23 -24 29 -26 -27 -28 -29 -30 -31
leaf_value=-0.025800154159892171 -0.010275121209014915 -0.02414106470533417 0.015680702894664635 -0.0051891410826100217 -0.019941400937454543 -0.012605492722052037 0.0024181588320850126 -0.011324818898213053 0.0076095024376066807 -0.0025868203310531988 -0.0070490905371267017 -0.0085273911970784166 -0.022944539346240005 0.025495492212590423 0.019494148831055651 0.0030359143384585128 0.0022767201460980038 0.022117770349276172 0.026533708995880142 0.0044378249701016994 0.030909981349564186 0.072960894198262363 -0.0057256754416097353 0.0053967466887663599 -0.00071986606064377743 0.010759416746369585 -0.0092159665619874261 0.043456530973975255 0.002333685467954628 0.022480022105282826
leaf_weight=36468 450 3470 752 586 6302 5460 1347 818 3828 3572 1458 4661 1441 681 1549 4973 1246 46 54 3398 738 536 1354 340 6017 133 3662 775 49 220
leaf_count=36468 450 3470 752 586 6302 5460 1347 818 3828 3572 1458 4661 1441 681 1549 4973 1246 46 54 3398 738 536 1354 340 6017 133 3662 775 49 220
internal_value=-0.00257273 -0.000551398 -0.000256682 -0.00449856 -0.00323507 -0.0010444 -0.00141553 0.00113261 0.000803115 -0.00225067 -0.000412845 -0.00393734 -0.00148721 0.00086222 0.00185143 0.000279116 0.000760248 0.00189784 -4.74821e-05 0.00126379 0.00336624 0.00453689 -0.00242397 0.000248373 4.8344e-06 0.00489305 -0.00153027 0.00317556 0.0102632 0.00294643
internal_weight=96384 47026 43556 49358 12890 27796 23267 15760 13734 12694 10573 10963 4142 4529 6152 6431 1927 1341 7582 4079 2026 1274 2795 6764 6204 187 7234 2324 95 560
internal_count=96384 47026 43556 49358 12890 27796 23267 15760 13734 12694 10573 10963 4142 4529 6152 6431 1927 1341 7582 4079 2026 1274 2795 6764 6204 187 7234 2324 95 560
is_linear=0
shrinkage=0.05


Tree=40
num_leaves=31
num_cat=0
split_feature=12 12 6 12 4 4 3 1 12 8 4 3 4 0 3 8 8 14 11 14 8 14 4 1 12 14 0 0 11 12
split_gain=151.168 20.4021 12.0658 10.7275 13.1883 7.26077 9.28275 6.26747 4.17015 4.01851 3.03578 2.95257 2.81311 2.71718 2.53147 2.47881 4.30758 2.44379 2.31158 2.30389 2.21781 2.07705 2.03519 1.9372 1.93651 1.82158 1.66376 1.86528 1.63801 1.62731
threshold=0.86731382346897345 1.8597649084503747 1.0000000180025095e-35 0.28214596688078336 1.0000000180025095e-35 1.0000000180025095e-35 1.0000000180025095e-35 3.5000000000000004 3.2481109671717454 1.0000000180025095e-35 9.5000000000000018 1.0000000180025095e-35 2.5000000000000004 19.500000000000004 1.0000000180025095e-35 1.0000000180025095e-35 1.5000000000000002 0.59995196162031739 2.520327495166955 1.0428862247689232 1.0000000180025095e-35 1.7048336813644955 1.0000000180025095e-35 1.5000000000000002 1.0011105265823765 2.620276331773133 19.500000000000004 17.500000000000004 0.83922503212625343 1.2880618422925456
decision_type=2 2 2 2 2 2 2 2 2 2 2 2 2 2 2 2 2 2 2 2 2 2 2 2 2 2 2 2 2 2
left_child=3 5 7 -1 9 20 10 8 18 23 29 -6 -9 21 -14 -8 -17 -18 28 -16 24 -10 -23 -5 -2 -21 27 -19 -3 -7
right_child=1 2 -4 4 11 6 15 12 13 -11 -12 -13 14 -15 19 16 17 26 -20 25 -22 22 -24 -25 -26 -27 -28 -29 -30 -31
leaf_value=-0.024713025988838611 0.030868789242956274 -0.0081679481641027535 -0.016837131083607938 0.016329791576586906 -0.01927418896128372 -0.011213921683088407 0.0065491609890390799 0.014750777276855974 0.0036072230225865014 -0.0010556309976231368 -0.021060866127438356 -0.0083420173803212452 -0.0061693793358530494 -0.024121786667008507 -0.016861501765394683 -0.012466873399511686 -0.014913908696676977 0.0030085394024178922 0.00055501369767046982 0.0022114960824821295 -0.00074731794854916375 0.08671882115673421 0.023331064416077959 0.007817691351406841 0.015029431550670165 0.03623795510763609 -0.0082919111636002157 0.01976028939349719 0.010305753664761367 -0.0069554766037492784
leaf_weight=36251 69 340 1897 52 6543 3104 1474 1307 513 1575 3585 4810 4983 152 241 3439 331 1828 4372 2788 2720 272 1910 307 632 145 606 211 5923 4440
leaf_count=36251 69 340 1897 52 6543 3104 1474 1307 513 1575 3585 4810 4983 152 241 3439 331 1828 4372 2788 2720 272 1910 307 632 145 606 211 5923 4440
internal_value=-0.0025692 -0.000546932 0.000440163 -0.00449938 -0.00328404 -0.00163978 -0.00202124 0.000756993 0.00144934 0.000532574 -0.0029513 -0.0039342 -0.000229291 0.00314893 -0.000574355 -0.000709217 -0.00113406 0.000258735 0.000994357 0.000529299 0.000480852 0.00351577 0.00418882 0.00530641 0.00298859 0.000915444 0.000765594 0.00144924 0.00161025 -0.00238203
internal_weight=96820 47282 24843 49538 13287 22439 19018 22946 13482 1934 11129 11353 9464 2847 8157 7889 6415 2976 10635 3174 3421 2695 2182 359 701 2933 2645 2039 6263 7544
internal_count=96820 47282 24843 49538 13287 22439 19018 22946 13482 1934 11129 11353 9464 2847 8157 7889 6415 2976 10635 3174 3421 2695 2182 359 701 2933 2645 2039 6263 7544
is_linear=0
shrinkage=0.05


Tree=41
num_leaves=31
num_cat=0
split_feature=12 12 6 4 3 1 12 4 4 8 8 8 12 14 3 0 14 4 12 14 14 0 0 11 0 14 3 0 12 0
split_gain=145.519 21.8256 13.2066 7.83208 7.90451 6.54225 6.16162 13.7781 5.01539 4.53034 4.29892 4.05393 3.71821 2.77589 2.49758 2.44446 2.18695 2.13005 2.08056 2.06717 1.98917 1.96499 2.43453 2.33504 2.14248 2.23247 2.12414 2.10331 1.89889 1.86547
threshold=0.6091033743276294 1.5763921561138052 1.0000000180025095e-35 1.0000000180025095e-35 1.0000000180025095e-35 3.5000000000000004 0.24533744914098818 1.0000000180025095e-35 2.5000000000000004 1.0000000180025095e-35 1.0000000180025095e-35 1.5000000000000002 3.0336481365421735 0.90427163435460833 1.0000000180025095e-35 19.500000000000004 1.7979313060407407 9.5000000000000018 2.6062466583150026 1.0428862247689232 0.58731392421636974 8.5000000000000018 16.500000000000004 2.4221649397482485 14.500000000000002 2.2746248560556226 1.0000000180025095e-35 20.500000000000004 4.0035509476549178 8.5000000000000018
decision_type=2 2 2 2 2 2 2 2 2 2 2 2 2 2 2 2 2 2 2 2 2 2 2 2 2 2 2 2 2 2
left_child=6 3 5 -2 17 12 -1 9 18 -8 -6 -12 13 -3 28 16 -14 -5 -7 -16 -13 -15 24 27 26 -26 -23 -24 -10 -21
right_child=1 2 -4 4 10 8 7 -9 14 -11 11 20 15 21 19 -17 -18 -19 -20 29 -22 22 23 -25 25 -27 -28 -29 -30 -31
leaf_value=-0.024510941814827134 0.00098728570732654788 -0.016079325057934128 -0.016937693383072421 -0.0097761381648271556 0.0058805117080283778 0.0078268561413033406 0.0082170031862836921 -0.014750731260083902 -0.0074800354539320659 -0.0017226239895147999 -0.011941454926242968 -0.0086715959454542677 0.0053264246433395368 0.014265332102925575 -0.015592108454786785 -0.01461231998833469 0.025821555292451406 -0.022631186698570529 0.057100001518319843 0.020825098523288482 0.0013730024511252588 -0.0015513970102433228 0.014122114892062922 0.001040254001954799 -0.02017088362076452 0.0051290703260281553 0.0090304420512938768 -0.002604836516218614 0.016071646412759721 0.00080415229347829964
leaf_weight=34618 3218 554 2326 6934 1255 1334 360 8472 5956 1079 3509 567 997 361 414 237 2388 3328 496 104 2119 2855 2978 2282 1111 385 1946 523 348 3550
leaf_count=34618 3218 554 2326 6934 1255 1334 360 8472 5956 1079 3509 567 997 361 414 237 2388 3328 496 104 2119 2855 2978 2282 1111 385 1946 523 348 3550
internal_value=-0.00254772 -0.000753242 8.58874e-05 -0.00200191 -0.00241418 0.000378395 -0.0046463 -0.00354707 -0.000500739 0.000976371 -0.0011745 -0.00171509 0.00102395 0.000629087 -0.000926534 0.00244064 0.00278434 -0.00331417 0.00191257 3.93302e-05 -0.000253166 0.000783296 0.000674668 0.00141535 -5.55939e-06 -0.00165776 0.000509268 0.00222651 -0.00154981 0.000418718
internal_weight=96604 52075 31145 20930 17712 28819 44529 9911 12202 1439 7450 6195 16617 12995 10372 3622 3385 10262 1830 4068 2686 12441 12080 5783 6297 1496 4801 3501 6304 3654
internal_count=96604 52075 31145 20930 17712 28819 44529 9911 12202 1439 7450 6195 16617 12995 10372 3622 3385 10262 1830 4068 2686 12441 12080 5783 6297 1496 4801 3501 6304 3654
is_linear=0
shrinkage=0.05


Tree=42
num_leaves=31
num_cat=0
split_feature=11 6 14 11 4 14 0 4 3 8 3 11 8 8 0 0 7 0 8 8 11 0 0 8 4 0 8 4 8 2
split_gain=136.59 20.1449 13.3828 9.95663 13.3063 8.37119 7.09077 6.70669 9.89521 4.30615 3.69224 3.57868 3.52481 3.50936 3.26827 4.94188 4.60227 3.49191 3.6992 2.67133 2.58154 2.43667 3.38206 2.10798 2.10537 2.1017 2.08876 1.9277 1.67026 1.65212
threshold=0.68394140137149251 1.0000000180025095e-35 1.924314182998786 0.2535277120851574 1.0000000180025095e-35 0.72009244182909959 20.500000000000004 1.0000000180025095e-35 1.0000000180025095e-35 1.0000000180025095e-35 1.0000000180025095e-35 1.575826340680816 1.0000000180025095e-35 1.5000000000000002 17.500000000000004 13.500000000000002 1.0000000180025095e-35 19.500000000000004 1.0000000180025095e-35 1.0000000180025095e-35 2.3319015350661836 13.500000000000002 12.500000000000002 3.5000000000000004 1.0000000180025095e-35 17.500000000000004 1.0000000180025095e-35 7.5000000000000009 1.0000000180025095e-35 3.5000000000000004
decision_type=2 2 2 2 2 2 2 2 2 2 2 2 2 2 2 2 2 2 2 2 2 2 2 2 2 2 2 2 2 2
left_child=3 2 5 -1 12 -2 14 19 11 21 -6 -9 -5 25 15 16 23 18 24 -7 -19 22 -10 -4 -16 -11 -13 -26 -12 -15
right_child=1 -3 6 4 10 7 -8 8 9 13 28 26 -14 29 17 -17 -18 20 -20 -21 -22 -23 -24 -25 27 -27 -28 -29 -30 -31
leaf_value=-0.022112710225824336 -0.012839457890389889 -0.022630692790979127 0.020997114465755997 0.0085919601018442232 -0.020096061975954569 0.02545923292133 -0.0082942595375489932 -0.010432401282382105 0.0084178838704741851 -0.011171528398586504 -0.0031653458953842897 -0.012665709914508293 -0.0010522136454920946 -0.0028741669678178663 0.089868933660517361 -0.0010565581274870595 0.046915346033698457 0.01198770118641858 0.0091292535000908597 0.0032248535959780306 -0.0054581977312084338 0.0054766427557864398 0.045913900609153825 -0.0088002361037770784 0.0072136534488316476 0.001565175407833087 -0.0034770446887450075 0.038329569366397885 -0.0096930948714674826 0.0081135756187600879
leaf_weight=34809 4280 3793 830 357 5834 922 2009 4350 415 2876 1076 2327 1415 1773 267 3948 241 972 1430 3551 960 1238 397 292 547 1225 7444 975 3866 2398
leaf_count=34809 4280 3793 830 357 5834 922 2009 4350 415 2876 1076 2327 1415 1773 267 3948 241 972 1430 3551 960 1238 397 292 547 1225 7444 975 3866 2398
internal_value=-0.00251903 -0.00068136 -0.000390546 -0.00443831 -0.00323079 -0.000915172 0.00100593 -0.000609698 -0.000935443 0.000241231 -0.00389106 -0.00179555 0.000784423 -0.000267168 0.00152839 0.000658067 0.00325385 0.00242574 0.0034343 0.00117035 0.00074534 0.00229268 0.00442118 0.00190731 0.00494969 -0.00130578 -0.00126446 0.00423127 -0.00288547 0.000754015
internal_weight=96817 49460 45667 47357 12548 33196 12471 28916 24443 10322 10776 14121 1772 8272 10462 5311 1363 5151 3219 4473 1932 2050 812 1122 1789 4101 9771 1522 4942 4171
internal_count=96817 49460 45667 47357 12548 33196 12471 28916 24443 10322 10776 14121 1772 8272 10462 5311 1363 5151 3219 4473 1932 2050 812 1122 1789 4101 9771 1522 4942 4171
is_linear=0
shrinkage=0.05


Tree=43
num_leaves=31
num_cat=0
split_feature=12 12 6 4 3 14 4 3 12 4 8 2 7 2 1 11 2 1 8 4 1 8 12 12 12 12 1 8 1 8
split_gain=148.866 21.23 12.279 8.91055 9.02345 6.46757 4.53141 5.51289 4.528 9.08268 3.48694 2.8522 2.73111 2.68428 3.51698 2.50638 2.47444 2.45121 2.62791 2.27504 2.21587 2.09972 2.07059 1.9801 1.8873 1.88062 1.68706 1.66227 1.59337 1.58726
threshold=0.55415891551107666 1.6093500536482601 1.0000000180025095e-35 1.5000000000000002 1.0000000180025095e-35 1.2648265340737657 2.5000000000000004 1.0000000180025095e-35 0.23801269327374347 1.0000000180025095e-35 1.0000000180025095e-35 3.5000000000000004 1.0000000180025095e-35 28.500000000000004 1.0000000180025095e-35 3.6627829982867177 20.500000000000004 5.5000000000000009 1.0000000180025095e-35 1.0000000180025095e-35 4.5000000000000009 1.5000000000000002 4.0035509476549178 1.2880618422925456 2.9483121465240987 2.9483121465240987 3.5000000000000004 1.0000000180025095e-35 1.0000000180025095e-35 1.5000000000000002
decision_type=2 2 2 2 2 2 2 2 2 2 2 2 2 2 2 2 2 2 2 2 2 2 2 2 2 2 2 2 2 2
left_child=8 3 5 28 16 19 24 22 -1 27 15 26 29 14 -13 -9 23 18 20 -3 -16 -20 -8 -5 -7 -4 -6 -10 -2 -12
right_child=1 2 25 4 11 6 7 10 9 -11 12 13 -14 -15 17 -17 -18 -19 21 -21 -22 -23 -24 -25 -26 -27 -28 -29 -30 -31
leaf_value=-0.022461845013210253 0.0082571573826671751 0.0074399287778436976 -0.019433450969107285 -0.010358783804205164 -0.0021398103890316236 0.010072436181298716 -0.002528698270317101 0.013913209124699 0.0056613368940143238 -0.01403649067559555 -0.0039974393404003999 -0.015124163802590133 0.033070131664501477 -0.0078735211471530047 0.0086391101036884035 0.054861693151238636 -0.020996761511962746 -0.0088392666099693842 -0.00090401267437825034 -0.0078799765488517057 0.02519368883755875 0.010515685222708904 0.010635200799132473 -0.007129276323440268 0.042864541727959664 -0.0047840458006695695 -0.013314454694157686 -0.0022359087236289931 -0.00050830736019891751 0.0057427221538359566
leaf_weight=34194 579 784 1737 4748 1010 3445 8759 2472 335 7808 2180 438 500 1936 213 333 3561 500 899 4423 164 757 743 2401 1035 554 2212 970 3423 3416
leaf_count=34194 579 784 1737 4748 1010 3445 8759 2472 335 7808 2180 438 500 1936 213 333 3561 500 899 4423 164 757 743 2401 1035 554 2212 970 3423 3416
internal_value=-0.00250231 -0.00073109 0.000134787 -0.0018828 -0.00233797 0.000421857 0.000783768 0.000436612 -0.00467904 -0.00368869 0.00133075 -0.00108193 0.000659448 -0.000323009 0.000621002 0.00278966 -0.00329132 0.00133636 0.00210772 -0.00116862 0.00587533 0.00125 -0.000400969 -0.00275493 0.00220982 -0.00338499 -0.00223774 0.000172413 0.000259869 0.000343101
internal_weight=96529 53222 30381 22841 18839 28090 22883 18403 43307 9113 8901 8129 6096 4907 2971 2805 10710 2533 2033 5207 377 1656 9502 7149 4480 2291 3222 1305 4002 5596
internal_count=96529 53222 30381 22841 18839 28090 22883 18403 43307 9113 8901 8129 6096 4907 2971 2805 10710 2533 2033 5207 377 1656 9502 7149 4480 2291 3222 1305 4002 5596
is_linear=0
shrinkage=0.05


Tree=44
num_leaves=31
num_cat=0
split_feature=12 12 4 6 3 12 4 14 8 2 4 3 12 8 8 8 8 0 8 8 0 7 7 12 1 2 0 12 14 13
split_gain=143.403 17.6837 10.879 9.23214 9.19693 5.22842 10.9579 4.11798 3.80965 3.65577 3.14541 3.29369 3.06866 2.92494 3.04263 2.82657 2.3942 2.42166 2.31354 2.26663 2.38607 2.51709 2.25261 2.11012 2.11004 2.07036 2.03039 2.46706 3.94248 2.0223
threshold=0.55415891551107666 1.8967190785398451 1.0000000180025095e-35 1.0000000180025095e-35 1.0000000180025095e-35 0.21195280718300627 1.0000000180025095e-35 1.254898667010069 1.0000000180025095e-35 20.500000000000004 1.0000000180025095e-35 1.0000000180025095e-35 1.0934661344549224 1.0000000180025095e-35 1.5000000000000002 1.0000000180025095e-35 1.0000000180025095e-35 16.500000000000004 1.0000000180025095e-35 1.5000000000000002 13.500000000000002 1.0000000180025095e-35 1.0000000180025095e-35 3.6242137430533221 3.5000000000000004 3.5000000000000004 21.500000000000004 1.144642841892302 0.49973006638848472 2.2327377420467829
decision_type=2 2 2 2 2 2 2 2 2 2 2 2 2 2 2 2 2 2 2 2 2 2 2 2 2 2 2 2 2 2
left_child=5 2 -2 7 9 -1 8 -3 -7 12 16 22 -4 26 -15 24 17 -9 -14 -17 21 -21 -12 -23 -13 -26 27 28 -6 -27
right_child=1 3 4 -5 13 6 -8 10 -10 -11 11 15 18 14 -16 19 -18 -19 -20 20 -22 23 -24 -25 25 29 -28 -29 -30 -31
leaf_value=-0.022476897005113763 0.0030096172829628472 -0.0067910665812813678 -0.010011428553395593 -0.013720947979522705 -0.0072639657226615771 0.0066409462012287481 -0.013456675238729985 0.0068745551645002763 -0.0027152012984090301 -0.018259348634292266 -0.0016444919041191588 0.027660016475752239 -0.014168573630106988 -0.008717080877991534 -0.00076653184927954565 -0.0054682520003261521 0.011798794817747401 0.069847918294026937 -0.0041749962695100873 0.017362086956617753 0.0017708946849225166 0.053389981165960498 0.012877880723694694 0.042916077374299116 -0.003647545664045692 0.027671068626609219 -0.017697778081950687 0.0013561229769670712 0.015083255960425965 0.072058035910173998
leaf_weight=32702 4423 3165 3500 1810 130 410 9045 276 1085 4695 8470 1595 1295 4650 3963 1710 1727 613 5004 1224 1796 52 614 111 630 172 149 1296 271 72
leaf_count=32702 4423 3165 3500 1810 130 410 9045 276 1085 4695 8470 1595 1295 4650 3963 1710 1727 613 5004 1224 1796 52 614 111 630 172 149 1296 271 72
internal_value=-0.00250918 -0.00077631 -0.00159927 0.000229437 -0.00200437 -0.00464965 -0.00368122 0.000509064 0.00028428 -0.00281979 0.00078638 0.000530219 -0.00227013 -0.000874368 -0.00126147 0.00131622 0.00239679 0.00450506 -0.00161057 0.000620273 0.00140905 0.00296683 -0.000106782 0.00880368 0.00269542 0.000720823 0.000931743 0.0014231 0.00485037 0.00463115
internal_weight=96655 53413 29376 24037 24953 43242 10540 22227 1495 14494 19062 16446 9799 10459 8613 7362 2616 889 6299 4893 3183 1387 9084 163 2469 874 1846 1697 401 244
internal_count=96655 53413 29376 24037 24953 43242 10540 22227 1495 14494 19062 16446 9799 10459 8613 7362 2616 889 6299 4893 3183 1387 9084 163 2469 874 1846 1697 401 244
is_linear=0
shrinkage=0.05


Tree=45
num_leaves=31
num_cat=0
split_feature=11 6 13 0 1 0 4 0 8 8 14 4 11 8 2 2 8 3 4 0 11 2 2 11 4 1 3 0 11 14
split_gain=131.474 17.5964 17.0911 14.3438 7.81212 6.33621 7.68098 4.43294 5.06748 4.12744 3.64393 3.51825 3.00652 3.47905 2.76537 5.63486 2.71775 3.0454 2.87979 2.68502 2.76563 2.55053 2.22174 2.17438 1.92387 2.57508 1.91631 1.90901 1.8919 1.78936
threshold=0.48293436127605976 1.0000000180025095e-35 0.96085896151607897 20.500000000000004 3.5000000000000004 7.5000000000000009 1.0000000180025095e-35 17.500000000000004 1.5000000000000002 1.5000000000000002 0.45677519373947462 2.5000000000000004 0.18086263190811178 1.0000000180025095e-35 7.5000000000000009 2.5000000000000004 1.0000000180025095e-35 1.0000000180025095e-35 1.0000000180025095e-35 19.500000000000004 2.3319015350661836 9.5000000000000018 17.500000000000004 1.8389232171010292 1.0000000180025095e-35 1.5000000000000002 1.0000000180025095e-35 13.500000000000002 0.2890576380407171 1.7560480992863496
decision_type=2 2 2 2 2 2 2 2 2 2 2 2 2 2 2 2 2 2 2 2 2 2 2 2 2 2 2 2 2 2
left_child=5 2 10 4 7 -1 12 9 19 16 -2 -6 -7 22 15 -13 17 18 -4 24 -21 -16 -14 -23 25 -9 -8 -19 -28 -5
right_child=1 -3 3 29 11 6 26 8 -10 -11 -12 14 13 -15 21 -17 -18 27 -20 20 -22 23 -24 -25 -26 -27 28 -29 -30 -31
leaf_value=-0.022401650253435431 -0.013332101238389158 -0.020064767479650341 0.018768289573249115 -0.011666184457907193 0.0075987508980758806 -0.0044538879395160545 -0.019486098200809366 0.10133461974166991 0.001593567509367892 0.0069985761016950476 -0.0072100117984844492 -0.017122289042540637 0.0023342740547115338 -0.0016281932058232512 -0.017406896229662721 0.0070324425202248318 -0.0050883012647616544 0.028900034836661405 -0.0080122128439316567 0.019498028204658978 -0.0027500919249525825 -0.0079650436249613481 0.013191310342638572 -0.0020885108564539603 0.018249776150006048 0.055431328099140101 -0.011095564267563857 0.0085697936953541051 -0.0059220594308045044 -0.0068924066458095892
leaf_weight=30988 2667 4097 460 2738 2427 741 4480 110 2317 5706 8657 1543 188 813 1435 3341 3791 379 1368 553 623 1415 180 4707 1989 221 3156 930 1952 3151
leaf_count=30988 2667 4097 460 2738 2427 741 4480 110 2317 5706 8657 1543 188 813 1435 3341 3791 379 1368 553 623 1415 180 4707 1989 221 3156 930 1952 3151
internal_value=-0.00248257 -0.000859955 -0.000604419 -0.000110194 0.000291909 -0.00456822 -0.00356647 0.000979291 0.00212197 0.000453537 -0.00231544 -0.000560937 -0.000681583 0.000884842 -0.000900652 2.66163e-05 -0.000366629 0.000722026 -0.000596281 0.0033238 0.00137755 -0.00149994 0.00491848 -0.00105521 0.00431034 0.00783988 -0.00414477 0.00256302 -0.00348277 -0.00238496
internal_weight=97123 54625 50528 39204 33315 42498 11510 18447 5813 12634 11324 14868 1922 1181 12441 4884 6928 3137 1828 3496 1176 7557 368 6122 2320 331 9588 1309 5108 5889
internal_count=97123 54625 50528 39204 33315 42498 11510 18447 5813 12634 11324 14868 1922 1181 12441 4884 6928 3137 1828 3496 1176 7557 368 6122 2320 331 9588 1309 5108 5889
is_linear=0
shrinkage=0.05


Tree=46
num_leaves=31
num_cat=0
split_feature=12 12 6 4 12 4 6 14 8 1 12 4 2 2 2 11 8 8 1 11 12 7 12 8 14 2 0 0 8 0
split_gain=145.66 17.8389 10.3114 8.11355 5.86773 11.8231 5.03221 4.9518 4.50089 4.10404 3.12261 2.54217 2.46429 2.28062 2.15884 2.54479 1.90159 1.85702 1.84092 1.78671 1.78205 1.49437 1.49158 1.48502 1.43871 1.42698 1.40893 1.92551 1.79264 2.58783
threshold=0.55415891551107666 1.6606061988069836 1.0000000180025095e-35 1.0000000180025095e-35 0.21195280718300627 1.0000000180025095e-35 1.0000000180025095e-35 1.0428862247689232 1.0000000180025095e-35 3.5000000000000004 1.127708237104577 2.5000000000000004 3.5000000000000004 5.5000000000000009 13.500000000000002 0.83922503212625343 1.0000000180025095e-35 1.0000000180025095e-35 3.5000000000000004 0.5437274715988184 2.9483121465240987 1.0000000180025095e-35 2.5525349097281964 1.5000000000000002 0.59995196162031739 17.500000000000004 8.5000000000000018 17.500000000000004 2.5000000000000004 19.500000000000004
decision_type=2 2 2 2 2 2 2 2 2 2 2 2 2 2 2 2 2 2 2 2 2 2 2 2 2 2 2 2 2 2
left_child=4 3 7 16 -1 8 10 25 -6 12 13 22 -9 17 -14 -16 -2 19 23 -5 -4 26 -11 -12 -25 -3 -13 -28 29 -29
right_child=1 2 20 6 5 -7 -8 9 -10 11 18 21 14 -15 15 -17 -18 -19 -20 -21 -22 -23 -24 24 -26 -27 27 28 -30 -31
leaf_value=-0.020424262787382699 0.012510468437476024 -0.014437539670429454 -0.016975266573026098 -0.0096107170465475501 0.0063662098609154234 -0.012282935193991599 -0.028224853695271435 0.017637356692228802 -0.0024648134456829365 0.004820835760956127 -0.0048238017486446818 0.015691058526679614 0.0010617645639584214 -0.0092727691520898409 -0.007408121902215555 0.011224748311338508 -0.00048816477383719584 -0.0069819129650881681 -0.0083401082760317796 0.012234134588570322 -0.0043158506695072712 0.013117370937338772 0.041145813533023483 -0.019793771712002105 0.0024566907843672336 -0.0021093676070586503 -0.0066953318527983308 0.0099032823584277244 -0.0088487592679860269 -0.0063133410521856326
leaf_weight=32948 652 1377 1662 140 404 9145 1616 1419 1113 1030 3329 273 6253 6022 461 6489 3008 2478 4627 269 544 461 525 111 1746 671 4429 1615 929 1113
leaf_count=32948 652 1377 1662 140 404 9145 1616 1419 1113 1030 3329 273 6253 6022 461 6489 3008 2478 4627 269 544 461 525 111 1746 671 4429 1615 929 1113
internal_value=-0.00246074 -0.000706024 0.000122901 -0.00171639 -0.0046033 -0.00358376 -0.0021064 0.000391014 0.000504284 0.000584669 -0.00187534 -0.000175905 0.00112433 -0.00255304 0.000911534 0.00151798 0.000450818 -0.00139765 -0.00126006 0.00172372 -0.0031641 -0.000504536 0.0016881 -0.000613191 0.000519654 -0.00197266 -0.000657376 -0.000776652 7.24626e-05 0.000718474
internal_weight=96859 53249 29251 23998 43610 10662 20338 27045 1517 24997 18722 10375 14622 8909 13203 6950 3660 2887 9813 409 2206 8820 1555 5186 1857 2048 8359 8086 3657 2728
internal_count=96859 53249 29251 23998 43610 10662 20338 27045 1517 24997 18722 10375 14622 8909 13203 6950 3660 2887 9813 409 2206 8820 1555 5186 1857 2048 8359 8086 3657 2728
is_linear=0
shrinkage=0.05


Tree=47
num_leaves=31
num_cat=0
split_feature=12 12 6 4 3 12 4 14 4 3 8 8 8 2 3 8 11 8 14 0 8 8 0 12 4 0 0 8 0 8
split_gain=146.634 18.6881 10.9239 7.90018 8.63041 5.58035 7.15038 5.57864 3.60553 4.41683 3.58189 3.06866 2.98802 2.78699 2.74226 2.60314 2.25197 2.24271 2.2255 2.21129 3.77893 2.64969 2.10204 2.32827 2.94263 2.06337 1.8858 1.83179 1.69451 1.65527
threshold=0.52066231261145879 1.6093500536482601 1.0000000180025095e-35 1.0000000180025095e-35 1.0000000180025095e-35 0.25370637152879755 1.0000000180025095e-35 1.0428862247689232 1.0000000180025095e-35 1.0000000180025095e-35 1.0000000180025095e-35 2.5000000000000004 1.5000000000000002 20.500000000000004 1.0000000180025095e-35 1.0000000180025095e-35 0.98350715881239925 1.0000000180025095e-35 1.6952142143795002 17.500000000000004 1.5000000000000002 2.5000000000000004 19.500000000000004 2.1257748730304864 5.5000000000000009 13.500000000000002 18.500000000000004 1.0000000180025095e-35 21.500000000000004 1.0000000180025095e-35
decision_type=2 2 2 2 2 2 2 2 2 2 2 2 2 2 2 2 2 2 2 2 2 2 2 2 2 2 2 2 2 2
left_child=5 3 7 27 13 -1 15 -3 11 19 16 -9 -12 -5 -8 -7 -11 -16 -6 20 -10 22 23 24 -21 -14 -23 -2 -20 -24
right_child=1 2 -4 4 18 6 14 8 9 10 12 -13 25 -15 17 -17 -18 -19 28 21 -22 26 29 -25 -26 -27 -28 -29 -30 -31
leaf_value=-0.017980355053584869 0.011884945138086519 -0.010277321552058277 -0.012216387072584161 -0.0080317918807341297 -0.0049754455554440183 0.0062270654591592882 -0.016612919819445762 0.028614066784998206 -0.0091943444383430929 -0.0064194785531745723 -0.0042723867533564592 0.003845814101595766 0.016630771756662343 -0.018590226588591673 -0.00056926722080981958 -0.0020685955365655367 0.021402673416488008 -0.0082875694986921239 0.0062794718443633301 0.0091404175586174089 0.00081700684469363156 0.0024428327722486615 -0.013655092709336 0.0092755270597080375 0.028652195943435751 0.0016847709180637009 -0.011339868032855218 -0.00051404197670040341 -0.0073692453010587786 0.0039040079235813292
leaf_weight=35136 622 2244 2307 7847 6435 302 3765 2218 3508 329 2686 1427 1789 3660 670 820 2767 2046 1539 102 3753 634 555 1856 43 2489 788 2973 490 935
leaf_count=35136 622 2244 2307 7847 6435 302 3765 2218 3508 329 2686 1427 1789 3660 670 820 2767 2046 1539 102 3753 634 555 1856 43 2489 788 2973 490 935
internal_value=-0.00242234 -0.000690423 0.000128162 -0.00174743 -0.00213585 -0.00461043 -0.00338222 0.000399494 0.000606862 0.000367904 0.00114314 0.00206447 0.000514071 -0.00302729 -0.00402021 0.000303029 0.00255814 -0.00280928 -0.000923914 -0.000272714 -0.000827022 0.000546508 0.0012876 0.00234633 0.00844827 0.00133473 -0.00127286 0.000410291 0.000519959 -0.000134229
internal_weight=96735 53996 30430 23566 19971 42739 7603 28123 25879 22234 10060 3645 6964 11507 6481 1122 3096 2716 8464 12174 7261 4913 3491 2001 145 4278 1422 3595 2029 1490
internal_count=96735 53996 30430 23566 19971 42739 7603 28123 25879 22234 10060 3645 6964 11507 6481 1122 3096 2716 8464 12174 7261 4913 3491 2001 145 4278 1422 3595 2029 1490
is_linear=0
shrinkage=0.05


Tree=48
num_leaves=31
num_cat=0
split_feature=12 12 6 4 3 14 12 4 0 0 0 8 14 12 2 8 12 1 2 0 0 3 14 2 1 12 0 12 8 12
split_gain=142.064 16.1466 9.81296 7.11434 7.70903 5.68192 5.03884 11.1482 3.03946 7.43525 6.06659 5.40508 3.56739 3.11125 2.92967 2.60187 2.25945 2.13507 2.06738 2.05767 1.93776 1.85693 1.85739 1.83188 2.85252 1.77131 1.76399 1.98739 2.59998 1.74162
threshold=0.52066231261145879 1.4946896374400966 1.0000000180025095e-35 1.5000000000000002 1.0000000180025095e-35 1.0428862247689232 0.20017889409664549 1.0000000180025095e-35 17.500000000000004 19.500000000000004 13.500000000000002 1.0000000180025095e-35 2.122017345078635 2.4783214366956514 3.5000000000000004 1.0000000180025095e-35 1.6437705664233684 3.5000000000000004 20.500000000000004 16.500000000000004 8.5000000000000018 1.0000000180025095e-35 1.8316268875488217 28.500000000000004 1.0000000180025095e-35 1.7941351180353482 14.500000000000002 2.0060500418386558 1.0000000180025095e-35 2.7173423855593684
decision_type=2 2 2 2 2 2 2 2 2 2 2 2 2 2 2 2 2 2 2 2 2 2 2 2 2 2 2 2 2 2
left_child=6 3 5 -2 18 -3 -1 15 10 11 12 13 20 -10 -6 -8 -13 19 -5 26 -7 -9 -23 24 -16 -21 27 28 -12 -4
right_child=1 2 29 4 14 8 7 21 9 -11 17 16 -14 -15 23 -17 -18 -19 -20 25 -22 22 -24 -25 -26 -27 -28 -29 -30 -31
leaf_value=-0.0190937861154949 0.00050489597473085267 -0.0090094174630499738 -0.016738980188841769 -0.0079645781189666941 -0.0085099436928271471 0.016525055478853065 0.005076005582714524 -0.016148210778344003 0.08748076832434705 -0.0031005152387586811 0.084500546100284415 0.030554641546299846 0.023731630850855553 0.029939050532582563 -0.01197859122195985 -0.0014631042790305205 0.0046441425552214369 -0.0099887884063395212 -0.017833441375976044 0.018508717667049156 0.0019329414476265195 -0.0078493965998918426 0.0035103101413733067 -0.0057918776991586094 0.0033339816967176365 0.0035019591399735373 -0.014045559179826354 -0.0036783725632037398 0.007408449464415854 -0.0047041024201513112
leaf_weight=31963 3687 2873 1729 6466 2987 779 415 5358 69 4088 53 142 704 2069 369 1104 4769 3331 3238 222 7172 3728 95 1782 2322 1690 1737 800 254 769
leaf_count=31963 3687 2873 1729 6466 2987 779 415 5358 69 4088 53 142 704 2069 369 1104 4769 3331 3238 222 7172 3728 95 1782 2322 1690 1737 800 254 769
internal_value=-0.00244998 -0.000748693 -6.46628e-05 -0.00183948 -0.00226754 0.00018015 -0.00460739 -0.00366823 0.000398327 0.00103843 -2.7477e-05 0.00202227 0.000892546 0.00412067 -0.00105898 0.000299538 0.00110873 -0.00101212 -0.00319662 -0.000332213 0.000590491 -0.00432469 -0.00348287 -0.000249275 0.000574135 0.000936191 -0.00118495 0.000374886 0.00379479 -0.00307846
internal_weight=96764 54101 33250 20851 17164 30752 42663 10700 27879 11137 16742 7049 8655 2138 7460 1519 4911 8087 9704 4756 7951 9181 3823 4473 2691 1912 2844 1107 307 2498
internal_count=96764 54101 33250 20851 17164 30752 42663 10700 27879 11137 16742 7049 8655 2138 7460 1519 4911 8087 9704 4756 7951 9181 3823 4473 2691 1912 2844 1107 307 2498
is_linear=0
shrinkage=0.05


Tree=49
num_leaves=31
num_cat=0
split_feature=12 6 12 12 4 4 3 1 12 3 2 1 1 1 8 12 8 4 2 8 13 8 11 11 3 8 4 2 8 0
split_gain=142.26 14.5614 12.7397 6.9873 9.95722 5.5464 4.77067 3.40946 3.0807 2.93376 2.77736 3.27961 2.84156 3.31658 3.13813 2.57352 2.5569 2.21248 1.85698 1.74256 1.64513 1.62085 1.87168 1.58154 1.96352 2.4973 2.49363 1.92061 1.51672 1.49586
threshold=0.57193571077305461 1.0000000180025095e-35 1.8597649084503747 0.21195280718300627 1.0000000180025095e-35 1.0000000180025095e-35 1.0000000180025095e-35 3.5000000000000004 1.2880618422925456 1.0000000180025095e-35 2.5000000000000004 3.5000000000000004 5.5000000000000009 4.5000000000000009 1.0000000180025095e-35 3.084457104000434 1.0000000180025095e-35 2.5000000000000004 17.500000000000004 1.0000000180025095e-35 1.4713760589886473 1.0000000180025095e-35 0.2890576380407171 0.83922503212625343 1.0000000180025095e-35 1.0000000180025095e-35 5.5000000000000009 19.500000000000004 1.5000000000000002 21.500000000000004
decision_type=2 2 2 2 2 2 2 2 2 2 2 2 2 2 2 2 2 2 2 2 2 2 2 2 2 2 2 2 2 2
left_child=3 2 5 -1 16 18 8 23 -7 -6 11 -8 13 29 -15 -3 -5 -9 -2 -10 -19 22 -11 -4 26 -26 27 -25 -20 -12
right_child=1 15 7 4 9 6 10 17 19 21 12 -13 -14 14 -16 -17 -18 20 28 -21 -22 -23 -24 24 25 -27 -28 -29 -30 -31
leaf_value=-0.017526338587335304 -0.0033500344088784845 -0.018064122529768255 -0.01184176111697869 0.0046160047454162642 -0.014904115944197827 -0.0083296790039010943 -0.00080549745484884627 0.014492671987696347 -0.015000524898356292 -0.0067540771214241735 -0.00019784826141686258 -0.019000842289887084 -0.012271543283600582 0.023693479875548998 0.0043738201358458654 -0.0024914228445064787 -0.0014518950977359998 -0.0074699485365409841 0.014414320016689575 -0.0035574859016379622 -0.00043828058513935785 -0.0075796886392723063 0.0019702559934156325 0.0067399124587859327 0.022225956333449426 0.006993190724960097 -0.0011828153309897272 0.038398947715114838 -0.00081568270264040894 -0.011497623331352562
leaf_weight=32777 2098 3334 359 410 5515 6232 1266 1286 1137 711 4830 1391 1131 221 749 467 1146 3263 1345 4599 4869 2841 415 2562 1741 3698 4648 563 843 471
leaf_count=32777 2098 3334 359 410 5515 6232 1266 1286 1137 711 4830 1391 1131 221 749 467 1146 3263 1345 4599 4869 2841 415 2562 1741 3698 4648 563 843 471
internal_value=-0.00241637 -0.000676328 -0.000446433 -0.00452528 -0.00343722 -0.0011977 -0.00151791 0.000413457 -0.00219251 -0.00404556 -0.000715281 -0.002102 -0.00021751 0.000198532 0.0028866 -0.00365825 0.000269922 -0.000317478 0.000447969 -0.00135635 -0.000622234 -0.00300857 -0.0014032 0.000920712 0.00100969 0.00173837 0.000499806 0.001592 0.00146709 -0.000293342
internal_weight=96918 53103 49302 43815 11038 26313 22027 22989 11968 9482 10059 2657 7402 6271 970 3801 1556 9418 4286 5736 8132 3967 1126 13571 13212 5439 7773 3125 2188 5301
internal_count=96918 53103 49302 43815 11038 26313 22027 22989 11968 9482 10059 2657 7402 6271 970 3801 1556 9418 4286 5736 8132 3967 1126 13571 13212 5439 7773 3125 2188 5301
is_linear=0
shrinkage=0.05


Tree=50
num_leaves=31
num_cat=0
split_feature=12 12 6 4 3 12 4 14 3 2 4 2 14 2 8 12 12 11 8 4 12 1 8 11 4 0 1 11 0 11
split_gain=139.929 15.0213 8.88381 6.57657 6.68081 5.513 6.59409 4.17266 3.01913 2.79273 4.47917 2.63171 2.14097 2.04627 2.02914 1.87669 1.80199 1.85872 1.7366 1.60023 5.27868 3.40379 3.81818 1.44708 1.41977 1.3948 1.36986 1.34131 1.3041 1.2997
threshold=0.52066231261145879 1.6093500536482601 1.0000000180025095e-35 1.5000000000000002 1.0000000180025095e-35 0.25370637152879755 1.0000000180025095e-35 1.2648265340737657 1.0000000180025095e-35 10.500000000000002 5.5000000000000009 20.500000000000004 1.6952142143795002 16.500000000000004 1.0000000180025095e-35 1.127708237104577 3.0336481365421735 2.3319015350661836 1.0000000180025095e-35 1.0000000180025095e-35 0.15853286013538914 1.5000000000000002 1.0000000180025095e-35 1.4524321949659302 1.0000000180025095e-35 22.500000000000004 3.5000000000000004 4.7289472569738589 21.500000000000004 1.8996832512456356
decision_type=2 2 2 2 2 2 2 2 2 2 2 2 2 2 2 2 2 2 2 2 2 2 2 2 2 2 2 2 2 2
left_child=5 3 7 13 11 19 18 24 -8 10 -9 15 -6 -2 25 -5 17 23 -7 20 -1 22 -22 -11 -3 26 -10 -18 -14 -12
right_child=1 2 -4 4 12 6 8 9 14 16 29 -13 28 -15 -16 -17 27 -19 -20 -21 21 -23 -24 -25 -26 -27 -28 -29 -30 -31
leaf_value=-0.012761543146743871 -0.0059556486287337005 0.0066259630235863303 -0.010889053409714439 -0.0085093927425006037 -0.0051814662370268686 0.005093180530491714 -0.0141325053195103 -0.0099550595092512892 0.0043919307105047883 0.00093439068469011299 -0.0022429298653641942 -0.016357568932584363 0.0050854137516389702 0.0033442630398162949 -0.007055332100497233 -0.0052743158475654778 0.024498261541342981 -0.0010933502108625825 -0.0012869909918945862 -0.017091833455298407 0.007802182109979839 -0.0015263477577208029 0.00044342262692545655 0.011187104609787059 -0.0059560604695292766 -0.011016452521567549 -0.0040702933130228897 0.0022737897100988248 -0.0074956509748102381 0.0046067735383604333
leaf_weight=4189 1566 772 2321 3720 6392 294 3781 2053 314 2027 2563 3692 1525 2559 1992 3571 1965 3218 820 29997 55 717 101 3109 4508 127 227 904 478 6943
leaf_count=4189 1566 772 2321 3720 6392 294 3781 2053 314 2027 2563 3692 1525 2559 1992 3571 1965 3218 820 29997 55 717 101 3109 4508 127 227 904 478 6943
internal_value=-0.00242953 -0.000736371 -2.14055e-06 -0.00168553 -0.00207142 -0.00457056 -0.00334547 0.000243745 -0.00395979 0.000537265 -8.2199e-06 -0.00288309 -0.00100953 0.000127272 -0.00266917 -0.00233233 0.00109908 0.000727794 0.000206462 -0.00483457 -0.00401225 -0.000475373 0.00621795 0.00131815 -0.00102273 -0.000284432 0.00082255 0.0021802 0.000416873 0.000449189
internal_weight=96500 53886 30383 23503 19378 42614 7555 28062 6441 22782 11559 10983 8395 4125 2660 7291 11223 8354 1114 35059 5062 873 156 5136 5280 668 541 2869 2003 9506
internal_count=96500 53886 30383 23503 19378 42614 7555 28062 6441 22782 11559 10983 8395 4125 2660 7291 11223 8354 1114 35059 5062 873 156 5136 5280 668 541 2869 2003 9506
is_linear=0
shrinkage=0.05


Tree=51
num_leaves=31
num_cat=0
split_feature=12 6 12 12 4 13 4 3 1 7 0 3 8 0 0 0 8 12 14 8 12 8 1 11 12 14 12 8 12 0
split_gain=139.19 13.7484 11.0402 6.30789 12.5097 4.8122 4.44489 5.17387 3.75307 3.36937 3.41071 2.90916 2.81547 2.69692 4.92013 4.32656 3.30251 2.39498 2.32836 2.26703 2.06866 1.92887 2.0616 1.8606 2.90011 1.73503 1.70288 1.68169 1.59664 1.55121
threshold=0.52066231261145879 1.0000000180025095e-35 1.4306309953909928 0.16296266310720589 1.0000000180025095e-35 0.93809801806673188 1.5000000000000002 1.0000000180025095e-35 1.5000000000000002 1.0000000180025095e-35 13.500000000000002 1.0000000180025095e-35 1.0000000180025095e-35 17.500000000000004 19.500000000000004 13.500000000000002 2.5000000000000004 2.7173423855593684 1.7451389203567496 1.0000000180025095e-35 2.5788027413837171 1.0000000180025095e-35 3.5000000000000004 0.37429226967300683 1.2094716214639416 2.6779668097023817 1.9680945314899818 1.0000000180025095e-35 1.9680945314899818 16.500000000000004
decision_type=2 2 2 2 2 2 2 2 2 2 2 2 2 2 2 2 2 2 2 2 2 2 2 2 2 2 2 2 2 2
left_child=3 2 6 -1 8 -4 -2 -8 19 13 -11 -6 23 15 16 -7 20 -3 -13 -5 21 -15 26 -9 -25 29 -23 -10 -18 -17
right_child=1 17 5 4 11 9 7 12 27 10 -12 18 -14 14 -16 25 28 -19 -20 -21 -22 22 -24 24 -26 -27 -28 -29 -30 -31
leaf_value=-0.019011571051782573 0.0004960032930864625 -0.018823862573692476 -0.007191560829241838 0.0077835386903358332 -0.014224155689107027 0.0027876250318627257 -0.0081307544185546619 -0.010313469954095407 0.0016039740206593646 0.030976070473147661 0.0057300689600561627 -0.0068200664980530195 -0.0042273682822782993 0.052418939162366542 -0.0029653224175624116 -0.01154999622110796 0.0083053830670167111 -0.0036589055538872699 0.004776631592620032 0.0022960006851541577 0.01218082309822468 0.042520580884468348 0.0053296379240577989 0.01056570042009166 -0.0032562171772180532 0.016713742250853619 0.0207612526583917 -0.0028952630447117381 -0.0030668611789572606 -0.0021917096159910512
leaf_weight=29057 3468 3133 3592 106 6899 8404 7774 198 487 502 977 4767 5783 101 4184 4445 600 780 135 206 3147 41 565 532 399 374 451 1143 1760 2957
leaf_count=29057 3468 3133 3592 106 6899 8404 7774 198 487 502 977 4767 5783 101 4184 4445 600 780 135 206 3147 41 565 532 399 374 451 1143 1760 2957
internal_value=-0.00239809 -0.000714181 -0.000491902 -0.00452921 -0.00364658 6.54194e-05 -0.00147736 -0.00185755 7.20894e-05 0.000282726 0.00260649 -0.00425854 -0.00086227 0.000155572 0.000765507 -0.0002534 0.00160915 -0.00356887 -0.00332721 0.00509615 0.00243322 0.00424007 0.00360927 0.00142161 0.00235768 -0.0011034 0.00597561 -0.000889572 0.000105931 -0.00127128
internal_weight=96967 54167 50254 42800 13743 32100 18154 14686 1942 28508 1479 11801 6912 27029 10849 16180 6665 3913 4902 312 4305 1158 1057 1129 931 7776 492 1630 2360 7402
internal_count=96967 54167 50254 42800 13743 32100 18154 14686 1942 28508 1479 11801 6912 27029 10849 16180 6665 3913 4902 312 4305 1158 1057 1129 931 7776 492 1630 2360 7402
is_linear=0
shrinkage=0.05


Tree=52
num_leaves=31
num_cat=0
split_feature=12 6 12 12 4 4 1 4 3 8 3 2 1 3 8 11 12 1 2 12 8 11 13 8 12 8 8 11 0 0
split_gain=140.617 15.0652 9.54368 6.00301 10.454 4.11161 4.27276 4.09311 4.39637 2.86207 2.55173 2.39826 2.32759 2.32477 2.77948 2.96253 2.01586 1.87446 2.36294 1.66386 1.5686 1.56028 1.5034 1.48973 1.41752 1.86652 1.38782 1.37977 1.33734 2.2122
threshold=0.52066231261145879 1.0000000180025095e-35 1.6093500536482601 0.17605792936502632 1.0000000180025095e-35 1.0000000180025095e-35 3.5000000000000004 1.5000000000000002 1.0000000180025095e-35 1.0000000180025095e-35 1.0000000180025095e-35 3.5000000000000004 1.5000000000000002 1.0000000180025095e-35 1.0000000180025095e-35 1.6329516957319232 1.127708237104577 4.5000000000000009 1.5000000000000002 2.9483121465240987 1.5000000000000002 0.90344834611076996 0.93809801806673188 1.0000000180025095e-35 0.3066224417723053 1.0000000180025095e-35 1.5000000000000002 1.399922176487203 17.500000000000004 19.500000000000004
decision_type=2 2 2 2 2 2 2 2 2 2 2 2 2 2 2 2 2 2 2 2 2 2 2 2 2 2 2 2 2 2
left_child=3 2 7 -1 12 9 13 23 16 27 -6 17 -5 22 15 -15 -9 18 -10 -3 -16 -22 -7 -2 -12 -26 -14 -4 -8 -30
right_child=1 19 5 4 10 6 28 8 11 -11 24 -13 26 14 20 -17 -18 -19 -20 -21 21 -23 -24 -25 25 -27 -28 -29 29 -31
leaf_value=-0.017026228903073436 0.0094976205238315459 -0.016803796425281639 -0.0031356142322597476 0.0035426136815848602 -0.013413932735945376 -0.0080603411527197539 -0.0056353634747484159 -0.0082625027170457593 -0.010544803558310079 0.0075213488995740574 -0.007239972120560087 -0.00016561923812239253 0.00092564904831469422 0.0019277065795310255 -0.0034285983604416775 0.030329886757594172 -0.005582073676093818 -0.015947391402361743 0.0017748865510961902 -0.0041143578319287263 -0.0093143070327012037 0.0089350701369245045 9.5231940098979833e-05 -0.0010888985115638334 0.00037903925725386585 -0.0061088778712823305 -0.0031942043019498136 0.040869022205059002 0.0034849245075452445 -0.0085048425274871827
leaf_weight=30150 734 3352 183 278 6290 597 6316 4812 1157 2810 2486 5169 734 877 1898 1164 4644 1017 1210 560 283 2717 6484 3409 478 1510 736 1037 2600 1296
leaf_count=30150 734 3352 183 278 6290 597 6316 4812 1157 2810 2486 5169 734 877 1898 1164 4644 1017 1210 560 283 2717 6484 3409 478 1510 736 1037 2600 1296
internal_value=-0.00238164 -0.000694512 -0.000462571 -0.00453003 -0.00360934 0.000146485 -9.94565e-05 -0.00123962 -0.00156561 0.00162531 -0.00419175 -0.000744185 -2.28845e-05 0.000467189 0.0011176 0.00266781 -0.00230859 -0.00177896 -0.00100761 -0.00368354 0.00047162 0.00118333 -0.000170175 0.000177406 -0.00327895 -0.0022837 -0.000816328 0.00364754 -0.0008774 -0.000148872
internal_weight=96988 54326 50414 42662 12512 28262 24232 22152 18009 4030 10764 8553 1748 14020 6939 2041 9456 3384 2367 3912 4898 3000 7081 4143 4474 1988 1470 1220 10212 3896
internal_count=96988 54326 50414 42662 12512 28262 24232 22152 18009 4030 10764 8553 1748 14020 6939 2041 9456 3384 2367 3912 4898 3000 7081 4143 4474 1988 1470 1220 10212 3896
is_linear=0
shrinkage=0.05


Tree=53
num_leaves=31
num_cat=0
split_feature=12 6 12 0 4 4 13 3 1 3 12 8 1 2 12 0 4 2 0 13 8 7 2 2 2 2 1 2 1 11
split_gain=139.153 13.6434 9.40449 6.5682 10.219 4.26558 4.145 3.62966 3.28455 3.06272 2.6328 2.53718 2.86126 2.36454 2.18558 1.88183 1.83113 1.77362 1.59279 1.59067 1.58348 1.57941 1.52157 1.4974 2.63091 2.17361 1.72812 1.38719 1.66246 1.78983
threshold=0.52066231261145879 1.0000000180025095e-35 1.4000859301482402 7.5000000000000009 1.0000000180025095e-35 1.5000000000000002 0.91389173186698114 1.0000000180025095e-35 3.5000000000000004 1.0000000180025095e-35 0.25370637152879755 1.0000000180025095e-35 1.5000000000000002 3.5000000000000004 2.7173423855593684 8.5000000000000018 2.5000000000000004 17.500000000000004 9.5000000000000018 0.10235859600511218 2.5000000000000004 1.0000000180025095e-35 3.5000000000000004 2.5000000000000004 7.5000000000000009 9.5000000000000018 5.5000000000000009 7.5000000000000009 1.5000000000000002 1.9695313138527692
decision_type=2 2 2 2 2 2 2 2 2 2 2 2 2 2 2 2 2 2 2 2 2 2 2 2 2 2 2 2 2 2
left_child=3 2 5 -1 11 17 -4 -7 15 -6 -11 12 18 -9 -3 -8 20 -2 -5 -14 -10 23 -17 -18 26 -26 -25 28 29 -24
right_child=1 14 6 4 9 7 8 13 16 10 -12 -13 19 -15 -16 22 21 -19 -20 -21 -22 -23 27 24 25 -27 -28 -29 -30 -31
leaf_value=-0.01581104414754685 -0.0032188343206928463 -0.016954558365055057 -0.0071223819844052159 0.0024079926442345848 -0.013427720924427101 -0.0072934281108248998 0.019531307273637277 -0.0068114473862481793 0.01805162662281682 -0.006919256572747755 -0.0034024297930790454 -0.0025205692571320286 -0.0039014707287852585 -0.00025944892587147504 -0.003021618698095948 0.013785156905615856 -0.015876645594409124 0.00536479762648973 0.0096273011643367538 0.0018977430871208673 -0.0052930752670790372 0.011337056085550039 -0.0097889210217153404 0.010297188953221501 -0.015437998076719498 -0.0024114722175829972 -0.00096834352519273954 0.0044432063288835106 -0.008463468461493949 0.0068712264123092989
leaf_weight=31086 1823 3144 3430 55 5653 7485 436 2645 1131 1978 2094 1012 164 4005 775 1643 1314 1470 79 477 747 516 756 979 1123 4953 1673 10159 1567 2299
leaf_count=31086 1823 3144 3430 55 5653 7485 436 2645 1131 1978 2094 1012 164 4005 775 1643 1314 1470 79 477 747 516 756 979 1123 4953 1673 10159 1567 2299
internal_value=-0.00234978 -0.000666045 -0.000444034 -0.00448707 -0.00346682 -0.00138226 5.56121e-05 -0.00175982 0.000248156 -0.0041054 -0.00305992 8.39276e-06 0.00216129 -0.000909776 -0.00350727 0.000702846 -0.000368287 0.000238383 0.00880597 0.00077223 0.00107029 -0.000624172 0.000616779 -0.000762797 -0.000525895 -0.00109941 0.000788083 0.000456328 -0.000261793 0.000417347
internal_weight=96671 54073 50154 42598 11512 17428 32726 14135 29296 9725 4072 1787 775 6650 3919 16860 12436 3293 134 641 1878 10558 16424 10042 8728 6076 2652 14781 4622 3055
internal_count=96671 54073 50154 42598 11512 17428 32726 14135 29296 9725 4072 1787 775 6650 3919 16860 12436 3293 134 641 1878 10558 16424 10042 8728 6076 2652 14781 4622 3055
is_linear=0
shrinkage=0.05


Tree=54
num_leaves=31
num_cat=0
split_feature=12 6 12 12 4 4 14 1 1 12 4 12 0 0 0 14 14 12 0 2 0 8 8 12 8 2 2 12 2 8
split_gain=138.274 11.6011 9.05545 6.82015 13.7774 4.71276 3.70565 3.48465 3.41629 2.58958 2.53357 2.25539 2.24785 4.17828 2.20031 1.98877 1.81076 1.74072 1.66809 1.62392 1.62189 2.18329 1.75764 2.35244 1.49375 1.44473 1.44206 1.73391 1.3146 1.73344
threshold=0.52066231261145879 1.0000000180025095e-35 1.8597649084503747 0.15414498897030426 1.0000000180025095e-35 1.5000000000000002 1.3234149717375743 5.5000000000000009 1.5000000000000002 1.0934661344549224 1.0000000180025095e-35 2.4783214366956514 13.500000000000002 16.500000000000004 19.500000000000004 0.72009244182909959 2.4906633606924822 3.6242137430533221 21.500000000000004 27.500000000000004 17.500000000000004 3.5000000000000004 2.5000000000000004 2.2314396735834108 1.0000000180025095e-35 17.500000000000004 27.500000000000004 0.34771450359961475 5.5000000000000009 1.0000000180025095e-35
decision_type=2 2 2 2 2 2 2 2 2 2 2 2 2 2 2 2 2 2 2 2 2 2 2 2 2 2 2 2 2 2
left_child=3 2 5 -1 8 25 -4 9 24 28 17 -3 16 -14 19 -11 -12 -8 -17 20 21 -15 23 -22 -5 -2 -6 -28 29 -7
right_child=1 11 6 4 26 7 10 -9 -10 15 12 -13 13 14 -16 18 -18 -19 -20 -21 22 -23 -24 -25 -26 -27 27 -29 -30 -31
leaf_value=-0.017298986265808225 -0.0021638459519784446 -0.016856365080182695 -0.0055431916822192909 0.0065927975570206042 -0.010068697631936541 0.0076838185621510837 0.013216706683830143 -0.011818063707103029 -0.0006630809238558715 -0.010315887475116274 0.0058490393893886796 -0.0041888689540959569 -0.011370459932661447 -0.0085785228766822718 -0.0042285497883352988 -0.0011105391449229979 0.035369406787584344 0.064440581872136346 -0.013642117002820543 0.015253843143828719 0.014193468695771051 0.015459790816607 -0.0017158346118439337 0.0078860883032971976 0.0031904359138663699 0.0060286576235935238 -0.0063360677912946729 -0.00050606987376051527 -0.005950770419731897 -0.0037985371009602274
leaf_weight=28232 2839 2860 4254 114 10655 346 2294 2945 1707 1310 3899 1023 2293 1450 2425 9967 212 273 399 1173 250 130 1568 2686 222 2243 1253 500 5137 2033
leaf_count=28232 2839 2860 4254 114 10655 346 2294 2945 1707 1310 3899 1023 2293 1450 2425 9967 212 273 399 1173 250 130 1568 2686 222 2243 1253 500 5137 2033
internal_value=-0.00234828 -0.00066739 -0.000463433 -0.0044752 -0.00359179 -0.00107995 0.000269131 -0.00139518 0.000212921 -0.00114944 0.000572829 -0.00330028 0.000340046 -6.26424e-06 0.000448253 -0.000683454 0.00134882 0.00203155 -0.000451477 0.000883973 0.000555554 -0.000822786 0.00103908 0.0017609 0.00482143 0.00029319 -0.00421825 -0.00288933 -0.00187334 -0.000901641
internal_weight=96692 54009 50126 42683 14451 27219 22907 22137 2043 19192 18653 3883 16086 11975 9682 11676 4111 2567 10366 7257 6084 1580 4504 2936 336 5082 12408 1753 7516 2379
internal_count=96692 54009 50126 42683 14451 27219 22907 22137 2043 19192 18653 3883 16086 11975 9682 11676 4111 2567 10366 7257 6084 1580 4504 2936 336 5082 12408 1753 7516 2379
is_linear=0
shrinkage=0.05


Tree=55
num_leaves=31
num_cat=0
split_feature=12 6 12 0 4 14 3 1 4 3 12 11 14 2 1 12 4 3 2 2 1 2 12 1 0 11 2 0 0 14
split_gain=140.58 12.5433 7.69896 7.36545 11.5172 3.32449 3.30026 2.97034 2.78324 3.39773 2.67701 2.5529 2.36797 2.34985 2.28969 2.17098 1.90445 2.59577 2.00546 2.93183 2.04474 1.81451 1.46933 1.45255 1.39633 1.38399 2.01524 1.37615 1.58785 1.35017
threshold=0.52066231261145879 1.0000000180025095e-35 1.6093500536482601 6.5000000000000009 1.0000000180025095e-35 1.0683955935720295 1.0000000180025095e-35 1.5000000000000002 1.0000000180025095e-35 1.0000000180025095e-35 0.28214596688078336 2.1663703362806506 0.35208839802829789 4.5000000000000009 1.5000000000000002 2.5278353214516947 2.5000000000000004 1.0000000180025095e-35 3.5000000000000004 4.5000000000000009 4.5000000000000009 1.5000000000000002 3.5351141344718853 4.5000000000000009 21.500000000000004 0.83922503212625343 27.500000000000004 17.500000000000004 13.500000000000002 0.20042166693570657
decision_type=2 2 2 2 2 2 2 2 2 2 2 2 2 2 2 2 2 2 2 2 2 2 2 2 2 2 2 2 2 2
left_child=3 2 7 -1 14 -4 -6 13 22 27 -8 25 -9 -2 -5 -3 -14 23 20 -20 21 -19 -7 -18 -15 -11 -27 28 -10 -12
right_child=1 15 5 4 6 8 10 12 9 11 29 -13 16 24 -16 -17 17 18 19 -21 -22 -23 -24 -25 -26 26 -28 -29 -30 -31
leaf_value=-0.016874179080845049 -0.013777253052047914 -0.016273714324262209 -0.0079344042712999243 0.0032181775337044674 -0.012084566282938743 0.011584282518411922 -0.0060079883574650633 -0.01027250473642391 -0.00043554713977322923 -0.0077473521719232455 -0.0088391417397004953 0.013328417210140886 -0.00042587879795928879 0.0011105098814579619 -0.00089455229498723783 -0.0051433405619778615 -0.0047103634261596141 -0.0093372528877280394 0.0099436569880641413 -0.0051071056297279449 -0.014701981142582143 0.0016423307055459372 0.05407419174434476 -0.010006807646981107 -0.0048905811870073633 -0.0016229947381021168 0.0093672706785918828 0.0011694245935129444 -0.0077848266263626752 -0.0021399780815273464
leaf_weight=27644 455 2879 2529 366 7450 3325 2991 828 3742 565 533 3725 2910 4758 1951 990 3954 1098 778 1388 896 1147 332 3133 698 3422 2263 4899 3353 1715
leaf_count=27644 455 2879 2529 366 7450 3325 2991 828 3742 565 533 3725 2910 4758 1951 990 3954 1098 778 1388 896 1147 332 3133 698 3422 2263 4899 3353 1715
internal_value=-0.0022828 -0.000589732 -0.000378303 -0.00442908 -0.00353725 0.000169596 -0.00412917 -0.00107812 0.000340278 0.000127679 -0.00316759 0.000809523 -0.00142946 -0.00011927 -0.000295642 -0.0033329 -0.00128855 -0.00155882 -0.000722632 0.000447829 -0.00152977 -0.000723832 0.00161744 -0.00218499 0.000168621 0.000191999 0.00042656 -0.000439388 -0.000884427 -0.00186388
internal_weight=96717 54067 50198 42650 15006 28155 12689 22043 25626 21969 5239 9975 16132 5911 2317 3869 15304 12394 5307 2166 3141 2245 3657 7087 5456 6250 5685 11994 7095 2248
internal_count=96717 54067 50198 42650 15006 28155 12689 22043 25626 21969 5239 9975 16132 5911 2317 3869 15304 12394 5307 2166 3141 2245 3657 7087 5456 6250 5685 11994 7095 2248
is_linear=0
shrinkage=0.05


Tree=56
num_leaves=31
num_cat=0
split_feature=12 6 12 4 12 14 3 12 1 4 3 2 8 12 14 4 8 0 2 1 2 2 2 1 14 1 8 14 2 12
split_gain=137.069 11.9213 8.14769 15.5387 7.83416 3.91463 3.09196 3.06728 2.92567 2.68485 3.43558 2.59458 2.51466 2.41178 2.34991 2.07686 2.0177 1.84816 1.64453 2.19074 1.60083 3.34569 2.70068 1.85973 1.73021 1.55177 1.53654 1.52955 1.42639 1.40482
threshold=0.52066231261145879 1.0000000180025095e-35 0.13279959401290262 1.0000000180025095e-35 1.4462720853258568 0.83042774607865388 1.0000000180025095e-35 0.3066224417723053 3.5000000000000004 1.5000000000000002 1.0000000180025095e-35 3.5000000000000004 1.0000000180025095e-35 2.4783214366956514 1.6952142143795002 2.5000000000000004 1.0000000180025095e-35 21.500000000000004 4.5000000000000009 1.5000000000000002 7.5000000000000009 2.5000000000000004 9.5000000000000018 5.5000000000000009 2.620276331773133 1.0000000180025095e-35 1.0000000180025095e-35 1.9871049998731232 3.5000000000000004 3.5351141344718853
decision_type=2 2 2 2 2 2 2 2 2 2 2 2 2 2 2 2 2 2 2 2 2 2 2 2 2 2 2 2 2 2
left_child=2 4 -1 12 9 -6 -5 -8 11 25 -11 29 -4 -3 28 -10 -9 -16 -13 27 21 -17 -22 26 -25 -2 -23 -20 -12 -7
right_child=1 13 3 6 5 8 7 16 15 10 14 18 -14 -15 17 20 -18 -19 19 -21 22 23 -24 24 -26 -27 -28 -29 -30 -31
leaf_value=-0.018232109350965364 0.0077923675079438134 -0.015476814432812944 0.0019187930476929659 -0.011385269621183362 -0.01217160210910692 0.010101478052682761 -0.0061363482770606988 0.00086480117279973947 0.0091374412432669687 -0.0064833878724727487 -0.0068601286729450765 -0.013213072533432766 -0.0011694973812841393 -0.0048856141980548841 0.0082194193682127541 -0.013290282692639944 -0.0049562852445343003 -0.0057937697754175295 0.0026216011635786761 -0.0008144059700695487 -0.01531192374931788 0.028166918624412909 -0.0016707584933705107 -0.0028537920010110063 0.038976637298550609 -0.0013425465408905017 0.0077868111722910124 0.010455758597602057 -0.0020999646437753097 0.063771174054867999
leaf_weight=26355 500 2874 808 8223 1127 1503 3822 505 1947 7946 2327 936 1545 1009 1068 1473 1490 481 5224 6729 1411 343 5303 1643 132 2995 730 2876 3236 186
leaf_count=26355 500 2874 808 8223 1127 1503 3822 505 1947 7946 2327 936 1545 1009 1068 1473 1490 481 5224 6729 1411 343 5303 1643 132 2995 730 2876 3236 186
internal_value=-0.00229294 -0.000618439 -0.00440816 -0.00353291 -0.000411646 6.76413e-05 -0.00416311 -0.0032809 0.000174792 -0.00122703 -0.0015168 0.00059757 0.000227368 -0.00328741 -0.000718505 -0.000393623 -0.00169173 0.00100387 0.000398032 0.000526332 -0.000659267 9.14128e-05 -0.00114239 0.00109199 9.85904e-05 2.1458e-05 0.00273532 0.00108025 -0.0011981 0.00246003
internal_weight=96747 53999 42748 16393 50116 31563 14040 5817 30436 18553 15058 17454 2353 3883 7112 12982 1995 1549 15765 14829 11035 4321 6714 2848 1775 3495 1073 8100 5563 1689
internal_count=96747 53999 42748 16393 50116 31563 14040 5817 30436 18553 15058 17454 2353 3883 7112 12982 1995 1549 15765 14829 11035 4321 6714 2848 1775 3495 1073 8100 5563 1689
is_linear=0
shrinkage=0.05


Tree=57
num_leaves=31
num_cat=0
split_feature=12 6 12 4 12 3 4 1 8 12 8 14 0 0 12 0 14 3 2 1 1 8 0 12 0 12 0 8 0 8
split_gain=137.236 10.4765 8.89726 17.162 7.2818 3.32831 3.13622 3.35732 2.98957 2.98349 2.6535 2.48534 2.9681 4.41972 2.4729 2.23122 2.0953 2.04342 2.92244 4.3677 2.1517 1.96109 1.94291 1.91421 1.88355 2.09168 3.38531 1.76418 1.75615 1.7518
threshold=0.52066231261145879 1.0000000180025095e-35 0.10146836030122026 1.0000000180025095e-35 1.7601746447116684 1.0000000180025095e-35 1.5000000000000002 5.5000000000000009 1.0000000180025095e-35 0.25370637152879755 1.0000000180025095e-35 1.4234017701694244 13.500000000000002 16.500000000000004 1.7432444020016746 20.500000000000004 2.122017345078635 1.0000000180025095e-35 2.5000000000000004 3.5000000000000004 4.5000000000000009 1.5000000000000002 18.500000000000004 1.144642841892302 17.500000000000004 2.3181706551236823 19.500000000000004 1.0000000180025095e-35 22.500000000000004 1.0000000180025095e-35
decision_type=2 2 2 2 2 2 2 2 2 2 2 2 2 2 2 2 2 2 2 2 2 2 2 2 2 2 2 2 2 2
left_child=2 4 -1 8 6 -5 -2 17 -4 -7 28 -6 16 -14 -3 21 -13 23 19 -19 -20 24 -23 -8 -15 -26 -27 -25 -11 -22
right_child=1 14 3 5 11 9 7 -9 -10 10 -12 12 13 15 -16 -17 -18 18 20 -21 29 22 -24 27 25 26 -28 -29 -30 -31
leaf_value=-0.018267613306003509 0.00062874601619218075 -0.017402469441470138 0.0016215546744503574 -0.011188372937086882 -0.0025541275285189497 -0.0058689358400339977 -0.0055674769100090673 -0.01050950867792641 -0.0013002920093627835 0.002189958845725599 -0.0051376706108481329 0.0078101346139088194 -0.010477721480423304 -0.0026336174901655115 -0.0062146552997651497 -0.012920316175037814 0.023157111514303771 0.0012627875645757113 -0.00088816909674538759 -0.014268674054117456 0.019859215909226013 0.0049999922876922641 -0.010148615663834758 -0.012271249035098363 0.013897284264231653 0.013786912512909514 -0.0045538954607041047 -0.0012286840901281609 -0.0093498892814562317 0.0039305683046641469
leaf_weight=24377 4743 1816 1034 9098 6634 3728 4299 2655 1670 566 2023 3443 2861 1261 2078 752 656 1170 5067 1380 205 2047 1346 1006 1103 3440 1422 3917 114 708
leaf_count=24377 4743 1816 1034 9098 6634 3728 4299 2655 1670 566 2023 3443 2861 1261 2078 752 656 1170 5067 1380 205 2047 1346 1006 1103 3440 1422 3917 114 708
internal_value=-0.00224951 -0.000575739 -0.00437104 -0.00353562 -0.000381623 -0.00417574 -0.000982109 -0.00125129 0.000140531 -0.00330509 -0.00204033 0.000223311 0.000523429 0.000181983 -0.00307396 0.000623954 0.00170895 -0.00100327 -0.000445488 -0.00186275 0.000158862 0.000810339 -0.000181257 -0.00151919 0.00127595 0.00164711 0.00120115 -0.00084603 0.000661764 0.00239321
internal_weight=96619 54009 42610 18233 50115 15529 25150 20407 2704 6431 2703 24965 18331 14232 3894 11371 4099 17752 8530 2550 5980 10619 3393 9222 7226 5965 4862 4923 680 913
internal_count=96619 54009 42610 18233 50115 15529 25150 20407 2704 6431 2703 24965 18331 14232 3894 11371 4099 17752 8530 2550 5980 10619 3393 9222 7226 5965 4862 4923 680 913
is_linear=0
shrinkage=0.05


Tree=58
num_leaves=31
num_cat=0
split_feature=12 6 12 5 12 1 3 14 7 0 0 8 14 0 14 12 14 12 1 2 2 5 2 12 8 11 12 14 0 11
split_gain=136.509 10.9513 8.96711 13.0093 6.60964 3.78492 3.62691 2.86025 2.61738 2.5469 3.84345 4.41574 2.29762 2.46731 2.44407 2.22889 2.14489 2.13859 1.88322 1.73682 1.59724 1.50407 1.53698 1.46641 1.86432 1.70984 1.46275 1.45137 1.35416 1.34617
threshold=0.52066231261145879 1.0000000180025095e-35 0.14561919094659626 1.0000000180025095e-35 1.6093500536482601 1.5000000000000002 1.0000000180025095e-35 1.2751611647832297 1.0000000180025095e-35 17.500000000000004 19.500000000000004 1.0000000180025095e-35 2.7609992057429866 13.500000000000002 1.0683955935720295 2.9483121465240987 0.35208839802829789 1.8597649084503747 1.5000000000000002 17.500000000000004 4.5000000000000009 1.0000000180025095e-35 5.5000000000000009 3.1935254887084805 2.5000000000000004 1.1117419506711426 0.27153305017447688 2.0007493300594819 21.500000000000004 3.6627829982867177
decision_type=2 2 2 2 2 2 2 2 2 2 2 2 2 2 2 2 2 2 2 2 2 2 2 2 2 2 2 2 2 2
left_child=2 4 -1 6 5 20 -4 26 9 12 11 15 13 14 19 -11 -7 -3 -5 -6 -2 22 29 24 25 -13 -8 -9 -18 -17
right_child=1 17 3 18 8 16 7 27 -10 10 -12 23 -14 -15 -16 21 28 -19 -20 -21 -22 -23 -24 -25 -26 -27 -28 -29 -30 -31
leaf_value=-0.015277095241418485 -0.0095434724633928006 -0.016307848165091201 -0.010086431347959727 0.0035889462544887022 -0.011156160498654956 -0.0097152974773487121 -0.0055774911270602689 -0.0010930534319088124 0.012360053293320813 0.040368074541630702 -0.0037172448537794085 0.039255514108440609 0.02530411244269444 -0.0068631487434954721 0.002270108286887449 0.017907714612643517 -0.0039318201841584055 -0.0061001021242734627 -0.00044022866353290275 0.003202062879790793 0.00053465298259211145 0.065720570675951495 0.0079755384117322949 -0.0089640003503768991 -0.00125958737499407 0.0066687121950063689 -0.0045611244635702436 0.0066403682611294841 -0.0086120293053943593 0.063251947434677575
leaf_weight=27499 430 2013 7653 360 1430 853 2793 656 1498 264 3508 50 378 6705 7366 292 13444 1895 1827 675 5536 250 1168 443 2203 1870 1861 49 1744 154
leaf_count=27499 430 2013 7653 360 1430 853 2793 656 1498 264 3508 50 378 6705 7366 292 13444 1895 1827 675 5536 250 1168 443 2203 1870 1861 49 1744 154
internal_value=-0.00226171 -0.000595268 -0.00437585 -0.00340121 -0.000397029 -0.00104671 -0.00400092 -0.00300336 0.00010901 -4.85992e-06 0.000616545 0.00131909 -0.000387823 -0.00047787 4.17051e-05 0.00320019 -0.00144661 -0.00314483 0.000166894 -0.00146081 2.84936e-05 0.0025912 0.00203222 0.000442399 0.000736113 0.001875 -0.00345294 -3.54622e-05 -0.00130959 0.00452915
internal_weight=96867 54169 42698 15199 50261 22007 13012 5359 28254 26756 10202 6694 16554 16176 9471 2128 16041 3908 2187 2105 5966 1864 1614 4566 4123 1920 4654 705 15188 446
internal_count=96867 54169 42698 15199 50261 22007 13012 5359 28254 26756 10202 6694 16554 16176 9471 2128 16041 3908 2187 2105 5966 1864 1614 4566 4123 1920 4654 705 15188 446
is_linear=0
shrinkage=0.05


Tree=59
num_leaves=31
num_cat=0
split_feature=12 12 12 4 6 4 6 3 1 3 14 12 12 7 0 0 0 13 14 2 1 0 12 1 1 14 0 0 14 11
split_gain=132.874 9.8958 7.95126 16.2744 6.50307 3.84205 3.82807 3.25795 3.01643 2.76752 2.70025 2.66596 2.36388 2.312 2.13666 2.07305 2.35743 2.27699 1.88103 1.7311 1.78069 1.49071 1.45224 1.51156 1.38966 1.46336 1.38708 2.4694 1.77761 1.46227
threshold=0.44608220339315774 1.5260017570108799 0.10146836030122026 1.0000000180025095e-35 1.0000000180025095e-35 1.5000000000000002 1.0000000180025095e-35 1.0000000180025095e-35 1.5000000000000002 1.0000000180025095e-35 0.79185215920177832 0.25370637152879755 0.68367058472598952 1.0000000180025095e-35 8.5000000000000018 17.500000000000004 19.500000000000004 3.1371312366538722 0.48620449771148549 3.5000000000000004 3.5000000000000004 18.500000000000004 2.5031710056371956 1.5000000000000002 3.5000000000000004 0.53854056593088895 14.500000000000002 16.500000000000004 2.620276331773133 2.6655016853320763
decision_type=2 2 2 2 2 2 2 2 2 2 2 2 2 2 2 2 2 2 2 2 2 2 2 2 2 2 2 2 2 2
left_child=2 4 -1 8 5 -2 10 12 -4 -5 -3 -11 -7 14 -12 26 17 -17 -9 20 -20 -15 -8 -24 25 -14 28 -28 29 -16
right_child=1 6 3 9 -6 7 22 18 -10 11 13 -13 24 21 15 16 -18 -19 19 -21 -22 -23 23 -25 -26 -27 27 -29 -30 -31
leaf_value=-0.016585536465501441 0.00031627057407934743 -0.014233714788112854 0.003246448888435869 -0.010335923437685642 -0.017044838615899449 -0.0075171290834036789 -0.0088915268969811476 -0.0057173287540457935 -0.00043791133914369406 -0.0052274975346797113 0.012340579540285465 -0.0037572404241778021 -0.0066064183719246761 0.017897460240645428 0.001404353660977551 0.0055965488104115961 -0.0021160003503399856 0.030271384209129851 0.0008946904304410055 0.00031328089921298259 -0.0084458187723972858 -0.0079818102906015348 0.0075993014855509494 -0.0046738541940845478 -0.0075449819213414815 -0.001706156039290397 -0.013725736310073667 -0.00042570456753462222 0.03205346440522918 -0.0044199418229498222
leaf_weight=24408 4156 688 405 8211 1617 2134 1439 1284 2040 3774 911 2039 386 1202 6911 6441 3771 270 893 4314 1926 279 180 817 4165 2739 2560 3230 204 3326
leaf_count=24408 4156 688 405 8211 1617 2134 1439 1284 2040 3774 911 2039 386 1202 6911 6441 3771 270 893 4314 1926 279 180 817 4165 2739 2560 3230 204 3326
internal_value=-0.0022529 -0.000667318 -0.00441899 -0.00357004 -0.00144491 -0.00121994 -9.75841e-05 -0.00153887 0.000194273 -0.00422633 5.8234e-05 -0.00339154 -0.00217742 0.00013142 2.82351e-05 -5.29717e-05 0.000495133 0.00105722 -0.000823929 -0.000506801 -0.00147038 0.00205604 -0.00200329 -0.000536611 -0.00174897 -0.000952001 -0.000406939 -0.00102764 -6.27346e-05 -0.000154832
internal_weight=96720 55843 40877 16469 23614 21997 32229 17841 2445 14024 29793 5813 9424 29105 27624 26713 10482 6711 8417 7133 2819 1481 2436 997 7290 3125 16231 5790 10441 10237
internal_count=96720 55843 40877 16469 23614 21997 32229 17841 2445 14024 29793 5813 9424 29105 27624 26713 10482 6711 8417 7133 2819 1481 2436 997 7290 3125 16231 5790 10441 10237
is_linear=0
shrinkage=0.05


Tree=60
num_leaves=31
num_cat=0
split_feature=12 6 14 0 4 0 8 1 14 1 12 3 12 13 8 0 14 0 0 12 14 8 12 8 12 0 12 2 2 2
split_gain=132.48 11.1256 8.04425 7.03041 15.256 5.03595 4.61655 4.47302 4.12154 3.00862 2.39439 2.1416 2.52054 1.85122 1.63289 1.50492 1.46592 1.44415 2.91203 3.06862 2.24814 1.49224 1.86182 1.4439 2.82726 2.76023 1.57791 1.38765 2.99353 4.15768
threshold=0.40368157437839791 1.0000000180025095e-35 0.72009244182909959 5.5000000000000009 1.0000000180025095e-35 20.500000000000004 1.5000000000000002 1.5000000000000002 2.214016318150803 3.5000000000000004 1.5596605137936936 1.0000000180025095e-35 0.28214596688078336 0.071665382508574363 1.0000000180025095e-35 17.500000000000004 0.26049975660661623 16.500000000000004 13.500000000000002 0.72412079033307097 0.8111321174248185 1.0000000180025095e-35 2.5788027413837171 1.5000000000000002 1.6093500536482601 17.500000000000004 1.9315817605357493 2.5000000000000004 7.5000000000000009 9.5000000000000018
decision_type=2 2 2 2 2 2 2 2 2 2 2 2 2 2 2 2 2 2 2 2 2 2 2 2 2 2 2 2 2 2
left_child=3 2 16 -1 6 8 7 13 9 17 -3 -6 -13 -5 -14 -12 -2 18 -4 -20 -21 -19 23 24 -23 -26 -27 -11 -29 -30
right_child=1 10 5 4 11 -7 -8 -9 -10 27 15 12 14 -15 -16 -17 -18 21 19 20 -22 22 -24 -25 25 26 -28 28 29 -31
leaf_value=-0.015833162193331484 -0.0068513108454597293 -0.016406116792036317 0.0020627402785127753 0.005182934737031397 -0.0099506221877925325 -0.0047894536420082859 -0.0025094098430273716 0.00054756471253074432 0.0081631385860653216 -0.012375051447205444 -0.01000885925630563 -0.0049511524279411689 0.001482531662107254 0.0050352722853926448 -0.005846228445271856 -0.0014113081702267331 -0.0049107893362285871 0.023040413783708653 0.013044885506213022 0.016523661588887423 -0.0046975731363490961 0.02290662776756117 -0.0047783824576629981 0.0015954790405271855 -0.0062062560185049236 0.038097163667879019 0.012139765030843458 0.0033726399161811632 -0.014005703097983517 -0.0016206875209204637
leaf_weight=24185 1346 1759 7211 43 7634 7139 1029 1044 5471 1812 1542 4268 289 156 939 822 5840 696 87 43 4478 69 1429 2038 496 44 649 3466 1794 8804
leaf_count=24185 1346 1759 7211 43 7634 7139 1029 1044 5471 1812 1542 4268 289 156 939 822 5840 696 87 43 4478 69 1429 2038 496 44 649 3466 1794 8804
internal_value=-0.00224597 -0.000703517 -0.000508581 -0.00446826 -0.0036333 -0.000264183 0.000149647 0.00220032 -3.84857e-05 -0.000248522 -0.00320519 -0.00428789 -0.0035353 0.00907035 -0.00153909 -0.00216582 -0.00206374 0.000208816 -0.00010111 -0.0010829 -0.00126189 0.000884522 0.000566136 0.00121966 0.00255167 0.00198065 0.00401876 -0.000745151 -0.000577362 -0.000994528
internal_weight=96622 57035 52912 39587 15402 45726 2272 1243 38587 33116 4123 13130 5496 199 1228 2364 7186 17240 11819 4608 4521 5421 4725 3296 1258 1189 693 15876 14064 10598
internal_count=96622 57035 52912 39587 15402 45726 2272 1243 38587 33116 4123 13130 5496 199 1228 2364 7186 17240 11819 4608 4521 5421 4725 3296 1258 1189 693 15876 14064 10598
is_linear=0
shrinkage=0.05


Tree=61
num_leaves=31
num_cat=0
split_feature=12 6 14 0 4 0 1 8 4 2 12 3 12 0 12 14 12 0 12 8 12 8 12 3 0 0 0 12 0 12
split_gain=136.853 10.0126 8.21713 7.75837 18.4568 5.78426 3.91753 3.27416 3.07767 2.88968 2.72256 2.21705 2.33845 2.04305 1.84893 1.77031 2.15709 2.0428 1.75026 1.55102 2.9716 2.01063 3.13136 2.08677 1.61925 1.67228 1.52659 2.06919 2.55362 1.80597
threshold=0.40368157437839791 1.0000000180025095e-35 0.72009244182909959 5.5000000000000009 1.0000000180025095e-35 20.500000000000004 3.5000000000000004 1.5000000000000002 2.5000000000000004 18.500000000000004 1.8597649084503747 1.0000000180025095e-35 0.28214596688078336 16.500000000000004 0.16712540254139388 0.35208839802829789 0.74401127841374592 12.500000000000002 4.6570589242905376 1.5000000000000002 0.72412079033307097 1.0000000180025095e-35 1.2880618422925456 1.0000000180025095e-35 13.500000000000002 12.500000000000002 11.500000000000002 1.6771324164686841 9.5000000000000018 1.127708237104577
decision_type=2 2 2 2 2 2 2 2 2 2 2 2 2 2 2 2 2 2 2 2 2 2 2 2 2 2 2 2 2 2
left_child=3 2 15 -1 7 6 13 9 -8 -5 -3 -6 -13 19 -11 -2 17 -17 -10 20 -4 22 -22 -24 25 -25 27 28 29 -23
right_child=1 10 5 4 11 -7 8 -9 18 14 -12 12 -14 -15 -16 16 -18 -19 -20 -21 21 26 23 24 -26 -27 -28 -29 -30 -31
leaf_value=-0.01503179733682509 -0.0062869781436673839 -0.014402879158546275 0.011992854291834514 0.0004498520862900665 -0.0095066311581707801 -0.0044605389694167916 0.0057032619352483703 -0.0020349210804805826 -0.0032808097764263446 0.0041080496066633262 -0.0049100168473248142 -0.0047406268122371304 -0.0032755683015267788 0.0064393894628783427 0.002466194432836433 0.0041716460793548632 -0.0070323417721187042 -0.0050456769688730155 0.019310837394563921 0.0036308320970079955 0.017009536930072882 0.013582129937789039 -0.0033300161560475641 0.0079701427536264021 0.00080695890410324852 0.040187042798525995 -0.0060373451523477823 -0.006072776391088627 0.020273248009547787 -0.012394832171820334
leaf_weight=24189 2460 2232 92 902 7614 7195 2960 1032 14330 148 1875 4293 1241 7947 246 473 3855 384 284 5717 140 45 1613 253 664 243 2928 897 326 164
leaf_count=24189 2460 2232 92 902 7614 7195 2960 1032 14330 148 1875 4293 1241 7947 246 473 3855 384 284 5717 140 45 1613 253 664 243 2928 897 326 164
internal_value=-0.00218065 -0.000612945 -0.000428546 -0.00443653 -0.00356229 -0.000182105 6.04863e-05 0.000541236 -0.000490499 0.0022145 -0.00299124 -0.00428887 -0.00352729 0.000520946 0.0057868 -0.00200223 -0.00143464 0.000834305 -0.000788286 0.000136828 -0.000342839 -0.000455797 0.000561276 0.000192931 0.00181034 0.00397177 -0.00113532 0.000202513 0.00266355 -0.00165072
internal_weight=96742 57077 52970 39665 15476 45798 38603 2328 17574 1296 4107 13148 5534 21029 394 7172 4712 857 14614 13082 7365 7273 2913 2773 1160 496 4360 1432 535 209
internal_count=96742 57077 52970 39665 15476 45798 38603 2328 17574 1296 4107 13148 5534 21029 394 7172 4712 857 14614 13082 7365 7273 2913 2773 1160 496 4360 1432 535 209
is_linear=0
shrinkage=0.05


Tree=62
num_leaves=31
num_cat=0
split_feature=12 6 0 4 14 0 8 14 3 14 1 12 0 0 12 0 8 8 12 13 14 0 14 3 4 4 13 12 3 4
split_gain=136.883 10.2628 9.32303 15.8377 5.83014 4.45788 4.08695 3.15909 3.12789 3.17012 2.92404 2.18097 2.07578 3.88475 2.68591 1.97135 3.72437 1.84597 3.35832 1.89535 1.65701 1.57864 1.57515 1.44264 1.72094 1.40662 1.38918 1.45382 1.38868 1.38163
threshold=0.44608220339315774 1.0000000180025095e-35 5.5000000000000009 1.0000000180025095e-35 0.72009244182909959 20.500000000000004 1.0000000180025095e-35 2.1574592703957265 1.0000000180025095e-35 0.17870156100901541 1.5000000000000002 1.8790805478572115 16.500000000000004 13.500000000000002 0.80777029362974762 22.500000000000004 1.0000000180025095e-35 1.5000000000000002 1.7762499382849202 0.98432927816226934 1.7451389203567496 18.500000000000004 1.4046003497233397 1.0000000180025095e-35 2.5000000000000004 1.0000000180025095e-35 0.26438069042239559 1.2094716214639416 1.0000000180025095e-35 1.5000000000000002
decision_type=2 2 2 2 2 2 2 2 2 2 2 2 2 2 2 2 2 2 2 2 2 2 2 2 2 2 2 2 2 2
left_child=2 4 -1 6 26 7 10 12 -5 -10 -4 -3 13 -6 -15 16 -11 18 19 -14 -7 -19 -20 24 -16 -9 -2 -28 -27 -22
right_child=1 11 3 8 5 20 -8 25 9 15 -12 -13 17 14 23 -17 -18 21 22 -21 29 -23 -24 -25 -26 28 27 -29 -30 -31
leaf_value=-0.014288502407687295 -0.0077809919753429133 -0.013047405381327341 0.004853989524939672 -0.0089065862926575989 0.00034648515633503585 -0.0051627057179550765 -0.0016276537844692879 0.029929640112108413 -0.005325644064999465 0.004974225961145582 0.00094930532736017456 -0.0049110947805293395 -0.002820136473362178 0.0026589715935474538 -0.0029171206792945759 -0.0047498084320077433 -0.0029914841448993243 0.0026595085624210469 -0.0070611578331542541 0.019400295161853855 0.005698908386892812 -0.0048436509065093065 0.0045830063683830321 -0.0036292842910768072 -0.0095861091156873822 0.00045218906759140521 -0.0026826426526010069 -0.012790350686756448 0.011887367901489448 -0.0046600658031492248
leaf_weight=24336 1135 2167 173 8222 12994 3416 1482 812 3170 345 838 1857 146 820 1622 1019 1370 2606 720 582 579 2391 4083 3051 3252 3014 3940 1403 2382 2894
leaf_count=24336 1135 2167 173 8222 12994 3416 1482 812 3170 345 838 1857 146 820 1622 1019 1370 2606 720 582 579 2391 4083 3051 3252 3014 3940 1403 2382 2894
internal_value=-0.00217675 -0.000567072 -0.00437248 -0.0034596 -0.000378266 -0.000177896 0.0002146 3.18377e-05 -0.00410803 -0.00323001 0.00266568 -0.0029995 -0.00016689 -0.000445974 -0.00126072 -0.00198244 -0.000947523 0.000409383 0.00103869 0.0042033 -0.00134925 -0.000287173 0.000559024 -0.00154259 -0.00207632 0.00106475 -0.00178142 -0.00144395 0.000772793 -0.000580191
internal_weight=96821 55866 40955 16619 51842 45364 2493 38475 14126 5904 1011 4024 32267 21739 8745 2734 1715 10528 5531 728 6889 4997 4803 7925 4874 6208 6478 5343 5396 3473
internal_count=96821 55866 40955 16619 51842 45364 2493 38475 14126 5904 1011 4024 32267 21739 8745 2734 1715 10528 5531 728 6889 4997 4803 7925 4874 6208 6478 5343 5396 3473
is_linear=0
shrinkage=0.05


Tree=63
num_leaves=31
num_cat=0
split_feature=12 12 0 4 3 4 4 3 8 8 8 8 14 8 12 0 0 8 12 2 12 1 12 3 11 0 11 2 14 2
split_gain=129.525 9.17895 5.91802 14.4648 4.94923 5.80442 4.60505 7.1891 2.9418 2.75176 4.51706 2.52822 2.43131 2.13702 2.06274 2.02309 2.82195 1.80124 2.10242 1.80853 1.94332 1.78909 1.71334 1.70268 1.6804 1.61571 1.5184 1.50123 1.39323 1.37315
threshold=0.3066224417723053 1.0934661344549224 5.5000000000000009 1.0000000180025095e-35 1.0000000180025095e-35 1.5000000000000002 2.5000000000000004 1.0000000180025095e-35 1.0000000180025095e-35 1.0000000180025095e-35 1.5000000000000002 1.0000000180025095e-35 2.2326198797045382 2.5000000000000004 0.68367058472598952 17.500000000000004 19.500000000000004 1.5000000000000002 0.25370637152879755 18.500000000000004 0.14994059852619793 1.0000000180025095e-35 4.3652583259319444 1.0000000180025095e-35 0.79220143938460519 19.500000000000004 0.37429226967300683 16.500000000000004 0.58731392421636974 20.500000000000004
decision_type=2 2 2 2 2 2 2 2 2 2 2 2 2 2 2 2 2 2 2 2 2 2 2 2 2 2 2 2 2 2
left_child=2 6 -1 17 5 12 27 14 15 24 -11 26 13 21 -8 -7 -17 18 19 -4 -21 -3 29 -5 -6 28 -9 -2 -12 -10
right_child=1 4 3 23 9 8 7 11 22 10 25 -13 -14 -15 -16 16 -18 -19 -20 20 -22 -23 -24 -25 -26 -27 -28 -29 -30 -31
leaf_value=-0.013574520050693598 -0.0026826335724851281 0.038197835135673167 -0.00016993878159314425 -0.0087595555160830292 -0.0066185969870609859 -0.011921167886327751 -0.0075668379019808068 -0.0015113191011069576 -0.0017566121670560741 -0.0063604406750295316 -0.017914078126378529 -0.0034780157714020161 0.019060670274891469 -0.005947125546776834 -0.006169997350044882 0.0038883487570109936 -0.014046134627780741 -0.0019811467526330367 0.0050026174353298225 0.0044008872989340598 0.0014528152411420227 0.0029889969770138343 0.023707670641733375 -0.0042382364767699814 0.01072209324107647 -0.010547454252076177 0.0059860516217638028 0.0022698041511805605 0.0066993480495650048 -0.0048311043361861442
leaf_weight=24205 1548 503 686 6345 478 3590 4017 530 9502 4660 124 5061 936 2369 3510 1102 955 835 89 96 214 3057 184 4567 3662 535 578 1862 5670 5318
leaf_count=24205 1548 503 686 6345 478 3590 4017 530 9502 4660 124 5061 936 2369 3510 1102 955 835 89 96 214 3057 184 4567 3662 535 578 1862 5670 5318
internal_value=-0.00220833 -0.000768273 -0.00453155 -0.0036635 -0.000375778 -0.000775187 -0.00174676 -0.00215611 -0.00119389 0.00035065 -6.32463e-05 -0.000890745 0.00048434 0.000110473 -0.00319317 -0.00216664 -0.000916384 0.00033854 0.00168203 0.0010241 0.00419355 0.00088483 -0.00082778 -0.00436767 0.00144927 0.000806603 0.00127256 -0.00010264 0.00104936 -0.000887316
internal_weight=96788 59751 37037 12832 42645 27516 17106 13696 20651 15129 10989 6169 6865 5929 7527 5647 2057 1920 1085 996 310 3560 15004 10912 4140 6329 1108 3410 5794 14820
internal_count=96788 59751 37037 12832 42645 27516 17106 13696 20651 15129 10989 6169 6865 5929 7527 5647 2057 1920 1085 996 310 3560 15004 10912 4140 6329 1108 3410 5794 14820
is_linear=0
shrinkage=0.05


Tree=64
num_leaves=31
num_cat=0
split_feature=12 12 0 4 6 14 1 4 3 1 0 8 8 8 3 14 4 8 11 1 8 0 8 0 12 11 12 1 12 11
split_gain=137.618 8.32681 7.58932 14.9316 7.41327 4.73498 3.90352 3.31529 4.88055 3.11843 2.83595 2.81744 3.28116 2.61479 2.26408 2.04005 1.89576 1.69284 1.57234 1.48646 1.48631 1.46805 1.43409 1.38484 2.32988 1.37972 1.28417 1.82849 1.27385 1.24295
threshold=0.36299386945380935 1.5260017570108799 5.5000000000000009 1.0000000180025095e-35 1.0000000180025095e-35 0.33806301758129265 1.5000000000000002 1.0000000180025095e-35 1.0000000180025095e-35 1.5000000000000002 17.500000000000004 1.0000000180025095e-35 1.5000000000000002 1.0000000180025095e-35 1.0000000180025095e-35 0.11930858671163726 2.5000000000000004 1.0000000180025095e-35 0.98350715881239925 5.5000000000000009 2.5000000000000004 19.500000000000004 1.5000000000000002 20.500000000000004 1.7601746447116684 1.5940723076925878 2.3181706551236823 3.5000000000000004 4.6570589242905376 0.46814984604750093
decision_type=2 2 2 2 2 2 2 2 2 2 2 2 2 2 2 2 2 2 2 2 2 2 2 2 2 2 2 2 2 2
left_child=2 4 -1 9 5 -2 29 17 10 22 13 18 -13 -9 -5 -16 -8 25 -10 -18 23 -14 -4 24 -12 -3 27 -26 -15 -7
right_child=1 7 3 14 -6 6 16 8 11 -11 20 12 21 28 15 -17 19 -19 -20 -21 -22 -23 -24 -25 26 -27 -28 -29 -30 -31
leaf_value=-0.012899275179347976 -0.0055816748201327595 0.00036772545040001634 0.004243568807134908 -0.0082184217639081607 -0.014216205205516053 0.0024145554801646074 -0.00036724673211517475 -0.010800157966616521 -0.0062544551687511944 -0.00035931178020653812 0.023342277383472491 -0.0064111055772919593 0.0058366065980073947 -0.0028907056520146419 -0.0052285350803080929 -0.0031093900532126193 -0.003664953586718657 0.0048612906973673105 0.013328248059192095 -0.0083994303520831936 -0.0044203367868302992 -0.019078369816943778 0.0017114766286836069 -0.0080297851500936695 0.011932145580963383 0.035918771475408923 0.0015224305387061929 0.002722340207169638 0.025408446087918965 0.00033733161235061619
leaf_weight=24281 2911 368 197 7079 1742 641 2990 2942 436 1806 56 3152 4736 7368 2268 2827 10421 3022 3038 2094 1799 233 151 697 216 910 2869 386 96 5008
leaf_count=24281 2911 368 197 7079 1742 641 2990 2942 436 1806 56 3152 4736 7368 2268 2827 10421 3022 3038 2094 1799 233 151 697 216 910 2869 386 96 5008
internal_value=-0.00214338 -0.000606476 -0.00445738 -0.00354481 -0.00127621 -0.0010482 -0.000788032 -7.17745e-05 -0.000270127 0.000292478 -0.000824458 0.000515307 5.54e-06 -0.00132424 -0.00422376 -0.00342002 -0.001198 0.00122093 0.00170696 -0.00146824 3.90159e-05 0.000805996 0.00462644 0.000551609 0.000954067 0.00274648 0.000790837 0.00289036 -0.000826636 0.000337227
internal_weight=96740 58131 38609 14328 25807 24065 21154 32324 28024 2154 16429 11595 8121 10406 12174 5095 15505 4300 3474 12515 6023 4969 348 4224 3527 1278 3471 602 7464 5649
internal_count=96740 58131 38609 14328 25807 24065 21154 32324 28024 2154 16429 11595 8121 10406 12174 5095 15505 4300 3474 12515 6023 4969 348 4224 3527 1278 3471 602 7464 5649
is_linear=0
shrinkage=0.05


Tree=65
num_leaves=31
num_cat=0
split_feature=12 0 4 12 4 3 14 1 2 2 14 3 8 2 2 4 12 12 2 3 4 11 14 8 12 0 8 9 14 12
split_gain=137.461 7.36838 12.6684 6.99423 3.67555 6.50532 3.63196 2.94113 2.57857 2.41871 2.33713 2.27979 2.21211 1.95129 1.91264 4.81122 1.82182 1.53014 1.52651 1.70561 2.04027 1.90822 1.46667 1.94438 1.3394 1.29341 1.25764 1.32559 1.23752 1.23667
threshold=0.36299386945380935 5.5000000000000009 1.0000000180025095e-35 1.127708237104577 2.5000000000000004 1.0000000180025095e-35 0.86746141427363688 1.5000000000000002 21.500000000000004 20.500000000000004 1.7244064180199186 1.0000000180025095e-35 1.5000000000000002 23.500000000000004 10.500000000000002 4.5000000000000009 0.68367058472598952 0.20017889409664549 4.5000000000000009 1.0000000180025095e-35 1.0000000180025095e-35 3.3619682843963106 0.25236997910659409 1.0000000180025095e-35 0.7028859636005369 21.500000000000004 1.0000000180025095e-35 8.2511829124804308 2.2538453153242952 2.7173423855593684
decision_type=2 2 2 2 2 2 2 2 2 2 2 2 2 2 2 2 2 2 2 2 2 2 2 2 2 2 2 2 2 2
left_child=1 -1 12 4 -2 9 -5 18 14 16 22 -4 -3 29 15 -9 -6 -13 -8 20 21 26 -7 -24 25 -25 27 -20 -22 -10
right_child=3 2 11 6 5 10 7 8 13 -11 -12 17 -14 -15 -16 -17 -18 -19 19 -21 28 -23 23 24 -26 -27 -28 -29 -30 -31
leaf_value=-0.012254351084175752 5.1615571144321534e-05 0.00095513551597150789 -0.0078069043752014471 -0.0070151931795514868 -0.0054238378837283214 -0.0052946912744013747 -0.011399330116083533 -0.013605102254658006 -0.01162410027841305 -0.010969243574866913 0.0042030666471035392 -0.0040762970989300885 -0.0021035900762610741 -0.0027541925058268465 0.0036150536034149708 -0.00052851671184001275 -0.0028794795288604028 -0.0032981565402988664 0.005411389044094249 0.008360855261647631 -0.001366040523521397 0.11411316818287875 0.0046784751761792757 0.0018449941486729489 -0.0061996724709896534 -0.0030793267980883301 0.0062409143281580946 0.086202428318396015 0.0059207559081194839 -0.0026679673417475337
leaf_weight=24242 3220 1176 6998 3405 2177 680 1024 1927 1361 2596 769 2811 936 4638 6083 12438 2510 2337 119 3641 4600 42 485 1005 2328 578 639 120 1144 650
leaf_count=24242 3220 1176 6998 3405 2177 680 1024 1927 1361 2596 769 2811 936 4638 6083 12438 2510 2337 119 3641 4600 42 485 1005 2328 578 639 120 1144 650
internal_value=-0.0021395 -0.00445714 -0.0035552 -0.000605804 -0.00148275 -0.00185405 -0.000263084 -0.000124396 -0.000407242 -0.00285116 -0.000611635 -0.00417668 1.89382e-05 -0.0012626 -0.000129109 -0.000443788 -0.00217303 -0.00337801 0.000552122 0.000735079 0.000259603 0.00244565 -0.00100079 -0.000666516 -0.00103682 8.52799e-05 0.00194761 0.00504184 -9.05304e-05 -0.0025634
internal_weight=96679 38500 14258 58179 16348 13128 41831 38426 27097 7283 5845 12146 2112 6649 20448 14365 4687 5148 11329 10305 6664 920 5076 4396 3911 1583 878 239 5744 2011
internal_count=96679 38500 14258 58179 16348 13128 41831 38426 27097 7283 5845 12146 2112 6649 20448 14365 4687 5148 11329 10305 6664 920 5076 4396 3911 1583 878 239 5744 2011
is_linear=0
shrinkage=0.05


Tree=66
num_leaves=31
num_cat=0
split_feature=12 12 4 3 0 4 6 14 14 1 12 12 2 2 2 2 12 13 0 3 2 8 14 2 11 8 6 12 10 2
split_gain=134.123 9.11727 5.92295 6.59701 5.41543 12.1355 4.62769 2.92304 2.56015 2.52974 2.42152 2.36872 2.23339 1.82166 1.915 5.94498 1.76915 2.34017 1.63319 1.52623 1.50236 1.75408 1.46842 1.4233 1.85133 1.78269 1.42044 1.35292 1.20903 1.17277
threshold=0.27153305017447688 1.127708237104577 2.5000000000000004 1.0000000180025095e-35 5.5000000000000009 1.0000000180025095e-35 1.0000000180025095e-35 0.84841971260772153 1.6952142143795002 3.5000000000000004 2.4783214366956514 0.68367058472598952 18.500000000000004 2.5000000000000004 7.5000000000000009 9.5000000000000018 0.14155753218672448 0.071665382508574363 21.500000000000004 1.0000000180025095e-35 16.500000000000004 1.0000000180025095e-35 0.20042166693570657 3.5000000000000004 1.6329516957319232 1.0000000180025095e-35 1.0000000180025095e-35 3.3051653086412491 7.4127011330496799 28.500000000000004
decision_type=2 2 2 2 2 2 2 2 2 2 2 2 2 2 2 2 2 2 2 2 2 2 2 2 2 2 2 2 2 2
left_child=4 2 20 11 -1 12 7 -3 22 18 -8 -4 -6 -11 23 -16 17 -14 -9 -7 -2 -22 -5 -15 25 -25 -13 -26 -27 -10
right_child=1 6 3 8 5 19 10 9 29 13 -12 26 16 14 15 -17 -18 -19 -20 -21 21 -23 -24 24 27 28 -28 -29 -30 -31
leaf_value=-0.011639974832975714 -0.0018229208396212634 -0.006932103020216746 -0.0065991002455870447 -0.0058518347837028068 -0.00056897092280871532 -0.0076080937721759896 -0.0091043533579580008 0.0020835602210915213 0.0054600172188134337 -0.012462049961664263 -0.00093649144554505681 -0.0039555174956674554 0.0040324639144542563 -0.0013806071835625086 -0.013376456920121875 -0.00053002448954248113 0.00087762103880848874 0.0017000938655260568 -0.011856726466368336 -0.0036686393609269619 0.010000390787301604 0.001155063785150843 -0.0022731493815522186 0.030785590272070226 0.0017345726004005483 0.01847937627471238 -0.012961957041997197 0.060467946790924154 0.0024419051697055307 -0.002457485476698685
leaf_weight=24240 1716 2936 4634 641 1203 5710 2054 19883 630 1785 1026 3336 52 1764 1697 8689 435 65 340 4099 390 1647 5330 92 1106 145 566 114 196 234
leaf_count=24240 1716 2936 4634 641 1203 5710 2054 19883 630 1785 1026 3336 52 1764 1697 8689 435 65 340 4099 390 1647 5330 92 1106 145 566 114 196 234
internal_value=-0.002134 -0.000707209 -0.00161159 -0.00204639 -0.0045629 -0.00367261 -0.000293711 -0.000145432 -0.000888809 -2.10841e-05 -0.00215909 -0.00297329 0.000156694 -0.000499745 -0.00030537 -0.000643175 0.00278985 0.00824786 0.00034787 -0.00435773 0.000169197 0.00108738 -0.00125691 0.000721392 0.00177556 0.00458429 -0.00206561 0.000778687 0.00291789 0.00165509
internal_weight=96755 60951 19124 15371 35804 11564 41827 38747 6835 35811 3080 8536 1755 15588 13803 10386 552 117 20223 9809 3753 2037 5971 3417 1653 433 3902 1220 341 864
internal_count=96755 60951 19124 15371 35804 11564 41827 38747 6835 35811 3080 8536 1755 15588 13803 10386 552 117 20223 9809 3753 2037 5971 3417 1653 433 3902 1220 341 864
is_linear=0
shrinkage=0.05


Tree=67
num_leaves=31
num_cat=0
split_feature=12 6 14 0 4 0 14 12 3 3 4 4 3 2 1 0 7 0 14 2 2 14 12 10 0 14 12 14 13 12
split_gain=134.337 8.57301 7.44821 7.23469 13.5877 4.44291 3.43386 3.27279 2.26985 1.75815 2.11778 1.50908 1.78722 1.67596 2.66405 1.49165 1.75057 1.75051 1.47613 1.45241 1.35658 1.30594 1.11922 1.07261 1.01861 1.8577 1.08297 1.06281 1.01181 0.988452
threshold=0.3066224417723053 1.0000000180025095e-35 0.2989680364959823 5.5000000000000009 1.0000000180025095e-35 20.500000000000004 1.6952142143795002 1.5596605137936936 1.0000000180025095e-35 1.0000000180025095e-35 1.5000000000000002 1.0000000180025095e-35 1.0000000180025095e-35 2.5000000000000004 3.5000000000000004 17.500000000000004 1.0000000180025095e-35 12.500000000000002 0.11930858671163726 18.500000000000004 18.500000000000004 1.7560480992863496 2.8089142424960887 7.5208607374836234 8.5000000000000018 1.4987510280621184 0.6646058647154115 0.68593867737839054 0.96085896151607897 2.7173423855593684
decision_type=2 2 2 2 2 2 2 2 2 2 2 2 2 2 2 2 2 2 2 2 2 2 2 2 2 2 2 2 2 2
left_child=3 2 -2 -1 19 6 11 -3 -6 10 20 -4 24 14 -14 16 -12 -18 -10 -5 -8 -7 -22 -17 25 26 -13 -26 -11 -9
right_child=1 7 5 4 8 21 9 29 18 28 15 12 13 -15 -16 23 17 -19 -20 -21 22 -23 -24 -25 27 -27 -28 -29 -30 -31
leaf_value=-0.01106318592971205 -0.0045691860210675603 -0.012286077209180696 0.0016026371813300832 -0.00052957770564405332 -0.0071348569654411933 -0.0043275820342967243 0.0024913494773999446 -0.0061052054637211646 -0.0044591459992737465 0.020759080003450781 -0.0051589020125435252 0.0043210808416809269 0.0016298960821693094 0.00081043919439155194 -0.011204776663256777 -0.0015958963052800958 0.039340579438448216 0.00042438836746992964 -0.0025735901547919611 0.0015930274815251352 0.01105414404193291 -0.0025007955612250448 0.055222549689598423 0.0053001632775092223 -0.0059541232985220226 0.027596309084563793 -0.0018322403539966223 -0.002913551739472062 0.0065034969359253764 -0.00060722250047459182
leaf_weight=24124 3187 1926 4473 1305 6379 4409 1888 1584 2263 44 3602 153 1301 7666 1685 1775 91 295 2293 600 617 3463 296 1597 1705 56 890 9798 6395 759
leaf_count=24124 3187 1926 4473 1305 6379 4409 1888 1584 2263 44 3602 153 1301 7666 1685 1775 91 295 2293 600 617 3463 296 1597 1705 56 890 9798 6395 759
internal_value=-0.00210668 -0.000639093 -0.000472684 -0.00447517 -0.00351636 -0.000329414 -0.00013502 -0.00279808 -0.00419525 0.000433734 2.41106e-05 -0.00047553 -0.000637311 -0.000160534 -0.00116544 -0.000421197 -0.00107573 0.00212435 -0.00334285 0.000380576 0.00119422 -0.00142404 0.00277656 0.000352905 -0.00104031 0.000414012 -6.23214e-05 -0.00117926 0.00108014 -0.00154289
internal_weight=96619 59655 55386 36964 12840 52199 44327 4269 10935 16600 10161 27727 23254 10652 2986 7360 3988 386 4556 1905 2801 7872 913 3372 12602 1099 1043 11503 6439 2343
internal_count=96619 59655 55386 36964 12840 52199 44327 4269 10935 16600 10161 27727 23254 10652 2986 7360 3988 386 4556 1905 2801 7872 913 3372 12602 1099 1043 11503 6439 2343
is_linear=0
shrinkage=0.05


Tree=68
num_leaves=31
num_cat=0
split_feature=12 12 0 4 4 3 6 14 7 3 1 2 14 14 2 2 2 1 2 12 0 14 11 12 1 14 1 11 2 2
split_gain=134.142 8.56402 6.40441 11.3747 5.20776 7.61149 4.05946 2.4676 2.0909 2.02111 1.95296 2.19613 1.94031 1.91449 1.85929 1.81841 4.2961 1.78863 1.6519 1.61214 1.49783 1.43584 1.61401 1.36609 1.48095 1.34271 1.1974 1.18516 1.14727 1.18828
threshold=0.27153305017447688 1.039915470202802 5.5000000000000009 1.0000000180025095e-35 1.0000000180025095e-35 1.0000000180025095e-35 1.0000000180025095e-35 0.72009244182909959 1.0000000180025095e-35 1.0000000180025095e-35 3.5000000000000004 2.5000000000000004 0.20042166693570657 1.0683955935720295 20.500000000000004 7.5000000000000009 9.5000000000000018 5.5000000000000009 16.500000000000004 2.7173423855593684 13.500000000000002 1.6952142143795002 0.34008232953560641 0.53672721155741032 4.5000000000000009 1.6774246081541431 1.5000000000000002 4.7289472569738589 3.5000000000000004 4.5000000000000009
decision_type=2 2 2 2 2 2 2 2 2 2 2 2 2 2 2 2 2 2 2 2 2 2 2 2 2 2 2 2 2 2
left_child=2 4 -1 -4 18 14 7 -3 10 -5 28 -12 -7 -11 23 17 -17 -13 -2 -8 -10 -14 -23 -6 -25 -20 -21 -19 -9 -30
right_child=1 6 3 9 5 12 19 8 20 13 11 15 21 -15 -16 16 -18 27 25 26 -22 22 -24 24 -26 -27 -28 -29 29 -31
leaf_value=-0.010507008219508073 -0.003191180069971176 -0.0078076557500345381 0.00011751572981627411 -0.0069716915812879018 -0.0045384525661208439 -0.0054332740740206057 -0.0079614561229914282 0.0079954834843967201 0.021233476117104383 -0.0035955048143773115 -0.012890303203077037 0.0074341011835092029 -0.0014963978488880751 -3.3303021529703194e-05 -0.0094168002560982497 -0.012376957676341754 -0.00084265897084680706 -0.0041383996068814714 0.0018967980077441542 0.0084569388354388351 0.0031772552075359966 -0.005270806709406513 0.0052915861030985488 -0.0018959771836844542 -0.007499207565815365 0.011127597822605679 -0.0032907961068886966 0.053927051936319081 -0.013725411632274941 0.00066581874789155098
leaf_weight=24255 760 2322 1710 5753 2398 636 2453 1924 593 3702 1804 1558 4820 394 2748 1808 9109 1911 1657 120 1047 175 537 2272 955 172 640 122 1016 17362
leaf_count=24255 760 2322 1710 5753 2398 636 2453 1924 593 3702 1804 1558 4820 394 2748 1808 9109 1911 1657 120 1047 175 537 2272 955 172 640 122 1016 17362
internal_value=-0.00209975 -0.000672123 -0.00452812 -0.00355957 -0.00161997 -0.00198783 -0.000301333 -0.000165863 -6.97978e-05 -0.00421312 -0.000148032 -0.000555421 -0.000654995 -0.00336426 -0.00296967 -0.000350842 -0.000671889 0.000625173 0.000446117 -0.00201214 0.00167683 -0.000354303 0.00174157 -0.00244889 -0.00177719 0.00126025 -1.19209e-09 -0.000351698 0.000179291 5.76765e-05
internal_weight=96733 60919 35814 11559 17130 14541 43789 40576 38254 9849 36614 16312 6168 4096 8373 14508 10917 3591 2589 3213 1640 5532 712 5625 3227 1829 760 2033 20302 18378
internal_count=96733 60919 35814 11559 17130 14541 43789 40576 38254 9849 36614 16312 6168 4096 8373 14508 10917 3591 2589 3213 1640 5532 712 5625 3227 1829 760 2033 20302 18378
is_linear=0
shrinkage=0.05


Tree=69
num_leaves=31
num_cat=0
split_feature=12 14 0 4 6 0 3 0 0 7 12 8 12 8 12 0 0 0 12 14 11 14 6 13 12 14 12 1 1 11
split_gain=134.234 7.78701 7.70527 11.4803 5.6297 4.28328 2.63068 2.61541 2.5128 2.63171 2.21713 2.16647 1.8654 1.83224 2.57721 2.35764 2.00857 1.91527 1.84787 1.83173 1.9658 1.87335 1.81528 1.75346 1.71969 1.43598 1.43115 1.42632 1.39101 1.37903
threshold=0.3066224417723053 0.72009244182909959 5.5000000000000009 1.0000000180025095e-35 1.0000000180025095e-35 20.500000000000004 1.0000000180025095e-35 16.500000000000004 13.500000000000002 1.0000000180025095e-35 1.4641107512188394 1.5000000000000002 0.80777029362974762 1.5000000000000002 1.6771324164686841 18.500000000000004 17.500000000000004 19.500000000000004 2.4092921713649753 2.194209813763786 0.7609916245258197 0.83042774607865388 1.0000000180025095e-35 0.28481403250522669 1.2094716214639416 1.0809422387544811 1.144642841892302 3.5000000000000004 1.5000000000000002 1.943789353249922
decision_type=2 2 2 2 2 2 2 2 2 2 2 2 2 2 2 2 2 2 2 2 2 2 2 2 2 2 2 2 2 2
left_child=2 22 -1 11 5 7 -5 8 9 -3 -6 -4 -10 14 25 -15 -16 -18 -19 21 -21 26 23 -2 -25 -9 -14 -7 -12 -17
right_child=1 4 3 6 10 27 -8 13 12 -11 28 -13 19 15 16 29 17 18 -20 20 -22 -23 -24 24 -26 -27 -28 -29 -30 -31
leaf_value=-0.0099775975706765385 -0.0042275069054411689 -0.00021944537034098634 0.0010534731844066955 -0.0063912368956432902 -0.01064159016079767 -0.0017333718768120857 -0.0030719853286474436 -0.0013345376191274559 0.0029410890331513194 0.019851934392204042 0.00067592517083017625 -0.0020705618749741902 -0.0086453494369189976 0.0035521961640330238 -0.0036834889775088208 -0.0013543446068200039 0.010497928463960433 0.0071816532356797054 -0.006742668488086169 0.019780784438445484 0.00091427128350349751 -0.0066002077285521781 -0.012731513992434371 -0.0016660521311034184 -0.011964627490450486 0.016647685896813952 0.013968235721154625 -0.0053713008453074168 -0.0063074733343389533 -0.010376894571169125
leaf_weight=24296 3118 13387 1078 6331 1156 4302 4524 100 849 578 721 831 53 3129 1814 1848 4328 847 1266 44 1382 7807 642 4106 1369 417 119 3517 1766 1113
leaf_count=24296 3118 13387 1078 6331 1156 4302 4524 100 849 578 721 831 53 3129 1814 1848 4328 847 1266 44 1382 7807 642 4106 1369 417 119 3517 1766 1113
internal_value=-0.00209876 -0.00063301 -0.00446303 -0.00346835 -0.000389076 -0.000242005 -0.00409719 -2.82758e-05 -0.000348694 8.77181e-05 -0.00228246 0.000107385 -0.000943048 0.000493876 0.000956451 -0.000172415 0.000741973 0.00115588 -7.80892e-05 -0.00114567 0.000504908 -0.00144066 -0.00196806 -0.00177645 -0.00123744 0.00438104 0.00372093 -0.00131027 -0.0014415 -0.00118372
internal_weight=96838 59778 37060 12764 50543 46900 10855 39081 24219 13965 3643 1909 10254 14862 8772 6090 8255 6441 2113 9405 1426 7979 9235 8593 5475 517 172 7819 2487 2961
internal_count=96838 59778 37060 12764 50543 46900 10855 39081 24219 13965 3643 1909 10254 14862 8772 6090 8255 6441 2113 9405 1426 7979 9235 8593 5475 517 172 7819 2487 2961
is_linear=0
shrinkage=0.05


Tree=70
num_leaves=31
num_cat=0
split_feature=12 6 12 4 12 4 3 12 8 14 3 7 12 14 0 1 2 2 2 1 0 8 1 12 2 13 0 2 0 0
split_gain=132.744 8.32504 6.9574 9.83868 5.37682 3.74075 3.89395 3.12642 2.46131 2.35767 2.26646 2.01174 1.84538 1.83582 1.77731 1.58505 2.45115 1.57899 4.55987 1.76725 1.45315 1.44688 1.21693 1.06913 1.21184 1.05502 1.04908 1.46302 1.03447 1.98249
threshold=0.27153305017447688 1.0000000180025095e-35 0.048391918360802984 1.0000000180025095e-35 1.039915470202802 1.0000000180025095e-35 1.0000000180025095e-35 1.5596605137936936 1.0000000180025095e-35 0.79185215920177832 1.0000000180025095e-35 1.0000000180025095e-35 0.53672721155741032 1.0683955935720295 8.5000000000000018 3.5000000000000004 2.5000000000000004 7.5000000000000009 9.5000000000000018 5.5000000000000009 22.500000000000004 1.5000000000000002 1.5000000000000002 0.37712232498372095 4.5000000000000009 0.75441248334815991 7.5000000000000009 6.5000000000000009 10.500000000000002 21.500000000000004
decision_type=2 2 2 2 2 2 2 2 2 2 2 2 2 2 2 2 2 2 2 2 2 2 2 2 2 2 2 2 2 2
left_child=2 4 -1 21 5 22 12 -3 20 -6 -5 14 -7 -12 26 -16 -17 19 -19 25 23 -4 -2 24 -8 -18 -11 -28 -25 -30
right_child=1 7 3 10 9 6 8 -9 -10 11 13 -13 -14 -15 15 16 17 18 -20 -21 -22 -23 -24 28 -26 -27 27 -29 29 -31
leaf_value=-0.0095777205182985686 0.0061444705317109981 -0.01088658687200824 0.00056948169852335303 -0.0063381785210465877 -0.00566787789372064 -0.0046388982345713474 0.0025756582343847527 -0.0040796309262108024 -0.0025521027961746376 0.0005230093201294342 -0.0034137488536319736 0.0084608955657978178 -0.0034989949991943571 -3.9202282256670017e-05 0.0002604994524337571 -0.013858974358342031 0.022932987159254192 -0.012675636398460109 -0.00082521616436805566 -0.0031825503557912135 -0.0077267834240872905 -0.0018325354004161483 -7.697734111972263e-05 -0.0023140109057121338 0.0083988253700298977 0.0063168210267680047 0.025048596808843512 0.015227372518698041 0.0165313904235725 7.5410534035436815e-05
leaf_weight=23616 408 1979 1000 6010 3057 3047 103 2343 5077 487 3944 1568 4132 403 19591 1732 50 1697 8674 1959 82 803 2184 291 62 1422 144 324 231 362
leaf_count=23616 408 1979 1000 6010 3057 3047 103 2343 5077 487 3944 1568 4132 403 19591 1732 50 1697 8674 1959 82 803 2184 291 62 1422 144 324 231 362
internal_value=-0.00208159 -0.000663542 -0.00449967 -0.00352796 -0.000502259 -0.00127949 -0.00161612 -0.00277881 -0.000699099 -0.000197151 -0.00412137 -8.87177e-05 -0.00240911 -0.00325167 -0.000164913 -0.000222777 -0.000599975 -0.000377483 -0.000685085 0.000552316 0.00141026 -0.000119247 0.000459104 0.00191134 0.00560606 0.00186141 0.00196335 0.00365384 0.00122172 0.0024199
internal_weight=96782 61006 35776 12160 56684 15979 13387 4322 6208 40705 10357 37648 7179 4347 36080 35125 15534 13802 10371 3431 1131 1803 2592 1049 165 1472 955 468 884 593
internal_count=96782 61006 35776 12160 56684 15979 13387 4322 6208 40705 10357 37648 7179 4347 36080 35125 15534 13802 10371 3431 1131 1803 2592 1049 165 1472 955 468 884 593
is_linear=0
shrinkage=0.05


Tree=71
num_leaves=31
num_cat=0
split_feature=12 0 4 6 14 0 12 1 2 2 2 3 2 1 11 14 2 14 4 1 14 13 14 10 3 2 2 2 13 13
split_gain=133.879 9.28069 12.463 6.87227 5.65035 3.48933 3.3617 2.8719 2.63351 2.89567 6.3515 2.55702 2.22203 1.83553 1.65078 1.58461 1.47276 1.55169 1.44269 1.32756 1.31037 1.26537 1.12216 1.08575 0.999873 1.56372 1.15536 1.64766 1.05786 1.59654
threshold=0.3066224417723053 5.5000000000000009 1.0000000180025095e-35 1.0000000180025095e-35 0.33806301758129265 21.500000000000004 1.4641107512188394 3.5000000000000004 2.5000000000000004 7.5000000000000009 9.5000000000000018 1.0000000180025095e-35 3.5000000000000004 5.5000000000000009 3.3619682843963106 1.7048336813644955 4.5000000000000009 2.0593173842938475 2.5000000000000004 1.5000000000000002 1.0683955935720295 2.4937006309686711 0.79185215920177832 6.7628712769729971 1.0000000180025095e-35 28.500000000000004 26.500000000000004 7.5000000000000009 0.66834013035164286 0.61323818738018654
decision_type=2 2 2 2 2 2 2 2 2 2 2 2 2 2 2 2 2 2 2 2 2 2 2 2 2 2 2 2 2 2
left_child=1 -1 -3 4 -2 7 -5 12 -9 13 -11 -4 15 -10 -15 -6 -14 24 -12 -8 -13 -16 -20 -21 26 28 27 -18 29 -26
right_child=3 2 11 6 5 -7 19 8 9 10 18 20 16 14 21 -17 17 -19 22 23 -22 -23 -24 -25 25 -27 -28 -29 -30 -31
leaf_value=-0.0090055369721331515 -0.0036449545255730397 0.00023981844910157102 -0.005817553337515699 -0.010247976057194023 0.0017488097616449743 -0.0035323852284034731 0.00063757555134176546 -0.0099029335408005736 0.0054729784582852386 -0.010128681578695339 0.0026907704765226285 -0.0031203572148925675 -0.011534002713343558 -0.0046727496414442687 0.019011595188853737 0.016654526519827056 -0.0031927534236367047 0.004323190763594437 -0.0043030871076900051 0.0053928940232170885 -0.00038765217508764766 0.057341891882101086 -0.0013648184941102578 -0.0061660593613973138 0.0040472165061401638 -0.00072845080391426985 -0.0085765248854059919 0.000768297834826028 0.0048710291397816297 0.024265943443432542
leaf_weight=24161 3645 1888 6385 1727 1356 4304 737 2398 2370 2405 3629 4089 1239 2097 328 1112 3691 5208 1061 161 526 54 7548 1659 228 3815 873 6511 1741 48
leaf_count=24161 3645 1888 6385 1727 1356 4304 737 2398 2370 2405 3629 4089 1239 2097 328 1112 3691 5208 1061 161 526 54 7548 1659 228 3815 873 6511 1741 48
internal_value=-0.00204466 -0.00440754 -0.00332402 -0.000584287 -0.000435764 -0.000302408 -0.00251401 -0.000179411 -0.000600732 -0.000408374 -0.000759067 -0.00396818 0.000177754 0.000650648 -0.000300526 0.00160454 2.69749e-05 0.000120957 -0.000297435 -0.00136293 -0.00307151 0.00272251 -0.000649902 -0.00208791 -0.000111493 0.00041838 -0.00039052 -0.00024113 0.00154437 0.00442029
internal_weight=96994 37049 12888 59945 55661 52016 4284 47712 21890 19492 14643 11000 25822 4849 2479 2468 23354 22115 12238 2557 4615 382 8609 1820 16907 5832 11075 10202 2017 276
internal_count=96994 37049 12888 59945 55661 52016 4284 47712 21890 19492 14643 11000 25822 4849 2479 2468 23354 22115 12238 2557 4615 382 8609 1820 16907 5832 11075 10202 2017 276
is_linear=0
shrinkage=0.05


Tree=72
num_leaves=31
num_cat=0
split_feature=12 12 4 12 6 4 1 6 14 11 1 2 4 8 2 8 2 2 14 12 2 2 8 14 11 10 1 2 8 2
split_gain=130.887 8.4755 10.3522 7.31014 4.66401 3.25762 2.6993 2.84725 2.21996 1.99611 1.64534 1.57469 4.14126 1.50544 1.49961 1.48501 1.37503 1.97898 1.50991 1.19508 1.16101 1.15749 1.67377 1.42224 1.76742 1.69579 1.42073 1.73224 1.49123 2.32168
threshold=0.2617604386058241 0.048391918360802984 1.0000000180025095e-35 1.127708237104577 1.0000000180025095e-35 1.0000000180025095e-35 1.5000000000000002 1.0000000180025095e-35 0.22211085468778977 0.95086493008576956 5.5000000000000009 10.500000000000002 4.5000000000000009 1.5000000000000002 4.5000000000000009 1.0000000180025095e-35 27.500000000000004 5.5000000000000009 0.84841971260772153 2.4783214366956514 15.500000000000002 5.5000000000000009 1.0000000180025095e-35 1.6390585273934948 0.85431972455537886 7.3626386512029613 1.5000000000000002 27.500000000000004 1.0000000180025095e-35 28.500000000000004
decision_type=2 2 2 2 2 2 2 2 2 2 2 2 2 2 2 2 2 2 2 2 2 2 2 2 2 2 2 2 2 2
left_child=1 -1 13 4 5 15 14 9 -7 -8 21 12 -11 -3 -5 -2 17 18 -4 -9 -17 22 -10 -24 -25 -26 27 -23 29 -29
right_child=3 2 16 6 -6 8 7 19 10 11 -12 -13 -14 -15 -16 20 -18 -19 -20 -21 -22 26 23 24 25 -27 -28 28 -30 -31
leaf_value=-0.0086542558755103496 0.0085656576903343547 0.00081954817885327444 -0.0035191708111329692 -0.010956139097190737 -0.00980356805451108 -0.004059491439853893 -0.0069145308596343233 -0.0092928744495452357 0.0033963577092971545 -0.011225318311585433 -0.0064046265940418253 0.00090456650322811086 -0.0013202337514364151 -0.0016549581879821982 0.0024485597661347302 -0.007619800205373211 -0.0021829698071007624 -0.0056861139564440711 -0.00036482798004866112 -0.002409280689913345 0.00028198422181913971 -0.0020142458576200323 -0.0027443279786198535 -0.0013747666540480008 0.019727192133989765 0.0028516230320208532 -0.0038778738073894149 0.011502164322888636 0.00033297791926523124 0.0028990658973376904
leaf_weight=23663 534 1006 2438 1099 1316 1968 2285 1301 617 2047 1706 10351 12941 799 11139 354 1338 5853 405 835 2040 1860 2470 190 50 82 5034 83 977 127
leaf_count=23663 534 1006 2438 1099 1316 1968 2285 1301 617 2047 1706 10351 12941 799 11139 354 1338 5853 405 835 2040 1860 2470 190 50 82 5034 83 977 127
internal_value=-0.00203688 -0.00445355 -0.00336135 -0.000639678 -0.00144219 -0.00123314 -0.000268824 -0.000525875 -0.00152796 -0.00038988 -0.00129433 -0.000262245 -0.000589806 0.000124653 0.000356266 0.000293715 -0.00398844 -0.00421803 -0.00313577 -0.00228465 -0.000238096 -0.0010792 -0.000306543 -0.000827365 0.00229814 0.00674242 -0.00140515 -0.000553004 0.000939342 0.0047619
internal_weight=96908 35502 11839 61406 19408 18092 41998 29760 15164 27624 13196 25339 14988 1805 12238 2928 10034 8696 2843 2136 2394 11490 3409 2792 322 132 8081 3047 1187 210
internal_count=96908 35502 11839 61406 19408 18092 41998 29760 15164 27624 13196 25339 14988 1805 12238 2928 10034 8696 2843 2136 2394 11490 3409 2792 322 132 8081 3047 1187 210
is_linear=0
shrinkage=0.05


Tree=73
num_leaves=31
num_cat=0
split_feature=12 12 6 4 12 12 3 4 3 14 1 2 14 8 8 2 2 1 11 8 14 11 2 8 13 2 8 8 11 8
split_gain=134.075 8.45103 8.05135 7.97507 5.8579 3.68968 3.31816 2.72351 3.77099 2.59983 1.876 2.24144 1.84653 1.67337 1.75837 1.48518 3.93543 1.48918 1.37111 1.51393 1.29195 1.94561 1.27226 1.89842 1.5542 1.2395 1.35961 1.23682 1.17826 1.14312
threshold=0.2617604386058241 0.089459012174142233 1.0000000180025095e-35 1.0000000180025095e-35 0.90547479096102712 1.5596605137936936 1.0000000180025095e-35 1.0000000180025095e-35 1.0000000180025095e-35 0.58731392421636974 3.5000000000000004 2.5000000000000004 0.88651070079589156 1.0000000180025095e-35 1.5000000000000002 7.5000000000000009 9.5000000000000018 5.5000000000000009 0.13817021750351233 1.0000000180025095e-35 0.25236997910659409 0.43839986880256293 3.5000000000000004 1.0000000180025095e-35 2.782590827938173 23.500000000000004 1.0000000180025095e-35 1.0000000180025095e-35 0.65283963029512637 1.5000000000000002
decision_type=2 2 2 2 2 2 2 2 2 2 2 2 2 2 2 2 2 2 2 2 2 2 2 2 2 2 2 2 2 2
left_child=1 -1 4 29 7 -4 -5 27 13 -6 22 -12 -8 -9 20 17 -17 -13 -10 -20 -15 -22 23 24 -11 -18 -27 28 -2 -3
right_child=2 3 5 6 9 -7 12 8 18 10 11 15 -14 14 -16 16 25 -19 19 -21 21 -23 -24 -25 -26 26 -28 -29 -30 -31
leaf_value=-0.0081694045778949367 0.0033961105680354688 0.00043592823783802345 -0.0094095713716809224 -0.0053653296725934309 -0.0087630900339623584 -0.0033688498201428956 -0.0029725656121593726 -0.0071235179516198587 -0.0048089230313208614 0.01472682099115087 -0.011559533345586894 0.0056729215392722111 -2.1422222521879835e-05 -0.0035541674180722925 -0.0040522776145384349 -0.010878903913723051 0.00082549898025758 -0.0020727328525295039 0.0017339409061729761 -0.0017411440166774208 0.0058966752932930683 -0.0011473595966777187 0.00051244518211520816 0.0021827667298362388 0.052568696778572038 -0.012286239728221434 -0.00084701870021834354 -0.00062156100027191007 0.024257832291973449 -0.0015992553755047188
leaf_weight=23956 355 976 2015 5679 1624 2330 3459 1230 197 480 2063 1812 566 534 2917 2027 7100 2254 990 4206 70 1601 20786 1654 69 865 2403 1783 41 723
leaf_count=23956 355 976 2015 5679 1624 2330 3459 1230 197 480 2063 1812 566 534 2917 2027 7100 2254 990 4206 70 1601 20786 1654 69 865 2403 1783 41 723
internal_value=-0.0020015 -0.00445417 -0.000589194 -0.00333377 -0.000431206 -0.00266398 -0.00388706 -0.0013229 -0.0016241 -0.000143382 -6.66068e-05 -0.000441051 -0.00278882 -0.00244962 -0.00205193 -0.000246341 -0.000518355 0.000582881 -0.000651772 -0.000496537 -0.000986396 -0.000302215 0.000235111 0.00137767 0.00392532 -0.000124422 -0.000930234 0.000300595 0.00282828 -0.000173633
internal_weight=96765 35359 61406 11403 57061 4345 9704 13924 11745 43137 41513 18524 4025 6352 5122 16461 12395 4066 5393 5196 2205 1671 22989 2203 549 10368 3268 2179 396 1699
internal_count=96765 35359 61406 11403 57061 4345 9704 13924 11745 43137 41513 18524 4025 6352 5122 16461 12395 4066 5393 5196 2205 1671 22989 2203 549 10368 3268 2179 396 1699
is_linear=0
shrinkage=0.05


Tree=74
num_leaves=31
num_cat=0
split_feature=12 12 12 4 4 3 2 6 3 0 11 8 2 13 8 12 0 8 7 1 2 2 2 2 8 8 8 12 13 1
split_gain=135.321 8.26063 7.64815 7.86221 5.8943 6.34833 3.06772 3.00136 2.7286 2.30519 2.28762 2.72827 2.02942 2.01212 1.64947 1.51478 1.49459 1.38705 1.36937 1.4713 1.80887 1.55756 2.50913 1.5109 1.43097 1.3924 1.36569 1.3318 1.30492 1.22262
threshold=0.23801269327374347 1.127708237104577 0.048391918360802984 1.0000000180025095e-35 1.0000000180025095e-35 1.0000000180025095e-35 20.500000000000004 1.0000000180025095e-35 1.0000000180025095e-35 21.500000000000004 0.2535277120851574 1.0000000180025095e-35 18.500000000000004 0.92598520035944032 1.0000000180025095e-35 2.9079687597149522 8.5000000000000018 1.5000000000000002 1.0000000180025095e-35 3.5000000000000004 2.5000000000000004 7.5000000000000009 10.500000000000002 23.500000000000004 2.5000000000000004 1.0000000180025095e-35 1.5000000000000002 1.2094716214639416 0.089893813027290118 1.5000000000000002
decision_type=2 2 2 2 2 2 2 2 2 2 2 2 2 2 2 2 2 2 2 2 2 2 2 2 2 2 2 2 2 2
left_child=2 4 -1 12 -2 6 14 9 -5 13 -7 -12 -4 27 -6 29 -15 -13 19 -18 -21 -22 -23 24 -24 -25 -16 -3 -10 -9
right_child=1 7 3 8 5 10 -8 15 28 -11 11 17 -14 16 26 -17 18 -19 -20 20 21 22 23 25 -26 -27 -28 -29 -30 -31
leaf_value=-0.007808184056711096 0.0011312876370497943 0.0032438204843213548 -0.00092708661644177635 -0.0052682055177563436 -0.0059811925013324892 -0.0029419580534267558 -0.0073771374437034097 -0.0018133982553160868 -0.0032409110035100312 -0.011957322757726463 0.0038495751077774337 -0.0035561952603944745 0.0018014799201338555 0.012564806898967077 -0.0011923618381888702 0.0016470059509444441 0.0015692166771528607 0.00025808245096035334 0.0073652634764071433 -0.010639637664237749 0.0046316139762012584 -0.006990775894010582 0.0071538927195905454 -0.01201160002756637 -0.0018816341441007013 -0.00016745651643331356 -0.0029897563834438584 -0.0052359620517666511 -0.0018032614812969229 -0.0095856114264055575
leaf_weight=23650 3052 583 1146 5292 1255 1472 3316 871 1808 551 928 2634 505 782 2581 600 17159 2408 1504 1472 2943 2779 2309 782 1222 1732 2960 4834 1913 1657
leaf_count=23650 3052 583 1146 5292 1255 1472 3316 871 1808 551 928 2634 505 782 2581 600 17159 2408 1504 1472 2943 2779 2309 782 1222 1732 2960 4834 1913 1657
internal_value=-0.00197673 -0.000589557 -0.00449875 -0.0033871 -0.00140881 -0.00176142 -0.00257714 -0.000185497 -0.00396816 -6.49396e-05 -0.000653051 -0.000217757 -0.000215022 -1.85046e-05 -0.00196881 -0.00167519 0.00012942 -0.00067632 7.6483e-05 3.61747e-06 -0.000392402 -0.00018569 -0.000517907 5.37622e-05 0.000720758 -0.000883056 -0.00159809 -0.000911022 -0.00293066 -0.00221124
internal_weight=96700 62386 34314 10664 20606 17554 10112 41780 9013 38652 7442 5970 1651 38101 6796 3128 32684 5042 31902 30398 13239 11767 8824 6045 3531 2514 5541 5417 3721 2528
internal_count=96700 62386 34314 10664 20606 17554 10112 41780 9013 38652 7442 5970 1651 38101 6796 3128 32684 5042 31902 30398 13239 11767 8824 6045 3531 2514 5541 5417 3721 2528
is_linear=0
shrinkage=0.05


Tree=75
num_leaves=31
num_cat=0
split_feature=12 12 4 12 6 3 4 3 14 12 1 2 4 2 2 2 8 8 1 8 2 8 1 2 2 11 8 3 4 11
split_gain=133.966 8.03449 7.32925 7.2228 4.75589 2.86769 5.16774 2.5276 2.38709 2.26733 2.17792 1.98244 1.96208 1.72945 4.46381 3.3984 2.07535 2.28046 1.61448 1.58609 1.43814 1.87227 1.41907 2.02529 1.52248 2.19263 1.67068 1.40487 2.18599 2.08429
threshold=0.23801269327374347 0.048391918360802984 1.0000000180025095e-35 0.53672721155741032 1.0000000180025095e-35 1.0000000180025095e-35 1.5000000000000002 1.0000000180025095e-35 1.7671860279067906 1.5596605137936936 3.5000000000000004 3.5000000000000004 2.5000000000000004 7.5000000000000009 3.5000000000000004 9.5000000000000018 1.0000000180025095e-35 1.5000000000000002 1.5000000000000002 1.0000000180025095e-35 3.5000000000000004 1.0000000180025095e-35 1.5000000000000002 4.5000000000000009 7.5000000000000009 1.2438483294612259 1.0000000180025095e-35 1.0000000180025095e-35 1.0000000180025095e-35 3.3619682843963106
decision_type=2 2 2 2 2 2 2 2 2 2 2 2 2 2 2 2 2 2 2 2 2 2 2 2 2 2 2 2 2 2
left_child=1 -1 18 5 10 6 -2 -4 11 -6 20 -7 -12 14 -14 -15 -16 -18 -3 -17 21 -5 23 -22 26 -26 -24 28 29 -25
right_child=3 2 7 4 9 8 -8 -9 -10 -11 12 -13 13 15 16 19 17 -19 -20 -21 22 -23 24 27 25 -27 -28 -29 -30 -31
leaf_value=-0.007416606598420721 -6.6014710962324842e-05 0.0021646773595642567 -0.0049267069443600557 0.015145706251220812 -0.0078581847133732449 -0.0034142365690401711 -0.0040783101531315464 -0.0023848917562236185 0.0065740493145568461 -0.0028408765872644758 0.0026040255332356425 5.3671068976904627e-05 -0.0049678795561901206 -0.0092280444068509031 0.016845091825825064 -0.0081778049186916491 -0.0049260527678566084 0.0086034467130728029 -0.00058415365695690437 -0.0010157072646128742 -0.009083972582088708 0.0014817591725977354 -0.021783994292173182 0.010440073703851201 -0.0039571102744184287 0.0035154440215862479 -0.0028791012729554471 0.0048423351215409784 -0.0010450853817901727 0.094347896766804135
leaf_weight=23675 1468 267 5271 633 1477 1248 4139 3724 148 2398 3675 1763 5119 2514 614 2190 856 975 1424 6692 1337 1979 609 1255 3412 4435 2005 5078 6502 42
leaf_count=23675 1468 267 5271 633 1477 1248 4139 3724 148 2398 3675 1763 5119 2514 614 2190 856 975 1424 6692 1337 1979 609 1255 3412 4435 2005 5078 6502 42
internal_value=-0.00197805 -0.00448634 -0.00334831 -0.000600436 -0.000383573 -0.00193133 -0.00261013 -0.00391607 -0.000726497 -0.00207097 -0.000252595 -0.00103122 -0.000615199 -0.000820149 -0.000234004 -0.0012092 0.00152352 0.000679955 -0.000328209 -0.000749832 4.81903e-05 0.00116386 -6.991e-05 0.000255381 -0.000511903 -0.000163758 -0.001557 0.000447696 2.62842e-05 0.00190054
internal_weight=96924 34361 10686 62563 53797 8766 5607 8995 3159 3875 49922 3011 22635 18960 7564 11396 2445 1831 1691 8882 27287 2612 24675 14214 10461 7847 2614 12877 7799 1297
internal_count=96924 34361 10686 62563 53797 8766 5607 8995 3159 3875 49922 3011 22635 18960 7564 11396 2445 1831 1691 8882 27287 2612 24675 14214 10461 7847 2614 12877 7799 1297
is_linear=0
shrinkage=0.05


Tree=76
num_leaves=31
num_cat=0
split_feature=12 12 12 4 6 4 3 1 6 3 8 14 14 14 8 8 11 3 2 2 1 9 1 2 1 2 2 2 14 8
split_gain=133.563 8.49244 7.65485 7.54074 4.77997 3.74733 2.87067 2.52064 3.00297 2.26953 2.58809 1.93169 1.7196 1.71197 1.4732 1.42405 1.38487 1.95467 2.46076 1.73526 1.97896 1.52781 1.49936 2.64907 1.74016 1.42814 1.23621 1.23569 1.22184 1.21374
threshold=0.23801269327374347 0.048391918360802984 1.039915470202802 1.0000000180025095e-35 1.0000000180025095e-35 1.0000000180025095e-35 1.0000000180025095e-35 1.5000000000000002 1.0000000180025095e-35 1.0000000180025095e-35 1.0000000180025095e-35 0.84841971260772153 1.5642527002665703 0.7030220205362262 1.5000000000000002 1.0000000180025095e-35 0.95086493008576956 1.0000000180025095e-35 10.500000000000002 3.5000000000000004 3.5000000000000004 8.0405943742157699 4.5000000000000009 8.5000000000000018 2.5000000000000004 2.5000000000000004 15.500000000000002 4.5000000000000009 2.5268017676855781 1.0000000180025095e-35
decision_type=2 2 2 2 2 2 2 2 2 2 2 2 2 2 2 2 2 2 2 2 2 2 2 2 2 2 2 2 2 2
left_child=1 -1 4 15 5 26 -5 27 13 10 -7 -8 -11 -9 -12 -3 -15 18 22 20 29 28 23 24 -18 -22 -2 -4 -21 -19
right_child=2 3 7 6 -6 9 11 8 -10 12 14 -13 -14 16 -16 -17 17 19 -20 21 25 -23 -24 -25 -26 -27 -28 -29 -30 -31
leaf_value=-0.0070517004150597992 -0.0055146130048690364 0.00081925456145656673 -0.0092336218269153062 -0.0047593037282235053 -0.0082142380691173009 -0.0063088427044020127 -0.0026770940653329505 -0.0079667417111535556 -0.0063422051906040075 -0.002163230417222876 -0.0013221315781100677 0.00019744987953835077 0.0011369343493601543 -0.006202126801295893 -0.0030990209942990429 -0.0014430838113010849 -0.0011422944773735386 0.015056690820550462 0.00048745146137321466 0.009993194313547565 -0.012367969156183966 0.0023004290238278404 -0.010124319717642136 0.0027277538555309884 -0.0100449797232355 0.0010547080325317977 0.0017308398190477811 0.0020062901350305176 0.035433355549795841 0.0018995150767203064
leaf_weight=23763 432 765 1137 5299 1245 1498 3288 1559 2205 5624 2823 444 1147 2282 3485 858 2037 526 9246 1050 1522 1668 1933 1831 1925 1714 2313 11691 79 1437
leaf_count=23763 432 765 1137 5299 1245 1498 3288 1559 2205 5624 2823 444 1147 2282 3485 858 2037 526 9246 1050 1522 1668 1933 1831 1925 1714 2313 11691 79 1437
internal_value=-0.00197344 -0.0044741 -0.000594387 -0.00330111 -0.00144531 -0.00123023 -0.00386502 -0.000234023 -0.00047785 -0.00154936 -0.00213041 -0.00280279 -0.000879487 -0.000341735 -0.00168675 -0.000163279 -0.000249542 -0.000141783 -0.000445441 0.00050275 -3.75084e-05 0.00150697 -0.00110407 -0.00070171 -0.00142857 -0.000797282 0.00046448 0.000355471 0.00292737 0.00121498
internal_weight=96826 34417 62409 10654 18567 17322 9031 43842 31014 14577 7806 3732 6771 28809 6308 1623 27250 24968 16972 7996 5199 2797 7726 5793 3962 3236 2745 12828 1129 1963
internal_count=96826 34417 62409 10654 18567 17322 9031 43842 31014 14577 7806 3732 6771 28809 6308 1623 27250 24968 16972 7996 5199 2797 7726 5793 3962 3236 2745 12828 1129 1963
is_linear=0
shrinkage=0.05


Tree=77
num_leaves=31
num_cat=0
split_feature=12 12 4 12 6 14 4 3 3 1 6 8 0 0 0 8 14 12 1 14 14 4 1 4 14 9 8 14 12 1
split_gain=130.851 8.97003 7.24595 6.96636 4.63508 3.28817 3.26194 3.92802 2.73124 2.34551 2.53121 1.93231 1.88405 2.09639 3.20415 2.48532 1.77235 1.56671 1.57827 1.53319 1.50084 1.34063 1.31498 1.29674 1.27948 1.55971 1.18274 1.14746 1.11041 1.33147
threshold=0.23801269327374347 0.048391918360802984 1.0000000180025095e-35 1.039915470202802 1.0000000180025095e-35 0.79185215920177832 1.5000000000000002 1.0000000180025095e-35 1.0000000180025095e-35 1.5000000000000002 1.0000000180025095e-35 1.0000000180025095e-35 19.500000000000004 17.500000000000004 13.500000000000002 1.5000000000000002 0.88651070079589156 2.2499799031666559 5.5000000000000009 1.4326904105520948 1.6952142143795002 1.0000000180025095e-35 1.0000000180025095e-35 9.5000000000000018 2.4554730853233728 7.9318198620128415 1.0000000180025095e-35 0.1935711841940839 0.37712232498372095 4.5000000000000009
decision_type=2 2 2 2 2 2 2 2 2 2 2 2 2 2 2 2 2 2 2 2 2 2 2 2 2 2 2 2 2 2
left_child=1 -1 26 4 6 -5 -2 11 -4 21 12 -8 13 14 24 17 -10 19 -19 -15 27 -7 -22 28 -11 -26 -3 -9 -13 -30
right_child=3 2 8 5 -6 9 7 20 16 10 -12 23 -14 15 -16 -17 -18 18 -20 -21 22 -23 -24 -25 25 -27 -28 -29 29 -31
leaf_value=-0.0066981592734874492 0.00024788528414667943 0.00070796655564098144 -0.0045208335264115542 -0.0068534953326511178 -0.0078149223308923432 0.021058132577287048 -0.0062707722185185435 -0.0035884626788466796 -0.0024841199885695005 0.0010140775612926618 -0.0053630567170758611 -0.0024089991618994003 -0.0055795507144300229 0.0028013274212818962 -0.0050792615019030762 -0.001943531051424939 0.00021799471841686086 0.0023742292248762451 0.020226144669310154 0.020406732429698898 -0.0044188866602555294 0.0010022469228920855 0.0044220908870509527 -0.0051100934560361138 0.05209429812048362 0.016459756994792501 -0.0010571120907849766 -0.0011492370593744782 -0.00070106727448364739 -0.0036154473533028747
leaf_weight=23685 3167 783 5271 3246 1251 968 1422 812 3347 8474 2041 1089 4443 193 8225 2002 387 1955 640 322 107 10917 607 1370 54 111 880 5170 2454 1133
leaf_count=23685 3167 783 5271 3246 1251 968 1422 812 3347 8474 2041 1089 4443 193 8225 2002 387 1955 640 322 107 10917 607 1370 54 111 880 5170 2454 1133
internal_value=-0.00197905 -0.00445565 -0.00325178 -0.000610636 -0.00142127 -0.000265079 -0.00120911 -0.00153347 -0.00381177 -0.000141902 -0.000388265 -0.00232191 -0.000257202 -6.73474e-05 -0.00033622 0.000819639 -0.00277718 0.00170418 0.00120424 0.0042233 -0.000654123 0.000448043 0.0015126 -0.00193186 0.000336265 0.00469697 -0.000219484 -0.000912739 -0.0015355 -0.00111096
internal_weight=96526 34353 10668 62173 18582 43591 17331 14164 9005 40345 28460 7468 26419 21976 16864 5112 3734 3110 2595 515 6696 11885 714 6046 8639 165 1663 5982 4676 3587
internal_count=96526 34353 10668 62173 18582 43591 17331 14164 9005 40345 28460 7468 26419 21976 16864 5112 3734 3110 2595 515 6696 11885 714 6046 8639 165 1663 5982 4676 3587
is_linear=0
shrinkage=0.05


Tree=78
num_leaves=31
num_cat=0
split_feature=12 12 12 4 6 3 4 3 14 0 12 14 14 13 2 4 3 12 14 14 0 8 12 14 2 0 7 0 0 10
split_gain=132.733 9.31095 6.81311 5.54528 4.05039 3.30388 3.07643 4.82885 2.51846 2.40799 2.09019 1.85451 1.62487 1.5982 1.45885 1.44393 2.5283 1.30599 2.07717 1.54526 1.23365 1.20791 1.13598 1.12202 1.08654 1.01159 1.32021 1.48088 1.10844 1.03402
threshold=0.23801269327374347 0.048391918360802984 0.57193571077305461 1.0000000180025095e-35 1.0000000180025095e-35 1.0000000180025095e-35 1.0000000180025095e-35 1.0000000180025095e-35 0.68593867737839054 20.500000000000004 1.5596605137936936 1.3952280761848197 0.84841971260772153 1.7632493506213716 20.500000000000004 1.0000000180025095e-35 1.0000000180025095e-35 0.76537315468129263 0.28886469119929453 0.45677519373947462 17.500000000000004 1.0000000180025095e-35 0.98315794437631931 0.18621845708737503 3.5000000000000004 17.500000000000004 1.0000000180025095e-35 12.500000000000002 8.5000000000000018 7.5208607374836234
decision_type=2 2 2 2 2 2 2 2 2 2 2 2 2 2 2 2 2 2 2 2 2 2 2 2 2 2 2 2 2 2
left_child=1 -1 6 -3 8 -5 -2 14 17 13 -6 23 -7 -10 -8 -15 25 18 -4 -19 -12 -18 -21 -9 -25 26 28 -28 -17 -27
right_child=2 3 4 5 10 12 7 11 9 -11 20 -13 -14 15 -16 16 21 19 -20 22 -22 -23 -24 24 -26 29 27 -29 -30 -31
leaf_value=-0.0063694504049527298 0.00035170031436751584 -0.00040400335625770042 -0.0081943404755058062 -0.0042985727585832948 -0.0073697979548786362 -0.0023822925595117363 -0.0025458339810582918 -0.0035016143487967607 -0.00078167552617438489 -0.0039871687547188457 -0.0056902454468636893 0.001906715075689046 0.00016801505051972139 0.014926993218046389 -0.0063398402872029934 0.037824018534798498 0.014963096989668757 -0.011405990286649894 0.0024388271487521236 0.00067233252776844634 0.00046702622369294535 0.0033087013684072394 -0.0061412721693661389 -0.0030438975320853916 0.00046412019286496542 -0.0025165070530301448 0.027922391319820362 0.0012399564069020979 -0.0053086800542325972 0.0054702642412908977
leaf_weight=23655 1364 1638 320 5299 1435 3323 3171 736 25174 5558 1529 597 447 2099 1538 49 1692 754 975 760 842 3227 2117 852 1237 1454 76 275 3343 1318
leaf_count=23655 1364 1638 320 5299 1435 3323 3171 736 25174 5558 1529 597 447 2099 1538 49 1692 754 975 760 842 3227 2117 852 1237 1454 76 275 3343 1318
internal_value=-0.00194798 -0.00444415 -0.000575435 -0.00322079 -0.000354455 -0.00370438 -0.00180885 -0.00217747 -0.000232869 -0.000113522 -0.00192591 -0.000748102 -0.00257295 2.62215e-05 -0.00321618 0.000464419 0.000243133 -0.00130532 5.79139e-05 -0.00179152 -0.00101434 0.0010988 -0.00126347 -0.00128319 -0.00069172 -0.000402918 -0.000939087 0.00198006 -0.00124116 0.000321067
internal_weight=96854 34362 62492 10707 52997 9069 9495 8131 49191 44265 3806 3422 3770 38707 4709 13533 11434 4926 1295 3631 2371 4919 2877 2825 2089 6515 3743 351 3392 2772
internal_count=96854 34362 62492 10707 52997 9069 9495 8131 49191 44265 3806 3422 3770 38707 4709 13533 11434 4926 1295 3631 2371 4919 2877 2825 2089 6515 3743 351 3392 2772
is_linear=0
shrinkage=0.05


Tree=79
num_leaves=31
num_cat=0
split_feature=12 12 12 4 4 3 6 3 12 13 0 2 0 3 4 4 1 14 2 1 11 1 14 0 11 13 2 0 1 14
split_gain=132.358 8.81275 6.87008 4.7352 4.59948 4.19933 3.41858 2.8811 2.45177 2.42861 2.23156 2.10318 1.77338 1.70662 2.91946 1.75379 1.71617 1.61134 1.32078 1.59985 1.42161 1.57415 1.29174 1.28935 1.42467 2.49485 1.24756 1.8414 1.15646 1.05209
threshold=0.19513604225284981 0.52066231261145879 0.048391918360802984 1.5000000000000002 1.0000000180025095e-35 1.0000000180025095e-35 1.0000000180025095e-35 1.0000000180025095e-35 1.6263503427068005 0.34257931648052437 20.500000000000004 20.500000000000004 17.500000000000004 1.0000000180025095e-35 1.0000000180025095e-35 8.5000000000000018 1.5000000000000002 1.5642527002665703 3.5000000000000004 3.5000000000000004 0.13817021750351233 1.0000000180025095e-35 0.88651070079589156 7.5000000000000009 0.45273935515264696 0.27394499998834448 28.500000000000004 9.5000000000000018 1.5000000000000002 1.1170251600835941
decision_type=2 2 2 2 2 2 2 2 2 2 2 2 2 2 2 2 2 2 2 2 2 2 2 2 2 2 2 2 2 2
left_child=2 3 -1 -2 28 11 9 -6 -8 -3 13 -5 -10 14 16 -15 -11 -17 19 -7 -20 -22 -9 -23 25 26 27 -25 -4 -26
right_child=1 6 4 5 7 18 8 22 12 10 -12 -13 -14 15 -16 17 -18 -19 20 -21 21 23 -24 24 29 -27 -28 -29 -30 -31
leaf_value=-0.006043449862383329 0.00032253595507240597 -0.0049691635262066125 0.0021736151279727698 -0.0022398324472504981 -0.0044787498078302374 -1.3279852364564541e-05 -0.0068103396262015675 -0.0023466423991316751 -0.0049548844658900441 0.01754702496632304 -0.0033684032138389681 -0.0060920621929638633 0.0024964798806043757 0.0074948003877801346 -0.0017862805956363741 -0.0015419964804520773 0.0014161024110400083 0.0043984835611297858 -0.0024273889855391121 -0.0049237696211071351 -0.0032140848693050887 -0.0016876288216740574 0.00066568312756544934 0.00619742110515088 -0.0029329665499894567 0.0010497947233493324 0.0028422321468440561 0.012407778695846824 -0.00067909308615775668 0.0025195686574931674
leaf_weight=23730 1821 1397 211 3408 3953 531 1610 2625 1454 1135 6040 1868 838 1063 19812 7923 5469 7384 494 1071 472 337 164 61 158 554 69 51 1074 147
leaf_count=23730 1821 1397 211 3408 3953 531 1610 2625 1454 1135 6040 1868 838 1063 19812 7923 5469 7384 494 1071 472 337 164 61 158 554 69 51 1074 147
internal_value=-0.00192336 -0.000633527 -0.00457017 -0.00192085 -0.00330572 -0.00238098 -0.000370902 -0.00382824 -0.00179652 -0.000260141 -0.000201328 -0.00330364 -0.000746074 -7.43246e-05 -0.000322912 0.000326816 0.000587522 0.000190435 -0.00114702 -0.00225343 -0.000390526 0.000246078 -0.00259771 0.00110022 0.00197115 0.00316326 0.00825967 0.0115179 -0.000564204 -0.000901641
internal_weight=96924 65167 31757 11042 8027 9221 54125 6742 3902 50223 48826 5276 2292 42786 26416 16370 6604 15307 3945 1602 2343 1849 2789 1377 1040 735 181 112 1285 305
internal_count=96924 65167 31757 11042 8027 9221 54125 6742 3902 50223 48826 5276 2292 42786 26416 16370 6604 15307 3945 1602 2343 1849 2789 1377 1040 735 181 112 1285 305
is_linear=0
shrinkage=0.05


Tree=80
num_leaves=31
num_cat=0
split_feature=12 12 12 4 3 4 2 3 1 6 11 3 14 8 4 8 8 4 14 11 8 2 12 2 10 2 11 12 1 0
split_gain=132.101 9.21598 7.25838 4.66836 6.26429 4.44925 3.06523 2.71975 2.24844 1.94442 2.09341 2.02797 1.93766 1.80056 3.87164 2.06567 1.72408 1.62108 1.54526 1.39266 1.39158 1.3804 1.53141 1.29831 1.29681 1.26621 1.21665 1.16101 1.15297 1.15214
threshold=0.19513604225284981 1.039915470202802 0.048391918360802984 1.5000000000000002 1.0000000180025095e-35 1.0000000180025095e-35 20.500000000000004 1.0000000180025095e-35 1.5000000000000002 1.0000000180025095e-35 1.0955670715704928 1.0000000180025095e-35 1.5736253221588223 1.0000000180025095e-35 2.5000000000000004 2.5000000000000004 1.0000000180025095e-35 8.5000000000000018 0.88651070079589156 3.5815273656378563 1.0000000180025095e-35 18.500000000000004 0.14994059852619793 4.5000000000000009 8.9712685928948392 3.5000000000000004 0.2002750255002253 0.57193571077305461 4.5000000000000009 17.500000000000004
decision_type=2 2 2 2 2 2 2 2 2 2 2 2 2 2 2 2 2 2 2 2 2 2 2 2 2 2 2 2 2 2
left_child=2 3 -1 -2 6 20 16 -7 23 10 -10 13 26 14 -12 29 -5 -14 -9 -16 21 -4 -23 -3 -25 28 -6 -8 -13 -15
right_child=1 8 5 4 12 7 27 18 9 -11 11 25 17 15 19 -17 -18 -19 -20 -21 -22 22 -24 24 -26 -27 -28 -29 -30 -31
leaf_value=-0.0057359790967820247 0.00021530118249790502 -0.0097890590114838791 -0.000365945799349561 -0.0042984870022737213 -0.002480206827736124 -0.004228342281395573 -0.0056527404721096993 -0.0023718430767471687 -0.0055676413824855518 -0.0039668971016475251 0.012033586674153079 0.0027093798948831221 0.012110678392093429 -6.9947533470693902e-05 -0.011750042790208633 -0.0027348955782658352 -0.0016534508492682496 0.00059847681690404085 0.00071035237719436085 -0.0052914952184561874 -0.0016185313874709326 0.0032913252722637956 -4.4625954958861026e-05 0.0017801352462516115 0.035364560756906915 0.006524450896171409 -0.0010415793929189313 -0.0053743175206498921 -0.0073417085897950693 0.0053499859214801247
leaf_weight=23529 3595 1146 471 1336 1502 3930 2083 2608 4228 2237 1098 3266 86 3534 2189 6604 5102 1036 149 1433 636 96 97 11652 42 2532 5001 1451 1607 2301
leaf_count=23529 3595 1146 471 1336 1502 3930 2083 2608 4228 2237 1098 3266 86 3534 2189 6604 5102 1036 149 1433 636 96 97 11652 42 2532 5001 1451 1607 2301
internal_value=-0.00189885 -0.000611812 -0.00455578 -0.00146801 -0.00180343 -0.00325341 -0.00262836 -0.00377374 -0.000198205 -0.000428471 -0.000318145 -0.000141265 -0.000724591 -0.000439712 -0.00127119 -0.000124207 -0.00197888 0.00119429 -0.00256982 -0.00205964 -0.000576924 0.0010241 0.00458549 0.000358254 0.000515648 0.000550303 -0.00105567 -0.00381155 7.90056e-05 0.000561267
internal_weight=96577 65061 31516 21192 17597 7987 9972 6687 43869 31029 28792 24564 7625 17159 4720 12439 6438 1122 2757 3622 1300 664 193 12840 11694 7405 6503 3534 4873 5835
internal_count=96577 65061 31516 21192 17597 7987 9972 6687 43869 31029 28792 24564 7625 17159 4720 12439 6438 1122 2757 3622 1300 664 193 12840 11694 7405 6503 3534 4873 5835
is_linear=0
shrinkage=0.05


Tree=81
num_leaves=31
num_cat=0
split_feature=12 12 12 4 6 4 3 3 2 13 0 0 0 8 12 12 14 0 2 8 0 12 8 14 0 0 13 12 11 13
split_gain=132.942 9.09287 7.40862 4.97522 3.83386 3.33629 4.54924 3.16564 2.43522 2.14815 2.22114 2.63861 3.40368 2.42118 2.23327 2.12192 2.35338 2.04367 1.98418 2.14135 1.7937 1.76706 1.69197 1.62272 1.6147 1.47195 1.44913 1.43073 1.37698 1.3549
threshold=0.18962242370120233 0.52066231261145879 0.048391918360802984 1.0000000180025095e-35 1.0000000180025095e-35 1.0000000180025095e-35 1.0000000180025095e-35 1.0000000180025095e-35 20.500000000000004 0.34257931648052437 20.500000000000004 16.500000000000004 13.500000000000002 1.5000000000000002 1.9315817605357493 0.76537315468129263 1.303461280669326 17.500000000000004 18.500000000000004 1.0000000180025095e-35 18.500000000000004 1.6093500536482601 1.0000000180025095e-35 2.620276331773133 17.500000000000004 19.500000000000004 1.5576979661988528 2.3409067331657796 0.2002750255002253 1.1716768627872554
decision_type=2 2 2 2 2 2 2 2 2 2 2 2 2 2 2 2 2 2 2 2 2 2 2 2 2 2 2 2 2 2
left_child=2 5 -1 18 9 -2 8 -5 22 -3 11 12 23 14 17 16 -14 -13 -4 -20 -15 -6 -7 -11 -16 -26 -24 -27 -8 -30
right_child=1 4 3 7 21 6 28 -9 -10 10 -12 13 15 20 24 -17 -18 -19 19 -21 -22 -23 26 -25 25 27 -28 -29 29 -31
leaf_value=-0.0054565013890082725 0.00032868014822480166 -0.0044016344196815185 -0.00085705553728522609 -0.0041108365717812149 -0.0060619372924965928 -0.003798699486476632 -0.0019388909679021477 -0.0018454698407937504 -0.0054119683641075059 0.00022291500146351083 -0.0030707071480501088 0.0039737011299665571 0.00044399589490022985 0.0026732304884570773 -0.0054033379583350652 -0.0044812721687264119 0.010378042525401501 0.020400424116510274 0.0030133043906430748 -0.00039716191690992064 -0.004351290887520857 -0.0018851251395182477 -0.0016487210642668376 0.030268000114283551 0.0092068901098716679 0.006595395734421786 0.0023383633881595691 -0.0051560192800219982 -0.0011396633189453109 0.0022098336596279716
leaf_weight=23624 1616 1387 893 3742 1595 1130 1656 2616 1921 17104 6044 784 629 3125 1398 10157 136 466 180 178 2761 2298 2603 177 4126 576 97 1378 1894 579
leaf_count=23624 1616 1387 893 3742 1595 1130 1656 2616 1921 17104 6044 784 629 3125 1398 10157 136 466 180 178 2761 2298 2603 177 4126 576 97 1378 1894 579
internal_value=-0.00187778 -0.000600044 -0.00456296 -0.00320607 -0.000328865 -0.00187718 -0.00222166 -0.0037732 -0.00313076 -0.000211751 -0.00015667 -3.00126e-05 -0.000312557 0.000515258 0.00104377 -0.00100348 0.00153595 0.003 -0.000323742 0.00282123 -0.000268435 -0.00184048 -0.00240209 0.000124124 0.000716768 0.00106908 -0.00172222 -6.14137e-05 -0.000955438 -0.00020825
internal_weight=96870 65637 31233 7609 54141 11496 9880 6358 5751 50248 48861 42817 28203 14614 8728 10922 765 1250 1251 358 5886 3893 3830 17281 7478 6080 2700 1954 4129 2473
internal_count=96870 65637 31233 7609 54141 11496 9880 6358 5751 50248 48861 42817 28203 14614 8728 10922 765 1250 1251 358 5886 3893 3830 17281 7478 6080 2700 1954 4129 2473
is_linear=0
shrinkage=0.05


Tree=82
num_leaves=31
num_cat=0
split_feature=12 12 12 4 3 4 3 2 12 8 14 0 0 8 8 8 11 8 12 0 12 12 14 12 4 14 2 8 12 2
split_gain=135.071 10.6886 5.88126 4.21049 4.20708 3.73203 2.57757 2.34537 2.33121 1.90309 1.8425 1.678 1.79327 2.40164 2.22699 2.19309 1.98681 2.22303 4.13792 2.04574 2.80128 1.8822 2.08231 1.73361 2.15931 1.62177 1.52612 1.77113 1.48966 1.54734
threshold=0.17605792936502632 0.52066231261145879 0.048391918360802984 1.5000000000000002 1.0000000180025095e-35 1.0000000180025095e-35 1.0000000180025095e-35 20.500000000000004 2.8755997661057462 1.0000000180025095e-35 0.53854056593088895 20.500000000000004 16.500000000000004 1.5000000000000002 3.5000000000000004 1.5000000000000002 2.1150661114527134 1.0000000180025095e-35 1.039915470202802 12.500000000000002 0.72412079033307097 1.592968155458466 0.84841971260772153 1.2416670953716158 9.5000000000000018 0.13471814537672347 18.500000000000004 1.5000000000000002 1.4462720853258568 7.5000000000000009
decision_type=2 2 2 2 2 2 2 2 2 2 2 2 2 2 2 2 2 2 2 2 2 2 2 2 2 2 2 2 2 2
left_child=2 3 -1 -2 7 26 -7 9 10 -5 -3 12 15 -14 -15 16 17 18 -12 21 -21 22 23 24 -19 -6 -4 -28 29 -16
right_child=1 8 5 4 25 6 -8 -9 -10 -11 11 -13 13 14 28 -17 -18 19 -20 20 -22 -23 -24 -25 -26 -27 27 -29 -30 -31
leaf_value=-0.0051825441201034219 9.2463089075986481e-05 -0.0035514157376466127 -0.0009313956965944346 -0.0038003198496276477 -0.0026924022204950454 -0.0039824939161631698 -0.0017641666340489457 -0.0052993148929231593 0.0031931740106847547 -0.0014032547002169177 0.020065239174229504 -0.0029130352785082751 0.004391434093249609 -0.0038366315351426165 0.024396921404690221 0.00040839237972833329 -0.0083657080004892453 0.0085596491298693175 0.00056252153479884157 0.0042122756957123217 -0.0057620707211368423 -0.0061258712016028288 0.0076687675815144008 -0.0062283723723389594 -0.0046879506415424934 -0.00071503467515318881 0.0025598665405664155 -0.00090302570253800835 0.0030955710980292818 0.0050379550274319475
leaf_weight=23760 2063 3448 791 1199 1013 3161 2269 2100 7980 2656 210 6468 5535 3782 54 10322 3416 338 2979 443 4086 1565 914 463 264 3425 173 123 1550 99
leaf_count=23760 2063 3448 791 1199 1013 3161 2269 2100 7980 2656 210 6468 5535 3782 54 10322 3416 338 2979 443 4086 1565 914 463 264 3425 173 123 1550 99
internal_value=-0.00186753 -0.000605076 -0.00463504 -0.00192518 -0.00233475 -0.00330444 -0.00383978 -0.00320319 -0.000300098 -0.00247082 -0.000437131 -0.000346923 -0.000213771 0.000317603 -0.000423885 -0.000448001 -0.000840715 -0.000520335 0.000597365 -0.000961849 -0.00166593 -6.20779e-05 0.000962606 -0.000539907 0.00122923 -0.00116945 -0.000630176 0.00243243 0.00107751 0.00578431
internal_weight=96649 66372 30277 12456 10393 6517 5430 5955 53916 3855 45936 42488 36020 11020 5485 25000 14678 11262 3189 8073 4529 3544 1979 1065 602 4438 1087 296 1703 153
internal_count=96649 66372 30277 12456 10393 6517 5430 5955 53916 3855 45936 42488 36020 11020 5485 25000 14678 11262 3189 8073 4529 3544 1979 1065 602 4438 1087 296 1703 153
is_linear=0
shrinkage=0.05


Tree=83
num_leaves=31
num_cat=0
split_feature=12 12 12 6 4 4 3 3 4 1 4 14 8 12 14 0 8 12 13 0 8 0 12 12 14 12 3 7 1 11
split_gain=133.881 9.72889 6.00965 3.89103 3.85816 3.65207 5.12333 2.66354 2.5885 2.37173 2.59965 2.08654 1.84536 1.62843 1.57333 1.56497 1.8114 2.68824 1.36586 1.33439 1.29286 1.24248 1.43032 3.07126 1.21642 1.0927 1.42126 1.07642 1.0694 1.02584
threshold=0.17605792936502632 0.53672721155741032 0.048391918360802984 1.0000000180025095e-35 1.0000000180025095e-35 1.0000000180025095e-35 1.0000000180025095e-35 1.0000000180025095e-35 9.5000000000000018 3.5000000000000004 2.5000000000000004 1.7671860279067906 1.0000000180025095e-35 1.3835488272055205 0.17177523891156851 22.500000000000004 1.0000000180025095e-35 0.3197795857231292 0.96085896151607897 20.500000000000004 2.5000000000000004 21.500000000000004 0.8278155230016363 0.96260034456839605 1.6859029167546222 1.127708237104577 1.0000000180025095e-35 1.0000000180025095e-35 2.5000000000000004 1.0635392186171406
decision_type=2 2 2 2 2 2 2 2 2 2 2 2 2 2 2 2 2 2 2 2 2 2 2 2 2 2 2 2 2 2
left_child=2 5 -1 9 -4 24 8 -6 12 21 20 14 -7 -5 -8 16 17 -16 -12 27 -11 -3 -23 -24 -2 26 29 -20 -15 -25
right_child=1 3 4 13 7 6 11 -9 -10 10 18 -13 -14 28 15 -17 -18 -19 19 -21 -22 22 23 25 -26 -27 -28 -29 -30 -31
leaf_value=-0.0049263143939711337 -0.00013462246504424309 0.00086244572250101115 -0.0004187314404710864 -0.0059670080848477792 -0.0037589330875112178 -0.0034026936341823803 -0.0023581949946920237 -0.0018223098845384464 -0.0048962472567963067 0.0062486643649403931 -0.0043508910623421991 0.0057532671819404343 -0.0013011717950032723 -0.0011467590337543574 0.008483826820959342 -0.0026330027940769172 -0.0005873753219922122 0.0014907191973687706 -0.0019353454647260749 -0.004918351555404714 -0.0035952050267965422 -0.0050824037251856339 0.013332235875659848 0.01208531754818941 0.015155351839784724 -0.010603242002028054 -0.011365533373142105 0.008455205966352462 -0.0058879050387342369 0.00032365972275020844
leaf_weight=23581 1726 25740 1078 1197 3150 1364 1478 2248 2167 2355 4514 145 2982 1720 84 765 1740 401 11914 2035 1350 793 78 54 86 360 88 509 957 63
leaf_count=23581 1726 25740 1078 1197 3150 1364 1478 2248 2167 2355 4514 145 2982 1720 84 765 1740 401 11914 2035 1350 793 78 54 86 360 88 509 957 63
internal_value=-0.00185697 -0.000607891 -0.00462738 -0.000311483 -0.00327826 -0.00183877 -0.00217778 -0.00382364 -0.00308076 -0.000192868 -0.000570403 -0.000902884 -0.0023769 -0.00183789 -0.00109445 -0.000434784 0.000235954 0.00293814 -0.00080698 -0.000569928 0.000641024 0.000122165 -0.00130919 0.000443234 0.000242824 -0.000840709 0.00207317 -0.000375514 -0.00115241 0.00568376
internal_weight=96722 66665 30057 53727 6476 12938 11126 5398 6513 49853 22677 4613 4346 3874 4468 2990 2225 485 18972 14458 3705 27176 1436 643 1812 565 205 12423 2677 117
internal_count=96722 66665 30057 53727 6476 12938 11126 5398 6513 49853 22677 4613 4346 3874 4468 2990 2225 485 18972 14458 3705 27176 1436 643 1812 565 205 12423 2677 117
is_linear=0
shrinkage=0.05


Tree=84
num_leaves=31
num_cat=0
split_feature=12 12 12 4 3 4 3 6 2 1 4 0 12 8 14 14 1 14 8 2 8 14 12 2 2 2 12 1 14 2
split_gain=132.075 9.56708 6.48313 3.95566 4.2277 3.69135 2.95527 2.94021 2.45942 2.05016 2.01027 2.01633 1.99954 1.77263 1.68819 1.66728 1.5142 1.57106 1.22017 1.20249 2.12959 1.14513 1.41953 1.12495 1.42624 3.21518 1.10287 1.09617 1.0751 1.02495
threshold=0.17605792936502632 0.52066231261145879 0.048391918360802984 1.5000000000000002 1.0000000180025095e-35 1.0000000180025095e-35 1.0000000180025095e-35 1.0000000180025095e-35 20.500000000000004 3.5000000000000004 2.5000000000000004 20.500000000000004 1.5596605137936936 1.0000000180025095e-35 0.45677519373947462 1.0683955935720295 1.5000000000000002 1.3131875711225278 1.5000000000000002 3.5000000000000004 1.0000000180025095e-35 0.88651070079589156 0.15853286013538914 2.5000000000000004 7.5000000000000009 9.5000000000000018 4.1612021925986946 5.5000000000000009 2.620276331773133 18.500000000000004
decision_type=2 2 2 2 2 2 2 2 2 2 2 2 2 2 2 2 2 2 2 2 2 2 2 2 2 2 2 2 2 2
left_child=2 3 -1 -2 8 18 -7 9 13 19 -11 14 -9 -5 -12 -6 17 -14 29 20 26 -8 -23 -16 27 -26 -3 -25 -29 -4
right_child=1 7 5 4 15 6 21 12 -10 10 11 -13 16 -15 23 -17 -18 -19 -20 -21 -22 22 -24 24 25 -27 -28 28 -30 -31
leaf_value=-0.0046762841792732787 0.00011510975190681981 0.012201544810093246 -0.00022322559297932034 -0.0037198455086947194 -0.0016425298994430999 -0.0036048559641260226 -0.0019869739617974828 -0.0051789556368811744 -0.0045694895389321267 0.0027180930847628595 -0.0050226626633947799 -0.0050272278852227471 -0.0081227530065187663 -0.0013120842358081337 -0.0072357332422345435 0.00047152028946682162 -0.0031558185721415107 0.0036584997212817816 -0.0017451409663873541 -0.00012559602323941081 0.0015248699623778724 -0.00084474700873533545 0.0019554211139170309 0.005132216727131985 -0.0082983227335071998 -0.00051296019065247506 0.059870625096174301 -0.0041833689343504571 0.020908779692360713 0.0020866474464488484
leaf_weight=23641 2076 568 484 1214 3286 3115 2168 1527 2107 3742 926 2219 123 2703 2119 1212 1726 527 422 24713 1987 48 45 2056 2102 7485 51 2053 133 169
leaf_count=23641 2076 568 484 1214 3286 3115 2168 1527 2107 3742 926 2219 123 2703 2119 1212 1726 527 422 24713 1987 48 45 2056 2102 7485 51 2053 133 169
internal_value=-0.00186502 -0.000623735 -0.00461452 -0.00186458 -0.00225813 -0.00320958 -0.00374442 -0.000334555 -0.00312417 -0.000231688 -0.000581346 -0.000789034 -0.00165642 -0.0023832 -0.000602704 -0.00109827 -0.000749159 0.00130769 -0.000534885 6.05794e-05 0.00108212 -0.00236842 0.00306451 -0.000482193 -0.000317812 -0.000655576 0.00364297 0.000445543 -0.000333944 0.000819294
internal_weight=96747 66655 30092 12598 10522 6451 5376 54057 6024 50154 22835 19093 3903 3917 16874 4498 2376 650 1075 27319 2606 2261 93 15948 13829 9587 619 4242 2186 653
internal_count=96747 66655 30092 12598 10522 6451 5376 54057 6024 50154 22835 19093 3903 3917 16874 4498 2376 650 1075 27319 2606 2261 93 15948 13829 9587 619 4242 2186 653
is_linear=0
shrinkage=0.05


Tree=85
num_leaves=31
num_cat=0
split_feature=12 12 12 4 3 6 6 14 1 12 4 3 4 11 8 3 11 13 11 8 1 1 14 7 0 14 12 0 11 0
split_gain=131.731 7.94842 7.82216 4.30744 3.55832 3.19846 3.06712 2.61045 2.13599 2.09391 2.06974 2.36951 1.6547 1.35965 1.25811 2.18901 1.26608 1.12401 1.08684 1.03451 1.02685 1.01108 1.00409 0.965682 0.959996 0.907836 0.881212 1.46988 1.00372 0.870714
threshold=0.17605792936502632 0.44608220339315774 0.048391918360802984 1.0000000180025095e-35 1.0000000180025095e-35 1.0000000180025095e-35 1.0000000180025095e-35 0.088883986181368682 3.5000000000000004 1.6437705664233684 1.5000000000000002 1.0000000180025095e-35 2.5000000000000004 1.382908415275633 1.0000000180025095e-35 1.0000000180025095e-35 3.171930566251437 0.25471490476112818 1.6736092545905168 2.5000000000000004 5.5000000000000009 1.0000000180025095e-35 0.88651070079589156 1.0000000180025095e-35 17.500000000000004 1.2648265340737657 2.6062466583150026 12.500000000000002 0.90344834611076996 22.500000000000004
decision_type=2 2 2 2 2 2 2 2 2 2 2 2 2 2 2 2 2 2 2 2 2 2 2 2 2 2 2 2 2 2
left_child=2 6 -1 -4 -5 8 7 -2 17 -7 21 -12 19 20 15 16 -15 -3 -17 -10 -14 25 -6 24 -11 -9 28 -28 -21 -13
right_child=1 5 3 4 22 9 -8 10 12 23 11 29 13 14 -16 18 -18 -19 -20 26 -22 -23 -24 -25 -26 -27 27 -29 -30 -31
leaf_value=-0.0044503276340780657 -0.0040136319528007846 -0.0034778425789499068 -3.5959296461780417e-05 -0.0033903776206197344 -0.0017902300290883596 -0.0054206221638521236 -0.0067594908656021446 0.0021434467658476759 0.0045914898669555974 -0.0049032337092445033 -0.0018811751842489092 -0.00033240216046706269 -0.002036613165686544 -0.010598194148150573 -0.00056735277024482693 0.015141005006350357 -0.0057480642203807664 0.00034642538780397272 -0.0017895033376657727 0.0017058909592944434 -0.0048823061085968159 -0.00024628538190586241 0.00092110985406907656 0.010276235200653454 0.0006791466206672184 0.007401717670959946 0.08486294033691269 -0.019384198338257143 -0.0091421479158264318 -0.0020900441856019905
leaf_weight=23648 856 551 1067 3130 2198 1770 774 191 2423 1338 3932 2767 5645 1277 8701 261 1222 27760 854 382 1956 1389 76 106 810 44 67 85 910 680
leaf_count=23648 856 551 1067 3130 2198 1770 774 191 2423 1338 3932 2767 5645 1277 8701 261 1222 27760 854 382 1956 1389 76 106 810 44 67 85 910 680
internal_value=-0.00182513 -0.000586584 -0.00457004 -0.00302967 -0.00360289 -0.000349087 -0.00184003 -0.00160209 -0.000244175 -0.00170726 -0.00135122 -0.00170687 -0.000593492 -0.000777266 -0.000452701 -0.00123686 -0.00205882 4.92729e-05 0.00060538 0.000352986 -0.00130312 0.000264777 -0.00209763 -0.000696541 -0.000926444 0.00329787 -0.000706372 0.00289474 -0.00113003 -0.000749929
internal_weight=96870 66751 30119 6471 5404 56118 10633 9859 52094 4024 9003 7379 23783 19916 12315 3614 2499 28311 1115 3867 7601 1624 2274 2254 2148 235 1444 152 1292 3447
internal_count=96870 66751 30119 6471 5404 56118 10633 9859 52094 4024 9003 7379 23783 19916 12315 3614 2499 28311 1115 3867 7601 1624 2274 2254 2148 235 1444 152 1292 3447
is_linear=0
shrinkage=0.05


Tree=86
num_leaves=31
num_cat=0
split_feature=12 12 12 6 5 3 5 3 6 13 0 7 1 12 14 14 2 8 0 8 12 0 0 12 9 1 11 0 11 12
split_gain=133.217 8.23521 7.48722 3.6839 3.61341 3.59651 2.82462 2.40867 2.15291 1.84519 2.03453 1.73709 1.66515 1.63842 1.60575 1.5754 1.49724 1.4098 1.39012 1.87127 2.66517 2.01143 1.69548 1.15303 1.21018 1.11236 1.08515 1.47173 1.3107 1.16064
threshold=0.17605792936502632 0.52066231261145879 0.048391918360802984 1.0000000180025095e-35 1.0000000180025095e-35 1.0000000180025095e-35 1.0000000180025095e-35 1.0000000180025095e-35 1.0000000180025095e-35 0.92598520035944032 20.500000000000004 1.0000000180025095e-35 1.5000000000000002 3.2481109671717454 0.98321410447944702 0.18621845708737503 4.5000000000000009 1.0000000180025095e-35 17.500000000000004 1.5000000000000002 1.9315817605357493 19.500000000000004 8.5000000000000018 1.3511854668059446 7.5658720169873837 3.5000000000000004 3.3619682843963106 7.5000000000000009 1.6926799310388281 2.4092921713649753
decision_type=2 2 2 2 2 2 2 2 2 2 2 2 2 2 2 2 2 2 2 2 2 2 2 2 2 2 2 2 2 2
left_child=2 3 -1 6 5 -4 7 17 9 -3 11 18 13 -10 -7 -9 -17 -2 22 20 25 -22 26 -14 -25 -20 27 -11 -29 -30
right_child=1 8 4 -5 -6 14 -8 15 12 10 -12 -13 23 -15 -16 16 -18 -19 19 -21 21 -23 -24 24 -26 -27 -28 28 29 -31
leaf_value=-0.0042276638037065514 -0.0036336698300891376 -0.0024081430681581117 -0.0032379782398488629 -0.0065048992925594703 -0.00023349841504068339 -0.0016365042660793244 0.0003146720040835924 -0.002082497318709524 -0.00049746804669739176 0.0062210419146349043 -0.0024806497921685921 0.010928830281425262 -0.0070942807159435853 0.025884263071373554 0.0015549157042068083 -0.0014954570021949727 0.00096720895870447713 -0.0014501446622103955 0.023723705411601074 -0.0016250933747274446 0.0082334872616872407 -0.0029383533073796693 -0.0011689857198494565 0.0080938699961593478 -0.0045155374071828283 0.010583507996433074 -0.0031911335127047108 0.063727090967678313 0.024710514181232438 0.014518086939790162
leaf_weight=23626 1736 10165 3147 887 1103 2175 1800 1655 1250 306 5920 1454 689 40 66 1511 1331 3687 67 3827 4069 1969 21649 156 1790 380 220 49 46 164
leaf_count=23626 1736 10165 3147 887 1103 2175 1800 1655 1250 306 5920 1454 689 40 66 1511 1331 3687 67 3827 4069 1969 21649 156 1790 380 220 49 46 164
internal_value=-0.00181742 -0.000572984 -0.00457831 -0.00172404 -0.00307426 -0.00360802 -0.00148891 -0.00181956 -0.000305295 -0.000217263 -6.48068e-05 8.33321e-05 -0.00143312 3.87585e-05 -0.0020772 -0.000963977 -0.000249825 -0.00252904 8.24409e-06 0.00048875 0.00100617 0.000730373 -0.000212625 -0.0021537 -0.00153135 0.00473154 0.00207006 0.00323009 0.00600386 0.00428571
internal_weight=96934 66817 30117 12607 6491 5388 11720 9920 54210 50285 40120 34200 3925 1290 2241 4497 2842 5423 32746 10312 6485 6038 22434 2635 1946 447 785 565 259 210
internal_count=96934 66817 30117 12607 6491 5388 11720 9920 54210 50285 40120 34200 3925 1290 2241 4497 2842 5423 32746 10312 6485 6038 22434 2635 1946 447 785 565 259 210
is_linear=0
shrinkage=0.05


Tree=87
num_leaves=31
num_cat=0
split_feature=12 12 12 6 5 3 14 14 0 11 6 12 0 12 14 8 11 14 3 9 2 2 12 5 0 1 12 13 7 14
split_gain=131.831 8.20053 7.50804 3.5939 3.12167 3.16938 2.19163 2.16902 2.13649 2.11832 1.80084 1.77241 1.56245 1.42155 1.90617 1.67875 1.45106 1.3581 1.21283 1.22658 1.2055 2.02699 1.1736 1.15341 1.15143 1.09235 1.26808 1.04914 1.13185 0.960919
threshold=0.17605792936502632 0.52066231261145879 0.048391918360802984 1.0000000180025095e-35 1.0000000180025095e-35 1.0000000180025095e-35 0.088883986181368682 0.35208839802829789 21.500000000000004 0.43839986880256293 1.0000000180025095e-35 1.4462720853258568 22.500000000000004 0.72412079033307097 0.45677519373947462 1.5000000000000002 0.60662448519596002 0.98321410447944702 1.0000000180025095e-35 7.8396486500113927 27.500000000000004 28.500000000000004 0.46109249075020248 1.0000000180025095e-35 10.500000000000002 1.5000000000000002 3.2481109671717454 2.9314132602403169 1.0000000180025095e-35 0.77234689896875075
decision_type=2 2 2 2 2 2 2 2 2 2 2 2 2 2 2 2 2 2 2 2 2 2 2 2 2 2 2 2 2 2
left_child=2 3 -1 6 5 -4 -2 -3 10 12 13 -12 20 15 -15 -9 24 -7 -11 22 23 29 -20 -8 -17 26 -13 28 -16 -22
right_child=1 7 4 -5 -6 17 9 8 -10 18 11 25 -14 14 27 16 -18 -19 19 -21 21 -23 -24 -25 -26 -27 -28 -29 -30 -31
leaf_value=-0.0040061252344811317 -0.0036629767014669037 -0.0042592559409766577 -0.0030498991232384256 -0.0060859510077115788 -0.00037047304840144503 -0.001451474772739421 -0.00099175255193618733 0.0052315379421331853 -0.0036570838843157935 -0.0031668064949673482 -0.0052563474051672615 0.00084059955031684475 -0.001971678739418867 -0.0074316560465104778 -0.00086959886790528699 0.0060399698177199118 -0.0018791889868086259 0.0011892906955452602 -0.00060584412779573311 -0.0024155111679904267 0.0049949499887924024 -0.0003100322682687551 0.01050846606000372 0.00040018249601159184 0.0018300568792234244 -0.0026833925224567928 0.024582684250425757 0.0069861795824038512 0.0055352777386310937 0.00062931602652662117
leaf_weight=23598 872 1228 3168 900 1067 2194 4326 666 2828 2022 1065 681 1675 637 40515 59 612 65 80 379 137 841 51 1232 502 1818 41 1763 1544 96
leaf_count=23598 872 1228 3168 900 1067 2194 4326 666 2828 2022 1065 681 1675 637 40515 59 612 65 80 379 137 841 51 1232 502 1818 41 1763 1544 96
internal_value=-0.00182657 -0.0005851 -0.00457298 -0.00173301 -0.00306745 -0.00355353 -0.00149902 -0.000316816 -0.000268439 -0.00130501 -0.000192675 -0.00126907 -0.000919106 -0.000108861 -0.00016521 0.0012534 0.000115088 -0.00212262 -0.00257109 -0.000392158 -0.000574489 0.00095903 0.00377862 -0.000870818 0.00195187 -0.000551182 0.00109418 -0.000125737 -0.000175826 0.00508584
internal_weight=96662 66570 30092 12611 6494 5427 11711 53959 52731 10839 49903 3605 8307 46298 44459 1839 1173 2259 2532 510 6632 1074 131 5558 561 2540 722 43822 42059 233
internal_count=96662 66570 30092 12611 6494 5427 11711 53959 52731 10839 49903 3605 8307 46298 44459 1839 1173 2259 2532 510 6632 1074 131 5558 561 2540 722 43822 42059 233
is_linear=0
shrinkage=0.05


Tree=88
num_leaves=31
num_cat=0
split_feature=12 12 12 4 3 4 3 2 14 12 0 11 6 8 12 1 14 0 0 8 2 0 0 1 14 0 10 13 2 4
split_gain=133.335 8.17844 7.91069 3.71135 3.92895 2.95523 3.17738 2.91235 1.85484 2.07351 1.71961 1.53803 1.42902 1.37171 1.3003 1.51226 1.23146 1.46973 1.59182 1.12423 1.2871 1.12178 1.08262 1.07993 0.949228 0.909435 1.20068 1.5571 0.967595 1.01191
threshold=0.17605792936502632 0.048391918360802984 0.55415891551107666 1.5000000000000002 1.0000000180025095e-35 1.0000000180025095e-35 1.0000000180025095e-35 20.500000000000004 0.45677519373947462 0.78721326236926303 21.500000000000004 0.2002750255002253 1.0000000180025095e-35 1.0000000180025095e-35 2.9079687597149522 1.5000000000000002 2.214016318150803 13.500000000000002 11.500000000000002 1.0000000180025095e-35 18.500000000000004 7.5000000000000009 7.5000000000000009 3.5000000000000004 0.28886469119929453 19.500000000000004 8.244914729201275 1.8739681583590952 10.500000000000002 7.5000000000000009
decision_type=2 2 2 2 2 2 2 2 2 2 2 2 2 2 2 2 2 2 2 2 2 2 2 2 2 2 2 2 2 2
left_child=1 -1 3 -2 7 19 -7 13 9 24 12 -6 16 -5 15 -14 -10 18 -18 20 -3 -13 -22 -8 -4 26 28 -28 29 -19
right_child=2 5 8 4 11 6 23 -9 10 -11 -12 21 14 -15 -16 -17 17 25 -20 -21 22 -23 -24 -25 -26 -27 27 -29 -30 -31
leaf_value=-0.0038151179000053717 0.00021791066347896394 -0.00037116571900680891 -0.0061508931464110475 -0.002932887250366644 -0.001806470510217027 -0.0028591653588311899 -0.00081491583113675018 -0.0039942277116496033 -0.0006678707439222865 -0.010065145338517734 -0.0036272947777243672 -0.0021374053418108893 -6.8770571298878885e-05 -0.0010392918425275145 0.0015674905399056906 -0.0059012956365185236 -0.0086878319293919887 -0.0059218928540769765 0.022343061550348747 -0.0016533639106109069 0.0028058985637583042 0.00047945215229119469 -0.00057073722822990891 -0.0022490192252683757 0.00038634680608584334 -0.0032157729879077274 0.024713600182845338 0.012023508953551787 0.010156572998023031 0.0034826765478441304
leaf_weight=23586 2176 411 397 1277 1977 3141 1230 2211 38913 741 2468 662 1072 2882 589 1840 86 751 482 494 89 2188 48 1033 942 1840 42 224 1730 1075
leaf_count=23586 2176 411 397 1277 1977 3141 1230 2211 38913 741 2468 662 1072 2882 589 1840 86 751 482 494 89 2188 48 1033 942 1840 42 224 1730 1075
internal_value=-0.0017882 -0.00455381 -0.00054045 -0.00162753 -0.00199473 -0.00297549 -0.0034456 -0.00281005 -0.000267147 -0.00173077 -0.000207585 -0.000918791 -0.000142259 -0.00203054 -0.0011154 -0.00154876 -6.6789e-05 0.000585874 0.00301056 -0.000537429 0.0010219 -0.00017544 0.00521898 -0.00201723 -0.000556387 0.000342634 0.000782312 0.00402256 0.000539931 -0.000262871
internal_weight=96597 30032 66565 13373 11197 6446 5404 6370 53192 2080 51112 4827 48644 4159 3501 2912 45143 6230 568 1042 548 2850 137 2263 1339 5662 3822 266 3556 1826
internal_count=96597 30032 66565 13373 11197 6446 5404 6370 53192 2080 51112 4827 48644 4159 3501 2912 45143 6230 568 1042 548 2850 137 2263 1339 5662 3822 266 3556 1826
is_linear=0
shrinkage=0.05


Tree=89
num_leaves=31
num_cat=0
split_feature=12 12 12 4 3 4 3 14 6 12 1 2 2 2 2 12 14 14 14 12 14 1 2 1 2 1 11 1 2 0
split_gain=136.467 8.96668 6.4057 3.32164 3.19619 3.11556 3.86442 2.56612 2.15822 1.82027 1.78644 1.73269 1.45348 1.44464 4.09887 1.32226 2.09128 1.2526 1.20459 1.18549 1.16035 1.15701 1.1545 1.50373 2.04651 1.43269 1.38104 0.992779 0.97773 1.34095
threshold=0.17605792936502632 0.048391918360802984 0.44608220339315774 1.0000000180025095e-35 1.0000000180025095e-35 1.5000000000000002 1.0000000180025095e-35 0.56314660339021627 1.0000000180025095e-35 3.2481109671717454 3.5000000000000004 2.5000000000000004 20.500000000000004 7.5000000000000009 9.5000000000000018 0.80777029362974762 0.28886469119929453 0.081845263849881819 2.214016318150803 1.3835488272055205 1.6859029167546222 3.5000000000000004 3.5000000000000004 1.0000000180025095e-35 4.5000000000000009 4.5000000000000009 0.22978388595139612 1.5000000000000002 23.500000000000004 20.500000000000004
decision_type=2 2 2 2 2 2 2 2 2 2 2 2 2 2 2 2 2 2 2 2 2 2 2 2 2 2 2 2 2 2
left_child=1 -1 5 -3 -5 20 12 15 10 19 18 -12 -7 -13 -15 16 -4 -8 -9 -10 -2 -6 25 -24 26 -19 -25 -26 -16 -30
right_child=2 3 7 4 21 6 17 8 9 -11 11 13 -14 14 28 -17 -18 22 -20 -21 -22 -23 23 24 27 -27 -28 -29 29 -31
leaf_value=-0.0036197699623081651 0.00010268161503151858 -0.00026649629510772463 -0.0031329333521191733 -0.0027774270337854092 -0.00076482154551224708 -0.0014988130312621596 -0.0028915639443917178 0.00016467142649961812 -0.0044060038266639468 0.0043913274085074115 -0.0072073990132445259 0.0018729488187920473 -0.0038665218661490296 -0.0069034813835684473 0.00055834127377410567 -0.0071732289731529925 0.00076928087079113083 -0.00055861804115627444 0.0046455680751582382 -0.0023290423946395761 0.0172337994638515 -0.0021546240906188457 -0.0021408631932524811 0.0068185987904076251 0.0011623559079234403 -0.0045064737424781055 0.0021511395189698843 -0.00092429717211994084 -0.001442531083669952 -0.0058167773442970704
leaf_weight=23730 1685 1076 1277 3144 1244 3271 288 21474 1045 362 2434 4755 1806 2357 8278 1863 1592 962 4564 2335 40 1031 475 63 700 462 158 714 3108 534
leaf_count=23730 1685 1076 1277 3144 1244 3271 288 21474 1045 362 2434 4755 1806 2357 8278 1863 1592 962 4564 2335 40 1031 475 63 700 462 158 714 3108 534
internal_value=-0.00175039 -0.00453681 -0.000485872 -0.00289069 -0.00339454 -0.00161145 -0.00198843 -0.000272251 -0.00016938 -0.0013255 -7.83104e-05 -0.000416008 -0.00289246 -0.000255361 -0.00050676 -0.00138631 -0.000712793 -0.000787547 0.000200091 -0.00168639 0.000333332 -0.00196703 -0.000529147 0.000213269 0.000932721 -0.00162921 0.00540724 0.000233379 -0.000130035 -0.000812741
internal_weight=96827 30225 66602 6495 5419 10624 8899 55978 51246 3742 47504 21466 5077 19032 14277 4732 2869 3822 26038 3380 1725 2275 3534 2110 1635 1424 221 1414 11920 3642
internal_count=96827 30225 66602 6495 5419 10624 8899 55978 51246 3742 47504 21466 5077 19032 14277 4732 2869 3822 26038 3380 1725 2275 3534 2110 1635 1424 221 1414 11920 3642
is_linear=0
shrinkage=0.05


Tree=90
num_leaves=31
num_cat=0
split_feature=12 12 12 4 3 4 3 14 14 2 1 2 0 8 2 8 7 0 8 12 8 8 12 8 3 12 0 8 12 12
split_gain=133.064 9.0019 5.53349 3.43286 3.18692 2.84655 2.19636 2.15791 1.88334 1.82437 1.57296 1.5297 1.43808 1.37558 1.37174 1.57423 1.332 1.58903 1.75128 3.1846 1.72998 1.69883 1.98143 1.65851 1.47346 1.4546 1.41863 2.47406 2.7063 1.59117
threshold=0.14994059852619793 0.44608220339315774 0.048391918360802984 1.5000000000000002 1.0000000180025095e-35 1.0000000180025095e-35 1.0000000180025095e-35 0.35208839802829789 0.084109403795395443 20.500000000000004 1.5000000000000002 4.5000000000000009 21.500000000000004 1.0000000180025095e-35 18.500000000000004 1.5000000000000002 1.0000000180025095e-35 17.500000000000004 1.5000000000000002 0.78721326236926303 2.5000000000000004 1.5000000000000002 0.84777217278175254 1.0000000180025095e-35 1.0000000180025095e-35 0.58990850474134804 20.500000000000004 1.0000000180025095e-35 1.7269930721847415 2.3181706551236823
decision_type=2 2 2 2 2 2 2 2 2 2 2 2 2 2 2 2 2 2 2 2 2 2 2 2 2 2 2 2 2 2
left_child=2 3 -1 -2 9 14 -7 -3 -6 13 11 -9 16 -5 -4 -16 17 18 19 23 -20 22 -19 -12 -23 -25 29 -28 -29 -24
right_child=1 7 5 4 8 6 -8 10 -10 -11 12 -13 -14 -15 15 -17 -18 21 20 -21 -22 24 26 25 -26 -27 27 28 -30 -31
leaf_value=-0.0034408380583668876 2.4344929579561648e-05 -0.003022955390366476 -0.0010999164353951618 -0.0027679985371480502 -0.003006105934518795 -0.0027005497001182364 -0.0011393433480781064 -0.0082419908600104216 -0.00064657919303184441 -0.0035931142455868565 0.020823452108258457 0.00089354993090131783 -0.0029757524493360839 -0.00092237489873738226 0.0028734334122479076 -0.0013096457524208441 0.0054431165038222214 0.016638864150593454 0.0067882967510131597 -0.0042426159428368962 -0.00096382592497169729 -0.0036505847076571383 0.008891599038457168 0.0059906726795591241 0.0024473896386859543 0.00084200211820344259 -0.009454108812992891 0.011163499771013642 -0.005840129453008833 0.0027430410749304315
leaf_weight=23741 2129 2016 574 1398 676 2025 1421 1338 3942 2122 70 14186 2444 2610 103 78 1358 43 1107 12939 8870 2678 1189 101 1340 713 765 356 530 3837
leaf_count=23741 2129 2016 574 1398 676 2025 1421 1338 3942 2122 70 14186 2444 2610 103 78 1358 43 1107 12939 8870 2678 1189 101 1340 713 765 356 530 3837
internal_value=-0.00177556 -0.000593177 -0.00468506 -0.00178497 -0.00214831 -0.00301238 -0.00362159 -0.000318541 -0.00115635 -0.0028956 -0.00025843 0.000166193 -0.000430361 -0.00226797 -0.000231789 0.00356353 -0.000350458 -0.000410853 -0.000638657 -0.00100304 -0.000133809 9.40573e-05 0.000580356 0.00190045 -0.000719265 0.00126536 0.000511456 -0.000760147 0.00103837 0.000929167
internal_weight=96699 68757 27942 12877 10748 4201 3446 55880 4618 6130 53864 15524 38340 4008 755 181 35896 34538 23800 13823 9977 10738 6720 884 4018 814 6677 1651 886 5026
internal_count=96699 68757 27942 12877 10748 4201 3446 55880 4618 6130 53864 15524 38340 4008 755 181 35896 34538 23800 13823 9977 10738 6720 884 4018 814 6677 1651 886 5026
is_linear=0
shrinkage=0.05


Tree=91
num_leaves=31
num_cat=0
split_feature=12 12 12 6 14 11 14 4 3 0 0 0 0 12 8 12 14 0 8 12 0 3 0 12 8 8 12 0 14 12
split_gain=134.517 8.51187 6.04028 3.76784 3.61766 2.37795 2.22458 2.16808 2.25749 2.15293 1.8724 1.87985 3.69301 2.52967 1.49731 3.40332 2.19598 2.11236 1.60599 2.89806 3.696 1.94653 1.66106 2.18543 1.59887 1.41823 2.36995 1.55398 1.70003 2.41316
threshold=0.14994059852619793 0.44608220339315774 0.048391918360802984 1.0000000180025095e-35 0.088883986181368682 0.43839986880256293 0.53854056593088895 1.0000000180025095e-35 1.0000000180025095e-35 22.500000000000004 20.500000000000004 16.500000000000004 13.500000000000002 0.78721326236926303 1.5000000000000002 1.1621788815330534 0.84841971260772153 11.500000000000002 1.0000000180025095e-35 1.8098776341711413 12.500000000000002 1.0000000180025095e-35 12.500000000000002 1.5100280716235479 2.5000000000000004 1.5000000000000002 1.3511854668059446 15.500000000000002 1.4326904105520948 1.0589607478781462
decision_type=2 2 2 2 2 2 2 2 2 2 2 2 2 2 2 2 2 2 2 2 2 2 2 2 2 2 2 2 2 2
left_child=2 3 -1 4 -2 9 -3 -4 -9 -6 11 12 14 -14 15 -8 -17 -16 19 -18 -21 -22 23 -20 -19 -15 27 28 -27 -30
right_child=1 6 7 -5 5 -7 10 8 -10 -11 -12 -13 13 25 17 16 18 24 22 20 21 -23 -24 -25 -26 26 -28 -29 29 -31
leaf_value=-0.0032661925504675624 -0.0027553435438566519 -0.0025201187654991437 -0.00028182828580551703 -0.0054337389906512386 -0.00026800034815354886 -0.0028981136009981067 0.0051853445414225628 -0.0025144096765128241 -0.0010971527851119302 -0.0016465601793274065 -0.0018922101956291783 0.0015571191694849192 0.0030750061354091361 -0.0058952964729835347 0.00017692490510209328 -0.0072003454121871147 0.024394544352974043 0.033021788639134818 0.0064216492890972476 -0.010746037017796771 0.0029666219234790246 0.037469546815174254 -0.0083744797363249669 -0.0044048426486369028 0.0054757818556701067 -0.006419121475942916 -0.0047504671931368611 0.012472366975302927 0.020180679887196264 0.002212085386963554
leaf_weight=23584 1855 4305 769 919 6710 1417 1134 2011 1412 2011 7365 15794 881 6392 5782 1367 141 330 638 907 726 403 833 2690 2009 286 3309 293 64 313
leaf_count=23584 1855 4305 769 919 6710 1417 1134 2011 1412 2011 7365 15794 881 6392 5782 1367 141 330 638 907 726 403 833 2690 2009 286 3309 293 64 313
internal_value=-0.00172426 -0.000539682 -0.00466158 -0.00169687 -0.00146044 -0.00108897 -0.000272686 -0.00291269 -0.00345165 -0.000780302 -0.00018168 -5.89283e-05 -0.000301426 -0.000991508 0.000168041 -0.000282273 -0.000658664 0.000658169 -0.000266647 0.000833715 0.000353633 0.00226306 -0.000842347 -0.000342549 0.00192604 -0.00120437 -0.000498243 0.00169456 0.000354448 0.00255968
internal_weight=96650 68874 27776 12912 11993 10138 55962 4192 3423 8721 51657 44292 28498 11538 16960 8839 7705 8121 6338 2177 2036 1129 4161 3328 2339 10657 4265 956 663 377
internal_count=96650 68874 27776 12912 11993 10138 55962 4192 3423 8721 51657 44292 28498 11538 16960 8839 7705 8121 6338 2177 2036 1129 4161 3328 2339 10657 4265 956 663 377
is_linear=0
shrinkage=0.05


Tree=92
num_leaves=31
num_cat=0
split_feature=12 12 14 6 4 3 12 1 2 0 14 13 6 0 0 12 0 8 8 12 14 12 3 2 8 12 12 14 2 0
split_gain=135.271 8.74334 7.12838 4.31835 3.47025 2.99217 2.88811 2.64407 2.51578 2.19928 1.67545 1.37136 1.34198 1.2882 1.78595 2.12419 1.70458 1.67197 2.17166 1.85217 1.41822 1.29328 1.26033 2.30225 1.35475 1.20321 1.18478 1.18057 1.17702 1.15374
threshold=0.16296266310720589 0.048391918360802984 0.20042166693570657 1.0000000180025095e-35 1.0000000180025095e-35 1.0000000180025095e-35 1.5596605137936936 1.5000000000000002 4.5000000000000009 22.500000000000004 0.088883986181368682 0.98432927816226934 1.0000000180025095e-35 13.500000000000002 16.500000000000004 1.1928464110842623 19.500000000000004 1.0000000180025095e-35 2.5000000000000004 0.6091033743276294 1.6774246081541431 1.2721947001842444 1.0000000180025095e-35 26.500000000000004 1.0000000180025095e-35 1.0201082071805421 0.34771450359961475 1.1510957525484971 24.500000000000004 15.500000000000002
decision_type=2 2 2 2 2 2 2 2 2 2 2 2 2 2 2 2 2 2 2 2 2 2 2 2 2 2 2 2 2 2
left_child=1 -1 10 7 -3 -6 -5 8 -4 11 -2 -9 26 21 15 17 -16 20 19 -19 -15 -13 23 -10 -24 -20 -12 -8 -18 -21
right_child=2 4 3 6 5 -7 27 9 22 -11 12 13 -14 14 16 -17 28 18 25 29 -22 -23 24 -25 -26 -27 -28 -29 -30 -31
leaf_value=-0.0030990011070512417 -0.0028970570727152112 1.4799109232075135e-05 -0.0056557309070038343 -0.0046401073296388822 -0.0024700321129792887 -0.001032131120418112 -0.0099492177345801239 -0.0016713495990842446 0.0009624404427511212 -0.0021053707758157585 -0.00077865352619629056 -0.0013984820911016737 -0.0047373360211851274 0.017568115695165244 0.0020213667728543991 -0.0075741807653367512 -0.00081979459185497398 0.0064901445423848408 0.020160131204289573 -0.0042308931085469235 -0.0023438580245027252 0.0032758460152896313 0.0066487312086652211 -0.0039202827423262488 0.0017314134815373567 0.0041545133825047521 -0.0037207286321023513 -0.00076200379008030731 -0.0045127469153948552 0.0037726511718573206
leaf_weight=23800 1402 918 1497 2090 2600 1842 223 10882 7383 2075 3100 1169 313 164 7542 4496 6180 53 53 1034 72 6097 1503 1468 4435 157 860 2173 1066 234
leaf_count=23800 1402 918 1497 2090 2600 1842 223 10882 7383 2075 3100 1169 313 164 7542 4496 6180 53 53 1034 72 6097 1503 1468 4435 157 860 2173 1066 234
internal_value=-0.0017104 -0.00455761 -0.000484415 -0.000329273 -0.00273321 -0.00331157 -0.00182345 -0.000212823 0.00032666 -0.000425693 -0.00218062 -0.000341719 -0.00168851 -0.000158387 -0.000356516 -0.00106419 -5.6804e-05 0.000404639 -0.000199217 -0.000950039 0.00432203 0.000415633 0.000524375 0.00014631 0.00108791 0.00452381 -0.0014394 -0.000638565 -0.000604473 -0.00133281
internal_weight=96881 29160 67721 62046 5360 4442 4486 57560 16286 41274 5675 39199 4273 28317 21051 6263 14788 1767 1531 1321 236 7266 14789 8851 5938 210 3960 2396 7246 1268
internal_count=96881 29160 67721 62046 5360 4442 4486 57560 16286 41274 5675 39199 4273 28317 21051 6263 14788 1767 1531 1321 236 7266 14789 8851 5938 210 3960 2396 7246 1268
is_linear=0
shrinkage=0.05


Tree=93
num_leaves=31
num_cat=0
split_feature=12 12 12 6 14 1 4 6 11 3 2 12 14 4 14 11 3 8 13 10 11 2 8 1 4 11 1 2 10 14
split_gain=133.606 6.85337 6.77684 4.0435 3.2493 3.1077 2.86712 2.66695 2.50732 2.11342 1.65863 1.60703 1.47854 1.30846 1.42597 1.25261 1.11935 1.09364 1.08128 1.48618 1.04509 1.02562 1.00818 1.00657 0.993686 1.40564 1.18406 0.978423 1.42223 1.23575
threshold=0.14994059852619793 0.44608220339315774 0.048391918360802984 1.0000000180025095e-35 0.088883986181368682 1.5000000000000002 1.0000000180025095e-35 1.0000000180025095e-35 0.43839986880256293 1.0000000180025095e-35 4.5000000000000009 1.5763921561138052 0.23707954617091323 1.5000000000000002 1.5448855561719099 0.55908964553542562 1.0000000180025095e-35 1.5000000000000002 2.782590827938173 7.0028001771857715 1.5578169056999904 18.500000000000004 1.0000000180025095e-35 3.5000000000000004 9.5000000000000018 0.2002750255002253 1.5000000000000002 5.5000000000000009 8.2024652738655117 1.0285614451838905
decision_type=2 2 2 2 2 2 2 2 2 2 2 2 2 2 2 2 2 2 2 2 2 2 2 2 2 2 2 2 2 2
left_child=2 3 -1 4 -2 10 17 12 13 -8 -3 -9 -7 -6 16 -12 -15 21 -14 -20 -21 -4 24 -11 -18 26 -26 28 -17 -29
right_child=1 5 6 -5 8 7 9 11 -10 23 15 -13 18 14 -16 27 22 -19 19 20 -22 -23 -24 -25 25 -27 -28 29 -30 -31
leaf_value=-0.0029407845909870259 -0.00231397007327708 -0.0065930871091979442 5.9326497397491075e-05 -0.0048952863437407177 0.00033600865085770665 -0.0047854644378395863 -0.0023713575224397084 -0.005899014643173512 -0.0029188760519565158 -0.00025346471304488546 0.00253921563450407 -0.0028343529143306746 -0.001313886048895803 -0.0010495212845058591 0.0023345273209677427 0.0035889738277020558 -0.0021920173517645729 -0.0015917077833924233 -0.010388926108519998 -0.0068140171004653638 0.014003990537600812 0.0024637957488432491 -0.00082838082216946855 -0.0018750206400486727 0.0017684961209798802 0.0042389180640880529 -0.0012577692027374483 -0.0026358394869613194 0.015303891325532165 0.0013447622924773915
leaf_weight=23528 1850 1406 353 906 1780 439 2020 1045 1432 698 1013 1707 35122 3290 169 1151 107 301 249 216 1042 106 2565 708 153 282 409 2038 152 10389
leaf_count=23528 1850 1406 353 906 1780 439 2020 1045 1432 698 1013 1707 35122 3290 169 1151 107 301 249 216 1042 106 2565 708 153 282 409 2038 152 10389
internal_value=-0.00170016 -0.000521101 -0.00463196 -0.00155799 -0.00131553 -0.000281318 -0.00277831 -0.000518585 -0.000965447 -0.00339463 0.000303733 -0.00202035 -0.000407091 -0.000648202 -0.00095699 0.000460217 -0.00106965 -1.19209e-09 -0.00037252 0.00093895 0.00163752 0.00153595 -0.000449375 -0.00190612 0.000941113 0.00151659 7.11732e-05 0.000335032 0.00163853 0.000198357
internal_weight=96626 68912 27714 12943 12037 55969 4186 39820 10187 3426 16149 2752 37068 8755 6975 14743 6806 760 36629 1507 1258 459 3516 1406 951 844 562 13730 1303 12427
internal_count=96626 68912 27714 12943 12037 55969 4186 39820 10187 3426 16149 2752 37068 8755 6975 14743 6806 760 36629 1507 1258 459 3516 1406 951 844 562 13730 1303 12427
is_linear=0
shrinkage=0.05


Tree=94
num_leaves=31
num_cat=0
split_feature=12 12 6 14 0 6 4 3 11 12 4 3 8 11 8 8 8 11 12 2 8 2 13 10 2 12 13 10 14 11
split_gain=132.18 12.538 4.55767 3.91195 3.06554 2.07176 1.87093 2.08011 1.8 1.55141 1.40802 1.68738 3.6576 1.5555 1.55289 1.50573 4.19969 1.60798 1.37707 1.35784 1.29309 1.51783 1.24043 1.25555 1.22954 1.21524 1.17785 1.37452 1.15179 1.12482
threshold=0.048391918360802984 0.44608220339315774 1.0000000180025095e-35 0.094428933784625621 22.500000000000004 1.0000000180025095e-35 1.0000000180025095e-35 1.0000000180025095e-35 0.43839986880256293 1.6606061988069836 2.5000000000000004 1.0000000180025095e-35 1.0000000180025095e-35 3.171930566251437 2.5000000000000004 1.0000000180025095e-35 1.5000000000000002 0.35109510405903438 4.6570589242905376 10.500000000000002 2.5000000000000004 17.500000000000004 2.6195870915127784 7.0960312948183519 4.5000000000000009 0.64549097881835227 0.26438069042239559 7.5687665265079858 1.5642527002665703 0.10202012007791959
decision_type=2 2 2 2 2 2 2 2 2 2 2 2 2 2 2 2 2 2 2 2 2 2 2 2 2 2 2 2 2 2
left_child=-1 2 3 6 8 10 29 -8 19 -7 20 12 13 -12 22 17 25 -13 -16 -5 21 -3 -14 -24 -18 26 -17 -28 -21 -2
right_child=1 5 -4 4 -6 9 7 -9 -10 -11 11 15 14 -15 18 16 24 -19 -20 28 -22 -23 23 -25 -26 -27 27 -29 -30 -31
leaf_value=-0.002804402658955599 0.00058881874561605356 0.00041214971359060002 -0.0046394057399541206 -0.00082508436280859373 -0.0018485979445291437 -0.0040464112042882857 -0.0021457718084052116 -0.0011627236145574011 -0.002197832510914508 -0.0017473795146561817 -0.0066381150866771255 -0.005060092113791795 0.00015677298860895298 -0.0052794885431909858 -0.0018983624636954599 -0.0077672157494760672 -0.00011196564282338837 0.0054169128099316836 0.014358921204702583 0.00017642929666109551 -0.0019349305592511496 0.010614164075756192 -0.0039542559420470309 0.011978696051887963 0.0043212032264442471 -0.0053946091551362345 -0.00037804184694016651 0.0054139699364109299 0.0030275354055425401 -0.0010398409164849235
leaf_weight=23592 392 4188 1210 3508 2726 1802 2372 1953 1281 2198 2884 273 7684 2370 7828 83 4323 4705 72 3248 3922 2438 86 365 3774 6358 224 243 97 430
leaf_count=23592 392 4188 1210 3508 2726 1802 2372 1953 1281 2198 2884 273 7684 2370 7828 83 4323 4705 72 3248 3922 2438 86 365 3774 6358 224 243 97 430
internal_value=-0.00170596 -0.000654943 -0.00183453 -0.00161086 -0.00107275 -0.000291115 -0.00274626 -0.00316185 -0.000586429 -0.0013875 -0.000206485 -0.000338245 -0.000647988 -0.00179292 -0.000272842 -8.25821e-06 -0.000258248 0.000745278 -0.000772153 -0.000264849 0.000309062 0.000734982 0.000212046 0.00276053 0.000514387 -0.00116387 0.00109091 0.00206638 0.000455903 -0.000559612
internal_weight=96629 73037 17217 16007 10860 55820 5147 4325 8134 4000 51820 41272 21289 5254 16035 19983 15005 4978 7900 6853 10548 6626 8135 451 8097 6908 550 467 3345 822
internal_count=96629 73037 17217 16007 10860 55820 5147 4325 8134 4000 51820 41272 21289 5254 16035 19983 15005 4978 7900 6853 10548 6626 8135 451 8097 6908 550 467 3345 822
is_linear=0
shrinkage=0.05


Tree=95
num_leaves=31
num_cat=0
split_feature=12 12 6 14 0 6 14 11 14 11 2 14 1 12 2 4 1 2 2 2 1 11 12 2 8 12 4 2 8 13
split_gain=133.963 12.08 4.41987 3.66811 2.75109 1.86723 1.78284 1.77324 1.59272 1.56386 1.85264 1.50677 1.40109 1.39222 1.37072 1.34941 1.22619 1.95771 1.2619 5.42487 1.46577 1.27061 1.00064 0.959714 1.40107 1.23818 0.981552 3.36088 1.25621 1.0506
threshold=0.048391918360802984 0.44608220339315774 1.0000000180025095e-35 0.091560473374119808 22.500000000000004 1.0000000180025095e-35 1.0683955935720295 0.43839986880256293 0.83042774607865388 0.14356560726223849 14.500000000000002 0.26049975660661623 1.5000000000000002 0.21840486120628935 10.500000000000002 4.5000000000000009 3.5000000000000004 2.5000000000000004 7.5000000000000009 9.5000000000000018 5.5000000000000009 1.2949752172760902 0.7028859636005369 23.500000000000004 1.0000000180025095e-35 1.4946896374400966 4.5000000000000009 10.500000000000002 2.5000000000000004 0.48918754278197091
decision_type=2 2 2 2 2 2 2 2 2 2 2 2 2 2 2 2 2 2 2 2 2 2 2 2 2 2 2 2 2 2
left_child=-1 2 3 9 7 11 -7 14 -6 10 -2 -3 -8 -10 15 -5 -13 -18 20 -20 -19 22 -22 26 -25 -26 27 -21 -29 -28
right_child=1 5 -4 4 8 6 12 -9 13 -11 -12 16 -14 -15 -16 -17 17 18 19 23 21 -23 -24 24 25 -27 29 28 -30 -31
leaf_value=-0.0026596411919430473 -0.0016464451575064589 -0.0027480870707185423 -0.0044792185655878952 -0.0035815772421955191 -0.0027027966024519533 -0.0055020907421691042 0.00063548900282408476 -0.0022743715294366632 6.0950005503160357e-05 -0.0021843363496807898 -0.00036930338939363027 0.00026502482290460399 -0.0033710296517197786 -0.0019537106593744439 0.00026875653797320292 -0.00067083949182439946 -0.0066718313297413666 0.005042954548614721 -0.0066174510982427107 -0.0087302198604597356 0.0024583841181509899 0.0024574873452211494 -0.009110830862457021 -0.0093648568072985071 -0.003041124233713144 0.0017080281104359372 0.0058750620109163211 0.0038214999242993479 -0.001354272929729999 0.0025267944133573806
leaf_weight=23629 1533 884 1199 357 1113 724 1054 1277 705 2175 1277 27869 2201 899 3408 3127 2647 2474 2587 1347 172 1811 662 980 1271 1676 95 4028 2388 1162
leaf_count=23629 1533 884 1199 357 1113 724 1054 1277 705 2175 1277 27869 2201 899 3408 3127 2647 2474 2587 1347 172 1811 662 980 1271 1676 95 4028 2388 1162
internal_value=-0.00167428 -0.0006164 -0.0017809 -0.00155976 -0.00104538 -0.000261637 -0.00130561 -0.000586976 -0.00242363 -0.00268305 -0.00190392 -0.000181835 -0.000806453 -0.00141521 -0.000269879 -0.00096728 -0.000146477 -0.000414164 -0.000250086 -0.000474444 0.000430747 -0.000387525 -0.0020024 -5.67711e-05 -0.000709194 -0.000164575 0.000227272 1.7389e-05 0.000494076 0.00152347
internal_weight=96731 73102 17070 15871 10886 56032 3979 8169 2717 4985 2810 52053 3255 1604 6892 3484 51169 23300 20653 15534 5119 2645 834 12947 3927 2947 9020 7763 6416 1257
internal_count=96731 73102 17070 15871 10886 56032 3979 8169 2717 4985 2810 52053 3255 1604 6892 3484 51169 23300 20653 15534 5119 2645 834 12947 3927 2947 9020 7763 6416 1257
is_linear=0
shrinkage=0.05


Tree=96
num_leaves=31
num_cat=0
split_feature=12 12 5 3 1 6 2 3 8 13 2 2 12 0 13 0 11 14 9 9 10 9 12 12 2 1 1 14 0 1
split_gain=130.226 12.9571 4.30996 4.91094 2.14276 2.42944 2.08231 2.15513 2.0427 1.5835 1.52187 1.46602 1.42002 1.24448 1.07495 1.05864 1.01259 1.12173 1.18959 0.994059 1.73703 1.11263 1.21139 1.10173 0.95501 3.0607 1.33296 1.29852 1.01926 1.00667
threshold=0.048391918360802984 0.36299386945380935 1.0000000180025095e-35 1.0000000180025095e-35 1.5000000000000002 1.0000000180025095e-35 4.5000000000000009 1.0000000180025095e-35 1.0000000180025095e-35 0.24581584689145466 20.500000000000004 26.500000000000004 2.4783214366956514 21.500000000000004 0.069094771518869988 12.500000000000002 0.43839986880256293 0.20757583040822872 7.9907391058520014 8.3931166691788146 7.8942441927526135 8.7669315117768178 0.86731382346897345 5.1016967195759895 3.5000000000000004 3.5000000000000004 4.5000000000000009 0.073887093182827615 12.500000000000002 5.5000000000000009
decision_type=2 2 2 2 2 2 2 2 2 2 2 2 2 2 2 2 2 2 2 2 2 2 2 2 2 2 2 2 2 2
left_child=-1 2 3 8 6 9 -3 11 -2 -6 14 -8 -7 19 -10 -16 17 -9 -19 23 -21 22 -22 -11 25 -5 -26 -28 29 -29
right_child=1 4 -4 24 5 12 7 16 10 13 -12 -13 -14 -15 15 -17 -18 18 -20 20 21 -23 -24 -25 26 -27 27 28 -30 -31
leaf_value=-0.0025312848442895727 -0.0028860470920516364 -0.0073327078172620939 3.4283565989377995e-05 0.00035343727165602006 -0.0029708849502343218 -0.0051969277001601456 0.00027822486138519325 -0.0050614811772966518 -0.0014127822287517801 -0.0002910286481463295 -0.002503248722398039 -0.0060150895887148758 -0.00065061186096956273 -0.0022328801501880291 -0.00021191985176321441 -0.0013007583953551609 0.0038319038677657458 0.0011941827659124834 0.0054486661991211827 -0.0045358500098668184 0.006162041792973947 -0.001448943829981638 0.001886843073950191 0.024457332301535274 -0.00080391420688049784 -0.0029301241751952278 -0.0010280355213079402 0.0023103853493297573 -0.00031794143949562801 0.0010468705128932961
leaf_weight=23608 3017 1426 2265 681 1317 1972 8278 57 440 23200 1429 1449 860 2745 1246 1203 4979 144 273 4541 105 5533 978 182 2424 1380 195 175 272 167
leaf_count=23608 3017 1426 2265 681 1317 1972 8278 57 440 23200 1429 1449 860 2745 1246 1203 4979 144 273 4541 105 5533 978 182 2424 1380 195 175 272 167
internal_value=-0.00170451 -0.000659716 -0.00197529 -0.0023355 -0.000322112 -0.000514446 0.000157773 0.00032938 -0.00317314 -0.000410742 -0.00247568 -0.000116687 -0.00192797 -0.000350554 -0.00181551 -0.0014067 0.00112507 0.00333333 0.00423261 -0.000269117 -0.000657436 -0.00014057 0.00132502 -8.38264e-05 -0.00117492 -0.00201601 -0.000638727 0.00111866 0.00224756 0.00406433
internal_weight=96541 72933 14894 12629 58039 41433 16606 15180 7335 38601 4318 9727 2832 37284 2889 2449 5453 474 417 34539 11157 6616 1083 23382 5294 2061 3233 809 614 342
internal_count=96541 72933 14894 12629 58039 41433 16606 15180 7335 38601 4318 9727 2832 37284 2889 2449 5453 474 417 34539 11157 6616 1083 23382 5294 2061 3233 809 614 342
is_linear=0
shrinkage=0.05


Tree=97
num_leaves=31
num_cat=0
split_feature=12 14 0 6 12 1 2 13 4 3 14 12 11 0 0 12 0 14 12 9 14 11 3 2 8 9 10 13 12 14
split_gain=136.718 12.8307 5.09887 3.10349 3.74516 1.87995 2.50156 1.95538 1.68787 2.24921 1.57894 1.04599 0.998277 0.994876 1.41449 2.30681 1.27436 1.21142 1.55295 1.09046 1.05494 1.04065 0.993626 2.62498 1.65691 0.982401 1.04495 1.74677 0.940645 1.47848
threshold=0.048391918360802984 0.11125199692356876 22.500000000000004 1.0000000180025095e-35 1.5100280716235479 1.5000000000000002 4.5000000000000009 0.90208479391772467 1.0000000180025095e-35 1.0000000180025095e-35 0.83042774607865388 3.373311256205707 0.10202012007791959 13.500000000000002 16.500000000000004 0.58990850474134804 19.500000000000004 2.1574592703957265 1.9315817605357493 9.5943132044293247 0.99722161406906573 0.79220143938460519 1.0000000180025095e-35 26.500000000000004 1.0000000180025095e-35 8.2342691559977776 7.429112741461311 1.7494754156615933 0.2941640170233652 1.254898667010069
decision_type=2 2 2 2 2 2 2 2 2 2 2 2 2 2 2 2 2 2 2 2 2 2 2 2 2 2 2 2 2 2
left_child=-1 8 3 5 -5 6 -3 -7 12 -10 -4 -6 -2 19 15 -15 20 18 -17 25 -16 -19 23 -8 -24 26 -9 -28 29 -18
right_child=1 2 10 4 11 7 22 13 9 -11 -12 -13 -14 14 16 17 28 21 -20 -21 -22 -23 24 -25 -26 -27 27 -29 -30 -31
leaf_value=-0.0024081226765249593 0.00048254545003573597 -0.0046421412236325238 -0.0025003095841288851 -0.0038774649637336304 -0.0015379812286099284 -0.0012493044719886978 0.00091419059185357727 0.0017904358307831156 -0.001958834200858333 -0.0010494971084761134 -0.0011289136638861521 0.0074067841766082042 -0.0012260439469764721 0.007230369190784851 0.0083056343112307453 -0.002546746711470644 0.0013122000047956577 0.021219742504930954 -0.016410711496089185 0.0103258753089416 0.0018184436822623743 0.0018604014184028417 0.0078867177175662873 -0.0037917916921151266 0.0013910671180311297 -0.0011019647679782101 0.0036601183961181465 0.026396076648433121 -0.0013758381050369098 0.0047872236993269307
leaf_weight=23718 385 1499 1181 2022 2152 11766 7471 3794 3214 2330 2872 313 577 51 75 4441 184 41 1096 165 7777 984 1535 1499 4455 3842 297 67 7082 44
leaf_count=23718 385 1499 1181 2022 2152 11766 7471 3794 3214 2330 2872 313 577 51 75 4441 184 41 1096 165 7777 984 1535 1499 4455 3842 297 67 7082 44
internal_value=-0.00162072 -0.000551899 -0.000345178 -0.000233992 -0.001501 -0.000136252 0.000316239 -0.000314824 -0.00267138 -0.00300686 -0.0020639 -0.000192699 -0.000738047 -0.000100202 -0.000276695 -0.000886891 -1.05539e-05 -0.000969218 -0.00126151 0.000370483 0.000431736 0.000609755 0.000511362 0.000178371 0.00101002 0.000287499 0.000820105 0.00337912 -0.000485637 0.00267544
internal_weight=96929 73211 66705 62652 4487 58165 16459 41706 6506 5544 4053 2465 962 29940 21775 6613 15162 6562 5537 8165 7852 1025 14960 8970 5990 8000 4158 364 7310 228
internal_count=96929 73211 66705 62652 4487 58165 16459 41706 6506 5544 4053 2465 962 29940 21775 6613 15162 6562 5537 8165 7852 1025 14960 8970 5990 8000 4158 364 7310 228
is_linear=0
shrinkage=0.05


Tree=98
num_leaves=31
num_cat=0
split_feature=12 12 6 1 14 6 12 2 4 13 1 2 12 0 4 1 12 2 2 1 11 2 2 2 8 2 10 12 0 10
split_gain=134.15 12.0605 4.66753 3.19665 2.19373 2.03531 2.06029 1.89737 2.16113 2.3321 1.39275 1.71979 1.28348 1.26801 1.14663 1.10324 1.03118 0.9929 3.16875 1.51049 1.12717 0.927268 1.65805 0.918915 1.72668 1.03547 0.883686 1.23153 0.824116 0.894785
threshold=0.048391918360802984 0.44608220339315774 1.0000000180025095e-35 3.5000000000000004 0.11502245135679885 1.0000000180025095e-35 1.4462720853258568 3.5000000000000004 1.0000000180025095e-35 0.084600253606774936 3.5000000000000004 2.5000000000000004 0.13734462831246702 22.500000000000004 2.5000000000000004 2.5000000000000004 0.11695012343445631 7.5000000000000009 9.5000000000000018 5.5000000000000009 4.7289472569738589 27.500000000000004 28.500000000000004 3.5000000000000004 1.0000000180025095e-35 4.5000000000000009 7.1598182381200806 2.8089142424960887 8.5000000000000018 7.4076273569118598
decision_type=2 2 2 2 2 2 2 2 2 2 2 2 2 2 2 2 2 2 2 2 2 2 2 2 2 2 2 2 2 2
left_child=-1 2 3 7 -5 10 -7 12 16 -10 23 28 -2 21 -6 -8 -9 19 -19 -13 -21 -11 -23 24 -3 -25 27 -17 29 -12
right_child=1 5 -4 4 14 6 15 8 9 13 11 17 -14 -15 -16 26 -18 18 -20 20 -22 22 -24 25 -26 -27 -28 -29 -30 -31
leaf_value=-0.0022857595233944116 0.0023427656435530365 0.012478641359330682 -0.0040504311519969196 -0.0019986981173421106 0.0001220833613535501 -0.0035251029060905633 0.00050108753366776644 0.0023499842492378849 -0.0013842578773510389 -0.00059433317248975496 -0.0069703448548165447 0.0042541392872401992 0.00063605905082893992 -0.0011250007935611794 -0.0017556615075136593 -0.0050624679006334751 0.00030384986342459069 -0.0055991271162900112 -0.00040775414717428434 -0.0032412556515404923 0.042870958945243676 0.0033522322776942341 -0.00028470933320375979 -0.0063202994063558714 0.0013280708995241004 0.00019537280339891602 -0.0063047298697953644 0.0077307809472613939 -0.0068788054742256396 0.0073730372055025046
leaf_weight=23821 91 659 1228 3086 817 1461 1644 79 1734 2434 73 2515 693 1078 3742 179 1113 2596 13164 2625 126 243 819 1389 2047 24135 678 100 2468 88
leaf_count=23821 91 659 1228 3086 817 1461 1644 79 1734 2434 73 2515 693 1078 3742 179 1113 2596 13164 2625 126 243 819 1389 2047 24135 678 100 2468 88
internal_value=-0.00164689 -0.000585058 -0.00174477 -0.00151579 -0.00225311 -0.000229415 -0.00130724 -0.000835346 -0.00108 -0.00144895 -0.000145033 -0.000428029 0.0015051 -0.000857019 -0.00155626 -0.000463285 0.000872482 -0.000277277 -0.00047589 0.000317128 -0.000492549 -0.000394738 0.00083804 9.20994e-05 0.000968218 -7.84768e-07 -0.00181296 0.000555554 -0.0016337 0.0018323
internal_weight=96925 73104 17157 15929 7645 55947 4062 8284 7500 6308 51885 23655 784 4574 4559 2601 1192 21026 15760 5266 2751 3496 1062 28230 2706 25524 957 279 2629 161
internal_count=96925 73104 17157 15929 7645 55947 4062 8284 7500 6308 51885 23655 784 4574 4559 2601 1192 21026 15760 5266 2751 3496 1062 28230 2706 25524 957 279 2629 161
is_linear=0
shrinkage=0.05


Tree=99
num_leaves=31
num_cat=0
split_feature=12 12 5 3 14 2 0 14 12 14 0 2 1 12 1 2 12 11 0 8 12 8 12 0 5 1 8 12 8 1
split_gain=134.169 11.4833 4.18906 4.45577 3.06153 2.54497 1.57225 1.80665 1.79314 1.82842 1.39064 1.21511 3.20318 1.19096 1.11321 1.50543 1.28245 1.71523 1.04818 2.09202 2.54042 1.82264 2.4733 1.96746 1.74409 1.62274 1.60201 1.47689 1.42962 1.3226
threshold=0.048391918360802984 0.44608220339315774 1.0000000180025095e-35 1.0000000180025095e-35 0.088883986181368682 20.500000000000004 20.500000000000004 0.53854056593088895 0.76537315468129263 0.31107002481476337 8.5000000000000018 3.5000000000000004 3.5000000000000004 2.1666505857418072 1.0000000180025095e-35 28.500000000000004 0.14994059852619793 0.2145647552644607 17.500000000000004 1.5000000000000002 0.78721326236926303 1.5000000000000002 2.3181706551236823 19.500000000000004 1.0000000180025095e-35 5.5000000000000009 1.0000000180025095e-35 0.55415891551107666 1.0000000180025095e-35 3.5000000000000004
decision_type=2 2 2 2 2 2 2 2 2 2 2 2 2 2 2 2 2 2 2 2 2 2 2 2 2 2 2 2 2 2
left_child=-1 2 3 4 -2 10 7 8 9 -3 -6 12 -5 -8 -13 16 -16 -18 19 20 27 22 25 26 -22 29 -24 -9 -26 -20
right_child=1 6 -4 11 5 -7 13 18 -10 -11 -12 14 -14 -15 15 -17 17 -19 21 -21 24 -23 23 -25 28 -27 -28 -29 -30 -31
leaf_value=-0.0021690392990528573 -0.002060164347383449 -0.0022995248640276145 0.00010731264541926241 0.00045552464172317038 -8.2607785604428574e-05 -0.0026457452050952191 -0.0013899286928259298 0.00990414149422701 -0.0060433599962292804 0.0019757369340096969 -0.001108921600435965 -0.0013568729384656683 -0.002668656641515485 -0.018401964140438386 -0.0006119161107896368 -0.0010785059273721823 0.0015343102788931673 0.00031247268468301867 0.016376768000518988 0.00094348021379683864 -0.0029560060186789717 -0.0010855710872869741 0.013016224004199821 -0.0046834652421129759 0.012986879234334983 0.043892092555993432 -0.00059321390571440581 0.0035049875483641846 -0.0021861777332799338 0.0036103064282674751
leaf_weight=23709 2501 1459 2509 779 1301 1936 7059 43 1751 1104 2774 713 1625 278 636 1189 418 776 560 14357 15009 4788 2282 1533 1042 52 1744 741 1354 941
leaf_count=23709 2501 1459 2509 779 1301 1936 7059 43 1751 1104 2774 713 1625 278 636 1189 418 776 560 14357 15009 4788 2282 1533 1042 52 1744 741 1354 941
internal_value=-0.00161263 -0.00055451 -0.00168648 -0.00200983 -0.00275024 -0.00213858 -0.000208301 -0.000105621 -0.00108252 -0.000239954 -0.00142945 -0.000982726 -0.0018594 -0.000890692 -0.000418008 1.65499e-06 0.000901638 0.00186767 -1.08008e-05 -0.000157624 -0.000513773 0.000390755 0.00089848 0.000405647 -0.000639185 0.00266259 0.000986089 0.00227041 0.000613521 0.00236176
internal_weight=96963 73254 17157 14648 8512 6011 56097 48760 4314 2563 4075 6136 2404 7337 3732 3019 1830 1194 44446 32546 18189 11900 7112 5559 17405 1553 4026 784 2396 1501
internal_count=96963 73254 17157 14648 8512 6011 56097 48760 4314 2563 4075 6136 2404 7337 3732 3019 1830 1194 44446 32546 18189 11900 7112 5559 17405 1553 4026 784 2396 1501
is_linear=0
shrinkage=0.05


Tree=100
num_leaves=31
num_cat=0
split_feature=12 12 6 14 1 6 0 4 3 2 1 13 12 11 11 2 1 14 2 11 0 7 0 12 0 14 13 2 11 12
split_gain=134.439 10.5544 4.11437 3.30229 2.02321 2.00585 1.96711 1.67122 1.79858 1.59188 1.47364 1.4115 1.35994 1.19131 1.17119 1.38657 1.16962 1.16552 1.1471 1.11421 1.0318 1.63395 1.22753 1.42796 1.41899 1.62876 1.11715 1.18435 1.12066 1.03803
threshold=0.048391918360802984 0.44608220339315774 1.0000000180025095e-35 0.07579886385575714 1.5000000000000002 1.0000000180025095e-35 22.500000000000004 1.5000000000000002 1.0000000180025095e-35 13.500000000000002 1.0000000180025095e-35 0.90208479391772467 1.5260017570108799 0.13817021750351233 0.12661141321606034 3.5000000000000004 3.5000000000000004 0.15226268694702264 4.5000000000000009 0.43839986880256293 13.500000000000002 1.0000000180025095e-35 16.500000000000004 0.6091033743276294 19.500000000000004 0.99722161406906573 1.3550942153933996 23.500000000000004 2.7050664919739842 1.710405393121722
decision_type=2 2 2 2 2 2 2 2 2 2 2 2 2 2 2 2 2 2 2 2 2 2 2 2 2 2 2 2 2 2
left_child=-1 2 3 9 -3 11 7 -5 17 -2 -10 -6 -7 -11 -12 16 -16 -9 -17 -19 21 -13 23 -22 25 -24 -26 28 -28 -27
right_child=1 4 -4 6 5 12 -8 8 10 13 14 20 -14 -15 15 18 -18 19 -20 -21 22 -23 24 -25 26 29 27 -29 -30 -31
leaf_value=-0.0020537666626955289 -0.0015050114099669524 0.00070625747307081523 -0.0036022530889286033 0.00038710242688360291 -0.0020721117185565499 -0.0049032035478120718 -0.0013743374526226839 -0.0012221476798219078 -0.0018531104530611214 -0.00030754191338135627 -0.0013071990319234838 0.00054700512597116865 -0.0022583578388882392 -0.0026868633752318758 0.00060227017909470631 0.0022774642857579749 -0.0017646115666659374 -4.0426390176562401e-05 0.00050542978115369951 -0.0019660661664890442 0.0060633235054168002 0.020281276348583704 0.011368334576988324 -0.0031423153231924365 -0.0034157078653338532 0.0064738668269138395 0.00085874893649853356 -0.0038011353751841014 -0.011264143986843118 0.00086380307869835839
leaf_weight=23716 2035 16166 1241 1827 7874 959 2760 1905 493 985 811 7393 1736 424 430 248 729 1418 1065 874 72 373 48 6500 1633 934 4087 1096 478 6710
leaf_count=23716 2035 16166 1241 1827 7874 959 2760 1905 493 985 811 7393 1736 424 430 248 729 1418 1065 874 72 373 48 6500 1633 934 4087 1096 478 6710
internal_value=-0.00159916 -0.00054049 -0.00162221 -0.00140715 -0.000207729 -0.000398943 -0.00103105 -0.000698981 -0.00101154 -0.00277875 -0.000219811 -0.000303512 -0.00171614 -0.00148687 0.00016296 0.000703882 -0.000556515 -0.00172385 0.00181645 -0.000964225 -0.000143911 0.000350243 -0.000321923 -0.000891663 -7.20685e-05 0.000401715 -0.000571704 -0.000239358 0.000115004 0.00034406
internal_weight=97020 73304 17245 16004 56059 39893 12560 9800 7973 3444 3776 37198 2695 1409 3283 2472 1159 4197 1313 2292 29324 7766 21558 6572 14986 7692 7294 5661 4565 7644
internal_count=97020 73304 17245 16004 56059 39893 12560 9800 7973 3444 3776 37198 2695 1409 3283 2472 1159 4197 1313 2292 29324 7766 21558 6572 14986 7692 7294 5661 4565 7644
is_linear=0
shrinkage=0.05


Tree=101
num_leaves=31
num_cat=0
split_feature=12 14 0 4 14 14 6 3 0 11 8 11 4 12 8 8 12 0 12 12 2 10 2 2 2 4 2 4 8 4
split_gain=132.665 9.67902 4.33764 2.29003 2.28075 2.0281 3.63733 1.97728 1.49895 0.980229 1.10773 0.945763 0.924233 2.50323 0.92381 0.917551 1.17671 1.10635 1.88536 1.15218 1.05277 0.888961 0.888319 1.35952 1.03761 2.4707 0.934931 2.5456 1.50628 1.364
threshold=0.048391918360802984 0.091560473374119808 21.500000000000004 1.0000000180025095e-35 0.96754055282421392 1.0683955935720295 1.0000000180025095e-35 1.0000000180025095e-35 8.5000000000000018 0.49823601807539464 1.0000000180025095e-35 0.14356560726223849 1.0000000180025095e-35 0.026997949692522578 1.0000000180025095e-35 2.5000000000000004 1.2094716214639416 22.500000000000004 0.92440733752962223 0.6646058647154115 7.5000000000000009 7.6070344165920707 21.500000000000004 27.500000000000004 10.500000000000002 4.5000000000000009 8.5000000000000018 6.5000000000000009 1.0000000180025095e-35 7.5000000000000009
decision_type=2 2 2 2 2 2 2 2 2 2 2 2 2 2 2 2 2 2 2 2 2 2 2 2 2 2 2 2 2 2
left_child=12 3 5 11 -4 6 -3 -5 -7 -6 -11 -2 13 14 -1 16 17 18 20 -19 -12 -22 24 -24 25 -10 27 -27 29 -29
right_child=1 2 4 7 9 8 -8 -9 22 10 15 -13 -14 -15 -16 -17 -18 19 -20 -21 21 -23 23 -25 -26 26 -28 28 -30 -31
leaf_value=-0.00067658232616722583 0.00018247913455109421 -0.00057160950852793357 -0.0017924814750118158 -0.0019064652913114847 -0.00032382122936699086 0.0094965652278152929 -0.003463946771570399 -0.0010654093425521718 -0.0063191285887810285 -0.004739071394208004 0.011157557083225704 -0.0027822980857751763 -0.0021655287706237938 0.00026662198241110129 -0.0018391025734934411 -0.0044251718107637152 -0.011298977649789786 -4.832696511548819e-05 -0.00043621195593316952 -0.0068127284969905812 -0.00069300016929029157 0.0086708979879248829 -0.0027904637967810478 0.00062821658069416367 0.0017442878897740662 -0.0055484739941845402 0.0035657123616739902 -0.0071758412659535548 -0.00045666517624751038 0.0073153950064648718
leaf_weight=930 691 17335 1993 2576 3205 792 1240 1893 1904 573 82 123 20252 180 2281 343 435 520 546 286 77 63 5829 4943 10409 1901 1867 527 9794 3020
leaf_count=930 691 17335 1993 2576 3205 792 1240 1893 1904 573 82 123 20252 180 2281 343 435 520 546 286 77 63 5829 4943 10409 1901 1867 527 9794 3020
internal_value=-0.00158007 -0.000525376 -0.000364489 -0.0025866 -0.00144836 -0.00021667 -0.000650068 -0.00303088 -2.0252e-05 -0.000970637 -0.00163248 -0.000147421 -0.00483505 -0.00407107 -0.00439271 -0.00115221 -0.000744153 -0.000108006 0.00125 -0.00140199 0.00513513 0.0025 -6.26971e-05 -0.000451171 7.95311e-05 -0.000140168 4.99725e-05 -7.93871e-05 0.000164529 0.00104736
internal_weight=96610 72967 67684 5283 8123 59561 18575 4469 40986 6130 2925 814 23643 3391 3211 2352 2009 1574 768 806 222 140 40194 10772 29422 19013 17109 15242 13341 3547
internal_count=96610 72967 67684 5283 8123 59561 18575 4469 40986 6130 2925 814 23643 3391 3211 2352 2009 1574 768 806 222 140 40194 10772 29422 19013 17109 15242 13341 3547
is_linear=0
shrinkage=0.05


Tree=102
num_leaves=31
num_cat=0
split_feature=12 14 0 6 12 1 2 4 3 13 2 8 14 2 1 2 8 11 13 2 2 1 11 13 11 14 11 2 11 11
split_gain=132.543 8.96134 3.62186 3.09112 3.09974 1.9935 3.17506 1.95134 2.01972 1.72205 1.69535 1.77564 1.65387 1.60044 1.38238 1.73528 2.13576 1.50023 1.23301 1.11346 3.2093 1.79807 1.52631 1.46154 1.12776 1.11967 1.09788 1.04648 1.043 1.17676
threshold=0.048391918360802984 0.097406725082805526 22.500000000000004 1.0000000180025095e-35 1.5596605137936936 3.5000000000000004 2.5000000000000004 1.0000000180025095e-35 1.0000000180025095e-35 0.46280463479336115 3.5000000000000004 1.0000000180025095e-35 0.83042774607865388 4.5000000000000009 1.5000000000000002 7.5000000000000009 1.0000000180025095e-35 0.38650678917590264 0.19863370444022513 7.5000000000000009 9.5000000000000018 5.5000000000000009 0.69861776903204464 0.58483841278464799 4.7289472569738589 1.7560480992863496 1.1460841535482456 24.500000000000004 0.38650678917590264 0.29824169358431057
decision_type=2 2 2 2 2 2 2 2 2 2 2 2 2 2 2 2 2 2 2 2 2 2 2 2 2 2 2 2 2 2
left_child=-1 7 3 5 -5 10 -7 -2 -9 27 11 -3 -4 -12 17 16 -16 -15 -19 21 -21 22 23 -11 -23 -25 -17 -8 29 -22
right_child=1 2 12 4 -6 6 9 8 -10 19 13 -13 -14 14 15 26 -18 18 -20 20 28 24 -24 25 -26 -27 -28 -29 -30 -31
leaf_value=-0.0018612362144948263 -0.00016587736408989748 0.0090465524383751411 -0.0019266772402342534 -0.0031188220157377022 -0.00059287469103748772 -0.005047610496306738 -0.0011220454825056759 -0.0017884186883046099 -0.00091404868568290866 0.0071130370896774894 -0.0042102448940926516 0.0013846932951301384 -0.00085262541987219081 0.0011288052843469289 -0.0053390133049616775 -0.00082480921894952813 -0.0006663263502831114 -0.0018146823395621373 0.00070417928936364696 -0.0043398065481178288 0.00029316561050861303 -0.0034386553466715592 0.0028502086019654396 0.002114714668959915 0.043161892343323432 0.016109776339249319 0.0033577211843023366 -0.0029388302139336017 -0.00035522027033834709 0.0031158615577859014
leaf_weight=23691 874 759 1166 2244 2403 3001 3197 2884 2016 54 1521 2287 2895 1782 792 4347 2258 242 13093 2515 330 2425 2040 417 125 41 4720 378 12281 202
leaf_count=23691 874 759 1166 2244 2403 3001 3197 2884 2016 54 1521 2287 2895 1782 792 4347 2258 242 13093 2515 330 2425 2040 417 125 41 4720 378 12281 202
internal_value=-0.00158847 -0.000537531 -0.000375844 -0.000283198 -0.00152464 -0.000185098 -0.000501001 -0.00242813 -0.00281633 -0.000309312 8.31723e-05 0.00120486 -0.00182344 -3.56472e-05 5.25067e-05 -0.000345384 -0.00137705 0.000371435 0.00018935 -0.00013216 -0.000345121 0.000507643 0.00144592 0.00388672 -0.000431374 0.00296943 1.65316e-06 -0.00132168 -2.45856e-05 0.00214286
internal_weight=96980 73289 67515 63454 4647 58807 27006 5774 4900 24005 31801 3046 4061 28755 27234 12117 3050 15117 13335 20430 15328 5102 2552 512 2550 458 9067 3575 12813 532
internal_count=96980 73289 67515 63454 4647 58807 27006 5774 4900 24005 31801 3046 4061 28755 27234 12117 3050 15117 13335 20430 15328 5102 2552 512 2550 458 9067 3575 12813 532
is_linear=0
shrinkage=0.05


Tree=103
num_leaves=31
num_cat=0
split_feature=12 14 0 14 4 3 2 2 7 1 6 13 2 4 12 0 9 10 11 12 13 9 0 2 2 12 4 12 13 11
split_gain=134.665 8.13124 3.12351 3.15475 1.80999 2.32689 1.68801 1.70813 1.65255 1.80178 1.63556 2.05713 1.45871 1.5905 1.3452 1.16779 1.15918 1.08507 1.12066 1.01776 0.946603 0.924988 0.924049 1.92799 0.92351 0.933988 0.896693 1.78885 0.859695 0.838339
threshold=0.048391918360802984 0.11125199692356876 20.500000000000004 0.96754055282421392 1.5000000000000002 1.0000000180025095e-35 21.500000000000004 27.500000000000004 1.0000000180025095e-35 1.5000000000000002 1.0000000180025095e-35 1.2843692771881006 27.500000000000004 8.5000000000000018 0.20017889409664549 18.500000000000004 8.7444415897064776 7.911342502051065 0.43839986880256293 2.1666505857418072 0.90208479391772467 9.6196920437638678 16.500000000000004 11.500000000000002 18.500000000000004 0.14155753218672448 1.0000000180025095e-35 0.029088779508699588 0.36836516127008967 0.089133437968981918
decision_type=2 2 2 2 2 2 2 2 2 2 2 2 2 2 2 2 2 2 2 2 2 2 2 2 2 2 2 2 2 2
left_child=26 4 8 -4 24 -6 16 -8 9 12 20 -12 13 21 -14 22 17 19 -19 -5 -11 -3 -10 -24 -2 29 27 -1 -15 -26
right_child=1 2 3 6 5 -7 7 -9 15 10 11 -13 14 28 -16 -17 -18 18 -20 -21 -22 -23 23 -25 25 -27 -28 -29 -30 -31
leaf_value=-0.0010421811853224148 -0.00086045418031155396 0.00080940828746530282 -0.0017825724862841512 -2.4145459068867322e-05 -0.0015695886699788602 -0.00081341714291597819 -0.0035001222289232632 -0.00038465268034587456 0.0034323694389954036 -0.00096362208308012137 -0.0040628215897403333 -0.001221392612802949 0.0021771803052254078 -0.0015651781330004583 0.0026198126067030051 -0.008569216710350441 -0.0022749967701995604 0.0057804892974137444 0.00045090258397501026 -0.024361355800729859 -0.00050967391731001602 0.031676117762715256 0.00015896798967038466 0.034608231810434535 -0.00012042967302399108 -0.00016127592010061343 -0.0019617526183004319 0.00025575205107819868 -0.0012434586770122338 0.0025010741894175548
leaf_weight=3262 805 6259 2119 5874 3135 2280 1459 1209 1452 10839 777 1724 91 612 3757 289 1164 53 79 142 23972 43 151 146 43 172 20389 125 4390 83
leaf_count=3262 805 6259 2119 5874 3135 2280 1459 1209 1452 10839 777 1724 91 612 3757 289 1164 53 79 142 23972 43 151 146 43 172 20389 125 4390 83
internal_value=-0.00155452 -0.000491597 -0.000326648 -0.00105339 -0.00217705 -0.00255309 -0.000681364 -0.00175787 -0.000165316 -0.00021958 -0.000406305 -0.00164134 0.000240231 -4.60026e-05 0.00108108 0.0012316 -0.000288568 -1.46401e-05 0.0044697 -0.000113033 -0.000317573 0.000482385 0.00171812 0.00425926 -0.000330917 0.00204698 -0.00482335 -0.00406997 -0.000711717 0.00531746
internal_weight=96895 73119 66601 12099 6518 5415 9980 2668 54502 52464 37312 2501 15152 11304 3848 2038 7312 6148 132 6016 34811 6302 1749 297 1103 298 23776 3387 5002 126
internal_count=96895 73119 66601 12099 6518 5415 9980 2668 54502 52464 37312 2501 15152 11304 3848 2038 7312 6148 132 6016 34811 6302 1749 297 1103 298 23776 3387 5002 126
is_linear=0
shrinkage=0.05


Tree=104
num_leaves=31
num_cat=0
split_feature=0 14 0 1 14 13 6 2 11 4 3 4 3 4 3 4 8 2 9 0 6 11 8 2 0 0 8 6 10 14
split_gain=130.46 8.4565 3.45577 2.39177 2.26521 2.05216 2.74591 2.00626 1.70517 1.55486 1.95207 1.52488 1.49659 1.16881 1.53496 1.13786 1.2974 1.13042 0.999458 0.978783 0.959093 0.958341 0.90158 0.834646 0.826861 2.22367 1.67145 1.38578 1.28821 0.938496
threshold=5.5000000000000009 0.094428933784625621 21.500000000000004 1.5000000000000002 0.91978011693624928 0.90208479391772467 1.0000000180025095e-35 4.5000000000000009 0.05686833674621037 1.0000000180025095e-35 1.0000000180025095e-35 1.0000000180025095e-35 1.0000000180025095e-35 1.5000000000000002 1.0000000180025095e-35 1.0000000180025095e-35 1.0000000180025095e-35 18.500000000000004 8.4494740619443345 8.5000000000000018 1.0000000180025095e-35 3.3619682843963106 1.0000000180025095e-35 26.500000000000004 16.500000000000004 13.500000000000002 3.5000000000000004 1.0000000180025095e-35 8.4573972145309924 1.5361014333496903
decision_type=2 2 2 2 2 2 2 2 2 2 2 2 2 2 2 2 2 2 2 2 2 2 2 2 2 2 2 2 2 2
left_child=8 9 3 7 -4 6 -5 18 15 -2 22 21 23 -10 -15 16 17 -1 -3 -7 -6 -9 -11 -13 25 26 28 -27 29 -21
right_child=1 2 4 5 20 19 -8 11 13 10 -12 12 -14 14 -16 -17 -18 -19 -20 24 -22 -23 -24 -25 -26 27 -28 -29 -30 -31
leaf_value=-0.00072114091483038592 -0.00023089276110569587 -0.0057399913912182998 -0.0016745211103302343 -0.00093574392831926852 -0.00066346484287177531 0.006113344202249937 -0.003404248866188047 0.0068021022428501488 0.00063424201088772717 -0.0025429310452249323 -0.0010745854775626202 0.00015319336698484771 0.0026086795256230009 -0.0013470571812310192 0.0001676643550137655 -0.0018658841977781942 -0.0014306285314210909 -3.7647682615976623e-05 0.0034503738100842593 -0.00044543855601168574 -0.0023486178545003723 0.078881624407234688 -0.00092307974308085492 -0.002651807639903591 0.00023874623654482685 -0.0029146848339692121 -0.0022008378955528009 -0.0059252250554565795 0.013484844614669755 0.0047461517397404188
leaf_weight=654 758 1062 1736 12041 5861 609 635 1369 67 1651 1769 7186 5717 522 144 20017 2424 333 375 4466 478 46 776 1425 13756 6587 1381 545 137 2215
leaf_count=654 758 1062 1736 12041 5861 609 635 1369 67 1651 1769 7186 5717 522 144 20017 2424 333 375 4466 478 46 776 1425 13756 6587 1381 545 137 2215
internal_value=-0.00153201 -0.000472646 -0.000326572 -0.000194957 -0.00129721 -0.000396725 -0.000929316 0.000302676 -0.00471442 -0.00246669 -0.00284319 0.00046592 0.000311277 -0.0023397 -0.00297297 -0.00478872 -0.00394459 -0.00241641 -0.00148574 -0.000169384 -0.000858969 0.0020318 -0.00376391 -0.000105099 -0.00021092 -0.000463441 9.81815e-05 -0.00110909 0.000419477 0.000321059
internal_weight=96742 72581 67627 59552 8075 42372 12676 17180 24161 4954 4196 15743 14328 733 666 23428 3411 987 1437 29696 6339 1415 2427 8611 29087 15331 8199 7132 6818 6681
internal_count=96742 72581 67627 59552 8075 42372 12676 17180 24161 4954 4196 15743 14328 733 666 23428 3411 987 1437 29696 6339 1415 2427 8611 29087 15331 8199 7132 6818 6681
is_linear=0
shrinkage=0.05


Tree=105
num_leaves=31
num_cat=0
split_feature=12 14 0 14 11 14 6 14 4 12 8 8 4 8 12 3 4 0 8 12 12 8 12 1 4 6 11 14 1 8
split_gain=130.771 6.62903 2.40469 2.9074 1.99021 1.65092 2.2972 1.23206 1.14366 1.8112 1.71796 1.09495 2.2353 1.50167 1.59654 1.49103 1.22628 1.07802 3.11827 3.87114 1.78678 1.39352 1.17132 1.11707 1.07172 1.05943 1.05378 1.02216 0.992894 0.984419
threshold=0.048391918360802984 0.11125199692356876 20.500000000000004 0.83042774607865388 0.14356560726223849 1.3952280761848197 1.0000000180025095e-35 0.8111321174248185 1.0000000180025095e-35 0.026997949692522578 1.0000000180025095e-35 1.0000000180025095e-35 1.0000000180025095e-35 2.5000000000000004 2.1666505857418072 1.0000000180025095e-35 9.5000000000000018 17.500000000000004 1.5000000000000002 1.6263503427068005 2.3181706551236823 1.5000000000000002 0.84777217278175254 5.5000000000000009 1.0000000180025095e-35 1.0000000180025095e-35 2.487910641606947 1.9627218027417925 2.5000000000000004 2.5000000000000004
decision_type=2 2 2 2 2 2 2 2 2 2 2 2 2 2 2 2 2 2 2 2 2 2 2 2 2 2 2 2 2 2
left_child=8 4 5 -4 24 6 -3 -8 9 10 28 12 -5 14 16 -14 -13 21 19 -19 23 22 -7 26 -2 -24 27 -21 -1 -23
right_child=1 2 3 11 -6 17 7 -9 -10 -11 -12 13 15 -15 -16 -17 -18 18 -20 20 -22 29 25 -25 -26 -27 -28 -29 -30 -31
leaf_value=-0.00012299986642437603 0.0001489058937066833 -0.00063518886008032854 -0.00168789444977238 0.0021346321163604014 -0.0013743766912934861 0.0065195369853644995 -0.0029203036523482448 -0.0019004734704864829 -0.00177463046132963 0.00016658270451784738 -0.0015288823422684326 0.0033379479886389281 -0.0025678702500333793 -0.0010029895657255898 -0.015998599893037018 -0.00071894457610534735 -0.00039102282051362903 0.04837790993802888 -0.001607255810056306 0.0070289757041519726 0.0035901952519463822 0.011746358959193008 -0.0024451716211672451 0.03857791182929067 -0.00083739802021380214 -0.0056326115542939641 -0.00011255321969463156 0.026285307351996259 -0.00062641207183181905 1.9575114770042838e-06
leaf_weight=319 735 25132 1547 485 3223 198 917 778 20337 189 2272 1797 1706 3484 257 1225 1587 62 4320 600 5286 1140 6616 50 2543 675 332 295 603 8163
leaf_count=319 735 25132 1547 485 3223 198 917 778 20337 189 2272 1797 1706 3484 257 1225 1587 62 4320 600 5286 1140 6616 50 2543 675 332 295 603 8163
internal_value=-0.00156096 -0.000514881 -0.000366232 -0.0010043 -0.00203892 -0.000224875 -0.00050453 -0.00228614 -0.0047871 -0.00393586 -0.00421728 -0.00070724 -0.00144321 -0.000354387 0.00035567 -0.00196349 0.000644207 4.56058e-05 0.000431703 0.00111321 0.000995732 -0.000206052 -0.000713715 0.00267424 -0.00117145 -0.000816762 0.00237571 0.00326816 -0.00239696 0.000202622
internal_weight=96873 73153 66652 12088 6501 54564 26827 1695 23720 3383 3194 10541 3416 7125 3641 2931 3384 27737 10945 6625 6563 16792 7489 1277 3278 7291 1227 895 922 9303
internal_count=96873 73153 66652 12088 6501 54564 26827 1695 23720 3383 3194 10541 3416 7125 3641 2931 3384 27737 10945 6625 6563 16792 7489 1277 3278 7291 1227 895 922 9303
is_linear=0
shrinkage=0.05


Tree=106
num_leaves=31
num_cat=0
split_feature=12 14 0 6 12 4 3 8 14 4 1 2 2 2 1 8 8 13 2 14 2 13 12 8 14 4 8 12 11 2
split_gain=134.874 7.58879 2.75684 2.44657 2.36598 1.72893 2.34351 1.74166 1.65907 1.32748 1.85557 3.01795 2.99896 3.63653 2.92375 2.41523 1.72922 1.60794 1.35963 1.28394 1.27134 1.36878 1.17763 1.1806 1.16606 1.16403 1.64513 1.35772 1.05355 1.39344
threshold=0.048391918360802984 0.11125199692356876 22.500000000000004 1.0000000180025095e-35 1.8098776341711413 1.5000000000000002 1.0000000180025095e-35 1.0000000180025095e-35 0.83042774607865388 1.0000000180025095e-35 3.5000000000000004 2.5000000000000004 7.5000000000000009 9.5000000000000018 5.5000000000000009 1.0000000180025095e-35 1.0000000180025095e-35 0.22117591506872816 3.5000000000000004 0.77234689896875075 16.500000000000004 0.19863370444022513 0.20596900030616466 1.0000000180025095e-35 1.0934280538995245 1.0000000180025095e-35 1.0000000180025095e-35 0.027951857891066644 1.2949752172760902 4.5000000000000009
decision_type=2 2 2 2 2 2 2 2 2 2 2 2 2 2 2 2 2 2 2 2 2 2 2 2 2 2 2 2 2 2
left_child=25 5 3 9 -5 -2 7 -7 -4 16 18 -12 14 -14 17 19 -3 -13 -11 -15 -18 -22 -10 -24 -19 26 -1 -28 29 -16
right_child=1 2 8 4 -6 6 -8 -9 22 10 11 12 13 15 28 -17 20 24 -20 -21 21 -23 23 -25 -26 -27 27 -29 -30 -31
leaf_value=-0.00035736383376066167 -9.5643953089771851e-05 0.0083002832790071614 -0.0017633526637868423 -0.0027159483162519354 -0.00020753850750127864 -0.0023714848356273682 -0.00069349157231323203 -0.00063201305236161879 0.00051956115676638143 0.0031953566630057982 -0.0048278563531353458 0.0027289837938795185 -0.0042093395073400566 -0.003398251226117685 -0.0060678765537816341 0.00020581273432474352 -0.0040688063526695666 -2.9898221207096481e-05 -0.00013880669944972251 -0.0029030874203658718 0.0031357497483066122 0.001062176433995519 -0.0020575076246977801 -0.00072484246758596144 0.005609091412216622 -0.001677410564323252 -0.0014526118796036763 0.00020124137723038783 0.0019750760645685333 0.00063593100509011448
leaf_weight=978 1111 2266 1142 2492 1985 1644 2294 1454 634 2981 2956 216 2938 556 714 7758 2225 903 23960 2095 198 4221 718 1546 1832 20388 2273 114 1847 443
leaf_count=978 1111 2266 1142 2492 1985 1644 2294 1454 634 2981 2956 216 2938 556 714 7758 2225 903 23960 2095 198 4221 718 1546 1832 20388 2273 114 1847 443
internal_value=-0.00150348 -0.000440251 -0.000281123 -0.000199407 -0.00132567 -0.00207058 -0.00244065 -0.00333764 -0.00154703 -0.000112634 -0.000214335 -0.000552162 -0.00032432 -0.000740617 0.000608731 -0.000302144 0.000448933 0.00172653 6.477e-05 -0.00160506 4.21421e-05 0.000532925 -0.000910974 -0.00144435 0.00139854 -0.00477687 -0.00391531 -0.00462296 -0.000489349 -0.00167243
internal_weight=96882 73129 66626 62586 4477 6503 5392 3098 4040 58109 49199 22258 19302 13347 5955 10409 8910 2951 26941 2651 6644 4419 2898 2264 2735 23753 3365 2387 3004 1157
internal_count=96882 73129 66626 62586 4477 6503 5392 3098 4040 58109 49199 22258 19302 13347 5955 10409 8910 2951 26941 2651 6644 4419 2898 2264 2735 23753 3365 2387 3004 1157
is_linear=0
shrinkage=0.05


Tree=107
num_leaves=31
num_cat=0
split_feature=12 14 0 14 4 3 8 0 8 2 2 8 0 12 8 4 12 8 14 8 14 12 2 0 8 9 11 8 0 4
split_gain=132.513 6.26321 3.01492 2.75692 1.6073 1.80492 1.42413 1.3998 2.11588 1.82336 1.69356 1.64849 2.12975 2.08272 1.47438 1.31398 2.14429 1.53143 1.30153 1.30057 1.54083 1.70053 1.27571 1.16838 1.13854 1.13667 1.17031 1.17433 1.11085 1.28962
threshold=0.048391918360802984 0.097406725082805526 20.500000000000004 0.83042774607865388 1.0000000180025095e-35 1.0000000180025095e-35 1.0000000180025095e-35 16.500000000000004 1.5000000000000002 21.500000000000004 27.500000000000004 1.5000000000000002 18.500000000000004 1.9315817605357493 1.0000000180025095e-35 1.0000000180025095e-35 0.02549002247696816 1.0000000180025095e-35 1.5642527002665703 2.5000000000000004 1.3506517479241213 0.20596900030616466 16.500000000000004 17.500000000000004 1.0000000180025095e-35 8.7550578509009664 0.49823601807539464 1.0000000180025095e-35 19.500000000000004 1.0000000180025095e-35
decision_type=2 2 2 2 2 2 2 2 2 2 2 2 2 2 2 2 2 2 2 2 2 2 2 2 2 2 2 2 2 2
left_child=15 4 7 -4 -2 6 -6 8 9 22 24 13 -13 23 -12 16 17 -1 -15 20 21 -10 -3 -9 -11 26 -5 -28 29 -20
right_child=1 2 3 25 5 -7 -8 11 19 10 14 12 -14 18 -16 -17 -18 -19 28 -21 -22 -23 -24 -25 -26 -27 27 -29 -30 -31
leaf_value=-0.00043750580524666436 -1.6409295734000021e-05 -0.0010284048876905566 -0.0017216533265673817 0.00013387064358705761 -0.0022510527237533566 -0.00068665084849438957 -0.00059165628568537399 0.0046426052345632995 0.0018402425260210173 -0.0047875247792645154 0.0016146507294321401 0.0020791171748902712 -0.0027206285082525088 -0.0059060232858343343 -0.0032124190514311469 -0.0016032847029102586 4.9853203693267472e-05 -0.0013890880122190683 0.039006288368079296 -9.4936080668817072e-05 0.017293989641564811 -0.00056626309602577946 0.001039087955435564 0.012212708882955087 -0.002235928643272629 -0.0021464210240815474 -0.004883637594955189 -0.000843996241761961 -0.0019759719295408041 0.0035415003561336668
leaf_weight=869 829 13417 1559 3362 1668 2053 1138 807 46 1322 1094 3426 3388 1120 1564 20338 263 2217 632 15552 1010 801 2531 479 1818 1686 1353 4105 2100 4302
leaf_count=869 829 13417 1559 3362 1668 2053 1138 807 46 1322 1094 3426 3388 1120 1564 20338 263 2217 632 15552 1010 801 2531 479 1818 1686 1353 4105 2100 4302
internal_value=-0.00148783 -0.000435473 -0.000301154 -0.00101741 -0.00202883 -0.002376 -0.00320029 -0.000145194 -0.000307114 -0.00063598 -0.00139531 0.000244862 -0.000347815 0.000672668 -0.000466517 -0.00473825 -0.00382054 -0.00418989 0.000377728 0.000103681 0.00135433 -0.000218419 -0.000359921 0.00254277 -0.00218153 -0.000726253 -0.000498867 -0.000950899 0.000629797 0.00103972
internal_weight=96849 73162 67474 12065 5688 4859 2806 55409 39155 21746 5798 16254 6814 9440 2658 23687 3349 3086 8154 17409 1857 847 15948 1286 3140 10506 8820 5458 7034 4934
internal_count=96849 73162 67474 12065 5688 4859 2806 55409 39155 21746 5798 16254 6814 9440 2658 23687 3349 3086 8154 17409 1857 847 15948 1286 3140 10506 8820 5458 7034 4934
is_linear=0
shrinkage=0.05


Tree=108
num_leaves=31
num_cat=0
split_feature=12 14 0 14 4 3 0 8 2 1 2 4 12 14 2 1 11 8 12 2 1 0 12 8 12 8 0 8 8 12
split_gain=129.446 7.8973 2.50754 2.82384 1.85603 2.0568 1.49683 1.93624 2.1288 1.8181 1.70991 1.49188 2.07715 1.19632 1.19219 1.52355 1.6377 1.37825 1.13124 1.11684 1.05416 1.00168 1.05782 1.44216 1.60022 1.47609 1.26259 1.84676 1.69112 1.36403
threshold=0.036601037503785898 0.097406725082805526 20.500000000000004 0.91978011693624928 1.0000000180025095e-35 1.0000000180025095e-35 16.500000000000004 1.5000000000000002 20.500000000000004 1.5000000000000002 16.500000000000004 1.0000000180025095e-35 0.019271711222591036 0.31107002481476337 21.500000000000004 1.5000000000000002 0.57631438407352842 1.0000000180025095e-35 0.15414498897030426 3.5000000000000004 3.5000000000000004 19.500000000000004 1.710405393121722 2.5000000000000004 1.3195402670430956 1.5000000000000002 17.500000000000004 1.0000000180025095e-35 3.5000000000000004 3.5351141344718853
decision_type=2 2 2 2 2 2 2 2 2 2 2 2 2 2 2 2 2 2 2 2 2 2 2 2 2 2 2 2 2 2
left_child=11 4 6 -4 -2 -6 7 8 10 -10 -3 12 -1 -11 -5 16 -16 -17 19 20 -7 22 23 25 -25 -8 28 29 -24 -28
right_child=1 2 3 14 5 18 21 -9 9 13 -12 -13 -14 -15 15 17 -18 -19 -20 -21 -22 -23 26 24 -26 -27 27 -29 -30 -31
leaf_value=-0.0011857993955997088 -4.349600621494153e-05 -0.00094594959315906404 -0.001464104428441185 -0.00030595225106824162 -0.0012829772314909198 0.00067009997007949152 0.0068771325092988255 7.6421462498275103e-05 -0.00095427755309987732 -0.002694838854039136 0.002348231819077248 -0.0015510300793207549 -0.00039268195607393137 -0.003987177496473252 0.0018684288199871523 -0.004357252365217024 -0.0057048508650476698 -0.001915116788152016 -0.0017575033550212829 0.00034698731166624624 -0.0012575786839715954 -0.0012622035249116521 -0.0043358879885533556 0.01679309874311306 0.0078846659603590847 -0.0027213254603463063 0.018800768819927871 0.00032818682666653997 0.0097523368532892105 0.0075385064227580572
leaf_weight=2322 882 13523 1920 7427 2976 155 533 17453 2613 721 2041 19951 1053 2927 473 579 563 1171 874 795 344 4028 2800 41 493 486 806 4965 468 1473
leaf_count=2322 882 13523 1920 7427 2976 155 533 17453 2613 721 2041 19951 1053 2927 473 579 563 1171 874 795 344 4028 2800 41 493 486 806 4965 468 1473
internal_value=-0.00148241 -0.000452878 -0.000298058 -0.000949066 -0.00218719 -0.00255055 -0.000155407 -0.00032181 -0.00063574 -0.00141431 -0.00032254 -0.00472777 -0.00375556 -0.00213542 -0.000618331 -0.00150036 1.93038e-05 -0.0024 -0.00137915 -0.000440496 -0.00229459 0.000250729 0.000478656 0.00169671 0.0038015 0.000593718 0.000298705 0.000666758 -0.000517137 0.00184511
internal_weight=96856 73530 67504 12133 6026 5144 55371 39278 21825 6261 15564 23326 3375 3648 10213 2786 1036 1750 2168 1294 499 16093 12065 1553 534 1019 10512 7244 3268 2279
internal_count=96856 73530 67504 12133 6026 5144 55371 39278 21825 6261 15564 23326 3375 3648 10213 2786 1036 1750 2168 1294 499 16093 12065 1553 534 1019 10512 7244 3268 2279
is_linear=0
shrinkage=0.05


Tree=109
num_leaves=31
num_cat=0
split_feature=12 13 1 6 12 2 4 3 8 12 2 4 12 13 3 2 8 11 13 9 13 12 0 7 12 8 4 2 1 4
split_gain=128.292 7.2717 2.15599 2.34482 2.81586 2.03697 1.89265 2.01709 3.45722 1.49494 1.44961 1.44752 1.85821 1.04775 0.848782 1.83101 1.69554 1.65122 1.11648 0.894226 0.854606 0.779181 0.751047 0.720217 0.718593 0.837536 0.717018 0.716231 2.01082 1.2479
threshold=0.048391918360802984 0.19120629927941438 1.5000000000000002 1.0000000180025095e-35 1.6263503427068005 4.5000000000000009 1.5000000000000002 1.0000000180025095e-35 1.0000000180025095e-35 0.17605792936502632 20.500000000000004 1.0000000180025095e-35 0.019271711222591036 0.056092871455200609 1.0000000180025095e-35 26.500000000000004 1.0000000180025095e-35 0.2002750255002253 3.1371312366538722 9.6065217089800203 2.782590827938173 4.6570589242905376 17.500000000000004 1.0000000180025095e-35 0.026997949692522578 1.0000000180025095e-35 6.5000000000000009 3.5000000000000004 3.5000000000000004 9.5000000000000018
decision_type=2 2 2 2 2 2 2 2 2 2 2 2 2 2 2 2 2 2 2 2 2 2 2 2 2 2 2 2 2 2
left_child=11 6 5 9 -5 -3 -2 8 -8 -4 13 12 -1 -10 15 -7 17 -16 -19 -18 -17 -11 23 -6 25 -14 -15 28 -9 -29
right_child=1 2 3 4 22 14 7 27 10 21 -12 -13 24 26 16 20 19 18 -20 -21 -22 -23 -24 -25 -26 -27 -28 29 -30 -31
leaf_value=-0.0011072072507381078 -9.2309318826695947e-05 -0.0049185008621532213 -0.00093771643546960862 -0.0034368060315254356 -0.0044696421989291052 0.00039619112852236593 -0.0020897235716654632 0.00029619646524947754 -0.00078282883809113941 -0.000677584089357441 -0.0015153156598322771 -0.0014400912426138644 -0.00020374257719641062 -0.00024569690934395241 0.0039617767307648594 -0.0030878184542717773 0.00075298016824823424 0.0048774345738368217 0.031287921832624258 0.024203445349832872 0.0046303402790142858 0.012006344026842645 0.0017867224627097951 0.019800048851256451 7.4383673419536195e-05 -0.00074735690495093615 0.00077985891806203582 -0.0012173361748711979 -0.0020994571991884846 9.6475044773328996e-06
leaf_weight=2310 1624 1496 905 1446 999 9105 2264 460 233 40482 739 20285 484 1061 95 1267 4413 1348 49 74 273 494 583 76 178 405 431 467 1014 1763
leaf_count=2310 1624 1496 905 1446 999 9105 2264 460 233 40482 739 20285 484 1061 95 1267 4413 1348 49 74 273 494 583 76 178 405 431 467 1014 1763
internal_value=-0.00148482 -0.000449763 -0.000250774 -0.000436258 -0.00176224 0.000209712 -0.00169849 -0.00199953 -0.00268401 -0.000337983 -0.00138799 -0.00468515 -0.00372668 -0.000594204 0.000368743 0.000100985 0.000845458 0.00230563 0.00187187 0.000359927 -0.00149351 -0.000293588 -0.000355852 -0.00113954 -0.00200094 -0.00258155 -0.00010724 -0.00112581 -0.00198101 -0.000560539
internal_weight=96823 73161 63105 44985 3104 18120 10056 8432 4728 41881 2464 23662 3377 1725 16624 10645 5979 1492 1397 4487 1540 40976 1658 1075 1067 889 1492 3704 1474 2230
internal_count=96823 73161 63105 44985 3104 18120 10056 8432 4728 41881 2464 23662 3377 1725 16624 10645 5979 1492 1397 4487 1540 40976 1658 1075 1067 889 1492 3704 1474 2230
is_linear=0
shrinkage=0.05


Tree=110
num_leaves=31
num_cat=0
split_feature=11 14 0 14 2 6 1 4 8 2 6 14 1 2 9 11 0 2 8 1 9 11 14 4 2 2 1 2 9 10
split_gain=124.946 6.93052 2.37868 2.70428 1.96965 1.80616 2.17935 1.44764 1.58995 1.57017 1.29401 2.25128 1.10493 1.10319 1.33085 1.09077 1.08441 1.07384 1.06229 1.05845 1.00911 1.00463 1.00368 0.962975 0.922216 1.3481 0.895451 1.73031 1.10136 1.68159
threshold=0.05686833674621037 0.11125199692356876 20.500000000000004 0.83042774607865388 21.500000000000004 1.0000000180025095e-35 3.5000000000000004 1.0000000180025095e-35 1.0000000180025095e-35 18.500000000000004 1.0000000180025095e-35 0.84841971260772153 1.5000000000000002 15.500000000000002 9.1061192496941441 0.15611232472912856 5.5000000000000009 27.500000000000004 1.0000000180025095e-35 3.5000000000000004 7.5658720169873837 0.020534942116858006 1.950209636259844 2.5000000000000004 7.5000000000000009 3.5000000000000004 3.5000000000000004 2.5000000000000004 8.0983831829183792 7.3326074224938536
decision_type=2 2 2 2 2 2 2 2 2 2 2 2 2 2 2 2 2 2 2 2 2 2 2 2 2 2 2 2 2 2
left_child=7 5 10 -4 13 6 15 8 9 -1 26 -12 -13 14 19 -2 -9 18 -6 -5 -14 -10 -21 -8 25 -25 -3 -28 29 -29
right_child=1 2 3 4 17 -7 23 16 21 -11 11 12 20 -15 -16 -17 -18 -19 -20 22 -22 -23 -24 24 -26 -27 27 28 -30 -31
leaf_value=-0.00056279719507554705 6.8195937297978336e-08 0.00027428881098869317 -0.0015137550472007089 0.00020945936925138845 -0.0038043456676094506 -0.0026150291028023656 -0.00035724500326747311 -0.0013731559934235247 -0.0012285732932540393 4.4759209080736227e-05 -0.0024209932983475214 0.00083014875674501394 0.0089963555342048741 0.00097268441678255955 -0.0031902742818732434 -0.00077351449864002531 -0.00068783201325731602 -0.00081916425336187493 -0.001658727024916355 -0.00067089810507884933 -0.0027396841394928539 -0.00028973628208881012 -0.0091247708098521185 -0.001876390647205208 -0.001618542881069731 0.00037137897360154997 -0.0040716532741580285 0.00010956015308755717 -0.00097196284114143031 0.010930513584887315
leaf_weight=671 1715 27514 1486 3179 490 463 503 19963 2059 323 958 1006 152 1483 293 1335 187 1269 1018 2321 1833 355 451 616 1527 337 2550 7667 12298 732
leaf_count=671 1715 27514 1486 3179 490 463 503 19963 2059 323 958 1006 152 1483 293 1335 187 1269 1018 2321 1833 355 451 616 1527 337 2550 7667 12298 732
internal_value=-0.00145079 -0.000431446 -0.000279611 -0.000917432 -0.000634997 -0.00199046 -0.00175949 -0.00461797 -0.00366491 -0.00198189 -0.000139829 -0.00101165 -0.000336009 -0.000224539 -0.000515696 -0.000819673 -0.00477916 -0.0017771 -0.00267905 -0.000353723 -0.00102015 -0.00435791 -0.00106782 -0.00272042 -0.003125 -0.00190451 -7.20053e-05 -0.00030047 -0.000149057 0.000292296
internal_weight=96754 73196 66700 11990 10504 6496 6033 23558 3408 994 54710 3949 2991 7727 6244 3050 20150 2777 1508 5951 1985 2414 2772 2983 2480 953 50761 23247 20697 8399
internal_count=96754 73196 66700 11990 10504 6496 6033 23558 3408 994 54710 3949 2991 7727 6244 3050 20150 2777 1508 5951 1985 2414 2772 2983 2480 953 50761 23247 20697 8399
is_linear=0
shrinkage=0.05


Tree=111
num_leaves=31
num_cat=0
split_feature=12 14 6 1 14 0 4 12 12 0 13 11 11 12 2 8 0 12 4 8 13 1 2 6 12 9 11 0 11 2
split_gain=127.078 5.17697 3.12665 2.2274 1.81331 1.77572 1.55319 1.9883 1.40537 1.08422 0.951168 1.21846 0.837341 0.829581 1.08695 1.44421 0.805737 1.33561 2.60143 1.50867 0.936063 0.827861 1.30474 1.12578 1.23321 0.839761 0.802754 0.788855 1.15234 0.758428
threshold=0.048391918360802984 0.35208839802829789 1.0000000180025095e-35 3.5000000000000004 0.07767228816245815 22.500000000000004 1.0000000180025095e-35 0.019271711222591036 0.11695012343445631 8.5000000000000018 0.084600253606774936 0.38650678917590264 0.11443905454083349 0.03057491011296894 27.500000000000004 3.5000000000000004 8.5000000000000018 0.68367058472598952 7.5000000000000009 3.5000000000000004 0.44937201345838279 1.5000000000000002 4.5000000000000009 1.0000000180025095e-35 1.5763921561138052 9.6570687150541854 0.19372693912842709 7.5000000000000009 1.8996832512456356 24.500000000000004
decision_type=2 2 2 2 2 2 2 2 2 2 2 2 2 2 2 2 2 2 2 2 2 2 2 2 2 2 2 2 2 2
left_child=6 2 3 8 -5 16 7 -1 12 -6 26 -12 -2 -8 -15 -16 17 18 -3 29 -21 22 -18 -23 -25 -24 -10 -22 -29 -19
right_child=1 5 -4 4 9 -7 13 -9 10 -11 11 -13 -14 14 15 -17 21 19 -20 20 27 23 25 24 -26 -27 -28 28 -30 -31
leaf_value=-0.0010376713938534377 0.00099579713549362834 0.012433211510888029 -0.0025599691584645909 -0.0014300004996215606 -0.0004524885467082399 -0.00088500842982484462 -0.0013637813064051232 -0.00037529048893284871 -0.00049454253498933056 -0.0019223042743539279 0.00017181660668870181 -0.0012318157657218341 -0.00038860202499804464 -0.00064046468433921722 -0.00056331354877341383 0.00033179558963440686 -0.0048768039100660979 -0.0046389562872822497 0.00049063152801600771 0.0095941967400910919 3.3415501993848336e-05 -0.0005303303012554613 0.00046727159920141473 -0.0031615879309763555 -0.0013832902312584825 0.021400457085830979 -0.0010048271304685292 0.035810239018588139 0.00861031766407124 0.00256259567321185
leaf_weight=2278 296 68 895 1969 2699 3869 19253 1088 1313 1191 2889 1304 136 888 103 54 1290 304 107 67 934 36001 14137 923 1667 40 554 76 432 100
leaf_count=2278 296 68 895 1969 2699 3869 19253 1088 1313 1191 2889 1304 136 888 103 54 1290 304 107 67 934 36001 14137 923 1667 40 554 76 432 100
internal_value=-0.00144261 -0.000413659 -0.00130832 -0.00110153 -0.00180833 -0.000216197 -0.00462813 -0.00363339 -0.000463649 -0.00118252 -0.000660067 -0.000242071 0.00229167 -0.00479308 -0.00342105 0.000414012 -0.000144802 0.000818964 0.005 0.000436486 0.00116302 -0.000182028 0.000127043 -0.000305902 -0.00131274 0.00026557 -0.00159882 0.00089459 0.00248031 -0.00227723
internal_weight=96925 73261 13246 12351 5859 60015 23664 3366 6492 3890 6060 4193 432 20298 1045 157 56146 2088 175 1913 1509 54058 15467 38591 2590 14177 1867 1442 508 404
internal_count=96925 73261 13246 12351 5859 60015 23664 3366 6492 3890 6060 4193 432 20298 1045 157 56146 2088 175 1913 1509 54058 15467 38591 2590 14177 1867 1442 508 404
is_linear=0
shrinkage=0.05


Tree=112
num_leaves=31
num_cat=0
split_feature=12 14 0 6 12 4 3 4 8 1 14 1 8 12 12 3 8 1 1 13 12 8 12 4 12 8 14 12 4 8
split_gain=125.866 6.36074 2.563 1.87676 2.15468 1.83268 1.70459 1.58545 2.40203 1.6609 1.48063 1.24095 1.20105 0.996698 0.957391 1.44863 2.36408 0.95034 0.89864 0.892716 0.847587 1.18142 1.13152 0.896395 0.836822 0.880305 0.82323 0.804431 0.79729 1.05502
threshold=0.036601037503785898 0.097406725082805526 22.500000000000004 1.0000000180025095e-35 0.58990850474134804 1.0000000180025095e-35 1.0000000180025095e-35 1.0000000180025095e-35 1.0000000180025095e-35 1.5000000000000002 0.83042774607865388 3.5000000000000004 1.0000000180025095e-35 0.026997949692522578 0.03057491011296894 1.0000000180025095e-35 3.5000000000000004 1.5000000000000002 3.5000000000000004 0.052895562704879787 0.20596900030616466 1.0000000180025095e-35 0.68367058472598952 2.5000000000000004 2.7173423855593684 1.0000000180025095e-35 1.0809422387544811 0.017273622618214992 2.5000000000000004 1.0000000180025095e-35
decision_type=2 2 2 2 2 2 2 2 2 2 2 2 2 2 2 2 2 2 2 2 2 2 2 2 2 2 2 2 2 2
left_child=7 5 3 11 -5 -2 12 8 9 -1 -4 -3 -7 -10 -9 -16 -17 -6 -8 -14 23 -22 26 -12 25 -19 -23 -11 -13 -30
right_child=1 2 10 4 17 6 18 14 13 27 20 28 19 -15 15 16 -18 24 -20 -21 21 22 -24 -25 -26 -27 -28 -29 29 -31
leaf_value=0.00047573838363694086 0.00015324687962874677 0.00016617340412939773 -0.0013505055966326473 -0.0018854312583490821 0.00051945185221415524 -0.0018731219774395791 -0.00011618997695415875 -0.0012953563146290287 -0.0010844629464857489 -0.00073586993099181988 0.0015916099651337228 0.00081155442863512059 -0.00061747155235875181 0.00012832607100936747 -0.001358917590694388 -0.00043848703307169013 0.00034549498750257825 -0.0082283990687136623 -0.00080755319938739735 -0.00037171227490033422 -0.0019017378814880749 -0.0015347358117851037 -0.0058695326458493907 -0.00019700633974163094 0.00048686024366401473 -0.0023731750600377226 0.0010798319905266887 -0.00022466045528508639 -0.0022028626817352684 -0.00046330452254846879
leaf_weight=160 872 31892 1181 837 1238 1719 1229 19357 2271 277 126 4471 398 86 397 262 59 329 915 850 705 311 281 509 656 1528 920 561 5713 16664
leaf_count=160 872 31892 1181 837 1238 1719 1229 19357 2271 277 126 4471 398 86 397 262 59 329 915 850 705 311 281 509 656 1528 920 561 5713 16664
internal_value=-0.00141484 -0.000395671 -0.000256901 -0.000179069 -0.00115301 -0.00195805 -0.00231951 -0.00460521 -0.00359911 -0.00154309 -0.00147905 -0.000102997 -0.00309572 -0.00446967 -0.00477335 -0.0029805 -0.000482867 -0.000641164 -0.00124534 -0.00191507 -0.000862554 -0.00132386 -0.000535715 0.00074803 -0.00119976 -0.00174206 0.000117789 -0.00243437 -0.000353473 -0.000475266
internal_weight=96774 73344 67361 63328 4588 5983 5111 23430 3355 998 4033 58740 2967 2357 20075 718 321 3751 2144 1248 2852 2217 1512 635 2513 1857 1231 838 26848 22377
internal_count=96774 73344 67361 63328 4588 5983 5111 23430 3355 998 4033 58740 2967 2357 20075 718 321 3751 2144 1248 2852 2217 1512 635 2513 1857 1231 838 26848 22377
is_linear=0
shrinkage=0.05


Tree=113
num_leaves=31
num_cat=0
split_feature=12 14 0 6 14 4 8 2 6 12 11 14 2 2 14 4 12 2 12 11 8 9 9 14 12 11 12 10 11 0
split_gain=126.056 5.16754 2.1096 1.80462 2.17135 1.60825 2.6588 1.47693 1.45786 1.07313 1.06524 0.996459 0.970057 0.947046 0.878748 1.09237 0.802873 0.709605 0.694598 0.693022 0.789069 0.684657 1.68999 1.00635 0.76094 0.719131 0.715133 1.00061 0.696131 1.09563
threshold=0.036601037503785898 0.094428933784625621 22.500000000000004 1.0000000180025095e-35 0.8111321174248185 1.0000000180025095e-35 1.0000000180025095e-35 18.500000000000004 1.0000000180025095e-35 0.02549002247696816 0.20737836948696584 0.83042774607865388 22.500000000000004 14.500000000000002 2.1067637228976905 1.5000000000000002 0.74401127841374592 16.500000000000004 0.11695012343445631 2.9672637880526658 1.0000000180025095e-35 7.7620243016729598 7.894485013644668 2.1386486113466212 2.2088749738977822 2.7050664919739842 2.0060500418386558 7.3234520709105544 3.1207047060510233 17.500000000000004
decision_type=2 2 2 2 2 2 2 2 2 2 2 2 2 2 2 2 2 2 2 2 2 2 2 2 2 2 2 2 2 2
left_child=5 8 3 14 -5 6 7 17 10 -8 13 -4 -6 -2 18 21 -13 -1 -3 -14 -21 -16 24 -24 -23 26 27 -25 29 -27
right_child=1 2 11 4 12 -7 9 -9 -10 -11 -12 16 19 -15 15 -17 -18 -19 -20 20 -22 22 23 25 -26 28 -28 -29 -30 -31
leaf_value=-0.0001749552456481611 -0.00054507031209927225 -0.00086414412561701425 -0.0012805066177196485 -0.002148786884238777 8.0164092783054651e-07 -0.0012031416451954414 -0.0010425460593520204 0.00010545731791769758 -0.0024145490352593746 -0.00014327808770767323 -0.0011825037989143668 -0.00051368820143158429 -0.0035377443345946699 -0.0001038635971498235 -0.0025820379783795767 0.00053032162196042722 -0.011341009798294006 -0.00070941172844918982 -0.00029606232318532723 -0.0085804626583540818 0.0019617492324627288 0.012487155266531429 0.024518810844704544 -0.015299949644039086 0.072406602336545306 -0.00017728966118439398 -0.0092186583649879784 0.01151385399197756 0.0051077218361722963 0.046688282357952006
leaf_weight=320 2669 146 1179 983 2381 20015 2259 332 367 133 1010 2704 617 1684 272 7204 155 331 50450 229 372 44 74 42 67 47 371 239 142 69
leaf_count=320 2669 146 1179 983 2381 20015 2259 332 367 133 1010 2704 617 1684 272 7204 155 331 50450 229 372 44 74 42 67 47 371 239 142 69
internal_value=-0.00139035 -0.00037318 -0.000251303 -0.000181102 -0.00113706 -0.00458743 -0.00357778 -0.00138861 -0.00181501 -0.00447743 -0.00160638 -0.00135959 -0.000568215 -0.00126694 -0.000107071 0.0003611 -0.000855195 -0.00277266 -0.00018638 -0.00171593 -0.000507489 0.00165691 0.00221461 0.00155488 0.00806306 0.0010989 0.000214723 0.00211744 0.00333333 0.0062069
internal_weight=96907 73517 67787 63749 4582 23390 3375 983 5730 2392 5363 4038 3599 4353 59167 8571 2859 651 50596 1218 601 1367 1095 984 111 910 652 281 258 116
internal_count=96907 73517 67787 63749 4582 23390 3375 983 5730 2392 5363 4038 3599 4353 59167 8571 2859 651 50596 1218 601 1367 1095 984 111 910 652 281 258 116
is_linear=0
shrinkage=0.05


Tree=114
num_leaves=31
num_cat=0
split_feature=12 13 6 4 12 4 3 8 1 6 12 2 13 11 8 11 12 3 8 11 7 8 1 12 10 9 12 11 12 9
split_gain=124.756 4.28978 3.46701 1.83846 2.20348 1.82619 2.10017 3.82038 1.26814 1.60825 2.05336 1.40153 1.23203 1.21172 1.05092 0.992631 0.990759 1.51625 2.8189 0.98045 1.40176 0.963104 0.936991 0.867827 0.85433 0.816924 0.789516 0.780471 1.07279 0.827244
threshold=0.036601037503785898 0.25471490476112818 1.0000000180025095e-35 1.0000000180025095e-35 0.019271711222591036 1.5000000000000002 1.0000000180025095e-35 1.0000000180025095e-35 1.5000000000000002 1.0000000180025095e-35 0.52066231261145879 4.5000000000000009 0.052895562704879787 0.13258755921520016 3.5000000000000004 0.11443905454083349 0.029088779508699588 1.0000000180025095e-35 3.5000000000000004 0.5437274715988184 1.0000000180025095e-35 1.0000000180025095e-35 3.5000000000000004 0.12789232298815734 7.8005042921748808 8.4208749619702292 2.1257748730304864 0.82237912736726237 1.4462720853258568 7.5658720169873837
decision_type=2 2 2 2 2 2 2 2 2 2 2 2 2 2 2 2 2 2 2 2 2 2 2 2 2 2 2 2 2 2
left_child=3 2 5 4 -1 -2 7 -7 11 13 -11 24 -9 -10 15 22 -5 -18 -19 -14 -21 26 23 25 -3 -8 -12 -23 -29 -30
right_child=1 8 -4 16 -6 6 14 12 9 10 21 -13 19 -15 -16 -17 17 18 -20 20 -22 27 -24 -25 -26 -27 -28 28 29 -31
leaf_value=-0.00090161286272969962 0.00015365667754321688 -0.0056637729358367484 -0.0020883758760342091 -0.001185329295847102 -0.00028073351513860768 -0.0016381683277107114 0.00012326366384750353 -0.00049835428588609692 -0.0014050759932734335 -0.002546074771322022 -0.0067629512249332002 0.00045862836632177986 2.2381040036447435e-05 -0.00047462705214939101 0.00041277157013881564 -0.00012067248068577287 -0.0012685715649610582 -0.00033753016861073562 0.00030352804618292116 -0.0034272680612258046 0.0020894733980594891 0.0027098387571914155 -0.0015018773871122108 -0.00095256280236280251 0.0014706835512966574 0.0018402032701391781 -0.0047766463464417267 -0.0029726576045068153 0.010621273180963026 -0.00035777297304390165
leaf_weight=2321 2000 1125 787 18853 1030 2168 112 364 611 407 252 16157 2040 40196 273 2748 574 420 68 361 40 65 571 669 340 45 381 598 134 1165
leaf_count=2321 2000 1125 787 18853 1030 2168 112 364 611 407 252 16157 2040 40196 273 2748 574 420 68 361 40 65 571 669 340 45 381 598 134 1165
internal_value=-0.00137007 -0.000361302 -0.00121859 -0.00456159 -0.00347807 -0.000996841 -0.001289 -0.00199377 -0.000191354 -0.000335435 -0.00145237 0.000166836 -0.000775402 -0.000253267 -0.000495701 -0.000693608 -0.00474391 -0.003258 -0.00120902 -0.000370751 -0.00263092 -0.000934491 -0.00177881 -0.00070218 -0.00131399 0.00264331 -0.00263033 -0.000387361 -0.000571957 0.000234795
internal_weight=96875 73609 12178 23266 3351 11391 9391 4973 61431 43809 3002 17622 2805 40807 4418 4145 19915 1062 488 2441 401 2595 1397 826 1465 157 633 1962 1897 1299
internal_count=96875 73609 12178 23266 3351 11391 9391 4973 61431 43809 3002 17622 2805 40807 4418 4145 19915 1062 488 2441 401 2595 1397 826 1465 157 633 1962 1897 1299
is_linear=0
shrinkage=0.05


Tree=115
num_leaves=31
num_cat=0
split_feature=12 14 4 12 6 12 11 12 1 4 0 11 3 12 8 12 14 13 14 9 12 14 0 8 12 12 14 11 11 1
split_gain=122.785 4.41207 1.9579 2.32769 1.91964 4.10787 1.58875 2.15476 1.30496 1.46267 1.50066 1.17425 1.07806 2.23989 1.83999 0.970703 1.12623 1.10237 0.964028 0.911514 0.88732 3.11631 1.19959 1.84941 1.34771 1.15982 1.11337 1.16274 1.10362 0.877552
threshold=0.048391918360802984 0.07579886385575714 1.0000000180025095e-35 0.019271711222591036 1.0000000180025095e-35 0.52066231261145879 0.90344834611076996 1.3835488272055205 3.5000000000000004 2.5000000000000004 20.500000000000004 0.14356560726223849 1.0000000180025095e-35 0.026997949692522578 2.5000000000000004 0.13734462831246702 0.091560473374119808 0.064186623883692964 0.64016356270154462 9.0101960930194647 0.20596900030616466 1.0130834839572627 20.500000000000004 1.5000000000000002 0.15853286013538914 0.18052078256183726 1.3863288808738476 0.1869385636667438 0.1624024580081305 1.5000000000000002
decision_type=2 2 2 2 2 2 2 2 2 2 2 2 2 2 2 2 2 2 2 2 2 2 2 2 2 2 2 2 2 2
left_child=2 11 3 -1 8 -6 -7 -8 15 -10 -11 -2 -4 -14 -15 17 -17 -3 -12 -20 21 22 23 24 -18 -25 27 -23 -27 -5
right_child=1 4 12 29 5 6 7 -9 9 10 18 -13 13 14 -16 16 20 -19 19 -21 -22 26 -24 25 -26 28 -28 -29 -30 -31
leaf_value=-0.00086642519923477027 -0.00056909337391163972 0.0028417665393555155 -0.0015555495747685351 0.00026757628158767039 -0.0021546484394650875 0.0012826297413791323 -0.0036887162610112901 -0.00023600142244800269 0.0007633531611027939 -0.00081218743164109734 -0.0018137747574156196 -0.0012556084522560474 -0.00083948009944541629 -0.00043700851551558531 8.9900845694112426e-05 -0.00091682946423263321 0.0012788838233427748 0.00024837210924744899 -0.00099643022569853492 -0.0020831469099982843 -8.0997346386708999e-05 0.0046278415446670326 -0.00085401008637526392 -1.0051957609574564e-05 -0.00022339933170334122 0.0034398654694479907 0.00067078962474740635 0.0015487096293617759 0.0016045305264159185 -0.00033812889222654068
leaf_weight=2316 2178 53 11824 168 1138 397 799 2663 4905 20147 366 1395 7545 550 357 689 97 358 3517 416 32397 59 573 65 583 42 42 54 91 910
leaf_count=2316 2178 53 11824 168 1138 397 799 2663 4905 20147 366 1395 7545 550 357 689 97 358 3517 416 32397 59 573 65 583 42 42 54 91 910
internal_value=-0.0013762 -0.0003618 -0.0045057 -0.00339423 -0.000273647 -0.00121773 -0.000439234 -0.000782786 -0.000200454 -0.000446494 -0.000604599 -0.00207529 -0.00469175 -0.00426053 -0.0019129 5.26901e-06 -2.33495e-05 0.00242092 -0.00145266 -0.00122426 1.72032e-05 0.00116438 0.00044452 0.00160592 0.000367646 0.00585858 0.00790322 0.0104867 0.00853383 -0.00147495
internal_weight=96694 73024 23670 3394 69451 4997 3859 3462 64454 29351 24446 3573 20276 8452 907 35103 34692 411 4299 3933 34003 1606 1451 878 680 198 155 113 133 1078
internal_count=96694 73024 23670 3394 69451 4997 3859 3462 64454 29351 24446 3573 20276 8452 907 35103 34692 411 4299 3933 34003 1606 1451 878 680 198 155 113 133 1078
is_linear=0
shrinkage=0.05


Tree=116
num_leaves=31
num_cat=0
split_feature=11 14 1 4 8 2 6 11 3 11 6 1 2 0 8 0 11 13 8 10 3 2 2 8 8 10 13 2 8 13
split_gain=118.371 5.76432 1.93089 1.82128 2.05588 2.28482 1.73498 2.05533 1.58656 1.95158 1.51436 1.50211 1.2363 1.10889 0.977313 0.934889 0.934272 0.836881 0.820644 0.749683 0.742816 2.08745 0.739046 0.722761 0.706303 0.698822 0.68745 0.668425 0.723612 0.786751
threshold=0.05686833674621037 0.097406725082805526 1.5000000000000002 1.0000000180025095e-35 1.0000000180025095e-35 18.500000000000004 1.0000000180025095e-35 1.4524321949659302 1.0000000180025095e-35 0.027715354007347662 1.0000000180025095e-35 3.5000000000000004 4.5000000000000009 22.500000000000004 1.0000000180025095e-35 3.5000000000000004 0.020534942116858006 1.0981430099910972 3.5000000000000004 7.4528553901753378 1.0000000180025095e-35 26.500000000000004 23.500000000000004 3.5000000000000004 3.5000000000000004 6.426167514574435 2.9314132602403169 29.500000000000004 1.0000000180025095e-35 1.7896602236413626
decision_type=2 2 2 2 2 2 2 2 2 2 2 2 2 2 2 2 2 2 2 2 2 2 2 2 2 2 2 2 2 2
left_child=3 10 12 4 5 -1 13 -8 -5 -10 11 23 19 -4 -9 -11 -6 -15 -17 -3 21 25 -19 -2 -18 -14 -23 -22 29 -29
right_child=1 2 6 8 16 -7 7 14 9 15 -12 -13 20 17 -16 18 24 22 -20 -21 27 26 -24 -25 -26 -27 -28 28 -30 -31
leaf_value=-0.00044597720093261252 -0.0003031257789754202 -0.0049690827923970218 -0.00051152062934095382 -0.0014836607771391 -0.00093385763331226695 0.00012085654058217699 -0.0018414435940467084 -0.0057913019849910874 -0.00075421933780320987 -0.00046176482726369047 -0.0020792510591795678 -0.0011076672134511579 -0.0025285369287689945 -0.0010274666691341687 7.4069147063213805e-05 -0.00031087641577366601 -0.00050247708443768924 0.0002061255598530961 0.00032702750500232682 -0.00035985321777166554 0.0025202592418115503 -0.0018366212092805027 -0.0019409252380597382 0.00029988011634751992 0.00039230131893349258 0.00043107567204595052 0.0049121699492209858 0.012402272042979791 -0.0021576983340110449 -0.0014861916132993781
leaf_weight=681 2330 768 42214 11619 2093 320 1068 617 7857 328 398 2619 266 1575 1573 338 252 866 130 860 4769 1448 240 253 105 9459 214 225 1212 187
leaf_count=681 2330 768 42214 11619 2093 320 1068 617 7857 328 398 2619 266 1575 1573 338 252 866 130 860 4769 1448 240 253 105 9459 214 225 1212 187
internal_value=-0.00135544 -0.000360234 -0.000232458 -0.00442461 -0.00336279 -0.00145355 -0.000402157 -0.00151627 -0.00460537 -0.0040928 -0.00190179 -0.00167436 0.000188581 -0.000321306 -0.000639271 -0.00173367 -0.00414286 -0.00130735 -0.000299146 -0.00113022 0.000309335 6.71807e-05 -0.000253166 -0.000818817 -0.00177871 0.000347043 -0.0015704 0.000740653 -0.000135469 0.00167476
internal_weight=96884 73161 67561 23723 3451 1001 48153 3258 20272 8653 5600 5202 19408 44895 2190 796 2450 2681 468 1628 17780 11387 1106 2583 357 9725 1662 6393 1624 412
internal_count=96884 73161 67561 23723 3451 1001 48153 3258 20272 8653 5600 5202 19408 44895 2190 796 2450 2681 468 1628 17780 11387 1106 2583 357 9725 1662 6393 1624 412
is_linear=0
shrinkage=0.05


Tree=117
num_leaves=31
num_cat=0
split_feature=12 14 0 4 8 6 1 12 6 14 14 3 12 8 1 8 2 4 4 1 12 2 9 12 1 2 2 2 2 11
split_gain=117.549 4.86197 2.07431 1.94831 2.34069 1.66018 1.6893 1.4119 1.4089 2.32598 1.36363 1.18044 1.74777 1.66045 1.38889 1.10983 1.00819 1.02949 0.900203 1.25336 0.838133 0.857006 0.806973 0.865692 0.802465 2.04019 1.20827 3.83444 1.78288 1.60437
threshold=0.036601037503785898 0.097406725082805526 22.500000000000004 1.0000000180025095e-35 1.0000000180025095e-35 1.0000000180025095e-35 3.5000000000000004 0.14155753218672448 1.0000000180025095e-35 0.95212868522054228 0.83042774607865388 1.0000000180025095e-35 0.026997949692522578 3.5000000000000004 3.5000000000000004 1.0000000180025095e-35 3.5000000000000004 1.0000000180025095e-35 2.5000000000000004 5.5000000000000009 0.02549002247696816 18.500000000000004 7.894485013644668 0.15853286013538914 3.5000000000000004 2.5000000000000004 7.5000000000000009 9.5000000000000018 3.5000000000000004 0.9186211481708767
decision_type=2 2 2 2 2 2 2 2 2 2 2 2 2 2 2 2 2 2 2 2 2 2 2 2 2 2 2 2 2 2
left_child=3 5 8 4 -1 6 7 16 24 -10 -4 -5 15 -14 -15 -13 -2 -18 19 -8 -6 -22 -21 -24 -3 -26 28 -28 -27 -30
right_child=1 2 10 11 20 -7 18 -9 9 -11 -12 12 13 14 -16 -17 17 -19 -20 22 21 -23 23 -25 25 26 27 -29 29 -31
leaf_value=-0.000201131722008421 0.0020149841163961527 4.5106450615367047e-05 -0.0012934221823926646 -0.0014162987527306236 -0.00088405142350824926 -0.001977510203022882 -0.0013705005855530145 -0.00077319492822907753 -0.0018329820330769031 -0.00069137684072349663 -0.00061828444557913769 -0.00040580726634061872 -0.00027645283998942443 0.00043881727848975918 -0.00021437750362133108 -0.0010248642635973249 0.0011513024977327271 -9.5962305942216548e-05 -0.0010367112133920213 -0.0005646294091429633 -0.0004867736756007943 0.00056176144307186363 0.0018221314212302235 0.00013733752957783692 -0.0037089458485666544 -0.00081228687171483167 -0.0033291551394347635 -0.00015568839934693385 0.002792223043335481 0.0029516614287965256
leaf_weight=993 115 31887 1166 11581 2195 398 330 1600 1117 3473 2871 2017 677 50 40 5505 212 975 2266 40 84 43 52 49 3012 2975 3014 14873 906 2052
leaf_count=993 115 31887 1166 11581 2195 398 330 1600 1117 3473 2871 2017 677 50 40 5505 212 975 2266 40 84 43 52 49 3012 2975 3014 14873 906 2052
internal_value=-0.00137458 -0.00039403 -0.000272178 -0.00447811 -0.00335596 -0.00175336 -0.00153307 -0.000692627 -0.000202105 -0.00104575 -0.00137107 -0.00466533 -0.0042098 -0.00193612 0.00444444 -0.00444164 0.000529953 9.68817e-05 -0.00242419 -0.000435245 -0.00422481 -0.000275592 0.00351064 0.00589109 -0.000136158 -0.000337658 -0.000182621 -0.000387713 0.000435697 0.00130493
internal_weight=96568 73383 67346 23185 3315 6037 5639 2902 63309 4590 4037 19870 8289 767 90 7522 1302 1187 2737 471 2322 127 141 101 58719 26832 23820 17887 5933 2958
internal_count=96568 73383 67346 23185 3315 6037 5639 2902 63309 4590 4037 19870 8289 767 90 7522 1302 1187 2737 471 2322 127 141 101 58719 26832 23820 17887 5933 2958
is_linear=0
shrinkage=0.05


Tree=118
num_leaves=31
num_cat=0
split_feature=12 14 6 4 8 1 14 2 3 12 12 12 12 0 14 14 13 8 2 2 8 2 4 10 11 10 12 11 2 8
split_gain=119.421 4.28085 4.5905 2.22876 2.62641 1.74835 1.78001 1.72318 1.28755 2.02931 1.11014 1.08741 1.02829 0.978008 1.05927 1.08803 0.973609 0.926831 0.88452 1.24829 1.44661 1.37588 1.21416 1.13253 1.48573 1.11573 1.12354 1.05838 0.973791 1.28732
threshold=0.036601037503785898 0.7030220205362262 1.0000000180025095e-35 1.0000000180025095e-35 1.0000000180025095e-35 3.5000000000000004 0.07767228816245815 18.500000000000004 1.0000000180025095e-35 0.020744651813237997 0.026184248440403405 1.2094716214639416 0.10146836030122026 8.5000000000000018 1.7671860279067906 0.73771259894200913 0.97267289174317051 2.5000000000000004 2.5000000000000004 7.5000000000000009 1.0000000180025095e-35 3.5000000000000004 2.5000000000000004 7.5544603178441792 0.2145647552644607 7.2903283384224205 0.21840486120628935 0.36198681841950436 9.5000000000000018 1.5000000000000002
decision_type=2 2 2 2 2 2 2 2 2 2 2 2 2 2 2 2 2 2 2 2 2 2 2 2 2 2 2 2 2 2
left_child=3 2 5 4 7 11 12 -1 -5 -10 -6 -2 -7 -3 15 -15 -16 -13 -8 21 22 -20 -21 25 -25 26 -23 -28 -22 -30
right_child=1 13 -4 8 10 6 18 -9 9 -11 -12 17 -14 14 16 -17 -18 -19 19 20 28 23 -24 24 -26 -27 27 -29 29 -31
leaf_value=-0.00032644556656636833 -5.6101538707373141e-05 0.0051133935120827199 -0.0018424477935055318 -0.0013437219351348313 -0.00083933983993314054 -0.00022838959754374394 -0.0024354372668049726 0.00010389453592518081 -0.00088657705799229092 -0.00036839506521976203 9.1135750161026126e-05 -0.01264202222095785 -0.0014842857241292272 0.0010360494259987194 0.017979317224531253 -0.00060658837121351785 0.00035764031210852088 0.0014255221013864258 -0.00062078294556608036 0.00027971236581671117 -0.0021053083698784154 -0.0018394417162475474 -0.0024076843823123239 0.002961296141250042 -0.0014850599335355856 0.0058389038024746088 0.0048395511091088236 0.0033934995626620163 0.0007980759483339735 -0.00081761627914494865
leaf_weight=662 8708 1205 1332 11640 2269 545 755 338 5610 2701 100 492 1517 551 86 32464 19597 228 727 262 582 67 859 89 265 134 40 142 1066 1721
leaf_count=662 8708 1205 1332 11640 2269 545 755 338 5610 2701 100 492 1517 551 86 32464 19597 228 727 262 582 67 859 89 265 134 40 142 1066 1721
internal_value=-0.00132108 -0.000331183 -0.00096539 -0.00443825 -0.00324874 -0.00075801 -0.00126611 -0.0011 -0.00463912 -0.00416376 -0.00415576 -0.000285322 -0.00255092 -0.000101387 -0.000133593 -0.00030668 0.000156733 -0.00215278 -0.000871219 -0.00066678 -0.00108018 0.000601092 -0.00263604 0.00212347 8.47446e-05 0.00400783 0.00202811 0.00406593 -0.000562483 -0.000174023
internal_weight=96754 73434 19531 23320 3369 18199 8771 1000 19951 8311 2369 9428 2062 53903 52698 33015 19683 720 6709 5954 4490 1464 1121 737 354 383 249 182 3369 2787
internal_count=96754 73434 19531 23320 3369 18199 8771 1000 19951 8311 2369 9428 2062 53903 52698 33015 19683 720 6709 5954 4490 1464 1121 737 354 383 249 182 3369 2787
is_linear=0
shrinkage=0.05


Tree=119
num_leaves=31
num_cat=0
split_feature=12 14 2 2 8 12 4 8 8 3 2 4 14 2 12 3 12 12 12 2 2 1 2 4 2 2 2 2 1 9
split_gain=118.123 3.58868 2.35467 3.01294 3.34766 2.37936 2.03315 2.18323 2.01711 2.42956 1.78031 1.5803 1.51622 1.42772 1.37241 1.3063 1.90111 1.29806 1.28269 1.24015 1.2312 1.43559 2.30632 1.8338 6.04776 1.88871 2.78667 2.12492 1.75098 1.4783
threshold=0.032781885571144261 0.07579886385575714 21.500000000000004 27.500000000000004 1.0000000180025095e-35 2.5525349097281964 1.0000000180025095e-35 1.0000000180025095e-35 3.5000000000000004 1.0000000180025095e-35 28.500000000000004 1.0000000180025095e-35 0.047163662417578141 18.500000000000004 1.3040386106145412 1.0000000180025095e-35 0.020744651813237997 0.019061265577988297 0.02549002247696816 23.500000000000004 17.500000000000004 3.5000000000000004 2.5000000000000004 4.5000000000000009 10.500000000000002 9.5000000000000018 7.5000000000000009 3.5000000000000004 5.5000000000000009 8.0775069121958119
decision_type=2 2 2 2 2 2 2 2 2 2 2 2 2 2 2 2 2 2 2 2 2 2 2 2 2 2 2 2 2 2
left_child=6 8 20 4 5 -4 7 13 11 -10 -5 -2 -11 -1 19 -8 -17 -15 -9 -6 21 -3 -23 24 -24 26 27 28 -25 -29
right_child=1 2 3 10 14 -7 15 18 9 12 -12 -13 -14 17 -16 16 -18 -19 -20 -21 -22 22 23 25 -26 -27 -28 29 -30 -31
leaf_value=-0.0003111790855151268 1.9352604417006232e-05 0.00013824896402981428 -0.0029624018097608911 0.0033866000226265821 -0.0016767250374751189 -0.0040681944859817425 -0.0012885036966871707 -0.00079988179004180065 -0.00020862076837151289 0.00051565220147015633 -0.000757366753042293 -0.00091867125584079888 -0.00025666864369579663 0.00075361582935960238 -0.00039913574793772836 -0.00084948213832715608 -0.00034377532978754921 -5.5210825173564185e-05 0.00011597068791239613 -0.00081809891658061725 0.00078824753544673432 -0.0034321983403917053 -0.0031029203299624284 0.0012638244605577352 0.0004514248348629126 0.001890620749337533 -0.0024864016348685406 0.0046926498278812168 -0.00200174741863906 0.00045088732171110965
leaf_weight=648 529 23454 1821 1616 1029 895 11427 2210 550 186 6692 2795 112 67 4124 5562 2513 239 117 2222 6561 3306 3343 1646 4927 1596 1642 1468 1696 1821
leaf_count=648 529 23454 1821 1616 1029 895 11427 2210 550 186 6692 2795 112 67 4124 5562 2513 239 117 2222 6561 3306 3343 1646 4927 1596 1642 1468 1696 1821
internal_value=-0.00129651 -0.000327634 -0.000242561 -0.00072803 -0.00130859 -0.00280928 -0.00444476 -0.0032932 -0.00175216 0.000424527 -2.28707e-05 -0.00230746 0.0040604 -0.00127883 -0.000755933 -0.0046385 -0.0041517 0.00153595 -0.00411904 -0.00152415 -6.89868e-05 -0.000162477 -0.00045815 -0.000236784 -0.000785975 0.000223426 -8.03832e-05 0.000376262 -0.000511671 0.0012785
internal_weight=96814 74031 69859 18399 10091 2716 22783 3281 4172 848 8308 3324 298 954 7375 19502 8075 306 2327 3251 51460 44899 21445 18139 8270 9869 8273 6631 3342 3289
internal_count=96814 74031 69859 18399 10091 2716 22783 3281 4172 848 8308 3324 298 954 7375 19502 8075 306 2327 3251 51460 44899 21445 18139 8270 9869 8273 6631 3342 3289
is_linear=0
shrinkage=0.05


Tree=120
num_leaves=31
num_cat=0
split_feature=12 14 8 4 3 8 3 14 2 2 12 4 0 8 2 2 12 0 14 11 2 9 3 2 13 2 12 4 2 2
split_gain=117.877 4.8037 1.97591 2.81735 2.0417 1.84182 1.83343 1.83229 1.99533 2.54483 1.96862 1.47808 1.4765 1.31854 1.31287 1.16883 1.10305 1.04093 1.00443 1.46499 0.958329 0.914298 0.913301 0.904417 0.903464 0.89509 1.00378 0.890705 0.833127 1.03471
threshold=0.03057491011296894 0.07579886385575714 1.0000000180025095e-35 1.0000000180025095e-35 1.0000000180025095e-35 3.5000000000000004 1.0000000180025095e-35 0.86746141427363688 20.500000000000004 27.500000000000004 1.3511854668059446 1.0000000180025095e-35 9.5000000000000018 1.0000000180025095e-35 28.500000000000004 18.500000000000004 0.036601037503785898 16.500000000000004 0.7030220205362262 0.7609916245258197 17.500000000000004 8.3320677027516741 1.0000000180025095e-35 23.500000000000004 0.076548216057848714 11.500000000000002 2.5525349097281964 1.5000000000000002 21.500000000000004 27.500000000000004
decision_type=2 2 2 2 2 2 2 2 2 2 2 2 2 2 2 2 2 2 2 2 2 2 2 2 2 2 2 2 2 2
left_child=2 5 3 15 -5 11 27 8 10 13 17 -2 25 -10 -11 -1 -8 18 20 -20 -3 -21 -13 -15 -22 26 -9 -7 -14 -30
right_child=1 7 -4 4 -6 6 16 12 9 14 -12 22 28 23 -16 -17 -18 -19 19 21 24 -23 -24 -25 -26 -27 -28 -29 29 -31
leaf_value=-0.00029973384475313132 -4.200158107052271e-06 -0.00015688446931883649 -0.0010062214814566526 -0.0012106324406813045 -0.00032121220795315321 0.00016696758227539754 0.00031542793333589361 0.0040659783461632903 -0.0017242564679205001 0.0022755615845964504 -0.0061522467209856237 -0.0011453800494632134 9.5252823249974342e-07 -0.0014598043264228164 -0.00073799657068004292 7.8056611976338623e-05 0.00028412279509422986 -0.0006607869208906269 -0.0011534568339433733 0.0022558861133465942 0.0024681243681455071 0.010311190050216586 -0.00055878860901020094 -0.00053177019030674214 0.0014036745035763774 0.01050592253235591 -0.0064368681358189768 -0.00042086249175754716 -0.0016927361807311588 0.00015498259801767343
leaf_weight=670 508 9006 16095 3208 2292 148 55 378 875 422 1346 1682 36470 942 1768 298 266 1381 225 296 40 177 1249 1331 954 786 361 440 7217 5990
leaf_count=670 508 9006 16095 3208 2292 148 55 378 875 422 1346 1682 36470 942 1768 298 266 1381 225 296 40 177 1249 1331 954 786 361 440 7217 5990
internal_value=-0.00128959 -0.000328544 -0.00445486 -0.00371676 -0.00415455 -0.00194112 6.05049e-05 -0.00022833 -0.000651016 -0.00146872 -0.000325886 -0.0024702 -7.34358e-05 -0.00237929 -0.000159819 -0.00122934 0.00309969 -0.00012377 4.29975e-05 0.00187679 -8.50012e-05 0.00345666 -0.00290174 -0.00174439 0.00138833 0.00145902 0.000209742 -0.00159864 -0.000120479 -0.000460742
internal_weight=96876 74313 22563 6468 5500 4348 909 69965 18763 5338 13425 3439 51202 3148 2190 968 321 12079 10698 698 10000 473 2931 2273 994 1525 739 588 49677 13207
internal_count=96876 74313 22563 6468 5500 4348 909 69965 18763 5338 13425 3439 51202 3148 2190 968 321 12079 10698 698 10000 473 2931 2273 994 1525 739 588 49677 13207
is_linear=0
shrinkage=0.05


Tree=121
num_leaves=31
num_cat=0
split_feature=12 14 6 4 12 3 12 1 6 12 11 12 7 2 2 2 2 11 14 0 1 2 2 2 2 8 8 11 1 11
split_gain=114.059 3.57683 2.73339 2.30287 2.11692 1.70181 2.1681 1.3239 1.28104 1.87338 1.72687 1.28592 1.23621 1.21484 1.30683 1.99445 1.65442 1.20912 1.10696 1.07476 0.987608 1.74222 1.03726 3.5036 1.69282 1.3486 1.39617 1.25576 1.12783 1.35634
threshold=0.036601037503785898 0.22211085468778977 1.0000000180025095e-35 1.0000000180025095e-35 0.018035768771074438 1.0000000180025095e-35 0.02022941081225382 3.5000000000000004 1.0000000180025095e-35 0.52066231261145879 0.80747147779981054 1.3835488272055205 1.0000000180025095e-35 24.500000000000004 3.5000000000000004 7.5000000000000009 9.5000000000000018 0.39922833287343257 0.065571124312808565 7.5000000000000009 3.5000000000000004 2.5000000000000004 7.5000000000000009 9.5000000000000018 3.5000000000000004 1.0000000180025095e-35 1.5000000000000002 1.4685066303093104 5.5000000000000009 1.3497287473936999
decision_type=2 2 2 2 2 2 2 2 2 2 2 2 2 2 2 2 2 2 2 2 2 2 2 2 2 2 2 2 2 2
left_child=3 2 7 4 -1 -5 -7 17 20 -10 -11 -12 -8 14 -9 -16 -17 -2 -18 -20 -3 -22 24 -24 28 27 -27 -26 -23 -30
right_child=1 8 -4 5 -6 6 12 13 9 10 11 -13 -14 -15 15 16 18 -19 19 -21 21 22 23 -25 25 26 -28 -29 29 -31
leaf_value=-0.00070637827467322049 -7.0759596626164412e-05 8.5614991021256917e-05 -0.0015730998949064117 -0.0011600175280433588 -0.00021522495694306317 -0.00079189978008763488 -0.00035422038852697403 -0.0011180977076444066 -0.0019143253973013597 0.0017259467776582029 -0.0030865062935170641 -0.00065211279783797098 3.4621308547496986e-05 -0.0014454340376105861 0.00077958867356149228 -0.0016786907748465364 -0.00086319154440123852 -0.0023269766583447322 0.00044999789902220184 -0.0012103526391644989 -0.0036394235279124487 0.00091191851118307358 -0.0029279317727073715 -0.0002119315210878435 0.0084167566773565208 -0.0026955113624840933 0.0040060471022019487 0.016874851324930339 -0.0053647843303198288 0.00015505203909863455
leaf_weight=2049 4919 31344 759 11625 1326 5350 2666 1084 573 291 917 2717 262 561 535 524 611 496 986 629 2930 1454 2930 14851 298 896 1295 419 769 738
leaf_count=2049 4919 31344 759 11625 1326 5350 2666 1084 573 291 917 2717 262 561 535 524 611 496 986 629 2930 1454 2930 14851 298 896 1295 419 769 738
internal_value=-0.0013204 -0.000354706 -0.00118156 -0.00437065 -0.00316296 -0.00457544 -0.00402754 -0.000969068 -0.00020762 -0.00102045 -0.000630574 -0.000927354 -0.00293374 -0.00156187 -0.00128061 -0.000783867 -0.00132727 -0.000429364 -0.000732256 -4.64408e-05 -0.000144501 -0.000368699 -0.000226217 -0.000416457 0.000350144 0.00120701 0.000591053 0.00308926 -0.000491389 -0.0014499
internal_weight=96804 73526 11104 23278 3375 19903 8278 10345 62422 4498 3925 3634 2928 4930 4369 3285 2750 5415 2226 1615 57924 26580 23650 17781 5869 2908 2191 717 2961 1507
internal_count=96804 73526 11104 23278 3375 19903 8278 10345 62422 4498 3925 3634 2928 4930 4369 3285 2750 5415 2226 1615 57924 26580 23650 17781 5869 2908 2191 717 2961 1507
is_linear=0
shrinkage=0.05


Tree=122
num_leaves=31
num_cat=0
split_feature=12 14 6 1 4 12 3 12 14 0 1 0 2 12 0 11 0 12 9 12 2 2 7 0 0 12 9 11 12 0
split_gain=114.029 3.95383 4.16929 2.36584 2.20786 1.90887 1.57616 1.67781 1.54732 1.21664 1.08004 1.07727 1.05711 1.87115 1.32689 1.74609 1.34433 1.13061 0.996235 0.990962 1.18949 1.34105 0.944764 1.34457 0.870946 0.847058 0.974855 0.80625 0.765295 1.28101
threshold=0.03057491011296894 0.72009244182909959 1.0000000180025095e-35 3.5000000000000004 1.0000000180025095e-35 0.016909315208142959 1.0000000180025095e-35 0.020744651813237997 0.07767228816245815 13.500000000000002 5.5000000000000009 19.500000000000004 21.500000000000004 1.1928464110842623 16.500000000000004 2.7050664919739842 19.500000000000004 1.8790805478572115 7.5175506168870276 1.2094716214639416 3.5000000000000004 7.5000000000000009 1.0000000180025095e-35 10.500000000000002 12.500000000000002 0.13734462831246702 8.4166750877354826 0.83922503212625343 0.24533744914098818 22.500000000000004
decision_type=2 2 2 2 2 2 2 2 2 2 2 2 2 2 2 2 2 2 2 2 2 2 2 2 2 2 2 2 2 2
left_child=4 2 3 19 5 -1 -6 -8 10 22 -5 -10 28 -14 15 -15 17 18 -16 20 25 -22 -3 -24 -25 26 -2 -19 29 -11
right_child=1 9 -4 8 6 -7 7 -9 11 12 -12 -13 13 14 16 -17 -18 27 -20 -21 21 -23 23 24 -26 -27 -28 -29 -30 -31
leaf_value=-0.00072883265436511603 0.00055493455902799781 0.0005145789687983906 -0.0014952789974913611 -0.001081179964495503 -0.0011204348836754302 -0.00026519936846227131 -0.00072895925266542227 -0.00030382786916903633 -0.00056063685498274919 0.0021885923207691929 -0.00018762659431496325 -0.0015458792924588779 -0.0016992850335709843 -0.00093875327802765143 0.022418692947349814 -0.010049247792217801 -0.0025292461176436077 -0.013531177207685286 0.0084410271896325495 -0.0055622916446660753 -0.00039378147300923595 0.00011913732974336386 -0.0040295160582209943 0.029064658711503363 0.0014889393149484622 0.0011079878536659816 0.0020859675457242603 0.0023370558625301734 -0.0002888397542598083 0.00018475479754726827
leaf_weight=1654 99 14944 1391 1542 11201 1665 5648 2401 6332 173 729 617 3054 1484 41 670 1718 81 317 782 2614 5706 180 291 137 743 42 2649 26647 1180
leaf_count=1654 99 14944 1391 1542 11201 1665 5648 2401 6332 173 729 617 3054 1484 41 670 1718 81 317 782 2614 5706 180 291 137 743 42 2649 26647 1180
internal_value=-0.00124116 -0.000294151 -0.000882897 -0.000691452 -0.0043531 -0.0031621 -0.00455844 -0.00402472 -0.00126898 -6.77681e-05 -0.00240203 -0.000898692 -0.000220183 -0.000661076 -0.000208335 -0.00123956 0.000253848 0.000877589 0.00351955 -0.000158223 -1.3039e-05 -0.000198318 0.000304783 0.00223684 0.00376168 0.00173077 0.00528369 0.000531134 -6.25012e-05 0.00109756
internal_weight=96732 74163 20597 19206 22569 3319 19250 8049 9220 53566 2271 6949 38014 10014 6960 2154 4806 3088 358 9986 9204 8320 15552 608 428 884 141 2730 28000 1353
internal_count=96732 74163 20597 19206 22569 3319 19250 8049 9220 53566 2271 6949 38014 10014 6960 2154 4806 3088 358 9986 9204 8320 15552 608 428 884 141 2730 28000 1353
is_linear=0
shrinkage=0.05


Tree=123
num_leaves=31
num_cat=0
split_feature=12 13 6 8 12 3 4 3 1 1 1 8 2 4 2 1 8 0 13 12 0 13 13 2 12 12 12 13 13 12
split_gain=109.401 2.56681 4.30614 2.11509 3.0132 3.00118 2.39481 3.64104 1.62302 1.62261 1.20387 1.16451 2.5228 3.77965 1.40082 2.20616 1.10899 1.07894 1.03852 1.00879 0.940046 0.948061 0.863737 0.863126 0.859315 0.809511 0.732792 0.801757 1.17156 0.995082
threshold=0.036601037503785898 0.92598520035944032 1.0000000180025095e-35 1.0000000180025095e-35 0.026997949692522578 1.0000000180025095e-35 1.0000000180025095e-35 1.0000000180025095e-35 1.5000000000000002 1.5000000000000002 3.5000000000000004 1.0000000180025095e-35 5.5000000000000009 2.5000000000000004 3.5000000000000004 3.5000000000000004 3.5000000000000004 19.500000000000004 0.48918754278197091 0.13734462831246702 6.5000000000000009 0.073971540892368334 0.064186623883692964 4.5000000000000009 0.20017889409664549 0.048391918360802984 0.94265681857819605 0.26438069042239559 0.74060853787073677 0.27153305017447688
decision_type=2 2 2 2 2 2 2 2 2 2 2 2 2 2 2 2 2 2 2 2 2 2 2 2 2 2 2 2 2 2
left_child=3 2 9 6 -5 -6 8 -8 -1 25 -9 12 14 20 15 19 -7 26 -19 -11 21 -14 -17 -18 -4 -2 27 29 -29 -13
right_child=1 -3 24 4 5 16 7 10 -10 11 -12 17 13 -15 -16 22 23 18 -20 -21 -22 -23 -24 -25 -26 -27 -28 28 -30 -31
leaf_value=0.00044983914718309975 -0.00021109027753279369 -0.00024355982838992097 -0.0015172926935353988 -0.00090936849587412542 -0.00051885911779143729 4.5472635115487037e-06 -0.0010342686301254599 -0.0001207266413385671 -0.0002264270311825043 0.0029126755135825419 -0.00046368135610945304 4.1576837191187804e-05 0.00058693321438083989 -0.0016000587468342001 0.0015056239275646479 -0.0016406897490236158 6.2576189439050538e-05 -0.0016184478880046577 -0.00050770865813095257 0.0014619643796391849 -1.0171535585584442e-05 0.0016568140894115319 -0.00071090253867214803 0.0004043317044633812 -0.0014127570678724021 0.00012809271876714138 -0.0027995782890902041 0.001015392953441333 -0.0017908815202623042 -0.0014843538246592496
leaf_weight=152 111 47492 537 15515 547 246 3390 1433 805 44 967 2733 96 2870 393 192 44 464 1310 307 799 41 567 45 966 6346 3920 2075 533 1695
leaf_count=152 111 47492 537 15515 547 246 3390 1433 805 44 967 2733 96 2870 393 192 44 464 1310 307 799 41 567 45 966 6346 3920 2075 533 1695
internal_value=-0.00125032 -0.000306229 -0.000705605 -0.00424819 -0.0045548 -0.00171202 -0.00350304 -0.00388601 -0.001186 -0.000546213 -0.00239583 -0.000789679 -0.00141175 -0.00209669 0.000322687 -0.000585587 0.00201492 -0.000530245 -0.00167418 0.00269231 0.000662392 0.00448905 -0.00210145 0.00679775 -0.00330339 0.000133962 -0.000345018 -3.97965e-05 0.000655674 -0.000449414
internal_weight=96635 73491 25999 23144 16397 882 6747 5790 957 24496 2400 18039 5309 3806 1503 1110 335 12730 1774 351 936 137 759 89 1503 6457 10956 7036 2608 4428
internal_count=96635 73491 25999 23144 16397 882 6747 5790 957 24496 2400 18039 5309 3806 1503 1110 335 12730 1774 351 936 137 759 89 1503 6457 10956 7036 2608 4428
is_linear=0
shrinkage=0.05


Tree=124
num_leaves=31
num_cat=0
split_feature=11 14 4 3 11 8 8 6 14 7 6 1 2 8 11 0 1 11 9 11 1 14 0 0 11 14 1 4 8 13
split_gain=103.047 4.28675 2.55797 3.88456 2.54376 2.34659 2.32873 2.10021 2.28552 1.74987 1.74961 1.55977 1.46461 1.44246 1.26545 1.25051 1.13241 0.977108 0.969697 0.977929 0.839204 0.954852 0.823826 0.821806 0.801468 0.75364 0.814785 0.947926 0.711595 0.756117
threshold=0.05686833674621037 0.097406725082805526 1.0000000180025095e-35 1.0000000180025095e-35 0.026871497003358596 1.0000000180025095e-35 1.0000000180025095e-35 1.0000000180025095e-35 1.1932275766107703 1.0000000180025095e-35 1.0000000180025095e-35 3.5000000000000004 18.500000000000004 1.0000000180025095e-35 0.020534942116858006 22.500000000000004 3.5000000000000004 0.10202012007791959 7.5307873048590457 1.9695313138527692 3.5000000000000004 0.017666624502112847 3.5000000000000004 15.500000000000002 0.011973208040117568 0.07767228816245815 5.5000000000000009 2.5000000000000004 3.5000000000000004 0.028001245651700264
decision_type=2 2 2 2 2 2 2 2 2 2 2 2 2 2 2 2 2 2 2 2 2 2 2 2 2 2 2 2 2 2
left_child=2 10 5 -4 6 12 11 15 -9 -8 16 -5 20 -10 -7 17 -2 -3 19 -15 21 -1 -6 -21 -14 26 -18 -28 -24 -30
right_child=1 7 3 4 22 14 9 8 13 -11 -12 -13 24 18 -16 -17 25 -19 -20 23 -22 -23 28 -25 -26 -27 27 -29 29 -31
leaf_value=0.0005362824499618807 -0.00011569394572408725 -0.0011089451270181801 -0.0010006827065364321 -0.0001150196630631773 -0.00024372739461625006 -0.00065937394835708589 -0.00073402563945949308 -0.0015338555138134577 -0.0029461579611172171 -3.0180630709083361e-06 -0.0015732322405511258 -0.00050258562150063411 0.0007127936359809608 -0.00075326811917612727 -0.00010320681857166092 -0.00063059074924570985 -0.0011298342957356846 -0.00012980055253441911 -0.0002699547668988356 0.0089940237409516441 -0.00042488075763130327 -0.00020590242035058723 -0.00018217913368219198 0.0098296542220517955 6.7169542610172282e-05 -0.00026752438471639421 0.0004179669083581325 -0.00054121202830193502 0.00047498058207464115 1.8149938007375056e-06
leaf_weight=50 2594 404 11582 1336 396 2066 5393 1515 917 219 391 846 41 94 359 3741 1395 58298 2200 45 353 285 363 61 294 673 102 465 54 91
leaf_count=50 2594 404 11582 1336 396 2066 5393 1515 917 219 391 846 41 94 359 3741 1395 58298 2200 45 353 285 363 61 294 673 102 465 54 91
internal_value=-0.00125089 -0.000319296 -0.00411286 -0.00432692 -0.0035284 -0.00285383 -0.00381961 -0.000208474 -0.00121275 -0.00435852 -0.00164591 -0.00243355 -0.000845553 -0.000477843 -0.00370103 -0.00013076 -0.00140467 -7.42746e-05 0.000166665 0.0035 -0.0021657 -0.000373136 -0.0010177 0.00679245 0.00186567 -0.00213473 -0.00262997 -0.00103175 0.000314959 0.00327586
internal_weight=96623 72895 23728 20280 8698 3448 7794 67275 4832 5612 5620 2182 1023 3317 2425 62443 5229 58702 2400 200 688 335 904 106 335 2635 1962 567 508 145
internal_count=96623 72895 23728 20280 8698 3448 7794 67275 4832 5612 5620 2182 1023 3317 2425 62443 5229 58702 2400 200 688 335 904 106 335 2635 1962 567 508 145
is_linear=0
shrinkage=0.05


Tree=125
num_leaves=31
num_cat=0
split_feature=12 14 4 3 12 8 6 14 6 1 12 8 12 12 12 8 11 11 1 2 12 14 1 12 0 14 14 2 12 8
split_gain=108.678 3.79363 2.8087 2.54874 2.72554 2.42741 1.82076 3.03673 1.56197 1.45387 2.85906 1.34778 1.26229 1.25202 1.11402 2.20265 1.0438 0.98618 0.936783 1.83618 1.11042 1.41217 1.25046 1.05648 1.04428 0.997394 0.942443 1.41738 0.935768 0.897818
threshold=0.036601037503785898 0.091560473374119808 1.0000000180025095e-35 1.0000000180025095e-35 0.020744651813237997 1.0000000180025095e-35 1.0000000180025095e-35 1.0683955935720295 1.0000000180025095e-35 3.5000000000000004 0.020744651813237997 1.0000000180025095e-35 0.36299386945380935 0.023429542018370841 0.029088779508699588 2.5000000000000004 0.27023824020987602 0.45273935515264696 3.5000000000000004 2.5000000000000004 0.25370637152879755 1.0130834839572627 2.5000000000000004 0.18962242370120233 7.5000000000000009 1.213379077275677 1.6952142143795002 3.5000000000000004 0.11695012343445631 1.0000000180025095e-35
decision_type=2 2 2 2 2 2 2 2 2 2 2 2 2 2 2 2 2 2 2 2 2 2 2 2 2 2 2 2 2 2
left_child=2 8 5 -4 11 9 18 -8 16 10 -1 -5 -9 -7 -6 -16 -2 -14 20 -20 21 24 23 -23 28 -24 -22 -28 -3 -19
right_child=1 6 3 4 14 13 7 12 -10 -11 -12 -13 17 -15 15 -17 -18 29 19 -21 26 22 25 -25 -26 -27 27 -29 -30 -31
leaf_value=0.00043599050697099018 -0.00028151193951425228 -0.00062856615872421086 -0.00095625376738352067 -0.00025907668925364885 -0.00029232789273406391 -0.00063611639015313673 -0.0014432913671996634 -0.0020049043009855 -0.0014044821686675353 -0.00028202543006931879 -0.00025196376883894624 -0.00075473060630709622 0.0016517978813483534 1.2692253921244333e-05 -0.00025026880423129408 0.0002724712713761893 -0.0013575338663285789 -0.0037249392170054262 -0.0031381407356203929 -0.00031152146811644907 -0.00050698204800667221 0.0015645292900570145 0.0045078516398181587 0.00027739414691820913 -0.00024240908913230686 0.0016138583235526631 0.0088013349255859248 0.00035329168330632617 0.0007842319986959928 0.00017334375268379649
leaf_weight=223 4885 49 11647 983 2203 2173 1374 178 360 502 277 4608 57 181 279 210 384 858 3199 25736 18214 72 46 366 1519 81 1179 11663 931 2423
leaf_count=223 4885 49 11647 983 2203 2173 1374 178 360 502 277 4608 57 181 279 210 384 858 3199 25736 18214 72 46 366 1519 81 1179 11663 931 2423
internal_value=-0.00123064 -0.000288418 -0.00420768 -0.00443302 -0.00376253 -0.00286949 -0.000185077 -0.00111452 -0.0015358 -0.000808384 0.0011 -0.00439188 -0.00033561 -0.00374682 -0.00245542 -0.000296525 -0.00131809 -0.000116838 -0.000112998 -0.000322275 6.44771e-05 0.000972584 0.00323009 0.00196347 0.000462184 0.00759842 -2.51171e-05 0.000302911 0.00173469 -0.000230114
internal_weight=96860 73574 23286 19930 8283 3356 67945 4890 5629 1002 500 5591 3516 2354 2692 489 5269 3338 63055 28935 34120 3064 565 438 2499 127 31056 12842 980 3281
internal_count=96860 73574 23286 19930 8283 3356 67945 4890 5629 1002 500 5591 3516 2354 2692 489 5269 3338 63055 28935 34120 3064 565 438 2499 127 31056 12842 980 3281
is_linear=0
shrinkage=0.05


Tree=126
num_leaves=31
num_cat=0
split_feature=12 4 14 3 12 6 8 8 2 2 8 12 2 4 2 4 8 2 11 12 0 8 12 0 11 2 12 9 0 11
split_gain=107.539 3.05066 3.00498 2.62311 2.5986 2.4305 2.26109 2.23644 1.53527 2.57584 2.73434 1.86744 1.39983 5.92251 2.44007 2.83762 2.35324 1.33905 1.37916 1.26217 1.18477 1.17606 1.1723 1.09788 1.03986 1.91972 1.58878 1.2271 1.12628 1.00244
threshold=0.036601037503785898 1.0000000180025095e-35 0.11125199692356876 1.0000000180025095e-35 0.024869040299849248 1.0000000180025095e-35 1.0000000180025095e-35 1.0000000180025095e-35 21.500000000000004 27.500000000000004 1.0000000180025095e-35 1.7601746447116684 10.500000000000002 4.5000000000000009 8.5000000000000018 6.5000000000000009 1.0000000180025095e-35 28.500000000000004 1.5578169056999904 0.023429542018370841 19.500000000000004 2.5000000000000004 0.18052078256183726 7.5000000000000009 0.41251442257211318 23.500000000000004 1.127708237104577 8.8763930600243359 22.500000000000004 1.9217326278759874
decision_type=2 2 2 2 2 2 2 2 2 2 2 2 2 2 2 2 2 2 2 2 2 2 2 2 2 2 2 2 2 2
left_child=1 6 5 -3 7 23 -1 -5 12 10 11 -10 13 -4 15 16 -15 -11 -19 -8 29 -6 -12 -2 25 -24 -26 28 -27 -20
right_child=2 3 8 4 21 -7 19 -9 9 17 22 -13 -14 14 -16 -17 -18 18 20 -21 -22 -23 24 -25 26 27 -28 -29 -30 -31
leaf_value=-0.00012622295632577272 -0.00015518023582468117 -0.0009094779835239061 -0.0029926042875289671 -0.00023703220675044237 -0.00024558547372085729 -0.0013004218454450529 -0.00058788038052890433 -0.00069516792414943342 -0.0025272830423242795 0.0028671760730572707 -0.00096621493517208838 -0.0050407605261688204 0.00051104196626781094 -0.004492150648290426 0.0019159813492258936 7.6714921674207181e-05 -0.0013803822327849748 -0.0013205859595774333 0.018903510468997225 3.0093792482608492e-05 -0.021093929079463277 3.0316466394325344e-05 -0.00064746005597850003 -0.0011881421443511262 -0.0016337807270706763 0.0014080704454014351 -0.00042157484640511036 -0.00051795010232182298 -9.3899331076928632e-06 0.0037642727515571728
leaf_weight=998 5222 11588 3200 1718 816 460 2181 5363 1123 1598 150 1354 17385 791 3169 22046 2354 4832 468 189 191 361 157 1159 1967 158 4536 46 52 920
leaf_count=998 5222 11588 3200 1718 816 460 2181 5363 1123 1598 150 1354 17385 791 3169 22046 2354 4832 468 189 191 361 157 1159 1967 158 4536 46 52 920
internal_value=-0.00121344 -0.00417938 -0.00027462 -0.0044155 -0.00373456 -0.00127248 -0.00278801 -0.00409617 -0.000171964 -0.000573155 -0.00112805 -0.00255753 -2.80939e-05 -0.000226554 3.5249e-06 -0.000160971 -0.00156598 8.80248e-05 -0.000234754 -0.00362869 0.00104813 -0.00155905 -0.000626947 -0.00101943 -0.000532101 0.00190073 -0.000686607 0.00457031 0.00619047 0.00155619
internal_weight=96552 23214 73338 19846 8258 6841 3368 7081 66497 17552 9543 2477 48945 31560 28360 25191 3145 8009 6411 2370 1579 1177 7066 6381 6916 413 6503 256 210 1388
internal_count=96552 23214 73338 19846 8258 6841 3368 7081 66497 17552 9543 2477 48945 31560 28360 25191 3145 8009 6411 2370 1579 1177 7066 6381 6916 413 6503 256 210 1388
is_linear=0
shrinkage=0.05


Tree=127
num_leaves=31
num_cat=0
split_feature=12 14 4 8 2 6 12 2 8 12 2 12 7 8 11 11 1 6 0 8 1 2 2 2 2 8 8 8 4 14
split_gain=105.807 2.91414 2.82412 2.82332 1.99332 1.90968 2.98904 1.85173 1.80995 2.94036 1.6704 1.70121 1.62314 1.53512 0.984768 0.972733 0.939674 1.08406 0.920657 0.991582 0.877661 1.76255 1.31865 3.02514 1.99843 1.70649 1.24969 1.11195 3.53728 1.3244
threshold=0.036601037503785898 0.07579886385575714 1.0000000180025095e-35 1.0000000180025095e-35 18.500000000000004 1.0000000180025095e-35 0.52066231261145879 27.500000000000004 1.0000000180025095e-35 0.026997949692522578 5.5000000000000009 0.021302881434901031 1.0000000180025095e-35 3.5000000000000004 0.019595646389531509 0.034823056712642499 3.5000000000000004 1.0000000180025095e-35 17.500000000000004 1.5000000000000002 3.5000000000000004 2.5000000000000004 7.5000000000000009 9.5000000000000018 3.5000000000000004 1.0000000180025095e-35 1.0000000180025095e-35 1.0000000180025095e-35 2.5000000000000004 2.2326198797045382
decision_type=2 2 2 2 2 2 2 2 2 2 2 2 2 2 2 2 2 2 2 2 2 2 2 2 2 2 2 2 2 2
left_child=2 13 3 4 -1 20 -7 10 -9 -10 11 -4 -5 16 -13 -15 17 -2 19 -8 -3 -22 24 25 -23 -24 -26 28 29 -25
right_child=1 5 7 12 -6 6 18 8 9 -11 -12 14 -14 15 -16 -17 -18 -19 -20 -21 21 22 23 27 26 -27 -28 -29 -30 -31
leaf_value=-0.00023011096921214495 -0.00025458458930417433 8.8914630652766171e-05 -0.00060777383055007211 -0.0005763721219928413 0.00018995214695095611 -0.0013664428429214107 -0.0026324646989578254 -9.2020056599406168e-05 -0.00056872127907170303 0.00021902978995472883 -0.00085823798229651385 -0.00039291433933514127 6.9901860649123834e-05 0.00038718395588870406 -7.3422816661001142e-05 -2.8790018311596557e-05 -0.0010861880037123111 -0.0023270671328841932 0.00039490646831878966 4.9453816596612977e-05 -0.0028659564291341247 -0.00089793954912120396 -0.0040542270784152774 0.0016609259258723635 0.0056177353902915573 -0.0016181680292457605 0.00098848040551319585 0.00020228416960420398 -0.0020356311398331229 0.070761289959058088
leaf_weight=658 1331 35021 4028 2248 326 1121 1457 827 1848 113 11597 870 124 86 652 655 1672 163 1340 1106 3302 3302 827 1165 847 2423 2439 12098 2996 95
leaf_count=658 1331 35021 4028 2248 326 1121 1457 827 1848 113 11597 870 124 86 652 655 1672 163 1340 1106 3302 3302 827 1165 847 2423 2439 12098 2996 95
internal_value=-0.00118554 -0.000254338 -0.00412198 -0.0027801 -0.000528456 -0.000179685 -0.00111863 -0.00434788 -0.0031528 -0.00398011 -0.0045422 -0.00382883 -0.00371417 -0.00158306 -0.00240473 0.000465586 -0.00206254 -0.00115127 -0.000465028 -0.00102029 -0.000106566 -0.000307521 -0.000170282 -0.000375945 0.000441711 -0.00176923 0.00131467 -9.90595e-05 -0.000794174 0.00142857
internal_weight=96737 73446 23291 3356 984 69539 5024 19935 2788 1961 17147 5550 2372 3907 1522 741 3166 1494 3903 2563 64515 29494 26192 19604 6588 3250 3286 16354 4256 1260
internal_count=96737 73446 23291 3356 984 69539 5024 19935 2788 1961 17147 5550 2372 3907 1522 741 3166 1494 3903 2563 64515 29494 26192 19604 6588 3250 3286 16354 4256 1260
is_linear=0
shrinkage=0.05


Tree=128
num_leaves=31
num_cat=0
split_feature=12 14 4 3 12 8 6 14 6 8 12 1 1 1 12 1 12 0 14 9 10 11 12 0 14 12 11 10 0 1
split_gain=106.722 3.78918 3.14834 3.02588 3.09591 2.27676 1.83153 2.82465 1.70139 1.19426 0.995724 1.04135 0.966305 0.864192 1.83284 0.862811 1.16474 0.831473 1.24841 1.10228 0.982229 0.965811 0.96905 1.76454 0.896077 0.837473 0.95805 0.823833 0.853762 0.78883
threshold=0.036601037503785898 0.091560473374119808 1.0000000180025095e-35 1.0000000180025095e-35 0.02022941081225382 1.0000000180025095e-35 1.0000000180025095e-35 1.0683955935720295 1.0000000180025095e-35 1.0000000180025095e-35 0.020744651813237997 1.5000000000000002 3.5000000000000004 3.5000000000000004 0.02022941081225382 5.5000000000000009 0.18519120925735422 20.500000000000004 0.7030220205362262 9.0303522680558377 8.3404158163444837 0.5437274715988184 0.6646058647154115 21.500000000000004 2.214016318150803 0.16296266310720589 0.22978388595139612 7.1017702902493847 5.5000000000000009 5.5000000000000009
decision_type=2 2 2 2 2 2 2 2 2 2 2 2 2 2 2 2 2 2 2 2 2 2 2 2 2 2 2 2 2 2
left_child=2 8 5 -4 9 13 17 -8 12 -5 -7 -12 -2 14 -1 -14 -17 24 -19 20 21 22 23 -20 25 26 27 -3 -29 -15
right_child=1 6 3 4 -6 10 7 -9 -10 -11 11 -13 15 29 -16 16 -18 18 19 -21 -22 -23 -24 -25 -26 -27 -28 28 -30 -31
leaf_value=0.00052124755814980629 -0.00011876662018025328 -0.00018686590476051199 -0.0008154899729739079 -0.00022723169444838223 -0.00021059379270483886 -0.00055110393404198541 -0.0013005184887004667 -0.00037960091235971833 -0.0012593447782260315 -0.00065891033255233199 6.1764462201426695e-05 -0.0002346337025828614 -0.00096330135050563251 -0.00041444226224014616 -0.00025298064834520319 0.00015411560657997068 -0.001624873389189497 -0.0010270670156995456 0.0088327024580412052 -0.0014468801054829585 0.0040827755266879028 -0.001193040536776775 -0.006130018329936998 0.00021148853520971251 0.0037390622349414582 -0.00011915118126615298 -0.0012095805970119824 -0.00022172902767391545 0.0010352284504966012 4.3597113974756102e-05
leaf_weight=192 2671 108 11621 863 2910 2026 1392 3561 372 4496 60 260 1829 335 297 562 234 966 208 862 89 5028 349 3692 5502 45775 59 54 346 155
leaf_count=192 2671 108 11621 863 2910 2026 1392 3561 372 4496 60 260 1829 335 297 562 234 966 208 862 89 5028 349 3692 5502 45775 59 54 346 155
internal_value=-0.00115222 -0.000220545 -0.00410834 -0.00434641 -0.00361531 -0.00268421 -0.000117002 -0.0010428 -0.0014626 -0.00432823 -0.00352941 -0.000937501 -0.00123301 -0.000658837 0.00082822 -0.00191429 -0.000540202 -4.42602e-05 -0.000435056 -0.000272782 -0.000115312 -0.000165464 0.000389502 0.000615383 4.01192e-05 -3.15061e-05 0.00187831 0.00257874 0.003625 -0.00214286
internal_weight=96874 73659 23215 19890 8269 3325 67991 4953 5668 5359 2346 320 5296 979 489 2625 796 63038 11194 10228 9366 9277 4249 3900 51844 46342 567 508 400 490
internal_count=96874 73659 23215 19890 8269 3325 67991 4953 5668 5359 2346 320 5296 979 489 2625 796 63038 11194 10228 9366 9277 4249 3900 51844 46342 567 508 400 490
is_linear=0
shrinkage=0.05


Tree=129
num_leaves=31
num_cat=0
split_feature=12 12 3 4 14 6 6 12 4 2 1 12 1 8 1 14 12 2 13 7 1 2 2 8 2 10 11 9 8 1
split_gain=102.415 2.97498 3.1392 4.32218 2.90704 2.02903 1.46976 2.07759 1.24441 1.1859 0.993605 1.15931 0.963674 0.928743 1.37613 0.883093 1.23208 0.834441 0.870465 0.827276 0.751277 1.42686 1.05619 2.1002 1.22588 1.06279 0.966089 0.87236 0.809505 0.785914
threshold=0.036601037503785898 0.01997300820677354 1.0000000180025095e-35 1.0000000180025095e-35 0.094428933784625621 1.0000000180025095e-35 1.0000000180025095e-35 0.52066231261145879 1.0000000180025095e-35 18.500000000000004 3.5000000000000004 0.14994059852619793 2.5000000000000004 1.0000000180025095e-35 3.5000000000000004 0.07767228816245815 0.10146836030122026 9.5000000000000018 0.058893499034332102 1.0000000180025095e-35 3.5000000000000004 2.5000000000000004 3.5000000000000004 1.0000000180025095e-35 4.5000000000000009 8.1378828479380712 3.3619682843963106 8.4262399020865946 1.5000000000000002 1.5000000000000002
decision_type=2 2 2 2 2 2 2 2 2 2 2 2 2 2 2 2 2 2 2 2 2 2 2 2 2 2 2 2 2 2
left_child=1 8 3 9 5 10 20 -8 13 -3 11 -2 -9 14 -1 16 17 -12 -19 -4 22 -22 23 25 27 26 -6 -24 -25 -26
right_child=4 2 19 -5 6 -7 7 12 -10 -11 15 -13 -14 -15 -16 -17 -18 18 -20 -21 21 -23 24 28 29 -27 -28 -29 -30 -31
leaf_value=0.00012419831322324658 0.00010303810887073138 -0.00027587309345178943 -0.00022385243176430405 -0.00064869349402815507 0.0065839619404342332 -0.0012111673828903698 -0.00097207792349179682 1.998911707614991e-05 -0.00072092173101246228 6.5051715157101505e-05 0.00016510452231500899 -0.00068094949723825461 -0.0023080572474455346 -0.00052316781352120206 -0.00031000452346975215 -6.970470357238851e-05 -0.0011026325978219804 -0.00059482029606557638 0.00071648956162964606 1.2021150977785736e-05 -0.0025792961826370461 -0.00029307364312912968 -0.004481819752715323 -0.0020783756260253756 0.00038981755404218749 -0.0017057669797539783 0.053350158756884515 0.0005210825352878676 0.0030411020602386131 -0.00036379587262510009
leaf_weight=167 1581 497 2838 4413 676 378 948 2584 12444 424 225 1227 1320 1929 317 600 1520 219 100 255 3177 25706 1205 1013 16241 104 48 442 1403 12966
leaf_count=167 1581 497 2838 4413 676 378 948 2584 12444 424 225 1227 1320 1929 317 600 1520 219 100 255 3177 25706 1205 1013 16241 104 48 442 1403 12966
internal_value=-0.0011688 -0.00405944 -0.00330901 -0.00404387 -0.000255352 -0.00132479 -0.000163122 -0.00100165 -0.00448509 -0.00092834 -0.00108005 -0.00042379 -0.000491804 -0.00344592 -0.0014876 -0.00177177 -0.0022626 -0.000220589 -0.0018652 -0.00204171 -9.8523e-05 -0.000286156 6.04129e-05 0.000918618 -2.9819e-05 0.00309179 0.00377072 -0.00135701 0.00017384 4.50223e-05
internal_weight=96967 23284 8427 5334 73683 5850 67833 4852 14857 921 5472 2808 3904 2413 484 2664 2064 544 319 3093 62981 28883 34098 3244 30854 828 724 1647 2416 29207
internal_count=96967 23284 8427 5334 73683 5850 67833 4852 14857 921 5472 2808 3904 2413 484 2664 2064 544 319 3093 62981 28883 34098 3244 30854 828 724 1647 2416 29207
is_linear=0
shrinkage=0.05


Tree=130
num_leaves=31
num_cat=0
split_feature=12 4 14 6 3 8 2 7 1 8 4 3 0 12 12 0 7 0 12 0 8 12 8 14 12 0 8 12 8 12
split_gain=97.5524 3.40194 3.00773 3.84082 2.82445 3.76856 2.49951 1.73132 1.63659 1.63336 2.99409 4.9472 1.64474 1.33693 1.14703 1.14425 1.38185 1.3006 1.84848 1.68157 1.74453 1.38344 1.33602 1.24598 1.23086 1.1832 1.17762 4.47527 2.78517 2.33404
threshold=0.029088779508699588 1.0000000180025095e-35 1.0683955935720295 1.0000000180025095e-35 1.0000000180025095e-35 1.0000000180025095e-35 18.500000000000004 1.0000000180025095e-35 3.5000000000000004 1.0000000180025095e-35 1.0000000180025095e-35 1.0000000180025095e-35 20.500000000000004 0.20017889409664549 1.6606061988069836 13.500000000000002 1.0000000180025095e-35 16.500000000000004 0.80777029362974762 19.500000000000004 1.0000000180025095e-35 0.25370637152879755 2.5000000000000004 1.4606615179810833 1.8967190785398451 14.500000000000002 1.5000000000000002 1.0589607478781462 1.0000000180025095e-35 1.111259116614127
decision_type=2 2 2 2 2 2 2 2 2 2 2 2 2 2 2 2 2 2 2 2 2 2 2 2 2 2 2 2 2 2
left_child=1 6 3 9 -3 8 -1 -7 -6 10 -2 -12 14 -5 -11 16 -4 18 23 -19 -21 -22 -23 -17 26 -26 28 -28 29 -20
right_child=2 4 15 13 5 7 -8 -9 -10 12 11 -13 -14 -15 -16 17 -18 19 24 20 21 22 -24 -25 25 -27 27 -29 -30 -31
leaf_value=-0.00045571229868773713 0.00079162643355422933 -0.00075803734006033366 0.00075580260844201267 -0.0010596490460119989 -5.9298682862755199e-05 -0.00056467696234133841 -6.7370277667671652e-05 2.2917407324294087e-05 -0.00034755376151242702 1.9891593048833227e-05 -0.00099119417714134558 -2.7566934864362948e-05 -0.00074368588488670385 -0.00096450008142197623 -0.0053291396938440865 0.0013526136764492249 0.018719733959401595 0.0017290618143325749 0.017410252475186194 -0.0015925165351333894 0.0023436669492087896 0.0011803077398387181 -0.0010302018430170547 0.014192922117916149 -0.0035251393316135648 -0.015636697842656182 0.019467197380024143 2.9770556787354698e-05 -0.0050454443121945719 -0.00039511226911212807
leaf_weight=2182 1163 11043 11182 637 1341 5532 1099 149 859 14315 3594 3047 2284 1187 1739 540 526 11762 173 4412 108 4763 4037 67 1548 1245 83 2088 2339 1805
leaf_count=2182 1163 11043 11182 637 1341 5532 1099 149 859 14315 3594 3047 2284 1187 1739 540 526 11762 173 4412 108 4763 4037 67 1548 1245 83 2088 2339 1805
internal_value=-0.00115381 -0.00406328 -0.000288303 -0.000698349 -0.00432097 -0.00359789 -0.00257696 -0.0042783 -0.00184091 -0.000543571 -0.00114941 -0.00155925 -0.000285747 -0.00291667 -0.00010714 -4.26337e-05 0.000385206 -0.000185875 -0.000671522 5.5805e-06 -0.00037913 2.35731e-05 -4.54557e-05 0.00200165 -0.000846354 -0.00172395 -0.000468559 0.000481344 -0.00094626 0.000434781
internal_weight=96849 22205 74644 27966 18924 7881 3281 5681 2200 26142 7804 6641 18338 1824 16054 46678 11708 34970 9888 25082 13320 8908 8800 607 9281 2793 6488 2171 4317 1978
internal_count=96849 22205 74644 27966 18924 7881 3281 5681 2200 26142 7804 6641 18338 1824 16054 46678 11708 34970 9888 25082 13320 8908 8800 607 9281 2793 6488 2171 4317 1978
is_linear=0
shrinkage=0.05


Tree=131
num_leaves=31
num_cat=0
split_feature=12 4 3 8 14 6 12 8 3 4 1 0 11 9 7 1 9 10 14 11 10 12 12 14 0 10 12 0 11 0
split_gain=93.5726 3.20555 3.40286 3.71923 2.78678 3.70757 2.14444 1.88105 2.54438 3.95218 1.31351 1.23394 1.24727 1.72174 1.20326 1.08282 1.06275 1.55075 1.10192 1.00136 0.924911 0.922747 0.920712 0.88801 0.881794 0.880824 0.938591 0.85915 2.67182 1.29082
threshold=0.029088779508699588 1.0000000180025095e-35 1.0000000180025095e-35 1.0000000180025095e-35 0.72009244182909959 1.0000000180025095e-35 0.017656385088529385 1.0000000180025095e-35 1.0000000180025095e-35 1.0000000180025095e-35 3.5000000000000004 13.500000000000002 0.83922503212625343 9.6408392176726938 1.0000000180025095e-35 1.5000000000000002 8.09027457810509 7.1779410258993943 2.7609992057429866 0.10202012007791959 7.4407703743587286 1.1621788815330534 0.18519120925735422 0.060904787669005034 6.5000000000000009 7.1898750145359802 2.3181706551236823 16.500000000000004 1.0467999530092691 19.500000000000004
decision_type=2 2 2 2 2 2 2 2 2 2 2 2 2 2 2 2 2 2 2 2 2 2 2 2 2 2 2 2 2 2
left_child=1 6 -3 10 5 7 -1 8 9 21 -4 12 -6 16 -5 -8 17 -14 20 -10 -18 23 -7 -2 -25 26 -19 28 -13 -29
right_child=4 2 3 14 11 22 15 -9 19 -11 -12 27 13 -15 -16 -17 18 25 -20 -21 -22 -23 -24 24 -26 -27 -28 29 -30 -31
leaf_value=-0.00048112157823402939 -0.00063457735503698754 -0.00072613862142833596 -5.2151346828547709e-05 -0.00053474801269306972 -0.00073382410867627946 -0.00096933778247427832 6.1336131135622364e-05 -7.0140254090324481e-05 -0.00026160510196238476 -0.00092630774863730224 -0.00031820051084894695 0.00082589779741653539 0.0011767573624477045 0.018056687613056715 7.3157864012693671e-06 -0.00020841337684221074 -0.0041228460064917996 0.0040451221212945247 0.02788568978898235 0.00047520822652374482 0.00046421404998808302 -0.024291408678169823 -0.00092400329908253961 0.0017264751102873087 0.0009793404708124836 0.006311418075086817 0.0398428185467401 0.00099991348795129618 -0.0035171065966596825 -0.00043419943815669053
leaf_weight=1907 154 11065 1296 5443 1832 528 253 12618 1041 3167 841 3397 4130 89 136 1095 1015 60 84 1684 7033 67 899 128 665 1366 69 12117 7663 14927
leaf_count=1907 154 11065 1296 5443 1832 528 253 12618 1041 3167 841 3397 4130 89 136 1095 1015 60 84 1684 7033 67 899 128 665 1366 69 12117 7663 14927
internal_value=-0.00114288 -0.00400617 -0.00425723 -0.00345127 -0.000298598 -0.000787792 -0.0025576 -0.000607971 -0.00127136 -0.00204616 -0.00167759 -0.00010803 0.000265339 0.000427559 -0.00413067 -0.00103116 0.000382713 0.00091111 1.72147e-05 -8.257e-05 -4.22477e-05 0.00067061 -0.00324807 0.0010718 0.00174653 0.00229097 0.00624031 -0.000261654 -0.000632913 -0.000109822
internal_weight=96769 22036 18781 7716 74733 20951 3255 19524 6906 4181 2137 53782 15678 13846 5579 1348 13757 5625 8132 2725 8048 1014 1427 947 793 1495 129 38104 11060 27044
internal_count=96769 22036 18781 7716 74733 20951 3255 19524 6906 4181 2137 53782 15678 13846 5579 1348 13757 5625 8132 2725 8048 1014 1427 947 793 1495 129 38104 11060 27044
is_linear=0
shrinkage=0.05


Tree=132
num_leaves=31
num_cat=0
split_feature=12 4 14 2 8 2 6 1 2 12 8 6 12 11 2 12 8 12 11 0 12 12 14 9 9 10 14 11 4 12
split_gain=95.1488 3.26525 2.86005 2.65745 2.91082 2.53819 2.01249 1.76304 1.60048 1.5048 1.4488 1.3639 2.0453 1.17335 1.0193 0.924983 0.872585 0.840606 0.795512 1.00997 3.09828 0.993201 3.08431 1.03812 3.0625 0.821355 0.802069 1.03894 0.870349 0.825099
threshold=0.03057491011296894 1.0000000180025095e-35 0.23707954617091323 27.500000000000004 1.0000000180025095e-35 18.500000000000004 1.0000000180025095e-35 3.5000000000000004 5.5000000000000009 0.026997949692522578 1.0000000180025095e-35 1.0000000180025095e-35 0.52066231261145879 0.55908964553542562 24.500000000000004 0.18519120925735422 1.0000000180025095e-35 0.50484537123055562 0.12661141321606034 8.5000000000000018 0.39007067860011652 0.74401127841374592 0.44206302601010677 8.5408344280729604 8.4412408492921021 7.8044977458935687 2.214016318150803 2.6655016853320763 1.5000000000000002 4.1612021925986946
decision_type=2 2 2 2 2 2 2 2 2 2 2 2 2 2 2 2 2 2 2 2 2 2 2 2 2 2 2 2 2 2
left_child=1 5 6 8 -5 16 7 17 10 -6 -3 18 -13 -14 -9 -8 -1 -2 -4 20 -20 23 -23 24 -22 -26 27 29 -28 -21
right_child=2 3 11 4 9 -7 15 14 -10 -11 -12 12 13 -15 -16 -17 -18 -19 19 26 21 22 -24 -25 25 -27 28 -29 -30 -31
leaf_value=-0.00019318966840555855 -2.0094600980151587e-05 -0.00019586905417392798 -0.00051385029564637332 -5.1944216486479738e-06 -0.00041808595604967205 -8.9854928279474797e-05 -0.00098030338999536659 -0.00043327277005318903 -0.00068056056455481108 8.810251752869872e-05 -0.000532937187785942 -0.0012413252724133852 0.00411373950817818 -0.00099978035957742494 -0.00086953058651372493 -0.00065076111144142794 -0.00059520536109509666 -0.0060643132331295764 0.0060840025325287093 -6.7685239522950586e-05 0.0019648350973391865 -0.0079881229500728089 0.0051431914321846475 -0.0014566519668674988 0.01421875999613593 0.0013073106527067878 0.013661665947315405 -0.0031780056716263099 0.00070852938294868649 0.042167317017089367
leaf_weight=658 5920 1504 844 757 1865 1096 443 4676 11263 52 3813 582 62 3822 628 372 1514 127 45 39520 806 486 1430 196 55 42 1032 7607 5537 114
leaf_count=658 5920 1504 844 757 1865 1096 443 4676 11263 52 3813 582 62 3822 628 372 1514 127 45 39520 806 486 1430 196 55 42 1032 7607 5537 114
internal_value=-0.00110501 -0.00395214 -0.000242516 -0.00420017 -0.00273747 -0.00249082 -0.000943615 -0.000771299 -0.00443607 -0.00377413 -0.00372108 -0.000105341 -0.000947157 -0.000532957 -0.00143665 -0.00334356 -0.00348066 -0.000187698 -4.01994e-05 -1.75852e-05 0.000866012 0.000671641 -1.56588e-05 0.00186988 0.00258582 0.0109794 -6.78325e-05 -0.000139816 0.000449839 -3.70906e-05
internal_weight=96868 22522 74346 19254 2674 3268 12166 11351 16580 1917 5317 62180 4466 3884 5304 815 2172 6047 57714 56870 3060 3015 1916 1099 903 97 53810 47241 6569 39634
internal_count=96868 22522 74346 19254 2674 3268 12166 11351 16580 1917 5317 62180 4466 3884 5304 815 2172 6047 57714 56870 3060 3015 1916 1099 903 97 53810 47241 6569 39634
is_linear=0
shrinkage=0.05


Tree=133
num_leaves=31
num_cat=0
split_feature=12 4 3 8 6 12 2 13 8 4 3 7 1 8 12 12 4 8 2 13 12 12 1 8 2 2 2 13 11 0
split_gain=91.7883 3.28223 3.3107 3.52331 3.19821 3.26966 2.36057 2.01582 1.5698 1.7415 2.71121 1.44209 1.41133 1.08959 1.04619 1.02525 0.866716 2.44223 1.23102 1.0177 0.934113 0.950513 0.896674 1.91805 2.12057 1.85463 1.61509 1.48278 0.963506 0.963144
threshold=0.029088779508699588 1.0000000180025095e-35 1.0000000180025095e-35 1.0000000180025095e-35 1.0000000180025095e-35 0.52066231261145879 18.500000000000004 0.18404661755429819 1.0000000180025095e-35 1.0000000180025095e-35 1.0000000180025095e-35 1.0000000180025095e-35 3.5000000000000004 1.0000000180025095e-35 0.33449836375219416 0.023429542018370841 1.0000000180025095e-35 1.0000000180025095e-35 15.500000000000002 2.6195870915127784 3.2481109671717454 0.36299386945380935 3.5000000000000004 1.0000000180025095e-35 7.5000000000000009 3.5000000000000004 3.5000000000000004 3.1371312366538722 2.6655016853320763 19.500000000000004
decision_type=2 2 2 2 2 2 2 2 2 2 2 2 2 2 2 2 2 2 2 2 2 2 2 2 2 2 2 2 2 2
left_child=1 6 -3 12 7 -6 13 8 9 -2 -11 -5 -4 -1 -10 -8 17 20 19 -19 21 -9 28 24 25 -24 -25 -28 -18 -30
right_child=4 2 3 11 5 -7 15 16 14 10 -12 -13 -14 -15 -16 -17 22 18 -20 -21 -22 -23 23 26 -26 -27 27 -29 29 -31
leaf_value=-0.00013142238858116843 0.00054067537189361465 -0.0006516322264388183 -5.0792849374932968e-05 -0.00048618935989364927 -0.00090123551777226247 -0.00098390311841587579 -0.00012692504891192863 0.0032774790358208981 5.0290026385684837e-06 -0.00082908596441482244 -0.00019440805196169295 4.0995249437997853e-06 -0.00032060209278382198 -0.00057551944766000979 -0.0017344027170448622 0.00018457375483316388 0.0003046235038917261 -0.0058965291382681315 0.00068688677975453606 0.043952526315236516 0.050852763225006314 0.007557489399663931 -0.00099754722191256243 -0.0019610642309905667 -0.0020276436973420565 0.0050752584654078737 0.00018269369051196956 0.017233539960790342 -0.0014799189990033392 -0.0091555760138415012
leaf_weight=641 658 11025 1320 5514 1450 3926 914 259 4783 2197 1921 144 857 1550 867 142 21494 1077 5727 70 290 1712 1526 4477 3400 750 12171 187 5122 638
leaf_count=641 658 11025 1320 5514 1450 3926 914 259 4783 2197 1921 144 857 1550 867 142 21494 1077 5727 70 290 1712 1526 4477 3400 750 12171 187 5122 638
internal_value=-0.00108198 -0.00391211 -0.0041649 -0.00337907 -0.000244439 -0.00141927 -0.0024438 -0.000153335 -0.00079417 -0.00146148 -0.00184313 -0.00403676 -0.00166973 -0.00337974 -0.00023009 -0.000501895 -3.98993e-05 0.000407771 -6.1101e-05 -0.00155623 0.00183326 0.00144343 -0.000122075 -0.000355605 -0.00115046 3.07545e-05 -8.76163e-05 0.000207152 7.08141e-05 -0.000503473
internal_weight=96809 22107 18860 7835 74702 5376 3247 69326 10426 4776 4118 5658 2177 2191 5650 1056 58900 9135 6874 1147 2261 1971 49765 22511 5676 2276 16835 12358 27254 5760
internal_count=96809 22107 18860 7835 74702 5376 3247 69326 10426 4776 4118 5658 2177 2191 5650 1056 58900 9135 6874 1147 2261 1971 49765 22511 5676 2276 16835 12358 27254 5760
is_linear=0
shrinkage=0.05


Tree=134
num_leaves=31
num_cat=0
split_feature=12 8 14 6 2 4 8 2 7 1 4 2 1 4 1 1 12 13 12 0 10 13 11 14 2 11 11 2 11 11
split_gain=92.1184 3.2895 2.81911 3.47793 2.72068 3.20864 2.36812 2.23353 2.14761 1.35203 1.2471 1.54558 1.9543 1.14458 1.7081 1.06878 0.987247 0.965582 0.88361 1.0824 0.967216 0.933911 1.0465 0.892505 0.853512 1.55063 1.21276 0.823899 0.802476 0.788885
threshold=0.029088779508699588 1.0000000180025095e-35 0.72009244182909959 1.0000000180025095e-35 27.500000000000004 1.0000000180025095e-35 1.0000000180025095e-35 5.5000000000000009 1.0000000180025095e-35 2.5000000000000004 1.0000000180025095e-35 5.5000000000000009 2.5000000000000004 1.0000000180025095e-35 1.5000000000000002 3.5000000000000004 0.18519120925735422 0.58483841278464799 0.94265681857819605 19.500000000000004 6.8595602066316461 0.36836516127008967 1.0467999530092691 0.47177057315336812 27.500000000000004 0.13258755921520016 0.15611232472912856 18.500000000000004 0.012283572797342318 2.3319015350661836
decision_type=2 2 2 2 2 2 2 2 2 2 2 2 2 2 2 2 2 2 2 2 2 2 2 2 2 2 2 2 2 2
left_child=1 4 3 6 5 27 10 15 13 -10 -2 17 24 14 -3 -7 -5 -12 19 20 -8 22 -22 -20 -13 -26 -27 -1 -29 -4
right_child=2 8 29 16 -6 7 18 -9 9 -11 11 12 -14 -15 -16 -17 -18 -19 23 -21 21 -23 -24 -25 25 26 -28 28 -30 -31
leaf_value=-0.00013230644577136121 0.00010598076746166838 -7.6978148872334376e-05 0.00012928774307449111 -0.00085656803167419066 -1.1875596377099428e-05 -4.2582173332639948e-05 -0.00033871184589615293 -0.00057986115691530918 6.729166162673913e-05 -0.00021554781577900881 -0.00021961668262873431 -0.00061722973740376691 -0.00083501364262926535 -0.0005750865637222227 -0.00050354237167669739 -0.0003048656189729671 -0.00072463486250698124 0.0074350583937624146 -0.011265926321307004 -0.00065313706594108184 7.0493510714361227e-05 0.0015467212764601656 -0.007703177974900677 -0.0021956071688299448 -0.00043894899973896483 0.0033613054748099116 0.0031546581722406912 0.0006135556394774081 6.2721985846906779e-05 -0.0013898746875456193
leaf_weight=635 1036 365 37436 532 743 593 1183 3080 151 318 1681 1230 2172 13264 1853 861 894 101 239 1141 6538 1514 115 1852 400 49 260 43 267 16169
leaf_count=635 1036 365 37436 532 743 593 1183 3080 151 318 1681 1230 2172 13264 1853 861 894 101 239 1141 6538 1514 115 1852 400 49 260 43 267 16169
internal_value=-0.00107248 -0.00390182 -0.000230878 -0.000722884 -0.00292671 -0.00331174 -0.000548666 -0.00386414 -0.00428218 -0.000948828 -0.00129095 -0.00157221 -0.00210533 -0.00438316 -0.00333183 -0.00224897 -0.00310659 -0.000342313 -0.000139884 4.71821e-05 0.000224598 0.000418145 0.000163083 -0.00107843 -0.000951523 0.000430182 0.00309061 -0.000661377 0.00145161 -3.87103e-05
internal_weight=96715 22173 74542 20937 6222 5479 19511 4534 15951 469 6929 5893 4111 15482 2218 1454 1426 1782 12582 10491 9350 8167 6653 2091 1939 709 309 945 310 53605
internal_count=96715 22173 74542 20937 6222 5479 19511 4534 15951 469 6929 5893 4111 15482 2218 1454 1426 1782 12582 10491 9350 8167 6653 2091 1939 709 309 945 310 53605
is_linear=0
shrinkage=0.05


Tree=135
num_leaves=31
num_cat=0
split_feature=12 4 3 8 14 2 6 12 12 1 11 0 12 8 14 12 14 0 14 0 14 14 0 12 12 12 6 1 14 14
split_gain=88.1274 3.35896 3.94631 3.42503 2.61734 2.40516 2.17296 1.93107 1.6341 1.31312 1.10568 1.06327 1.17695 2.083 1.78426 1.05583 1.05456 1.42131 1.03564 1.09824 3.05582 1.69922 1.18887 0.93363 1.21072 1.55548 0.967724 0.917431 1.78327 1.0414
threshold=0.029088779508699588 1.0000000180025095e-35 1.0000000180025095e-35 1.0000000180025095e-35 0.091560473374119808 18.500000000000004 1.0000000180025095e-35 0.023001842673130119 0.12254628433665732 3.5000000000000004 0.24560590960793319 22.500000000000004 0.25370637152879755 1.0000000180025095e-35 0.1935711841940839 0.018035768771074438 0.01827846770095903 3.5000000000000004 0.11125199692356876 11.500000000000002 0.15855883354382452 0.57495924942895926 20.500000000000004 0.64549097881835227 0.44608220339315774 0.24533744914098818 1.0000000180025095e-35 3.5000000000000004 1.0130834839572627 1.2443660819559548
decision_type=2 2 2 2 2 2 2 2 2 2 2 2 2 2 2 2 2 2 2 2 2 2 2 2 2 2 2 2 2 2
left_child=1 5 -3 9 6 15 10 -5 -6 -4 -2 12 13 -10 -14 -1 -9 -18 -15 20 -20 -21 -23 24 25 26 27 28 -13 -30
right_child=4 2 3 7 8 -7 -8 16 11 -11 -12 23 14 18 -16 -17 17 -19 19 21 -22 22 -24 -25 -26 -27 -28 -29 29 -31
leaf_value=-0.00050324196481113558 -0.00013464625425656129 -0.00058987964866486463 -4.2346228210616194e-05 -0.00045595187353720114 -0.00038026151311794111 -3.5061236785203466e-05 -0.00081121778793049161 -0.00035643897904585957 -0.00058850375365584193 -0.00029629773581574384 -0.00098381230019313481 -0.00023960755425496899 -0.0012136290108159544 5.8162978007108495e-05 -0.00012706434326724354 -0.00015017342676000404 -0.0001298236762903394 0.0001309649786106755 0.00097786784017277997 -0.00074869787852131992 0.0064233028967797083 0.00053364234767892631 0.00209460437008941 -0.0046916376572456652 0.0015962534624028115 -0.0017401471080521768 -0.0017651068099353972 -0.00039009127125755376 0.0019922182125978009 0.00041937981469134211
leaf_weight=1489 5408 11005 1304 5143 800 1058 401 166 1105 844 565 627 1808 921 58398 708 270 122 640 332 44 511 202 425 689 699 147 878 193 214
leaf_count=1489 5408 11005 1304 5143 800 1058 401 166 1105 844 565 627 1808 921 58398 708 270 122 640 332 44 511 202 425 689 699 147 878 193 214
internal_value=-0.00103618 -0.00381044 -0.00406651 -0.00320996 -0.000218447 -0.00232719 -0.00118764 -0.00385108 -0.000128438 -0.00150838 -0.000948436 -0.000101943 -5.32368e-05 0.000805591 -0.000106801 -0.00327037 -0.00105735 0.000357142 0.00156604 0.00228745 0.00384503 0.00126794 0.00264376 -0.000906509 -0.000633886 -0.00110225 -0.000410395 -0.000109834 0.000899419 0.00347666
internal_weight=97116 22109 18854 7849 75007 3255 6374 5701 68633 2148 5973 67833 63961 3755 60206 2197 558 392 2650 1729 684 1045 713 3872 3447 2758 2059 1912 1034 407
internal_count=97116 22109 18854 7849 75007 3255 6374 5701 68633 2148 5973 67833 63961 3755 60206 2197 558 392 2650 1729 684 1045 713 3872 3447 2758 2059 1912 1034 407
is_linear=0
shrinkage=0.05


Tree=136
num_leaves=31
num_cat=0
split_feature=12 4 3 8 14 6 1 8 0 12 8 8 3 1 1 12 1 14 12 12 0 7 14 1 6 12 8 13 13 4
split_gain=86.0795 3.02003 3.70362 4.28036 2.94597 2.20692 2.05301 2.03162 1.90161 1.35692 1.33941 1.31094 1.14746 1.08373 1.57844 1.08298 1.06946 1.62985 1.09893 1.09739 1.0479 0.95741 0.918766 0.889427 1.18481 1.35404 0.887279 0.86815 0.894964 0.844383
threshold=0.026997949692522578 1.0000000180025095e-35 1.0000000180025095e-35 1.0000000180025095e-35 0.22933176348806558 1.0000000180025095e-35 1.5000000000000002 3.5000000000000004 4.5000000000000009 0.18519120925735422 1.5000000000000002 2.5000000000000004 1.0000000180025095e-35 3.5000000000000004 5.5000000000000009 0.017471762174533906 3.5000000000000004 0.071981322272154119 0.3197795857231292 0.14155753218672448 22.500000000000004 1.0000000180025095e-35 0.1935711841940839 1.5000000000000002 1.0000000180025095e-35 1.127708237104577 1.0000000180025095e-35 0.16452032183195245 0.1134940027656537 2.5000000000000004
decision_type=2 2 2 2 2 2 2 2 2 2 2 2 2 2 2 2 2 2 2 2 2 2 2 2 2 2 2 2 2 2
left_child=1 6 -3 13 5 7 -1 8 -2 -7 -5 -12 29 -4 -15 -8 19 -18 22 -10 23 -13 -19 -6 -25 -26 -11 28 -28 -9
right_child=4 2 3 10 20 9 15 12 16 26 11 21 -14 14 -16 -17 17 18 -20 -21 -22 -23 -24 24 25 -27 27 -29 -30 -31
leaf_value=3.2668219263586548e-05 -0.00028380167550678964 -0.00057621958120881067 -1.8673268265309884e-05 -0.00059703962324764788 0.00036481296800091256 -0.00077739833203159536 -0.00045483574338392625 0.00024239816703941724 0.00013484792894782307 -0.0018710058535106268 -6.178454387275218e-06 -0.00036741790635787946 0.00039309503547004773 -0.00040152554664391808 2.5185932377437041e-05 -0.00016543252945508199 -0.00066790470464721122 -0.00018440265662448719 -0.0021951951260555484 -0.00030721260730946645 -0.00054272326604600169 1.6182014915872447e-05 0.0027541136113233208 -0.00024067442064972471 -0.0011039088097266612 -0.001123738081481998 -0.00093440124602549779 -0.00057211548901848802 0.00058985003325412412 -0.00014975511553645858
leaf_weight=538 962 10605 1165 2606 16824 518 1557 185 1146 101 310 2595 363 640 188 1090 1541 2279 842 4162 3862 108 113 39012 670 2151 42 132 89 377
leaf_count=538 962 10605 1165 2606 16824 518 1557 185 1146 101 310 2595 363 640 188 1090 1541 2279 842 4162 3862 108 113 39012 670 2151 42 132 89 377
internal_value=-0.00104745 -0.0038459 -0.00409425 -0.00325276 -0.000252817 -0.000942267 -0.00242543 -0.000764412 -0.000952921 -0.00335601 -0.00395889 -0.00324096 0.00148649 -0.00126192 -0.00264493 -0.00299773 -0.000750274 -0.00129319 -0.000655536 -0.00026187 -0.000111087 -0.00359416 -0.000108697 -5.8562e-05 -0.000182035 -0.00117157 -0.00101648 0.000513307 0.00339695 7.11732e-05
internal_weight=96773 21402 18217 7612 75371 12852 3185 11970 11045 882 5619 3013 925 1993 828 2647 10083 4775 3234 5308 62519 2703 2392 58657 41833 2821 364 263 131 562
internal_count=96773 21402 18217 7612 75371 12852 3185 11970 11045 882 5619 3013 925 1993 828 2647 10083 4775 3234 5308 62519 2703 2392 58657 41833 2821 364 263 131 562
is_linear=0
shrinkage=0.05


Tree=137
num_leaves=31
num_cat=0
split_feature=12 4 3 8 14 1 6 1 8 8 1 12 12 9 8 4 2 2 2 7 0 0 2 12 12 14 11 11 14 11
split_gain=81.731 4.0743 4.23675 4.15905 2.45606 2.41608 2.41307 1.96157 1.78445 1.64511 1.44638 1.3531 1.30614 1.27562 1.11601 1.25415 1.99554 2.16988 1.0608 1.03825 1.02591 1.01971 1.25749 1.05435 0.972225 0.962145 1.25767 1.07947 1.11969 0.859757
threshold=0.029088779508699588 1.0000000180025095e-35 1.0000000180025095e-35 1.0000000180025095e-35 0.58731392421636974 1.5000000000000002 1.0000000180025095e-35 3.5000000000000004 1.0000000180025095e-35 1.5000000000000002 3.5000000000000004 1.1621788815330534 0.023001842673130119 8.6478318707770452 1.0000000180025095e-35 2.5000000000000004 7.5000000000000009 3.5000000000000004 4.5000000000000009 1.0000000180025095e-35 20.500000000000004 19.500000000000004 21.500000000000004 2.4092921713649753 0.17605792936502632 2.194209813763786 0.66815810468340919 2.2499107316361919 1.1932275766107703 2.1663703362806506
decision_type=2 2 2 2 2 2 2 2 2 2 2 2 2 2 2 2 2 2 2 2 2 2 2 2 2 2 2 2 2 2
left_child=1 5 19 10 6 13 7 11 -7 -5 -4 -2 -11 -1 15 -9 17 -17 -12 -3 -16 25 23 -23 -8 27 -27 29 -29 -6
right_child=4 2 3 9 21 8 24 14 -10 12 18 -13 -14 -15 20 16 -18 -19 -20 -21 -22 22 -24 -25 -26 26 -28 28 -30 -31
leaf_value=-2.7983437515066923e-05 1.5869898908190972e-05 -0.0005508469950673353 -1.3888825515522192e-05 -0.00055829753759175683 0.00016585404320224913 -5.7021182036312451e-05 -0.00073732931372071596 8.7599065669581697e-05 -0.00040073114647653059 -0.0003090907745938399 -0.00031635949621612309 -0.011647064185588364 -2.09232062516767e-05 0.00032166697453789138 -0.00022593765686723419 -0.00054578730520079492 -0.00083536451784475211 0.0010326256443684574 2.3386402984633377e-05 -0.00011383587639513401 -0.0012907832329544986 -1.6672140102329002e-05 -0.0011116872767791828 -0.0092145031252272025 -0.00052461102235719294 0.0079623211878929751 0.003456858562084544 -0.004966008137397602 -0.00090468390509391365 0.0059849941297302296
leaf_weight=427 8581 10875 1337 2601 23050 782 465 501 1942 2673 689 334 414 105 4774 742 1532 323 152 253 353 10344 4087 1063 797 47 5051 1971 9841 875
leaf_count=427 8581 10875 1337 2601 23050 782 465 501 1942 2673 689 334 414 105 4774 742 1532 323 152 253 353 10344 4087 1063 797 47 5051 1971 9841 875
internal_value=-0.00104098 -0.00370112 -0.00398126 -0.00309306 -0.000248961 -0.00206695 -0.000750463 -0.0005951 -0.00266887 -0.0038045 -0.00123508 -8.13248e-05 -0.00302397 0.00101504 -0.00115198 -0.00190123 -0.00234309 -0.000680752 -0.00285969 -0.0046091 -0.000699241 -8.51261e-05 -0.00043049 -0.000160867 -0.00286054 4.59153e-05 0.000688504 -4.57521e-05 -0.000436845 0.000147334
internal_weight=96981 22250 18994 7866 74731 3256 18402 17140 2724 5688 2178 8915 3087 532 8225 3098 2597 1065 841 11128 5127 56329 15494 11407 1262 40835 5098 35737 11812 23925
internal_count=96981 22250 18994 7866 74731 3256 18402 17140 2724 5688 2178 8915 3087 532 8225 3098 2597 1065 841 11128 5127 56329 15494 11407 1262 40835 5098 35737 11812 23925
is_linear=0
shrinkage=0.05


Tree=138
num_leaves=31
num_cat=0
split_feature=12 4 3 8 1 8 14 6 12 8 8 11 7 14 12 1 2 1 2 8 12 12 2 12 12 9 3 9 12 14
split_gain=79.6023 3.86236 4.41111 3.34498 2.15311 1.9388 1.72184 2.75214 1.69558 1.65053 1.46054 1.69767 1.10909 1.06366 1.04668 0.972293 1.19098 0.930524 1.50146 2.42246 1.90343 1.81772 1.41882 1.04488 1.10179 0.983434 0.873391 0.830073 0.986912 1.08058
threshold=0.029088779508699588 1.0000000180025095e-35 1.0000000180025095e-35 1.0000000180025095e-35 1.5000000000000002 1.5000000000000002 0.097406725082805526 1.0000000180025095e-35 0.023001842673130119 1.0000000180025095e-35 3.5000000000000004 0.020534942116858006 1.0000000180025095e-35 0.065571124312808565 0.17142763520873339 3.5000000000000004 4.5000000000000009 1.5000000000000002 21.500000000000004 1.0000000180025095e-35 0.18052078256183726 2.4552279164174151 4.5000000000000009 1.3040386106145412 0.18962242370120233 8.4262399020865946 1.0000000180025095e-35 8.0674202022978481 1.6771324164686841 1.924314182998786
decision_type=2 2 2 2 2 2 2 2 2 2 2 2 2 2 2 2 2 2 2 2 2 2 2 2 2 2 2 2 2 2
left_child=1 4 12 15 -1 -5 7 10 -7 -6 13 -12 -3 26 -15 -4 -17 22 -19 21 -21 -20 25 24 -22 -8 -2 28 29 -25
right_child=6 2 3 5 9 8 17 -9 -10 -11 11 -13 -14 14 -16 16 -18 18 19 20 23 -23 -24 27 -26 -27 -28 -29 -30 -31
leaf_value=3.2637786331008119e-05 -0.00053937845657157295 -0.00052664562086534715 -3.8606110298584803e-05 -0.00053076305731939387 -6.5827728784759217e-05 -0.00029924495605511696 -0.0030678085535366245 -0.0006976003187493708 1.5689786584847735e-06 -0.00042636672116447912 0.00034274282981660198 0.0001121175939815728 -8.5622952667867541e-05 1.9603842720316041e-05 -0.00067682461898268252 -0.00035348727977479013 2.2703241101201757e-05 -0.00018988832379125209 -0.0010391153174912581 -0.00072239837637564264 0.0005223972815235566 -0.0019702764359207747 0.00029078197818818789 0.0031071630357937417 -0.00076964459173742305 0.00047482378051720819 -0.00010118453707404509 -0.00072650157216615956 0.00058036116032140247 0.011107575687108493
leaf_weight=581 1208 10836 1311 2553 789 2645 1221 453 404 1901 40 799 261 2244 1186 691 149 37153 1872 256 47 1100 17754 294 3368 434 784 3102 1353 67
leaf_count=581 1208 10836 1311 2553 789 2645 1221 453 404 1901 40 799 261 2244 1186 691 149 37153 1872 256 47 1100 17754 294 3368 434 784 3102 1353 67
internal_value=-0.00103174 -0.00366643 -0.00394165 -0.00302657 -0.0020804 -0.00367012 -0.000251891 -0.00101579 -0.00281896 -0.00267658 -0.000743493 0.00119785 -0.00458097 -0.0010439 -0.000510205 -0.00135054 -0.00267857 -0.000176491 -0.000293344 -0.0007937 -0.000363498 -0.00202221 0.000116182 -0.000231443 -0.00090044 -0.00128399 -0.00196285 0.000242939 0.00112602 0.00344875
internal_weight=96856 22121 18850 7753 3271 5602 74735 6714 3049 2690 6261 839 11097 5422 3430 2151 840 68021 48612 11459 8487 2972 19409 8231 3415 1655 1992 4816 1714 361
internal_count=96856 22121 18850 7753 3271 5602 74735 6714 3049 2690 6261 839 11097 5422 3430 2151 840 68021 48612 11459 8487 2972 19409 8231 3415 1655 1992 4816 1714 361
is_linear=0
shrinkage=0.05


Tree=139
num_leaves=31
num_cat=0
split_feature=12 4 3 12 13 12 8 8 1 6 1 1 2 8 12 2 12 7 2 2 4 2 4 8 1 2 1 8 2 9
split_gain=78.4589 3.42275 4.93749 3.17258 2.18588 1.95094 1.60056 1.48878 1.17188 1.15146 1.11677 1.11508 1.49157 2.9577 1.92404 1.26658 1.17093 1.04612 1.03985 0.999203 5.29995 2.41567 2.38844 2.0741 1.49081 1.33321 2.22212 1.84687 1.19064 0.964658
threshold=0.029088779508699588 1.0000000180025095e-35 1.0000000180025095e-35 0.02022941081225382 0.081870316554649922 0.016909315208142959 1.0000000180025095e-35 1.0000000180025095e-35 1.5000000000000002 1.0000000180025095e-35 3.5000000000000004 1.5000000000000002 21.500000000000004 1.0000000180025095e-35 2.1257748730304864 28.500000000000004 1.4306309953909928 1.0000000180025095e-35 4.5000000000000009 10.500000000000002 4.5000000000000009 8.5000000000000018 6.5000000000000009 1.0000000180025095e-35 2.5000000000000004 3.5000000000000004 3.5000000000000004 1.0000000180025095e-35 4.5000000000000009 8.4262399020865946
decision_type=2 2 2 2 2 2 2 2 2 2 2 2 2 2 2 2 2 2 2 2 2 2 2 2 2 2 2 2 2 2
left_child=1 5 17 7 6 -1 -2 10 -7 -8 -4 18 19 14 15 -14 -15 -3 29 20 -13 22 23 -22 -21 26 27 -24 -27 -6
right_child=4 2 3 -5 11 8 9 -9 -10 -11 -12 12 13 16 -16 -17 -18 -19 -20 24 21 -23 25 -25 -26 28 -28 -29 -30 -31
leaf_value=-0.00036079125658580215 -0.00052889618744066786 -0.00050111835366588905 4.2867174757814378e-06 -0.00013858925888271791 -0.0025176273395644631 5.5247834142984721e-05 -2.8645730670641817e-06 -0.00038325361987835726 -0.00016455113286010809 -0.00046181258621160809 -0.0002590992790932014 -0.0022624701743119749 -0.0014947673665391275 -0.00059693949935931898 -0.0031220869008924991 -0.00047005439056769431 0.00049961670505705542 -8.7759897676201897e-05 0.00032530656736396118 -0.0022995161150274365 -0.0037242028159939671 0.0017348127604758696 0.0064103466763876628 -0.0010312923008383901 0.0011610128820701965 0.0038850144758156022 -0.00099939257377789671 -6.0905477707392351e-06 0.00024013690717483604 0.00074375453543892682
leaf_weight=1655 2975 10726 416 2496 1237 312 2380 4480 1281 121 467 3250 1463 4231 1323 444 4405 244 18267 1667 813 3247 871 2423 9742 1621 6556 2426 4874 432
leaf_count=1655 2975 10726 416 2496 1237 312 2380 4480 1281 121 467 3250 1463 4231 1323 444 4405 244 18267 1667 813 3247 871 2423 9742 1621 6556 2426 4874 432
internal_value=-0.000985855 -0.00360488 -0.00386346 -0.00290686 -0.000212525 -0.00210591 -0.00117422 -0.00359221 -0.000856875 -0.000241904 -0.00171574 -0.000136525 -0.000264002 -0.000752572 -0.00204334 -0.00305978 -0.000269802 -0.00454877 0.000179072 -0.000109364 -0.00028009 -1.11702e-05 -0.000220589 -0.00146168 0.000280917 2.50783e-05 -0.000341522 0.000717318 0.000581215 -0.00101558
internal_weight=96845 22077 18829 7859 74768 3248 5476 5363 1593 2501 883 69292 49356 11866 3230 1907 8636 10970 19936 37490 26081 22831 19584 3236 11409 16348 9853 3297 6495 1669
internal_count=96845 22077 18829 7859 74768 3248 5476 5363 1593 2501 883 69292 49356 11866 3230 1907 8636 10970 19936 37490 26081 22831 19584 3236 11409 16348 9853 3297 6495 1669
is_linear=0
shrinkage=0.05


Tree=140
num_leaves=31
num_cat=0
split_feature=12 7 8 3 4 14 6 8 3 4 0 1 8 8 1 2 2 3 12 2 10 4 14 0 12 0 12 14 9 9
split_gain=74.0546 3.68806 3.15983 2.77682 4.59144 2.35857 3.32637 2.04848 2.04786 3.92867 1.63716 1.6024 1.38562 2.73102 1.22479 1.2173 1.0364 1.01926 0.94115 0.886834 0.866216 0.841509 0.838342 0.827477 0.910685 1.05826 1.22576 0.881861 1.04818 0.842525
threshold=0.029088779508699588 1.0000000180025095e-35 1.0000000180025095e-35 1.0000000180025095e-35 1.0000000180025095e-35 0.77234689896875075 1.0000000180025095e-35 1.0000000180025095e-35 1.0000000180025095e-35 1.5000000000000002 8.5000000000000018 1.5000000000000002 1.5000000000000002 2.5000000000000004 3.5000000000000004 27.500000000000004 4.5000000000000009 1.0000000180025095e-35 0.18519120925735422 3.5000000000000004 6.3549855041068239 1.0000000180025095e-35 0.067858485438324859 16.500000000000004 0.94265681857819605 14.500000000000002 0.72412079033307097 0.53854056593088895 8.5408344280729604 7.1961919126441538
decision_type=2 2 2 2 2 2 2 2 2 2 2 2 2 2 2 2 2 2 2 2 2 2 2 2 2 2 2 2 2 2
left_child=1 2 3 4 -1 6 7 8 9 -2 -7 -3 -4 17 -5 -15 -16 21 -8 22 -11 -14 -10 24 25 -9 -27 -26 29 -29
right_child=5 11 12 14 -6 10 18 23 19 20 -12 -13 13 15 16 -17 -18 -19 -20 -21 -22 -23 -24 -25 27 26 -28 28 -30 -31
leaf_value=-2.9606916385854204e-05 0.00030996674356635677 0.00012099631097617053 -0.00049273836104835836 -3.0206186409342377e-05 -0.00042290067964181958 0.0072941243290305328 -0.00065789231931541816 3.7367402045572029e-05 -0.00051104669255936275 0.00061277600372705696 -0.00022520632419927605 -7.6953699331142468e-05 3.3366304745367361e-05 -0.00044878155042297894 -0.00029749859176281273 -0.00020460507906587823 2.5743404822888391e-05 2.8852803830133197e-05 -0.00063853572440074975 0.00025938900193936621 -0.00071214638847295149 -0.00025240226097473709 -0.0001442354298590196 -0.00056795663739395358 -0.0067890434483393672 0.011962049422254671 0.0049185091260567949 0.011689466022474206 0.0030680361016714448 -0.0026497947614093297
leaf_weight=951 1185 122 7244 1330 3083 1044 539 9216 315 83 51729 391 138 6407 709 851 148 329 955 1632 3046 444 751 1359 549 48 194 54 415 1540
leaf_count=951 1185 122 7244 1330 3083 1044 539 9216 315 83 51729 391 138 6407 709 851 148 329 955 1632 3046 444 751 1359 549 48 194 54 415 1540
internal_value=-0.000997976 -0.00353705 -0.00363641 -0.00268526 -0.00346307 -0.00024473 -0.000681186 -0.0005143 -0.0012065 -0.00188225 -6.37649e-05 0.00065302 -0.00402031 -0.00357388 -0.00125057 -0.00389777 -0.00272462 -0.000993415 -0.0029585 -0.00012602 -0.0028108 -0.00225086 -0.00124766 -0.000151403 -1.91423e-05 0.000207231 0.00347107 -0.000856139 -0.000370832 -0.000953577
internal_weight=96801 22147 21634 6221 4034 74654 21881 20387 7012 4314 52773 513 15413 8169 2187 7258 857 911 1494 2698 3129 582 1066 13375 12016 9458 242 2558 2009 1594
internal_count=96801 22147 21634 6221 4034 74654 21881 20387 7012 4314 52773 513 15413 8169 2187 7258 857 911 1494 2698 3129 582 1066 13375 12016 9458 242 2558 2009 1594
is_linear=0
shrinkage=0.05


Tree=141
num_leaves=31
num_cat=0
split_feature=12 14 4 3 6 12 12 1 12 1 11 11 2 14 0 12 12 10 7 0 14 2 0 0 0 14 1 9 12 12
split_gain=73.903 3.31546 2.86652 4.17535 2.80963 2.5095 2.14814 1.46825 1.32615 1.09639 1.01394 1.00132 0.997603 0.983261 0.978156 0.955124 0.934784 0.914392 0.885226 1.14357 0.886383 0.750976 0.745521 0.711443 1.28012 0.859216 0.707854 0.948062 0.699836 0.698298
threshold=0.026997949692522578 0.7030220205362262 1.0000000180025095e-35 1.0000000180025095e-35 1.0000000180025095e-35 0.016525742666011044 0.015413725602349977 3.5000000000000004 0.17605792936502632 3.5000000000000004 0.010980585576780994 2.58994535021841 3.5000000000000004 0.07767228816245815 3.5000000000000004 0.023001842673130119 1.2094716214639416 8.48369581756935 1.0000000180025095e-35 12.500000000000002 1.3506517479241213 28.500000000000004 22.500000000000004 17.500000000000004 19.500000000000004 1.6577788914878024 1.5000000000000002 8.6478318707770452 0.036601037503785898 0.23801269327374347
decision_type=2 2 2 2 2 2 2 2 2 2 2 2 2 2 2 2 2 2 2 2 2 2 2 2 2 2 2 2 2 2
left_child=2 4 6 -4 7 -5 -1 14 -6 10 -7 22 -11 -9 21 17 -16 -12 23 20 -20 -2 29 -13 25 -25 27 -8 -15 -3
right_child=1 11 3 5 8 9 26 13 -10 12 15 18 -14 28 16 -17 -18 -19 19 -21 -22 -23 -24 24 -26 -27 -28 -29 -30 -31
leaf_value=-0.00044650081300708549 -0.00027864744589154328 0.00098577756827842146 -0.00045366582104947598 -0.00038928189793870869 -0.00062592052877259361 -0.00025954030900594193 -8.8968109285840678e-05 -0.0003419417628942518 -0.00054687438203785961 -0.00039630882931678446 -0.00015060998919080374 -0.0036691204310167602 -8.6513599810437392e-05 -0.00028387883890529771 1.0862965448234398e-05 2.7391470833795969e-05 -0.0057846263886626812 0.00020447537639113261 -0.0087050179107587885 -0.00070540043492204414 0.029652374352461604 3.2538519559303152e-05 -0.00036052749122655815 -0.0046736277394118187 -0.0040849081679883029 0.0032155699629020165 -0.00016281811971830971 0.0002813489800273665 -0.00053923487106080355 0.00018820980438292268
leaf_weight=1141 466 452 10644 2970 559 856 314 2489 918 1054 1673 6880 413 282 9087 498 739 50 79 713 248 177 3400 713 1465 3144 1609 95 6626 36875
leaf_count=1141 466 452 10644 2970 559 856 314 2489 918 1054 1673 6880 413 282 9087 498 739 50 79 713 248 177 3400 713 1465 3144 1609 95 6626 36875
internal_value=-0.00100534 -0.000269679 -0.0036044 -0.00384624 -0.000797218 -0.00294384 -0.00221431 -0.000640795 -0.00290115 -0.00220511 -0.00166883 -6.10548e-05 -0.00332993 -0.0010945 -0.000233548 -0.00110536 -0.000109914 -0.0016628 -0.000438757 0.000961537 0.00340978 -0.00212286 6.17515e-05 -0.000558106 -0.000124015 0.000353901 -0.0012339 0.000623471 -0.000787494 0.000126315
internal_weight=96629 75312 21317 18158 21343 7514 3159 19866 1477 4544 3077 53969 1467 9397 10469 2221 9826 1723 13242 1040 327 643 40727 12202 5322 3857 2018 409 6908 37327
internal_count=96629 75312 21317 18158 21343 7514 3159 19866 1477 4544 3077 53969 1467 9397 10469 2221 9826 1723 13242 1040 327 643 40727 12202 5322 3857 2018 409 6908 37327
is_linear=0
shrinkage=0.05


Tree=142
num_leaves=31
num_cat=0
split_feature=12 8 12 3 4 14 6 8 3 4 8 0 8 14 4 3 8 1 1 1 2 2 14 12 12 12 9 12 0 9
split_gain=71.7232 3.31879 2.96893 2.87701 4.60062 2.34158 2.98259 2.01581 2.0862 3.54437 1.35083 1.27956 2.55513 1.25587 1.20679 1.23499 1.56095 1.17939 1.13518 1.00519 1.24116 0.985465 0.962077 0.944879 0.930948 0.81719 0.801339 0.785233 0.977669 1.09204
threshold=0.029088779508699588 1.0000000180025095e-35 0.023001842673130119 1.0000000180025095e-35 2.5000000000000004 0.7030220205362262 1.0000000180025095e-35 1.0000000180025095e-35 1.0000000180025095e-35 1.0000000180025095e-35 1.5000000000000002 3.5000000000000004 3.5000000000000004 0.019838158531449972 1.0000000180025095e-35 1.0000000180025095e-35 1.5000000000000002 1.5000000000000002 1.5000000000000002 3.5000000000000004 4.5000000000000009 19.500000000000004 0.11125199692356876 0.17605792936502632 0.88633335334409069 0.014832145907619042 7.5307873048590457 0.86731382346897345 15.500000000000002 9.0141087323992366
decision_type=2 2 2 2 2 2 2 2 2 2 2 2 2 2 2 2 2 2 2 2 2 2 2 2 2 2 2 2 2 2
left_child=1 3 14 4 21 6 7 8 9 24 -4 -12 13 -13 18 -16 -17 -15 -3 -5 -21 -1 -23 -8 -2 -18 -11 28 -9 -30
right_child=5 2 10 19 -6 -7 23 27 -10 26 11 12 -14 17 15 16 25 -19 -20 20 -22 22 -24 -25 -26 -27 -28 -29 29 -31
leaf_value=-0.00011913221735742436 0.00076953609001497163 -5.3726185891516542e-05 -0.00041219566160737568 -2.0012736733276308e-05 -0.00041152663918892331 -3.6114892365222203e-05 -0.00057394337788833081 8.4752133831795992e-05 -1.407585328828948e-05 4.55229269529421e-06 -0.00017924364077827554 -0.00026210289407590755 0.0002004624716449876 0.00021445336050559318 -0.00047428285630489464 -0.00045629575542909835 -0.00037551942113737117 -2.7580907954653401e-05 -0.00036890879033054405 -0.0002716423019801419 3.3397754383234211e-05 -2.1016223606394756e-05 0.00048004238597296385 -0.00053842300028757921 -0.014018750328986813 -0.00019372826016816858 -0.00066273240934528908 -0.0022985672533429309 -0.00090771458805945736 0.0018373425653548541
leaf_weight=1108 881 356 321 1353 2783 54101 501 8998 2715 233 717 161 80 62 7118 2440 691 115 1783 692 158 103 63 920 122 1965 2969 2309 1010 44
leaf_count=1108 881 356 321 1353 2783 54101 501 8998 2715 233 717 161 80 62 7118 2440 691 115 1783 692 158 103 63 920 122 1965 2969 2309 1010 44
internal_value=-0.000929682 -0.00343446 -0.00382029 -0.00246007 -0.00324994 -0.000190702 -0.000642934 -0.000480007 -0.0011633 -0.00186088 -0.00166896 -0.000859032 0.00133971 -0.000562131 -0.00403853 -0.00423039 -0.00363619 0.00234463 -0.00294297 -0.00100545 -0.00235294 -0.000761383 0.00283132 -0.00285363 0.0007328 -0.00279744 -0.00267333 -9.74852e-05 9.35125e-05 -0.00134725
internal_weight=96872 22069 15809 6260 4057 74803 20702 19281 6920 4205 1456 1135 418 338 14353 12214 5096 177 2139 2203 850 1274 166 1421 1003 2656 3202 12361 10052 1054
internal_count=96872 22069 15809 6260 4057 74803 20702 19281 6920 4205 1456 1135 418 338 14353 12214 5096 177 2139 2203 850 1274 166 1421 1003 2656 3202 12361 10052 1054
is_linear=0
shrinkage=0.05


Tree=143
num_leaves=31
num_cat=0
split_feature=12 4 3 8 14 8 3 4 8 8 8 1 6 2 1 1 1 2 11 12 11 12 12 13 9 12 11 12 1 13
split_gain=68.1924 3.62513 4.92212 3.28838 2.30326 3.85816 3.57546 4.55045 2.23818 2.73849 2.21978 1.42075 1.36198 1.00648 0.97866 0.964219 0.935758 1.07326 2.17958 0.903545 0.749677 0.739088 0.993641 0.900487 0.738464 0.708537 0.705076 0.946591 0.685836 0.664964
threshold=0.02549002247696816 1.0000000180025095e-35 1.0000000180025095e-35 1.0000000180025095e-35 0.77234689896875075 1.0000000180025095e-35 1.0000000180025095e-35 2.5000000000000004 1.5000000000000002 2.5000000000000004 1.0000000180025095e-35 3.5000000000000004 1.0000000180025095e-35 20.500000000000004 1.5000000000000002 3.5000000000000004 1.5000000000000002 4.5000000000000009 0.02296748177038133 0.17605792936502632 0.012560480316256695 0.01598954819888251 0.022265249142163917 0.014627507163046604 9.0141087323992366 0.014407615121636243 0.13258755921520016 1.1928464110842623 3.5000000000000004 0.13629249550934366
decision_type=2 2 2 2 2 2 2 2 2 2 2 2 2 2 2 2 2 2 2 2 2 2 2 2 2 2 2 2 2 2
left_child=1 10 -3 11 5 6 7 24 -5 15 21 -4 16 -9 20 -10 17 -7 -19 -14 -12 -1 23 -23 -2 -11 28 -28 -8 -22
right_child=4 2 3 8 -6 12 26 13 9 25 14 -13 19 -15 -16 -17 -18 18 -20 -21 29 22 -24 -25 -26 -27 27 -29 -30 -31
leaf_value=-0.00018749779574496161 -5.9797040332169201e-05 -0.00041191497274474558 2.1783351865904379e-05 -0.00043190515922654173 -0.00010852401547554585 -0.00043657748662224917 -1.1662837104854164e-05 -0.00047970554047005324 8.959450343488396e-05 -0.0004040982526287174 -0.00023547260342344952 -0.00016392943182152271 -0.00041975137518744941 -0.00063943549564528766 -0.00033677201216190375 -0.00019239197358830964 -0.00010309736415149308 0.00025599862265284802 0.00028858042394410625 -0.00023213786419222401 8.6816664291836901e-05 -0.00015652061970306401 -0.00026749968091578966 0.00023230240844621683 0.0012032405612489008 -0.00019476223578757584 0.00086810505563621578 -0.0095655222247491966 -0.00026618808727204213 -0.00021734307157470062
leaf_weight=198 1414 10165 1041 2569 52893 350 1085 2322 173 582 119 774 288 1559 1875 121 10162 58 3353 724 171 63 189 432 76 2068 1097 231 678 94
leaf_count=198 1414 10165 1041 2569 52893 350 1085 2322 173 582 119 774 288 1559 1875 121 10162 58 3353 724 171 63 189 432 76 2068 1097 231 678 94
internal_value=-0.000925675 -0.00347582 -0.00375665 -0.00276883 -0.000235943 -0.000649016 -0.00150201 -0.0022817 -0.00337657 -0.00243546 -0.00191181 -0.000922866 -0.000165719 -0.00318346 -0.00274237 0.00214286 -3.69903e-05 0.000636798 0.000907357 -0.00193676 -0.00044271 0.000215418 0.000994151 0.00217172 6.71129e-05 -0.0029434 -0.000147203 0.00072289 -0.00080261 0.00103773
internal_weight=96924 20634 17493 7328 76290 23397 8462 5371 5513 2944 3141 1815 14935 3881 2259 294 13923 3761 3411 1012 384 882 684 495 1490 2650 3091 1328 1763 265
internal_count=96924 20634 17493 7328 76290 23397 8462 5371 5513 2944 3141 1815 14935 3881 2259 294 13923 3761 3411 1012 384 882 684 495 1490 2650 3091 1328 1763 265
is_linear=0
shrinkage=0.05


Tree=144
num_leaves=31
num_cat=0
split_feature=12 4 3 0 8 8 8 11 14 6 2 7 8 11 14 12 14 12 11 11 14 11 11 7 12 14 14 0 12 13
split_gain=64.0589 3.61517 4.86557 3.25185 2.62212 2.24725 2.80476 2.02935 1.8978 2.74603 1.84636 1.47274 1.42545 2.35265 1.3903 1.46489 1.22199 1.19532 1.13819 1.02668 0.972261 1.48913 1.40418 1.03784 0.96165 0.961125 0.914085 0.846527 0.857883 0.836161
threshold=0.024869040299849248 1.0000000180025095e-35 1.0000000180025095e-35 3.5000000000000004 1.0000000180025095e-35 1.5000000000000002 2.5000000000000004 0.033297531923641543 0.58731392421636974 1.0000000180025095e-35 18.500000000000004 1.0000000180025095e-35 3.5000000000000004 0.03887794290427448 0.065571124312808565 0.76537315468129263 0.088883986181368682 0.018035768771074438 0.012560480316256695 0.020534942116858006 0.31107002481476337 0.16832285013800702 0.55908964553542562 1.0000000180025095e-35 0.17605792936502632 0.47177057315336812 0.26049975660661623 20.500000000000004 2.0853656062197135 0.34257931648052437
decision_type=2 2 2 2 2 2 2 2 2 2 2 2 2 2 2 2 2 2 2 2 2 2 2 2 2 2 2 2 2 2
left_child=1 10 -3 7 -4 -6 18 11 9 12 17 -2 14 19 -5 20 -13 -1 -7 -14 22 -22 -16 -24 -11 -17 -12 -10 -29 -23
right_child=3 2 4 8 5 6 -8 -9 27 24 26 16 13 -15 15 25 -18 -19 -20 -21 21 29 23 -25 -26 -27 -28 28 -30 -31
leaf_value=-0.00034883444087258899 -0.00016702965684299597 -0.00039984627604902346 -7.4725623038863896e-05 -0.00025505448264603029 -0.00040020710416382603 -0.00014889315338856673 -0.00022870353727105948 -0.00033139385870808254 1.4405163243912957e-05 -0.0005371546477176604 3.1321826662311358e-05 0.00031930325374205244 0.00028927037107742871 2.9382289180253895e-05 -7.8697564265491776e-05 -0.0074305683780533181 1.9013244079288091e-05 -8.6028184928022437e-05 0.00011255939452266132 0.00014073107553689605 -0.0013056614775564853 -0.00021461162439665002 -0.0028339702321142054 0.0016767324811530493 -0.00047973070357125501 -0.0019644223147384124 -0.00023593441783063639 -0.0003959696930254141 -0.012205734278988894 0.003256143723341326
leaf_weight=1487 911 10045 1713 2455 2554 70 2627 757 44765 484 708 58 44 1527 8871 862 183 633 193 235 180 354 840 61 759 1117 281 11141 356 633
leaf_count=1487 911 10045 1713 2455 2554 70 2627 757 44765 484 708 58 44 1527 8871 862 183 633 193 235 180 354 840 61 759 1117 281 11141 356 633
internal_value=-0.000952697 -0.00344912 -0.00373271 -0.000290694 -0.00273648 -0.00327333 -0.00231834 -0.00232845 -0.000238607 -0.000679081 -0.00188003 -0.00100695 -0.000514874 0.000813952 -0.000670983 -0.000463695 0.00246888 -0.00271227 0.00260456 0.00503584 -0.000237226 0.00112682 -0.000400124 -0.0022808 -0.00294851 -0.00171551 -9.60578e-05 -9.43811e-05 -0.000477082 0.00188956
internal_weight=96904 20311 17202 76593 7157 5444 2890 1909 74684 18422 3109 1152 17179 1806 15373 12918 241 2120 263 279 10939 1167 9772 901 1243 1979 989 56262 11497 987
internal_count=96904 20311 17202 76593 7157 5444 2890 1909 74684 18422 3109 1152 17179 1806 15373 12918 241 2120 263 279 10939 1167 9772 901 1243 1979 989 56262 11497 987
is_linear=0
shrinkage=0.05


Tree=145
num_leaves=31
num_cat=0
split_feature=11 3 4 11 2 14 8 8 8 14 1 7 8 7 6 14 7 8 9 6 11 11 1 0 8 11 2 10 11 0
split_gain=61.3014 4.73367 7.62972 3.18384 2.35578 1.95189 1.89137 1.52362 1.39348 3.20757 1.37279 1.2739 1.16409 1.1838 1.14437 1.9256 1.13247 1.68131 1.40782 0.996689 0.979645 0.78897 1.12616 0.745494 0.744282 0.852274 0.727668 0.726172 0.959417 0.71567
threshold=0.07376980285404254 1.0000000180025095e-35 1.0000000180025095e-35 0.016757504322706351 18.500000000000004 0.07579886385575714 1.0000000180025095e-35 1.5000000000000002 3.5000000000000004 0.047163662417578141 3.5000000000000004 1.0000000180025095e-35 1.0000000180025095e-35 1.0000000180025095e-35 1.0000000180025095e-35 1.3234149717375743 1.0000000180025095e-35 1.0000000180025095e-35 7.9607341481037368 1.0000000180025095e-35 0.017746851176106904 0.13817021750351233 5.5000000000000009 9.5000000000000018 2.5000000000000004 0.012283572797342318 20.500000000000004 8.3071212165933677 0.025448572034430007 22.500000000000004
decision_type=2 2 2 2 2 2 2 2 2 2 2 2 2 2 2 2 2 2 2 2 2 2 2 2 2 2 2 2 2 2
left_child=1 2 4 6 12 19 -3 -8 16 -10 24 -4 -1 -14 29 -16 17 27 -18 21 -6 22 -2 -17 25 -9 -13 -5 -29 -7
right_child=5 3 11 8 20 14 7 10 9 -11 -12 26 13 -15 15 23 18 -19 -20 -21 -22 -23 -24 -25 -26 -27 -28 28 -30 -31
leaf_value=-9.0998244381927115e-05 -0.00029209165142761087 -0.00010406898912764548 -0.00036490600823311462 -6.0351901123077408e-05 -6.2405477558795199e-05 -2.5578954007691152e-05 -0.00040567690006474734 -6.8822260047107003e-05 0.00033187928079582072 -0.0002804520951099749 -0.00036608245058642093 -3.6770282881053656e-06 -0.00034312722276944041 0.00023713016773044298 -0.00087364343727101249 0.0035083880705420686 -0.0001213145760157088 -0.00023359792977153146 0.00021147821052390684 -0.00081752647391987497 0.00015445480195625975 -0.00049012983993672516 0.00059978806874482762 -0.00030334087771971725 -0.0001526491858657234 8.9381183941191872e-05 -0.00036631031730655918 0.00042434856036081982 -0.00021641472544761111 -0.00037566486182890528
leaf_weight=738 1327 1514 11425 1224 794 60719 1903 55 280 214 892 283 1557 98 2112 76 77 1525 123 181 345 1425 164 2906 1136 42 152 41 40 3650
leaf_count=738 1327 1514 11425 1224 794 60719 1903 55 280 214 892 283 1557 98 2112 76 77 1525 123 181 345 1425 164 2906 1136 42 152 41 40 3650
internal_value=-0.000901277 -0.00306607 -0.00359992 -0.00215972 -0.00156002 -0.000171583 -0.00290689 -0.00347319 -0.000984678 0.00147773 -0.00255294 -0.00420742 -0.0024509 -0.00318731 -0.000116826 -0.000838242 -0.00138614 -0.00164311 0.00225 -0.00139974 0.000311676 -0.00117627 -0.000372235 -2.01219e-05 -0.00147202 0.00273196 -0.00155173 -0.000325672 0.00425926 -5.97349e-05
internal_weight=97018 24458 15392 9066 3532 72560 5542 4028 3524 494 2125 11860 2393 1655 69463 5094 3030 2830 200 3097 1139 2916 1491 2982 1233 97 435 1305 81 64369
internal_count=97018 24458 15392 9066 3532 72560 5542 4028 3524 494 2125 11860 2393 1655 69463 5094 3030 2830 200 3097 1139 2916 1491 2982 1233 97 435 1305 81 64369
is_linear=0
shrinkage=0.05


Tree=146
num_leaves=31
num_cat=0
split_feature=12 8 4 3 0 4 3 8 8 1 2 2 11 2 8 12 7 1 12 11 11 11 2 12 1 13 12 11 8 12
split_gain=64.3602 3.95469 2.57161 3.58839 2.2782 1.70209 2.18492 1.89957 2.0577 1.61338 1.87765 1.54743 1.50782 1.47828 3.42882 2.50252 1.45002 1.19493 1.10139 1.79129 1.06462 1.03356 1.03245 0.927337 0.903002 0.839345 0.831149 0.76495 0.737689 0.732855
threshold=0.02549002247696816 1.0000000180025095e-35 1.0000000180025095e-35 1.0000000180025095e-35 3.5000000000000004 1.0000000180025095e-35 1.0000000180025095e-35 1.5000000000000002 2.5000000000000004 1.5000000000000002 4.5000000000000009 18.500000000000004 0.034823056712642499 21.500000000000004 1.0000000180025095e-35 2.4552279164174151 1.0000000180025095e-35 3.5000000000000004 0.18052078256183726 0.027715354007347662 0.02296748177038133 0.031903568509714618 28.500000000000004 0.18962242370120233 1.5000000000000002 0.020304697831975856 0.032781885571144261 0.012283572797342318 2.5000000000000004 0.014832145907619042
decision_type=2 2 2 2 2 2 2 2 2 2 2 2 2 2 2 2 2 2 2 2 2 2 2 2 2 2 2 2 2 2
left_child=1 2 -1 24 12 11 -7 -8 27 10 -6 -3 16 25 15 22 -2 -5 19 -16 -13 28 -15 -20 -4 -11 -18 -9 -12 -10
right_child=4 5 3 17 9 6 7 8 29 13 21 20 -14 14 18 -17 26 -19 23 -21 -22 -23 -24 -25 -26 -27 -28 -29 -30 -31
leaf_value=1.7214500566418964e-05 -0.00015611674725466299 -0.00030776084296015136 -0.00018138625841421525 1.7661012359297751e-05 -0.00073122632933855054 -0.00037953152588872234 -0.0003721572327849059 -0.00010605680400954117 -0.00033049765292085444 -0.00015642968350084802 -2.3875197697298837e-05 -0.00010498345614582918 -0.00029160645722590376 -0.0011146889197304326 0.00034926205475769396 -0.00047101949010467747 0.00024370087976715809 -0.00013810028014523901 0.00069531661971844027 -0.00040755743572345982 8.1985040286160281e-05 0.00033071506513586467 -0.00052787113661937322 -0.00015458067496892496 -0.00037050826902413036 -0.00013467220640234643 -0.00029162302821581897 5.2923261705217448e-05 0.00038722986213703456 -0.00015854381399756448
leaf_weight=850 785 1510 781 1056 1797 7582 2525 71 680 379 57 716 644 1786 51 1103 185 746 58 599 41 19236 677 8206 1900 40416 61 223 83 1932
leaf_count=850 785 1510 781 1056 1797 7582 2525 71 680 379 57 716 644 1786 51 1103 185 746 58 599 41 19236 677 8206 1900 40416 61 223 83 1932
internal_value=-0.000862452 -0.00334085 -0.00216857 -0.00264667 -0.000191336 -0.00375 -0.00397026 -0.00320475 -0.00233311 -0.000150307 0.00021891 -0.00248567 -0.00201493 -0.000297045 -0.000773238 -0.00208357 -0.000829293 -0.0009212 -0.000249048 -0.00223077 -0.000640688 0.000362303 -0.00296996 -9.31764e-05 -0.00380642 -0.000151368 0.00252032 0.00163265 0.00464286 -0.00277948
internal_weight=96736 20613 5333 4483 76123 15280 13013 5431 2906 74448 21173 2267 1675 53275 12480 3566 1031 1802 8914 650 757 19376 2463 8264 2681 40795 246 294 140 2612
internal_count=96736 20613 5333 4483 76123 15280 13013 5431 2906 74448 21173 2267 1675 53275 12480 3566 1031 1802 8914 650 757 19376 2463 8264 2681 40795 246 294 140 2612
is_linear=0
shrinkage=0.05


Tree=147
num_leaves=31
num_cat=0
split_feature=12 4 3 14 6 12 12 8 3 4 8 8 8 12 12 0 0 11 0 12 10 8 0 1 12 11 10 2 0 8
split_gain=59.8687 3.70133 5.172 2.65095 3.35709 2.51015 2.12534 2.00012 1.7485 3.30225 1.51972 1.80802 1.69552 1.42971 1.31223 1.05047 1.60349 2.12452 1.40035 1.29285 1.1984 1.08654 1.13481 1.05079 2.00205 1.06651 1.39692 1.02058 1.01959 1.01831
threshold=0.02549002247696816 1.0000000180025095e-35 1.0000000180025095e-35 0.91978011693624928 1.0000000180025095e-35 0.014832145907619042 0.015413725602349977 1.0000000180025095e-35 1.0000000180025095e-35 1.5000000000000002 1.0000000180025095e-35 1.5000000000000002 2.5000000000000004 1.4641107512188394 0.17605792936502632 13.500000000000002 16.500000000000004 1.0299904282167851 19.500000000000004 1.8790805478572115 8.3992538843091626 1.0000000180025095e-35 17.500000000000004 3.5000000000000004 1.2721947001842444 1.2281439571743611 7.2566203706691299 27.500000000000004 20.500000000000004 1.0000000180025095e-35
decision_type=2 2 2 2 2 2 2 2 2 2 2 2 2 2 2 2 2 2 2 2 2 2 2 2 2 2 2 2 2 2
left_child=1 6 -3 4 7 -4 -1 8 9 -2 -7 -12 -13 28 -6 -5 17 -17 19 20 23 22 27 24 -18 26 -26 -21 -9 -25
right_child=3 2 5 15 14 10 -8 13 -10 -11 11 12 -14 -15 -16 16 18 -19 -20 21 -22 -23 -24 29 25 -27 -28 -29 -30 -31
leaf_value=-0.00034419550665493203 0.00016734727357193606 -0.00033616660435302915 -0.00036419966034330537 0.00095618115116167959 -0.00054927289753037799 -4.8721403058440854e-05 -5.890089196922264e-05 4.5959493688452544e-05 -5.4954211000449639e-05 -0.0004321062258188567 -0.00030258498081534523 4.9104776983799155e-05 -0.00015152167363504025 -0.0061174453818103151 -0.00045777229128618084 0.00096349953157112808 -0.0020769589082582215 -0.0034209876936694308 -0.00034999946673588554 -0.0057967895921683544 0.0089275985792103534 -0.00050759278151600357 0.01107381468984151 0.0065319877960240708 0.033813043245936696 0.0074719573570760957 0.015675543096949681 0.014288186092194059 -0.00047468085330056465 0.00026646641575158039
leaf_weight=1178 1320 10238 1801 13428 666 1646 1957 13038 3182 3522 1648 276 1962 1376 1128 3097 239 7529 14107 927 85 6429 2292 65 41 486 102 140 1716 1288
leaf_count=1178 1320 10238 1801 13428 666 1646 1957 13038 3182 3522 1648 276 1962 1376 1128 3097 239 7529 14107 927 85 6429 2292 65 41 486 102 140 1716 1288
internal_value=-0.000865194 -0.0032493 -0.00353167 -0.000217381 -0.000627795 -0.00251807 -0.00166667 -0.000472801 -0.0011179 -0.00171623 -0.00199024 -0.00252959 -0.00160411 -0.000151892 -0.00271461 -5.47328e-06 -0.00014351 -0.000661586 6.65993e-05 0.000461385 0.00152645 0.000210461 0.000939266 0.00130347 0.00266129 0.00414149 0.00793706 -0.000407686 -8.13458e-06 0.000432371
internal_weight=96909 20706 17571 76203 25948 7333 3135 24154 8024 4842 5532 3886 2238 16130 1794 50255 36827 10626 26201 12094 2306 9788 3359 2221 868 629 143 1067 14754 1353
internal_count=96909 20706 17571 76203 25948 7333 3135 24154 8024 4842 5532 3886 2238 16130 1794 50255 36827 10626 26201 12094 2306 9788 3359 2221 868 629 143 1067 14754 1353
is_linear=0
shrinkage=0.05


Tree=148
num_leaves=31
num_cat=0
split_feature=12 4 3 8 0 12 8 8 6 14 1 8 4 2 2 12 8 2 2 12 2 11 1 2 1 11 13 11 2 1
split_gain=58.8304 4.06762 4.39054 2.81178 2.19156 2.13131 1.72785 1.33046 1.31861 2.69706 1.66067 1.71344 1.60253 2.86742 2.18036 1.39525 1.36645 1.36236 1.32533 1.2913 1.67183 0.988639 0.902314 1.25383 0.80392 0.791837 0.790335 0.783431 0.837022 0.949589
threshold=0.027951857891066644 1.0000000180025095e-35 1.0000000180025095e-35 1.0000000180025095e-35 3.5000000000000004 0.015799782171512018 1.5000000000000002 2.5000000000000004 1.0000000180025095e-35 1.3323664022418613 3.5000000000000004 1.0000000180025095e-35 2.5000000000000004 7.5000000000000009 3.5000000000000004 0.14155753218672448 1.0000000180025095e-35 3.5000000000000004 9.5000000000000018 0.018642403595228313 20.500000000000004 0.034823056712642499 3.5000000000000004 4.5000000000000009 1.5000000000000002 0.012283572797342318 0.089893813027290118 3.9691913626573578 24.500000000000004 5.5000000000000009
decision_type=2 2 2 2 2 2 2 2 2 2 2 2 2 2 2 2 2 2 2 2 2 2 2 2 2 2 2 2 2 2
left_child=1 5 19 22 21 -1 -5 25 10 16 15 12 -12 14 -14 -6 -10 -13 -15 -3 -21 -2 -4 -24 -7 -8 -17 28 29 -20
right_child=4 2 3 6 8 24 7 -9 9 -11 11 17 13 18 -16 26 -18 -19 27 20 -22 -23 23 -25 -26 -27 -28 -29 -30 -31
leaf_value=-0.00029451848674863702 -6.0323701520757099e-05 -0.00038459220223342023 -6.856015486240934e-06 -0.00033514694666626191 0.00029199963953404023 7.7928307723488458e-05 -0.00012115880462609699 -0.00017304048417618247 -0.0014162108733777991 5.7469388571193791e-05 0.00084391013245038921 -0.00098053770841825447 -0.00078682209629240066 -0.0024054361732735448 0.0034466906564840335 -0.00042762501420052866 -0.00034026216318228954 5.8428215615614058e-05 -0.0005717898288214614 -0.00016798134616452195 -0.00043569403513962269 -0.00030000282256187848 -0.00021033547427557918 6.5902137767700697e-05 -9.1254593592451306e-05 3.2184151787657735e-05 0.00010182311083245586 -0.0009597233351077728 -0.0012630554053564261 -0.00079898616617300939
leaf_weight=1289 572 5955 1247 2628 1801 389 75 2724 649 2959 1471 5065 2018 988 984 1527 1692 17640 1245 3108 1721 395 663 154 1557 235 33856 733 697 805
leaf_count=1289 572 5955 1247 2628 1801 389 75 2724 649 2959 1471 5065 2018 988 984 1527 1692 17640 1245 3108 1721 395 663 154 1557 235 33856 733 697 805
internal_value=-0.000868013 -0.0031582 -0.00344409 -0.0025343 -0.00020487 -0.00152241 -0.00311021 -0.0022973 -0.00017402 -0.000933963 -0.000115503 -0.000381724 -0.000968014 -0.00126506 -6.99546e-05 0.000111068 -0.00220205 -0.000150849 -0.00206804 -0.00409588 -0.0034883 -0.0025698 -0.000954459 -0.00224602 -0.000477905 0.00080645 4.19681e-05 -0.0016092 -0.00199672 -0.00148781
internal_weight=96842 21745 18510 7726 75097 3235 5662 3034 74130 5300 68830 31646 8941 7470 3002 37184 2341 22705 4468 10784 4829 967 2064 817 1946 310 35383 3480 2747 2050
internal_count=96842 21745 18510 7726 75097 3235 5662 3034 74130 5300 68830 31646 8941 7470 3002 37184 2341 22705 4468 10784 4829 967 2064 817 1946 310 35383 3480 2747 2050
is_linear=0
shrinkage=0.05


Tree=149
num_leaves=31
num_cat=0
split_feature=12 0 8 4 3 11 14 7 6 14 11 8 14 14 8 13 12 3 4 8 11 13 12 12 8 11 14 9 3 14
split_gain=57.6779 3.64153 3.34929 1.90429 2.75484 1.61355 1.60603 1.55043 1.41103 2.93388 1.61815 2.81865 1.29377 1.22226 1.24638 1.21911 1.18059 1.20107 1.46486 1.17216 0.938375 0.923661 0.874342 0.848789 0.817071 1.33501 0.933674 0.803707 0.777037 1.08359
threshold=0.023001842673130119 3.5000000000000004 1.0000000180025095e-35 1.0000000180025095e-35 1.0000000180025095e-35 0.028654021313596716 0.01827846770095903 1.0000000180025095e-35 1.0000000180025095e-35 1.294277290714531 0.03887794290427448 1.5000000000000002 0.094428933784625621 0.065571124312808565 3.5000000000000004 0.20559621943952835 0.014832145907619042 1.0000000180025095e-35 1.0000000180025095e-35 1.5000000000000002 0.012283572797342318 0.019053850212667787 0.024357166212915261 0.015413725602349977 3.5000000000000004 0.023507105303736026 0.024121603797408502 8.1364267023503221 1.0000000180025095e-35 0.047163662417578141
decision_type=2 2 2 2 2 2 2 2 2 2 2 2 2 2 2 2 2 2 2 2 2 2 2 2 2 2 2 2 2 2
left_child=2 5 3 23 -5 7 -3 -2 10 12 11 21 -10 14 -12 -14 -4 18 -18 -19 -6 -8 -13 -1 26 -26 -24 -23 29 -16
right_child=1 6 16 4 20 -7 8 -9 9 -11 13 22 15 -15 28 -17 17 19 -20 -21 -22 27 24 -25 25 -27 -28 -29 -30 -31
leaf_value=-0.00025075324162126444 -0.00013634717919093562 -0.00021698945669539101 -0.00040031967207855958 -0.00027886110187601591 -0.00017255453276027213 -0.00024073831298653979 -0.0002496617056523184 0.00015773818662480506 -0.00049794080880735149 4.9921072182618191e-05 -0.00036865171464772013 0.00027106583019230815 0.00024280958613536689 -0.00012590144586310096 -0.00017066164059707448 -0.0011369992912808968 -0.00018345153627143137 -0.00028876811622774158 -0.00030477607968971071 -0.00012027016428876755 -5.704618029667642e-06 0.00026013829687520306 -2.1273422862747433e-05 5.6770726237831842e-05 0.00030834367279844796 0.00015966911040884112 0.00024541231058544622 -0.00013392149154594252 0.00060056536662370574 0.00038924261712033545
leaf_weight=146 1362 644 4528 2098 497 1281 208 211 487 3082 1683 69 285 65893 263 1509 1297 1553 5135 1963 951 79 170 622 79 186 60 133 201 155
leaf_count=146 1362 644 4528 2098 497 1281 208 211 487 3082 1683 69 285 65893 263 1509 1297 1553 5135 1963 951 79 170 622 79 186 60 133 201 155
internal_value=-0.000849944 -0.000251154 -0.00333688 -0.00211405 -0.00260293 -0.00200421 -0.00018461 -0.000931343 -0.000163131 -0.000944435 -0.000102561 0.00191057 -0.00230382 -0.000131609 -0.00126412 -0.00168339 -0.0037013 -0.00339666 -0.00380286 -0.00265358 -0.000925416 -0.00119048 0.00421986 0.000143228 0.00348485 0.00537736 0.00130435 0.00113207 0.00065428 -0.000574164
internal_weight=96830 78040 18790 4314 3546 2854 75186 1573 74542 5363 69179 984 2281 68195 2302 1794 14476 9948 6432 3516 1448 420 564 768 495 265 230 212 619 418
internal_count=96830 78040 18790 4314 3546 2854 75186 1573 74542 5363 69179 984 2281 68195 2302 1794 14476 9948 6432 3516 1448 420 564 768 495 265 230 212 619 418
is_linear=0
shrinkage=0.05


Tree=150
num_leaves=31
num_cat=0
split_feature=12 4 3 0 12 12 8 11 7 14 8 11 8 14 6 8 0 8 12 0 11 14 9 0 8 8 4 12 8 12
split_gain=51.8335 3.61553 3.92798 3.27816 2.36431 1.94585 1.5658 1.32708 1.55357 1.28629 1.33096 1.32717 1.98871 1.33385 1.89456 1.17096 1.13552 1.11231 0.986072 0.881708 1.45509 1.02473 1.00886 0.850451 1.9171 1.88222 1.8303 1.64856 1.28916 1.87363
threshold=0.023429542018370841 1.0000000180025095e-35 1.0000000180025095e-35 3.5000000000000004 0.014832145907619042 0.015799782171512018 1.0000000180025095e-35 0.036722631643962493 1.0000000180025095e-35 0.019838158531449972 3.5000000000000004 0.030658680466252187 1.5000000000000002 0.091560473374119808 1.0000000180025095e-35 1.5000000000000002 7.5000000000000009 1.0000000180025095e-35 0.024869040299849248 20.500000000000004 2.0415457702536757 0.7030220205362262 9.0303522680558377 17.500000000000004 1.5000000000000002 1.5000000000000002 2.5000000000000004 1.9315817605357493 2.5000000000000004 0.20596900030616466
decision_type=2 2 2 2 2 2 2 2 2 2 2 2 2 2 2 2 2 2 2 2 2 2 2 2 2 2 2 2 2 2
left_child=1 5 -3 7 -4 -1 -6 8 -2 10 -5 12 -11 14 16 -8 -13 -7 -14 23 21 -21 -23 24 26 27 -15 -25 29 -26
right_child=3 2 4 9 6 17 15 -9 -10 11 -12 13 18 19 -16 -17 -18 -19 -20 20 -22 22 -24 25 28 -27 -28 -29 -30 -31
leaf_value=-0.00026182484341683276 -0.00016366660104460555 -0.00030889903428024375 -0.00031342650046269353 -0.00019949411017021977 -2.424137863347928e-05 6.5549218295762494e-05 -0.00025878895837073518 -0.00023920234623480866 7.0884185172358019e-05 -0.00016516497465239826 8.2651061112682167e-05 -7.2536911139758515e-05 0.00021707598102376836 0.00087872795678018735 -0.000461102602428865 -0.00012036407839616604 -0.00091807341415597746 -0.00012111665272060788 0.00017497088412679051 -0.00081945562956519205 -0.0088493365458092773 -2.9020661127390318e-05 -0.001066903378866897 0.010593321810947152 0.0011364368022769912 -0.0010742586630193109 -0.00091900504080005038 0.0033022972733203373 0.00011164381278122851 0.002659106374618117
leaf_weight=1312 1544 9408 1810 815 1299 592 1595 775 307 192 59 4450 41 4710 414 2037 1005 1073 274 1058 770 9416 917 490 50 5073 19848 6547 17093 1976
leaf_count=1312 1544 9408 1810 815 1299 592 1595 775 307 192 59 4450 41 4710 414 2037 1005 1073 274 1058 770 9416 917 490 50 5073 19848 6547 17093 1976
internal_value=-0.000809181 -0.00314127 -0.00343644 -0.000236047 -0.00251521 -0.00154014 -0.00194788 -0.00197258 -0.00124527 -0.000175405 -0.00208238 -0.00015298 0.00239645 -0.00017049 -0.00089368 -0.00248073 -0.000646197 -0.000405407 0.00484127 -0.000108025 -0.000493793 -0.000351595 -0.000199846 -2.39315e-05 -0.000126727 0.00034682 -0.000419009 0.000876082 0.000248704 0.00144126
internal_weight=96950 19126 16149 77824 6741 2977 4931 2626 1851 75198 874 74324 507 73817 5869 3632 5455 1665 315 67948 12161 11391 10333 55787 43677 12110 24558 7037 19119 2026
internal_count=96950 19126 16149 77824 6741 2977 4931 2626 1851 75198 874 74324 507 73817 5869 3632 5455 1665 315 67948 12161 11391 10333 55787 43677 12110 24558 7037 19119 2026
is_linear=0
shrinkage=0.05


Tree=151
num_leaves=31
num_cat=0
split_feature=12 4 3 0 8 8 12 8 3 0 14 11 8 14 12 2 11 2 8 12 10 13 9 12 11 4 0 8 3 4
split_gain=52.8549 3.78337 4.51023 2.71586 2.0692 2.09683 1.95638 1.85147 1.39821 1.05682 1.04601 1.09689 1.73009 1.4833 1.04426 1.16306 1.00521 0.959884 0.909343 0.956501 0.986175 0.875388 0.789454 1.12718 0.888211 1.32627 0.783642 1.28328 2.48201 3.69184
threshold=0.024869040299849248 1.0000000180025095e-35 1.0000000180025095e-35 3.5000000000000004 1.0000000180025095e-35 1.5000000000000002 0.015799782171512018 2.5000000000000004 1.0000000180025095e-35 3.5000000000000004 1.0683955935720295 0.03887794290427448 3.5000000000000004 0.019838158531449972 0.019061265577988297 20.500000000000004 0.020534942116858006 4.5000000000000009 1.0000000180025095e-35 0.022265249142163917 7.6447098686468502 0.01803922348718923 8.9263016328953686 0.017842891276520469 0.010980585576780994 9.5000000000000018 20.500000000000004 1.0000000180025095e-35 1.0000000180025095e-35 1.0000000180025095e-35
decision_type=2 2 2 2 2 2 2 2 2 2 2 2 2 2 2 2 2 2 2 2 2 2 2 2 2 2 2 2 2 2
left_child=1 6 14 8 17 -6 -1 9 -2 -7 11 12 21 -13 -3 -16 -14 -4 -8 -20 -21 -5 23 24 -19 -26 27 28 29 -15
right_child=3 2 4 10 5 7 18 -9 -10 -11 -12 13 16 26 15 -17 -18 22 19 20 -22 -23 -24 -25 25 -27 -28 -29 -30 -31
leaf_value=-0.0002344506559148175 -0.00020146980170079702 -0.0003290159208239505 -0.00013888258388984736 -0.0001358473648249788 -0.00029177455531178724 3.6661108610935385e-06 6.3176941315426179e-05 -0.00015787200625706088 -2.0413033573407098e-05 0.00038326616001369836 5.3749748270191139e-05 -0.00029255099227233058 0.00027783530977730335 0.00091098385304460607 -0.00015111724651994452 -0.00039948303661983538 0.00026188371890252564 -8.6184314738133735e-05 -0.00014517622837391828 0.00017009756860965759 -0.00017329020978242986 6.4469396385692236e-05 0.00028307314037830653 -6.9045046086087136e-05 2.9745933197931274e-05 0.00036702548356250811 -0.00047294238732992363 -3.5825707200584819e-05 0.00033286253750977818 -0.00067768595802829225
leaf_weight=1267 1150 6382 873 361 2518 207 660 2604 715 75 46541 176 42 1070 2390 1227 247 48 983 60 41 403 86 607 56 45 2687 16330 2603 3768
leaf_count=1267 1150 6382 873 361 2518 207 660 2604 715 75 46541 176 42 1070 2390 1227 247 48 983 60 41 403 86 607 56 45 2687 16330 2603 3768
internal_value=-0.00076916 -0.00304759 -0.00333509 -0.000166442 -0.00237323 -0.00285344 -0.00141315 -0.00193347 -0.00205094 0.00191489 -0.000119094 -0.000362446 0.00122032 -0.000425022 -0.0040199 -0.00334117 0.00451557 -0.00086006 -0.000326836 -0.00121771 0.00341584 -2.61792e-05 0.000344417 -0.000171959 0.00372483 0.00638614 -0.000394589 -0.000303102 -0.000847334 -0.00151716
internal_weight=96222 20129 17118 76093 7119 5404 3011 2886 1865 282 74228 27687 1053 26634 9999 3617 289 1715 1744 1084 101 764 842 756 149 101 26458 23771 7441 4838
internal_count=96222 20129 17118 76093 7119 5404 3011 2886 1865 282 74228 27687 1053 26634 9999 3617 289 1715 1744 1084 101 764 842 756 149 101 26458 23771 7441 4838
is_linear=0
shrinkage=0.05


Tree=152
num_leaves=31
num_cat=0
split_feature=12 5 3 0 12 2 8 3 5 11 7 2 12 12 2 11 2 8 2 12 1 12 10 2 2 1 2 1 9 12
split_gain=50.0707 3.46062 3.73466 2.53021 2.06441 1.8341 1.73716 4.16171 6.50902 1.60851 1.73426 1.47724 2.09721 1.45169 1.72047 1.21011 0.999448 2.02978 1.07238 1.39763 1.25831 1.47645 1.11123 0.970228 1.02952 0.935714 1.49999 1.00759 0.931179 0.84735
threshold=0.024869040299849248 1.0000000180025095e-35 1.0000000180025095e-35 3.5000000000000004 0.017094184078422146 18.500000000000004 1.0000000180025095e-35 1.0000000180025095e-35 1.0000000180025095e-35 0.036722631643962493 1.0000000180025095e-35 21.500000000000004 2.3181706551236823 0.018642403595228313 20.500000000000004 0.12661141321606034 4.5000000000000009 1.5000000000000002 13.500000000000002 1.9868175258210992 4.5000000000000009 0.029088779508699588 6.9233927857041184 10.500000000000002 8.5000000000000018 1.5000000000000002 3.5000000000000004 3.5000000000000004 7.2418098744684842 0.018035768771074438
decision_type=2 2 2 2 2 2 2 2 2 2 2 2 2 2 2 2 2 2 2 2 2 2 2 2 2 2 2 2 2 2
left_child=1 2 13 9 -4 29 7 8 11 10 -2 28 -13 -1 -15 -9 17 -8 19 20 21 -18 -21 24 -22 -19 27 -27 -5 -3
right_child=3 5 4 6 -6 -7 16 15 -10 -11 -12 12 -14 14 -16 -17 18 25 -20 22 23 -23 -24 -25 -26 26 -28 -29 -30 -31
leaf_value=-0.00031696865105242225 -0.00013950338438083065 -0.00025530761202378969 -0.00022599041033131889 0.0014697522368102821 -0.0001232777409039672 2.9479696494540394e-05 -0.0020717690157744067 -0.00023276190749689193 0.0017936432895707434 -0.00023989963654657881 8.4941749181965257e-05 -0.00076361625161003657 -0.0029778495003060746 -0.00012498618222744353 -0.0003755768633975798 0.0021027764747371023 0.00017641782249948297 -0.00073754923053629122 -6.6013255658140579e-05 -0.0079872725186242721 0.00058456577549208428 0.00071949773485626334 0.00013730504314400061 0.00074874999539367053 -0.00073046492150327614 0.0031977964894772185 0.0043619119520260791 -0.00030965659974079333 -0.00056945579678167174 -6.899034912092095e-05
leaf_weight=6011 1011 1479 3388 141 3827 1000 4196 1438 2977 642 277 2054 1000 2648 1322 6158 62 750 24145 799 888 9291 4239 1934 1826 1508 747 3021 7366 630
leaf_count=6011 1011 1479 3388 141 3827 1000 4196 1438 2977 642 277 2054 1000 2648 1322 6158 62 750 24145 799 888 9291 4239 1934 1826 1508 747 3021 7366 630
internal_value=-0.00074167 -0.00294878 -0.00322633 -0.000155618 -0.00235967 -0.00141364 -0.000109338 -0.000493046 -0.00101862 -0.00194301 -0.000923914 -0.0016007 -0.00252783 -0.00385282 -0.00311083 0.000443653 4.25034e-05 -0.000402075 0.000147739 0.00042833 0.000685307 0.00101946 -0.000285829 1.29076e-05 -0.000596906 0.00018586 0.000420772 7.83826e-05 -0.00122353 -0.00224988
internal_weight=96775 20305 17196 76470 7215 3109 74540 21134 13538 1930 1288 10561 3054 9981 3970 7596 53406 10222 43184 19039 14001 9353 5038 4648 2714 6026 5276 4529 7507 2109
internal_count=96775 20305 17196 76470 7215 3109 74540 21134 13538 1930 1288 10561 3054 9981 3970 7596 53406 10222 43184 19039 14001 9353 5038 4648 2714 6026 5276 4529 7507 2109
is_linear=0
shrinkage=0.05


Tree=153
num_leaves=31
num_cat=0
split_feature=12 0 4 3 12 2 8 14 11 13 2 0 8 12 8 7 8 7 8 2 8 9 12 2 0 9 2 11 10 9
split_gain=47.4547 3.8517 3.01263 3.67198 2.03431 1.80312 1.42325 1.33224 2.16556 1.43411 1.5259 1.3383 1.20206 1.17486 1.66104 1.17119 1.16296 1.07775 1.05809 1.03676 1.34593 0.949817 0.898761 0.869903 0.84462 0.906319 0.825794 1.0733 1.29189 0.931161
threshold=0.023001842673130119 3.5000000000000004 1.5000000000000002 1.0000000180025095e-35 0.014832145907619042 18.500000000000004 1.0000000180025095e-35 0.01863811319857642 0.024057643094045584 0.25471490476112818 20.500000000000004 8.5000000000000018 1.5000000000000002 0.68367058472598952 3.5000000000000004 1.0000000180025095e-35 1.0000000180025095e-35 1.0000000180025095e-35 1.5000000000000002 27.500000000000004 1.0000000180025095e-35 7.8673648664628155 0.39007067860011652 27.500000000000004 4.5000000000000009 8.1514414483709334 10.500000000000002 0.2145647552644607 7.7586136922094315 7.9792781835293516
decision_type=2 2 2 2 2 2 2 2 2 2 2 2 2 2 2 2 2 2 2 2 2 2 2 2 2 2 2 2 2 2
left_child=2 17 5 -4 -5 16 21 -3 18 10 15 13 -8 -11 -15 22 -1 -2 -9 20 -12 -6 26 24 25 -20 29 -28 -29 -10
right_child=1 7 3 4 6 -7 12 8 9 11 19 -13 -14 14 -16 -17 -18 -19 23 -21 -22 -23 -24 -25 -26 -27 27 28 -30 -31
leaf_value=-5.4335271497286032e-05 -0.00017856481841702489 -0.00017332304861692745 -0.00028121200232443202 -0.00028108338036819685 7.1560783247656036e-05 1.2984802408091474e-05 -0.00022799647447284237 3.5451860816897781e-05 0.00010865340893198451 0.002006894661742439 -0.00057831689273532669 -0.00021891357067353297 -0.00010016126345363123 -0.0024981063728661559 0.0047076990267092226 0.00075364520483310832 -0.0002392318221514588 6.8660694716614786e-06 0.00015899640150467486 -0.00021017711784113944 -0.00014750229948220343 -7.7368723042444841e-05 -0.0018791569029267411 0.00028348738595927259 -0.00011732176074950385 2.5283377763729489e-05 -1.5353912011921994e-05 0.00032831955888161274 0.0022545845137885647 -0.0002640635608299673
leaf_weight=674 2452 722 8796 1801 365 923 1543 268 1631 849 952 58593 1925 682 1515 336 1780 449 43 1435 1107 871 1145 80 41 42 1940 440 149 3459
leaf_count=674 2452 722 8796 1801 365 923 1543 268 1631 849 952 58593 1925 682 1515 336 1780 449 43 1435 1107 871 1145 80 41 42 1940 440 149 3459
internal_value=-0.000770453 -0.000230437 -0.00303512 -0.00333344 -0.00243275 -0.00168345 -0.00188563 -0.000161676 -0.000141019 -0.00016253 -0.000648723 -6.31917e-05 -0.00240485 0.000958633 0.000348201 -0.000307693 -0.00239201 -0.00201827 0.00322785 -0.00153692 -0.00225595 -0.000428804 -0.00041876 0.00592233 0.00333333 0.00617647 -0.000222471 0.000516013 0.0023854 -0.000589392
internal_weight=97008 78330 18678 15301 6505 3377 4704 75429 74707 74233 12594 61639 3468 3046 2197 9100 2454 2901 474 3494 2059 1236 8764 206 126 85 7619 2529 589 5090
internal_count=97008 78330 18678 15301 6505 3377 4704 75429 74707 74233 12594 61639 3468 3046 2197 9100 2454 2901 474 3494 2059 1236 8764 206 126 85 7619 2529 589 5090
is_linear=0
shrinkage=0.05


Tree=154
num_leaves=31
num_cat=0
split_feature=12 0 8 1 1 6 8 3 4 1 3 4 8 2 8 2 10 12 9 2 12 6 2 12 11 2 14 12 8 14
split_gain=45.5212 2.85517 2.77008 2.22111 2.24194 2.13718 1.55672 4.46368 6.7756 1.43382 1.35504 2.37893 1.90996 1.22105 1.8703 1.21377 1.18929 1.12846 1.27493 0.995526 1.10377 0.95761 0.94958 1.89076 1.28972 1.2137 1.14618 0.956467 1.58571 0.939422
threshold=0.023001842673130119 3.5000000000000004 1.0000000180025095e-35 3.5000000000000004 5.5000000000000009 1.0000000180025095e-35 1.0000000180025095e-35 1.0000000180025095e-35 1.0000000180025095e-35 2.5000000000000004 1.0000000180025095e-35 1.5000000000000002 1.5000000000000002 4.5000000000000009 1.5000000000000002 18.500000000000004 8.44047494352351 0.021302881434901031 8.1610506823211146 21.500000000000004 2.3181706551236823 1.0000000180025095e-35 13.500000000000002 1.9868175258210992 0.024057643094045584 11.500000000000002 1.2648265340737657 0.17605792936502632 3.5000000000000004 1.3679531999252081
decision_type=2 2 2 2 2 2 2 2 2 2 2 2 2 2 2 2 2 2 2 2 2 2 2 2 2 2 2 2 2 2
left_child=2 21 3 5 -5 16 7 8 -3 19 11 15 -12 14 -8 -4 17 18 -1 -10 -21 -2 23 -15 -24 -25 -27 28 -26 -28
right_child=1 6 10 4 -6 -7 13 -9 9 -11 12 -13 -14 22 -16 -17 -18 -19 -20 20 -22 -23 24 25 27 26 29 -29 -30 -31
leaf_value=0.0001024093470654535 -0.00010345264031869657 0.0017374218276695358 -0.00020533514075903866 -0.0003222678936679272 5.0509502292405809e-05 -0.00064512837984859704 -0.0014345021140992286 0.00038320125132465955 -0.00028412177143809187 -0.00062870539341891118 -0.00025810947224084725 -0.00027698622537357766 -0.00010212266562039534 0.0004216149366511251 3.1942163941537775e-05 -4.056752952039855e-05 0.0002233425468413835 -0.00011975605934824436 -6.3767084398090148e-05 -0.00070278414746500464 -0.0018882237487129181 -0.00055132982058738974 0.0001200815716108443 -0.0037403087366909976 -0.00037294523409989291 -0.010829799939827708 0.020661550437235675 -7.0375988035082694e-05 0.00016122620927708792 0.0041177339122738868
leaf_weight=651 2643 2982 1795 1760 240 266 4231 7706 3520 6169 2480 6803 2616 13995 6076 719 42 607 702 682 384 241 189 4226 1309 131 52 22400 403 693
leaf_count=651 2643 2982 1795 1760 240 266 4231 7706 3520 6169 2480 6803 2616 13995 6076 719 42 607 702 682 384 241 189 4226 1309 131 52 22400 403 693
internal_value=-0.000762205 -0.000231445 -0.00297923 -0.00186036 -0.003075 -0.000789243 -0.000172195 -0.000532343 -0.00107265 -0.00165737 -0.00331055 -0.0036691 -0.00265502 -2.83971e-05 -0.000517611 -0.00235481 -0.000229771 -0.000408164 0.000395416 -0.00098779 -0.00232646 -0.00177531 8.77909e-05 0.000351625 -0.000119544 -0.000472365 0.00122146 -0.000151793 -0.00129089 0.00197986
internal_weight=96713 78032 18681 4268 2000 2268 75148 21443 13737 10755 14413 9317 5096 53705 10307 2514 2002 1960 1353 4586 1066 2884 43398 19097 24301 5102 876 24112 1712 745
internal_count=96713 78032 18681 4268 2000 2268 75148 21443 13737 10755 14413 9317 5096 53705 10307 2514 2002 1960 1353 4586 1066 2884 43398 19097 24301 5102 876 24112 1712 745
is_linear=0
shrinkage=0.05


Tree=155
num_leaves=31
num_cat=0
split_feature=12 6 12 14 6 4 3 2 4 12 7 11 8 8 11 2 11 11 2 9 10 0 9 10 11 12 10 9 8 12
split_gain=41.0501 3.38437 3.45649 2.24083 1.68707 1.63036 2.06032 1.33161 1.26702 1.18116 1.05655 1.03717 1.019 1.0081 0.963082 0.886835 0.852528 0.811212 0.888943 0.725984 1.13162 0.692649 0.764014 0.695887 0.673594 0.672328 0.654727 1.16476 0.824832 0.802406
threshold=0.026184248440403405 1.0000000180025095e-35 0.017656385088529385 0.091560473374119808 1.0000000180025095e-35 1.0000000180025095e-35 1.0000000180025095e-35 11.500000000000002 5.5000000000000009 0.12254628433665732 1.0000000180025095e-35 0.033297531923641543 3.5000000000000004 1.0000000180025095e-35 0.020534942116858006 23.500000000000004 0.011973208040117568 4.9651627472506323 5.5000000000000009 8.8287161068027675 7.684298837048785 18.500000000000004 9.6065217089800203 7.719055778108336 0.36198681841950436 0.021602113120035484 8.0533306444494901 8.809196953578434 1.0000000180025095e-35 0.019061265577988297
decision_type=2 2 2 2 2 2 2 2 2 2 2 2 2 2 2 2 2 2 2 2 2 2 2 2 2 2 2 2 2 2
left_child=1 2 7 4 12 -4 15 8 -1 11 17 -5 19 -10 -9 25 -8 -11 -19 20 -2 22 23 -12 -23 -7 28 -28 -18 -30
right_child=3 -3 5 9 -6 6 16 14 13 10 21 -13 -14 -15 -16 -17 26 18 -20 -21 -22 24 -24 -25 -26 -27 27 -29 29 -31
leaf_value=-0.00040178564986302883 -0.00023601097780880459 -0.00065289232044767834 -1.3689862783673458e-05 -3.1174093856125247e-06 -0.00035025088814356632 -0.00014939875038771347 -0.00016575327728551512 -0.00015132603928314436 -3.2484941362061553e-05 -0.00012046057442029288 0.0039821210759679567 -0.00025193289906415761 5.713926407757053e-05 -0.0002059075144731999 -0.00036041347557252376 -0.00022904923613581703 2.1540127289587996e-05 0.028455560458781622 -0.0052003463860338757 -0.00033590362348397411 7.7507026475695688e-05 0.000944732597824078 0.032654452684736206 -0.00098172752509266006 -0.0016766644721111154 -7.800862618444562e-05 0.00012381082391173755 -1.4313654332362622e-05 7.8344871225608864e-07 -0.00016605790042559487
leaf_weight=1724 3828 1516 1271 551 470 2322 995 3764 477 62842 1457 695 899 3461 581 976 793 170 1833 780 1023 160 42 360 586 1256 110 389 387 924
leaf_count=1724 3828 1516 1271 551 470 2322 995 3764 477 62842 1457 695 899 3461 581 976 793 170 1833 780 1023 160 42 360 586 1256 110 389 387 924
internal_value=-0.000732705 -0.00269168 -0.00251415 -0.000190632 -0.00104286 -0.00182691 -0.00208661 -0.00316129 -0.00366655 -0.000103792 -7.56128e-05 -0.00162921 -0.000834611 -0.00317166 -0.00250288 -0.00279315 -0.00119233 -0.000115276 -0.00110584 -0.00108418 -0.000856526 0.000911707 0.00142819 0.00127408 -0.000375336 -0.00242873 -0.000716482 0.000911822 -0.00110266 -0.00187262
internal_weight=96642 20946 19430 75696 7000 9423 8152 10007 5662 68696 67450 1246 6530 3938 4345 4554 3598 64845 2003 5631 4851 2605 1859 1817 746 3578 2603 499 2104 1311
internal_count=96642 20946 19430 75696 7000 9423 8152 10007 5662 68696 67450 1246 6530 3938 4345 4554 3598 64845 2003 5631 4851 2605 1859 1817 746 3578 2603 499 2104 1311
is_linear=0
shrinkage=0.05


Tree=156
num_leaves=31
num_cat=0
split_feature=12 1 6 8 14 1 14 8 3 2 14 8 8 0 4 12 1 7 2 14 12 12 13 11 14 12 14 1 11 12
split_gain=42.7538 3.68852 5.89621 2.93122 2.06265 2.03571 1.67173 1.59454 1.88669 2.02438 1.26761 2.34841 1.68614 1.1636 1.0446 1.46812 1.00579 0.889911 0.8857 1.12543 1.0836 0.841934 0.882545 1.13663 1.16646 1.36758 1.56673 1.24758 1.55478 1.24032
threshold=0.026997949692522578 3.5000000000000004 1.0000000180025095e-35 1.0000000180025095e-35 0.64016356270154462 5.5000000000000009 0.11930858671163726 1.0000000180025095e-35 1.0000000180025095e-35 20.500000000000004 0.01897636194442591 2.5000000000000004 1.5000000000000002 20.500000000000004 3.5000000000000004 0.020744651813237997 1.0000000180025095e-35 1.0000000180025095e-35 12.500000000000002 0.079833095026609027 0.023001842673130119 0.94265681857819605 0.36836516127008967 0.41251442257211318 0.23707954617091323 0.34771450359961475 0.14025677994862054 2.5000000000000004 0.23767433275110014 0.25370637152879755
decision_type=2 2 2 2 2 2 2 2 2 2 2 2 2 2 2 2 2 2 2 2 2 2 2 2 2 2 2 2 2 2
left_child=1 2 3 -1 7 14 10 8 9 16 -5 12 -12 21 15 -3 -2 -8 19 20 -14 22 23 24 25 26 -9 28 -28 -29
right_child=4 5 -4 6 -6 -7 17 13 -10 -11 11 -13 18 -15 -16 -17 -18 -19 -20 -21 -22 -23 -24 -25 -26 -27 27 29 -30 -31
leaf_value=-2.7123042758798588e-05 0.00032079693149249429 -0.00026376623802683405 -0.00061537446029466883 -9.996148373099653e-05 3.3369195981308186e-05 -0.00013722766364561694 -0.00018981314151467944 -8.1648173296209148e-06 -2.2703726361111476e-05 -0.00040993615084155297 -9.0969664669190512e-05 -8.7841007802884506e-05 0.00024351259142566946 -0.00085578071465024794 -0.00036174800815490097 8.4793465172599116e-05 -0.0002750489945629813 0.00024522879953199069 7.3510333223607947e-05 6.4847415168608203e-06 0.00011950689013211715 -0.0025490301295407213 0.0009881063683500617 -0.00088640955721976068 0.0031315260653937377 -0.00227846727882076 0.00014165110537577255 0.0019415281162901922 0.0058992915014251107 -0.00042563614992221832
leaf_weight=2881 491 1049 1559 2804 55156 2717 3250 4660 2799 1391 205 906 63 788 5430 51 2973 54 201 79 45 1444 1759 2073 366 637 130 108 173 283
leaf_count=2881 491 1049 1559 2804 55156 2717 3250 4660 2799 1391 205 906 63 788 5430 51 2973 54 201 79 45 1444 1759 2073 366 637 130 108 173 283
internal_value=-0.000697489 -0.0026754 -0.00209886 -0.00167239 -0.000137644 -0.00342652 -0.0021868 -0.000571608 -0.00113927 -0.00173533 -0.0015373 -0.000363577 0.00208263 -0.000221803 -0.00390505 -0.0025 -0.00108834 -0.00303269 0.00402062 0.00649733 0.00981481 -9.58492e-05 6.42838e-05 -0.000148281 0.000183261 1.58559e-05 0.000276428 0.00249279 0.00490099 0.000626597
internal_weight=96525 21294 12047 10488 75231 9247 7607 20075 7654 4855 4303 1499 593 12421 6530 1100 3464 3304 388 187 108 11633 10189 8430 6357 5991 5354 694 303 391
internal_count=96525 21294 12047 10488 75231 9247 7607 20075 7654 4855 4303 1499 593 12421 6530 1100 3464 3304 388 187 108 11633 10189 8430 6357 5991 5354 694 303 391
is_linear=0
shrinkage=0.05


Tree=157
num_leaves=31
num_cat=0
split_feature=12 6 1 7 8 1 12 14 14 4 12 2 2 14 10 11 10 11 4 8 1 13 2 8 2 4 12 1 2 2
split_gain=38.5585 4.04651 6.10849 2.65849 3.14173 2.35647 1.62056 1.49293 1.42741 1.32308 1.35969 1.10315 1.09554 1.08454 1.2361 1.37397 0.991713 0.978892 0.898966 0.886911 0.824957 1.31793 1.23578 1.17074 3.56751 3.75777 1.77426 1.31288 1.49283 1.05803
threshold=0.029088779508699588 1.0000000180025095e-35 3.5000000000000004 1.0000000180025095e-35 1.0000000180025095e-35 5.5000000000000009 0.021008604565243089 0.11930858671163726 0.07579886385575714 3.5000000000000004 0.01598954819888251 27.500000000000004 20.500000000000004 0.01863811319857642 8.0295204167317333 0.012283572797342318 7.1455246758823021 0.10202012007791959 1.0000000180025095e-35 2.5000000000000004 1.5000000000000002 0.071665382508574363 4.5000000000000009 1.0000000180025095e-35 5.5000000000000009 2.5000000000000004 2.4306248239214576 3.5000000000000004 3.5000000000000004 7.5000000000000009
decision_type=2 2 2 2 2 2 2 2 2 2 2 2 2 2 2 2 2 2 2 2 2 2 2 2 2 2 2 2 2 2
left_child=1 2 3 4 6 9 18 13 11 10 -4 12 -2 -6 -15 -16 -5 -10 -1 -12 22 -22 -19 24 27 -26 -27 -23 -29 -28
right_child=8 -3 5 16 7 -7 -8 -9 17 -11 19 -13 -14 14 15 -17 -18 20 -20 -21 21 23 -24 -25 25 26 29 28 -30 -31
leaf_value=0.00042352608767368989 -0.00017756646175836946 -0.00058360634614138885 -0.00027239655178113857 -3.0492655623690048e-05 -0.00010596626819608273 -0.00013480622253294233 -8.0521486069436569e-05 -0.00017775674513646503 -0.00018677554426608091 -0.00034382935061193253 -7.6346625699525927e-05 0.00021259611642415077 -0.00030055028166774535 -6.1810929135556138e-05 -0.00016776971441917463 0.00010363578066941737 0.00020187100783397775 -0.0027876058595509728 2.6026505378742382e-05 0.00020301535133382954 0.00074440042935865008 0.0062125773323735596 0.00034460728917246367 -0.00012383490421497071 0.001918383096330921 -0.001530934943603823 -0.027010460184675456 -0.0014690015228223743 0.0054365866023609408 -0.00091376224896419847
leaf_weight=224 3279 1605 872 50 2705 2932 1812 3327 1553 5554 173 542 776 1275 59 306 153 1653 1048 76 390 835 18085 36125 2029 4652 304 1595 816 2104
leaf_count=224 3279 1605 872 50 2705 2932 1812 3327 1553 5554 173 542 776 1275 59 306 153 1653 1048 76 390 835 18085 36125 2029 4652 304 1595 816 2104
internal_value=-0.000719697 -0.00255086 -0.00236215 -0.00155534 -0.00166233 -0.0032825 -0.000314528 -0.00220412 -0.000176484 -0.0038015 -0.00223461 -0.00103002 -0.00131319 -0.00159379 -0.000579269 0.0019863 0.0041133 -0.000120544 0.00105346 0.0010241 -9.24372e-05 -0.000202662 0.000180362 -0.000225961 -0.000646535 -0.00115469 -0.00169972 0.000776339 0.00018457 -0.000598008
internal_weight=96909 22171 20566 10959 10756 9607 3084 7672 74738 6675 1121 4597 4055 4345 1640 365 203 70141 1272 249 68588 48850 19738 48460 12335 9089 7060 3246 2411 2408
internal_count=96909 22171 20566 10959 10756 9607 3084 7672 74738 6675 1121 4597 4055 4345 1640 365 203 70141 1272 249 68588 48850 19738 48460 12335 9089 7060 3246 2411 2408
is_linear=0
shrinkage=0.05


Tree=158
num_leaves=31
num_cat=0
split_feature=12 1 6 1 13 8 8 14 6 8 1 14 8 8 9 2 2 8 12 2 8 12 12 0 0 14 9 13 10 13
split_gain=38.3972 3.35915 5.45586 2.85814 1.59898 1.57271 1.47715 1.44846 1.3541 1.22235 1.19699 1.04884 1.79016 1.70582 0.971151 0.788617 1.31848 2.50357 1.21584 0.975438 1.51775 1.0549 1.14373 1.00323 0.955417 0.983796 0.920859 1.0874 0.882886 0.818179
threshold=0.024869040299849248 3.5000000000000004 1.0000000180025095e-35 5.5000000000000009 0.35617945172932791 1.0000000180025095e-35 1.0000000180025095e-35 0.12932958133920672 1.0000000180025095e-35 1.0000000180025095e-35 3.5000000000000004 0.01863811319857642 2.5000000000000004 1.5000000000000002 7.59356697312794 21.500000000000004 27.500000000000004 1.0000000180025095e-35 2.2966739864518382 17.500000000000004 1.5000000000000002 0.84777217278175254 3.2481109671717454 21.500000000000004 18.500000000000004 0.47177057315336812 7.9999017686286846 2.1871460770382147 6.7694745167423287 2.9314132602403169
decision_type=2 2 2 2 2 2 2 2 2 2 2 2 2 2 2 2 2 2 2 2 2 2 2 2 2 2 2 2 2 2
left_child=1 2 5 -3 8 -1 14 11 10 -10 -2 -7 13 -13 -5 19 17 18 -17 -6 21 23 28 -21 25 -22 -24 -28 -23 -19
right_child=4 3 -4 6 15 7 -8 -9 9 -11 -12 12 -14 -15 -16 16 -18 29 -20 20 24 22 26 -25 -26 -27 27 -29 -30 -31
leaf_value=-3.8954695690515138e-05 -1.8111651590627605e-05 -0.00032135708602960269 -0.00056275234905688357 0.00010988031908828712 -4.5470229058978955e-05 -8.7958178763875068e-05 -0.00016630030012376739 -0.00016891097561406976 -0.00051169782363931775 -0.00011346289501006314 -0.0001925603834077164 -6.8493893834591232e-05 -8.3239170593605194e-05 0.00010630668033908427 -9.7161130411736814e-07 -0.0007757983964227635 0.00029185783714973145 -0.00043871460539170599 -0.00371009981949011 0.011510554385129705 0.0055796523182691463 -0.0077788514569882465 0.098245293950541768 0.0012568780708773633 -0.0016852901486330873 0.00027055763291814475 0.059152203685214191 -0.018525003850911739 0.0024965418687765807 0.0034578428139868753
leaf_weight=2486 8397 6441 1413 42 38393 2631 1969 3198 505 618 7133 257 1009 341 356 1234 7105 5980 1018 247 72 139 61 330 765 1663 62 68 2313 574
leaf_count=2486 8397 6441 1413 42 38393 2631 1969 3198 505 618 7133 257 1009 341 356 1234 7105 5980 1018 247 72 139 61 330 765 1663 62 68 2313 574
internal_value=-0.000684261 -0.00262697 -0.00205779 -0.00335945 -0.000173913 -0.00164382 -0.00187368 -0.0020078 -0.000607399 -0.00228406 -0.000486157 -0.00140161 -0.000395147 0.00177257 0.000904521 -5.36464e-05 -0.000355416 -0.000764253 -0.00220249 5.5198e-05 0.000664334 0.00138199 0.000959136 0.00331889 -0.000260001 0.000389048 0.00468586 0.00230769 0.000668841 -0.000270065
internal_weight=96820 20143 11335 8808 76677 9922 2367 7436 16653 1123 15530 4238 1607 598 398 60024 15911 8806 2252 44113 5720 3220 2643 577 2500 1735 191 130 2452 6554
internal_count=96820 20143 11335 8808 76677 9922 2367 7436 16653 1123 15530 4238 1607 598 398 60024 15911 8806 2252 44113 5720 3220 2643 577 2500 1735 191 130 2452 6554
is_linear=0
shrinkage=0.05


Tree=159
num_leaves=31
num_cat=0
split_feature=12 8 14 6 6 1 4 3 8 3 4 9 1 12 7 1 2 8 14 13 2 0 12 1 2 8 14 12 12 14
split_gain=34.609 3.46502 2.85572 2.98099 1.82689 2.91848 1.76973 3.1343 1.68011 1.65707 2.45763 1.62777 1.62743 1.18992 1.17212 1.04906 1.35742 0.833016 1.04331 1.0306 1.29923 0.898213 0.890335 0.824349 0.819292 0.767272 0.753323 0.844584 0.743839 0.724873
threshold=0.023001842673130119 1.0000000180025095e-35 0.7030220205362262 1.0000000180025095e-35 1.0000000180025095e-35 3.5000000000000004 1.0000000180025095e-35 1.0000000180025095e-35 1.0000000180025095e-35 1.0000000180025095e-35 1.5000000000000002 7.1961919126441538 5.5000000000000009 0.17605792936502632 1.0000000180025095e-35 3.5000000000000004 20.500000000000004 3.5000000000000004 0.020305374991845957 0.021898487278408107 15.500000000000002 19.500000000000004 0.027951857891066644 5.5000000000000009 19.500000000000004 3.5000000000000004 0.1935711841940839 0.41821408167091356 0.036601037503785898 0.25236997910659409
decision_type=2 2 2 2 2 2 2 2 2 2 2 2 2 2 2 2 2 2 2 2 2 2 2 2 2 2 2 2 2 2
left_child=1 6 3 8 5 24 -1 15 9 10 -2 -12 14 25 -7 16 -8 18 -10 20 22 -20 -19 -9 -3 -5 -11 28 -28 -30
right_child=2 4 -4 13 -6 12 7 23 17 26 11 -13 -14 -15 -16 -17 -18 19 21 -21 -22 -23 -24 -25 -26 -27 27 -29 29 -31
leaf_value=5.9529199374174544e-05 8.2113613341689155e-05 -0.00012076940421988121 3.7104567802275903e-05 -0.0004558362231833449 -0.00055430975542968214 -0.00035212819297581713 -4.3340952684752161e-05 -2.1273981571693725e-05 -0.0001223083421319654 -0.0001337173002620213 0.00076117478370995272 -0.00023741651446713727 -0.00014902170584799078 -0.00039139390630005136 4.9780206126600397e-06 -0.00032263610824073301 -0.00049052918108272951 0.000192404402968254 -1.3640382519705808e-05 0.00010870244862302777 0.00027386685695329207 -0.00051357703882007571 -0.00011989015514481505 0.00028770261988320692 -7.5097154824397825e-05 -6.5892184876188704e-06 3.3778276606071605e-05 -0.00047204665234620218 0.0033128279003717207 0.0067957886848512526
leaf_weight=747 1415 4772 54154 719 1002 4378 826 1321 521 2363 52 3744 1840 915 153 996 275 83 9511 2287 94 985 126 116 2323 97 296 595 107 53
leaf_count=747 1415 4772 54154 719 1002 4378 826 1321 521 2363 52 3744 1840 915 153 996 275 83 9511 2287 94 985 126 116 2323 97 296 595 107 53
internal_value=-0.000641403 -0.00257054 -0.000178387 -0.000632852 -0.00294028 -0.00278702 -0.00132095 -0.00178834 -0.000477241 -0.00102319 -0.00158415 -0.0022471 -0.00356381 -0.00263143 -0.00407305 -0.00302098 -0.00195731 -0.000131184 -0.000320869 0.000675674 0.00341584 -0.000212463 0.00122009 1.04372e-05 -0.0020895 -0.00401961 -0.000166961 0.000946716 0.00256579 0.0053125
internal_weight=96866 18749 78117 23963 14468 13466 4281 3534 22232 8625 5211 3796 6371 1731 4531 2097 1101 13607 11017 2590 303 10496 209 1437 7095 816 3414 1051 456 160
internal_count=96866 18749 78117 23963 14468 13466 4281 3534 22232 8625 5211 3796 6371 1731 4531 2097 1101 13607 11017 2590 303 10496 209 1437 7095 816 3414 1051 456 160
is_linear=0
shrinkage=0.05


Tree=160
num_leaves=31
num_cat=0
split_feature=12 6 1 1 8 8 8 0 4 2 12 13 6 1 8 12 12 2 2 13 8 2 12 7 4 9 11 8 8 11
split_gain=32.5375 4.7484 5.25687 2.7923 1.97029 1.79593 3.54644 1.64073 1.04002 1.24473 1.21621 0.963091 1.18581 1.31073 1.0587 0.958043 0.939028 0.929569 0.903957 1.26344 1.0809 1.01274 0.849516 0.763957 0.95125 0.707344 0.70332 0.779481 1.52403 1.02856
threshold=0.029088779508699588 1.0000000180025095e-35 3.5000000000000004 5.5000000000000009 1.0000000180025095e-35 1.5000000000000002 2.5000000000000004 4.5000000000000009 3.5000000000000004 7.5000000000000009 0.015413725602349977 0.69769726828665923 1.0000000180025095e-35 3.5000000000000004 1.0000000180025095e-35 0.020744651813237997 1.5423343093898365 2.5000000000000004 7.5000000000000009 0.039333188216560365 3.5000000000000004 9.5000000000000018 0.024869040299849248 1.0000000180025095e-35 9.5000000000000018 9.0843957502484347 0.082026226804671212 1.0000000180025095e-35 1.5000000000000002 0.48293436127605976
decision_type=2 2 2 2 2 2 2 2 2 2 2 2 2 2 2 2 2 2 2 2 2 2 2 2 2 2 2 2 2 2
left_child=1 2 4 8 15 7 22 -6 10 -10 -4 12 13 16 -14 -1 -2 25 19 20 -19 -20 -7 24 -8 -15 -23 -28 29 -29
right_child=11 -3 3 -5 5 6 23 -9 9 -11 -12 -13 14 17 -16 -17 -18 18 21 -21 -22 26 -24 -25 -26 -27 27 28 -30 -31
leaf_value=4.8974942730023673e-05 4.1588897197150187e-05 -0.00050410284928477714 -0.00025755500024590635 -0.0001087949041383599 -0.00017722585794686133 0.00010710568975784245 -0.00012334496350589516 -9.8984418569929659e-06 -0.00023405871763236812 -0.0003184471209799779 8.9661992631239609e-06 -7.3609869875687953e-05 -0.00052591548640680997 -0.0010096532589231593 -0.00011432598727294118 -6.3830509284058031e-05 -0.0091050462905211561 5.9312857621914136e-05 -0.00099271812465943476 -1.2869084988315151e-05 0.00075996884771290787 -0.0001672976468460422 -8.2342178106527362e-05 6.9202604082804008e-05 -4.359438903505473e-05 0.00061318253513624335 -0.00039959903454227138 0.001044328160938156 -0.00036151261291286286 0.00011093737248521877
leaf_weight=1169 10146 1587 788 2913 3003 360 2211 612 2242 3380 335 53369 500 1032 831 1924 434 91 1168 1989 51 496 109 194 1389 53 1594 545 1940 627
leaf_count=1169 10146 1587 788 2913 3003 360 2211 612 2242 3380 335 53369 500 1032 831 1924 434 91 1168 1989 51 496 109 194 1389 53 1594 545 1940 627
internal_value=-0.000652645 -0.002333 -0.00213025 -0.00298095 -0.00138137 -0.00180122 -0.00110603 -0.00262102 -0.00353966 -0.00381715 -0.00215049 -0.00015401 -0.000436574 -0.000341169 -0.00188204 -0.000311996 4.25319e-05 -0.000764658 -0.000588755 0.000302674 0.00485915 -0.000886971 0.00299573 -0.00161307 -0.00177778 -0.00214286 -0.000588236 -0.000399491 6.10528e-05 0.00148464
internal_weight=97082 22216 20629 9658 10971 7878 4263 3615 6745 5622 1123 74866 21497 20166 1331 3093 10580 9586 8501 2131 142 6370 469 3794 3600 1085 5202 4706 3112 1172
internal_count=97082 22216 20629 9658 10971 7878 4263 3615 6745 5622 1123 74866 21497 20166 1331 3093 10580 9586 8501 2131 142 6370 469 3794 3600 1085 5202 4706 3112 1172
is_linear=0
shrinkage=0.05


Tree=161
num_leaves=31
num_cat=0
split_feature=12 6 1 4 12 8 1 14 6 13 8 8 4 3 9 10 2 11 2 8 14 9 2 1 14 0 11 9 0 12
split_gain=32.9193 4.71133 5.22048 2.52805 2.12247 2.00905 1.60884 1.39321 1.56346 1.18284 1.07623 0.960399 1.43534 2.23102 1.2101 0.955449 0.918699 0.895337 1.077 0.919189 0.884138 1.55702 0.87823 1.15246 0.872036 0.868027 1.28782 1.14313 0.990438 2.28606
threshold=0.029088779508699588 1.0000000180025095e-35 3.5000000000000004 2.5000000000000004 0.015029169175175128 1.0000000180025095e-35 5.5000000000000009 1.0683955935720295 1.0000000180025095e-35 0.22117591506872816 1.0000000180025095e-35 1.0000000180025095e-35 1.0000000180025095e-35 1.0000000180025095e-35 7.6006524191134508 7.7127046654262736 7.5000000000000009 0.031903568509714618 18.500000000000004 3.5000000000000004 0.01897636194442591 8.4333855801208077 2.5000000000000004 3.5000000000000004 0.065571124312808565 13.500000000000002 1.1290066874173572 9.6408392176726938 16.500000000000004 0.80777029362974762
decision_type=2 2 2 2 2 2 2 2 2 2 2 2 2 2 2 2 2 2 2 2 2 2 2 2 2 2 2 2 2 2
left_child=1 2 5 4 -4 -1 16 8 11 15 -10 12 -2 14 -14 -7 -5 18 -13 -20 -17 -22 23 -15 -23 26 -9 -28 29 -27
right_child=7 -3 3 6 -6 9 -8 25 10 -11 -12 17 13 22 -16 20 -18 -19 19 -21 21 24 -24 -25 -26 28 27 -29 -30 -31
leaf_value=-2.6684573458371054e-05 0.00052277035937889468 -0.00047452725273805941 -0.00025632430401863161 -0.00024253420342434611 2.3990197244487459e-05 -7.5453055772901499e-05 -0.00012630555441842052 -0.0012122791514944059 -0.00051965977708689061 -0.00014797859404110247 -0.00018743461984318117 5.7653067629419314e-06 0.00022827833172844544 0.00043258233075600395 -0.00038575682748389674 -6.722776485143788e-05 -0.0003044396356243807 -7.4867831335300079e-05 0.00015176643018704688 0.0003198657592399293 0.00014881807671503889 7.56248164158671e-05 0.00011737467475121719 -0.0011467978723686577 -8.2813922631781272e-05 0.0042767823310667294 0.0024370917955679524 0.021057797012090932 0.00015012994706443061 -0.002321895141436645
leaf_weight=3142 1175 1575 764 2186 850 3814 2339 2111 577 2547 1251 238 383 363 3195 826 3322 17952 77 62 63 227 2256 401 393 594 9538 71 25103 9296
leaf_count=3142 1175 1575 764 2186 850 3814 2339 2111 577 2547 1251 238 383 363 3195 826 3322 17952 77 62 63 227 2256 401 393 594 9538 71 25103 9296
internal_value=-0.000635583 -0.00233309 -0.00213037 -0.00299176 -0.00118959 -0.0013903 -0.00336243 -0.000134173 -0.000413535 -0.00181703 -0.00182713 -0.000314536 -0.000780266 -0.00106699 -0.00191168 -0.00139301 -0.00382898 -0.000117029 0.00229443 0.00579137 -0.000328033 0.00100293 -6.62264e-05 -0.00153141 0.000241934 3.2859e-05 0.000405289 0.000650951 -9.18767e-05 -0.000515674
internal_weight=96691 22048 20473 9461 1614 11012 7847 74643 27930 7870 1828 26102 7773 6598 3578 5323 5508 18329 377 139 1509 683 3020 764 620 46713 11720 9609 34993 9890
internal_count=96691 22048 20473 9461 1614 11012 7847 74643 27930 7870 1828 26102 7773 6598 3578 5323 5508 18329 377 139 1509 683 3020 764 620 46713 11720 9609 34993 9890
is_linear=0
shrinkage=0.05


Tree=162
num_leaves=31
num_cat=0
split_feature=12 6 1 1 8 13 14 8 7 6 11 0 12 12 6 0 8 12 9 1 5 2 8 11 9 0 12 12 12 14
split_gain=29.1313 5.15268 6.2552 2.88546 1.86903 1.46146 1.31713 1.36824 1.29846 1.22904 1.08151 1.04523 1.18383 1.03837 1.04613 1.01742 0.934316 1.35435 0.918879 0.917957 0.898261 1.00828 1.10883 0.892643 0.887931 0.858728 0.935061 0.843154 0.816122 0.803395
threshold=0.026997949692522578 1.0000000180025095e-35 3.5000000000000004 5.5000000000000009 1.0000000180025095e-35 0.22117591506872816 0.7030220205362262 1.0000000180025095e-35 1.0000000180025095e-35 1.0000000180025095e-35 0.022473484983686818 20.500000000000004 0.86731382346897345 0.21195280718300627 1.0000000180025095e-35 14.500000000000002 1.0000000180025095e-35 0.019271711222591036 7.5788482560776034 3.5000000000000004 1.0000000180025095e-35 7.5000000000000009 1.0000000180025095e-35 1.1290066874173572 8.9899118750170839 9.5000000000000018 0.37712232498372095 0.017273622618214992 0.40368157437839791 1.777302339336903
decision_type=2 2 2 2 2 2 2 2 2 2 2 2 2 2 2 2 2 2 2 2 2 2 2 2 2 2 2 2 2 2
left_child=1 2 4 8 10 -6 7 9 20 19 -1 12 15 14 -8 -9 17 -5 -10 23 21 22 -4 25 -14 -2 -27 -12 29 -15
right_child=6 -3 3 16 5 -7 13 11 18 -11 27 -13 24 28 -16 -17 -18 -19 -20 -21 -22 -23 -24 -25 -26 26 -28 -29 -30 -31
leaf_value=4.8893210160434276e-05 -9.9563443722138983e-05 -0.00045828135561102402 -9.8949039806294915e-05 6.6748647276303484e-05 -4.6040470515816575e-05 -0.00014442360659488093 0.00050279289669036211 1.6526206445861614e-05 0.00030189005566219292 -0.00042827111348416866 0.00014838660342937602 -0.00066516166849635717 -0.0027968910971535033 -0.00067658293238805956 -0.00097913972558739851 0.0044583262669736145 -0.00012411766030332689 -6.9302720917073462e-06 -7.4132501662167388e-05 -0.00021743975825948308 -0.00018995464916609392 -0.00030083096480741845 -0.00029885564858467137 -0.0072303393455898386 0.002643633435152096 0.0032005890801361419 0.0011059905856117206 -6.0759789564401001e-05 -3.0979099975499202e-05 0.005836669688874821
leaf_weight=1723 2834 1572 603 44 5123 2526 1171 9749 56 537 57 1034 2119 3044 88 275 2151 522 178 3379 1100 3221 1475 251 310 90 727 1113 49708 61
leaf_count=1723 2834 1572 603 44 5123 2526 1171 9749 56 537 57 1034 2119 3044 88 275 2151 522 178 3379 1100 3221 1475 251 310 90 727 1113 49708 61
internal_value=-0.000619109 -0.00224422 -0.00202644 -0.00296792 -0.00119143 -0.00160086 -0.000156349 -0.000489323 -0.00353008 -0.00101561 -0.000108885 -0.000184253 -5.74171e-05 -2.51528e-05 0.00139396 0.000182561 -0.00159551 0.000212013 0.000128204 -0.000845352 -0.00366385 -0.00393376 -0.00307507 -0.000322913 -0.00104776 -0.000124625 0.00130355 -0.00128205 -5.89829e-05 -0.000845412
internal_weight=96841 21464 19892 9350 10542 7649 75377 21305 6633 7818 2893 13487 12453 54072 1259 10024 2717 566 234 7281 6399 5299 2078 3902 2429 3651 817 1170 52813 3105
internal_count=96841 21464 19892 9350 10542 7649 75377 21305 6633 7818 2893 13487 12453 54072 1259 10024 2717 566 234 7281 6399 5299 2078 3902 2429 3651 817 1170 52813 3105
is_linear=0
shrinkage=0.05


Tree=163
num_leaves=31
num_cat=0
split_feature=12 4 3 14 2 8 12 8 8 3 2 1 9 12 8 0 12 13 11 7 12 2 1 9 13 1 0 12 2 1
split_gain=28.255 4.02408 6.33431 2.25892 2.2447 2.18111 2.07958 1.93842 1.37737 1.53892 1.89581 1.31133 1.05849 1.01002 0.812938 0.804421 0.927206 0.926746 1.07949 0.920563 0.732718 0.725583 1.14631 0.910556 0.864568 0.724556 1.20491 0.968643 0.719256 0.711916
threshold=0.026184248440403405 1.5000000000000002 1.0000000180025095e-35 0.61344849924216194 20.500000000000004 1.0000000180025095e-35 0.018851908243793732 1.5000000000000002 1.0000000180025095e-35 1.0000000180025095e-35 20.500000000000004 1.0000000180025095e-35 7.0737992226866719 0.014407615121636243 2.5000000000000004 19.500000000000004 0.86731382346897345 0.28481403250522669 0.57631438407352842 1.0000000180025095e-35 1.1774420736118369 2.5000000000000004 3.5000000000000004 7.8371387042249507 0.61323818738018654 3.5000000000000004 4.5000000000000009 0.019061265577988297 11.500000000000002 3.5000000000000004
decision_type=2 2 2 2 2 2 2 2 2 2 2 2 2 2 2 2 2 2 2 2 2 2 2 2 2 2 2 2 2 2
left_child=1 11 4 8 6 -4 28 25 9 10 20 -1 -8 -13 -9 16 17 18 -10 -20 -2 22 23 -11 -23 26 -7 -28 29 -3
right_child=3 2 5 -5 -6 7 12 14 15 21 -12 13 -14 -15 -16 -17 -18 -19 19 -21 -22 24 -24 -25 -26 -27 27 -29 -30 -31
leaf_value=0.00011080381294358807 -0.00017514508789603613 -0.000134576467470409 1.2956622660193321e-06 -2.5085419286018466e-05 -0.00031030424871963903 -0.00018071205483854885 0.00017595033809688767 5.4374120266408145e-05 -1.9427108754636209e-05 0.0019238488020545134 -0.00029861788356791435 -0.00020628199803802663 -7.3147850643575025e-05 -4.0108974244530931e-05 -7.6302899109181871e-05 -0.00067245890770268972 -0.0027588319946601964 0.00077238412030352342 -0.0025920099919615933 0.0017676977534637596 -0.012793091116841154 2.2099726304463007e-05 -0.00076032689046518431 -0.0002420165751692929 0.013730345646150444 -0.00029784019900549113 0.00012646472943605034 -7.5235252475305603e-05 -7.7951627926371665e-05 -0.00026453786091655112
leaf_weight=555 3339 1636 1877 55714 3293 1293 54 287 7081 93 1449 784 2461 2334 2595 766 1541 2208 521 49 159 2155 375 267 40 1011 121 136 476 1943
leaf_count=555 3339 1636 1877 55714 3293 1293 54 287 7081 93 1449 784 2461 2334 2595 766 1541 2208 521 49 159 2155 375 267 40 1011 121 136 476 1943
internal_value=-0.000625331 -0.00225499 -0.00257609 -0.000176685 -0.00340312 -0.00146175 -0.0028691 -0.00196858 -0.000631893 -0.00114701 -0.00168486 -0.000752792 -0.00173956 -0.00115138 -0.00107911 -0.000298374 -0.000192984 -1.47086e-05 -0.000275129 -0.00236842 -0.00105489 -0.000238909 -0.00159864 0.000416665 0.0002164 -0.00296954 -0.00229032 0.000836575 -0.00356967 -0.00381252
internal_weight=96613 20856 17183 75757 9863 7320 6570 5443 20043 7877 4947 3673 2515 3118 2882 12166 11400 9859 7651 570 3498 2930 735 360 2195 2561 1550 257 4055 3579
internal_count=96613 20856 17183 75757 9863 7320 6570 5443 20043 7877 4947 3673 2515 3118 2882 12166 11400 9859 7651 570 3498 2930 735 360 2195 2561 1550 257 4055 3579
is_linear=0
shrinkage=0.05


Tree=164
num_leaves=31
num_cat=0
split_feature=11 6 1 1 14 2 14 4 2 4 1 2 4 2 11 9 10 11 1 2 6 14 9 9 13 9 11 11 8 11
split_gain=26.4541 5.01279 4.95052 3.50797 1.61863 1.29106 1.16252 1.00525 1.15424 0.958783 1.10782 1.01338 0.901078 1.65957 0.893299 1.26991 1.85102 0.796397 0.754184 1.07963 0.90702 1.24069 0.870454 0.757565 0.733061 0.729023 0.863509 1.25532 0.811841 0.794547
threshold=0.07376980285404254 1.0000000180025095e-35 3.5000000000000004 5.5000000000000009 0.26983293981221812 3.5000000000000004 0.065571124312808565 2.5000000000000004 9.5000000000000018 1.0000000180025095e-35 1.5000000000000002 27.500000000000004 3.5000000000000004 7.5000000000000009 0.019209702183648973 8.1081937049219608 7.2861132186612787 0.045459919902383739 1.5000000000000002 4.5000000000000009 1.0000000180025095e-35 1.3234149717375743 8.4262399020865946 7.5788482560776034 0.019618491168703494 8.5633647252712795 0.011973208040117568 0.045459919902383739 1.5000000000000002 0.016121106078620551
decision_type=2 2 2 2 2 2 2 2 2 2 2 2 2 2 2 2 2 2 2 2 2 2 2 2 2 2 2 2 2 2
left_child=1 2 4 12 5 24 -2 -5 -9 10 -7 -11 -4 14 -14 16 -16 -3 19 22 -20 -22 -8 -23 -1 -13 -27 28 -28 -30
right_child=6 17 3 7 -6 9 18 8 -10 11 -12 25 13 -15 15 -17 -18 -19 20 -21 21 23 -24 -25 -26 26 27 -29 29 -31
leaf_value=-5.0307958192376543e-05 -0.0003134400196123069 -0.00040453571117100287 -0.00017633282123027898 2.8922845860898297e-05 -0.00010422062605583866 0.000116392436325696 -0.0030680550470841197 -4.0238704854323403e-05 -0.00011508858879774268 -6.586730361998046e-05 -6.6445703662191847e-05 -3.5973997336482947e-05 -0.00021426070554090069 -0.00025773930079720701 -9.3870909885268835e-06 -0.00032909033225197028 0.00083692188946547926 -0.0001164135047741076 -0.000155367033414974 0.000331411409000212 -0.00080553899429305692 0.0063219875362709168 0.0012557172648422709 -0.00040208899071583044 9.1108925470411903e-05 -6.0020355161203417e-05 8.1172628276686063e-05 -0.00073154782065731113 0.00036479646677152331 0.00017945732739408954
leaf_weight=358 1696 1552 1227 569 3185 412 1246 1104 1684 4620 859 1935 2090 3383 111 174 40 161 46874 18526 1389 160 453 1840 493 226 103 68 44 68
leaf_count=358 1696 1552 1227 569 3185 412 1246 1104 1684 4620 859 1935 2090 3383 111 174 40 161 46874 18526 1389 160 453 1840 493 226 103 68 44 68
internal_value=-0.00059131 -0.00201218 -0.00181581 -0.00262088 -0.00114017 -0.000803398 -0.000109721 -0.00129133 -0.00168221 -0.000992803 0.000271439 -0.00122027 -0.00325623 -0.00351673 -0.00251553 -7.69243e-05 0.00327814 -0.00462055 -7.85961e-05 0.000179232 -0.000182342 -0.000972264 -0.00102708 -0.000175001 0.0010517 -0.000396892 0.00128684 0.00312721 0.005 0.00794643
internal_weight=96650 24466 22753 10382 12371 9186 72184 3357 2788 8335 1271 7064 7025 5798 2415 325 151 1713 70488 20225 50263 3389 1699 2000 851 2444 509 283 215 112
internal_count=96650 24466 22753 10382 12371 9186 72184 3357 2788 8335 1271 7064 7025 5798 2415 325 151 1713 70488 20225 50263 3389 1699 2000 851 2444 509 283 215 112
is_linear=0
shrinkage=0.05


Tree=165
num_leaves=31
num_cat=0
split_feature=12 6 12 4 3 6 12 4 2 14 14 8 12 7 11 0 8 9 2 11 14 14 10 8 8 12 10 7 0 0
split_gain=24.8833 4.81246 3.16471 2.3682 2.83988 1.30755 2.04609 0.979654 1.0603 1.05545 0.97225 1.26137 1.01291 1.04452 0.944617 1.63162 0.929196 1.27368 0.894718 0.825116 1.9757 1.05974 0.764679 0.826846 1.03882 0.776471 0.75768 0.754193 0.688271 0.930847
threshold=0.024869040299849248 1.0000000180025095e-35 0.014832145907619042 1.5000000000000002 1.0000000180025095e-35 1.0000000180025095e-35 0.17605792936502632 1.5000000000000002 18.500000000000004 0.017666624502112847 0.1935711841940839 3.5000000000000004 0.39007067860011652 1.0000000180025095e-35 0.031903568509714618 3.5000000000000004 1.0000000180025095e-35 8.1514414483709334 27.500000000000004 0.90344834611076996 1.4419369525273356 1.303461280669326 8.9497017820357705 1.0000000180025095e-35 1.5000000000000002 0.021008604565243089 7.1958903639250469 1.0000000180025095e-35 4.5000000000000009 7.5000000000000009
decision_type=2 2 2 2 2 2 2 2 2 2 2 2 2 2 2 2 2 2 2 2 2 2 2 2 2 2 2 2 2 2
left_child=1 2 7 -4 27 10 -7 8 -1 -10 11 12 13 28 15 -13 -8 19 -9 20 26 -21 23 25 -25 -6 -18 -5 -2 -30
right_child=5 -3 3 4 22 6 16 18 9 -11 -12 14 -14 -15 -16 -17 17 -19 -20 21 -22 -23 -24 24 -26 -27 -28 -29 29 -31
leaf_value=-0.00016572867581479147 -8.923966587399924e-05 -0.00039616840853000737 -9.3891147621836439e-06 -0.00012545328851141916 3.7574121270178662e-05 -0.0002958873133612329 -0.0013139980524101364 -0.00021904498386907993 0.00056944913709327052 -9.5062277368837512e-05 -2.3215426108082359e-05 -0.00022662330273170718 -0.0035602331704779966 9.9921303327026495e-05 1.6300862642843151e-05 0.00021708348774724537 7.1109355495413685e-06 -0.00044016900577330503 -6.5590071055752089e-05 -0.0026703747281217592 0.0051041263942846081 0.0018993838468011311 0.00015958306821058514 -0.00014281759225961553 -3.6983111911357495e-05 -9.9004602568176822e-05 0.001066772710726717 0.00015428101595275716 -4.8303859290510472e-05 -0.00053900148706757724
leaf_weight=891 1065 1392 2553 6065 852 716 1231 3368 44 120 59384 51 418 615 734 190 239 2127 369 279 66 746 42 1667 2128 694 74 106 6217 2409
leaf_count=891 1065 1392 2553 6065 852 716 1231 3368 44 120 59384 51 418 615 734 190 239 2127 369 279 66 746 42 1667 2128 694 74 106 6217 2409
internal_value=-0.000570046 -0.00212681 -0.00191783 -0.00154073 -0.00184525 -0.000157457 -0.00090179 -0.00302796 -0.00168247 0.00201219 -0.000100095 -0.000516712 -0.000673257 -0.000575394 0.00120513 0.00392116 -0.000527091 -0.0001147 -0.00340781 0.00105413 0.00304749 0.000317072 -0.00100595 -0.00105879 -0.00145586 -8.40892e-05 0.00138978 -0.00257738 -0.000702199 -0.00055414
internal_weight=96852 20291 18899 14107 11554 76561 5478 4792 1055 164 71083 11699 10724 10306 975 241 4762 3531 3737 1404 379 1025 5383 5341 3795 1546 313 6171 9691 8626
internal_count=96852 20291 18899 14107 11554 76561 5478 4792 1055 164 71083 11699 10724 10306 975 241 4762 3531 3737 1404 379 1025 5383 5341 3795 1546 313 6171 9691 8626
is_linear=0
shrinkage=0.05


Tree=166
num_leaves=31
num_cat=0
split_feature=0 6 1 1 14 6 1 1 7 9 11 8 8 8 8 11 3 4 2 11 8 14 8 13 1 2 10 7 11 10
split_gain=22.1186 4.31797 3.96646 3.17099 2.42843 2.26551 3.43112 1.61297 1.03969 1.18212 1.02668 0.922055 2.19535 2.13656 0.909688 0.854582 0.801557 0.789294 1.36064 0.94723 0.886579 0.834295 1.35607 1.09858 0.767044 1.07264 0.78121 0.755706 1.04917 0.750612
threshold=4.5000000000000009 1.0000000180025095e-35 3.5000000000000004 5.5000000000000009 0.07579886385575714 1.0000000180025095e-35 3.5000000000000004 5.5000000000000009 1.0000000180025095e-35 7.5788482560776034 0.050315912941337006 1.5000000000000002 2.5000000000000004 1.0000000180025095e-35 1.0000000180025095e-35 0.02296748177038133 1.0000000180025095e-35 3.5000000000000004 7.5000000000000009 0.01808688749298536 1.0000000180025095e-35 0.086295104002923687 3.5000000000000004 0.01803922348718923 1.5000000000000002 4.5000000000000009 7.4528553901753378 1.0000000180025095e-35 0.026871497003358596 8.3992538843091626
decision_type=2 2 2 2 2 2 2 2 2 2 2 2 2 2 2 2 2 2 2 2 2 2 2 2 2 2 2 2 2 2
left_child=1 2 11 8 5 6 -2 -8 17 -10 -3 13 -13 15 -5 29 27 19 21 20 -4 22 -19 -24 25 26 -6 -14 -29 -1
right_child=4 10 3 14 24 -7 7 -9 9 -11 -12 12 16 -15 -16 -17 -18 18 -20 -21 -22 -23 23 -25 -26 -27 -28 28 -30 -31
leaf_value=-8.6863760920504616e-06 2.5981539882924974e-05 -0.00037543177791887858 -4.2572161346635105e-06 6.6257271296429264e-06 -0.0035292444477257991 -0.00033322776145285375 -0.00024552871770183699 -2.3687582465537853e-05 0.00020936257897207907 -5.9366092121148153e-05 4.7053964306822447e-05 8.4833085618445797e-05 -0.00010779689309117016 -0.00013259661414954032 -0.00011049193074069478 -6.744935781213101e-05 -2.5772280989585458e-06 -0.00016480720719509335 -0.00026337677471603113 0.00018546424238213729 -0.0002808319806276411 -0.00029110179130745868 -0.00010064657006408095 0.00025293397352645671 -0.00025999151818342661 0.00034184198212845567 -0.00010784719235848392 0.00054537480118122146 -5.305090501680467e-05 0.00021748498310220039
leaf_weight=1678 3276 1383 251 816 820 437 2411 961 51 164 74 404 1888 3019 2092 1132 1608 809 2787 62 618 896 49 61 49667 18389 889 72 157 49
leaf_count=1678 3276 1383 251 816 820 437 2411 961 51 164 74 404 1888 3019 2092 1132 1608 809 2787 62 618 896 49 61 49667 18389 889 72 157 49
internal_value=-0.000559453 -0.00203529 -0.00183063 -0.00261437 -0.000173066 -0.00105505 -0.000825813 -0.00194543 -0.00329506 0.000116278 -0.00465683 -0.00115269 -0.000580045 -0.00155495 -0.00126891 -0.000575377 -0.000959733 -0.00342762 -0.00369622 -0.00209989 -0.00252589 -0.00263086 -0.00157236 0.00363636 -8.34958e-05 0.000177131 -0.00102107 -0.00159896 0.00111354 0.000124492
internal_weight=96970 20120 18663 8656 76850 7085 6648 3372 5748 215 1457 10007 4129 5878 2908 2859 3725 5533 4602 931 869 1815 919 110 69765 20098 1709 2117 229 1727
internal_count=96970 20120 18663 8656 76850 7085 6648 3372 5748 215 1457 10007 4129 5878 2908 2859 3725 5533 4602 931 869 1815 919 110 69765 20098 1709 2117 229 1727
is_linear=0
shrinkage=0.05


Tree=167
num_leaves=31
num_cat=0
split_feature=12 6 1 1 8 14 12 7 8 3 2 0 4 2 7 8 6 9 12 12 10 2 9 10 10 11 12 14 2 2
split_gain=23.1666 5.0583 5.36913 2.92379 2.41048 1.73807 1.61306 1.32435 1.20589 1.65353 1.94436 1.16442 1.1238 1.11104 1.02609 0.991573 0.923456 0.984469 0.854964 0.83374 0.836668 0.818821 0.788028 2.11081 1.0695 0.964227 0.769847 0.833364 0.767254 0.863288
threshold=0.024869040299849248 1.0000000180025095e-35 3.5000000000000004 5.5000000000000009 1.0000000180025095e-35 0.7030220205362262 0.23801269327374347 1.0000000180025095e-35 1.0000000180025095e-35 1.0000000180025095e-35 20.500000000000004 4.5000000000000009 3.5000000000000004 7.5000000000000009 1.0000000180025095e-35 2.5000000000000004 1.0000000180025095e-35 9.5770560891483836 0.015029169175175128 0.023001842673130119 7.6997150146093967 11.500000000000002 8.1081937049219608 7.4204104677597646 7.4528553901753378 0.20737836948696584 1.2094716214639416 0.61344849924216194 3.5000000000000004 7.5000000000000009
decision_type=2 2 2 2 2 2 2 2 2 2 2 2 2 2 2 2 2 2 2 2 2 2 2 2 2 2 2 2 2 2
left_child=1 2 11 7 19 8 16 12 9 10 21 14 18 -14 28 -13 17 -7 -4 20 -5 -2 24 -24 25 -8 27 -23 -1 -30
right_child=5 -3 3 4 -6 6 22 -9 -10 -11 -12 15 13 -15 -16 -17 -18 -19 -20 -21 -22 26 23 -25 -26 -27 -28 -29 29 -31
leaf_value=9.8033373098591425e-06 -0.00021534644337881239 -0.0003655077795631406 -0.00017492224482753421 7.3266059097718323e-05 -0.00011544747036365474 0.00053538442625961948 -0.0023352126009372385 3.2783967722138969e-05 -6.1102248074980316e-05 -2.518592521960163e-05 -0.00025244583935858417 5.0652068869514979e-05 -0.00019148186470522297 -0.00023973329926203454 0.00053763343642459951 -4.7453486691895262e-05 -0.00069224331275733353 -0.00083805036246593217 5.6661144753977852e-06 -6.8606139112527718e-05 0.0002929511757585349 -2.1288522164018001e-05 -0.0035564271980218758 -0.00014787276936930075 0.019923017258474531 0.0003782888542683665 -0.015981257645870901 0.011005436323142881 -0.00010419165559210483 -5.4957554795742864e-05
leaf_weight=824 2087 1418 736 159 2019 1764 286 187 14016 3138 1574 1000 2112 3183 44 416 140 53 353 163 73 1578 2504 27634 83 21607 95 41 2403 5227
leaf_count=824 2087 1418 736 159 2019 1764 286 187 14016 3138 1574 1000 2112 3183 44 416 140 53 353 163 73 1578 2504 27634 83 21607 95 41 2403 5227
internal_value=-0.000548254 -0.00204927 -0.00183317 -0.00271842 -0.00123032 -0.000150132 3.60518e-06 -0.00326511 -0.00051911 -0.000988489 -0.00152093 -0.00103087 -0.00338659 -0.00368744 -0.00125206 0.000296609 0.00141288 0.00171436 -0.00192378 0.00234177 0.00426724 -0.000908973 -4.93162e-05 -0.000215344 0.000178375 0.000156898 -9.91844e-05 0.000157503 -0.0012917 -0.00144823
internal_weight=96917 20317 18899 8985 2414 76600 54071 6571 22529 8513 5375 9914 6384 5295 8498 1416 1957 1817 1089 395 232 3801 52114 30138 21976 21893 1714 1619 8454 7630
internal_count=96917 20317 18899 8985 2414 76600 54071 6571 22529 8513 5375 9914 6384 5295 8498 1416 1957 1817 1089 395 232 3801 52114 30138 21976 21893 1714 1619 8454 7630
is_linear=0
shrinkage=0.05


Tree=168
num_leaves=31
num_cat=0
split_feature=12 6 1 4 2 2 10 10 12 1 6 12 10 13 9 14 14 9 10 10 9 11 11 11 7 12 11 1 2 12
split_gain=22.8173 5.2961 5.64667 2.03877 2.11217 1.26503 1.16028 1.75396 1.13501 1.59648 1.12234 2.37514 0.921751 0.921466 0.936471 0.825376 0.757629 0.741325 0.818221 0.741146 1.11541 0.803805 1.07296 0.973936 0.761039 0.72709 0.678357 0.648344 1.62566 0.800046
threshold=0.02549002247696816 1.0000000180025095e-35 3.5000000000000004 3.5000000000000004 7.5000000000000009 3.5000000000000004 8.0533306444494901 8.1378828479380712 0.015413725602349977 5.5000000000000009 1.0000000180025095e-35 0.17605792936502632 6.426167514574435 0.084600253606774936 8.5066250412077888 0.10728911571493753 0.016537912614722906 8.1429929483392787 7.1598182381200806 6.713588385752419 7.4725874097713918 2.7050664919739842 1.9217326278759874 1.9929367320107787 1.0000000180025095e-35 4.1612021925986946 0.021935539619587444 3.5000000000000004 2.5000000000000004 0.52066231261145879
decision_type=2 2 2 2 2 2 2 2 2 2 2 2 2 2 2 2 2 2 2 2 2 2 2 2 2 2 2 2 2 2
left_child=1 2 6 12 5 -5 13 -8 -7 -10 19 -12 -4 14 16 26 -1 18 -13 21 -21 22 -2 -24 27 -19 -14 -22 29 -29
right_child=10 -3 3 4 -6 8 7 -9 9 -11 11 17 15 -15 -16 -17 -18 25 -20 20 24 -23 23 -25 -26 -27 -28 28 -30 -31
leaf_value=-7.0488939963967115e-05 -0.00032583551612964896 -0.00033980592360562914 0.00014713480616208426 -0.00019304931486242152 -0.00021193194183154762 -0.00014142807316098495 8.6074764201711219e-05 -4.1508021070554043e-05 0.00013061704777703862 -2.4180151236279683e-05 -0.00027950709916632952 -0.00019733066744908375 -6.4910773771094575e-05 -8.6935477503244255e-05 -0.00014101061531619929 -0.00017668245762619955 1.2623871079046506e-06 -0.00061782692990653082 0.0013172512525432892 0.0013359809971838785 3.6253514631748078e-05 -0.0079642831003143896 0.018208569448387491 0.0027911746673324098 0.00034833692972636196 0.011703023235797628 2.6806745745935023e-05 -0.00060635926159541276 -7.473014856020568e-05 -0.0030007784003978463
leaf_weight=1610 3732 1440 79 1910 3643 550 344 1209 81 436 693 1286 1102 4130 371 974 2492 2971 466 944 33342 823 77 653 2501 64 254 882 25672 2236
leaf_count=1610 3732 1440 79 1910 3643 550 344 1209 81 436 693 1286 1102 4130 371 974 2492 2971 466 944 33342 823 77 653 2501 64 254 882 25672 2236
internal_value=-0.000530439 -0.00200606 -0.00178655 -0.00269631 -0.00314955 -0.00216157 -0.000977748 0.000280102 -0.000782569 0.000899419 -0.000131777 -0.000821169 -0.00145081 -0.00120481 -0.00070758 -0.0016309 -0.000490006 -0.000425111 0.000393834 -7.84636e-05 -3.25583e-05 -0.000648062 -0.000383237 0.00136986 -5.74796e-05 -0.00089786 -0.000833335 -9.19023e-05 -0.000265718 -0.00134381
internal_weight=96967 20625 19185 9029 6620 2977 10156 1553 1067 517 76342 5480 2409 8603 4473 2330 4102 4787 1752 70862 65577 5285 4462 730 64633 3035 1356 62132 28790 3118
internal_count=96967 20625 19185 9029 6620 2977 10156 1553 1067 517 76342 5480 2409 8603 4473 2330 4102 4787 1752 70862 65577 5285 4462 730 64633 3035 1356 62132 28790 3118
is_linear=0
shrinkage=0.05


Tree=169
num_leaves=31
num_cat=0
split_feature=12 6 1 1 0 8 12 8 8 12 8 11 8 3 4 9 11 8 8 0 14 12 14 9 0 0 12 14 0 12
split_gain=20.4892 5.47937 5.4201 2.45926 1.35117 1.28096 1.18731 4.12045 1.10059 1.23185 0.962069 1.14444 0.952745 3.41974 4.65566 1.21368 1.15659 0.91539 3.71639 2.036 1.13584 1.0112 0.884666 0.884777 0.835391 1.07901 2.23966 0.796515 0.793988 1.56227
threshold=0.024869040299849248 1.0000000180025095e-35 3.5000000000000004 5.5000000000000009 3.5000000000000004 1.0000000180025095e-35 0.01997300820677354 3.5000000000000004 1.0000000180025095e-35 0.021302881434901031 1.0000000180025095e-35 0.014641762360306397 1.0000000180025095e-35 1.0000000180025095e-35 1.0000000180025095e-35 7.5307873048590457 4.7289472569738589 1.5000000000000002 2.5000000000000004 4.5000000000000009 0.079833095026609027 0.019485612502206737 0.065571124312808565 9.1737000314842359 12.500000000000002 14.500000000000002 1.8967190785398451 0.015435897532715202 9.5000000000000018 0.15414498897030426
decision_type=2 2 2 2 2 2 2 2 2 2 2 2 2 2 2 2 2 2 2 2 2 2 2 2 2 2 2 2 2 2
left_child=1 2 8 6 -2 -5 10 -8 9 27 11 -4 13 14 22 -16 28 19 20 -10 21 -19 -6 -24 -17 26 -26 -1 29 -15
right_child=4 -3 3 5 12 -7 7 -9 17 -11 -12 -13 -14 16 15 24 -18 18 -20 -21 -22 -23 23 -25 25 -27 -28 -29 -30 -31
leaf_value=0.00025756698685635475 -7.4388865952364292e-05 -0.00032453437797505704 -4.1673160924659116e-05 3.2530751789644239e-05 -0.00055726087036295007 -9.7011970788429336e-05 -0.00012843577428587531 0.00030107965731156878 -0.00011857294934464473 -7.030521202081521e-05 -0.00022831284880619335 -0.00018081605224950267 -1.3119966453395068e-06 0.00017198178188251593 0.00027970929389480807 -0.00033225972412659647 0.030310583445416969 0.00012104329960123263 -5.8827649302613254e-05 2.4332291004761256e-05 9.7988130949809069e-06 0.00015093639817537582 0.0018087933452987138 0.036719508398997104 0.015149623718724787 -0.0017823436911373397 -0.00081065202285122637 5.2848725590643239e-05 0.0020047087296165798 -0.00098910436427300128
leaf_weight=66 1920 1423 581 392 249 1999 714 47 3019 1092 4299 870 53356 965 744 4012 154 55 3518 560 121 169 2702 41 78 4727 987 1308 5574 883
leaf_count=66 1920 1423 581 392 249 1999 714 47 3019 1092 4299 870 53356 965 744 4012 154 55 3518 560 121 169 2702 41 78 4727 987 1308 5574 883
internal_value=-0.000523416 -0.00193817 -0.00171186 -0.00260728 -0.000148708 -0.00123589 -0.00311089 -0.00125493 -0.000907349 8.10911e-06 -0.00335652 -0.00224328 -0.000114944 -0.000399225 -0.000875186 -0.00136898 0.000451424 -0.0012107 -0.000676936 -0.00178681 0.00427536 0.00638393 0.000865641 0.00112468 -0.00151673 -0.0011326 0.000305163 0.00100437 0.000362435 -0.000535715
internal_weight=96625 20233 18810 8902 76392 2391 6511 761 9908 2466 5750 1451 74472 21116 13540 10548 7576 7442 3863 3579 345 224 2992 2743 9804 5792 1065 1374 7422 1848
internal_count=96625 20233 18810 8902 76392 2391 6511 761 9908 2466 5750 1451 74472 21116 13540 10548 7576 7442 3863 3579 345 224 2992 2743 9804 5792 1065 1374 7422 1848
is_linear=0
shrinkage=0.05


Tree=170
num_leaves=31
num_cat=0
split_feature=12 6 1 12 4 0 0 8 11 2 8 8 8 12 1 8 8 3 4 11 2 2 12 13 8 12 9 0 11 11
split_gain=19.8658 5.60462 4.38336 2.76009 1.51903 1.50135 1.22631 1.005 0.993692 1.46818 0.991951 1.38359 0.891928 0.88759 0.887209 0.859734 0.851178 3.73571 4.3831 0.980729 0.901234 0.954492 1.19651 1.14823 0.997563 1.09831 1.27109 1.01242 1.12973 1.0702
threshold=0.024869040299849248 1.0000000180025095e-35 3.5000000000000004 0.015029169175175128 2.5000000000000004 3.5000000000000004 4.5000000000000009 1.0000000180025095e-35 0.012560480316256695 28.500000000000004 1.5000000000000002 2.5000000000000004 2.5000000000000004 0.018440340657382558 5.5000000000000009 1.0000000180025095e-35 1.0000000180025095e-35 1.0000000180025095e-35 1.0000000180025095e-35 4.7289472569738589 4.5000000000000009 14.500000000000002 1.9868175258210992 0.8763749999003746 1.5000000000000002 1.9315817605357493 8.049626465811679 17.500000000000004 0.48293436127605976 0.7609916245258197
decision_type=2 2 2 2 2 2 2 2 2 2 2 2 2 2 2 2 2 2 2 2 2 2 2 2 2 2 2 2 2 2
left_child=1 2 6 14 -5 -2 7 13 9 -8 -9 -12 -10 -1 15 -4 17 18 -7 -19 -18 22 24 -24 27 -26 -27 -22 -29 -30
right_child=5 -3 3 4 -6 16 8 10 12 -11 11 -13 -14 -15 -16 -17 20 19 -20 -21 21 -23 23 -25 25 26 -28 28 29 -31
leaf_value=9.0877728802219208e-05 -7.304368281209289e-05 -0.00031108786377069173 -0.00011908764719664641 8.6529828638289304e-06 -0.00011187851768248798 0.0016012083983464088 0.00020880447750619131 -0.00011273346060912424 2.1879695345074954e-05 -2.9854671178588011e-05 5.7254396417239601e-05 -6.8895284242729028e-05 -9.1107790417593079e-05 -4.4632998160072428e-05 -7.8192121173277168e-05 -0.00023667204318566227 -0.00036833950220605417 0.00040894299407718811 -0.00042949196286335692 0.035743867244148547 0.00069631720462399115 -8.3120780068711561e-05 -0.013771770228025932 -0.00063709897527371845 6.3734992546278412e-05 0.017889423628023336 -0.00096084503573236292 0.0078192762249791672 -0.00089451600645530692 0.0041670464866386328
leaf_weight=390 1913 1420 416 790 4650 2990 142 3002 840 113 327 3093 329 1717 173 2890 10211 7436 10572 153 5045 22982 281 5129 8260 96 86 71 286 1053
leaf_count=390 1913 1420 416 790 4650 2990 142 3002 840 113 327 3093 329 1717 173 2890 10211 7436 10572 153 5045 22982 281 5129 8260 96 86 71 286 1053
internal_value=-0.000509314 -0.00190026 -0.00167232 -0.0024773 -0.0017739 -0.000140668 -0.000950971 -0.00117775 0.000407302 0.00323529 -0.00148863 -0.000906434 -0.000209582 -0.000230186 -0.00357718 -0.00375983 -0.000105224 -0.000373742 -0.000870817 0.000514559 9.33387e-07 0.000100602 0.000350371 -0.000286508 0.00058166 0.000223879 0.00406593 0.00104957 0.00223404 0.00190814
internal_weight=96856 20292 18872 8919 5440 76564 9953 8529 1424 255 6422 3420 1169 2107 3479 3306 74651 21151 13562 7589 53500 43289 20307 5410 14897 8442 182 6455 1410 1339
internal_count=96856 20292 18872 8919 5440 76564 9953 8529 1424 255 6422 3420 1169 2107 3479 3306 74651 21151 13562 7589 53500 43289 20307 5410 14897 8442 182 6455 1410 1339
is_linear=0
shrinkage=0.05


Tree=171
num_leaves=31
num_cat=0
split_feature=12 6 1 1 7 8 14 8 6 4 2 2 2 12 12 12 0 13 11 8 13 4 12 11 14 8 9 12 14 9
split_gain=18.0585 5.62002 4.28609 2.23389 1.42027 1.39154 1.16517 1.54327 1.69408 1.09359 1.2332 1.02395 1.32562 1.00337 0.909498 1.05891 2.83458 1.45282 1.01181 0.897121 0.868721 0.772487 1.06646 0.771075 0.769849 0.751031 0.743656 0.732153 0.73052 0.957177
threshold=0.024869040299849248 1.0000000180025095e-35 3.5000000000000004 5.5000000000000009 1.0000000180025095e-35 1.0000000180025095e-35 0.11125199692356876 3.5000000000000004 1.0000000180025095e-35 3.5000000000000004 7.5000000000000009 3.5000000000000004 7.5000000000000009 0.015413725602349977 0.12254628433665732 0.24533744914098818 8.5000000000000018 0.13164469831455791 0.2145647552644607 2.5000000000000004 0.01151750904252777 4.5000000000000009 0.020480177178761039 0.021442272691904147 0.65351835533872782 1.0000000180025095e-35 7.7421894393860553 0.01560799077449878 0.22933176348806558 8.7923650407824958
decision_type=2 2 2 2 2 2 2 2 2 2 2 2 2 2 2 2 2 2 2 2 2 2 2 2 2 2 2 2 2 2
left_child=1 2 11 4 9 -5 7 8 -2 13 25 -1 20 -4 23 16 17 26 -17 -15 27 -6 -23 -8 -18 -11 -16 -13 29 -20
right_child=6 -3 3 5 21 -7 14 -9 -10 10 -12 12 -14 19 15 18 24 -19 28 -21 -22 22 -24 -25 -26 -27 -28 -29 -30 -31
leaf_value=2.4101858622016316e-05 -9.5250788745944302e-05 -0.0002864026143766103 -0.00016359681943788897 5.1604330096786632e-05 -4.5042138609779558e-05 -8.7736233171833351e-05 2.6315852842465836e-05 8.8009070733063751e-05 -0.00030600059788324818 -6.5589392634242012e-05 -0.00020306480311772584 9.0799208218717464e-05 -3.5940063604369409e-05 -1.8386247462414912e-05 0.0012404339533391485 -0.0012886223086940156 -0.00029200804099900412 0.0015892835364524072 -0.00036170979079367717 0.00011259606874403762 -9.5850263546205461e-05 0.00018482282300677586 5.1993136689572154e-06 -0.00014312839498989836 0.00021902484264480797 -0.00020611947508299909 0.00029506344445443195 -4.5846137552284993e-05 -0.00013520303699878836 -0.0018321399821824792
leaf_weight=975 7350 1401 786 404 69 2032 360 1067 545 561 3143 46 6128 247 52 1131 1589 229 2049 50 2685 43 76 920 2240 1450 322 112 58269 342
leaf_count=975 7350 1401 786 404 69 2032 360 1067 545 561 3143 46 6128 247 52 1131 1589 229 2049 50 2685 43 76 920 2240 1450 322 112 58269 342
internal_value=-0.000508571 -0.00183789 -0.00161031 -0.00241 -0.00289883 -0.00112069 -0.000157263 -0.000692927 -0.000934137 -0.0030279 -0.00333139 -0.00089785 -0.0010651 -0.00158357 -8.61455e-05 -6.06297e-05 0.000685919 0.0038723 -0.000114176 0.000892255 -0.00195744 0.00138298 0.00382353 -0.00140625 0.00018412 -0.0023645 0.00195187 0.00164557 -8.65492e-05 -0.000943121
internal_weight=96673 20208 18807 8861 6425 2436 76465 8962 7895 6237 5154 9946 8971 1083 67503 66223 4432 603 61791 297 2843 188 119 1280 3829 2011 374 158 60660 2391
internal_count=96673 20208 18807 8861 6425 2436 76465 8962 7895 6237 5154 9946 8971 1083 67503 66223 4432 603 61791 297 2843 188 119 1280 3829 2011 374 158 60660 2391
is_linear=0
shrinkage=0.05


Tree=172
num_leaves=31
num_cat=0
split_feature=12 6 1 1 0 5 7 6 2 12 8 11 12 2 2 14 8 14 2 14 2 2 8 9 12 13 13 9 14 7
split_gain=17.8534 5.22863 3.8892 1.85746 1.81747 1.16284 1.35576 1.13416 0.974152 1.66556 1.90305 1.09133 2.09643 1.04416 1.03503 0.933603 1.04437 0.919733 0.88803 0.886059 0.862687 0.860033 0.971034 0.814881 0.769308 0.762026 0.860355 0.80107 0.942617 0.745241
threshold=0.023001842673130119 1.0000000180025095e-35 3.5000000000000004 5.5000000000000009 3.5000000000000004 1.0000000180025095e-35 1.0000000180025095e-35 1.0000000180025095e-35 20.500000000000004 0.18052078256183726 3.5000000000000004 0.43839986880256293 0.52066231261145879 27.500000000000004 28.500000000000004 0.10728911571493753 1.0000000180025095e-35 0.22933176348806558 17.500000000000004 0.22211085468778977 11.500000000000002 7.5000000000000009 1.0000000180025095e-35 8.1723112909526758 0.12789232298815734 1.9045222101047388 1.5247060705142805 7.6330002734839537 0.11502245135679885 1.0000000180025095e-35
decision_type=2 2 2 2 2 2 2 2 2 2 2 2 2 2 2 2 2 2 2 2 2 2 2 2 2 2 2 2 2 2
left_child=1 2 17 5 7 6 21 -2 18 10 13 14 -13 -10 25 16 -5 19 29 -1 -18 22 -4 -8 -15 26 27 28 -11 -6
right_child=4 -3 3 15 8 -7 23 -9 9 11 -12 12 -14 24 -16 -17 20 -19 -20 -21 -22 -23 -24 -25 -26 -27 -28 -29 -30 -31
leaf_value=-2.9690548560913113e-05 -5.7398308933890793e-05 -0.00027950229723080236 -5.0299799956480263e-05 7.7868109619945737e-05 -8.5292707422730173e-05 -0.00011707080116598836 0.00028292347572072543 -0.00026065306870008638 -0.00020279668400658538 -0.00026561073174381197 0.00018455423752482305 -0.0018379583185771738 -0.00055150716252068735 8.9661378380923037e-05 -0.00048991897192498515 -9.1110465420441729e-05 -0.00011622058624541476 -8.1465986440175061e-05 0.0011953650858203138 0.00010920151206457766 2.3786350342199562e-05 -0.00018847128274153044 -0.00020432332363786321 -7.4757521288127562e-05 -0.00064307946844287646 0.0021429358965976775 -0.00084119481586034334 0.00029201588733648534 0.0032822094595859937 0.0011489326933049415
leaf_weight=5968 2658 1286 544 148 46396 1124 64 228 1264 58 284 966 14896 339 1603 981 448 3002 5388 63 490 3114 1440 56 561 63 116 1194 134 1806
leaf_count=5968 2658 1286 544 148 46396 1124 64 228 1264 58 284 966 14896 339 1603 981 448 3002 5388 63 490 3114 1440 56 561 63 116 1194 134 1806
internal_value=-0.000498129 -0.00188435 -0.00165749 -0.00243132 -0.000165099 -0.00285557 -0.0031698 -0.0013964 -0.000117761 -0.000402273 -0.0016299 -0.000244352 -0.000413568 -0.00213494 0.000602903 -0.00112966 -0.000119707 -0.000937121 -3.73323e-06 -0.000581165 -0.000735609 -0.00329345 -0.00247984 0.00208333 -0.000833335 0.00151757 0.00129161 0.00163781 0.00463542 -7.17824e-05
internal_weight=96682 18728 17442 8409 77954 6342 5218 2886 75068 21478 2448 19030 15862 2164 3168 2067 1086 9033 53590 6031 938 5098 1984 120 900 1565 1502 1386 192 48202
internal_count=96682 18728 17442 8409 77954 6342 5218 2886 75068 21478 2448 19030 15862 2164 3168 2067 1086 9033 53590 6031 938 5098 1984 120 900 1565 1502 1386 192 48202
is_linear=0
shrinkage=0.05


Tree=173
num_leaves=31
num_cat=0
split_feature=12 6 1 1 7 9 8 4 2 8 13 14 14 12 8 11 14 6 14 8 11 14 8 14 12 9 8 8 12 13
split_gain=16.3492 7.04683 4.3094 2.61467 1.37675 1.31519 1.10595 1.10589 1.2409 1.26891 2.07351 0.97975 0.880326 1.5048 0.854748 0.808096 0.799271 1.39989 1.04643 0.768543 0.759117 0.734827 0.746995 1.0741 1.56262 1.24296 0.708134 2.15743 1.25455 0.91527
threshold=0.027951857891066644 1.0000000180025095e-35 3.5000000000000004 5.5000000000000009 1.0000000180025095e-35 7.5788482560776034 1.0000000180025095e-35 3.5000000000000004 7.5000000000000009 3.5000000000000004 0.069094771518869988 0.10728911571493753 0.53854056593088895 0.92440733752962223 3.5000000000000004 0.018813966527785261 0.094428933784625621 1.0000000180025095e-35 0.027473859133533174 1.0000000180025095e-35 0.030658680466252187 0.26983293981221812 3.5000000000000004 0.027473859133533174 0.020480177178761039 8.2035435272018571 2.5000000000000004 1.5000000000000002 0.019485612502206737 0.071665382508574363
decision_type=2 2 2 2 2 2 2 2 2 2 2 2 2 2 2 2 2 2 2 2 2 2 2 2 2 2 2 2 2 2
left_child=1 2 6 4 7 -6 15 -4 9 19 -11 -5 13 14 16 -1 17 -2 -19 -9 -16 22 26 24 25 -24 27 -8 29 -29
right_child=12 -3 3 11 5 -7 21 8 -10 10 -12 -13 -14 -15 20 -17 -18 18 -20 -21 -22 -23 23 -25 -26 -27 -28 28 -30 -31
leaf_value=7.6403846576439708e-05 -0.00013132714108797056 -0.00026586958902919636 -0.00010718134965673155 -3.8580173658136983e-06 0.0003125192460244779 -3.6072918214832296e-05 -5.7095601591357657e-05 -0.0001058951102381195 -0.00018000582902424005 0.00026428183078024625 -0.00013155862750027951 -8.6153347143552511e-05 -6.7941147185685425e-05 -0.0054874442129887761 0.0001695872641609063 -3.2992006076335167e-05 -6.5155622562273864e-05 7.448372612415623e-05 -0.0011000824373516083 -0.00020412834005187339 9.6863094275060669e-05 -0.00010038392172242375 5.1728497520611314e-05 -3.1931670470896674e-05 -9.4924771464924938e-08 0.00032995772672534817 -8.1602488061436666e-05 0.0002713390151184847 5.6963047808605101e-05 1.514444519841738e-05
leaf_weight=1388 5415 1580 1083 1576 55 190 1892 641 3184 71 139 1246 57344 1007 174 1638 9438 51 332 1266 1352 2404 63 484 155 40 2259 52 360 41
leaf_count=1388 5415 1580 1083 1576 55 190 1892 641 3184 71 139 1246 57344 1007 174 1638 9438 51 332 1266 1352 2404 63 484 155 40 2259 52 360 41
internal_value=-0.000483905 -0.00168914 -0.00143793 -0.00221723 -0.00275984 0.000918366 -0.000754456 -0.002901 -0.00319845 -0.00226028 0.00142857 -0.000942595 -0.000133999 -0.0004415 -0.000328721 5.61786e-05 -0.000441718 -0.000903761 -0.00382507 -0.00266649 0.000799475 -0.00107097 -0.000744483 0.000727762 0.00333333 0.00810679 -0.000981756 -0.000373136 0.00272627 0.00790322
internal_weight=96920 21807 20227 9451 6629 245 10776 6384 5301 2117 210 2822 75113 17769 16762 3026 15236 5798 383 1907 1526 7750 5346 742 258 103 4604 2345 453 93
internal_count=96920 21807 20227 9451 6629 245 10776 6384 5301 2117 210 2822 75113 17769 16762 3026 15236 5798 383 1907 1526 7750 5346 742 258 103 4604 2345 453 93
is_linear=0
shrinkage=0.05


Tree=174
num_leaves=31
num_cat=0
split_feature=0 6 12 3 4 8 13 8 7 12 6 12 1 14 11 1 11 9 14 1 2 13 1 12 13 14 9 11 9 12
split_gain=15.0223 5.13777 3.51235 2.3419 2.3765 1.71188 2.19176 1.56474 1.31453 1.19206 1.13697 3.00229 1.02743 0.96636 1.03669 1.32902 1.28546 1.13792 0.957747 0.871108 1.60309 0.851873 1.24568 0.855624 0.799345 0.93032 0.755135 0.754457 0.736413 0.725428
threshold=4.5000000000000009 1.0000000180025095e-35 0.014205593701191656 1.0000000180025095e-35 1.5000000000000002 3.5000000000000004 0.084600253606774936 1.0000000180025095e-35 1.0000000180025095e-35 0.03057491011296894 1.0000000180025095e-35 0.17605792936502632 1.5000000000000002 0.015129678267487529 0.014026924939995879 1.5000000000000002 0.012283572797342318 7.969202159014201 1.3234149717375743 3.5000000000000004 9.5000000000000018 0.019618491168703494 3.5000000000000004 0.021302881434901031 0.010929538203647097 0.013101606300135718 8.1292662001611244 0.019595646389531509 7.0973673913061956 0.01997300820677354
decision_type=2 2 2 2 2 2 2 2 2 2 2 2 2 2 2 2 2 2 2 2 2 2 2 2 2 2 2 2 2 2
left_child=1 2 12 4 28 7 21 -5 -9 -3 13 -12 -1 -2 15 17 -17 -15 -13 -6 -21 23 27 26 25 -14 -7 -23 -4 -16
right_child=10 9 3 5 19 6 -8 8 -10 -11 11 18 24 14 29 16 -18 -19 -20 20 -22 22 -24 -25 -26 -27 -28 -29 -30 -31
leaf_value=-8.4738702872707683e-05 -8.7268542949901759e-05 -0.00025591739931134959 0.00014437602036132286 1.9800536475699198e-05 -6.5716934532880313e-05 4.063283436698181e-05 -3.8334227931355907e-05 -9.5204190059487441e-05 7.7267927842958122e-05 5.8192528955150136e-05 -0.00026564829647713419 -0.00057096907424725955 -0.00018955683411270128 0.0003899634006406615 -6.1363408947720524e-05 -7.6032492830454323e-05 0.00019523922589330977 0.00013375106884790574 0.00010247131169052048 -0.00021394023974219 -9.7587816808271613e-05 0.00020591292647933438 0.00045340565601155453 -2.7277685468468164e-05 -0.00018076203917341842 7.464906935681632e-05 0.00031181270025678584 3.1645581234598841e-05 -3.5153736804156668e-05 -7.7591305671178984e-05
leaf_weight=543 892 1374 73 1941 3608 46 387 2976 236 63 680 1788 173 41 748 236 124 101 3005 698 2526 53 70 115 2580 79 41 67 2525 68758
leaf_count=543 892 1374 73 1941 3608 46 387 2976 236 63 680 1788 173 41 748 236 124 101 3005 698 2526 53 70 115 2580 79 41 67 2525 68758
internal_value=-0.000487691 -0.0017012 -0.00148023 -0.00115936 -0.00164899 -0.000380986 0.00180359 -0.000711237 -0.00138854 -0.00458246 -0.000167141 -0.000861503 -0.00294074 -0.000113541 -9.27049e-05 0.00217131 0.000555554 0.0062676 -0.000420406 -0.00213847 -0.00273573 0.00443877 0.0068421 0.00217822 -0.00332274 -0.000634922 0.00591954 0.00375 -0.000361818 -0.000109057
internal_weight=96547 20174 18737 15362 9430 5932 779 5153 3212 1437 76373 5473 3375 70900 70008 502 360 142 4793 6832 3224 392 190 202 2832 252 87 120 2598 69506
internal_count=96547 20174 18737 15362 9430 5932 779 5153 3212 1437 76373 5473 3375 70900 70008 502 360 142 4793 6832 3224 392 190 202 2832 252 87 120 2598 69506
is_linear=0
shrinkage=0.05


Tree=175
num_leaves=31
num_cat=0
split_feature=0 6 12 1 12 4 3 14 8 14 12 8 6 14 1 13 11 2 13 1 2 12 10 2 14 12 10 11 12 14
split_gain=14.0957 5.43533 2.51815 2.27924 1.82374 1.45293 1.92158 1.44182 1.33129 2.36098 1.2917 0.989734 0.961596 2.08417 1.14002 1.001 1.13181 0.88244 0.890157 0.876942 0.901719 0.864441 0.850162 0.886975 0.837121 0.827895 1.17119 0.808485 0.802793 0.999327
threshold=4.5000000000000009 1.0000000180025095e-35 0.014832145907619042 1.5000000000000002 0.032781885571144261 1.0000000180025095e-35 1.0000000180025095e-35 0.58731392421636974 3.5000000000000004 0.086295104002923687 0.96260034456839605 1.0000000180025095e-35 1.0000000180025095e-35 0.10401388126354093 3.5000000000000004 0.16452032183195245 0.2145647552644607 2.5000000000000004 0.092677121775998877 3.5000000000000004 9.5000000000000018 0.14155753218672448 7.7127046654262736 3.5000000000000004 0.019392261370377317 0.015223878896754204 7.4058628623263116 0.010196141734858633 0.03057491011296894 0.07579886385575714
decision_type=2 2 2 2 2 2 2 2 2 2 2 2 2 2 2 2 2 2 2 2 2 2 2 2 2 2 2 2 2 2
left_child=1 2 3 -1 -3 -4 19 10 11 -10 12 -8 14 -14 21 16 -15 18 -16 28 -21 22 -2 -24 -25 26 -13 -11 29 -7
right_child=7 4 5 -5 -6 6 8 -9 9 27 -12 25 13 15 17 -17 -18 -19 -20 20 -22 -23 23 24 -26 -27 -28 -29 -30 -31
leaf_value=-1.0409060751568313e-05 1.7391567404496838e-05 -0.00024137308653613931 1.5092186932254287e-05 -0.00015503710361148843 0.00010925393399979847 -1.0240169447816012e-05 -1.6643385798311314e-07 1.1690739519340306e-05 0.00020001536922551662 6.9888424813683382e-05 -0.005214476970331448 0.00020201220629123608 -0.00024335642710065879 -0.00062272196132691035 -0.00034454813204003263 -0.00012673654172324622 0.00077658131269652756 -9.375235560495307e-05 -0.00056467638812649477 -0.00019390343181995576 -9.0535706815554273e-05 -0.00012261711020284055 0.00042183803238748116 -1.3713676399844622e-05 0.00031851057414144656 -9.1020339019698876e-05 -8.150242072342743e-05 -0.00012248247551009474 -0.00028865890136500495 -7.2603518028326272e-05
leaf_weight=824 2079 1413 1984 3446 42 1419 1907 56348 345 78 1421 79 650 44 463 516 101 7496 467 611 2390 6211 83 322 457 2763 105 320 257 2177
leaf_count=824 2079 1413 1984 3446 42 1419 1907 56348 345 78 1421 79 650 44 463 516 101 7496 467 611 2390 6211 83 322 457 2763 105 320 257 2177
internal_value=-0.000433185 -0.00160962 -0.00138065 -0.00244731 -0.00455327 -0.00106512 -0.00126536 -0.000123798 -0.000577989 0.001393 -0.000484984 -0.000879688 -0.000375617 -0.00168192 -0.00027819 0.000295006 0.00396552 -0.000697841 -0.00215054 -0.00182667 -0.00246751 0.000108172 0.000814348 0.00213457 0.00161104 -0.00145402 0.00179348 -0.00123116 -0.00132754 -0.0011346
internal_weight=96818 20160 18705 4270 1455 14435 12451 76658 5597 743 20310 4854 18889 1311 17578 661 145 8426 930 6854 3001 9152 2941 862 779 2947 184 398 3853 3596
internal_count=96818 20160 18705 4270 1455 14435 12451 76658 5597 743 20310 4854 18889 1311 17578 661 145 8426 930 6854 3001 9152 2941 862 779 2947 184 398 3853 3596
is_linear=0
shrinkage=0.05


Tree=176
num_leaves=31
num_cat=0
split_feature=12 6 1 12 6 12 8 14 12 14 4 2 2 8 2 2 11 13 11 8 8 8 12 12 0 12 10 8 12 14
split_gain=16.2599 5.2431 3.88591 1.63418 1.16324 1.9561 1.24353 1.18519 1.49333 1.08105 0.962233 0.857875 0.996114 0.804393 0.796806 0.779363 0.769231 0.75799 0.737676 0.729812 2.63751 0.760139 0.750918 0.749714 0.722441 0.898487 0.834862 0.784015 0.954834 0.77625
threshold=0.024869040299849248 1.0000000180025095e-35 3.5000000000000004 0.015029169175175128 1.0000000180025095e-35 0.18519120925735422 1.0000000180025095e-35 0.057891262204215345 0.036601037503785898 0.21491882147311586 3.5000000000000004 7.5000000000000009 9.5000000000000018 1.0000000180025095e-35 11.500000000000002 7.5000000000000009 0.015564262813174108 0.17722521121159038 0.022473484983686818 2.5000000000000004 1.5000000000000002 3.5000000000000004 0.019485612502206737 0.021302881434901031 4.5000000000000009 0.019271711222591036 7.9960927129052788 1.0000000180025095e-35 0.020744651813237997 0.015739209582403674
decision_type=2 2 2 2 2 2 2 2 2 2 2 2 2 2 2 2 2 2 2 2 2 2 2 2 2 2 2 2 2 2
left_child=1 2 9 13 -2 7 -7 8 -6 17 14 -12 -13 16 -5 -11 -4 19 -19 20 24 -21 -22 -24 27 -26 -27 28 29 -1
right_child=4 -3 3 10 5 6 -8 -9 -10 15 11 12 -14 -15 -16 -17 -18 18 -20 21 22 -23 23 -25 25 26 -28 -29 -30 -31
leaf_value=0.00025638909493185929 -2.2297984709662603e-05 -0.00022721851028627889 5.7287609529743656e-05 -0.00015412752159857713 -0.00010855279240936588 -0.0013480100160715789 1.3813358862833941e-05 -0.0003618423191765293 0.00014480727223671833 -0.00010833664166010439 -6.1460868218909864e-05 -0.00017108265472994227 -9.0147063271212599e-05 -0.00017015445682795952 2.4672981851534453e-06 -5.5765334443217355e-05 -0.00012060966172664974 0.00011052301926609645 -0.00014334130803844234 -7.4845424379582602e-05 0.00010030168234169954 1.0728105087520084e-05 -2.1735952934804163e-05 0.00010953522940730049 6.4519166403620006e-05 -5.7667078540394886e-05 0.00010465740593349669 -9.9126370273151874e-05 -7.7436893411818574e-05 4.536482055847188e-05
leaf_weight=43 71067 1395 267 392 150 1230 3519 532 60 1276 1784 662 1384 3103 1163 2085 161 194 61 2023 89 472 90 191 420 482 84 1218 693 575
leaf_count=43 71067 1395 267 392 150 1230 3519 532 60 1276 1784 662 1384 3103 1163 2085 161 194 61 2023 89 472 90 191 420 482 84 1218 693 575
internal_value=-0.000425594 -0.00168341 -0.00146521 -0.00222409 -9.19576e-05 -0.000793117 -0.00042009 -0.00318059 -1.19209e-09 -0.000788317 -0.00167595 -0.00210183 -0.00280059 -0.00306004 -0.000627011 -0.00151889 -0.00102804 -0.000418238 0.0022549 -0.00052508 -9.65263e-05 -0.00119239 0.00391892 0.00265124 -0.000519205 0.000628802 -0.000671379 -0.000966786 -0.000118232 0.00131068
internal_weight=96865 20307 18912 8916 76558 5491 4749 742 210 9996 5385 3830 2046 3531 1555 3361 428 6635 255 6380 3885 2495 370 281 3515 986 566 2529 1311 618
internal_count=96865 20307 18912 8916 76558 5491 4749 742 210 9996 5385 3830 2046 3531 1555 3361 428 6635 255 6380 3885 2495 370 281 3515 986 566 2529 1311 618
is_linear=0
shrinkage=0.05


Tree=177
num_leaves=31
num_cat=0
split_feature=12 6 1 1 8 8 6 12 8 14 11 7 11 4 2 8 8 13 7 0 10 1 8 2 2 2 4 2 2 2
split_gain=12.9484 5.61215 4.30356 2.0527 1.36347 1.07758 1.03438 1.80939 1.18661 1.08661 1.4132 0.984826 0.872322 0.834145 1.57364 0.994361 0.896072 1.28459 0.812529 0.81889 0.709425 0.707364 0.900442 1.84037 1.31128 0.978881 2.8465 0.786867 1.51739 1.43545
threshold=0.024869040299849248 1.0000000180025095e-35 3.5000000000000004 5.5000000000000009 1.0000000180025095e-35 1.0000000180025095e-35 1.0000000180025095e-35 0.17605792936502632 1.0000000180025095e-35 0.057891262204215345 0.050315912941337006 1.0000000180025095e-35 0.024057643094045584 3.5000000000000004 7.5000000000000009 1.0000000180025095e-35 3.5000000000000004 0.069094771518869988 1.0000000180025095e-35 3.5000000000000004 7.2964062053801628 2.5000000000000004 1.0000000180025095e-35 23.500000000000004 3.5000000000000004 10.500000000000002 4.5000000000000009 9.5000000000000018 6.5000000000000009 8.5000000000000018
decision_type=2 2 2 2 2 2 2 2 2 2 2 2 2 2 2 2 2 2 2 2 2 2 2 2 2 2 2 2 2 2
left_child=1 2 5 11 -5 -1 18 9 -9 10 -8 13 -13 -4 15 -15 -17 -18 19 -2 -10 -21 23 25 -24 26 -23 28 -28 -30
right_child=6 -3 3 4 -6 -7 7 8 20 -11 -12 12 -14 14 -16 16 17 -19 -20 21 -22 22 24 -25 -26 -27 27 -29 29 -31
leaf_value=1.3367518021548174e-05 -5.3339971101401941e-05 -0.00021315197251522844 -8.9023022879740126e-05 5.7114372302380205e-05 -6.6069071276832181e-05 -3.9456257842310521e-05 -0.00010389661438176401 -0.0012830076752369602 0.00048498093278082115 -0.00036171050998593185 8.3182724834485026e-05 8.1424553694382239e-05 -8.5237946065074314e-05 -1.4182671498935441e-05 -0.00015580069174161765 -0.00017863234541251431 0.00028000761764420556 -9.8920190950303578e-05 0.00037151419669371848 7.0213375279191999e-05 -0.00029703610517245623 -0.001350975347645794 -0.0006198098505464084 -0.00061902822343695197 0.0001041031037678807 0.00029772725139458578 6.5007515442094113e-05 0.0012669439860261171 -0.0017550263444299731 0.00010752800809868161
leaf_weight=2526 1367 1386 1066 389 2051 7409 122 1244 1267 524 78 125 70 603 3163 1293 60 126 2985 27312 2307 1020 6022 2048 21735 2963 3501 493 980 519
leaf_count=2526 1367 1386 1066 389 2051 7409 122 1244 1267 524 78 125 70 603 3163 1293 60 126 2985 27312 2307 1020 6022 2048 21735 2963 3501 493 980 519
internal_value=-0.000444634 -0.00156831 -0.00134289 -0.00213839 -0.000901641 -0.000626574 -0.000146889 -0.000804765 -0.000454547 -0.00313536 -1.19209e-09 -0.00260221 0.000897435 -0.00271035 -0.0029695 -0.00190202 -0.00259973 0.00064516 -9.54977e-05 -0.000130961 8.39276e-06 -0.000106093 -0.000241976 -0.000613503 -8.77268e-05 -0.000319756 -0.000662522 -0.000212089 -0.000400001 -0.00173116
internal_weight=96754 20267 18881 8946 2440 9935 76487 5542 4818 724 200 6506 195 6311 5245 2082 1479 186 70945 67960 3574 66593 39281 11524 27757 9476 6513 5493 5000 1499
internal_count=96754 20267 18881 8946 2440 9935 76487 5542 4818 724 200 6506 195 6311 5245 2082 1479 186 70945 67960 3574 66593 39281 11524 27757 9476 6513 5493 5000 1499
is_linear=0
shrinkage=0.05


Tree=178
num_leaves=31
num_cat=0
split_feature=12 12 3 2 2 1 2 2 10 14 2 11 13 9 12 8 1 11 0 1 2 10 11 9 8 3 4 13 2 11
split_gain=12.6433 2.78368 1.87413 4.79098 1.84659 1.61651 1.42628 1.09661 1.0027 0.787971 0.809293 0.971128 0.937018 0.79692 0.885686 0.800145 0.785043 0.717149 0.783785 0.687563 0.832902 0.676053 0.915189 0.625074 0.61529 3.15189 4.48347 0.9444 0.942157 1.27331
threshold=0.027951857891066644 0.014205593701191656 1.0000000180025095e-35 20.500000000000004 11.500000000000002 3.5000000000000004 23.500000000000004 9.5000000000000018 6.3549855041068239 0.35208839802829789 4.5000000000000009 0.010980585576780994 0.33069641203793926 9.1155182333359264 0.019485612502206737 1.0000000180025095e-35 4.5000000000000009 0.033297531923641543 4.5000000000000009 1.5000000000000002 1.5000000000000002 8.0631905169155207 0.016757504322706351 8.0775069121958119 1.0000000180025095e-35 1.0000000180025095e-35 1.0000000180025095e-35 2.782590827938173 1.5000000000000002 3.5044698874427351
decision_type=2 2 2 2 2 2 2 2 2 2 2 2 2 2 2 2 2 2 2 2 2 2 2 2 2 2 2 2 2 2
left_child=1 -1 3 4 5 17 -5 -7 -6 10 16 23 13 14 15 -13 19 -3 -19 -4 -21 -22 -23 -12 25 26 -2 -27 -29 -30
right_child=24 2 9 6 8 7 -8 -9 -10 -11 11 12 -14 -15 -16 -17 -18 18 -20 20 21 22 -24 -25 -26 27 -28 28 29 -31
leaf_value=-0.00013262857862181382 0.0015829854146577058 -5.4222260005727503e-05 -0.00015892373169068671 -0.00020094298474942004 0.00014012268128027588 -0.0001692901820447936 -0.00010301599913708435 -6.2146706227547455e-05 -1.9893213195253864e-05 -9.1564581966409802e-05 1.2248039031925861e-05 0.00023746552668229968 0.00017876368335973224 0.00021096028897080188 -3.4120348436764635e-05 3.1145564454271532e-05 -9.0185757030652715e-05 -6.6710777506977158e-06 0.00017688226255917821 -4.1479996205273175e-05 5.027260267443226e-05 5.2497912509166735e-05 0.00032529222243159054 -9.2112964677257931e-05 -2.7519116075271592e-05 0.00021427479954995939 -0.00033372096793260692 0.082491784590673758 0.0051819480392547414 0.023408413818236589
leaf_weight=3854 3022 2453 324 1415 51 791 1607 1000 3887 1155 361 180 51 44 719 686 815 398 83 774 537 64 45 564 53601 7401 10797 48 228 44
leaf_count=3854 3022 2453 324 1415 51 791 1607 1000 3887 1155 361 180 51 44 719 686 815 398 83 774 537 64 45 564 53601 7401 10797 48 228 44
internal_value=-0.000425727 -0.00148413 -0.00122306 -0.0015982 -0.00100023 -0.00166667 -0.00331238 -0.00285036 -0.000200611 -0.000529357 -0.000265299 0.000355085 0.00107143 0.000862491 0.000678232 0.0017552 -0.000896836 -0.000944105 0.000821205 -0.000298166 0.000176055 0.00150155 0.00509174 -0.000945947 -0.000117846 -0.000343548 -0.000795645 0.000465612 0.003125 0.00198529
internal_weight=96999 21858 18004 11685 8663 4725 3022 1791 3938 6319 5164 2605 1680 1629 1585 866 2559 2934 481 1744 1420 646 109 925 75141 21540 13819 7721 320 272
internal_count=96999 21858 18004 11685 8663 4725 3022 1791 3938 6319 5164 2605 1680 1629 1585 866 2559 2934 481 1744 1420 646 109 925 75141 21540 13819 7721 320 272
is_linear=0
shrinkage=0.05


Tree=179
num_leaves=31
num_cat=0
split_feature=12 6 1 1 14 12 6 5 0 2 0 14 2 12 1 1 6 12 11 10 10 11 2 3 10 8 12 2 12 8
split_gain=11.4236 6.81776 4.07352 2.02205 0.985577 1.70569 1.48529 0.914325 0.902749 0.883785 0.873488 0.83619 0.818407 1.68361 1.12443 0.746774 0.846347 0.712733 1.19771 1.43909 0.773918 0.756604 1.15648 0.733524 0.711253 0.70801 1.2188 0.703656 0.952074 0.899798
threshold=0.027951857891066644 1.0000000180025095e-35 3.5000000000000004 5.5000000000000009 0.094428933784625621 0.10146836030122026 1.0000000180025095e-35 1.0000000180025095e-35 3.5000000000000004 7.5000000000000009 4.5000000000000009 0.065571124312808565 2.5000000000000004 0.01560799077449878 4.5000000000000009 5.5000000000000009 1.0000000180025095e-35 0.019271711222591036 0.013443037622638985 7.1537179572798513 7.3130948929477784 0.033297531923641543 14.500000000000002 1.0000000180025095e-35 8.1378828479380712 1.0000000180025095e-35 0.023001842673130119 9.5000000000000018 0.016909315208142959 1.0000000180025095e-35
decision_type=2 2 2 2 2 2 2 2 2 2 2 2 2 2 2 2 2 2 2 2 2 2 2 2 2 2 2 2 2 2
left_child=1 2 10 7 5 8 11 9 -2 12 -1 -7 -4 -14 -15 16 -10 18 19 -12 -20 24 -23 -22 -19 26 -5 -11 -29 -30
right_child=4 -3 3 25 -6 6 -8 -9 15 27 17 -13 13 14 -16 -17 -18 21 20 -21 23 22 -24 -25 -26 -27 -28 28 29 -31
leaf_value=-3.5378132067148022e-05 -8.9640410637919937e-05 -0.00019287574455849446 -0.0001719662840014947 7.9039485366397125e-05 -5.62255321522452e-05 -0.00052256940048768551 -0.00098178664347820205 -6.6977342940472318e-05 1.692257767073976e-05 -0.00017363193509650009 0.00028032186751656731 -0.00014508876338614957 -0.00010871429854874987 3.6207558726277803e-05 0.00019668627451102877 0.00012940956776154582 0.00010193754207311725 -4.483370584348837e-05 -5.3804796166695494e-05 7.5568247850389659e-05 5.8546999736404677e-06 0.0001359484161332815 -7.6097550187334087e-05 0.00017593210782980331 0.00017467004721274229 -5.4373084865933321e-05 -4.2259968361485829e-05 -0.00013143340620700925 -0.00013710315563995439 4.1724934156615095e-05
leaf_weight=9177 298 1566 1077 234 68358 1346 335 1144 1292 1090 69 3099 840 185 80 274 107 692 196 117 214 94 42 105 75 2179 379 1544 372 292
leaf_count=9177 298 1566 1077 234 68358 1346 335 1144 1292 1090 69 3099 840 185 80 274 107 692 196 117 214 94 42 105 75 2179 379 1544 372 292
internal_value=-0.000398052 -0.00140675 -0.00116032 -0.00192014 -0.000105781 -0.000682122 -0.00119247 -0.00239583 0.000555554 -0.00266423 -0.000496708 -0.000950507 -0.00188359 -0.000927603 0.00254717 0.00100717 0.00053967 0.000579799 0.00177603 0.00521505 0.000533979 -0.000348838 0.00308823 0.00205329 -0.00095828 -0.000791548 0.000709624 -0.00318072 -0.00266757 -0.00108434
internal_weight=96872 21763 20197 9416 75109 6751 4780 6624 1971 5480 10781 4445 2182 1105 265 1673 1399 1604 701 186 515 903 136 319 767 2792 613 3298 2208 664
internal_count=96872 21763 20197 9416 75109 6751 4780 6624 1971 5480 10781 4445 2182 1105 265 1673 1399 1604 701 186 515 903 136 319 767 2792 613 3298 2208 664
is_linear=0
shrinkage=0.05


Tree=180
num_leaves=31
num_cat=0
split_feature=0 6 1 1 14 6 1 1 11 11 2 13 14 4 2 9 14 8 2 8 8 13 11 9 14 13 14 2 2 13
split_gain=10.5914 4.66347 2.08424 2.8924 1.58362 1.87524 1.21675 1.02851 0.995766 0.831577 1.52116 0.815823 0.83777 0.849291 1.04029 0.97067 0.90347 0.770929 0.686783 0.686559 0.679475 0.693488 0.684355 0.704729 0.869424 0.657284 0.640112 0.628765 0.629406 0.810208
threshold=4.5000000000000009 1.0000000180025095e-35 3.5000000000000004 5.5000000000000009 0.094428933784625621 1.0000000180025095e-35 3.5000000000000004 5.5000000000000009 0.05686833674621037 0.014026924939995879 28.500000000000004 0.17065110039629119 0.015739209582403674 3.5000000000000004 7.5000000000000009 8.9422838651824037 0.016537912614722906 3.5000000000000004 13.500000000000002 1.0000000180025095e-35 2.5000000000000004 0.014627507163046604 0.019209702183648973 8.0141118087198233 0.022628002498816965 1.0074713197500478 0.015739209582403674 3.5000000000000004 7.5000000000000009 0.010929538203647097
decision_type=2 2 2 2 2 2 2 2 2 2 2 2 2 2 2 2 2 2 2 2 2 2 2 2 2 2 2 2 2 2
left_child=1 2 27 11 5 6 9 -8 -3 10 18 12 -4 15 16 -14 -15 20 -2 -5 22 -22 -9 -24 -25 -21 -20 -1 29 -29
right_child=4 8 3 19 -6 -7 7 17 -10 -11 -12 -13 13 14 -16 -17 -18 -19 26 25 21 -23 23 24 -26 -27 -28 28 -30 -31
leaf_value=2.810281691068757e-05 5.2560561348571764e-05 -0.00018512125937905627 -0.00013703841103376909 2.5219104253857463e-05 -7.4815969111176068e-05 -0.00018356127804309685 -0.0001381752609065093 -8.5716773354779701e-05 9.0898838299261804e-05 -1.158798930924797e-05 -3.6440939699344051e-05 -0.00015556168082898767 -1.3913259101793239e-05 0.00015058828896376487 -0.00010188502616259182 0.00027525576129802139 -3.6131984725865001e-05 0.00059197757175190064 6.228315269935037e-05 -6.654638630015992e-05 0.00021775466393734425 -0.0002194888798911447 0.00035422229775428256 5.2629035477539147e-05 -0.00017921083126693594 5.7211399647436372e-05 0.00035415418396318103 3.3522846030455838e-05 -2.6157099415675193e-05 -6.8804294572739357e-05
leaf_weight=977 83 1422 1601 809 67660 609 2831 127 41 3937 179 2064 292 55 1046 42 616 69 55 1980 41 235 238 146 392 45 104 92 6261 2822
leaf_count=977 83 1422 1601 809 67660 609 2831 127 41 3937 179 2064 292 55 1046 42 616 69 55 1980 41 235 238 146 392 45 104 92 6261 2822
internal_value=-0.000407295 -0.00142698 -0.00121431 -0.00178947 -0.000139234 -0.000760558 -0.000567146 -0.00118779 -0.00414559 1.37666e-05 0.00212589 -0.00243702 -0.00198795 -0.00131887 -0.00176762 0.000988023 -0.000231 8.01163e-06 0.00471074 -0.000483417 -0.000292622 -0.00246377 0.000370984 0.000927834 -7.43506e-05 -0.00097531 0.00663522 -0.000729907 -0.000858312 -0.00146534
internal_weight=96871 20165 18702 8550 76706 9046 8437 4079 1463 4358 421 5716 3652 2051 1717 334 671 1248 242 2834 1179 276 903 776 538 2025 159 10152 9175 2914
internal_count=96871 20165 18702 8550 76706 9046 8437 4079 1463 4358 421 5716 3652 2051 1717 334 671 1248 242 2834 1179 276 903 776 538 2025 159 10152 9175 2914
is_linear=0
shrinkage=0.05


Tree=181
num_leaves=31
num_cat=0
split_feature=12 4 3 2 11 8 8 14 7 8 1 14 12 2 7 13 11 12 14 12 14 13 12 10 9 1 2 10 1 8
split_gain=11.603 1.88248 3.3342 3.42417 1.75455 1.00829 1.46001 0.924454 0.789179 0.766992 0.694756 0.886183 1.10686 0.673264 0.642776 0.621233 0.612736 1.33813 0.842443 1.1983 0.983196 0.808483 0.786915 0.75242 1.05323 0.704371 0.762723 0.92102 0.721059 0.706299
threshold=0.024869040299849248 1.5000000000000002 1.0000000180025095e-35 20.500000000000004 0.021935539619587444 1.0000000180025095e-35 1.5000000000000002 0.013904522156853769 1.0000000180025095e-35 2.5000000000000004 1.0000000180025095e-35 0.017666624502112847 0.015223878896754204 25.500000000000004 1.0000000180025095e-35 0.01803922348718923 2.6655016853320763 2.0652008422460999 0.72009244182909959 0.98315794437631931 0.49973006638848472 0.35617945172932791 1.6263503427068005 6.7628712769729971 7.7012990906267307 5.5000000000000009 11.500000000000002 8.4573972145309924 2.5000000000000004 2.5000000000000004
decision_type=2 2 2 2 2 2 2 2 2 2 2 2 2 2 2 2 2 2 2 2 2 2 2 2 2 2 2 2 2 2
left_child=1 10 3 4 -3 -4 15 -8 9 -9 11 12 -1 -5 16 -7 18 -18 19 23 -21 -22 -23 -2 -25 28 -27 -28 29 -19
right_child=14 2 5 13 -6 6 7 8 -10 -11 -12 -13 -14 -15 -16 -17 17 25 -20 20 21 22 -24 24 -26 26 27 -29 -30 -31
leaf_value=0.00056128534500717215 -0.00022434142010578189 -9.0310979321589745e-05 1.0355264261111994e-05 -0.00017170628423205259 -2.3369304901866941e-05 -5.153665339460861e-05 -9.800419474828074e-05 0.00011118816557251712 0.00017883995558548579 -2.5472757928599916e-05 -3.8167497145760643e-05 -1.1928156848481004e-05 0.00011315638324692568 -7.8396007917815654e-05 0.00031372404083835975 -0.00012302730334816183 -0.0059479324867925043 0.0016977366648836568 0.00010365854651458453 -0.0082665005837396863 0.0085561925375626201 -0.0016902744209527254 -0.012652664320246951 0.00030313932978970733 -3.6282431925724105e-05 -0.0030106285701731318 0.0038025237743910846 0.011003181668297425 -0.0038494160351526803 -0.004012223465599039
leaf_weight=43 1447 3794 1718 2475 2585 1024 227 269 69 2260 3041 382 110 641 3205 1533 1782 3042 40330 431 84 1966 185 1495 15878 969 1234 50 3097 1361
leaf_count=43 1447 3794 1718 2475 2585 1024 227 269 69 2260 3041 382 110 641 3205 1533 1782 3042 40330 431 84 1966 185 1495 15878 969 1234 50 3097 1361
internal_value=-0.000373578 -0.00144044 -0.00166466 -0.00227752 -0.00161389 -0.000845072 -0.00118172 -0.000398231 -0.000130871 -0.000274813 -0.000399889 0.00126168 0.00447712 -0.00363607 -9.24825e-05 -0.00204732 -0.000122767 -0.000457305 -6.03416e-05 -0.000313228 -0.00130533 -0.00088367 -0.0010716 -0.00017269 -8.14494e-05 -0.000227111 0.000548157 0.00134735 -0.000460001 -4.88315e-05
internal_weight=96727 20171 16595 9495 6379 7100 5382 2825 2598 2529 3576 535 153 3116 76556 2557 73351 11535 61816 21486 2666 2235 2151 18820 17373 9753 2253 1284 7500 4403
internal_count=96727 20171 16595 9495 6379 7100 5382 2825 2598 2529 3576 535 153 3116 76556 2557 73351 11535 61816 21486 2666 2235 2151 18820 17373 9753 2253 1284 7500 4403
is_linear=0
shrinkage=0.05


Tree=182
num_leaves=31
num_cat=0
split_feature=12 6 1 1 7 12 11 4 8 6 12 11 2 1 2 2 2 11 12 12 11 2 8 11 0 8 8 12 9 8
split_gain=9.22681 5.67808 2.74846 1.68917 0.949907 0.899994 0.877898 0.840949 0.828177 0.773116 2.08988 0.813465 1.06259 0.918557 1.79221 3.72377 2.70693 1.09099 1.10547 1.05625 1.87384 0.941676 1.07755 1.11669 0.907801 0.846516 0.824257 0.950342 1.04288 0.817244
threshold=0.024869040299849248 1.0000000180025095e-35 3.5000000000000004 5.5000000000000009 1.0000000180025095e-35 0.016525742666011044 0.017746851176106904 3.5000000000000004 1.0000000180025095e-35 1.0000000180025095e-35 0.18519120925735422 4.9651627472506323 5.5000000000000009 4.5000000000000009 10.500000000000002 8.5000000000000018 3.5000000000000004 1.6329516957319232 1.7269930721847415 0.11005735760406847 0.026185372129590826 24.500000000000004 1.0000000180025095e-35 0.06490751030597304 3.5000000000000004 1.0000000180025095e-35 2.5000000000000004 2.1877790537261439 7.8544212981904709 1.0000000180025095e-35
decision_type=2 2 2 2 2 2 2 2 2 2 2 2 2 2 2 2 2 2 2 2 2 2 2 2 2 2 2 2 2 2
left_child=1 2 -1 4 7 6 -5 -4 -7 11 -11 13 29 -2 15 16 19 18 -18 20 -15 -16 23 24 -23 -17 27 -24 -29 -13
right_child=9 -3 3 5 -6 8 -8 -9 -10 10 -12 12 -14 14 21 25 17 -19 -20 -21 -22 22 26 -25 -26 -27 -28 28 -30 -31
leaf_value=-2.0450239700860674e-05 4.2288572728286155e-05 -0.00016650202399380451 -6.8426177009676988e-05 -3.778677595169759e-06 2.6164999507150028e-05 2.7018542799037411e-05 0.00016067157064672002 -0.0001099293968320269 -7.0333588075241883e-05 -0.00017013518660561862 -0.00020288796115769847 0.032186148641467224 -0.005971215433134263 -3.8693488557379167e-06 0.00042233649432623098 -0.00046019900272187096 0.0011116276515824037 -0.0020596458554758882 0.021443728596767062 -0.0022427381946201141 0.00057908817508420588 -3.1112497340388561e-05 4.7115742960347255e-05 -0.0010997513777819296 0.0001748401179147212 -0.00071069076395146582 -0.00034604844433664398 -0.0090163438943577263 0.0093818015664749333 -0.0063339744618585775
leaf_weight=9901 47987 1398 1067 278 200 390 145 5260 1592 767 4741 128 1724 273 7114 1063 2183 1188 87 3454 57 94 948 776 47 2575 1315 46 179 77
leaf_count=9901 47987 1398 1067 278 200 390 145 5260 1592 767 4741 128 1724 273 7114 1063 2183 1188 87 3454 57 94 948 776 47 2575 1315 46 179 77
internal_value=-0.000367529 -0.00131753 -0.00108931 -0.00172526 -0.00214264 -0.000592517 0.00150118 -0.00224988 -0.00103936 -0.000117349 -0.000688091 -7.32677e-05 -0.00108606 -4.51112e-05 -0.000317539 -0.000767464 -0.000111849 0.000899363 0.00154185 -0.00103594 0.00166667 0.000147827 -0.000535978 -0.00200109 0.0020922 -0.00207257 4.0181e-06 0.000967603 0.00388889 0.00231707
internal_weight=97054 20231 18833 8932 6527 2405 423 6327 1982 76823 5508 71315 1929 69386 21399 10880 7242 3458 2270 3784 330 10519 3405 917 141 3638 2488 1173 225 205
internal_count=97054 20231 18833 8932 6527 2405 423 6327 1982 76823 5508 71315 1929 69386 21399 10880 7242 3458 2270 3784 330 10519 3405 917 141 3638 2488 1173 225 205
is_linear=0
shrinkage=0.05


Tree=183
num_leaves=31
num_cat=0
split_feature=12 6 12 4 3 13 14 8 2 1 4 2 13 8 1 2 2 2 8 2 2 4 8 12 11 8 2 8 14 2
split_gain=10.3018 5.42553 2.50529 0.908522 0.98195 0.793536 1.17484 0.843522 0.89966 0.798939 0.709696 0.814269 0.778651 0.699798 0.68267 2.15777 1.18389 2.68709 1.15006 1.1088 1.15448 2.38343 1.82698 1.25287 1.59092 1.09568 1.53978 1.22297 1.09093 1.04314
threshold=0.024869040299849248 1.0000000180025095e-35 0.014205593701191656 1.0000000180025095e-35 1.0000000180025095e-35 0.022852585698754712 0.016537912614722906 3.5000000000000004 9.5000000000000018 5.5000000000000009 2.5000000000000004 18.500000000000004 0.098918946261451687 1.0000000180025095e-35 3.5000000000000004 2.5000000000000004 7.5000000000000009 9.5000000000000018 1.0000000180025095e-35 13.500000000000002 7.5000000000000009 7.5000000000000009 1.0000000180025095e-35 0.22478834217975827 0.14356560726223849 1.0000000180025095e-35 23.500000000000004 2.5000000000000004 1.3131875711225278 3.5000000000000004
decision_type=2 2 2 2 2 2 2 2 2 2 2 2 2 2 2 2 2 2 2 2 2 2 2 2 2 2 2 2 2 2
left_child=1 2 10 -4 5 6 9 -8 -9 -5 11 13 -13 -1 19 -16 29 18 -18 20 21 22 -2 24 -22 26 -19 -27 -21 -17
right_child=14 -3 3 4 -6 -7 7 8 -10 -11 -12 12 -14 -15 15 16 17 25 -20 28 23 -23 -24 -25 -26 27 -28 -29 -30 -31
leaf_value=0.00025088259143484729 -0.00050320604042241571 -0.00015605884712011824 1.268075345758709e-06 -6.593104455683434e-05 -2.2931580671404265e-05 -7.3072889358301001e-05 -1.7838695563219694e-06 -1.2512288355128822e-05 0.00012367460776638184 4.6429090747791753e-05 -0.00011363655137352361 0.00053656926826099488 -0.00015112537065422747 -0.00011274665370644097 -0.00084455064631299218 -8.3768873865520623e-05 -0.0015875230705365831 -4.4618759667169446e-05 -0.00071860232293141472 -0.0001210822539445973 1.0130025350179849e-06 0.00030096531598201371 -0.00019130244953438418 0.0009892901206451771 0.00086871358558747675 0.00080817752353063647 -0.00025000652035101856 -0.00016289713500543086 0.00018918372319669358 0.001465569260458516
leaf_weight=76 1083 1447 2305 1436 5706 4059 1330 50 48 180 2810 41 65 687 3571 3760 996 3634 2536 11169 381 10903 2538 4515 535 6058 1637 6858 12647 3562
leaf_count=76 1083 1447 2305 1436 5706 4059 1330 50 48 180 2810 41 65 687 3571 3760 996 3634 2536 11169 381 10903 2538 4515 535 6058 1637 6858 12647 3562
internal_value=-0.000390333 -0.00139328 -0.00116613 -0.000881303 -0.00104575 -0.00143813 -0.000827859 0.000217086 0.00469388 -0.00175124 -0.00233623 -0.00108746 0.00301887 -0.00165793 -0.000124571 -0.000297744 -0.000155127 -0.000340486 -0.00160249 4.45381e-06 0.000279377 4.68179e-05 -0.00106462 0.000901306 0.00258734 -9.5399e-05 -0.000702904 0.000152523 -0.0002259 0.0003947
internal_weight=96623 20240 18793 15114 12809 7103 3044 1428 98 1616 3679 869 106 763 76383 32612 29041 21719 3532 43771 19955 14524 3621 5431 916 18187 5271 12916 23816 7322
internal_count=96623 20240 18793 15114 12809 7103 3044 1428 98 1616 3679 869 106 763 76383 32612 29041 21719 3532 43771 19955 14524 3621 5431 916 18187 5271 12916 23816 7322
is_linear=0
shrinkage=0.05


Tree=184
num_leaves=31
num_cat=0
split_feature=12 6 1 12 5 14 11 8 12 12 9 0 9 11 6 1 12 13 12 11 14 0 13 3 12 7 0 8 12 13
split_gain=8.55342 4.76937 3.25961 1.75293 1.09637 0.841064 1.40726 0.975995 0.941523 1.01401 0.811304 0.785908 0.950024 1.12882 0.764898 0.952928 0.888094 0.926628 2.43617 0.906154 0.713207 0.931141 0.730749 0.706526 0.663116 0.656332 0.651675 1.38765 1.85401 1.2415
threshold=0.024869040299849248 1.0000000180025095e-35 3.5000000000000004 0.015413725602349977 1.0000000180025095e-35 1.0683955935720295 2.3038583728215074 3.5000000000000004 0.21195280718300627 0.14994059852619793 7.9851120092992902 8.5000000000000018 8.0720837068548867 2.3319015350661836 1.0000000180025095e-35 2.5000000000000004 0.17605792936502632 0.044898928177376569 0.032781885571144261 0.36198681841950436 0.094428933784625621 7.5000000000000009 0.14671830223221019 1.0000000180025095e-35 1.6606061988069836 1.0000000180025095e-35 22.500000000000004 1.0000000180025095e-35 0.62800667330029813 1.5142473074030183
decision_type=2 2 2 2 2 2 2 2 2 2 2 2 2 2 2 2 2 2 2 2 2 2 2 2 2 2 2 2 2 2
left_child=1 2 -1 -4 25 6 14 -8 9 -7 -6 12 13 23 15 -2 17 18 -16 20 -18 22 -22 -10 -9 -5 -13 -28 29 -29
right_child=5 -3 3 4 10 8 7 24 11 -11 -12 26 -14 -15 16 -17 19 -19 -20 -21 21 -23 -24 -25 -26 -27 27 28 -30 -31
leaf_value=-1.6220996304911619e-05 5.2491161594509301e-05 -0.00015134108348108285 -0.00010862664476836604 -7.0460031592834075e-05 -9.0928770104607153e-05 -0.0010509312556871283 -0.0085760793653647804 0.018956376781921046 0.032857222108410321 0.00073980752976121698 6.534008983941429e-05 4.3167915689465918e-05 0.001056419374843844 0.0076983508252191401 -0.00010979296918094081 -8.0727907813126783e-05 -0.00095506188284261335 -0.00027301674909163031 0.00015289712614727615 -0.00056272713498114124 0.00036661330119921743 -6.2045262312544678e-06 0.0018945366238478142 0.020256719491835103 -0.0030291371204306805 6.1889220968634669e-05 -0.0012710026764251045 0.00042078632273130677 -0.0031668335003048318 0.0036082753797223748
leaf_weight=9891 10378 1396 3872 4147 241 42 955 50 49 385 480 43789 533 205 134 16389 46 510 51 814 78 148 56 55 188 155 584 505 457 242
leaf_count=9891 10378 1396 3872 4147 241 42 955 50 49 385 480 43789 533 205 134 16389 46 510 51 814 78 148 56 55 188 155 584 505 457 242
internal_value=-0.000333335 -0.00124913 -0.00103961 -0.00173412 -0.00111786 -9.21818e-05 -0.000299864 -0.0019824 3.99168e-05 0.00237705 0.000686545 1.8418e-05 0.00153207 0.00373786 -0.000229689 -0.000161954 -0.00121666 -0.0026259 0.000405404 -0.00035902 0.00185975 0.00280142 0.00582089 0.00798077 0.000882352 -0.00142027 -9.54548e-06 -0.000945191 2.49158e-05 0.00155957
internal_weight=96825 20182 18786 8895 5023 76643 29797 1193 46846 427 721 46419 842 309 28604 26767 1837 695 185 1142 328 282 134 104 238 4302 45577 1788 1204 747
internal_count=96825 20182 18786 8895 5023 76643 29797 1193 46846 427 721 46419 842 309 28604 26767 1837 695 185 1142 328 282 134 104 238 4302 45577 1788 1204 747
is_linear=0
shrinkage=0.05


Tree=185
num_leaves=31
num_cat=0
split_feature=0 6 12 12 14 6 1 12 11 0 2 14 13 12 14 4 3 1 2 0 12 14 12 8 0 12 13 14 14 11
split_gain=8.12163 4.34196 2.74562 2.25988 0.949875 1.29257 0.84096 0.837173 1.19333 0.996925 0.865678 0.894946 0.976761 0.875722 0.807452 0.79503 1.40192 0.779656 1.17571 0.756838 1.20532 1.17693 1.09087 1.20868 1.21669 2.70897 1.03301 0.989186 1.32505 0.814881
threshold=4.5000000000000009 1.0000000180025095e-35 0.014407615121636243 0.032781885571144261 0.094428933784625621 1.0000000180025095e-35 1.5000000000000002 0.24533744914098818 0.14356560726223849 6.5000000000000009 28.500000000000004 0.11125199692356876 0.1134940027656537 0.21195280718300627 0.1241425062426041 1.0000000180025095e-35 1.0000000180025095e-35 3.5000000000000004 2.5000000000000004 21.500000000000004 0.28214596688078336 1.0809422387544811 1.2571163216650165 1.0000000180025095e-35 22.500000000000004 0.41821408167091356 1.3971976855270074 0.45677519373947462 0.1935711841940839 0.2002750255002253
decision_type=2 2 2 2 2 2 2 2 2 2 2 2 2 2 2 2 2 2 2 2 2 2 2 2 2 2 2 2 2 2
left_child=1 2 6 -3 5 17 -1 9 -9 10 11 -6 -13 -14 -10 -4 -17 -2 -19 20 26 -21 23 24 25 -23 27 28 29 -16
right_child=4 3 15 -5 7 -7 -8 8 14 -11 -12 12 13 -15 19 16 -18 18 -20 21 -22 22 -24 -25 -26 -27 -28 -29 -30 -31
leaf_value=-4.7644271959509715e-05 -1.1069337726655837e-06 -0.00015087470924965164 1.300673800747588e-05 0.00011754606370019111 0.00052774327711535996 -0.00015028017228644149 -0.00010652583511454586 -0.0025525105446412783 -0.0015557825665159326 8.1837312435858743e-05 -0.002703072150753336 0.00036574093478617737 0.001095184628086623 0.00037876840013732424 0.0037840441289413596 -5.3035767583817114e-05 -1.5605921097112646e-05 -0.000288647873574176 -5.0816104649017265e-05 -0.0015109385325630907 -0.00016815478428715554 0.0029066454665054092 -0.0098266705646469846 0.00029075932259256098 -0.0014658084034713395 -0.0027286103113583755 0.0024843985403526355 -0.00027042194425781941 0.0065953860205503314 0.0002164003045205848
leaf_weight=605 4337 1376 2111 46 473 608 2996 311 290 4837 84 81 79 50 40 7189 5833 474 3597 603 55358 248 331 3092 250 880 45 241 42 240
leaf_count=605 4337 1376 2111 46 473 608 2996 311 290 4837 84 81 79 50 40 7189 5833 474 3597 603 55358 248 331 3092 250 880 45 241 42 240
internal_value=-0.000388489 -0.00128151 -0.00107932 -0.00394515 -0.000153479 -0.000635538 -0.00232019 -8.91614e-05 -0.000142084 0.000496073 0.00217079 0.00275988 0.00547619 0.00817829 -0.000126501 -0.000784049 -0.000929966 -0.000474549 -0.000971507 -0.000114063 -5.95016e-05 -0.000679128 -0.000417623 -0.000212529 -0.00144412 -0.000744682 0.0021546 0.00157193 0.00338509 0.00214286
internal_weight=96747 20156 18734 1422 76591 9016 3601 67575 61971 5604 767 683 210 129 61660 15133 13022 8408 4071 61370 55966 5404 4801 4470 1378 1128 608 563 322 280
internal_count=96747 20156 18734 1422 76591 9016 3601 67575 61971 5604 767 683 210 129 61660 15133 13022 8408 4071 61370 55966 5404 4801 4470 1378 1128 608 563 322 280
is_linear=0
shrinkage=0.05


Tree=186
num_leaves=31
num_cat=0
split_feature=0 6 1 14 1 9 10 10 9 2 9 10 9 10 4 9 2 12 2 0 2 14 9 13 12 2 11 1 12 11
split_gain=8.3294 3.70075 2.60634 1.67076 1.42743 1.03477 2.41092 1.19721 1.02268 1.01985 0.945723 0.899006 1.39363 0.922074 0.887192 0.785444 0.988369 0.730863 0.727578 0.707784 0.791641 0.953439 0.773898 1.23468 0.861167 0.750475 0.798536 1.05443 0.722131 0.692381
threshold=3.5000000000000004 1.0000000180025095e-35 3.5000000000000004 0.015435897532715202 5.5000000000000009 8.1081937049219608 7.4632771103792059 7.4528553901753378 8.2327807673683022 18.500000000000004 8.2476838746327878 7.10615046080403 7.7325654138638535 6.9233927857041184 8.5000000000000018 7.7908984802696137 2.5000000000000004 0.90547479096102712 3.5000000000000004 19.500000000000004 26.500000000000004 1.6483436658293988 7.9502635013441054 1.7243216747023489 2.3859723522052021 27.500000000000004 1.575826340680816 1.5000000000000002 2.2966739864518382 0.010590463161240328
decision_type=2 2 2 2 2 2 2 2 2 2 2 2 2 2 2 2 2 2 2 2 2 2 2 2 2 2 2 2 2 2
left_child=1 2 18 14 -4 7 10 11 9 -8 -7 12 13 -5 -2 16 -13 29 -1 25 21 -21 23 -23 -25 -19 28 -28 -27 -17
right_child=3 -3 4 5 -6 6 8 -9 -10 -11 -12 15 -14 -15 -16 17 -18 19 -20 20 -22 22 -24 24 -26 26 27 -29 -30 -31
leaf_value=3.7274728528236282e-05 -2.078312486475884e-05 -0.00013956790094509739 -0.00010675317981642976 -5.2154473781334405e-05 -3.9866020900833745e-05 -0.00024331161082469501 0.0015712831384078732 0.0036560985779955746 -7.6998726159106204e-05 -0.00032221519579386229 -0.00042372755834181011 -0.0015989835023636424 -0.00026973688649383517 0.00059810602274417291 -0.00010657255481067972 9.1635791313903712e-05 0.0046560824554035592 0.0022115994298928443 -3.5124908923793846e-05 -0.0081757814788384654 -0.012062586988114949 -0.0070133551905476451 -0.001093524343946222 0.01737904426016916 -0.0020430813440153609 0.0022255635279325434 0.018150706234098264 0.050198323494089939 -0.010124398866806217 -2.8590887924308029e-05
leaf_weight=794 1196 1151 4629 11791 2309 3957 1876 132 37576 484 1192 116 4492 2820 1131 72 721 5521 7319 175 179 73 500 122 44 381 247 42 146 5411
leaf_count=794 1196 1151 4629 11791 2309 3957 1876 132 37576 484 1192 116 4492 2820 1131 72 721 5521 7319 175 179 73 500 122 44 381 247 42 146 5411
internal_value=-0.000364342 -0.00139859 -0.00118962 -0.000155915 -0.00190113 -0.000116563 -0.000272265 9.62547e-05 -0.000140977 0.000868643 -0.00129054 7.71607e-05 -0.000144743 9.20527e-05 -0.00147615 0.000385453 0.00186977 0.000289242 -0.000581167 0.000612381 -0.000562673 3.28216e-05 0.000818673 0.00315899 0.00554217 0.000815053 0.00223039 0.00434256 0.00107211 -0.000148642
internal_weight=96599 16202 15051 80397 6938 78070 45085 32985 39936 2360 5149 32853 19103 14611 2327 13750 837 12913 8113 7430 1093 914 739 239 166 6337 816 289 527 5483
internal_count=96599 16202 15051 80397 6938 78070 45085 32985 39936 2360 5149 32853 19103 14611 2327 13750 837 12913 8113 7430 1093 914 739 239 166 6337 816 289 527 5483
is_linear=0
shrinkage=0.05


Tree=187
num_leaves=31
num_cat=0
split_feature=0 8 14 8 8 3 2 11 12 11 12 11 2 8 10 3 9 2 1 2 11 14 1 13 1 3 2 8 13 8
split_gain=6.71936 2.13997 1.46042 1.25369 1.9351 2.00044 1.33217 1.14913 1.03273 0.811048 0.812769 0.778626 0.683759 0.645232 0.62696 0.658052 0.641078 0.603631 0.591513 0.972996 0.588434 0.8587 0.587202 0.749926 0.737062 0.577737 1.38661 1.03762 1.10204 1.09402
threshold=3.5000000000000004 1.0000000180025095e-35 0.014847717527210735 1.5000000000000002 2.5000000000000004 1.0000000180025095e-35 20.500000000000004 0.021935539619587444 0.024357166212915261 0.02296748177038133 0.015223878896754204 0.016440992560009589 9.5000000000000018 1.5000000000000002 8.244914729201275 1.0000000180025095e-35 8.7923650407824958 4.5000000000000009 1.5000000000000002 4.5000000000000009 0.027715354007347662 0.38686320398709767 1.5000000000000002 0.056092871455200609 5.5000000000000009 1.0000000180025095e-35 26.500000000000004 1.0000000180025095e-35 3.1371312366538722 1.5000000000000002
decision_type=2 2 2 2 2 2 2 2 2 2 2 2 2 2 2 2 2 2 2 2 2 2 2 2 2 2 2 2 2 2
left_child=1 7 12 -3 8 6 -6 14 9 10 -5 17 -2 -14 16 -16 -1 -7 19 -4 21 -13 23 -9 -24 26 -21 28 -27 -29
right_child=2 3 18 4 5 11 -8 22 -10 -11 -12 20 13 -15 15 -17 -18 -19 -20 25 -22 -23 24 -25 -26 27 -28 29 -30 -31
leaf_value=1.5015535078053605e-05 -9.6839275529450342e-05 -9.9304771208457809e-05 -0.00037977116623471311 0.0001941006070280596 -6.3177501000240448e-05 -7.392845979717962e-05 -0.00015390863807682403 0.00013423150272963246 -4.2889367449232888e-05 8.9759662046382579e-05 4.8225049858606662e-08 8.3746100798808869e-05 4.1871088819419977e-06 -0.00011226242406620945 1.8455825122241907e-05 0.00015985130604712742 -0.00014299375505234617 1.0375268170633731e-05 -7.3298116145461049e-05 7.550026689209575e-05 -9.1825299228408188e-05 -0.00014477734323654887 -8.2959155926928937e-05 -2.8601939015141742e-05 8.3803574287253723e-07 0.0012601839648103783 -0.00026232920092018858 -0.00020946992160472125 0.027640865382611315 0.00089092488026691207
leaf_weight=2071 819 4828 1895 45 2895 829 1031 145 170 183 290 524 681 350 105 101 229 607 56026 11376 131 68 1141 404 424 2131 1908 2223 51 3211
leaf_count=2071 819 4828 1895 45 2895 829 1031 145 170 183 290 524 681 350 105 101 229 607 56026 11376 131 68 1141 404 424 2131 1908 2223 51 3211
internal_value=-0.000338626 -0.00126719 -0.000151915 -0.0016296 -0.00119076 -0.00147494 -0.00214722 -0.000357144 0.00132267 0.00243243 0.000970148 -0.000252433 -0.00154054 -0.000683803 0.000367118 0.00300971 0.000130434 -0.000926185 -0.000119322 9.54145e-05 0.00108575 0.00175676 -0.00121571 0.000191256 -0.00170927 0.000193779 -5.27069e-06 0.000540965 0.00146196 0.000171143
internal_weight=96892 16221 80671 11601 6773 6085 3926 4620 688 518 335 2159 1850 1031 2506 206 2300 1436 78821 22795 723 592 2114 549 1565 20900 13284 7616 2182 5434
internal_count=96892 16221 80671 11601 6773 6085 3926 4620 688 518 335 2159 1850 1031 2506 206 2300 1436 78821 22795 723 592 2114 549 1565 20900 13284 7616 2182 5434
is_linear=0
shrinkage=0.05


Tree=188
num_leaves=31
num_cat=0
split_feature=0 6 12 12 7 8 8 3 8 12 13 12 11 6 12 8 11 9 14 0 0 12 12 13 13 4 12 13 0 11
split_gain=7.11188 4.27516 1.78778 1.27847 0.922066 0.729334 1.39336 1.10614 1.21683 0.900123 1.14256 0.79235 0.727706 0.679859 1.50198 0.760888 0.851676 1.15545 1.03962 0.747254 0.955553 0.7463 0.754057 0.677338 0.688444 0.663849 0.610909 0.576582 0.57102 0.53917
threshold=4.5000000000000009 1.0000000180025095e-35 0.014832145907619042 0.029088779508699588 1.0000000180025095e-35 1.0000000180025095e-35 1.5000000000000002 1.0000000180025095e-35 2.5000000000000004 0.023001842673130119 0.071665382508574363 0.015223878896754204 0.012866563056333309 1.0000000180025095e-35 0.18519120925735422 1.0000000180025095e-35 0.90344834611076996 8.1514414483709334 1.4419369525273356 17.500000000000004 20.500000000000004 0.21195280718300627 0.52066231261145879 0.69769726828665923 0.4745487675611883 9.5000000000000018 0.018440340657382558 0.76816602524775013 15.500000000000002 0.0098092139274409528
decision_type=2 2 2 2 2 2 2 2 2 2 2 2 2 2 2 2 2 2 2 2 2 2 2 2 2 2 2 2 2 2
left_child=1 2 -1 -3 13 26 -7 8 9 10 -8 12 -9 -2 -15 19 17 18 23 -16 -21 -19 -23 24 -17 -13 -4 -18 -24 -27
right_child=4 3 5 -5 -6 6 7 11 -10 -11 -12 25 -14 14 15 16 27 21 -20 20 -22 22 28 -25 -26 29 -28 -29 -30 -31
leaf_value=-8.1859669702283745e-05 -5.0487519207083888e-05 -0.00014101034649178449 4.4514546060810116e-05 6.7560279851574284e-05 0.00088003694987017541 -8.0999976273386285e-05 0.00010662903453339665 4.5909218128450941e-05 -5.4124669995666571e-05 -4.4238870451730435e-05 -4.3153271129413014e-05 -0.0001062688907122616 0.00021277326749806176 -0.00014943371079110835 -0.0015168710410023004 0.00039895863133349632 -0.0024457350206314281 0.00065877239954139505 0.0044184122001546715 0.0056579014066482532 -0.0011475548469215399 -0.00066705707351922617 -0.00027892894719026373 -0.0003183597454631001 0.001494316668896092 -7.3439384250744436e-05 -2.062349043166947e-05 -0.0002845947345521371 0.0037918751605646828 3.8343892705912564e-05
leaf_weight=4280 68763 1399 1057 82 2737 3461 181 44 3206 172 111 313 40 727 751 133 186 52 67 247 231 285 114 116 40 359 3859 2314 81 1618
leaf_count=4280 68763 1399 1057 82 2737 3461 181 44 3206 172 111 313 40 727 751 133 186 52 67 247 231 285 114 116 40 359 3859 2314 81 1618
internal_value=-0.000329604 -0.0011649 -0.00096011 -0.00375085 -0.000110225 -0.000693781 -0.000949501 -0.000491398 -0.00103542 0.00135776 0.00304794 0.00034962 0.00511905 -0.00014351 -0.000686753 -0.000354127 3.24663e-05 0.00136261 0.00356741 -0.00141985 0.000125522 -0.000112783 -0.000729168 0.00226643 0.00424855 0.000174671 -0.00019935 -0.000440001 0.00166667 0.000513403
internal_weight=97026 20182 18701 1481 76844 14421 9505 6044 3670 464 292 2374 84 74107 5344 4617 3388 888 356 1229 478 532 480 289 173 2290 4916 2500 195 1977
internal_count=97026 20182 18701 1481 76844 14421 9505 6044 3670 464 292 2374 84 74107 5344 4617 3388 888 356 1229 478 532 480 289 173 2290 4916 2500 195 1977
is_linear=0
shrinkage=0.05


Tree=189
num_leaves=31
num_cat=0
split_feature=0 6 1 1 14 13 7 7 8 8 12 8 3 4 11 13 2 12 2 1 13 12 4 12 0 13 12 14 0 12
split_gain=6.72508 3.94615 2.37087 1.81996 1.35975 1.15359 0.743609 0.71349 0.81798 0.69888 1.14249 0.687168 2.24623 4.00077 1.10025 0.999529 1.01237 0.925083 0.728097 0.845345 2.87778 1.00253 0.711985 0.677177 0.912357 0.953282 1.13711 1.71798 0.958649 0.860782
threshold=3.5000000000000004 1.0000000180025095e-35 3.5000000000000004 5.5000000000000009 0.014847717527210735 0.98432927816226934 1.0000000180025095e-35 1.0000000180025095e-35 1.0000000180025095e-35 1.0000000180025095e-35 0.020744651813237997 1.0000000180025095e-35 1.0000000180025095e-35 1.0000000180025095e-35 0.39922833287343257 0.010228374245728958 11.500000000000002 0.6091033743276294 22.500000000000004 5.5000000000000009 0.058893499034332102 2.8089142424960887 9.5000000000000018 1.144642841892302 20.500000000000004 0.55702142518215469 1.7269930721847415 1.9004715023551899 14.500000000000002 1.0011105265823765
decision_type=2 2 2 2 2 2 2 2 2 2 2 2 2 2 2 2 2 2 2 2 2 2 2 2 2 2 2 2 2 2
left_child=1 2 9 6 -2 7 -4 8 -5 10 -1 12 13 -6 17 16 -13 22 -15 -20 -21 -22 -14 29 25 -25 27 28 -27 -16
right_child=4 -3 3 5 11 -7 -8 -9 -10 -11 -12 15 14 18 23 -17 -18 -19 19 20 21 -23 -24 24 -26 26 -28 -29 -30 -31
leaf_value=8.7233971941485258e-05 -6.5459881390917999e-05 -0.00012524485442677046 -0.00010189010523674345 2.8919975879859763e-05 0.001085617754132392 8.6475330349620476e-05 2.0333398283053354e-05 0.00038455225333103348 -6.3322458619410841e-05 -3.4781644431508514e-05 -3.2550030418515212e-05 -1.1291426002108131e-05 -0.00040132253100042355 -0.000174886267280548 0.0032676260984062936 -8.6978129353756455e-06 0.0001443894324571637 -0.012025824478810157 -0.00031030372377758902 0.00024608313002648846 -0.00111143047075762 0.0071987771095644113 1.927988131925533e-05 -0.013596567502361082 -0.0072932081212877357 0.012975627178590602 0.004057906083726792 0.018363257774448156 -0.00048397561888729226 0.010513372092350072
leaf_weight=792 1857 1145 4460 643 3194 63 167 56 1513 5788 1509 42 392 8610 458 56099 45 124 2158 64 306 196 2845 141 304 161 3037 141 317 144
leaf_count=792 1857 1145 4460 643 3194 63 167 56 1513 5788 1509 42 392 8610 458 56099 45 124 2158 64 306 196 2845 141 304 161 3037 141 317 144
internal_value=-0.000321947 -0.00125372 -0.00103762 -0.00171834 -0.000135488 -0.000560441 -0.00228766 -0.000750453 -0.000895177 -0.000456794 0.000280312 -0.000103964 -0.000336846 -0.000708289 0.00033234 -1.0324e-05 0.00534483 -0.000358525 -0.00114876 -0.00186123 -0.000141344 -0.00141434 -0.00019617 0.000826067 0.000596195 0.000807215 0.0009628 0.00291599 0.00148535 0.00239203
internal_weight=96771 16136 14991 6902 80635 2275 4627 2212 2156 8089 2301 78778 22592 14528 8064 56186 87 3361 11334 2724 566 502 3237 4703 4101 3797 3656 619 478 602
internal_count=96771 16136 14991 6902 80635 2275 4627 2212 2156 8089 2301 78778 22592 14528 8064 56186 87 3361 11334 2724 566 502 3237 4703 4101 3797 3656 619 478 602
is_linear=0
shrinkage=0.05


Tree=190
num_leaves=31
num_cat=0
split_feature=12 6 1 1 5 12 0 11 8 10 7 13 10 14 14 14 8 9 14 12 12 10 2 8 11 12 12 11 11 9
split_gain=6.12192 4.92773 2.57412 1.07687 0.880501 0.971333 0.754672 0.660476 0.83637 0.673747 0.641821 0.598985 1.16801 0.677409 0.601532 1.02705 0.577933 0.941232 1.00269 0.661392 0.810528 0.570924 0.569942 0.566858 0.669666 0.55312 0.601429 0.724277 0.55171 0.54831
threshold=0.024869040299849248 1.0000000180025095e-35 3.5000000000000004 5.5000000000000009 1.0000000180025095e-35 0.015223878896754204 4.5000000000000009 0.013736085451027684 2.5000000000000004 7.1958903639250469 1.0000000180025095e-35 0.014156181120857985 7.911342502051065 0.017379201385000476 0.016021226436167581 0.014847717527210735 1.0000000180025095e-35 7.8371387042249507 0.015435897532715202 0.018440340657382558 0.018035768771074438 7.6337073727208926 28.500000000000004 1.0000000180025095e-35 0.026185372129590826 0.023001842673130119 0.021602113120035484 0.026185372129590826 0.018422664093428496 7.5307873048590457
decision_type=2 2 2 2 2 2 2 2 2 2 2 2 2 2 2 2 2 2 2 2 2 2 2 2 2 2 2 2 2 2
left_child=1 2 6 4 10 -6 16 9 11 29 -4 13 22 14 15 -9 17 -1 -19 20 21 -20 -13 25 -25 26 -5 -28 -23 -8
right_child=-2 -3 3 23 5 -7 7 8 -10 -11 -12 12 -14 -15 -16 -17 -18 18 19 -21 -22 28 -24 24 -26 -27 27 -29 -30 -31
leaf_value=0.00012246052312845959 -4.4494570179560668e-05 -0.00011334491255870886 -8.59157036198315e-05 2.519853894920547e-05 -9.2338610621034187e-05 3.8752044032336978e-05 0.00027020426478260482 0.00021417917633593538 -8.7951455155004004e-05 2.4763598867753347e-05 2.5357497793074388e-05 -4.8283383680390747e-05 0.00013496640513625834 -9.4709029245485825e-05 0.00012044618426896043 -0.00014467830196744367 -3.4017265762435004e-05 0.00022731311779398161 -8.3032998828033074e-05 -3.8816930329259406e-05 0.00024869501916027743 0.00018747757709654809 0.00020898738773160726 -2.4333123450961366e-05 -8.5464719024782646e-05 -5.9574499639946267e-05 0.00010288260436733749 0.00043941894916729583 -3.299651966361421e-05 0.00011605393665844386
leaf_weight=463 76545 1398 5203 147 754 364 44 61 305 226 156 439 91 55 43 44 6412 46 129 1292 59 51 63 1615 398 155 45 41 47 60
leaf_count=463 76545 1398 5203 147 754 364 44 61 305 226 156 439 91 55 43 44 6412 46 129 1292 59 51 63 1615 398 155 45 41 47 60
internal_value=-0.000288939 -0.00106305 -0.000850171 -0.0014688 -0.00180408 -0.000527729 -0.000297081 0.000765198 0.000177111 0.00272727 -0.00207035 0.00103015 0.000227655 0.00337438 0.00513513 0.00309524 -0.00047594 0.000246765 -0.000320198 -0.000532321 0.00164336 0.000286342 -0.000717133 -0.000564349 -0.000901641 0.00118557 0.00272532 0.00604651 0.00316326 0.00605769
internal_weight=96751 20206 18808 8878 6477 1118 9930 1431 1101 330 5359 796 593 203 148 105 8499 2087 1624 1578 286 227 502 2401 2013 388 233 86 98 104
internal_count=96751 20206 18808 8878 6477 1118 9930 1431 1101 330 5359 796 593 203 148 105 8499 2087 1624 1578 286 227 502 2401 2013 388 233 86 98 104
is_linear=0
shrinkage=0.05


Tree=191
num_leaves=31
num_cat=0
split_feature=12 6 1 12 4 2 9 13 9 13 13 8 2 14 7 14 8 12 2 12 12 11 14 9 11 9 13 14 10 8
split_gain=5.16294 4.6509 1.82705 1.30205 0.758605 1.37249 0.979656 0.743055 0.681941 0.927475 0.834082 0.672587 0.932209 0.748888 0.736621 0.659654 1.00663 0.866488 0.790272 0.744998 1.90416 1.14201 0.991859 0.964001 0.849828 1.87784 0.837142 0.79792 0.770122 0.739024
threshold=0.024869040299849248 1.0000000180025095e-35 3.5000000000000004 0.015029169175175128 3.5000000000000004 11.500000000000002 7.1961919126441538 0.96085896151607897 7.6498062368143476 0.016668486383877724 0.014987251844638852 3.5000000000000004 4.5000000000000009 0.086295104002923687 1.0000000180025095e-35 1.6390585273934948 3.5000000000000004 1.9315817605357493 20.500000000000004 0.18052078256183726 0.21195280718300627 0.05686833674621037 0.10401388126354093 8.2681440413724285 0.20737836948696584 8.3487622017190422 0.19863370444022513 0.14025677994862054 7.7216204385013976 1.0000000180025095e-35
decision_type=2 2 2 2 2 2 2 2 2 2 2 2 2 2 2 2 2 2 2 2 2 2 2 2 2 2 2 2 2 2
left_child=1 2 -1 -4 5 -5 -7 11 -8 10 -10 14 13 -13 -6 16 17 18 -2 21 22 23 -21 -20 27 -26 28 -24 -25 -22
right_child=15 -3 3 4 7 6 8 -9 9 -11 -12 12 -14 -15 -16 -17 -18 -19 19 20 29 -23 24 26 25 -27 -28 -29 -30 -31
leaf_value=-1.3133021953753476e-05 -1.1054116084935277e-05 -0.00011657206986242866 -7.4722123484626015e-05 -0.00012524094478440635 -7.1203303523331891e-05 0.00015733369730595056 -7.6656803661304598e-05 8.6844441074393315e-05 5.634006658399249e-05 2.735060985535571e-05 0.00023743890718849097 0.0002097642821839128 -6.2001813042215548e-05 1.1978922889105895e-05 4.9142359878355724e-05 0.00037287459384888715 0.00016085773021959861 -0.0034579978565255397 -5.9773484087878939e-05 0.00014087484484200761 -0.0011441396440095531 -0.00026605568597583247 0.0037125296535240986 0.00011401278664843139 0.00021596282140603237 0.0012449355507616385 -9.4844324172642603e-05 -0.00037659022574463978 5.5056568952816524e-05 -0.00025222892906628513
leaf_weight=9930 26695 1427 3507 379 3213 51 155 51 215 680 72 56 217 91 152 24876 7740 7066 561 269 1335 1625 55 129 84 65 120 112 261 5618
leaf_count=9930 26695 1427 3507 379 3213 51 155 51 215 680 72 56 217 91 152 24876 7740 7066 561 269 1335 1625 55 129 84 65 120 112 261 5618
internal_value=-0.000275653 -0.00098683 -0.000777613 -0.00130049 -0.000808328 0.000122421 0.000967603 -0.00119048 0.000659535 0.00115305 0.00353658 -0.00127246 0.00076923 0.00384354 -0.00149331 -8.81739e-05 -0.000189911 -0.00028242 -0.000185357 -0.000558922 -0.000303795 -0.00127226 0.0024359 -4.66973e-06 0.00433544 0.00708054 0.00156863 0.00188623 0.00269231 -0.000534303
internal_weight=96807 20196 18769 8839 5332 1552 1173 3780 1122 967 287 3729 364 147 3365 76611 51735 43995 36929 10234 7538 2696 585 1071 316 149 510 167 390 6953
internal_count=96807 20196 18769 8839 5332 1552 1173 3780 1122 967 287 3729 364 147 3365 76611 51735 43995 36929 10234 7538 2696 585 1071 316 149 510 167 390 6953
is_linear=0
shrinkage=0.05


Tree=192
num_leaves=31
num_cat=0
split_feature=12 6 1 4 9 13 10 7 8 13 12 10 9 10 12 13 10 2 12 10 11 0 13 11 11 10 9 10 10 9
split_gain=5.46409 3.23943 2.28943 0.951772 1.09877 1.04094 0.894069 0.855029 0.816729 0.785293 0.779751 0.748419 0.725784 0.800035 0.700245 0.634449 0.613285 0.563068 0.611617 0.610627 0.530177 0.881267 1.28378 0.762096 0.661967 0.708155 1.09817 0.568582 0.53327 0.515246
threshold=0.024869040299849248 1.0000000180025095e-35 3.5000000000000004 3.5000000000000004 8.1897475901767134 0.23702000399928555 7.3626386512029613 1.0000000180025095e-35 1.0000000180025095e-35 3.0221673216776108 0.017273622618214992 6.9719225886329967 7.8807449658410187 7.10615046080403 4.6570589242905376 0.012864436323488082 7.3884244819594844 11.500000000000002 0.013454374309724354 7.1141086558181206 0.07376980285404254 12.500000000000002 2.3636632358156966 0.23767433275110014 0.03887794290427448 7.5868140994542168 8.6764404406004125 6.6203509453494425 6.7694745167423287 8.2369583143959542
decision_type=2 2 2 2 2 2 2 2 2 2 2 2 2 2 2 2 2 2 2 2 2 2 2 2 2 2 2 2 2 2
left_child=1 2 29 5 6 17 12 9 10 -2 -7 -11 13 -5 -13 -15 -8 19 -19 -4 24 22 27 -23 25 -9 -27 -22 -29 -1
right_child=7 -3 3 4 -6 8 16 20 -10 11 -12 14 -14 15 -16 -17 -18 18 -20 -21 21 23 -24 -25 -26 26 -28 28 -30 -31
leaf_value=1.195438030357638e-06 -6.6234336356543126e-05 -9.7923883222862581e-05 4.5729798165538127e-05 -5.290641677436291e-05 -8.2263834461409593e-05 0.0001855625556398165 0.00017031954357355487 -6.1498339468492704e-05 -0.00015767485611296631 -0.0051065422076445738 -0.00017887340670912639 0.0048879289582035692 -9.5629562212423523e-05 -9.401895152791418e-05 0.020190960090284281 8.4675432644888067e-05 1.7927556637058366e-05 -6.0474217543461893e-05 5.8203018937945936e-05 -0.00012622849709440845 -0.0014393697904765803 0.0010355221160263202 0.040199627122227292 6.2114278087245446e-05 -0.00014524585602754687 0.00024440453604913801 -6.0411417225753581e-05 0.020523869643684706 0.0021295782520182605 -3.4563318777014308e-05
leaf_weight=5136 71881 1387 62 1495 3507 41 66 291 552 238 61 1317 782 57 107 250 320 332 1088 193 107 73 69 1478 157 71 75 44 789 4711
leaf_count=5136 71881 1387 62 1495 3507 41 66 291 552 238 61 1317 782 57 107 250 320 332 1088 193 107 73 69 1478 157 71 75 44 789 4711
internal_value=-0.000275335 -0.00101048 -0.000837132 -0.00142289 -0.0017346 -0.000556034 -0.00102694 -8.32509e-05 -0.00224771 -0.000117823 0.00186274 0.000956678 -0.00136223 -0.000810212 0.00139045 0.00151466 0.00121762 0.000104476 0.000492957 -0.00205882 0.00072289 0.00103516 0.00218533 0.00028691 -0.000622897 0.000377573 0.00321918 0.00170213 0.00214286 -0.000313295
internal_weight=96737 20040 18653 8806 6477 2329 2970 76697 654 73543 102 1662 2584 1802 1424 307 386 1675 1420 255 3154 2560 1009 1551 594 437 146 940 833 9847
internal_count=96737 20040 18653 8806 6477 2329 2970 76697 654 73543 102 1662 2584 1802 1424 307 386 1675 1420 255 3154 2560 1009 1551 594 437 146 940 833 9847
is_linear=0
shrinkage=0.05


Tree=193
num_leaves=31
num_cat=0
split_feature=0 6 8 14 1 13 9 10 9 8 12 0 0 12 12 0 0 0 12 4 12 13 6 12 11 0 14 12 0 8
split_gain=5.22745 2.46272 1.87455 1.73506 1.16479 0.82711 0.920472 0.808398 0.809085 0.771797 2.95046 1.10877 2.31984 1.57712 1.25878 1.15432 1.31012 1.1462 1.05676 1.4059 0.932835 0.818446 1.31623 1.41514 1.15014 1.03233 1.54347 1.83968 0.995877 1.3315
threshold=2.5000000000000004 1.0000000180025095e-35 1.0000000180025095e-35 0.016021226436167581 3.5000000000000004 0.01151750904252777 7.9056448693510681 8.44047494352351 9.0173367641000919 3.5000000000000004 0.024869040299849248 9.5000000000000018 14.500000000000002 0.50484537123055562 3.132656804889534 18.500000000000004 16.500000000000004 11.500000000000002 0.78721326236926303 8.5000000000000018 0.18052078256183726 1.365868193493416 1.0000000180025095e-35 0.17605792936502632 0.41251442257211318 21.500000000000004 0.11502245135679885 0.21195280718300627 13.500000000000002 1.5000000000000002
decision_type=2 2 2 2 2 2 2 2 2 2 2 2 2 2 2 2 2 2 2 2 2 2 2 2 2 2 2 2 2 2
left_child=1 2 7 5 -4 -2 -7 8 -1 21 -11 -12 13 17 15 16 18 -13 19 -14 -17 22 -5 -24 25 26 -25 -28 29 -23
right_child=3 -3 4 9 -6 6 -8 -9 -10 10 11 12 14 -15 -16 20 -18 -19 -20 -21 -22 28 23 24 -26 -27 27 -29 -30 -31
leaf_value=3.6384157882997491e-06 6.7616284742037419e-07 -0.00010543354375619588 -3.9165164192940869e-05 -3.8449415237211712e-05 -8.4432294655452321e-05 -2.7184931143404829e-05 -7.2470757525310535e-05 0.0001568427770789694 -0.00013189457803835177 0.00012893577368962346 0.00030549816672688747 0.0049045031057002898 -0.00036749220266237622 -0.0046979845873783227 -0.012421515918115411 0.0006245779241758247 0.010528324607421766 -0.00063993916221696768 -0.00060120534241228857 0.014017915217577538 -7.4872311095519975e-05 -0.00037402291329888477 -0.00011651702309547706 -0.00033075498933861575 -0.0010664915906420376 -0.00066133468151636284 0.00088490871374602106 0.0004415679493088393 -0.0001014981115941479 0.0064482735504145213
leaf_weight=2949 1213 886 4383 38548 3724 1070 2352 67 135 304 3080 102 54 1046 178 64 892 1369 917 49 2406 2435 935 119 1128 69 49 136 23697 2594
leaf_count=2949 1213 886 4383 38548 3724 1070 2352 67 135 304 3080 102 54 1046 178 64 892 1369 917 49 2406 2435 935 119 1128 69 49 136 23697 2594
internal_value=-0.00025013 -0.00122036 -0.00102061 -0.000111196 -0.00142285 -0.00105178 -0.00144945 1.428e-05 -0.000103763 -5.68172e-05 0.000343656 0.000198384 -0.00014625 -0.00136472 0.000526315 0.000693746 0.00161611 -0.000309315 0.000392156 0.00519417 -2.02441e-05 -0.000116914 -0.000260347 -0.00138752 -0.000436377 0.00197051 0.00322368 0.00608108 8.77242e-05 0.000726783
internal_weight=96950 12144 11258 84806 8107 4635 3422 3151 3084 80171 10461 10157 7077 2517 4560 4382 1912 1471 1020 103 2470 69710 40984 2436 1501 373 304 185 28726 5029
internal_count=96950 12144 11258 84806 8107 4635 3422 3151 3084 80171 10461 10157 7077 2517 4560 4382 1912 1471 1020 103 2470 69710 40984 2436 1501 373 304 185 28726 5029
is_linear=0
shrinkage=0.05


Tree=194
num_leaves=31
num_cat=0
split_feature=0 6 14 1 1 8 12 0 12 0 0 12 12 4 14 0 6 12 9 12 0 12 0 12 11 10 10 11 4 12
split_gain=3.44143 2.09905 1.37083 1.35153 0.950068 0.859106 3.49582 2.98486 2.25485 1.24023 2.87303 2.00279 1.18586 1.20925 1.03972 1.62647 1.34924 1.2325 1.08202 0.957363 0.912124 1.28857 1.64608 1.87348 1.18152 0.961744 1.41002 1.26479 0.894548 1.22459
threshold=2.5000000000000004 1.0000000180025095e-35 0.015739209582403674 3.5000000000000004 5.5000000000000009 3.5000000000000004 0.03057491011296894 3.5000000000000004 0.026184248440403405 9.5000000000000018 14.500000000000002 0.50484537123055562 3.1935254887084805 5.5000000000000009 1.294277290714531 13.500000000000002 1.0000000180025095e-35 0.92440733752962223 9.1849563733504755 0.90547479096102712 20.500000000000004 1.694458609628106 15.500000000000002 0.78721326236926303 0.5437274715988184 7.5574891900622863 7.2812565621210767 1.3307846004814883 9.5000000000000018 0.23801269327374347
decision_type=2 2 2 2 2 2 2 2 2 2 2 2 2 2 2 2 2 2 2 2 2 2 2 2 2 2 2 2 2 2
left_child=1 3 -2 -1 -5 14 7 -7 -9 -8 11 -11 13 -12 16 -16 -4 19 -19 -17 21 22 23 -15 28 26 -24 -27 29 -22
right_child=2 -3 5 4 -6 6 9 8 -10 10 12 -13 -14 20 15 17 -18 18 -20 -21 24 -23 25 -25 -26 27 -28 -29 -30 -31
leaf_value=-1.61216941757056e-05 -4.5204967810303967e-05 -0.00010097899635930815 -4.9745416017637655e-05 -7.8284445650963585e-05 -1.799349466085435e-05 6.8467718180397023e-05 0.00044926689838061532 0.00039377846893484707 0.0002858343140666864 -0.00029580187399619334 -0.00064343319891367254 -0.005272174415125612 -0.010711296314415706 0.01155086719746759 0.003519231426181445 0.00063220858972433272 -0.00011198026862696787 -0.00088130867976982108 -0.0097879079463395191 0.0076611259854635436 0.0016044569375336067 0.0040368838052549883 0.010336435100565033 -0.0024152356891902148 -0.0027172688300999932 0.037382702877432131 -0.0020080641068072223 0.015884662991668581 8.7200988171959982e-05 0.00061741247904298531
leaf_weight=5992 4211 862 33409 3506 1747 358 2926 43 72 1483 1463 1043 144 56 6219 4285 2391 23138 427 139 53 1187 150 281 450 59 92 102 447 74
leaf_count=5992 4211 862 33409 3506 1747 358 2926 43 72 1483 1463 1043 144 56 6219 4285 2391 23138 427 139 53 1187 150 281 450 59 92 102 447 74
internal_value=-0.000267487 -0.001056 -0.000154779 -0.000873723 -0.00145917 -0.000108771 0.000313363 0.00451374 0.0115217 0.000114884 -0.000242802 -0.00159541 0.0005068 0.000652468 -0.000171982 2.51391e-05 -0.000360336 -0.000137377 -0.000281138 0.000628389 0.00123517 0.00187597 0.00351351 0.000934717 2.92957e-05 0.00566997 0.00367768 0.0086646 0.0015331 0.00523622
internal_weight=96809 12107 84702 11245 5253 80491 10483 473 115 10010 7084 2526 4558 4414 70008 34208 35800 27989 23565 4424 2951 1927 740 337 1024 403 242 161 574 127
internal_count=96809 12107 84702 11245 5253 80491 10483 473 115 10010 7084 2526 4558 4414 70008 34208 35800 27989 23565 4424 2951 1927 740 337 1024 403 242 161 574 127
is_linear=0
shrinkage=0.05


Tree=195
num_leaves=31
num_cat=0
split_feature=0 8 8 8 3 12 2 12 1 2 2 8 13 13 12 2 12 9 10 12 8 14 2 1 3 10 12 9 10 13
split_gain=4.41599 1.5584 1.16943 3.05785 1.89716 1.66092 1.22854 0.762186 0.718347 0.911678 0.805663 1.28462 0.795825 0.768138 0.951821 1.06788 0.744635 0.709952 2.37861 1.13722 0.709618 1.144 0.83355 0.705102 0.738882 0.735993 0.707547 1.15818 0.953301 0.697123
threshold=4.5000000000000009 1.0000000180025095e-35 1.5000000000000002 2.5000000000000004 1.0000000180025095e-35 0.02549002247696816 20.500000000000004 4.6570589242905376 1.5000000000000002 4.5000000000000009 22.500000000000004 1.0000000180025095e-35 0.01151750904252777 0.044898928177376569 0.024869040299849248 28.500000000000004 2.4783214366956514 9.0552094343210126 8.3454429594489259 0.47513863528590267 3.5000000000000004 0.022628002498816965 9.5000000000000018 5.5000000000000009 1.0000000180025095e-35 8.310540370335934 0.029088779508699588 7.9318198620128415 6.9170865212104582 0.92598520035944032
decision_type=2 2 2 2 2 2 2 2 2 2 2 2 2 2 2 2 2 2 2 2 2 2 2 2 2 2 2 2 2 2
left_child=1 23 -3 5 6 -4 20 8 9 -2 29 13 -11 14 -12 -16 -15 18 -14 -20 -5 22 -22 24 -1 -26 27 28 -25 -10
right_child=7 2 3 4 -6 -7 -8 -9 10 12 11 -13 17 16 15 -17 -18 -19 19 -21 21 -23 -24 26 25 -27 -28 -29 -30 -31
leaf_value=-4.3342276225275644e-05 -0.00046082791025669882 -7.1738609885913632e-05 8.0259823809099176e-05 -8.3633546956829387e-05 -3.0936153350830098e-06 -7.418476269104638e-05 -0.00011410848937227713 0.0094285621183646008 -6.9443024468915425e-05 0.00012770105382376272 -9.1714123635970991e-05 -9.4722062851649251e-05 0.00013506646809060999 -0.0010579347876488547 0.00016220914642108453 1.2589907194358908e-06 -0.0014430545997824557 -0.00028684820864595124 0.0050719980349929281 0.013538612850640473 -1.7056783506105411e-05 -5.0926203343747365e-05 0.00014160132403081939 8.3481681219469234e-06 7.9012186759191586e-06 0.00015050926644725334 7.8613083354054671e-05 -4.5262701569645973e-05 0.00029543722851885158 6.042229551193999e-05
leaf_weight=3075 1783 6092 687 2388 2709 152 1238 766 17366 59 89 7706 18166 1981 40 61 783 1408 40 112 124 886 200 90 1674 93 223 446 67 26129
leaf_count=3075 1783 6092 687 2388 2709 152 1238 766 17366 59 89 7706 18166 1981 40 61 783 1408 40 112 124 886 200 90 1674 93 223 446 67 26129
internal_value=-0.000280599 -0.000939239 -0.00121443 -0.000831347 -0.00114977 0.00203218 -0.00174318 -0.000107141 -0.000123015 0.000121011 -0.000220202 -0.000609757 0.000218599 -0.00149628 0.00157895 0.00490099 -0.00170767 0.000201256 0.000284419 0.00651316 -0.00127571 -0.000289257 0.00225309 -0.000236416 -0.00046675 0.000348046 0.0011138 0.000223879 0.0039172 -0.000124728
internal_weight=96633 20144 14476 8384 7545 839 4836 76489 75723 21568 54155 10660 19785 2954 190 101 2764 19726 18318 152 3598 1210 324 5668 4842 1767 826 603 157 43495
internal_count=96633 20144 14476 8384 7545 839 4836 76489 75723 21568 54155 10660 19785 2954 190 101 2764 19726 18318 152 3598 1210 324 5668 4842 1767 826 603 157 43495
is_linear=0
shrinkage=0.05


Tree=196
num_leaves=31
num_cat=0
split_feature=0 6 8 14 4 1 14 9 11 1 2 9 4 9 2 2 8 2 14 12 9 8 12 12 13 1 12 10 12 13
split_gain=3.55866 2.75277 1.4083 1.25151 0.836029 0.820348 1.22624 0.744393 0.81297 0.708155 0.690495 0.853574 0.66222 0.828099 0.637915 0.83441 2.18692 1.33457 1.26952 2.37984 1.49401 0.949903 0.947601 0.784867 0.766216 1.13568 0.730756 0.710901 0.670189 0.871665
threshold=2.5000000000000004 1.0000000180025095e-35 1.0000000180025095e-35 0.016021226436167581 3.5000000000000004 3.5000000000000004 0.99722161406906573 7.8215386808283798 0.014641762360306397 1.0000000180025095e-35 19.500000000000004 8.5286749066711849 1.5000000000000002 8.1429929483392787 21.500000000000004 27.500000000000004 1.0000000180025095e-35 28.500000000000004 0.024121603797408502 0.026997949692522578 8.2681440413724285 2.5000000000000004 3.373311256205707 2.1052781914187464 2.3358729930034792 1.5000000000000002 0.018642403595228313 7.6590385051060039 2.2966739864518382 2.1009979172959063
decision_type=2 2 2 2 2 2 2 2 2 2 2 2 2 2 2 2 2 2 2 2 2 2 2 2 2 2 2 2 2 2
left_child=1 2 7 4 10 9 -7 -1 12 -4 11 -2 13 -9 -5 16 18 28 19 -16 -21 -18 26 -20 -24 -26 27 -19 29 -17
right_child=3 -3 5 14 -6 6 -8 8 -10 -11 -12 -13 -14 -15 15 17 21 22 23 20 -22 -23 24 -25 25 -27 -28 -29 -30 -31
leaf_value=6.5264812617798007e-05 2.0732476703199661e-05 -9.9867225169670816e-05 -7.5750447639465505e-05 -1.5754754440893657e-05 -4.6057623513331647e-05 -8.2941594983887697e-05 7.9495718141380872e-05 -8.5449053519245867e-05 -3.2787998943740162e-05 -1.6476320732299944e-05 0.00020381297159417333 -8.3730539282329106e-05 1.5802330583823986e-05 0.00017486305912552502 -6.5566556573843331e-05 0.0012759583454143041 0.00011379299485318464 1.2439790317654403e-05 -0.00095197343405195784 2.912524588309589e-05 0.0002426088343561277 -0.0001491902446516778 0.0040652719006219777 -0.0036514091027355397 0.072014091658031049 -0.027152271760671334 -0.00019371880605149601 0.00014322839240070594 -0.0091134862191469424 0.01830871687984293
leaf_weight=688 777 872 1239 59023 3506 3658 50 56 1821 3068 90 189 478 129 236 1589 3882 147 1836 63 75 4344 370 1122 96 52 7015 69 252 55
leaf_count=688 777 872 1239 59023 3506 3658 50 56 1821 3068 90 189 478 129 236 1589 3882 147 1836 63 75 4344 370 1122 96 52 7015 69 252 55
internal_value=-0.000286381 -0.00109006 -0.000879147 -0.000172077 -0.000977643 -0.00123207 -0.00177724 1.26091e-05 -0.0003905 -0.000762713 0.000255681 -0.000134577 0.0011086 0.00364865 -0.000126269 -0.000361507 -0.000648037 -1.81453e-05 -0.00172869 0.00101604 0.00623188 -0.00021031 -0.000309073 -0.00207573 0.00175676 0.0047973 -0.000457061 0.00240741 0.00117088 0.00153893
internal_weight=96847 12059 11187 84788 4562 8015 3708 3172 2484 4307 1056 966 663 185 80226 21203 11558 9645 3332 374 138 8226 7749 2958 518 148 7231 216 1896 1644
internal_count=96847 12059 11187 84788 4562 8015 3708 3172 2484 4307 1056 966 663 185 80226 21203 11558 9645 3332 374 138 8226 7749 2958 518 148 7231 216 1896 1644
is_linear=0
shrinkage=0.05


Tree=197
num_leaves=31
num_cat=0
split_feature=0 6 8 11 1 14 13 7 0 11 4 13 13 11 1 6 14 1 2 2 14 10 9 13 8 2 2 14 1 2
split_gain=2.53798 3.25569 1.26029 1.20068 1.16678 0.777334 0.764727 0.709823 0.789935 0.682576 0.631906 0.683197 1.07645 0.71675 0.633586 0.624422 0.869759 0.741344 1.26505 1.0155 0.973784 1.11556 1.0659 0.728476 0.687104 1.5197 2.17393 1.16317 1.43441 1.13059
threshold=4.5000000000000009 1.0000000180025095e-35 1.0000000180025095e-35 0.05686833674621037 3.5000000000000004 0.99722161406906573 0.36836516127008967 1.0000000180025095e-35 18.500000000000004 0.045459919902383739 2.5000000000000004 0.12649949122913601 0.18404661755429819 0.013736085451027684 1.0000000180025095e-35 1.0000000180025095e-35 0.11502245135679885 3.5000000000000004 2.5000000000000004 3.5000000000000004 0.073887093182827615 7.6447098686468502 7.606304309123229 0.21347285111196837 1.0000000180025095e-35 7.5000000000000009 9.5000000000000018 0.022628002498816965 5.5000000000000009 23.500000000000004
decision_type=2 2 2 2 2 2 2 2 2 2 2 2 2 2 2 2 2 2 2 2 2 2 2 2 2 2 2 2 2 2
left_child=1 2 10 -3 9 6 -6 15 -9 -4 11 -1 -13 -14 -15 17 -17 19 -19 20 21 22 -2 -18 25 -20 -27 28 -28 -29
right_child=7 3 4 -5 5 -7 -8 8 -10 -11 -12 12 13 14 -16 16 23 18 24 -21 -22 -23 -24 -25 -26 26 27 29 -30 -31
leaf_value=2.1502000771449628e-06 0.0018261918082121736 -8.5871525308615161e-05 -1.5199169327829015e-05 6.1112869351935038e-05 -4.4291127496684841e-05 7.5468543386750556e-05 -0.0001038632576494116 0.0024760026936338935 -0.001031654839817197 -0.00018678933167715243 -7.1935158116360062e-06 0.00045823528287857325 0.00015749265328966679 0.0002842785429573882 -0.00012582779411023611 -0.00010365858501604901 0.00029966884921480476 -0.00038925943566648713 0.00054736512682210291 -2.6101529914349722e-05 0.0013927655900310841 0.00060290422111871538 -6.3656441530865311e-05 -0.00049012590385695629 -1.5503572025839318e-05 -0.00071022581171307922 -5.5522424394746648e-06 -0.00014584866923793752 0.00015011472286513105 -0.0010653630301454915
leaf_weight=605 41 1409 7033 45 5008 51 1163 2000 729 154 4256 98 114 74 182 666 208 3506 2038 33283 3198 101 141 4419 19882 1044 166 3484 101 1458
leaf_count=605 41 1409 7033 45 5008 51 1163 2000 729 154 4256 98 114 74 182 666 208 3506 2038 33283 3198 101 141 4419 19882 1044 166 3484 101 1458
internal_value=-0.000262114 -0.000760698 -0.000583842 -0.00303989 -0.000842346 -0.00134362 -0.00139443 -0.000130453 0.000661413 -0.000408377 6.66154e-05 0.00115098 0.00258547 0.00135135 -0.000117189 -0.00015976 -0.000682979 -0.000119298 -0.00029657 3.34555e-05 0.00084602 0.00365724 0.00131868 -0.000439811 -0.000185107 -0.000567484 -0.000953943 -0.000536573 0.0026779 -0.00071024
internal_weight=96657 20192 18738 1454 13409 6222 6171 76465 2729 7187 5329 1073 468 370 256 73736 5293 68443 31679 36764 3481 283 182 4627 28173 8291 6253 5209 267 4942
internal_count=96657 20192 18738 1454 13409 6222 6171 76465 2729 7187 5329 1073 468 370 256 73736 5293 68443 31679 36764 3481 283 182 4627 28173 8291 6253 5209 267 4942
is_linear=0
shrinkage=0.05


Tree=198
num_leaves=31
num_cat=0
split_feature=0 6 1 1 13 14 13 11 14 14 12 14 13 0 11 14 11 12 13 4 0 14 14 12 12 11 13 2 12 13
split_gain=2.77435 2.25022 1.2013 0.98974 0.87625 0.812404 0.690813 0.656667 0.994245 0.874706 0.757982 1.12644 1.07628 1.60008 1.11274 0.90327 0.964419 2.88618 0.938523 0.806368 0.974613 0.796961 1.25677 0.749277 1.35697 1.05332 0.808173 0.755822 1.07176 0.824308
threshold=3.5000000000000004 1.0000000180025095e-35 3.5000000000000004 5.5000000000000009 0.36836516127008967 0.47177057315336812 0.98432927816226934 2.6655016853320763 0.7030220205362262 1.1932275766107703 0.86731382346897345 0.47177057315336812 0.35617945172932791 12.500000000000002 0.55908964553542562 0.1935711841940839 0.26180040108017683 0.3066224417723053 0.21347285111196837 9.5000000000000018 7.5000000000000009 0.31107002481476337 0.26983293981221812 0.24533744914098818 0.37712232498372095 0.2890576380407171 1.4821797522496689 6.5000000000000009 0.23107305130311315 0.96085896151607897
decision_type=2 2 2 2 2 2 2 2 2 2 2 2 2 2 2 2 2 2 2 2 2 2 2 2 2 2 2 2 2 2
left_child=1 2 5 4 -4 -1 -5 8 10 -9 12 -12 14 21 15 19 18 -18 -17 20 -2 22 -14 25 -25 -10 27 -27 29 -29
right_child=7 -3 3 6 -6 -7 -8 9 23 -11 11 -13 13 -15 -16 16 17 -19 -20 -21 -22 -23 -24 24 -26 26 -28 28 -30 -31
leaf_value=9.3564669417958376e-07 1.1143976397034695e-05 -7.9312654734867128e-05 -5.5370092062070932e-05 -1.6038517396634987e-05 -0.00011121338012156452 -4.5624519209971297e-05 7.6608477191836185e-05 -0.0048054493878668531 0.00017841714270336599 -0.0013292283354560768 -0.0065090777582579211 -0.0013469853644501768 0.0049517759780546618 -0.00010377214821164726 -0.001720889624256673 0.0014484306525064988 0.0060171190182175573 0.00078679993834882749 -0.00072850575768655451 -5.2492230252705545e-05 -0.00043677162652273178 0.0034663360870199954 -0.0037891924962376818 -0.00078467339219096162 0.00028100392810309339 -0.0007833873517381001 0.001431388138120007 -0.00085706279253777772 0.0025474355054503389 0.00064241628885224782
leaf_weight=6184 7718 1134 3561 2253 1043 1828 67 1229 1669 11298 560 2734 55 1465 1394 251 89 1451 341 8186 1388 866 96 2004 37521 96 58 74 76 98
leaf_count=6184 7718 1134 3561 2253 1043 1828 67 1229 1669 11298 560 2734 55 1465 1394 251 89 1451 341 8186 1388 866 96 2004 37521 96 58 74 76 98
internal_value=-0.000224566 -0.000824519 -0.00066149 -0.00114385 -0.0015682 -0.000244634 -0.000301725 -0.000105122 -4.39959e-05 -0.000437855 -0.000282772 -0.000992715 -0.000182405 0.000801772 -0.000299742 -0.000201813 0.00076923 0.00142857 -0.000945947 -0.000321537 2.19516e-06 0.00232547 -0.00102649 0.000108663 6.00874e-05 0.00103573 0.00333333 0.00241279 0.00387097 0.00168605
internal_weight=96787 16070 14936 6924 4604 8012 2320 80717 68190 12527 26594 3294 23300 2482 20818 19424 2132 1540 592 17292 9106 1017 151 41596 39525 2071 402 344 248 172
internal_count=96787 16070 14936 6924 4604 8012 2320 80717 68190 12527 26594 3294 23300 2482 20818 19424 2132 1540 592 17292 9106 1017 151 41596 39525 2071 402 344 248 172
is_linear=0
shrinkage=0.05


Tree=199
num_leaves=31
num_cat=0
split_feature=12 7 0 6 8 9 10 10 13 12 11 11 8 10 13 11 1 8 2 4 11 2 8 2 12 12 12 13 12 10
split_gain=2.25112 1.17186 1.06928 1.68738 0.764893 0.741 1.30956 0.925183 1.16155 0.692994 0.977842 0.688856 0.674779 0.643244 1.12326 1.27833 0.580602 0.735143 1.40451 1.76397 1.08778 1.06245 1.39636 1.08755 1.03744 0.972868 1.83278 0.974554 1.20316 1.20499
threshold=0.013961081296346161 1.0000000180025095e-35 2.5000000000000004 1.0000000180025095e-35 2.5000000000000004 8.3796608553057741 7.5792850388850068 7.6997150146093967 0.012451765634546091 0.021602113120035484 0.018422664093428496 0.025448572034430007 1.5000000000000002 7.0874860774063952 0.31785451061863679 0.0098092139274409528 2.5000000000000004 1.0000000180025095e-35 6.5000000000000009 2.5000000000000004 4.7289472569738589 8.5000000000000018 2.5000000000000004 29.500000000000004 3.2481109671717454 0.13279959401290262 0.024869040299849248 0.78152899767063733 0.21195280718300627 7.2903283384224205
decision_type=2 2 2 2 2 2 2 2 2 2 2 2 2 2 2 2 2 2 2 2 2 2 2 2 2 2 2 2 2 2
left_child=5 2 3 4 12 6 -1 8 -8 10 -3 -6 13 14 -2 -16 -4 18 20 24 -18 -19 23 -23 -20 26 -21 -27 29 -29
right_child=1 9 16 -5 11 -7 7 -9 -10 -11 -12 -13 -14 -15 15 -17 17 21 19 25 -22 22 -24 -25 -26 27 -28 28 -30 -31
leaf_value=-5.66286155376336e-05 6.344899420531075e-05 -8.4479542501928243e-05 -7.2282175460812631e-06 -7.5407326320683194e-05 -3.6824170631597927e-05 -9.0416987486047098e-05 0.00024971372887674025 -0.00010509748686970354 3.7119326418140613e-05 0.00017955138516230314 0.00031809095753699114 -0.00011110653807858308 5.1308170847946932e-05 -2.8956942779672156e-05 0.00010802381765841068 -6.0658333228651881e-05 1.1886119997324527e-05 -0.00012585324168424934 -4.6798745899249523e-06 -7.2839898951502266e-05 0.038949361167194739 0.00018356153582719113 -9.2199687051148751e-05 -0.00030986667813488918 0.055145612021449755 -0.00080147989149115327 7.6428505909785927e-05 -0.0011743179026199643 -0.0024695350663109425 0.0010115028931373632
leaf_weight=1912 590 46 34708 771 2510 1161 45 98 229 3280 90 515 461 4225 51 584 3865 11929 2072 716 83 9281 9887 690 179 1821 714 48 4028 88
leaf_count=1912 590 46 34708 771 2510 1161 45 98 229 3280 90 515 461 4225 51 584 3865 11929 2072 716 83 9281 9887 690 179 1821 714 48 4028 88
internal_value=-0.000261542 -0.000215163 -0.000249734 -0.00074534 -0.000551702 -0.00151669 -0.000993872 0.00172043 0.00321168 0.000693793 0.00419118 -0.00119835 -0.000220776 -0.000376148 0.000632652 -0.000826773 -0.00018968 -0.000307373 -0.000614809 -0.000939376 0.000179837 -0.000175702 4.8342e-05 0.00046585 0.000286538 -0.00131153 -0.000139861 -0.00159148 -0.00116955 0.00345588
internal_weight=96677 93232 89816 9707 8936 3445 2284 372 274 3416 136 3025 5911 5450 1225 635 80109 45401 13614 9666 3948 31787 19858 9971 2251 7415 1430 5985 4164 136
internal_count=96677 93232 89816 9707 8936 3445 2284 372 274 3416 136 3025 5911 5450 1225 635 80109 45401 13614 9666 3948 31787 19858 9971 2251 7415 1430 5985 4164 136
is_linear=0
shrinkage=0.05


Tree=200
num_leaves=31
num_cat=0
split_feature=0 8 6 14 11 10 2 14 8 12 0 6 12 12 13 14 8 0 3 2 0 2 10 12 11 10 11 0 14 13
split_gain=2.69 1.51188 1.09576 0.84618 0.687315 0.535453 0.685782 0.504281 1.13174 2.33557 3.02884 0.952776 1.47745 0.88704 0.838153 1.44763 0.859524 0.715412 0.91889 0.69562 0.651353 0.623942 0.681853 0.58666 0.596317 0.559096 0.551669 0.925695 0.641637 0.877608
threshold=2.5000000000000004 1.0000000180025095e-35 1.0000000180025095e-35 0.013904522156853769 0.015564262813174108 8.7865750125066491 17.500000000000004 1.3952280761848197 3.5000000000000004 0.029088779508699588 3.5000000000000004 1.0000000180025095e-35 0.17605792936502632 0.026997949692522578 0.17065110039629119 0.11125199692356876 1.5000000000000002 14.500000000000002 1.0000000180025095e-35 25.500000000000004 15.500000000000002 16.500000000000004 7.684298837048785 2.1052781914187464 2.8697367256910922 8.3314205508096446 2.2499107316361919 12.500000000000002 1.182773151721862 1.6512694853941763
decision_type=2 2 2 2 2 2 2 2 2 2 2 2 2 2 2 2 2 2 2 2 2 2 2 2 2 2 2 2 2 2
left_child=1 4 5 -2 -1 -3 -7 8 11 10 19 17 25 -12 15 -14 -17 26 -19 21 -20 22 -10 24 -16 -13 -5 -28 -29 -30
right_child=3 2 -4 7 -6 6 -8 -9 9 -11 13 12 14 -15 23 16 -18 18 20 -21 -22 -23 -24 -25 -26 -27 27 28 29 -31
leaf_value=4.2438427120206895e-05 -4.7360826868677187e-05 -4.5920310059294985e-05 -8.4595650035119643e-05 -8.9755573215295105e-06 -1.9829429527498804e-05 -2.2191789303350996e-05 0.00017811925328997574 8.0970559341309251e-05 1.3639099358915724e-05 6.1105040335756225e-05 0.00057274546468118746 -9.5940801627357735e-05 -0.00030840307121990655 0.00032307442174465289 -0.00021217053143516245 0.0015685434476244841 2.0847022695321932e-05 -0.00016437429497553855 -0.0073091100712320209 0.00010712351742266957 -0.001005123977980599 -5.2543881657301651e-05 0.00019148397670265077 -0.0068163660730304332 0.005663660836920663 2.2189914287319113e-05 -0.0058252473947225719 -0.0032410278905235161 0.0090245108470419534 -0.011023760958957664
leaf_weight=1064 1920 7885 620 28598 2353 140 53 34716 176 6055 52 1035 121 40 1240 70 42 4898 417 82 2531 89 77 199 43 77 1830 120 307 50
leaf_count=1064 1920 7885 620 28598 2353 140 53 34716 176 6055 52 1035 121 40 1240 70 42 4898 417 82 2531 89 77 199 43 77 1830 120 307 50
internal_value=-0.000233747 -0.000930666 -0.00128076 -0.000134164 -3.95095e-05 -0.00112528 0.00147668 -0.00011012 -0.000214855 0.000394916 0.00362403 -0.000311223 -0.00119738 0.0118478 -0.000276969 0.00251073 0.00660714 -0.000246575 -0.000672956 0.00183962 -0.00137042 0.000847952 0.00211462 -0.000715251 -0.000323462 -0.00261691 -0.000138328 -0.000882099 0.00107966 0.00214286
internal_weight=96900 12115 8698 84785 3417 8078 193 82865 48149 6571 516 41578 2827 92 1715 233 112 38751 7846 424 2948 342 253 1482 1283 1112 30905 2307 477 357
internal_count=96900 12115 8698 84785 3417 8078 193 82865 48149 6571 516 41578 2827 92 1715 233 112 38751 7846 424 2948 342 253 1482 1283 1112 30905 2307 477 357
is_linear=0
shrinkage=0.05


Tree=201
num_leaves=31
num_cat=0
split_feature=12 6 12 8 7 6 1 8 11 10 14 1 9 13 12 8 14 11 9 13 12 13 2 11 11 11 11 1 2 2
split_gain=2.15089 1.43267 1.81955 0.913154 0.877509 0.762899 0.940623 0.830861 0.786912 1.21023 0.727022 0.678019 0.659145 0.638499 1.95166 0.611616 0.82113 1.12202 1.52231 0.653613 0.713081 0.587748 0.574932 0.585899 0.679679 0.574184 0.943241 0.56618 1.66319 1.11593
threshold=0.014832145907619042 1.0000000180025095e-35 0.18519120925735422 1.0000000180025095e-35 1.0000000180025095e-35 1.0000000180025095e-35 1.5000000000000002 1.0000000180025095e-35 0.014641762360306397 7.6070344165920707 0.96754055282421392 2.5000000000000004 7.5307873048590457 0.044898928177376569 0.032781885571144261 2.5000000000000004 1.9871049998731232 0.80747147779981054 8.1529538406859938 1.2044135671301424 0.34771450359961475 0.012864436323488082 9.5000000000000018 0.008869493422509889 0.019209702183648973 0.010590463161240328 0.019209702183648973 3.5000000000000004 2.5000000000000004 3.5000000000000004
decision_type=2 2 2 2 2 2 2 2 2 2 2 2 2 2 2 2 2 2 2 2 2 2 2 2 2 2 2 2 2 2
left_child=5 4 13 -4 27 6 25 8 9 -8 21 15 -13 14 -3 16 17 18 -5 20 -20 22 -9 -24 -25 -1 -27 29 -29 -2
right_child=1 2 3 11 -6 -7 7 10 -10 -11 -12 12 -14 -15 -16 -17 -18 -19 19 -21 -22 -23 23 24 -26 26 -28 28 -30 -31
leaf_value=-4.801058912028139e-05 0.00016857338160490446 -4.4815886978888127e-05 -0.00098377438476109167 0.0027264901628969176 0.00020195304163105892 -0.00012968607472463862 -4.1352343455757371e-05 -6.7527469371517841e-05 -4.8909793562280018e-05 0.00017419554353963966 0.00010551563812960246 0.00050461208419378301 -0.00068005214044691256 -9.6154473404219947e-05 0.00019696957104567097 -0.00021079741546399606 0.0084265542385654341 -0.0001217511394068846 0.00047391731802963 0.004945218546465957 -0.0011593442537768948 -7.6637417976949023e-05 2.9654904577273263e-05 -2.4369776857815551e-05 6.72293139973627e-05 7.5849256184147692e-05 -6.519699010161062e-05 -0.00025914983122171485 -3.2334558154302819e-05 -2.1298371445679677e-05
leaf_weight=251 4333 678 1228 90 3182 224 133 328 163 97 40 101 1069 1175 53 1220 173 719 46 40 71 2730 44 259 40 478 115 4167 32617 40823
leaf_count=251 4333 678 1228 90 3182 224 133 328 163 97 40 101 1069 1175 53 1220 173 719 46 40 71 2730 44 259 40 478 115 4167 32617 40823
internal_value=-0.000236176 -0.000181676 -0.000887739 -0.000364727 -0.000126408 -0.00125663 -0.00112014 -0.00145279 0.00072519 0.00260869 -0.00170154 4.39206e-05 -0.000940172 -0.00219308 -0.00103283 0.000532004 0.00136523 0.0007971 0.00370445 0.000732483 -0.00115385 -0.00178036 -0.000454547 0.000976675 0.000183945 0.000390994 0.00123946 -0.000158044 -0.000303666 -3.94201e-05
internal_weight=96687 91785 6663 4757 85122 4902 4678 3834 393 230 3441 3529 1170 1906 731 2359 1139 966 247 157 117 3401 671 343 299 844 593 81940 36784 45156
internal_count=96687 91785 6663 4757 85122 4902 4678 3834 393 230 3441 3529 1170 1906 731 2359 1139 966 247 157 117 3401 671 343 299 844 593 81940 36784 45156
is_linear=0
shrinkage=0.05


Tree=202
num_leaves=31
num_cat=0
split_feature=12 6 12 4 3 8 1 11 11 9 10 10 1 0 12 9 10 9 11 13 13 12 12 12 8 10 11 11 12 10
split_gain=2.026 1.177 2.80879 0.702411 0.965215 0.783835 0.604996 0.587159 0.859753 0.812868 0.744122 0.659694 0.635505 1.07305 0.698718 0.608729 0.579989 1.15404 0.754599 0.687626 0.599183 0.566853 0.865957 0.84516 0.907064 0.609074 0.55498 0.903986 0.696195 0.565944
threshold=0.014205593701191656 1.0000000180025095e-35 0.17605792936502632 8.5000000000000018 1.0000000180025095e-35 1.0000000180025095e-35 3.5000000000000004 2.6655016853320763 1.7121432185695453 7.0417760547946449 6.713588385752419 8.9712685928948392 5.5000000000000009 19.500000000000004 2.0853656062197135 7.5873738590892907 6.9233927857041184 8.0436098002248517 0.015564262813174108 0.01803922348718923 0.15823962081731302 0.018241712731122777 0.10146836030122026 0.029088779508699588 2.5000000000000004 7.0364507636117475 0.43839986880256293 0.16832285013800702 0.34771450359961475 7.0537470436129821
decision_type=2 2 2 2 2 2 2 2 2 2 2 2 2 2 2 2 2 2 2 2 2 2 2 2 2 2 2 2 2 2
left_child=3 7 21 6 -5 -6 16 8 -2 -10 -9 -11 13 -12 -14 -16 -1 18 -18 -19 -21 -3 23 25 -25 -23 27 -4 -28 -29
right_child=1 2 26 4 5 -7 -8 10 9 11 12 -13 14 -15 15 -17 17 19 -20 20 -22 22 -24 24 -26 -27 28 29 -30 -31
leaf_value=-0.0001091988410424879 -1.4106073488964356e-05 -8.7310241608468749e-05 -0.0010856240897475081 -0.0001223014930689453 0.00010043995513939778 -5.6209785348314867e-05 -4.6050654360386692e-05 -0.0082287207939485997 0.017894085681485677 0.00098058834547670379 -0.0020445662904587311 0.0073573048135885423 -0.0080344453250435661 -0.0089719147981769994 0.026285818802897255 0.0030180791160692184 0.00014336261826303331 6.4155112183023069e-05 5.5675191327749147e-05 -0.00015892102106918382 1.1459893620329947e-05 -0.00011371083711729795 -0.00073378323297834506 0.00016926120500773494 -1.9365342955246232e-05 -3.2691755884473858e-05 -0.0020805751400185079 0.00048319144585541476 -0.00024684677859461234 0.00012640618735128967
leaf_weight=82 62330 571 52 522 128 1081 1529 829 143 12426 7015 56 245 843 87 2144 52 112 40 92 182 161 405 62 76 694 78 121 4121 430
leaf_count=82 62330 571 52 522 128 1081 1529 829 143 12426 7015 56 245 843 87 2144 52 112 40 92 182 161 405 62 76 694 78 121 4121 430
internal_value=-0.000180388 -0.000133978 -0.000768721 -0.0013089 -0.00205373 -0.00127792 -0.00069172 -8.40719e-05 -3.36881e-05 0.000342573 -0.000422379 0.00029963 -0.000306756 -0.000526853 0.00039176 0.000670102 0.000714285 0.00138075 0.00641304 0.000181346 -0.00116788 -0.00235907 -0.00181688 -0.00102216 0.00260869 -0.00160819 -0.000116619 0.00130182 -0.000320316 0.00189655
internal_weight=96709 92889 6771 3820 1731 1209 2089 86118 74955 12625 11163 12482 10334 7858 2476 2231 560 478 92 386 274 1969 1398 993 138 855 4802 603 4199 551
internal_count=96709 92889 6771 3820 1731 1209 2089 86118 74955 12625 11163 12482 10334 7858 2476 2231 560 478 92 386 274 1969 1398 993 138 855 4802 603 4199 551
is_linear=0
shrinkage=0.05


Tree=203
num_leaves=31
num_cat=0
split_feature=12 6 1 1 2 6 14 13 12 13 10 14 8 12 12 13 12 11 9 10 10 10 9 10 9 14 11 12 13 11
split_gain=2.02515 2.14651 0.937966 1.33819 1.07004 0.600552 1.0256 0.585442 0.616642 0.563191 0.535185 0.532926 0.752115 0.503164 0.895504 0.983893 0.488537 0.626902 0.764771 0.695344 0.896435 0.607209 0.536176 0.805885 0.513458 0.499695 0.493839 1.00558 0.472371 0.466925
threshold=0.017094184078422146 1.0000000180025095e-35 5.5000000000000009 3.5000000000000004 23.500000000000004 1.0000000180025095e-35 1.3234149717375743 0.18404661755429819 0.014622045854339181 0.0092393011469775414 7.2861132186612787 0.45677519373947462 1.0000000180025095e-35 0.62800667330029813 0.52066231261145879 1.7760424220819302 2.1877790537261439 3.4272328614264569 7.7737608275368482 7.729386303252606 7.8888694828249184 6.8283963286207827 8.2511829124804308 7.1455246758823021 7.5975478300871142 1.5915062091090195 2.1663703362806506 1.9504574441721767 0.014627507163046604 2.7869984834027313
decision_type=2 2 2 2 2 2 2 2 2 2 2 2 2 2 2 2 2 2 2 2 2 2 2 2 2 2 2 2 2 2
left_child=1 2 3 9 11 -2 -7 10 -9 -1 -4 -5 -13 14 -8 -16 25 19 21 22 -21 -19 23 24 -18 26 -15 -28 -6 -24
right_child=5 -3 7 4 28 6 13 8 -10 -11 -12 12 -14 16 15 -17 17 18 -20 20 -22 -23 29 -25 -26 -27 27 -29 -30 -31
leaf_value=8.6981696927657158e-05 -1.9041272151539429e-05 -9.1035495583791058e-05 0.00022638117289648738 -2.9352370703131846e-05 -6.2449622988067427e-06 -6.7497196333276982e-05 -0.00014573599376252187 3.9346333515715132e-05 -7.4631445563395991e-05 -1.5096952455005857e-05 2.4865398112362565e-05 0.0001276606339773022 -0.00010793911062117356 -0.00030977994290506137 0.0020141616040983581 0.00038427853398534731 0.00071582068093648194 0.001104058808454758 -0.0019174489742750317 0.0063469444287134087 0.0046123906343377543 0.015299508506142695 -0.0060963253558509256 0.0039905331785718319 -0.0034235174942318781 -0.0021908184295755277 0.0064292219229301539 -0.0019351264696999965 -0.00011506906909847232 0.0014875176918791836
leaf_weight=49 81019 572 90 3517 86 3339 162 77 191 3640 180 80 437 273 46 49 44 73 617 40 107 47 75 92 83 1066 51 44 592 61
leaf_count=49 81019 572 90 3517 86 3339 162 77 191 3640 180 80 437 273 46 49 44 73 617 40 107 47 75 92 83 1066 51 44 592 61
internal_value=-0.000201398 -0.000894229 -0.000704219 -0.00083383 -0.00139219 -0.000125906 -0.000597385 0.0013197 -0.000335822 -0.00012063 0.00296296 -0.00108329 -0.00258221 8.5323e-05 0.00219844 0.00605263 -0.000117846 0.000609361 -0.000318861 0.00197211 0.00486394 0.00333333 0.000774647 0.00230593 -0.000275592 -0.000746166 0.00084239 0.00394737 -0.00323009 -0.00169118
internal_weight=96799 9511 8939 8401 4712 87288 6269 538 268 3689 270 4034 517 2930 257 95 2673 1239 737 502 147 120 355 219 127 1434 368 95 678 136
internal_count=96799 9511 8939 8401 4712 87288 6269 538 268 3689 270 4034 517 2930 257 95 2673 1239 737 502 147 120 355 219 127 1434 368 95 678 136
is_linear=0
shrinkage=0.05


Tree=204
num_leaves=31
num_cat=0
split_feature=12 6 12 1 2 9 1 11 12 11 11 12 13 11 12 7 13 12 9 13 9 14 14 9 9 14 9 10 10 4
split_gain=1.48992 1.34726 1.83972 0.740587 0.760293 0.754862 0.908784 0.721406 0.89359 0.808383 0.773064 0.698166 0.687049 2.34105 0.6857 0.677867 0.674116 0.715278 0.667813 0.667781 0.950979 0.627944 0.922411 0.65579 0.573669 0.53523 0.52018 2.55735 1.06001 0.937266
threshold=0.014205593701191656 1.0000000180025095e-35 0.17605792936502632 1.0000000180025095e-35 20.500000000000004 8.3466544309810846 5.5000000000000009 0.90344834611076996 0.52066231261145879 0.41251442257211318 0.37429226967300683 0.27153305017447688 0.044898928177376569 0.050315912941337006 1.3835488272055205 1.0000000180025095e-35 0.020304697831975856 0.024357166212915261 7.7672331243730399 2.0602742580323112 8.6478318707770452 0.42384005681624831 0.11125199692356876 8.4584754540489637 8.1429929483392787 0.86746141427363688 8.2511829124804308 7.5285888970404775 7.5208607374836234 8.5000000000000018
decision_type=2 2 2 2 2 2 2 2 2 2 2 2 2 2 2 2 2 2 2 2 2 2 2 2 2 2 2 2 2 2
left_child=3 15 12 18 5 6 -5 8 9 10 21 -12 13 -3 -9 26 -17 -18 -1 20 -10 22 -4 24 -24 -16 28 -28 -2 -30
right_child=1 2 7 4 -6 -7 -8 14 19 -11 11 -13 -14 -15 25 16 17 -19 -20 -21 -22 -23 23 -25 -26 -27 27 -29 29 -31
leaf_value=-9.2713381968094976e-05 -1.5688606444067777e-05 -4.4066532466514783e-05 -0.00039811896103751025 -2.1216584753702123e-05 -0.00010331863669584016 -7.1717723719803817e-05 0.00022979871563289097 -0.0019699827164980678 0.0031994780174434676 -0.0008260201935979929 0.0011219826661150263 0.00018691325024912782 -8.3885224260053562e-05 0.00023906627556909908 -0.0079102008596286851 -0.00012791431272140473 0.00015544979993937737 0.00032552795888022765 0.0001499536775768375 -0.0013483666503562373 -0.00061602481266891606 -0.00040267544777146662 0.00031695959128983601 0.0010257052427141515 -0.00024251309081666113 -0.00017057761540779828 -0.00021906562210328344 -3.281148070468585e-05 0.0010050478384533116 -7.8974921803257589e-06
leaf_weight=47 40769 734 88 1836 688 1091 42 821 262 342 44 43 1171 53 113 233 140 2862 114 56 64 216 60 55 42 2581 1750 37642 1568 1321
leaf_count=47 40769 734 88 1836 688 1091 42 821 262 342 44 43 1171 53 113 233 140 2862 114 56 64 216 60 55 42 2581 1750 37642 1568 1321
internal_value=-0.000207956 -0.000168226 -0.000848778 -0.00117601 -0.00132212 -0.000975077 -0.000367413 -0.000320661 0.000699684 -0.000168541 0.0010219 0.00534483 -0.00213994 -0.00099746 -0.000689902 -0.000115027 0.000595053 0.000796135 0.00214286 0.00272251 0.00358896 0.000206073 0.00193877 0.00423567 0.00186274 -0.000304381 -0.000142686 -0.000274422 -2.38227e-05 0.000901695
internal_weight=96848 93030 6745 3818 3657 2969 1878 4787 1272 890 548 87 1958 787 3515 86285 3235 3002 161 382 326 461 245 157 102 2694 83050 39392 43658 2889
internal_count=96848 93030 6745 3818 3657 2969 1878 4787 1272 890 548 87 1958 787 3515 86285 3235 3002 161 382 326 461 245 157 102 2694 83050 39392 43658 2889
is_linear=0
shrinkage=0.05


Tree=205
num_leaves=31
num_cat=0
split_feature=0 8 8 8 3 12 0 14 10 2 2 10 13 2 2 12 1 2 12 9 12 11 1 10 10 10 10 9 10 9
split_gain=1.75935 1.16743 1.23498 2.82206 1.84335 1.09434 1.05046 1.59609 0.885528 0.881279 0.750048 0.81432 0.725318 0.697028 0.776028 0.653356 0.912916 0.765145 0.603749 0.61147 1.04775 1.01765 1.05362 1.02196 0.961453 0.94681 0.563119 0.560307 1.45794 0.891282
threshold=4.5000000000000009 1.0000000180025095e-35 1.5000000000000002 2.5000000000000004 1.0000000180025095e-35 0.024869040299849248 5.5000000000000009 0.07579886385575714 6.5819866644524661 20.500000000000004 17.500000000000004 6.6203509453494425 0.069094771518869988 20.500000000000004 25.500000000000004 0.015223878896754204 3.5000000000000004 28.500000000000004 0.021008604565243089 7.9232878452497006 0.026997949692522578 0.017404503881724414 5.5000000000000009 7.0364507636117475 7.4632771103792059 6.713588385752419 7.1898750145359802 8.1610506823211146 7.6447098686468502 8.5135740733222711
decision_type=2 2 2 2 2 2 2 2 2 2 2 2 2 2 2 2 2 2 2 2 2 2 2 2 2 2 2 2 2 2
left_child=1 13 -3 5 9 15 12 -8 -6 10 -5 -12 27 18 -15 -4 17 -17 -1 20 21 -20 23 25 -21 -23 -13 -2 -29 -30
right_child=6 2 3 4 8 -7 7 -9 -10 -11 11 26 -14 14 -16 16 -18 -19 19 24 -22 22 -24 -25 -26 -27 -28 28 29 -31
leaf_value=3.8098561840603067e-05 3.1352214735057129e-05 -5.0535109288272161e-05 0.00024350083605843571 -4.524437601228842e-05 -9.477577616762556e-05 -4.4285844044957272e-05 -0.00034021237084936408 -7.4297536448266854e-05 1.3560016364223315e-05 -7.8066756622807519e-05 0.00039242292139823133 -0.00012525877858991731 0.00075591756750213951 -5.6463216638361714e-05 6.0474055283934981e-06 9.5907247183763585e-05 4.9581274923486664e-05 -1.3662485108596467e-05 -3.6213140931055807e-05 -0.00014403933945811046 -8.6820939257028666e-05 8.6746095096236129e-05 0.00036537633645336814 0.00019480565648601829 1.681103542955147e-06 -8.4345897311325279e-05 8.814530439481017e-05 -4.4558293209668889e-05 7.9247068470232341e-05 1.900302699252049e-06
leaf_weight=2066 1812 5990 51 3079 195 189 3088 69553 2514 1278 45 151 46 698 970 296 239 59 125 454 120 47 79 70 1121 99 349 742 505 929
leaf_count=2066 1812 5990 51 3079 195 189 3088 69553 2514 1278 45 151 46 698 970 296 239 59 125 454 120 47 79 70 1121 99 349 742 505 929
internal_value=-0.000180954 -0.000595051 -0.00083651 -0.000447011 -0.000749574 0.00231415 -7.14065e-05 -0.000115019 0.000297156 -0.00132803 -0.000929913 0.000779815 0.00071393 8.53655e-07 -0.000863311 0.00329457 0.00282828 0.00443662 0.00034561 -0.000248228 0.0012037 0.00238095 0.00398305 0.00217592 -0.000746033 -0.000205481 0.000199999 0.000641925 0.000101102 0.00103208
internal_weight=96959 20284 14435 8445 7611 834 76675 72641 2709 4902 3624 545 4034 5849 1668 645 594 355 4181 2115 540 420 295 216 1575 146 500 3988 2176 1434
internal_count=96959 20284 14435 8445 7611 834 76675 72641 2709 4902 3624 545 4034 5849 1668 645 594 355 4181 2115 540 420 295 216 1575 146 500 3988 2176 1434
is_linear=0
shrinkage=0.05


Tree=206
num_leaves=31
num_cat=0
split_feature=0 6 8 8 3 8 14 12 8 14 2 10 12 1 0 0 8 8 11 0 8 12 4 4 12 1 14 8 8 12
split_gain=2.11923 1.76159 0.937541 1.21963 1.13781 1.32259 0.943155 1.17407 0.887792 0.992734 0.830586 0.712502 0.706357 0.839725 0.70122 1.33482 1.27767 2.20372 1.3016 1.14951 0.983621 1.74933 1.29905 1.23238 1.1178 1.06846 1.358 0.951614 1.59268 1.26885
threshold=4.5000000000000009 1.0000000180025095e-35 1.0000000180025095e-35 1.5000000000000002 1.0000000180025095e-35 2.5000000000000004 0.079833095026609027 0.024357166212915261 3.5000000000000004 0.11125199692356876 23.500000000000004 8.4737657896900132 0.016174109248933727 3.5000000000000004 19.500000000000004 17.500000000000004 1.5000000000000002 2.5000000000000004 2.58994535021841 15.500000000000002 1.0000000180025095e-35 3.5351141344718853 1.0000000180025095e-35 7.5000000000000009 3.1935254887084805 2.5000000000000004 2.0904543030714344 1.0000000180025095e-35 1.5000000000000002 0.21195280718300627
decision_type=2 2 2 2 2 2 2 2 2 2 2 2 2 2 2 2 2 2 2 2 2 2 2 2 2 2 2 2 2 2
left_child=1 2 11 -4 5 6 7 -5 -6 -10 -7 -1 13 -11 15 16 18 19 -2 -18 21 25 -23 -24 -22 26 -17 29 -29 -16
right_child=14 -3 3 4 8 10 -8 -9 9 12 -12 -13 -14 -15 27 20 17 -19 -20 -21 24 22 23 -25 -26 -27 -28 28 -30 -31
leaf_value=-5.7442429775392878e-07 -4.3262556193881404e-05 -5.3746756321755438e-05 -4.5900690951039769e-05 0.0001105468977333617 -1.105826120373311e-05 -3.2396179400540409e-05 -3.436878884254995e-05 -7.8002894780547375e-05 0.00018192531955519566 0.00010805071675747912 -0.00010911719361681836 0.00010284518129863302 -8.9841926177031006e-05 -3.0235499047595157e-05 0.0006819362725479128 0.050951225041500396 0.0022349630074598751 1.9356824425703875e-05 -0.0048674747542664949 -0.0047777398747517403 0.0014465029428331851 0.071251389817540853 -0.013145646600789599 0.0080875036936119121 -0.0054180434249126355 0.0126710618382124 0.022094361373561546 0.0014143439626788303 -0.00037773837633480346 -0.0013745367638661307
leaf_weight=5282 27017 1385 5648 248 2116 3613 157 74 438 85 720 83 281 93 480 52 1871 19765 3522 327 5079 166 411 894 706 540 201 4847 6700 4077
leaf_count=5282 27017 1385 5648 248 2116 3613 157 74 438 85 720 83 281 93 480 52 1871 19765 3522 327 5079 166 411 894 706 540 201 4847 6700 4077
internal_value=-0.000188279 -0.000643575 -0.000517041 -0.000739629 -0.000335464 -0.000812553 0.00168058 0.00322981 0.000426484 0.0017447 -0.00108816 4.19373e-05 0.000119825 0.00258427 -6.81637e-05 9.82524e-06 -8.20933e-05 0.000208759 -0.000291268 0.00171064 0.000609391 0.00149293 0.000472467 -5.74725e-05 0.000263612 0.00338588 0.00606719 -0.000361402 -0.000119946 -0.000973229
internal_weight=96878 20223 18838 13473 7825 4812 479 322 3013 897 4333 5365 459 178 76655 60551 52502 21963 30539 2198 8049 2264 1471 1305 5785 793 253 16104 11547 4557
internal_count=96878 20223 18838 13473 7825 4812 479 322 3013 897 4333 5365 459 178 76655 60551 52502 21963 30539 2198 8049 2264 1471 1305 5785 793 253 16104 11547 4557
is_linear=0
shrinkage=0.05


Tree=207
num_leaves=31
num_cat=0
split_feature=0 6 13 7 13 2 1 0 11 14 11 13 8 0 11 11 1 1 2 2 0 10 2 13 13 11 10 0 13 9
split_gain=1.77086 1.40233 0.79376 0.695112 0.680511 0.973411 0.674096 0.608925 0.63884 0.647715 0.588903 0.657153 0.585794 0.949508 1.8642 0.679093 0.669319 0.61919 0.772594 0.87471 0.696191 1.48137 0.637257 0.569835 0.79565 0.562666 0.558072 0.556819 1.21583 0.613128
threshold=4.5000000000000009 1.0000000180025095e-35 0.01151750904252777 1.0000000180025095e-35 0.42099630865526533 29.500000000000004 1.5000000000000002 21.500000000000004 2.1396246490835984 0.59995196162031739 2.6655016853320763 0.76816602524775013 3.5000000000000004 3.5000000000000004 0.020045961608430276 0.045459919902383739 5.5000000000000009 3.5000000000000004 9.5000000000000018 23.500000000000004 1.0000000180025095e-35 8.0533306444494901 7.5000000000000009 0.021898487278408107 0.056092871455200609 1.1290066874173572 8.0710839041591047 12.500000000000002 2.394618835683934 7.9056448693510681
decision_type=2 2 2 2 2 2 2 2 2 2 2 2 2 2 2 2 2 2 2 2 2 2 2 2 2 2 2 2 2 2
left_child=1 4 -2 7 6 -6 -1 10 9 -9 -4 -12 16 -14 -15 -16 17 20 22 23 21 -8 -19 -20 -25 26 -5 28 -27 -29
right_child=2 -3 3 25 5 -7 12 8 -10 -11 11 -13 13 14 15 -17 -18 18 19 -21 -22 -23 -24 24 -26 27 -28 29 -30 -31
leaf_value=1.1480838363141487e-05 5.1970163676601385e-05 -5.0445537672083304e-05 1.2340206836823401e-05 0.00013768280948618482 -4.5457590825004699e-05 0.00012274808337146492 3.1074630134531896e-06 -0.00055971318751318313 -0.0095253104192238522 -0.0002379120470184949 -0.013434077748641277 -0.0014372221919884719 -7.3640906010385837e-06 0.000234079424546389 0.00017244061903750449 -0.00019553894047082262 5.7871719448446419e-06 -5.5923750596908304e-05 -3.1480566685878321e-05 -8.3208896671993607e-05 -2.3754221960877826e-05 0.00039184151713406759 -9.829389015142405e-05 0.00029055651344324406 1.4436731386627508e-05 0.0052084250775286389 -0.00060368987217684184 0.014471064036394789 0.045639639729919079 -0.00065241756868051086
leaf_weight=4228 388 1448 54041 861 3113 172 230 499 78 7219 242 11203 1226 43 200 101 2030 1415 663 658 3081 56 728 67 736 490 123 416 64 776
leaf_count=4228 388 1448 54041 861 3113 172 230 499 78 7219 242 11203 1226 43 200 101 2030 1415 663 658 3081 56 728 67 736 490 123 416 64 776
internal_value=-0.000149336 -0.000565735 -3.92682e-05 -5.07826e-05 -0.00044994 -0.0011035 -0.000311086 -7.99663e-05 -0.000497692 -0.000452191 -3.02367e-05 -0.000356052 -0.000513621 0.000382164 0.00270349 0.00131229 -0.000659149 -0.000873724 -0.00127373 -0.00059793 -0.000366797 0.00199301 -0.00194354 8.18542e-05 0.000977583 0.0007326 -0.000223578 0.00127148 0.00258123 0.00066275
internal_weight=96595 20195 76400 76012 18747 3285 15462 73282 7796 7718 65486 11445 11234 1570 344 301 9664 7634 4267 2124 3367 286 2143 1466 803 2730 984 1746 554 1192
internal_count=96595 20195 76400 76012 18747 3285 15462 73282 7796 7718 65486 11445 11234 1570 344 301 9664 7634 4267 2124 3367 286 2143 1466 803 2730 984 1746 554 1192
is_linear=0
shrinkage=0.05


Tree=208
num_leaves=31
num_cat=0
split_feature=11 6 12 1 1 8 14 13 14 11 14 14 0 2 12 8 8 12 14 14 0 13 13 11 8 0 2 12 0 12
split_gain=1.71017 1.81873 1.34668 1.06121 2.14687 1.22464 0.736009 0.797432 0.724302 0.655842 1.54198 1.11053 0.996077 0.775303 0.769312 1.00234 1.116 0.764592 1.87319 0.866261 0.807426 0.843667 0.68371 0.673398 0.713242 1.39993 1.08445 0.662528 1.40546 1.48973
threshold=0.13817021750351233 1.0000000180025095e-35 0.24533744914098818 5.5000000000000009 3.5000000000000004 1.0000000180025095e-35 0.094428933784625621 0.071665382508574363 0.053813276110247325 0.43839986880256293 0.25236997910659409 0.07579886385575714 21.500000000000004 15.500000000000002 1.3511854668059446 1.0000000180025095e-35 1.5000000000000002 0.76537315468129263 0.45677519373947462 1.8436487260493313 8.5000000000000018 0.44937201345838279 0.20559621943952835 0.88689386011493176 3.5000000000000004 14.500000000000002 10.500000000000002 1.0589607478781462 22.500000000000004 0.76537315468129263
decision_type=2 2 2 2 2 2 2 2 2 2 2 2 2 2 2 2 2 2 2 2 2 2 2 2 2 2 2 2 2 2
left_child=1 2 3 4 -1 6 7 -5 -6 11 -11 13 17 -2 15 -14 27 19 -19 22 21 -20 -12 24 -24 -26 -27 28 29 -17
right_child=9 -3 -4 5 8 -7 -8 -9 -10 10 12 -13 14 -15 -16 16 -18 18 20 -21 -22 -23 23 -25 25 26 -28 -29 -30 -31
leaf_value=-5.5193088662194599e-06 -4.788171624656916e-05 -4.8430447768960794e-05 -0.0023754365531186428 6.1472262372384137e-05 -2.7853939422292675e-05 -6.8430030706716165e-06 4.7448360279890425e-06 0.0010068653111643113 -6.9625820231550525e-05 -0.0016427569799333918 -0.002287402967146131 0.00018437757619296812 -0.0018226977890633254 -0.00056005125043177709 -0.011270868792106613 0.0068366170737526617 -0.0021697203731690872 -0.0043332720003606169 0.009026280431636868 -0.0033684862766033574 -0.00018165995459748597 0.0034611352348709969 0.0018416120806093233 -0.00041340621502731405 -0.0014001962758519101 0.0079373315716210497 -0.00089708685511208071 -0.0022585250288790666 -0.00035899747530053244 0.0044697890676057483
leaf_weight=13960 1048 1858 289 586 3599 2622 466 90 4813 1290 93 11381 731 472 212 40 528 780 64 111 45050 1469 2017 606 540 63 54 553 919 387
leaf_count=13960 1048 1858 289 586 3599 2622 466 90 4813 1290 93 11381 731 472 212 40 528 780 64 111 45050 1469 2017 606 540 63 54 553 919 387
internal_value=-0.000173802 -0.000500832 -0.000394514 -0.00035698 -0.000487664 0.000419765 0.00178634 0.00284024 -0.00111864 -3.85932e-05 -0.00011323 0.000282535 -7.25799e-05 -0.000986843 -0.000905046 -0.000709311 -0.000220438 -1.74063e-05 -6.99925e-05 0.000697473 -2.93037e-05 0.00109915 0.000840497 0.000960365 0.00130142 -0.000129377 0.00482906 0.000344917 0.000943535 0.00331382
internal_weight=96691 28283 26425 26136 22372 3764 1142 676 8412 68408 55507 12901 54217 1520 3370 3158 2427 50847 47363 3484 46583 1533 3373 3280 2674 657 117 1899 1346 427
internal_count=96691 28283 26425 26136 22372 3764 1142 676 8412 68408 55507 12901 54217 1520 3370 3158 2427 50847 47363 3484 46583 1533 3373 3280 2674 657 117 1899 1346 427
is_linear=0
shrinkage=0.05


Tree=209
num_leaves=31
num_cat=0
split_feature=12 1 8 0 6 4 9 12 8 10 10 8 4 10 11 14 14 11 11 2 12 2 9 14 12 9 1 11 9 10
split_gain=1.19049 0.738562 0.761194 0.653324 0.683651 0.637523 0.570493 0.556914 0.569595 0.559011 0.52876 0.510397 0.714993 0.673595 0.850311 0.561022 0.640735 0.729285 0.79836 0.481056 0.468898 0.453803 0.575822 0.525777 0.755056 0.44954 0.796347 0.627451 0.446431 1.78426
threshold=0.014205593701191656 1.0000000180025095e-35 1.0000000180025095e-35 2.5000000000000004 1.0000000180025095e-35 9.5000000000000018 8.1897475901767134 0.018440340657382558 1.0000000180025095e-35 8.44047494352351 7.729386303252606 1.0000000180025095e-35 2.5000000000000004 7.3017871837458195 0.011973208040117568 0.44206302601010677 0.84841971260772153 0.011656004753648098 0.019595646389531509 9.5000000000000018 5.1016967195759895 29.500000000000004 8.0674202022978481 0.64016356270154462 0.015223878896754204 7.969202159014201 3.5000000000000004 0.021442272691904147 8.1081937049219608 7.3815665170261147
decision_type=2 2 2 2 2 2 2 2 2 2 2 2 2 2 2 2 2 2 2 2 2 2 2 2 2 2 2 2 2 2
left_child=1 10 -3 4 7 -4 -7 11 9 -9 -1 12 13 -2 -15 -13 21 -18 19 -19 28 22 23 24 -17 26 -14 -28 -5 -30
right_child=3 2 5 20 -6 6 -8 8 -10 -11 -12 15 25 14 -16 16 17 18 -20 -21 -22 -23 -24 -25 -26 -27 27 -29 29 -31
leaf_value=6.3487146103730877e-06 -0.00025307726478020161 2.7985693155077434e-05 -2.9970425116860537e-05 1.7490036892668293e-05 -4.648141155424502e-05 -3.485953897077178e-05 -8.8942220722488318e-05 -1.1879936666744454e-05 -3.930492427111013e-05 0.00013404271661656225 9.6296261037206391e-05 1.0759950146635628e-05 0.000215972666674766 0.0006092758650266491 9.2548645441134318e-05 0.00017514616721484748 7.2622416705614334e-05 -0.00013445368354276851 8.4172178878624186e-05 2.2835419717502071e-05 0.0085363191441834539 0.00017029060937109671 -9.2223162880942947e-05 -8.259576894961983e-05 -8.3912967407951997e-06 -2.3049144245741574e-05 -0.00016169603718592092 8.0245546480999262e-05 -0.00021327390826069575 -2.4361160485511767e-05
leaf_weight=124 62 304 1868 35027 777 668 845 2345 2440 43 41 2357 57 45 70 47 54 97 85 101 381 61 522 93 147 346 51 51 2277 45455
leaf_count=124 62 304 1868 35027 777 668 845 2345 2440 43 41 2357 57 45 70 47 54 97 85 101 381 61 522 93 147 346 51 51 2277 45455
internal_value=-0.000138424 -0.001 -0.00114654 -0.000102753 -0.000487769 -0.00136202 -0.00212492 -0.000365882 -0.000733224 -0.000184256 0.00227273 5.18123e-05 0.00130498 0.00403955 0.00630435 -0.000187992 -0.00106462 0.000786349 -0.000229683 -0.0019697 -5.71337e-05 -0.00178161 -0.00209518 -0.000296168 0.00118557 0.000346533 0.00254717 -9.80404e-05 -6.51905e-05 -0.000164671
internal_weight=96841 3850 3685 92991 9851 3381 1513 9074 4828 2388 165 4246 682 177 115 3564 1207 337 283 198 83140 870 809 287 194 505 159 102 82759 47732
internal_count=96841 3850 3685 92991 9851 3381 1513 9074 4828 2388 165 4246 682 177 115 3564 1207 337 283 198 83140 870 809 287 194 505 159 102 82759 47732
is_linear=0
shrinkage=0.05


Tree=210
num_leaves=31
num_cat=0
split_feature=12 1 2 2 6 14 9 11 10 9 9 10 10 12 9 11 10 9 4 12 12 13 2 12 10 10 8 11 13 12
split_gain=1.56698 2.01328 0.883469 1.07255 0.771651 1.29811 0.675515 0.625084 0.634763 0.635294 0.551721 1.42005 1.08949 0.810392 0.72883 0.645289 0.580407 1.91109 0.688639 0.676879 0.907874 0.56933 0.888836 0.920049 0.704601 0.653261 0.547169 0.844451 0.606532 0.558456
threshold=0.016909315208142959 5.5000000000000009 20.500000000000004 27.500000000000004 1.0000000180025095e-35 1.2848189421591869 8.2511829124804308 0.0093619696179212692 7.1394455357186741 7.59356697312794 9.0303522680558377 8.3454429594489259 8.3454429594489259 2.1257748730304864 9.0173367641000919 1.399922176487203 7.8429330719927552 8.5286749066711849 8.5000000000000018 0.16712540254139388 0.22478834217975827 2.723978302359801 17.500000000000004 3.3051653086412491 8.0533306444494901 8.086746418141443 3.5000000000000004 2.065805809405481 0.96085896151607897 2.688176041406114
decision_type=2 2 2 2 2 2 2 2 2 2 2 2 2 2 2 2 2 2 2 2 2 2 2 2 2 2 2 2 2 2
left_child=1 2 -1 -4 10 -6 -3 8 9 -5 12 -12 14 -14 16 -13 17 -2 -19 -20 -21 -18 24 25 -23 -24 28 -28 -17 -29
right_child=4 6 3 7 5 -7 -8 -9 -10 -11 11 15 13 -15 -16 26 21 18 19 20 -22 22 23 -25 -26 -27 27 29 -30 -31
leaf_value=-2.1695089148033094e-05 -5.8534348370362087e-06 0.00013568474102357685 -8.4641840119500814e-05 -5.245679080999375e-05 -6.0334451032918684e-05 7.5903024920281884e-05 3.0981998704286774e-06 6.5668998451722853e-05 -0.00011598247677582844 0.00012763881913421129 -0.00020125236632708115 -6.0870929417922837e-05 0.003802364224017472 -0.018196473326189996 -0.00024096353253262381 -0.010717795565397136 4.683020700543597e-05 -0.00029367304075007448 -0.00014849080767722342 0.0011868093906179525 -0.0012138418334722541 -0.020346899000406701 -0.004319501178706284 0.03681176997104673 0.016985678892739876 0.022761083384575873 0.019696668001647339 0.0099298386441632105 0.0033601938097710632 -0.014064408196183415
leaf_weight=6469 61672 266 1243 60 3233 3079 242 426 351 68 1746 3084 315 71 338 132 10318 918 177 40 523 91 67 75 177 43 258 208 1000 139
leaf_count=6469 61672 266 1243 60 3233 3079 242 426 351 68 1746 3084 315 71 338 132 10318 918 177 40 523 91 67 75 177 43 258 208 1000 139
internal_value=-0.000151764 -0.000775344 -0.00095567 -0.00183427 -8.68843e-05 -0.000619456 0.00228346 -0.000524863 -0.00176409 0.00125 -4.55831e-05 -0.000485002 -7.01756e-06 0.00264249 -2.07564e-05 -4.25235e-05 -1.019e-05 -6.78995e-05 -0.00174307 -0.000608109 0.000239786 0.000329123 0.00206402 0.00472973 0.000223879 0.00181818 0.000728266 0.00194215 7.95041e-05 0.000331411
internal_weight=96829 9125 8617 2148 87704 6312 508 905 479 128 81392 6567 74825 386 74439 4821 74101 63330 1658 740 563 10771 453 185 268 110 1737 605 1132 347
internal_count=96829 9125 8617 2148 87704 6312 508 905 479 128 81392 6567 74825 386 74439 4821 74101 63330 1658 740 563 10771 453 185 268 110 1737 605 1132 347
is_linear=0
shrinkage=0.05


Tree=211
num_leaves=31
num_cat=0
split_feature=11 6 12 1 1 8 13 14 12 14 8 11 13 12 10 14 13 11 14 13 13 11 12 2 13 14 10 10 10 14
split_gain=1.4265 2.17704 1.09146 0.88042 1.50338 0.748924 0.721827 1.11061 0.69538 0.890267 0.756262 0.958724 0.739538 0.696343 0.690168 0.573366 0.633179 0.715344 1.6739 0.607091 0.825717 0.664362 1.12445 0.800128 0.538404 0.595115 0.506101 0.937953 0.490559 0.516552
threshold=0.16832285013800702 1.0000000180025095e-35 0.24533744914098818 5.5000000000000009 3.5000000000000004 3.5000000000000004 0.021898487278408107 0.01863811319857642 0.016174109248933727 0.25236997910659409 1.0000000180025095e-35 0.12061217298369876 0.96085896151607897 0.036601037503785898 6.6041974495654303 0.99722161406906573 0.8763749999003746 0.06490751030597304 1.2236211263607217 0.42099630865526533 0.40746890113321693 0.015564262813174108 0.01560799077449878 28.500000000000004 0.01151750904252777 0.013517528708567098 7.535697024692495 7.2964062053801628 8.7865750125066491 0.017666624502112847
decision_type=2 2 2 2 2 2 2 2 2 2 2 2 2 2 2 2 2 2 2 2 2 2 2 2 2 2 2 2 2 2
left_child=1 2 3 4 14 24 7 -7 9 26 11 -10 13 28 -1 19 -17 -18 -19 20 -16 22 23 -21 25 -6 27 -5 29 -12
right_child=-2 -3 -4 8 5 6 -8 -9 10 -11 12 -13 -14 -15 15 16 17 18 -20 21 -22 -23 -24 -25 -26 -27 -28 -29 -30 -31
leaf_value=-8.9291007238228486e-05 -2.7284745909851485e-05 -4.7764154941583407e-05 -0.0018879720731445589 0.00022832255668482602 -3.235622136442294e-05 1.8721968839945803e-05 -2.5355057989416969e-05 0.00017132668557339728 6.0096215541997379e-05 -3.6763907690870505e-05 1.1794178214468196e-05 -0.00053568973065665898 8.5165766378746084e-05 0.00024124088458414737 2.2423699653909367e-06 -0.00010528202957233125 5.6522438979540617e-06 0.0061975819882649566 0.0010520813243053814 2.7348424405228605e-05 0.00019842396762778829 -6.8428908915058536e-05 -6.4609043798492981e-05 0.00017803321750587138 -5.5258544846319149e-05 4.2567512219461285e-05 0.00027560631755111351 -0.00016308722395200664 0.00017562355240372275 -4.6301960259819424e-05
leaf_weight=708 66559 1952 562 53 516 153 740 68 1093 161 552 111 52 330 11703 69 105 50 85 236 72 1264 432 63 7202 277 71 43 42 1320
leaf_count=708 66559 1952 562 53 516 153 740 68 1093 161 552 111 52 330 11703 69 105 50 85 236 72 1264 432 63 7202 277 71 43 42 1320
internal_value=-0.000153865 -0.000439589 -0.000327552 -0.000283088 -0.000396539 -0.000907773 0.000411029 0.00291855 0.000420584 0.00262195 0.000214285 0.00122923 -0.000317945 -0.000454547 -8.69018e-05 -1.03002e-05 0.00211974 0.00333333 0.00574074 -5.80985e-05 7.85551e-05 -0.000864663 0.000335156 0.00269231 -0.00106629 0.000170238 0.00517964 0.0028125 -0.000820273 -0.000940172
internal_weight=96644 30085 28133 27571 23743 8956 961 221 3828 328 3500 1204 2296 2244 14787 14079 309 240 135 13770 11775 1995 731 299 7995 793 167 96 1914 1872
internal_count=96644 30085 28133 27571 23743 8956 961 221 3828 328 3500 1204 2296 2244 14787 14079 309 240 135 13770 11775 1995 731 299 7995 793 167 96 1914 1872
is_linear=0
shrinkage=0.05


Tree=212
num_leaves=31
num_cat=0
split_feature=0 3 2 2 1 11 9 13 13 13 11 1 10 11 14 12 12 12 12 4 2 13 9 11 11 13 12 9 10 10
split_gain=1.9055 0.955837 1.00934 0.832191 1.32053 0.733099 0.943761 0.758717 0.669304 0.663883 0.792478 0.729205 0.769067 0.812821 0.744156 0.74057 0.663163 0.633884 0.87336 1.06888 0.613772 0.770999 0.882061 0.610149 0.970157 0.605844 0.601119 0.599446 0.811154 0.586238
threshold=4.5000000000000009 1.0000000180025095e-35 20.500000000000004 10.500000000000002 4.5000000000000009 0.017746851176106904 8.2218289070107673 1.0074713197500478 0.01151750904252777 0.40746890113321693 0.030658680466252187 3.5000000000000004 7.3932630881070338 0.023507105303736026 0.23707954617091323 0.013454374309724354 0.01997300820677354 0.017094184078422146 0.013961081296346161 9.5000000000000018 18.500000000000004 0.014987251844638852 8.1041804848129591 0.010980585576780994 0.011320652026947235 0.22862123873148757 0.021008604565243089 8.2369583143959542 7.6126096850768432 6.8328969891406821
decision_type=2 2 2 2 2 2 2 2 2 2 2 2 2 2 2 2 2 2 2 2 2 2 2 2 2 2 2 2 2 2
left_child=1 2 3 4 27 6 -5 -8 17 10 11 12 13 26 -14 -13 -4 18 -2 -20 21 22 -17 -3 -25 -23 -7 -1 -29 -26
right_child=8 23 16 5 -6 9 7 -9 -10 -11 -12 15 14 -15 -16 20 -18 -19 19 -21 -22 25 -24 24 29 -27 -28 28 -30 -31
leaf_value=-2.5404789581715117e-06 -6.3916412347613549e-06 -3.8167737036230694e-05 -6.3424236804352827e-05 -5.8062527478777671e-05 -7.8324805736810501e-05 7.5278671868846711e-05 3.3385096514474162e-06 0.00011784358496414352 -2.9927664467261256e-05 -4.433744659031229e-05 -4.3751979455321693e-05 -7.4563725273097978e-05 -6.8670143840371978e-05 -7.8624202306966194e-05 0.00011708532588473849 8.1417285400710792e-05 -1.8960205690000834e-05 -5.7656206214194834e-06 0.00011821821377430822 2.8441609060245402e-05 -9.1042036574597653e-06 0.00012268761917650815 -5.3362701197672349e-05 9.7105127891673447e-05 -6.1350482218168459e-05 1.0294390506672864e-05 0.00023748116446391243 -0.00010011708993605516 -2.6245691121738117e-05 1.3325275223406327e-05
leaf_weight=1932 82 2091 1879 1510 965 119 1464 42 76284 245 245 40 318 71 61 47 1443 210 80 46 111 285 63 169 500 61 86 421 1463 4447
leaf_count=1932 82 2091 1879 1510 965 119 1464 42 76284 245 245 40 318 71 61 47 1443 210 80 46 111 285 63 169 500 61 86 421 1463 4447
internal_value=-0.000171008 -0.000604643 -0.000862794 -0.000601635 -0.00106777 -0.000134229 -0.000606765 0.000278883 -5.74964e-05 0.000679223 0.00107166 0.00157686 0.000419846 0.00242754 -0.00104222 0.00282537 -0.00161349 0.0019378 0.00389423 0.00650794 0.00328924 0.00410088 0.000454544 -0.000143612 0.000150507 0.00526011 0.00402439 -0.000649896 -0.0012845 2.32452e-05
internal_weight=96780 20078 12871 9549 4781 4768 3016 1506 76702 1752 1507 1262 655 276 379 607 3322 418 208 126 567 456 110 7207 5116 346 205 3816 1884 4947
internal_count=96780 20078 12871 9549 4781 4768 3016 1506 76702 1752 1507 1262 655 276 379 607 3322 418 208 126 567 456 110 7207 5116 346 205 3816 1884 4947
is_linear=0
shrinkage=0.05


Tree=213
num_leaves=31
num_cat=0
split_feature=0 6 12 11 11 13 9 10 10 13 14 9 9 12 10 9 9 10 2 7 11 1 0 13 12 2 4 10 13 2
split_gain=1.68409 0.736447 1.59266 0.587218 0.782358 0.975659 0.441554 1.51622 0.850184 0.901725 0.717523 0.729578 0.541147 0.683448 0.530207 1.34303 1.06611 0.78959 0.839087 0.674655 0.58402 0.733485 0.51192 0.599894 0.824046 1.01348 0.678826 0.497514 0.681829 0.530716
threshold=4.5000000000000009 1.0000000180025095e-35 0.032781885571144261 0.012866563056333309 0.012283572797342318 0.014627507163046604 8.018038154644211 7.3542622043925308 7.020237250679477 0.76816602524775013 0.013101606300135718 8.0720837068548867 7.7237463484566824 0.02022941081225382 7.6169807863739329 8.2527908074299265 8.3826207796775218 8.003766949125291 10.500000000000002 1.0000000180025095e-35 0.014327528392244621 5.5000000000000009 2.5000000000000004 0.020304697831975856 0.016174109248933727 9.5000000000000018 7.5000000000000009 7.3032541220246348 0.29596914495003307 2.5000000000000004
decision_type=2 2 2 2 2 2 2 2 2 2 2 2 2 2 2 2 2 2 2 2 2 2 2 2 2 2 2 2 2 2
left_child=1 6 -3 4 -2 -6 8 -8 -1 12 -9 -12 13 -10 15 -13 22 18 -18 -20 21 -19 -16 24 25 -24 -25 -14 29 -29
right_child=3 2 -4 -5 5 -7 7 10 9 -11 11 14 27 -15 16 -17 17 20 19 -21 -22 -23 23 26 -26 -27 -28 28 -30 -31
leaf_value=-2.6192937164310198e-05 1.8424479064869082e-05 -3.9585528664579962e-05 0.0001011598939953352 -3.6686739192874629e-05 -1.170347092706336e-05 0.00033090479518629976 -0.00010605528105037865 -7.2229854912195211e-05 3.2690378369611718e-05 -0.00011526545381499391 8.0210818404496265e-05 -1.1637476688395605e-05 1.0509048157687184e-05 0.00020064606351634698 7.8871262355935971e-06 -7.533901165435457e-05 -6.3618481293196947e-05 2.1494571007159532e-05 -1.3350038457037235e-05 0.00020125459051623888 -1.1864325859870193e-05 0.00010414301688702747 0.00017489870497815397 0.00038001570071217913 -6.2924502353034482e-06 -1.5744687368672601e-05 2.8695995188781449e-05 -0.00022288159563478823 0.00014023660005263279 0.00010458019560701917
leaf_weight=3551 577 1359 43 76066 46 48 837 538 92 108 257 2097 2684 76 812 1288 1276 871 1247 61 2158 74 59 46 250 45 68 41 46 165
leaf_count=3551 577 1359 43 76066 46 48 837 538 92 108 257 2097 2684 76 812 1288 1276 871 1247 61 2158 74 59 46 250 45 68 41 46 165
internal_value=-0.00017113 -0.000577946 -0.00168331 -6.43118e-05 0.00140834 0.0056383 -0.00049528 -0.000677571 -0.000172262 0.000417184 -0.00052346 -0.000433124 0.000573452 0.00333333 -0.000498456 -0.00101182 -0.000249032 -0.000542466 -0.00118808 -0.000298166 -4.83522e-06 0.00103174 0.00105469 0.00237179 0.00135593 0.00509615 0.00552631 0.00041553 0.00253968 0.00131068
internal_weight=96886 20149 1402 76737 671 94 18747 11984 6763 3212 11147 10609 3104 168 10352 3385 6967 5687 2584 1308 3103 945 1280 468 354 104 114 2936 252 206
internal_count=96886 20149 1402 76737 671 94 18747 11984 6763 3212 11147 10609 3104 168 10352 3385 6967 5687 2584 1308 3103 945 1280 468 354 104 114 2936 252 206
is_linear=0
shrinkage=0.05


Tree=214
num_leaves=31
num_cat=0
split_feature=0 8 8 8 3 12 14 1 9 9 10 12 9 10 12 12 10 10 9 2 2 14 13 9 10 9 10 12 4 12
split_gain=1.56241 0.773251 0.772791 2.80175 1.47587 1.21117 0.789126 0.716958 0.687826 0.612646 0.776887 0.517146 0.81366 1.33754 0.62496 0.564611 0.67085 0.669616 0.768176 0.537914 0.937549 1.17507 0.513852 0.504466 1.34668 0.896964 0.753203 0.605547 1.92876 1.50624
threshold=4.5000000000000009 1.0000000180025095e-35 1.5000000000000002 2.5000000000000004 1.0000000180025095e-35 0.024869040299849248 0.99722161406906573 4.5000000000000009 7.0737992226866719 7.9607341481037368 7.3542622043925308 0.029088779508699588 8.1723112909526758 7.5096149059599329 0.03057491011296894 0.022644289869261477 8.3071212165933677 6.9055226160628376 7.7087520103045053 23.500000000000004 28.500000000000004 0.10728911571493753 0.014987251844638852 8.7790743762438996 7.9078086359491522 8.7444415897064776 8.086746418141443 0.33449836375219416 2.5000000000000004 0.23107305130311315
decision_type=2 2 2 2 2 2 2 2 2 2 2 2 2 2 2 2 2 2 2 2 2 2 2 2 2 2 2 2 2 2
left_child=1 11 6 5 -5 9 22 -8 -6 -4 -11 15 -13 -14 -15 16 19 -17 -19 -1 -21 -22 -3 24 25 -2 -25 28 -26 -30
right_child=23 2 3 4 8 -7 7 -9 -10 10 -12 12 13 14 -16 17 -18 18 -20 20 21 -23 -24 26 27 -27 -28 -29 29 -31
leaf_value=1.1014873459625401e-05 -1.9482667482810032e-05 -1.6631461975997727e-05 0.00012165841258991728 -4.5723445111450643e-05 -0.00011468102266078417 -3.9736323522030807e-05 -5.0621032303415638e-07 8.487483627178583e-05 1.6041909459249976e-05 -1.0990787185055163e-05 9.9549460517859474e-05 -3.1094646118447018e-05 0.00010319478654496493 0.0002384789920116752 -8.8067401520818681e-06 -9.9100154140336843e-05 5.746812556088466e-05 0.00032960823559660571 -2.4097828579830947e-05 -7.8094155075324613e-05 -0.00025165244809802434 0.00019986750457403441 -4.924792425289311e-05 -0.00027377777810348974 -0.00032878399039542228 -0.00084797801156909149 -0.0001089018844152447 0.002127057104554689 0.00030531079436716508 0.0056512994410931813
leaf_weight=2716 61647 1352 81 4900 112 197 173 50 2612 113 471 219 43 102 157 212 163 40 1513 349 100 98 4439 1421 173 111 10873 1715 402 91
leaf_count=2716 61647 1352 81 4900 112 197 173 50 2612 113 471 219 43 102 157 212 163 40 1513 349 100 98 4439 1421 173 111 10873 1715 402 91
internal_value=-0.000173575 -0.000564517 -0.000758622 -0.000451333 -0.000756822 0.00225058 -0.00119222 0.00172646 0.00017621 0.00327068 0.00270548 -7.17799e-05 0.00142994 0.00311258 0.00175676 -0.000222502 0.000151779 -0.00094901 -0.000589183 -4.59819e-06 -0.0014351 0.00131313 -0.00130461 -7.01934e-05 -1.39553e-05 -5.89409e-05 -0.000363593 0.00115288 0.00243243 0.00402637
internal_weight=96645 20212 14500 8486 7624 862 6014 223 2724 665 584 5712 521 302 259 5191 3426 1765 1553 3263 547 198 5791 76433 64139 61758 12294 2381 666 493
internal_count=96645 20212 14500 8486 7624 862 6014 223 2724 665 584 5712 521 302 259 5191 3426 1765 1553 3263 547 198 5791 76433 64139 61758 12294 2381 666 493
is_linear=0
shrinkage=0.05


Tree=215
num_leaves=31
num_cat=0
split_feature=0 14 12 10 3 8 13 8 9 2 12 14 11 14 12 10 9 9 10 10 9 9 2 2 12 14 0 12 12 9
split_gain=1.10302 0.748278 0.684901 0.620572 0.613999 1.11275 1.3369 0.682708 0.699841 0.791723 0.648658 0.612216 0.567215 0.564083 0.604003 0.682926 0.609279 0.539409 2.10897 1.95434 1.72025 0.820272 0.745036 0.820584 0.802424 0.764584 0.794509 0.737546 0.733152 1.13418
threshold=2.5000000000000004 0.99722161406906573 0.012824697325264192 6.4973229926003908 1.0000000180025095e-35 2.5000000000000004 0.36836516127008967 1.5000000000000002 7.7237463484566824 11.500000000000002 0.01997300820677354 0.086295104002923687 0.018422664093428496 0.33806301758129265 0.016909315208142959 8.7588053918615341 8.0848384120218579 8.018038154644211 7.16330001877113 7.3815665170261147 7.8624884834232454 8.1081937049219608 20.500000000000004 18.500000000000004 0.015799782171512018 1.6952142143795002 14.500000000000002 4.1612021925986946 4.0035509476549178 7.9412288308423822
decision_type=2 2 2 2 2 2 2 2 2 2 2 2 2 2 2 2 2 2 2 2 2 2 2 2 2 2 2 2 2 2
left_child=1 3 -2 -1 5 6 7 8 9 10 12 -10 -5 14 15 16 -7 18 20 -19 -4 -21 23 -23 -25 26 -26 -24 -20 -30
right_child=2 -3 17 4 -6 13 -8 -9 11 -11 -12 -13 -14 -15 -16 -17 -18 19 28 21 -22 22 27 24 25 -27 -28 -29 29 -31
leaf_value=-7.7793062878598994e-05 -5.8113287084543113e-05 4.1842692237779627e-05 2.223954756274542e-06 9.3794803607046159e-05 -2.530344670924748e-06 -6.3687400921019801e-06 -3.5992474270589331e-05 6.5533170007384795e-05 -0.00010901076270438862 -6.9517408272835602e-06 -9.5581610493954626e-06 -1.5751361671006413e-06 0.00017606386770492068 -1.8489375184435293e-05 -7.752688266553592e-05 0.00013873032755610791 -8.5142958286911241e-05 -0.00015643219958730477 0.00028353053888539528 0.00044491404449096671 -0.00019997641031555661 -1.4842112132144059e-05 -7.1350651507793732e-05 0.00040445443819616712 0.00028190693170798573 0.023438270357654403 -0.0021518881411875298 0.0094317296661536997 0.042661983908343436 0.0023017689335147911
leaf_weight=411 762 211 21983 41 4090 474 2149 325 119 152 46 1762 45 581 1043 54 626 5733 5510 2160 2127 30199 13154 49 1183 626 484 325 87 115
leaf_count=411 762 211 21983 41 4090 474 2149 325 119 152 46 1762 45 581 1043 54 626 5733 5510 2160 2127 30199 13154 49 1183 626 484 325 87 115
internal_value=-0.000159689 -0.000605575 -9.56851e-05 -0.00065783 -0.000589642 -0.000860861 -0.000386938 0.000401605 8.08302e-05 0.00239437 0.00522727 -0.000268475 0.0077907 -0.00165227 -0.00201866 -0.0012305 -0.0015 -8.21054e-05 8.85241e-05 -0.000176489 -0.000116136 -7.26454e-05 -0.000117341 1.21373e-05 0.000913748 0.000778455 0.000218955 -0.000429929 0.00095238 0.00391089
internal_weight=96626 12129 84497 11918 11507 7417 4639 2490 2165 284 132 1881 86 2778 2197 1154 1100 83735 29822 53913 24110 48180 46020 32541 2342 2293 1667 13479 5712 202
internal_count=96626 12129 84497 11918 11507 7417 4639 2490 2165 284 132 1881 86 2778 2197 1154 1100 83735 29822 53913 24110 48180 46020 32541 2342 2293 1667 13479 5712 202
is_linear=0
shrinkage=0.05


Tree=216
num_leaves=31
num_cat=0
split_feature=0 8 14 2 10 10 14 12 4 13 14 13 9 11 4 8 12 0 9 14 2 14 6 0 0 12 14 14 11 0
split_gain=0.915634 0.727234 0.577372 0.740427 0.599725 0.571065 0.562193 0.431131 0.483558 0.882049 0.541667 0.802973 0.534182 0.452679 0.420201 0.409605 2.70191 3.93647 0.891733 0.782391 0.752421 0.711387 0.819758 0.7982 1.4609 2.42391 1.28119 1.21715 1.34344 1.05851
threshold=2.5000000000000004 1.0000000180025095e-35 0.069870493580420953 9.5000000000000018 8.7865750125066491 8.310540370335934 0.99722161406906573 0.029088779508699588 1.5000000000000002 0.40746890113321693 0.14025677994862054 0.18404661755429819 8.4166750877354826 0.018813966527785261 9.5000000000000018 3.5000000000000004 0.026997949692522578 3.5000000000000004 9.0173367641000919 1.5825564943545232 25.500000000000004 1.3952280761848197 1.0000000180025095e-35 13.500000000000002 17.500000000000004 1.3677312072546379 1.4419369525273356 2.0007493300594819 0.65283963029512637 19.500000000000004
decision_type=2 2 2 2 2 2 2 2 2 2 2 2 2 2 2 2 2 2 2 2 2 2 2 2 2 2 2 2 2 2
left_child=1 5 3 -3 6 7 -4 8 9 10 13 -12 -13 -1 -6 18 17 20 21 -18 -17 22 -2 -23 25 -25 -27 -28 -29 -26
right_child=15 2 4 -5 14 -7 -8 -9 -10 -11 11 12 -14 -15 -16 16 19 -19 -20 -21 -22 23 -24 24 29 26 27 28 -30 -31
leaf_value=-9.4008313131364451e-05 -2.1962165379561554e-05 -4.1411769573456414e-05 -3.7399085932733882e-05 6.0693007878748567e-05 0.0001635435944714062 7.0203845093458854e-05 2.0483666526386222e-05 4.3852825860792791e-05 -1.9426361561767034e-05 -8.7956154388992282e-05 0.00032102068658445703 -2.1111812869299768e-06 0.00026448470715512167 0.00046700722685672164 -3.3242053411761042e-05 2.2922097701460148e-05 0.00014089026389370681 0.00037801856841849254 -0.00011024123459273831 -0.0017932188703533168 0.00019980769161051396 0.0032388311885856997 -5.9802013715895493e-05 0.0027830763573064281 0.0035091913112937079 0.0065041606923828474 -0.0063786659876153883 0.022810701938530312 -0.0023424598603884431 -0.00016656164786059004
leaf_weight=128 37733 94 7910 140 106 180 213 290 2438 154 56 97 42 40 101 405 7324 57 5394 2749 77 4587 2556 1905 5974 251 3776 40 3212 8716
leaf_count=128 37733 94 7910 140 106 180 213 290 2438 154 56 97 42 40 101 405 7324 57 5394 2749 77 4587 2556 1905 5974 251 3776 40 3212 8716
internal_value=-0.000170294 -0.000579282 -0.00082555 0.00162393 -0.000894359 3.64952e-05 -0.000962084 -0.000115564 -0.000296109 0.00109284 0.00243802 0.00423077 0.00219424 0.000357142 0.00176328 -0.000112442 0.000178099 0.00362709 -0.000154026 -6.45409e-06 0.00215768 -0.000105456 -0.000240638 8.59058e-05 -3.01595e-05 -0.000524827 -0.000940378 -0.00106574 -0.000356705 0.0002791
internal_weight=96745 11989 8564 234 8330 3425 8123 3245 2955 517 363 195 139 168 207 84756 10612 539 74144 10073 482 68750 40289 28461 23874 9184 7279 7028 3252 14690
internal_count=96745 11989 8564 234 8330 3425 8123 3245 2955 517 363 195 139 168 207 84756 10612 539 74144 10073 482 68750 40289 28461 23874 9184 7279 7028 3252 14690
is_linear=0
shrinkage=0.05


Tree=217
num_leaves=31
num_cat=0
split_feature=0 8 7 8 12 14 8 0 12 0 12 14 12 13 12 14 1 13 12 12 0 0 11 14 0 0 13 2 12 12
split_gain=1.06225 0.737567 0.618167 0.617196 2.6122 1.0608 0.977255 1.42566 1.83533 1.7556 1.72291 1.18782 3.5712 1.36772 1.29438 1.53514 1.52738 1.15419 1.26391 1.08089 0.980175 0.986746 0.976121 0.895985 0.818009 1.22695 1.24509 1.16916 1.37085 0.812724
threshold=2.5000000000000004 1.0000000180025095e-35 1.0000000180025095e-35 3.5000000000000004 0.024357166212915261 0.020305374991845957 2.5000000000000004 6.5000000000000009 1.9680945314899818 19.500000000000004 0.17142763520873339 0.59995196162031739 1.1928464110842623 0.61323818738018654 0.86731382346897345 0.45677519373947462 3.5000000000000004 0.85086323221285876 0.98315794437631931 1.4152562361112508 13.500000000000002 17.500000000000004 0.016757504322706351 0.094428933784625621 14.500000000000002 15.500000000000002 2.9314132602403169 26.500000000000004 1.5596605137936936 2.1666505857418072
decision_type=2 2 2 2 2 2 2 2 2 2 2 2 2 2 2 2 2 2 2 2 2 2 2 2 2 2 2 2 2 2
left_child=1 -1 3 6 5 -5 -2 22 9 10 23 14 13 -13 15 -12 -17 -15 -19 -11 29 -22 -8 -9 -14 27 -27 -26 -29 -10
right_child=2 -3 -4 4 -6 -7 7 8 20 19 11 12 24 17 -16 16 -18 18 -20 -21 21 -23 -24 -25 25 26 -28 28 -30 -31
leaf_value=2.0384666464099974e-06 -4.8053472970375442e-06 -2.4706193495153701e-05 0.00030547331189520813 5.9661369300793285e-05 5.8938477389568086e-05 0.00021499813824010002 -1.4903419084059847e-05 0.0024986323643732683 0.0043478913840600056 -0.00041732168461190852 -0.00026495291929296716 -0.0055994519901871641 0.00458986954416937 0.016139251297361334 -0.0049657499737926492 0.006688402245993025 -0.00090077512772165479 0.032174578264942515 0.0067941856270836518 -0.015606525580116666 -0.014500704027432511 -0.0059593610722089045 -0.00010257380343838424 0.00066452564762938589 -0.0083280514253193782 0.0010208049910159413 0.018927609336902337 0.011728619993270378 -0.023081137215743897 -0.004473386800801251
leaf_weight=3460 52768 8655 3040 371 10172 72 1322 48 453 3206 1743 61 1722 70 445 93 85 45 264 247 957 1130 2098 86 561 1538 48 64 45 1787
leaf_count=3460 52768 8655 3040 371 10172 72 1322 48 453 3206 1743 61 1722 70 445 93 85 45 264 247 957 1130 2098 86 561 1538 48 64 45 1787
internal_value=-0.000121359 -0.000559225 -5.86118e-05 -8.47241e-05 0.000270842 0.00402934 -0.000137969 -0.000454798 -0.00024085 0.000120045 0.000579646 0.000468749 0.000952919 0.00522727 -0.000435335 0.000127537 0.00455056 0.00634565 0.00503236 -0.000800754 -0.00110585 -0.00188548 -0.00137427 0.00619403 0.00048014 -0.000146278 0.0006116 -0.0019403 0.00279816 -0.000379465
internal_weight=96656 12115 84541 81501 10615 443 70886 18118 14698 10371 6918 6784 4418 440 2366 1921 178 379 309 3453 4327 2087 3420 134 3978 2256 1586 670 109 2240
internal_count=96656 12115 84541 81501 10615 443 70886 18118 14698 10371 6918 6784 4418 440 2366 1921 178 379 309 3453 4327 2087 3420 134 3978 2256 1586 670 109 2240
is_linear=0
shrinkage=0.05


Tree=218
num_leaves=31
num_cat=0
split_feature=6 14 12 11 13 11 1 2 2 2 2 1 2 13 8 8 8 12 13 11 9 0 2 1 11 12 11 10 11 12
split_gain=1.10287 1.79621 0.805179 0.760122 0.838294 1.19048 0.755252 1.74481 3.35043 2.22137 1.14058 1.44281 4.28968 0.999987 0.984129 0.918446 1.13219 0.95973 0.922737 0.85342 0.836459 0.694861 0.692392 1.02306 0.781618 0.853619 0.677421 0.660241 0.65409 2.09907
threshold=1.0000000180025095e-35 1.3323664022418613 0.01598954819888251 0.51305091251275237 1.602965396895468 0.37429226967300683 3.5000000000000004 9.5000000000000018 7.5000000000000009 3.5000000000000004 16.500000000000004 5.5000000000000009 11.500000000000002 0.01538579686112794 1.0000000180025095e-35 2.5000000000000004 1.0000000180025095e-35 3.3051653086412491 1.7364893904591325 0.011320652026947235 7.7737608275368482 3.5000000000000004 2.5000000000000004 5.5000000000000009 0.018422664093428496 4.6570589242905376 0.023507105303736026 7.548347404014641 1.4685066303093104 1.127708237104577
decision_type=2 2 2 2 2 2 2 2 2 2 2 2 2 2 2 2 2 2 2 2 2 2 2 2 2 2 2 2 2 2
left_child=6 2 -2 4 -3 -6 -1 8 9 22 11 28 -13 27 -10 16 17 19 -17 -11 -20 -16 -8 -24 -25 -26 -15 -14 29 -9
right_child=1 3 -4 -5 5 -7 7 10 14 15 -12 12 13 26 21 18 -18 -19 20 -21 -22 -23 23 24 25 -27 -28 -29 -30 -31
leaf_value=-1.9570667962713806e-06 -6.8554365667109556e-05 -0.00019937599539039325 -5.0415438896231801e-05 -4.3999896227332118e-05 0.00014656940730519864 0.0016771379743317945 -0.00017192879495726463 6.8642967760942832e-05 -0.00020625809563992061 0.00015873179077376153 -3.2657093476795487e-05 -0.00015567384103693714 7.3199315128688892e-05 -3.9409409209514887e-05 -7.6554705730451386e-05 0.00041559694735231661 -9.6509144735564348e-05 0.05054276728958218 0.016429870632707563 0.00016897718632972314 -0.0098780573905560554 -0.00018009894309052368 8.347405756943012e-05 4.8610123966396675e-05 -0.00043718702146081431 0.021596312940044979 0.00052526100032590322 0.000136458682966583 0.00030747818669070925 0.014164089711195768
leaf_weight=48376 399 60 3618 2785 42 42 4680 2852 1301 43 13878 2310 65 188 550 1433 1601 61 88 1192 193 2749 2321 402 1836 82 1982 68 1581 168
leaf_count=48376 399 60 3618 2785 42 42 4680 2852 1301 43 13878 2310 65 188 550 1433 1601 61 88 1192 193 2749 2321 402 1836 82 1982 68 1581 168
internal_value=-0.000196296 -0.000803341 -0.00148992 0.000138271 0.00368055 0.00690476 -0.000149446 -0.000305594 -0.000666956 -0.00028065 -1.5591e-05 0.000415671 -0.000209193 0.00131785 -0.00183696 0.000617002 7.42135e-05 0.00117284 0.00153442 0.000870444 -0.00108541 -0.00137769 -0.000724709 -0.000291964 -0.00103448 -0.00145464 0.00105991 0.00552631 0.00104216 0.00147351
internal_weight=96946 6946 4017 2929 144 84 90000 41624 18532 13932 23092 9214 4613 2303 4600 4611 2897 1296 1714 1235 281 3299 9321 4641 2320 1918 2170 133 4601 3020
internal_count=96946 6946 4017 2929 144 84 90000 41624 18532 13932 23092 9214 4613 2303 4600 4611 2897 1296 1714 1235 281 3299 9321 4641 2320 1918 2170 133 4601 3020
is_linear=0
shrinkage=0.05


Tree=219
num_leaves=31
num_cat=0
split_feature=12 1 10 9 10 9 12 9 13 2 10 11 7 10 9 10 9 2 14 14 13 7 4 2 10 9 10 4 12 11
split_gain=0.93889 0.671679 0.606395 1.46118 1.64266 0.922395 0.848648 0.758733 0.769654 0.736449 0.929295 0.718738 0.698782 0.67728 0.974514 1.48133 1.89958 0.885038 1.11746 1.47901 0.775451 0.781367 0.717739 1.02595 0.787712 0.987039 2.04196 0.762156 0.906556 0.75837
threshold=0.013961081296346161 1.0000000180025095e-35 7.6974948944698758 8.2511829124804308 7.4867006184888369 8.4584754540489637 1.8261172215224712 8.3560605473719427 0.017119777868013202 10.500000000000002 7.7127046654262736 0.031903568509714618 1.0000000180025095e-35 7.4632771103792059 8.0848384120218579 7.2566203706691299 7.9502635013441054 16.500000000000004 1.4326904105520948 1.5915062091090195 1.7760424220819302 1.0000000180025095e-35 5.5000000000000009 9.5000000000000018 6.8595602066316461 7.7237463484566824 7.0364507636117475 3.5000000000000004 2.0853656062197135 0.0098092139274409528
decision_type=2 2 2 2 2 2 2 2 2 2 2 2 2 2 2 2 2 2 2 2 2 2 2 2 2 2 2 2 2 2
left_child=1 -1 3 13 6 12 -5 -4 9 10 -9 -12 -6 14 15 16 22 -18 -19 -20 21 -17 23 -2 -24 29 -27 -25 -29 -26
right_child=2 -3 7 4 5 -7 -8 8 -10 -11 11 -13 -14 -15 -16 20 17 18 19 -21 -22 -23 24 27 25 26 -28 28 -30 -31
leaf_value=0.00015223976280753039 -0.00018698137444386642 -3.5251545700027258e-05 0.00068046947871022809 -0.00010371319331056863 -4.0107542229859321e-05 -0.00012655282601672932 -0.013595630151592068 0.0001922507463095213 -4.0759251033132103e-06 6.1913754917790906e-05 -2.4079110365262821e-05 6.9714076672917503e-05 0.00068867888666916959 0.00011921475411461529 -7.6390922639731778e-05 0.00010415930512067156 -0.00029040810112004563 -0.00011651671447820587 0.020170414493558598 0.00041217055285389245 -0.00091349502807015325 0.0010280983632441965 -3.6761150111119738e-05 -7.098760690875195e-05 7.2374414454173816e-05 -0.00015497441655853698 8.3287471393711043e-05 0.00019536301733719984 -0.012591045084319269 0.00028278797890043272
leaf_weight=124 1200 3322 625 1089 11844 1582 450 58 27134 777 718 98 313 4723 6734 5379 930 634 48 371 1368 174 7614 6971 72 1263 6170 1217 131 3735
leaf_count=124 1200 3322 625 1089 11844 1582 450 58 27134 777 718 98 313 4723 6734 5379 930 634 48 371 1368 174 7614 6971 72 1263 6170 1217 131 3735
internal_value=-0.000141328 -0.000951829 -0.000111431 -0.000197777 -0.000624428 -0.000450907 -0.00217349 7.65034e-05 3.90817e-05 0.00108722 9.1532e-05 -0.000343138 -0.000303119 -6.40222e-05 -0.000125084 -2.50837e-05 -0.000175584 -0.00167171 -0.000679014 0.00132458 0.000635023 0.000897712 -7.10194e-05 -0.000424941 0.000107668 0.000373664 3.83413e-05 -0.000227793 0.000860533 0.00102837
internal_weight=96868 3446 93422 64012 15278 13739 1539 29410 28785 1651 874 816 12157 48734 44011 37277 30356 1983 1053 419 6921 5553 28373 9519 18854 11240 7433 8319 1348 3807
internal_count=96868 3446 93422 64012 15278 13739 1539 29410 28785 1651 874 816 12157 48734 44011 37277 30356 1983 1053 419 6921 5553 28373 9519 18854 11240 7433 8319 1348 3807
is_linear=0
shrinkage=0.05


Tree=220
num_leaves=31
num_cat=0
split_feature=0 8 11 13 14 1 12 11 12 6 1 13 12 9 9 4 9 9 14 11 12 13 10 14 12 9 10 9 2 10
split_gain=0.794479 0.646851 0.771826 0.566186 0.779496 0.656559 0.653537 0.612242 0.760857 0.509384 0.537637 1.12009 0.543644 0.598808 1.31737 0.535704 0.5121 0.542961 0.647021 0.574259 0.506954 0.661785 0.655275 0.613192 1.15615 1.1372 1.04918 1.27398 0.735444 0.670848
threshold=2.5000000000000004 1.0000000180025095e-35 0.022473484983686818 0.01151750904252777 0.015739209582403674 1.5000000000000002 0.021008604565243089 0.012560480316256695 0.01598954819888251 1.0000000180025095e-35 3.5000000000000004 0.96085896151607897 0.017471762174533906 8.3487622017190422 8.3712782958862189 9.5000000000000018 8.2342691559977776 7.7737608275368482 0.38686320398709767 0.010196141734858633 0.017273622618214992 0.14671830223221019 7.0874860774063952 0.27902878525081015 0.01635378004448804 8.3614891754861134 6.9233927857041184 7.9318198620128415 12.500000000000002 7.4204104677597646
decision_type=2 2 2 2 2 2 2 2 2 2 2 2 2 2 2 2 2 2 2 2 2 2 2 2 2 2 2 2 2 2
left_child=1 2 -1 5 6 7 -5 -2 -9 10 12 -12 20 16 -15 -13 17 19 -19 -14 21 22 -3 24 25 26 -23 -28 -27 -29
right_child=3 9 -4 4 -6 -7 -8 8 -10 -11 11 15 13 14 -16 -17 -18 18 -20 -21 -22 23 -24 -25 -26 28 27 29 -30 -31
leaf_value=3.0563375734484181e-05 -2.2081029269398033e-05 2.3186615659747793e-05 -2.0650226862787234e-05 -1.8794816310054247e-05 -2.6849860668248875e-05 8.1513036847694875e-06 -8.1210846640837411e-05 0.00015983465696880575 4.3124396573490751e-05 -4.4219332684200011e-05 -4.0957522485425281e-05 -1.4446199086410604e-05 5.6149850099573703e-05 0.00016842166216367879 -1.6153050722887729e-05 0.00013936471773674038 -0.00014968224818224824 2.8169810418270409e-05 -0.00010081385801942269 -0.00011960529357902981 0.0001354877598787222 -2.6103633690103016e-05 -8.3895655515462802e-05 1.5710812300676315e-06 -0.00010958678309507123 7.8498312098525131e-05 0.00021830208734744956 3.4406554370314793e-05 -0.00013515736625983226 8.3618089732404624e-05
leaf_weight=1900 77 124 1513 2591 80063 1270 421 54 112 616 3614 46 54 73 637 76 208 502 138 393 104 48 322 1385 85 44 40 42 45 40
leaf_count=1900 77 124 1513 2591 80063 1270 421 54 112 616 3614 46 54 73 637 76 208 502 138 393 104 48 322 1385 85 44 40 42 45 40
internal_value=-0.000163344 -0.0005432 3.95535e-05 -0.000109237 -0.000126694 0.000849305 -0.000916336 0.00323045 0.00493976 -0.000773507 -0.000667083 -0.00110546 -0.000284782 -0.000885288 0.000281689 0.00360656 -0.0015251 -0.00109016 -0.000156251 -0.00242729 0.000243527 8.04586e-05 -0.00163677 0.000523423 0.00241279 0.00407336 0.00647059 0.00893443 -0.000505619 0.00536585
internal_weight=96637 12049 3413 84588 83075 1513 3012 243 166 8636 8020 3736 4284 2005 710 122 1295 1087 640 447 2279 2175 446 1729 344 259 170 122 89 82
internal_count=96637 12049 3413 84588 83075 1513 3012 243 166 8636 8020 3736 4284 2005 710 122 1295 1087 640 447 2279 2175 446 1729 344 259 170 122 89 82
is_linear=0
shrinkage=0.05


Tree=221
num_leaves=31
num_cat=0
split_feature=1 2 2 2 8 0 6 12 14 11 14 2 9 9 14 10 9 9 13 11 0 13 11 12 10 1 12 8 0 2
split_gain=0.737391 1.85818 0.891166 5.24445 1.27571 0.905637 0.798429 0.974661 0.811694 1.18784 0.865192 0.741169 0.916253 0.756991 0.676466 0.658804 2.51025 0.977877 0.89938 0.831191 1.01456 0.975495 0.855562 1.00594 0.922706 0.794838 0.769759 0.743796 0.728514 0.720787
threshold=3.5000000000000004 2.5000000000000004 7.5000000000000009 9.5000000000000018 1.0000000180025095e-35 4.5000000000000009 1.0000000180025095e-35 0.019271711222591036 0.027473859133533174 0.050315912941337006 0.086295104002923687 3.5000000000000004 8.0775069121958119 7.5873738590892907 2.3437685657724976 7.5208607374836234 8.2432030660917555 8.1688229513542439 0.015789441227771751 1.6926799310388281 12.500000000000002 3.5001010942429871 2.487910641606947 1.3195402670430956 7.3746420521326081 5.5000000000000009 0.023429542018370841 2.5000000000000004 4.5000000000000009 16.500000000000004
decision_type=2 2 2 2 2 2 2 2 2 2 2 2 2 2 2 2 2 2 2 2 2 2 2 2 2 2 2 2 2 2
left_child=6 -2 11 4 -4 -6 -1 -8 9 -9 -10 13 14 -3 -13 17 -17 19 25 -5 22 -22 23 -21 29 28 27 -27 -18 -25
right_child=1 2 3 15 5 -7 7 8 10 -11 -12 12 -14 -15 -16 16 18 -19 -20 20 21 -23 -24 24 -26 26 -28 -29 -30 -31
leaf_value=2.8753977957923512e-06 -0.00017519876689399069 -0.00018335094109703443 -0.00020265100881173556 -2.8026527546934562e-05 -7.7777339502025421e-05 -0.0002376211475281176 -5.4023323115067391e-05 1.646269367981078e-05 -0.00018274050140517595 0.00023909591068483244 -4.7666233604055317e-05 0.00028445978722225535 4.7608705122731251e-06 9.9377766925576637e-07 0.033131031324224715 0.0036648297127957787 -1.3746161425296734e-05 -0.0001302301742845611 -9.3072415592996329e-06 -0.0056618777745187868 -0.00064863919087889907 0.022006886889892642 0.0012086810784530111 0.012924677486281441 -0.0067367616941651914 0.00020694850473923035 -3.9897522961001273e-05 3.5710780143625369e-05 9.6640482392157411e-05 0.021739147599310157
leaf_weight=48539 4539 609 1298 7170 694 2605 908 392 339 45 5332 1988 2548 4031 77 429 340 1573 10154 75 2218 63 481 154 54 97 48 42 128 142
leaf_count=48539 4539 609 1298 7170 694 2605 908 392 339 45 5332 1988 2548 4031 77 429 340 1573 10154 75 2218 63 481 154 54 97 48 42 128 142
internal_value=-0.000173615 -0.000332917 -0.000215842 -0.000357466 -0.00190015 -0.00137769 -5.44517e-05 -0.000553023 -0.000325803 0.00175057 -0.000485806 0.00020912 0.000657922 -0.00023707 0.00144068 -5.13651e-05 0.000223348 -0.000310144 7.44738e-05 -0.000133727 0.000538122 -2.41134e-05 0.00195364 0.00358823 0.00471428 0.00187023 0.00462567 0.00651079 0.00076923 0.00581081
internal_weight=97112 41557 37018 27765 4597 3299 55555 7016 6108 437 5671 9253 4613 4640 2065 23168 11238 11930 10809 10357 3187 2281 906 425 350 655 187 139 468 296
internal_count=97112 41557 37018 27765 4597 3299 55555 7016 6108 437 5671 9253 4613 4640 2065 23168 11238 11930 10809 10357 3187 2281 906 425 350 655 187 139 468 296
is_linear=0
shrinkage=0.05


Tree=222
num_leaves=31
num_cat=0
split_feature=14 10 9 8 0 14 14 12 14 12 11 14 12 9 10 9 4 1 8 10 9 9 10 11 10 12 12 14 1 9
split_gain=1.00791 0.89836 0.878284 0.862096 0.796749 0.998244 0.959271 1.03959 0.879339 0.713514 0.718449 0.689963 0.673187 0.672708 0.889002 0.652014 0.794101 0.641722 0.919937 0.646126 1.05196 0.934626 0.913765 1.14669 0.868298 0.72992 0.992169 0.660785 0.806829 0.64083
threshold=1.0809422387544811 6.7628712769729971 7.4811201702066912 3.5000000000000004 15.500000000000002 0.75473980904493376 0.067858485438324859 0.024357166212915261 0.020959597967979939 0.25370637152879755 0.2793347194160965 0.053813276110247325 2.5525349097281964 8.2737830991807133 7.0537470436129821 7.9056448693510681 1.5000000000000002 1.5000000000000002 2.5000000000000004 7.6169807863739329 8.2035435272018571 8.3796608553057741 7.7216204385013976 1.2949752172760902 7.5169598942300491 0.027951857891066644 0.089459012174142233 0.022628002498816965 3.5000000000000004 8.3020358919927286
decision_type=2 2 2 2 2 2 2 2 2 2 2 2 2 2 2 2 2 2 2 2 2 2 2 2 2 2 2 2 2 2
left_child=1 -1 -3 12 6 -6 7 8 -5 10 13 -9 17 14 -2 -16 -17 18 -4 20 24 22 -21 27 -19 -22 -27 -24 -29 -28
right_child=9 2 3 4 5 -7 -8 11 -10 -11 -12 -13 -14 -15 15 16 -18 19 -20 21 25 -23 23 -25 -26 26 29 28 -30 -31
leaf_value=-6.6689195179356169e-05 -0.00028062696654402236 0.00016517075787276695 1.6629111660323694e-05 3.8943892782471374e-05 0.0039409883310012831 0.0003512714953424873 -2.9439452961602875e-05 -1.7056909989351014e-05 0.0002210099416322652 -3.8780880257251569e-05 0.00093442503375881195 0.00041637286971384378 -0.012697854989178066 -0.00010717800248047311 0.0023256919511515112 0.0010522869457981465 0.00020817628273860127 -2.8464160996808466e-05 -6.9388196093004106e-05 1.6853400950163495e-05 -5.5824565258129366e-05 -2.0609401107668407e-05 -3.3428131027092766e-05 0.0082770760846226227 0.00010667522225522334 0.00010925123641342349 -0.00014518250261946143 0.0011225488876594179 3.1089841245973429e-05 -0.0010243895126215202
leaf_weight=4248 150 454 7900 372 207 806 3583 881 48 45359 255 119 200 343 50 40 139 11527 2878 1493 2048 10576 89 45 189 137 1453 102 129 827
leaf_count=4248 150 454 7900 372 207 806 3583 881 48 45359 255 119 200 343 50 40 139 11527 2878 1493 2048 10576 89 45 189 137 1453 102 129 827
internal_value=-0.000159189 -0.000314147 -0.000249985 -0.000271768 0.000285903 0.00156466 2.69826e-05 0.00112676 0.00321428 9.06303e-06 0.00134596 0.000249999 -0.000356504 0.000540165 0.00199208 0.00395196 0.0025419 -0.000341813 -1.29906e-05 -0.000465666 -0.00067394 -0.000194629 0.000839611 0.00308219 -0.000425061 -0.00132699 -0.00073852 0.00203125 0.00344156 -0.000986843
internal_weight=96647 50311 46063 45609 6016 1013 5003 1420 420 46336 977 1000 39593 722 379 229 179 39393 10778 28615 16181 12434 1858 365 11716 4465 2417 320 231 2280
internal_count=96647 50311 46063 45609 6016 1013 5003 1420 420 46336 977 1000 39593 722 379 229 179 39393 10778 28615 16181 12434 1858 365 11716 4465 2417 320 231 2280
is_linear=0
shrinkage=0.05


Tree=223
num_leaves=31
num_cat=0
split_feature=14 11 12 1 13 11 11 10 12 10 13 9 10 13 10 6 12 10 10 11 10 2 11 11 1 10 10 1 8 13
split_gain=0.890987 1.01435 0.892664 0.818052 0.692823 1.91993 0.604244 0.585764 0.572901 0.556238 0.513847 0.507201 0.49782 0.482369 0.55231 0.493828 0.642573 0.882879 0.53779 0.665188 0.73415 0.706901 1.45687 0.61391 0.477181 0.556588 0.93396 0.476674 0.611568 0.499463
threshold=1.0561918689278753 2.3319015350661836 0.2617604386058241 1.5000000000000002 1.5027767039463369 0.22204193438121464 0.22978388595139612 7.0364507636117475 0.015029169175175128 7.1537179572798513 0.010228374245728958 8.2564234166383361 6.6431651191757917 1.1941873415385149 7.7465933136146496 1.0000000180025095e-35 0.28214596688078336 7.729386303252606 7.7172863666228322 0.008869493422509889 7.719055778108336 5.5000000000000009 1.4165078373129989 0.014026924939995879 1.0000000180025095e-35 7.3017871837458195 7.3815665170261147 4.5000000000000009 1.0000000180025095e-35 1.0759173861797844
decision_type=2 2 2 2 2 2 2 2 2 2 2 2 2 2 2 2 2 2 2 2 2 2 2 2 2 2 2 2 2 2
left_child=1 3 4 10 7 11 -4 12 -5 -9 -1 -6 -2 15 -15 18 -17 -18 -12 -20 -21 22 -22 -23 -11 -26 -27 -3 -29 -30
right_child=2 27 6 8 5 -7 -8 9 -10 24 13 -13 -14 14 -16 16 17 -19 19 20 21 23 -24 -25 25 26 -28 28 29 -31
leaf_value=0.00010064579757815395 0.00011304004506923899 -0.0085875001769258625 -0.0019611395909348499 -2.6229596709660655e-05 0.00058320149719929746 0.0016159580901530326 -8.4838761045191388e-05 0.0014560781426432206 -2.3558761782189403e-05 0.0009456484846721956 -4.8066276902900318e-06 -0.0002336395624166615 -0.00042082353705438503 -0.00041079168072502065 0.00021950311512900514 -4.2448309282658116e-05 0.0014505295784733084 -0.0011537112285541849 -0.00015862698793407109 0.001895891268572552 -9.7487422455057153e-05 0.00012007929953034092 0.010936513703689366 7.3583582420376145e-05 -0.0003861492575549128 0.0019965612993484241 8.2612031736997309e-05 -0.010782303731897567 -0.0016172646347261351 0.015052188783253026
leaf_weight=113 46 721 448 4205 75 105 45712 59 30858 98 8513 53 129 129 40 802 213 86 82 57 553 315 42 2452 87 47 448 120 192 67
leaf_count=113 46 721 448 4205 75 105 45712 59 30858 98 8513 53 129 129 40 802 213 86 82 57 553 315 42 2452 87 47 448 120 192 67
internal_value=-0.000168634 -0.000316789 -1.34242e-05 -0.000282709 0.00136443 0.00379828 -4.76615e-05 0.000743981 -0.000409692 0.00135994 4.96368e-05 -0.000312501 -0.00185714 2.10768e-05 -0.00263314 5.5279e-05 -0.000958221 0.00102007 0.000148159 0.000669807 0.000776542 0.000681141 -0.000882354 0.00101735 0.000955881 0.00041237 0.0010606 -0.00181818 -0.000382587 0.000984555
internal_weight=96867 49560 47307 48460 1147 233 46160 914 35063 739 13397 128 175 13284 169 13115 1101 299 12014 3501 3419 3362 595 2767 680 582 495 1100 379 259
internal_count=96867 49560 47307 48460 1147 233 46160 914 35063 739 13397 128 175 13284 169 13115 1101 299 12014 3501 3419 3362 595 2767 680 582 495 1100 379 259
is_linear=0
shrinkage=0.05


Tree=224
num_leaves=31
num_cat=0
split_feature=1 4 2 10 11 11 2 2 14 13 11 9 2 14 12 2 0 14 13 12 0 14 12 11 11 12 12 4 11 0
split_gain=0.840265 1.30177 1.11212 1.07206 1.03513 1.01548 0.941412 1.18997 0.805095 0.777146 1.02173 0.668435 0.643353 0.790425 1.31926 1.08691 1.04168 0.709838 0.701006 0.669483 0.753096 0.63854 1.05651 0.605242 0.598068 0.628334 1.59185 1.39694 0.780114 0.812411
threshold=1.5000000000000002 1.0000000180025095e-35 27.500000000000004 7.8564486174118766 2.4221649397482485 0.0093619696179212692 13.500000000000002 4.5000000000000009 1.8774612757519582 0.012062881362494402 0.02296748177038133 7.8291570095906939 22.500000000000004 1.4326904105520948 0.62800667330029813 15.500000000000002 21.500000000000004 2.2538453153242952 1.2640406911598261 0.016909315208142959 19.500000000000004 0.83042774607865388 1.2721947001842444 0.52921889025971625 0.010980585576780994 1.127708237104577 1.1928464110842623 4.5000000000000009 2.3319015350661836 12.500000000000002
decision_type=2 2 2 2 2 2 2 2 2 2 2 2 2 2 2 2 2 2 2 2 2 2 2 2 2 2 2 2 2 2
left_child=1 3 6 -1 8 11 7 -3 -5 10 -9 -4 13 18 15 17 -17 -15 21 -14 -21 22 -2 -18 -23 -26 27 -27 -28 -30
right_child=12 2 5 4 -6 -7 -8 9 -10 -11 -12 -13 19 14 -16 16 23 -19 -20 20 -22 24 -24 -25 25 26 28 -29 29 -31
leaf_value=0.00019352510634688288 -1.5441907820293995e-05 -0.00015810036340666386 3.3570637749663225e-05 0.0017858841554442451 0.069366941248007269 0.00019234337823502572 -5.7217272174258261e-05 0.00015661333543312228 -0.018015190862180615 4.391013189446422e-05 -4.705705507621035e-05 -9.8691545831784631e-05 -5.3928104911441096e-05 0.00082964901557957323 7.1285644888907499e-05 0.0080672030995002034 0.007005057765196325 0.0030581171650470962 -0.00077430324370556935 -2.2030330867240745e-05 -0.00098020563948663297 0.00037877331520302465 -0.0051233997050565529 -0.0012171103655732897 -9.1430026413181033e-05 -0.0039849709305785621 0.0027169941235774767 0.012159341487147672 -0.0069659165937014829 0.0029795267529126217
leaf_weight=1776 24216 2311 99 415 41 6477 6951 91 73 9060 40 280 1030 836 16865 66 119 40 3626 10545 2290 46 1169 49 3556 70 3103 126 786 472
leaf_count=1776 24216 2311 99 415 41 6477 6951 91 73 9060 40 280 1030 836 16865 66 119 40 3626 10545 2290 46 1169 49 3556 70 3103 126 786 472
internal_value=-0.000123366 0.000109726 6.12311e-06 0.00124729 0.00322306 0.000549882 -0.000195904 8.17237e-05 0.00258197 0.000336741 0.0041603 -0.0019657 -0.000216636 -0.000140086 0.000132127 0.0018018 0.00482906 0.000993149 -0.000271726 -0.000521097 -0.000422674 -0.000200335 -0.000324011 0.00273809 0.000184458 0.000152224 0.000540925 0.00494898 0.00034281 -0.000707473
internal_weight=96624 27614 25309 2305 529 6856 18453 11502 488 9191 131 379 69010 55145 17975 1110 234 876 37170 13865 12835 33544 25385 168 8159 8113 4557 196 4361 1258
internal_count=96624 27614 25309 2305 529 6856 18453 11502 488 9191 131 379 69010 55145 17975 1110 234 876 37170 13865 12835 33544 25385 168 8159 8113 4557 196 4361 1258
is_linear=0
shrinkage=0.05


Tree=225
num_leaves=31
num_cat=0
split_feature=12 9 10 10 10 9 12 10 10 9 9 14 10 14 11 9 10 14 10 9 10 12 13 1 14 1 4 11 0 10
split_gain=0.909634 0.556535 1.95355 1.17348 0.848925 1.5341 1.07213 1.29745 0.802498 1.4293 1.06066 0.974127 0.832211 0.775942 0.775744 0.749318 1.00441 0.761865 0.656816 0.62868 0.755527 0.721816 1.18552 1.02542 0.717244 1.7701 0.622242 0.579307 0.572451 0.676674
threshold=0.014205593701191656 8.0848384120218579 7.3815665170261147 7.4817256062530708 7.1700393656704113 7.8624884834232454 0.015223878896754204 7.2929468154835293 6.9233927857041184 7.7087520103045053 7.7087520103045053 2.3192212600573567 7.0537470436129821 0.015129678267487529 1.162628140788337 7.9999017686286846 7.2052692178094775 0.016268773914346567 7.0537470436129821 7.9913279541171791 7.1455246758823021 0.02022941081225382 0.22862123873148757 2.5000000000000004 0.027473859133533174 5.5000000000000009 5.5000000000000009 0.010590463161240328 15.500000000000002 6.9950407810268844
decision_type=2 2 2 2 2 2 2 2 2 2 2 2 2 2 2 2 2 2 2 2 2 2 2 2 2 2 2 2 2 2
left_child=-1 3 -3 4 5 8 7 -6 9 -2 12 13 27 18 -14 17 -17 -8 -12 20 24 -22 23 -23 25 -7 -26 -10 -29 -30
right_child=1 2 -4 -5 6 19 15 -9 10 -11 11 -13 14 -15 -16 16 -18 -19 -20 -21 21 22 -24 -25 26 -27 -28 28 29 -31
leaf_value=-3.151866274107045e-05 -2.5942977273537651e-05 -0.00013263577356089604 -1.7968691259959702e-05 0.0056072360195747644 -1.3965518939754591e-05 -2.1496868730042562e-05 -6.8112858636219513e-05 0.00018979468163724236 0.00021752129656870485 -0.00018662469647104678 6.609953874313675e-05 0.0097997760623811034 0.0036647082554424159 -1.8898522203691606e-05 0.004188933435476154 -0.00019972679931348999 1.8208344336387101e-05 0.00025662862445684681 3.0544455116793635e-05 -0.00020059612310408166 -0.00010673913027404677 0.00040308438154608287 -0.00016534297107742162 0.00025820871873893702 -0.00039545469946323549 0.00012046869544386584 -0.00019770227715615831 4.4931513639526535e-05 0.0087038212139835241 0.00039370102483972071
leaf_weight=3802 14008 3341 52476 88 69 154 140 89 42 283 67 386 54 7265 43 319 4642 4792 172 360 69 59 435 59 443 42 1149 1361 459 289
leaf_count=3802 14008 3341 52476 88 69 154 140 89 42 283 67 386 54 7265 43 319 4642 4792 172 360 69 59 435 59 443 42 1149 1361 459 289
internal_value=-0.000151976 -0.000121036 -0.000220991 2.83881e-05 1.47639e-05 -0.000130337 0.000407421 0.00449367 -3.89001e-06 -0.00024526 0.000336357 6.33702e-05 0.00129448 -6.26345e-05 0.00582474 0.00034216 -9.17166e-05 0.000778588 0.00274058 -0.00124549 -0.000954358 0.000546623 0.00114828 0.00559322 -0.00147651 0.00137755 -0.00182789 0.00109019 0.000974394 0.00208556
internal_weight=96957 93155 55817 37338 37250 27199 10051 158 24429 14291 10138 7890 2248 7504 97 9893 4961 4932 239 2770 2410 622 553 118 1788 196 1592 2151 2109 748
internal_count=96957 93155 55817 37338 37250 27199 10051 158 24429 14291 10138 7890 2248 7504 97 9893 4961 4932 239 2770 2410 622 553 118 1788 196 1592 2151 2109 748
is_linear=0
shrinkage=0.05


Tree=226
num_leaves=31
num_cat=0
split_feature=1 2 12 2 4 2 2 2 8 11 11 14 12 8 13 0 10 2 13 8 11 14 10 2 1 2 2 12 8 11
split_gain=0.6609 1.91578 0.808708 0.807678 3.70826 1.249 2.02453 1.15047 0.967257 0.767105 0.759433 0.661684 0.649002 0.623571 0.59895 1.18645 0.549141 0.544465 0.971981 1.11296 1.15649 0.642437 0.719784 0.615182 0.565061 1.96258 3.2904 1.76609 1.61319 1.12105
threshold=3.5000000000000004 2.5000000000000004 0.013961081296346161 10.500000000000002 4.5000000000000009 9.5000000000000018 7.5000000000000009 16.500000000000004 1.0000000180025095e-35 0.015267695482718139 0.012560480316256695 0.022628002498816965 0.024869040299849248 1.0000000180025095e-35 0.012864436323488082 4.5000000000000009 7.4867006184888369 3.5000000000000004 0.019618491168703494 1.0000000180025095e-35 0.011320652026947235 0.079833095026609027 7.5208607374836234 4.5000000000000009 1.5000000000000002 7.5000000000000009 14.500000000000002 2.1257748730304864 1.0000000180025095e-35 0.021442272691904147
decision_type=2 2 2 2 2 2 2 2 2 2 2 2 2 2 2 2 2 2 2 2 2 2 2 2 2 2 2 2 2 2
left_child=17 -2 9 4 8 6 -6 14 11 13 -10 12 -4 16 15 -5 -3 18 -1 -20 -21 22 -22 -19 -25 28 27 29 -26 -27
right_child=1 2 3 7 5 -7 -8 -9 10 -11 -12 -13 -14 -15 -16 -17 -18 23 19 20 21 -23 -24 24 25 26 -28 -29 -30 -31
leaf_value=-7.8149094514987051e-05 -0.00016929373086410577 -4.0432610076526732e-06 -6.1832141518588257e-05 4.6573921021459116e-06 4.3328455742249057e-05 0.00038226520921524112 -0.00012693745050223573 -1.331730994573111e-05 6.4468328912091404e-05 -5.9774068839919287e-05 -0.0001244952855105148 -0.00026346426806791729 8.1376039100879518e-05 -2.5826937594424862e-05 0.00012344667980380565 0.00011619306958907581 0.0001738480960978909 -0.00016136008639377463 0.0015638255016756017 0.00015612177926358872 -6.1512385103401089e-06 -2.0615874178115954e-05 0.00039526865276174504 1.49511388183628e-05 -0.00024993449755302205 -2.5060076729612268e-05 -4.0707823732167263e-05 -0.0031896264629840648 -7.6383040192525866e-05 0.0003980212519345633
leaf_weight=354 4617 96 93 89 8510 2066 2165 12797 43 636 3126 1158 42 1544 4281 49 83 2264 1220 46 93 2775 90 25313 1297 368 13798 1017 3269 3190
leaf_count=354 4617 96 93 89 8510 2066 2165 12797 43 636 3126 1158 42 1544 4281 49 83 2264 1220 46 93 2775 90 25313 1297 368 13798 1017 3269 3190
internal_value=-0.000152817 -0.000303782 -0.000183263 -0.000121882 -0.000364182 7.02445e-05 -0.000147542 0.000120236 -0.00160466 -0.00107885 -0.00113443 -0.00275716 0.000555554 -0.000531052 0.000815794 0.00405797 0.00226257 -3.93884e-05 0.000482742 0.000693654 0.00017643 5.40894e-05 0.0029235 -8.67064e-05 -4.89111e-05 -0.000228651 1.90378e-06 0.00116393 -0.00115637 0.00168915
internal_weight=96489 41395 36778 34419 17203 12741 10675 17216 4462 2359 3169 1293 135 1723 4419 138 179 55094 4578 4224 3004 2958 183 50516 48252 22939 18373 4575 4566 3558
internal_count=96489 41395 36778 34419 17203 12741 10675 17216 4462 2359 3169 1293 135 1723 4419 138 179 55094 4578 4224 3004 2958 183 50516 48252 22939 18373 4575 4566 3558
is_linear=0
shrinkage=0.05


Tree=227
num_leaves=31
num_cat=0
split_feature=0 8 13 11 10 14 10 2 9 10 10 11 4 11 13 11 9 13 9 10 9 1 10 10 2 11 1 9 10 3
split_gain=0.770936 0.956681 0.925237 0.650715 0.538041 0.506057 0.782395 0.831719 0.580857 0.501049 0.973908 0.897925 0.728244 0.639202 0.870827 0.831044 0.5678 0.525166 0.49391 1.3381 0.866942 0.571082 1.03937 0.815656 0.708686 0.55243 0.592439 0.543938 1.13715 0.5284
threshold=4.5000000000000009 1.0000000180025095e-35 0.01151750904252777 0.045459919902383739 7.7653770503639832 0.016021226436167581 7.690305059356997 10.500000000000002 7.8035243568208967 7.6337073727208926 7.7172863666228322 0.03887794290427448 2.5000000000000004 0.016757504322706351 0.1134940027656537 0.014026924939995879 8.3849655971509396 0.4745487675611883 8.2035435272018571 7.5462372585311437 8.1514414483709334 5.5000000000000009 7.6622375456984946 7.8177252909232866 25.500000000000004 0.031903568509714618 1.5000000000000002 8.1610506823211146 7.3815665170261147 1.0000000180025095e-35
decision_type=2 2 2 2 2 2 2 2 2 2 2 2 2 2 2 2 2 2 2 2 2 2 2 2 2 2 2 2 2 2
left_child=1 9 5 18 -5 6 8 -8 -2 12 11 13 -1 15 16 -11 -15 -12 20 -20 25 -21 -23 -24 -25 -3 -27 28 -22 -29
right_child=2 3 -4 4 -6 -7 7 -9 -10 10 17 -13 -14 14 -16 -17 -18 -19 19 21 27 22 23 24 -26 26 -28 29 -30 -31
leaf_value=7.1399435053595334e-05 4.0109614260309208e-05 -9.7223792864353867e-06 -4.2635775974177554e-05 -0.00016388037516095472 1.586989975896875e-05 -5.0305229821470577e-06 4.5267905484023894e-05 0.00015943327053541628 -7.4099023036729876e-06 5.0636552192550028e-05 2.088741480395929e-05 0.00016595254852589053 -1.6441842136691599e-05 0.00022486402879554878 -3.9547009387634536e-05 0.00040807138957933996 1.1166693015984207e-06 -7.6134388293561299e-05 -8.0585850520167358e-05 -2.3480048431670379e-05 -8.3572075380033465e-05 0.00012927879946986358 -7.3306888159531983e-05 -8.3010596139830876e-06 0.00016495031860782016 -8.7987289739333908e-05 -3.2767462505221079e-05 -2.4129451977475377e-05 0.00022128632838693354 9.0043379033819405e-05
leaf_weight=673 88 5944 76197 248 78 97 57 44 126 104 1480 54 2921 43 104 56 65 234 595 5803 41 249 276 362 66 129 310 198 97 136
leaf_count=673 88 5944 76197 248 78 97 57 44 126 104 1480 54 2921 43 104 56 65 234 595 5803 41 249 276 362 66 129 310 198 97 136
internal_value=-0.000154066 -0.000428305 -8.1519e-05 -0.000644097 -0.00285276 0.00228155 0.00325397 0.00688119 0.00154205 0.00011859 0.000724298 0.00286385 -0.000242071 0.00198925 0.000188678 0.004375 0.00333333 0.000192531 -0.000593412 -0.000878113 -0.000288112 -0.000677917 0.000456452 -0.000525569 0.00084112 -0.000441016 -0.00215262 0.00177966 0.00442029 0.000688622
internal_weight=96875 20266 76609 14532 326 412 315 101 214 5734 2140 426 3594 372 212 160 108 1714 14206 7351 6855 6756 953 704 428 6383 439 472 138 334
internal_count=96875 20266 76609 14532 326 412 315 101 214 5734 2140 426 3594 372 212 160 108 1714 14206 7351 6855 6756 953 704 428 6383 439 472 138 334
is_linear=0
shrinkage=0.05


Tree=228
num_leaves=31
num_cat=0
split_feature=0 8 12 14 8 9 2 13 9 12 9 9 8 11 1 1 11 9 11 12 9 12 4 9 8 11 14 14 13 1
split_gain=1.08862 0.843625 0.803138 1.13853 0.88704 0.831087 1.01444 0.852125 1.38732 1.42099 0.78941 0.784847 0.782369 1.13318 0.639346 0.816559 0.623535 0.720484 0.614035 0.886897 0.601331 1.34298 0.563396 0.656668 0.560689 0.780888 1.13598 0.558791 0.563106 0.556344
threshold=4.5000000000000009 1.0000000180025095e-35 0.10146836030122026 0.067858485438324859 2.5000000000000004 8.1364267023503221 6.5000000000000009 0.024025463833017038 7.8035243568208967 0.029088779508699588 8.3614891754861134 7.9913279541171791 3.5000000000000004 0.013149438319505592 1.5000000000000002 5.5000000000000009 0.06490751030597304 8.2035435272018571 0.018813966527785261 0.018851908243793732 8.5351844632388687 0.017094184078422146 1.5000000000000002 7.8624884834232454 3.5000000000000004 0.026185372129590826 0.027473859133533174 0.020959597967979939 0.01151750904252777 5.5000000000000009
decision_type=2 2 2 2 2 2 2 2 2 2 2 2 2 2 2 2 2 2 2 2 2 2 2 2 2 2 2 2 2 2
left_child=1 10 4 14 5 7 -7 -2 -9 -10 11 29 13 22 -4 -16 17 -14 19 20 21 -12 -6 -24 -3 26 27 28 -26 -1
right_child=2 24 3 -5 12 6 -8 8 9 -11 18 -13 16 -15 15 -17 -18 -19 -20 -21 -22 -23 23 -25 25 -27 -28 -29 -30 -31
leaf_value=-9.2045126804945958e-07 3.5090487757818467e-05 -2.3157712194214161e-05 0.00025270185490758752 -6.7390141600259055e-05 0.00018821104892422928 -4.6280826408579993e-05 2.6634252506984658e-05 -1.8830049437509168e-05 0.0002052056553307689 0.0010288405378438392 3.2756654531985838e-05 -3.9712355786686159e-05 0.0015271047755199294 -6.9169401262687236e-05 -0.00060425305225962535 0.00018323752273048796 1.8294004392256749e-05 3.967736455110639e-05 3.7138407346588071e-07 2.483051257235868e-05 4.7430295465003685e-05 0.00016098922321170937 0.00017215140463403109 -1.5041474155420304e-05 0.00017687531988462376 -3.7537978535421444e-05 -6.0908365700598425e-06 0.00015281072011675482 3.0957867646366431e-05 7.5691000833044372e-05
leaf_weight=1606 865 11923 387 70552 46 515 1201 86 50 72 63 1555 44 846 1114 232 278 50 1309 624 272 43 59 131 41 731 1287 118 342 240
leaf_count=1606 865 11923 387 70552 46 515 1201 86 50 72 63 1555 44 846 1114 232 278 50 1309 624 272 43 59 131 41 731 1287 118 342 240
internal_value=-0.000145426 -0.000472364 -5.93259e-05 -9.85694e-05 0.000609238 0.00113123 0.000448717 0.00222274 0.00509615 0.00852459 4.20156e-05 -0.000442518 -0.000392023 -0.00107209 -0.00136469 -0.00187964 0.00158602 0.00510638 0.000755083 0.00168663 0.00359788 0.00679245 0.00199152 0.000789472 -0.000675808 1.98372e-06 0.000564876 0.00258483 0.00165796 0.000254603
internal_weight=96682 20154 76528 72285 4243 2789 1716 1073 208 122 5712 3401 1454 1082 1733 1346 372 94 2311 1002 378 106 236 190 14442 2519 1788 501 383 1846
internal_count=96682 20154 76528 72285 4243 2789 1716 1073 208 122 5712 3401 1454 1082 1733 1346 372 94 2311 1002 378 106 236 190 14442 2519 1788 501 383 1846
is_linear=0
shrinkage=0.05


Tree=229
num_leaves=31
num_cat=0
split_feature=0 9 8 11 11 10 14 11 9 10 9 10 9 9 10 13 11 0 14 12 9 4 12 2 9 8 10 13 8 2
split_gain=0.762278 0.632255 1.13436 0.68101 0.873605 0.640429 0.634302 1.12018 0.708396 0.618641 1.10553 1.09667 0.925841 0.957564 0.897768 0.758462 0.740812 0.713242 0.64653 0.56259 0.540279 0.659641 0.517728 0.516207 0.519194 0.618012 0.989715 0.503833 0.905853 0.648926
threshold=3.5000000000000004 9.0411041535398358 3.5000000000000004 0.90344834611076996 0.036722631643962493 8.4131974785675343 2.1574592703957265 6.5797783177436804 7.0417760547946449 8.0533306444494901 8.9899118750170839 8.310540370335934 8.2091043087849211 8.1529538406859938 7.5675340507590656 0.9959348209140767 0.045459919902383739 1.0000000180025095e-35 0.38686320398709767 0.027951857891066644 8.7550578509009664 7.5000000000000009 0.98315794437631931 10.500000000000002 8.7087422738129803 1.0000000180025095e-35 7.6337073727208926 0.013765825296169678 2.5000000000000004 6.5000000000000009
decision_type=2 2 2 2 2 2 2 2 2 2 2 2 2 2 2 2 2 2 2 2 2 2 2 2 2 2 2 2 2 2
left_child=9 6 5 4 -4 -3 7 27 -8 12 11 18 13 16 -14 19 -1 -15 20 -12 21 -11 -5 24 25 26 -16 28 29 -2
right_child=1 2 3 22 -6 -7 8 -9 -10 10 15 -13 14 17 23 -17 -18 -19 -20 -21 -22 -23 -24 -25 -26 -27 -28 -29 -30 -31
leaf_value=-1.0202698823617536e-05 -2.412819429940277e-06 -0.0002000627732115477 0.00025726346792708654 0.011390769012595378 -0.0002194754359558875 -5.8879810321351106e-05 0.013124141567592071 -0.015901898328587401 0.0012140690782405934 -2.336318602067033e-05 -3.0568612427182226e-05 0.00014784591109719928 -5.9274350830574039e-05 0.00011841450667964935 -5.7738530122205785e-05 0.00017693629354720454 -8.9399316131358208e-05 2.1620555257641779e-05 -6.5536340132124916e-05 9.2797256504840018e-05 2.2677177250048552e-05 0.00022794623693372644 0.0034896614791824197 -7.4934413420917171e-06 -8.4882207459566336e-05 -4.6026928305795307e-05 6.1241907747023143e-05 -3.2902345057925156e-05 -4.27307808293354e-05 5.2618432711501304e-05
leaf_weight=7043 435 2496 51 78 817 2131 86 284 7706 42 1584 41 1293 136 150 53 194 385 111 101 629 80 939 2359 117 1426 342 64104 590 913
leaf_count=7043 435 2496 51 78 817 2131 86 284 7706 42 1584 41 1293 136 150 53 194 385 111 101 629 80 939 2359 117 1426 342 64104 590 913
internal_value=-0.000160057 -9.73595e-05 -0.000569719 0.00046419 -0.000564517 -0.000990924 -5.58581e-05 -0.000105993 0.000370892 -0.000474327 0.000225292 0.00164452 -0.000611753 -0.000256511 -0.00109636 -0.000512084 -0.000405556 0.00181382 0.0012645 -0.000697331 0.00179094 0.00483606 0.00134218 -0.000755577 -0.00133907 -0.00114182 0.000386178 -9.25181e-05 0.000701753 0.00141691
internal_weight=96716 80630 6512 1885 868 4627 74118 66326 7792 16086 2641 903 13445 7758 5687 1738 7237 521 862 1685 751 122 1017 4394 2035 1918 492 66042 1938 1348
internal_count=96716 80630 6512 1885 868 4627 74118 66326 7792 16086 2641 903 13445 7758 5687 1738 7237 521 862 1685 751 122 1017 4394 2035 1918 492 66042 1938 1348
is_linear=0
shrinkage=0.05


Tree=230
num_leaves=31
num_cat=0
split_feature=9 8 8 0 3 2 9 9 11 7 2 0 2 8 11 2 0 9 9 7 12 0 13 13 9 12 1 9 2 2
split_gain=0.536733 0.466646 1.55874 3.65165 1.50588 1.15812 1.05281 0.772148 1.02794 0.749109 0.743767 0.717541 0.725014 0.784021 0.646097 0.868685 0.697384 0.606931 0.802418 0.843022 0.643105 1.2 0.804338 0.836402 0.790139 0.603308 0.60171 1.02908 1.21055 0.893292
threshold=8.9263016328953686 2.5000000000000004 1.5000000000000002 15.500000000000002 1.0000000180025095e-35 8.5000000000000018 8.7923650407824958 8.8369808803965615 4.5347215397859291 1.0000000180025095e-35 4.5000000000000009 6.5000000000000009 21.500000000000004 3.5000000000000004 0.13817021750351233 19.500000000000004 18.500000000000004 7.8215386808283798 7.689971308413873 1.0000000180025095e-35 1.7269930721847415 15.500000000000002 1.5142473074030183 1.6155169693056084 8.2327807673683022 0.14155753218672448 2.5000000000000004 7.0417760547946449 7.5000000000000009 9.5000000000000018
decision_type=2 2 2 2 2 2 2 2 2 2 2 2 2 2 2 2 2 2 2 2 2 2 2 2 2 2 2 2 2 2
left_child=1 2 7 5 6 -4 11 26 -9 -8 -6 12 -3 -14 15 25 17 18 -16 -20 21 22 -19 -24 -25 -13 27 28 -1 -28
right_child=-2 4 3 -5 10 -7 9 8 -10 -11 -12 14 13 -15 16 -17 -18 20 19 -21 -22 -23 23 24 -26 -27 29 -29 -30 -31
leaf_value=0.0023516880054699706 -3.8928947149433215e-05 -2.2571870751353868e-05 0.00055708926875055434 -0.00056980998583714955 -1.7274743589702925e-05 9.3233436169204412e-05 -0.00021282844654300949 0.00010048259992155275 0.016704030784851148 0.00018893548292296189 0.00017371766341040044 0.00032452841209009608 -9.603414474342056e-05 -1.1244852285523336e-06 -0.00011751095285587534 -0.0012647959134218833 -0.00065023340276248098 -0.00061397159305864337 0.0024736149048469459 0.0066950647856214261 -0.0021341308910346212 0.0061003501279021186 0.0075354290837125627 -0.0024388662534195068 0.0048261183962492816 0.0032320787284265406 -5.9136479873080154e-05 1.1672702430445909e-05 0.00036342526556045656 2.8664712450978355e-06
leaf_weight=57 12098 4390 1015 1309 5948 1631 536 815 48 57 5133 77 846 375 2186 43 3851 2174 929 88 3236 416 63 242 275 93 12858 20817 123 15065
leaf_count=57 12098 4390 1015 1309 5948 1631 536 815 48 57 5133 77 846 375 2186 43 3851 2174 929 88 3236 416 63 242 275 93 12858 20817 123 15065
internal_value=-0.000109202 -6.47032e-05 2.43763e-05 0.000979771 -0.000219331 0.00204837 -0.000479701 -5.15248e-05 0.00143105 -0.00255481 0.00024772 -0.00041589 -0.000891999 -0.0019697 -0.000220509 0.00251174 -0.000263746 -3.5905e-05 0.000526068 0.00168633 -0.000316892 0.000189273 -0.000188817 0.00146552 0.000802707 0.00411765 -7.7679e-05 0.00012454 0.00388889 -0.00022974
internal_weight=96794 84696 53738 3955 30958 2646 19877 49783 863 593 11081 19284 5611 1221 13673 213 13460 9609 3203 1017 6406 3170 2754 580 517 170 48920 20997 180 27923
internal_count=96794 84696 53738 3955 30958 2646 19877 49783 863 593 11081 19284 5611 1221 13673 213 13460 9609 3203 1017 6406 3170 2754 580 517 170 48920 20997 180 27923
is_linear=0
shrinkage=0.05


Tree=231
num_leaves=31
num_cat=0
split_feature=0 13 9 2 13 12 14 2 8 12 12 11 12 11 12 11 14 11 12 0 0 13 14 11 12 11 4 14 9 9
split_gain=0.792802 0.841979 0.685331 1.08868 1.02886 0.794322 0.901051 0.823819 0.676646 0.569215 0.932747 0.525583 0.792817 0.610097 0.748418 0.524034 0.522186 0.590554 0.85636 0.863485 0.504197 0.67843 0.892064 0.593936 0.543934 0.724968 0.650678 0.505742 0.502112 0.629956
threshold=4.5000000000000009 0.01151750904252777 9.1424004294361136 5.5000000000000009 0.021029876770151563 0.88633335334409069 0.91978011693624928 1.5000000000000002 1.0000000180025095e-35 2.0060500418386558 2.8089142424960887 4.9651627472506323 2.8755997661057462 4.3598454606994954 2.2966739864518382 0.041807385994202161 0.013517528708567098 0.019209702183648973 0.018241712731122777 3.5000000000000004 19.500000000000004 0.98432927816226934 1.5448855561719099 0.99909786633030162 2.0060500418386558 1.6736092545905168 6.5000000000000009 1.3952280761848197 8.8172221631982968 7.5658720169873837
decision_type=2 2 2 2 2 2 2 2 2 2 2 2 2 2 2 2 2 2 2 2 2 2 2 2 2 2 2 2 2 2
left_child=8 28 11 5 -5 -4 -7 -8 -1 -9 -11 13 -13 -3 -15 16 17 -10 19 -19 21 -6 23 -23 25 -25 -27 -26 29 -2
right_child=1 2 3 4 20 6 7 9 15 10 -12 12 -14 14 -16 -17 -18 18 -20 -21 -22 22 -24 24 27 26 -28 -29 -30 -31
leaf_value=1.7253826410805775e-06 0.00010289083027679111 -2.4835882354326643e-05 -0.00039376251473708409 4.8954176936666882e-05 -0.00040797186636342542 0.016993120498027925 -0.011225145594918502 -0.0010727517740226221 -4.7641665292961787e-05 0.037625150207759445 0.0014491469257499031 -0.0078473102130502664 -0.0023711922662882998 -0.013515155880422318 0.008378186501590312 -8.3088314182161178e-05 -1.4602539383760997e-05 -2.4967964811677071e-05 -0.00016873704559042116 0.00012013841109174034 -0.0015651518355393433 -0.0016412119238957993 -0.0025095733381832763 -0.0010097207148165505 -0.0047102654623197709 0.033362377445879464 0.0084106567151130424 0.022512631728989256 0.00017773203490075394 9.3459014889360748e-06
leaf_weight=5707 51 69735 218 51 857 55 52 97 820 67 49 223 1913 62 1021 445 12947 96 64 61 534 76 714 48 134 40 41 76 40 320
leaf_count=5707 51 69735 218 51 857 55 52 97 820 67 49 223 1913 62 1021 445 12947 96 64 61 534 76 714 48 134 40 41 76 40 320
internal_value=-0.000152878 -7.93746e-05 -9.157e-05 -0.000818592 -0.0012466 0.00122676 0.0028125 0.00160377 -0.000431977 0.00298122 0.00534483 -6.05873e-05 -0.000833335 -3.72799e-05 0.00114035 -0.000614219 -0.000560482 -0.00163785 0.000656107 0.00264331 -0.00138889 -0.00102216 -0.000217007 0.0016265 0.00252212 0.00507752 0.00796296 0.00095238 0.00217761 0.00160377
internal_weight=96614 76474 76063 3109 2571 538 320 265 20140 213 116 72954 2136 70818 1083 14433 13988 1041 221 157 2520 1986 1129 415 339 129 81 210 411 371
internal_count=96614 76474 76063 3109 2571 538 320 265 20140 213 116 72954 2136 70818 1083 14433 13988 1041 221 157 2520 1986 1129 415 339 129 81 210 411 371
is_linear=0
shrinkage=0.05


Tree=232
num_leaves=31
num_cat=0
split_feature=0 4 10 0 9 14 10 12 13 8 11 0 12 10 2 12 14 9 13 14 10 10 12 13 11 4 9 11 9 13
split_gain=0.833019 0.710316 0.827963 0.632735 0.80511 1.00499 0.982598 0.738084 0.945287 0.758507 1.41373 1.3316 1.3262 1.21415 0.975417 0.847271 1.31073 1.01147 0.813697 0.731276 0.662778 0.771302 0.604191 0.580094 0.575784 0.562711 1.59305 0.701102 0.633254 0.559039
threshold=2.5000000000000004 1.5000000000000002 6.3373233947321248 19.500000000000004 9.0173367641000919 0.73771259894200913 7.4817256062530708 2.3859723522052021 2.5731981536595332 1.5000000000000002 1.4165078373129989 20.500000000000004 1.9680945314899818 7.7864920752978506 13.500000000000002 0.2617604386058241 0.88651070079589156 8.2929057512373543 1.8041305161347074 0.59995196162031739 7.7586136922094315 7.7864920752978506 2.8755997661057462 2.1871460770382147 3.0700631488550734 6.5000000000000009 8.9784013442563531 0.43839986880256293 8.5830569601368243 1.7494754156615933
decision_type=2 2 2 2 2 2 2 2 2 2 2 2 2 2 2 2 2 2 2 2 2 2 2 2 2 2 2 2 2 2
left_child=1 -1 -3 -2 6 -6 19 9 -9 11 14 12 13 18 15 16 -11 -17 -8 -5 29 -22 24 -14 -10 26 -23 28 -27 -13
right_child=3 2 -4 4 5 -7 7 8 22 10 -12 20 23 -15 -16 17 -18 -19 -20 -21 21 25 -24 -25 -26 27 -28 -29 -30 -31
leaf_value=1.716623079323095e-05 9.5535841019754047e-07 -9.4790812170118395e-05 -1.6471927232020198e-05 -0.00093223869610223895 0.0011304732900504115 -0.0012620930481788829 0.031667695028519051 -0.011417432725647086 0.004911481490134522 0.00025730150308495323 -0.010723446237385914 0.00048077648164580194 -5.0771681007081719e-05 0.0022181103460553906 -0.00044684743394925956 0.0061671127079271802 0.0023954745339038346 -0.00086052609319538459 0.020892819123817248 -0.00039117979380198786 0.006576225387827467 0.0011198978810307489 -0.0068533809400482364 0.014214537337466396 0.019347804921191238 0.0035086170487395895 0.0052766645356346342 -0.001090725008022674 0.00052763041814510693 -0.0018254709719343052
leaf_weight=1995 68518 131 9948 392 61 1417 57 583 59 347 256 1158 197 51 830 64 71 558 44 7627 111 397 112 119 49 48 65 483 182 901
leaf_count=1995 68518 131 9948 392 61 1417 57 583 59 347 256 1158 197 51 830 64 71 558 44 7627 111 397 112 119 49 48 65 483 182 901
internal_value=-0.000110038 -0.000498593 -0.000669214 -5.46869e-05 -0.000335305 -0.0014479 -0.000223902 0.000221001 -0.00120174 0.000413368 -0.000343369 0.000835299 0.00333333 0.00717105 0.000133689 0.00115384 0.00289474 -1.60784e-05 0.0103465 -0.000597956 0.000485799 0.00137636 0.00159091 0.00148734 0.00425926 0.000999999 0.00235931 0.000119213 0.0023913 -7.04237e-05
internal_weight=96831 12074 10079 84757 16239 1478 14761 6742 803 5939 2126 3813 468 152 1870 1040 418 622 101 8019 3345 1286 220 316 108 1175 462 713 230 2059
internal_count=96831 12074 10079 84757 16239 1478 14761 6742 803 5939 2126 3813 468 152 1870 1040 418 622 101 8019 3345 1286 220 316 108 1175 462 713 230 2059
is_linear=0
shrinkage=0.05


Tree=233
num_leaves=31
num_cat=0
split_feature=0 12 14 8 8 8 14 8 14 9 14 11 7 12 9 14 14 1 9 1 9 11 9 13 14 13 1 9 12 9
split_gain=0.685615 1.0677 1.33481 1.0382 0.89989 0.832908 0.828053 0.708335 0.755909 0.628199 0.653599 0.777372 0.608457 0.787239 0.619798 0.707238 0.620433 0.932778 0.589769 0.562612 0.546957 0.812973 0.727578 0.698559 0.769739 0.658575 0.508901 0.824298 0.498158 0.494152
threshold=4.5000000000000009 0.10146836030122026 0.065571124312808565 2.5000000000000004 1.0000000180025095e-35 3.5000000000000004 0.013101606300135718 3.5000000000000004 0.022628002498816965 7.5175506168870276 0.016021226436167581 0.020960480762499119 1.0000000180025095e-35 0.18519120925735422 7.689971308413873 1.6674831078000392 2.0593173842938475 4.5000000000000009 7.8544212981904709 1.5000000000000002 8.2973670334081771 4.7289472569738589 7.9999017686286846 1.8455262928542358 1.7671860279067906 0.15236272482519106 5.5000000000000009 8.3849655971509396 5.1016967195759895 8.1364267023503221
decision_type=2 2 2 2 2 2 2 2 2 2 2 2 2 2 2 2 2 2 2 2 2 2 2 2 2 2 2 2 2 2
left_child=4 3 19 -2 -1 6 29 -6 -9 10 -8 -12 28 -14 15 -15 17 -17 -16 -3 21 23 -23 24 25 -20 -21 -28 -4 -5
right_child=1 2 12 5 7 -7 9 8 -10 -11 11 -13 13 14 18 16 -18 -19 20 26 -22 22 -24 -25 -26 -27 27 -29 -30 -31
leaf_value=4.1840893415159859e-06 3.3878950741882679e-05 0.00016357077133271347 -0.00012013366870635271 -2.8849178831118077e-05 -2.3787372224176907e-05 0.00029486066827125526 -0.0001249902032427445 4.2500231904010727e-05 -1.4217285992358989e-05 -5.2379226650942061e-05 0.00033176514393701414 -2.1188381048618397e-05 0.0022544018392375706 -0.0019702772482756 0.0053576521761193874 0.021637704995788765 -0.0052695401909811593 -0.0079961895663755913 0.0015641166933805075 -0.00062325024681826667 0.0022129240513432324 0.032880593402334429 -0.00094429207168839633 -0.0077938870284566661 0.027867869894078856 -0.0021430638964384293 0.00054956201668407585 -0.00038097035736124065 0.012187717856016429 8.9243885175474232e-05
leaf_weight=5706 2720 290 67767 50 11865 374 54 667 1866 852 49 62 45 244 293 46 185 48 54 955 1016 50 54 262 63 252 113 78 321 45
leaf_count=5706 2720 290 67767 50 11865 374 54 667 1866 852 49 62 45 244 293 46 185 48 54 955 1016 50 54 262 63 252 113 78 321 45
internal_value=-0.000136658 -6.82467e-05 -0.000113398 0.000706133 -0.00039644 -0.000356663 -0.00104317 -0.00060703 0.000151992 -0.00146018 0.00136364 0.00355856 -8.27452e-05 0.000666155 0.000551226 -0.000984705 0.000734766 0.00404255 0.000944226 -0.00162256 0.000596801 -0.000442178 0.00365384 -0.00111728 0.000284552 -0.000751635 -0.00212042 0.000235601 -0.000111475 0.00342105
internal_weight=96446 76342 72136 4206 20104 1486 1112 14398 2533 1017 165 111 70700 2612 2567 523 279 94 2044 1436 1751 735 104 631 369 306 1146 191 68088 95
internal_count=96446 76342 72136 4206 20104 1486 1112 14398 2533 1017 165 111 70700 2612 2567 523 279 94 2044 1436 1751 735 104 631 369 306 1146 191 68088 95
is_linear=0
shrinkage=0.05


Tree=234
num_leaves=31
num_cat=0
split_feature=13 9 11 10 9 9 4 12 14 9 13 9 14 9 13 1 9 12 11 11 2 10 10 14 11 2 4 14 14 11
split_gain=0.445872 0.56129 0.55904 0.485115 1.25268 0.590086 0.507961 0.666667 0.556256 0.786382 0.766248 0.564364 0.460827 0.775325 0.658822 0.504999 0.479149 0.7889 0.459167 0.941495 0.411475 0.386783 0.367089 0.362979 0.625803 0.638776 0.797704 0.518136 0.517522 0.64625
threshold=0.01151750904252777 7.3431355615647513 0.024735986732953356 6.7628712769729971 7.4725874097713918 7.3883451265094005 7.5000000000000009 2.6062466583150026 0.22211085468778977 7.4391979579425511 0.91389173186698114 7.4391979579425511 0.016537912614722906 7.8215386808283798 0.020304697831975856 5.5000000000000009 7.7908984802696137 0.01635378004448804 0.025448572034430007 0.01808688749298536 3.5000000000000004 7.684298837048785 6.8156966903166269 0.015435897532715202 0.015564262813174108 4.5000000000000009 5.5000000000000009 0.014243004357684295 0.014847717527210735 0.011320652026947235
decision_type=2 2 2 2 2 2 2 2 2 2 2 2 2 2 2 2 2 2 2 2 2 2 2 2 2 2 2 2 2 2
left_child=1 -1 22 5 6 20 8 -8 9 -5 -10 -12 13 16 15 -15 -6 -18 19 -17 -2 -21 -3 24 28 -26 27 -27 29 -24
right_child=3 2 -4 4 12 -7 7 -9 10 -11 11 -13 -14 14 -16 18 17 -19 -20 21 -22 -23 23 -25 25 26 -28 -29 -30 -31
leaf_value=9.759816578370413e-05 -0.00014446824641477899 -4.2973401670885833e-05 -6.8027628172551144e-05 0.0007870033451688323 1.2659807268439699e-05 -0.00013791057903903887 0.00050471314391978609 -0.025194865994311907 0.00235056301519727 -0.0002872697745876148 -0.0024532759071765895 0.0096682669645068702 -8.3020543559663945e-06 -2.9262103692381462e-05 -9.4778215436142822e-05 -5.4528548864764521e-05 -7.0031754812188929e-05 0.00015207777120512185 -8.7827031116895584e-05 0.00015748187107796877 -1.4345363159083528e-05 9.9638845582928341e-05 4.671102504468799e-05 -4.093656618108523e-06 -0.00010950424391034391 5.3278285113107521e-05 0.00012263866587376842 -5.7457860048749858e-05 8.7972747152767678e-05 -2.4607480844310858e-05
leaf_weight=95 964 41 175 49 584 1658 225 45 66 60 67 101 82875 2480 253 125 43 42 73 41 5410 60 257 317 40 125 97 42 47 294
leaf_count=95 964 41 175 49 584 1658 225 45 66 60 67 101 82875 2480 253 125 43 42 73 41 5410 60 257 317 40 125 97 42 47 294
internal_value=-9.51423e-05 0.000751633 0.000505225 -0.000108748 -7.44945e-05 -0.000480579 0.00217781 0.000555554 0.00345481 0.000504586 0.00482906 0.00303571 -9.0442e-05 -0.000636316 -0.000976254 -0.000753869 0.000904334 0.00441176 0.00118729 0.00230088 -0.000262003 0.00589109 0.000873015 0.00102953 0.00154102 0.00338816 0.0042803 0.00218563 0.000602005 0.000172413
internal_weight=96751 1530 1435 95221 87189 8032 613 270 343 109 234 168 86576 3701 3032 2779 669 85 299 226 6374 101 1260 1219 902 304 264 167 598 551
internal_count=96751 1530 1435 95221 87189 8032 613 270 343 109 234 168 86576 3701 3032 2779 669 85 299 226 6374 101 1260 1219 902 304 264 167 598 551
is_linear=0
shrinkage=0.05


Tree=235
num_leaves=31
num_cat=0
split_feature=12 8 11 10 0 0 8 8 12 0 0 14 12 8 2 0 0 0 10 12 0 8 4 12 0 14 8 12 0 12
split_gain=0.526087 0.500601 0.543991 0.564736 0.414557 0.937598 0.874638 1.95901 1.18231 1.16718 1.14244 0.912651 1.05589 2.95099 2.04673 1.76942 1.71186 1.33548 1.36351 1.11537 1.11432 1.18387 0.941497 0.932657 0.859403 1.25487 1.38684 2.47046 2.04334 1.75426
threshold=0.013961081296346161 1.0000000180025095e-35 0.015564262813174108 7.8429330719927552 19.500000000000004 17.500000000000004 1.5000000000000002 2.5000000000000004 1.2094716214639416 16.500000000000004 15.500000000000002 0.58731392421636974 1.5100280716235479 3.5000000000000004 28.500000000000004 15.500000000000002 16.500000000000004 6.5000000000000009 7.2861132186612787 0.28214596688078336 13.500000000000002 3.5000000000000004 2.5000000000000004 1.3346499513179573 14.500000000000002 0.8111321174248185 1.0000000180025095e-35 1.9315817605357493 12.500000000000002 1.6606061988069836
decision_type=2 2 2 2 2 2 2 2 2 2 2 2 2 2 2 2 2 2 2 2 2 2 2 2 2 2 2 2 2 2
left_child=1 2 3 -1 5 6 8 9 10 -8 -2 -9 13 14 16 17 -13 18 -15 -19 -14 -22 -23 -17 25 -10 27 -27 29 -28
right_child=4 -3 -4 -5 -6 -7 7 11 24 -11 -12 12 20 15 -16 23 -18 19 -20 -21 21 22 -24 -25 -26 26 28 -29 -30 -31
leaf_value=1.9244514709158318e-05 -8.5458765756408415e-06 -2.4626938588036903e-05 -4.1769843115032745e-05 0.00026645171382721014 -0.00029446846122256002 0.0014959099185021876 0.00015403915327999936 -2.041030211291669e-05 -0.0053618223169761454 -0.0081229659939322605 0.0024603894953617862 0.0053061699915643336 0.00093110905397958052 -0.0041001666790971697 0.024758388395820105 0.017054483427044551 0.017243741669605749 0.00028381063339946451 0.0089108656931188579 -0.0025937395984769159 -0.0054772533677761304 -0.015239556137068686 0.0057689383455767802 0.0026506280694426282 -0.0051041880577477709 0.016369927651665211 0.0039570049319776548 0.00025225178362187669 -0.0090421843517265749 -0.0043116024604039878
leaf_weight=130 25755 3157 73 48 16227 8010 2855 12405 1241 163 748 1465 5589 70 82 98 49 619 162 1397 2951 150 678 108 4967 439 1150 2937 849 2232
leaf_count=130 25755 3157 73 48 16227 8010 2855 12405 1241 163 748 1465 5589 70 82 98 49 619 162 1397 2951 150 678 108 4967 439 1150 2937 849 2232
internal_value=-0.000164457 -0.000774649 0.0013745 0.00286517 -0.000142191 -9.3886e-05 -0.000153199 5.70357e-05 -0.000303588 0.00126242 -0.000108102 -8.38412e-05 0.000201966 0.000876542 0.00255012 -0.0002119 0.00213342 -0.000618329 0.00297414 -0.00103175 -8.96681e-05 -0.000752846 0.000917873 0.0042233 -0.000678611 -0.000383139 -0.000142633 0.00061315 -0.000745688 -0.000195152
internal_weight=96804 3408 251 178 93396 77169 69159 28841 40318 3018 26503 25823 13418 4050 1596 2454 1514 2248 232 2016 9368 3779 828 206 13815 8848 7607 3376 4231 3382
internal_count=96804 3408 251 178 93396 77169 69159 28841 40318 3018 26503 25823 13418 4050 1596 2454 1514 2248 232 2016 9368 3779 828 206 13815 8848 7607 3376 4231 3382
is_linear=0
shrinkage=0.05


Tree=236
num_leaves=31
num_cat=0
split_feature=0 11 12 14 13 10 2 13 9 11 11 8 10 8 14 12 12 11 13 13 12 13 11 14 9 2 11 13 0 12
split_gain=0.625383 0.874011 0.86916 0.97024 0.688741 0.85612 0.86105 0.716482 0.713416 0.73711 1.20714 0.676069 0.934532 0.734926 1.031 0.859775 0.783172 0.931239 0.713326 2.03577 0.649522 0.622398 0.616699 0.613345 0.546139 0.539956 0.526328 1.0837 0.930333 0.922209
threshold=4.5000000000000009 0.012866563056333309 0.019271711222591036 0.01863811319857642 0.014156181120857985 7.7216204385013976 10.500000000000002 0.012451765634546091 7.7468993138603315 0.024057643094045584 0.017404503881724414 1.0000000180025095e-35 8.44047494352351 3.5000000000000004 0.022628002498816965 0.016174109248933727 0.014205593701191656 0.019209702183648973 0.15236272482519106 0.23702000399928555 0.024357166212915261 0.019053850212667787 0.12661141321606034 0.020959597967979939 8.4133431082311336 15.500000000000002 0.43839986880256293 0.20559621943952835 21.500000000000004 0.64549097881835227
decision_type=2 2 2 2 2 2 2 2 2 2 2 2 2 2 2 2 2 2 2 2 2 2 2 2 2 2 2 2 2 2
left_child=11 2 3 21 5 8 -7 -8 9 10 -3 12 -1 -13 20 16 -16 18 -18 -20 -15 24 -6 -22 -2 -14 29 -28 -29 -24
right_child=1 4 -4 -5 22 6 7 -9 -10 -11 -12 13 25 14 15 -17 17 -19 19 -21 23 -23 26 -25 -26 -27 27 28 -30 -31
leaf_value=-4.6145469827601658e-07 4.7997446125953679e-05 1.2287551842836892e-05 -3.2624253052084602e-05 6.4053113121045915e-05 -4.0837210032997371e-05 3.6170028609226209e-05 0.00019174508430843082 1.8966199714249147e-05 -2.3986990677866104e-05 -0.00014174064545451046 0.00015178907943248792 -2.0580748300627066e-05 4.9114175585879286e-06 8.8822591048105421e-05 -1.5241975371480769e-05 -3.7469839854961906e-05 1.1306637432619612e-05 -6.1906934021936603e-05 0.00019860171852970187 3.2173770197032784e-05 -8.2635362619270451e-05 0.00022468041863661693 0.00010030630523453102 0.00020613272915321704 -7.1141784598300299e-05 0.0002179265684656841 -0.0015204301678769685 -7.2926687853182019e-05 -0.0010717998104502206 -0.004234950787480562
leaf_weight=5533 265 60 217 52 5837 145 43 47 374 40 45 11989 60 427 309 1265 85 78 47 99 154 48 13098 93 85 69 788 51297 3382 614
leaf_count=5533 265 60 217 52 5837 145 43 47 374 40 45 11989 60 427 309 1265 85 78 47 99 154 48 13098 93 85 69 788 51297 3382 614
internal_value=-0.000120804 -5.54063e-05 0.00174663 0.003 -7.12695e-05 0.00143236 0.00393617 0.00777778 0.00029865 0.00327586 0.00547619 -0.000368172 9.53715e-05 -0.000548606 0.000220961 -0.000379714 0.00114887 0.0029288 0.00452381 0.00664383 0.00189911 0.0021608 -8.63828e-05 -0.000141702 0.00142857 0.00430232 -4.47402e-05 -0.000113312 -8.67804e-05 0.000232642
internal_weight=96645 76437 667 450 75770 754 235 90 519 145 105 20208 5662 14546 2557 1883 618 309 231 146 674 398 75016 247 350 129 69179 55467 54679 13712
internal_count=96645 76437 667 450 75770 754 235 90 519 145 105 20208 5662 14546 2557 1883 618 309 231 146 674 398 75016 247 350 129 69179 55467 54679 13712
is_linear=0
shrinkage=0.05


Tree=237
num_leaves=31
num_cat=0
split_feature=10 1 4 8 13 9 14 14 11 12 12 11 13 11 11 10 13 12 14 14 12 14 9 1 2 13 10 11 11 9
split_gain=0.564849 0.46415 0.605985 0.54023 0.60942 0.708893 0.86026 0.648879 0.580192 0.609994 0.52164 0.517992 0.496167 0.70673 0.869862 0.686429 0.969606 0.627932 0.595303 0.51516 0.801602 0.782755 0.514894 0.409437 0.527396 1.0065 0.660269 0.752482 0.772132 0.472655
threshold=6.3373233947321248 1.5000000000000002 1.0000000180025095e-35 1.0000000180025095e-35 0.17065110039629119 8.2218289070107673 2.1752531023704997 1.6952142143795002 0.011320652026947235 2.3181706551236823 0.21840486120628935 1.9217326278759874 0.014156181120857985 0.014641762360306397 0.01808688749298536 7.7391323756154069 0.012062881362494402 0.019061265577988297 0.016021226436167581 0.1241425062426041 0.20017889409664549 0.12932958133920672 8.0292358163665423 1.0000000180025095e-35 13.500000000000002 0.1134940027656537 6.6041974495654303 0.88689386011493176 2.520327495166955 9.1361126510114428
decision_type=2 2 2 2 2 2 2 2 2 2 2 2 2 2 2 2 2 2 2 2 2 2 2 2 2 2 2 2 2 2
left_child=-1 2 3 4 -2 10 7 -7 -5 -10 -6 -12 13 18 15 16 -15 22 -4 20 -14 -21 -16 -23 26 -26 27 -25 -29 -27
right_child=1 -3 12 8 5 6 -8 -9 9 -11 11 -13 19 14 17 -17 -18 -19 -20 21 -22 23 -24 24 25 29 -28 28 -30 -31
leaf_value=-0.00012278624235375894 -4.4371758066925665e-05 -2.2245147598404901e-05 -6.3461932006400083e-05 -0.00017157664060016392 0.00075485830072865418 0.010986813151342676 -0.001003514962038346 0.06752233647751682 0.00026534528225941127 -0.013014054830795128 -0.0064131662125640546 0.058786353111786253 -1.4621725660531386e-05 0.00011143978755914427 -3.427698142080987e-05 0.00023965317526147462 -2.5386306169988079e-05 -1.4988053611772647e-05 6.4854559967801281e-05 0.0010551468465430337 -0.0011198932399775307 -5.5601634452080037e-05 0.00015390262455709078 -0.00025330064017862461 0.0018050515551893118 3.2383133826361501e-07 0.00018137216309268721 0.02136705882731392 0.0003492915353265054 -0.00011471082269854299
leaf_weight=1199 208 68204 180 82 41 127 55 48 1361 202 110 51 4417 42 60 40 58 184 112 94 365 8903 81 43 44 6643 3366 60 41 327
leaf_count=1199 208 68204 180 82 41 127 55 48 1361 202 110 51 4417 42 60 40 58 184 112 94 365 8903 81 43 44 6643 3366 60 41 327
internal_value=-0.000168377 -0.000154843 1.91979e-05 0.000798686 0.00203125 0.00310185 0.005 0.00671428 0.000319148 0.000534228 0.000940593 -0.000341616 -5.18767e-05 0.00120872 0.00241935 0.00571428 0.0035 0.000999999 -0.000719179 -9.11422e-05 -0.000556254 2.27948e-05 0.00351064 7.70929e-07 0.000211895 -3.84956e-05 0.00071225 0.00402778 0.00638614 -8.60844e-05
internal_weight=96748 95549 27345 2285 640 432 230 175 1645 1563 202 161 25060 757 465 140 100 325 292 24303 4782 19521 141 19427 10524 7014 3510 144 101 6970
internal_count=96748 95549 27345 2285 640 432 230 175 1645 1563 202 161 25060 757 465 140 100 325 292 24303 4782 19521 141 19427 10524 7014 3510 144 101 6970
is_linear=0
shrinkage=0.05


Tree=238
num_leaves=31
num_cat=0
split_feature=0 2 8 8 3 12 5 14 3 12 1 12 3 2 10 9 0 0 12 12 10 14 14 12 0 0 0 12 2 13
split_gain=0.834912 0.516084 0.631524 1.5727 1.92625 1.90064 1.49813 1.48456 1.47927 1.39972 1.95585 1.81659 1.32588 1.23352 1.19942 1.52476 1.12925 1.25364 2.23982 1.1941 1.09065 1.12056 1.04993 1.19011 1.58201 2.12919 1.94111 1.98889 1.62887 0.968348
threshold=3.5000000000000004 4.5000000000000009 2.5000000000000004 1.0000000180025095e-35 1.0000000180025095e-35 0.74401127841374592 1.0000000180025095e-35 1.7671860279067906 1.0000000180025095e-35 0.13279959401290262 5.5000000000000009 0.026997949692522578 1.0000000180025095e-35 26.500000000000004 7.7069783210486014 8.4934851572366679 12.500000000000002 14.500000000000002 1.8967190785398451 2.688176041406114 7.4127011330496799 1.610285747657193 0.45677519373947462 2.0060500418386558 11.500000000000002 16.500000000000004 10.500000000000002 1.2094716214639416 6.5000000000000009 3.1371312366538722
decision_type=2 2 2 2 2 2 2 2 2 2 2 2 2 2 2 2 2 2 2 2 2 2 2 2 2 2 2 2 2 2
left_child=-1 -2 3 4 6 12 9 13 -4 10 -3 -12 14 22 20 -16 -11 18 -18 -20 21 -5 -7 24 26 -26 27 -24 -28 -6
right_child=1 2 8 5 29 7 -8 -9 -10 16 11 -13 -14 -15 15 -17 17 -19 19 -21 -22 -23 23 -25 25 -27 28 -29 -30 -31
leaf_value=-1.0849589349790635e-05 -7.8133045170728112e-05 -1.9764321612809561e-08 -8.9359598453999961e-05 0.00012791344187086385 0.00039765714212291532 -0.0034949351280682199 0.00051951384408953274 0.0038124090006696355 0.00039569202098361307 -0.00064295670724327585 9.9789290076055305e-06 0.0002680071930508204 -2.944716044381825e-05 -0.0050009963682275732 0.0010762768208769716 0.00013844218156581115 0.015596959720608547 -0.0010171676220979864 0.004536028248367659 -0.0027127444715422701 -1.2705152360542551e-05 0.0045285609733953219 0.0051293063019051295 -0.0038473447768110226 -0.0016844888456433484 0.0038306508386165995 -0.004840104515738854 -0.0010695631884624836 0.015679116787340814 0.021753620996580639
leaf_weight=16118 15405 1577 19570 2056 3745 315 3258 4054 5040 3388 86 95 1470 1936 535 1455 83 5066 483 560 1628 75 523 1889 3334 1385 68 1104 417 57
leaf_count=16118 15405 1577 19570 2056 3745 315 3258 4054 5040 3388 86 95 1470 1936 535 1455 83 5066 483 560 1628 75 523 1889 3334 1385 68 1104 417 57
internal_value=-9.58421e-05 -3.01908e-05 3.12622e-05 0.000152304 -0.000189696 0.000435172 -0.00045081 0.000114807 -0.000168632 -0.000722351 0.000574515 0.00549724 0.00110195 -0.000187313 0.0014446 0.00243718 -0.000960335 -0.000558787 0.000950265 0.000321188 0.000919126 0.00166354 5.81062e-05 0.000160549 0.000467719 -4.13235e-05 0.00160511 0.000777503 0.00438144 0.000812729
internal_weight=96775 80657 65252 40642 18398 22244 14596 15025 24610 11338 1758 181 7219 10971 5749 1990 9580 6192 1126 1043 3759 2131 9035 8720 6831 4719 2112 1627 485 3802
internal_count=96775 80657 65252 40642 18398 22244 14596 15025 24610 11338 1758 181 7219 10971 5749 1990 9580 6192 1126 1043 3759 2131 9035 8720 6831 4719 2112 1627 485 3802
is_linear=0
shrinkage=0.05


Tree=239
num_leaves=31
num_cat=0
split_feature=11 14 7 13 12 11 0 11 13 0 12 13 9 12 9 13 1 13 11 10 4 2 12 12 2 11 2 9 10 10
split_gain=0.76633 0.615174 0.551241 0.738185 0.65513 0.700467 0.54136 0.574919 1.47335 0.955869 1.07482 0.740334 0.899842 1.03014 0.837142 1.06767 0.790131 0.994179 0.73716 1.01113 0.999491 0.751835 0.732542 0.644976 0.603083 0.678623 0.570508 0.782771 1.02566 0.601004
threshold=6.0039328887988752 0.013904522156853769 1.0000000180025095e-35 0.020304697831975856 0.023429542018370841 0.022473484983686818 2.5000000000000004 0.55908964553542562 0.28481403250522669 20.500000000000004 2.0244651440600081 1.4821797522496689 7.5175506168870276 0.58990850474134804 8.2327807673683022 1.7632493506213716 1.5000000000000002 1.8893055575080797 0.37429226967300683 7.2991424289081417 9.5000000000000018 15.500000000000002 0.48938776846765614 0.46109249075020248 6.5000000000000009 0.60662448519596002 24.500000000000004 9.0303522680558377 8.3226497476675174 7.7022690558343845
decision_type=2 2 2 2 2 2 2 2 2 2 2 2 2 2 2 2 2 2 2 2 2 2 2 2 2 2 2 2 2 2
left_child=1 -1 6 -4 5 -5 -3 11 24 -10 26 -8 -13 14 15 18 -16 -18 19 21 -20 -14 -17 -19 25 -9 27 28 -11 -28
right_child=-2 2 3 4 -6 -7 7 8 9 10 -12 12 13 -15 16 22 17 23 20 -21 -22 -23 -24 -25 -26 -27 29 -29 -30 -31
leaf_value=-1.9686244097183182e-05 -0.0077185127771372489 -1.1922485811909846e-05 -0.00010660080306451825 5.8083066889399929e-05 0.00022728351305704943 7.3606411633135604e-05 4.0695856012706852e-06 -0.0049286266450063706 -0.00014862002244288145 -0.00023855916734532754 -0.010756245725557527 -0.002903387391075605 -0.00080252380428680326 -0.00031969224091388211 -0.00082927497621892532 -0.0009409624387141781 0.00081975702064138688 0.0072373046249709977 0.0057601860615216849 0.0069962718714519758 0.0031041861183987254 0.002542968406994155 0.0054817744416420684 0.0038621481819354994 -0.0019206518960268753 0.0013130833570110093 -0.0042002459657053395 -0.0032924641869470205 0.0061819074166793823 0.00046888592223778212
leaf_weight=1900 1119 11669 231 76 2962 61 27536 50 42799 4035 398 158 52 489 207 142 257 60 45 59 47 59 72 43 717 174 632 406 88 288
leaf_count=1900 1119 11669 231 76 2962 61 27536 50 42799 4035 398 158 52 489 207 142 257 60 45 59 47 59 72 43 717 174 632 406 88 288
internal_value=-0.000124496 -0.000109287 -9.12475e-05 0.000540539 0.000743787 0.00412409 -0.000114499 -6.74393e-05 -0.000171115 -0.000133208 -0.000732856 0.000108464 0.00112426 0.00149478 0.00238255 0.00392857 0.00108465 0.0025 0.0060687 0.00411765 0.00967391 0.00130631 0.00130841 0.00665048 -0.00213071 0.000133927 -0.000549643 -0.000319056 -0.000112783 -0.00168478
internal_weight=96831 95712 93812 3330 3099 137 90482 78813 49587 48646 5847 29226 1690 1532 1043 476 567 360 262 170 92 111 214 103 941 224 5449 4529 4123 920
internal_count=96831 95712 93812 3330 3099 137 90482 78813 49587 48646 5847 29226 1690 1532 1043 476 567 360 262 170 92 111 214 103 941 224 5449 4529 4123 920
is_linear=0
shrinkage=0.05


Tree=240
num_leaves=31
num_cat=0
split_feature=0 11 10 4 9 10 12 12 10 9 12 11 9 11 0 8 12 2 13 13 10 10 4 1 12 12 2 11 12 1
split_gain=0.436674 0.445996 0.50993 0.678221 0.542164 0.827666 0.616482 0.661682 0.559144 0.61404 0.526022 0.603301 0.522579 0.557994 0.522562 0.610288 0.489624 0.520701 0.474851 1.05059 0.953131 0.693468 0.659912 0.634615 1.69107 0.733333 0.614801 0.472818 0.471832 0.469001
threshold=3.5000000000000004 0.029629561384067773 6.3950671084078259 3.5000000000000004 8.2091043087849211 7.5285888970404775 0.020744651813237997 0.020480177178761039 7.3398082084131016 8.0017353034470329 0.012463173051847798 0.010590463161240328 7.9851120092992902 0.016757504322706351 1.0000000180025095e-35 1.0000000180025095e-35 0.026184248440403405 29.500000000000004 0.044898928177376569 0.016263079224335463 7.3671754737305557 7.4204104677597646 5.5000000000000009 2.5000000000000004 0.01560799077449878 0.015413725602349977 25.500000000000004 0.013736085451027684 0.016715340805481042 5.5000000000000009
decision_type=2 2 2 2 2 2 2 2 2 2 2 2 2 2 2 2 2 2 2 2 2 2 2 2 2 2 2 2 2 2
left_child=1 2 3 27 6 -6 7 8 9 10 11 -4 -12 28 16 -16 17 -7 19 20 -10 26 -23 24 -24 -25 -20 -1 -14 -11
right_child=-2 -3 4 -5 5 14 -8 -9 18 29 12 -13 13 -15 15 -17 -18 -19 21 -21 -22 22 23 25 -26 -27 -28 -29 -30 -31
leaf_value=-0.00014984928532255353 -2.0105891973745341e-05 -1.9672583415360978e-05 -8.8493849985844446e-06 -9.1329844111291965e-05 -6.6204009636883283e-05 7.312307199425351e-06 -2.3091132665876287e-05 9.5733401827902278e-05 0.0001949985948620337 -6.1034232477218457e-05 -3.5202591578179835e-06 8.151893728048043e-05 0.00020531842068041494 -3.1207733757579783e-05 8.8814923095166058e-06 -2.5201351995695207e-05 -0.00010540397817878428 0.000203716919676447 1.1754334270937645e-05 0.00021794655249218146 -4.6626045363216137e-05 -2.7243769955807441e-05 0.00013978628893538637 3.2832246358308902e-05 -5.9751906934850595e-05 0.00014475175322742323 -0.00017378853508105051 9.5108688069801112e-05 3.5542661379590362e-05 0.00024015104472892301
leaf_weight=42 80711 2381 158 274 522 1503 1390 101 41 363 2918 203 47 52 1147 3767 72 85 442 92 108 77 41 48 63 40 62 59 45 43
leaf_count=42 80711 2381 158 274 522 1503 1390 101 41 363 2918 203 47 52 1147 3767 72 85 442 92 108 77 41 48 63 40 62 59 45 43
internal_value=-0.000120077 -0.0003571 -0.0002481 -0.00206667 -0.000197321 -0.000497465 0.000138932 0.000400484 0.000316951 4.04794e-05 0.000258544 0.00206371 4.57206e-05 0.00298611 -0.000345301 -0.000604397 0.000421686 0.000604533 0.00136095 0.00329875 0.000704697 0.000756791 0.00280669 0.004375 0.00173077 0.0075 -0.000337303 0.00143564 0.00532609 -0.00179803
internal_weight=96897 16186 13805 375 13430 7096 6334 4944 4843 3829 3423 361 3062 144 6574 4914 1660 1588 1014 241 149 773 269 192 104 88 504 101 92 406
internal_count=96897 16186 13805 375 13430 7096 6334 4944 4843 3829 3423 361 3062 144 6574 4914 1660 1588 1014 241 149 773 269 192 104 88 504 101 92 406
is_linear=0
shrinkage=0.05


Tree=241
num_leaves=31
num_cat=0
split_feature=0 8 10 2 9 12 7 12 12 11 14 2 10 8 8 11 13 1 13 13 12 12 11 11 13 14 10 12 14 9
split_gain=0.595029 0.413123 0.642955 1.12966 0.535 0.494475 0.635413 0.601096 0.55814 0.475059 0.44622 0.65353 0.420109 0.516645 1.08177 0.93549 0.511121 0.776627 0.668258 1.70544 1.63976 1.92452 0.975947 0.839336 0.957447 0.663901 0.597561 0.489517 0.674076 0.472949
threshold=3.5000000000000004 1.0000000180025095e-35 8.310540370335934 4.5000000000000009 8.9644971099887716 0.024869040299849248 1.0000000180025095e-35 0.01997300820677354 0.021602113120035484 0.022473484983686818 0.95212868522054228 18.500000000000004 6.4973229926003908 1.5000000000000002 2.5000000000000004 0.026185372129590826 0.01151750904252777 2.5000000000000004 0.15823962081731302 0.19120629927941438 0.016174109248933727 0.014205593701191656 0.013443037622638985 0.010590463161240328 0.39389798313252355 0.069870493580420953 7.3578749373035484 0.017094184078422146 0.17870156100901541 8.476446504877293
decision_type=2 2 2 2 2 2 2 2 2 2 2 2 2 2 2 2 2 2 2 2 2 2 2 2 2 2 2 2 2 2
left_child=1 2 4 -4 9 6 10 -8 -9 -1 12 -12 -3 -14 -15 16 17 -16 25 20 21 26 23 24 -21 -18 -20 -22 -29 -25
right_child=-2 5 3 -5 -6 -7 7 8 -10 -11 11 -13 13 14 15 -17 18 -19 19 22 27 -23 -24 29 -26 -27 -28 28 -30 -31
leaf_value=1.9800660286005129e-05 -2.344696632118036e-05 -6.6224005972853622e-05 0.00012227962124206266 1.3341516269885593e-05 -7.8996992802191735e-05 -6.8883500861424422e-05 -7.4191826342026098e-06 0.00032743680483333069 2.0982275719592865e-05 -1.08087781829736e-05 5.5030116981273951e-05 -1.4365828180344445e-05 -2.3889642589453912e-05 6.421486970955377e-05 0.00017454651709093418 -4.4530874368134383e-05 1.1714103424749802e-06 1.0634769545847914e-06 0.00014039663663993217 -6.6174091755014428e-05 -8.9694010244924848e-05 0.00021984653613867276 -3.4719558844291864e-05 0.00012383999910770772 0.00020261633915320595 -3.994995069365243e-05 -5.6774169503830035e-05 0.00029337900159157905 -0.00014260291590061314 -1.5029794279057051e-05
leaf_weight=2283 80896 394 49 183 237 755 61 43 86 1787 207 120 4323 509 46 634 972 128 41 188 47 58 903 217 47 1493 41 55 41 73
leaf_count=2283 80896 394 49 183 237 755 61 43 86 1787 207 120 4323 509 46 634 972 128 41 188 47 58 903 217 47 1493 41 55 41 73
internal_value=-0.000146364 -0.000424756 -2.09309e-05 0.0025431 -0.000159045 -0.000584394 -0.000497344 0.00236842 0.00430232 -2.45712e-05 -0.000549019 0.00126911 -0.000607249 -0.000542992 -0.000221192 -0.000445427 -0.000183909 0.00247126 -0.000294541 0.000464639 0.0040106 0.00785714 -0.000238096 0.00147619 -0.000744682 -0.000821502 0.00292683 0.000244754 0.00229167 0.00327586
internal_weight=96917 16021 4539 232 4307 11482 10727 190 129 4070 10537 327 10210 9816 5493 4984 4350 174 4176 1711 283 140 1428 525 235 2465 82 143 96 290
internal_count=96917 16021 4539 232 4307 11482 10727 190 129 4070 10537 327 10210 9816 5493 4984 4350 174 4176 1711 283 140 1428 525 235 2465 82 143 96 290
is_linear=0
shrinkage=0.05


Tree=242
num_leaves=31
num_cat=0
split_feature=10 9 13 11 3 8 8 11 10 8 8 4 12 12 2 2 0 14 10 0 13 9 12 11 13 14 13 2 12 0
split_gain=0.659109 0.872518 0.65909 0.575238 0.457117 0.930077 2.91737 1.47248 0.840053 0.788332 1.92235 2.31024 1.88871 1.07146 1.30062 2.42444 1.11458 0.766344 0.742923 0.926184 1.46397 1.05626 0.751399 0.936938 1.36694 0.91428 0.783388 1.04866 0.73723 0.722738
threshold=6.426167514574435 7.1961919126441538 1.7760424220819302 2.7050664919739842 1.0000000180025095e-35 1.5000000000000002 1.0000000180025095e-35 0.2793347194160965 8.3071212165933677 2.5000000000000004 1.0000000180025095e-35 1.0000000180025095e-35 0.10146836030122026 0.029088779508699588 26.500000000000004 21.500000000000004 3.5000000000000004 2.4906633606924822 7.7103871642948247 2.5000000000000004 0.071665382508574363 8.2737830991807133 0.76537315468129263 0.14955230219903326 1.0640146902243448 0.49973006638848472 2.6195870915127784 10.500000000000002 1.2094716214639416 17.500000000000004
decision_type=2 2 2 2 2 2 2 2 2 2 2 2 2 2 2 2 2 2 2 2 2 2 2 2 2 2 2 2 2 2
left_child=1 2 3 -1 9 6 7 8 -6 10 11 17 13 -13 15 -15 -17 -2 19 20 -12 -21 23 24 -20 -24 -27 -28 -8 -30
right_child=4 -3 -4 -5 5 -7 28 -9 -10 -11 18 12 -14 14 -16 16 -18 -19 22 21 -22 -23 25 -25 -26 26 27 -29 29 -31
leaf_value=-4.9225334347841077e-05 0.00014949360794035203 -0.0002131756893275696 0.0047292065341085123 -0.013559042583041445 -2.3929230215852276e-05 5.9289123909630855e-05 -2.4456403965692709e-05 0.0040623181182465294 0.00016459774855814626 -4.6938610242539637e-05 0.00014092050642059947 -1.2127792867960042e-06 -0.00063700255132190101 6.5863238651019888e-05 -0.00011430273419336286 0.00011448997243855802 0.00023331878933881579 0.026899520680313621 5.4243014306055517e-06 9.3012349129292327e-05 -3.2830501943740596e-05 -9.0618213388939865e-05 -0.0040741508210775544 0.00089945380199218234 0.00012148784458291356 0.00042226720477022057 0.0219294591698313 0.0046322900061228876 -0.0084717047444881326 -0.0020256365514785702
leaf_weight=1827 3634 452 489 144 4312 13840 6071 4941 274 22336 74 2967 9891 187 106 75 52 154 1920 8929 1590 2897 117 1339 68 3705 48 246 2358 1826
leaf_count=1827 3634 452 489 144 4312 13840 6071 4941 274 22336 74 2967 9891 187 106 75 52 154 1920 8929 1590 2897 117 1339 68 3705 48 246 2358 1826
internal_value=-0.000138281 -0.000879122 -0.000508131 -0.00091578 -0.00011532 3.24181e-05 -0.000187545 0.000442426 -0.000202792 -0.000197648 -5.90817e-05 -0.000452949 -0.00076367 0.000255387 0.00261905 0.00423567 0.00956693 0.000636218 0.000262025 4.07697e-05 -0.0010637 0.000196177 0.000663038 0.00122182 0.000533198 0.000211369 0.000338834 0.00282313 -0.000772795 -0.00128346
internal_weight=96869 2912 2460 1971 93957 33622 19782 9527 4586 60335 37999 17066 13278 3387 420 314 127 3788 20933 13490 1664 11826 7443 3327 1988 4116 3999 294 10255 4184
internal_count=96869 2912 2460 1971 93957 33622 19782 9527 4586 60335 37999 17066 13278 3387 420 314 127 3788 20933 13490 1664 11826 7443 3327 1988 4116 3999 294 10255 4184
is_linear=0
shrinkage=0.05


Tree=243
num_leaves=31
num_cat=0
split_feature=11 2 13 0 0 9 10 0 11 14 0 8 8 11 0 9 8 14 6 9 13 4 13 3 11 0 0 8 8 9
split_gain=0.329305 0.668188 0.61753 0.462169 0.960688 0.530366 0.433455 0.364027 0.442479 1.31306 1.10847 1.2801 1.00488 0.887062 1.16887 1.10647 0.758189 0.75183 0.977839 0.967986 0.888246 0.792892 0.91685 0.856508 0.766488 0.950422 0.7258 0.703141 0.903302 0.881165
threshold=4.9651627472506323 5.5000000000000009 2.5319308328611312 13.500000000000002 17.500000000000004 8.22906913416527 7.1394455357186741 2.5000000000000004 0.45273935515264696 0.47177057315336812 20.500000000000004 1.0000000180025095e-35 1.0000000180025095e-35 0.12661141321606034 5.5000000000000009 9.4934426062098094 2.5000000000000004 0.11125199692356876 1.0000000180025095e-35 8.1514414483709334 0.61323818738018654 4.5000000000000009 0.15823962081731302 1.0000000180025095e-35 0.27023824020987602 22.500000000000004 8.5000000000000018 3.5000000000000004 2.5000000000000004 9.2239987203339719
decision_type=2 2 2 2 2 2 2 2 2 2 2 2 2 2 2 2 2 2 2 2 2 2 2 2 2 2 2 2 2 2
left_child=7 6 -3 5 -5 -4 -2 -1 13 12 -11 -12 -10 14 27 17 -13 18 -15 20 21 -19 -23 24 25 -24 -26 28 29 -9
right_child=1 2 3 4 -6 -7 -8 8 9 10 11 16 -14 15 -16 -17 -18 19 -20 -21 -22 22 23 -25 26 -27 -28 -29 -30 -31
leaf_value=-8.6050739108085866e-06 0.019195728328786719 -0.0044122275189528845 0.028244591597998182 -0.01280657698521151 0.0018563651361387292 -0.0036979074767847691 0.016962989098417629 4.5418008871194475e-06 -0.0021934223035082428 9.2289175931080004e-05 -0.0024974081121623198 0.00031532588502736214 -0.00069330180228811638 3.2101125078846697e-05 -0.00034659124060037138 -0.00058801183012405136 -0.0011049117625315792 -0.00039143181749964862 -0.00039232032190263046 0.00047454009737019938 -0.00025588387271467916 -8.4575652627711241e-05 0.001059922382175409 0.0014255227163668177 0.0020827998778512069 0.00045226392460443474 -0.00015467578719982833 5.0940330742696431e-05 -3.0417584804723544e-05 0.00021527839319889503
leaf_weight=12115 49 1366 62 169 449 55 139 7503 768 42800 1829 3287 2661 3480 3378 369 1744 736 288 5164 2467 543 87 674 94 61 108 1417 3030 45
leaf_count=12115 49 1366 62 169 449 55 139 7503 768 42800 1829 3287 2661 3480 3378 369 1744 736 288 5164 2467 543 87 674 94 61 108 1417 3030 45
internal_value=-8.23743e-05 -0.000674968 -0.00093051 0.000238094 -0.000307445 0.00311966 0.00218085 -6.80428e-05 -3.04739e-05 -0.000116692 -5.13504e-05 -0.000641401 -0.00106299 0.000124982 -0.00013758 0.000411839 -0.000229578 0.0004846 -0.000116774 0.000712703 0.00019916 0.00090534 0.00154116 0.00242187 0.00442857 0.00716216 0.00242574 9.37879e-05 -4.63237e-05 0.000246422
internal_weight=96937 2289 2101 735 618 117 188 94648 82533 53089 49660 6860 3429 29444 15373 14071 5031 13702 3768 9934 4770 2303 1567 1024 350 148 202 11995 10578 7548
internal_count=96937 2289 2101 735 618 117 188 94648 82533 53089 49660 6860 3429 29444 15373 14071 5031 13702 3768 9934 4770 2303 1567 1024 350 148 202 11995 10578 7548
is_linear=0
shrinkage=0.05


Tree=244
num_leaves=31
num_cat=0
split_feature=11 13 10 10 8 14 12 14 0 2 0 12 13 13 12 11 10 11 12 12 14 12 0 11 10 10 14 10 2 14
split_gain=0.492772 0.535056 0.47226 0.552098 0.595599 1.07 0.854644 1.38926 0.718076 1.21236 1.17229 1.5731 0.947393 0.717541 0.915836 0.93276 1.40868 0.89605 0.862731 0.940897 0.884428 0.920445 2.06856 1.33776 1.28254 1.3596 1.13396 0.755932 0.787829 0.701589
threshold=6.5797783177436804 1.6382729737348802 6.7628712769729971 6.8283963286207827 3.5000000000000004 0.067858485438324859 0.024357166212915261 0.020305374991845957 15.500000000000002 7.5000000000000009 9.5000000000000018 1.1621788815330534 1.3044857071304936 0.97267289174317051 0.22478834217975827 0.2890576380407171 7.4127011330496799 0.22978388595139612 1.2094716214639416 1.127708237104577 0.86746141427363688 1.6606061988069836 12.500000000000002 1.6926799310388281 7.3815665170261147 7.7368527885715555 1.0285614451838905 7.3746420521326081 4.5000000000000009 0.057891262204215345
decision_type=2 2 2 2 2 2 2 2 2 2 2 2 2 2 2 2 2 2 2 2 2 2 2 2 2 2 2 2 2 2
left_child=2 -2 -1 -4 13 6 7 -6 10 -10 -7 -12 -11 18 15 27 -17 -16 19 -5 -20 22 23 26 -25 -26 -22 28 -15 -8
right_child=1 -3 3 4 5 8 29 -9 9 12 11 -13 -14 14 17 16 -18 -19 20 -21 21 -23 -24 24 25 -27 -28 -29 -30 -31
leaf_value=-4.562837595518556e-05 -0.013506101229633364 -0.0035805517383142639 0.00010315997679988443 -1.0641822468992835e-05 4.4823482747096659e-05 2.8163846664178662e-05 3.8561280703688306e-05 0.00021211962839915536 0.0047567462263602041 0.00081364672267979275 -0.00052013004635582027 -0.012315572256780784 -0.0014249637715488851 0.00029030342904261654 -0.0013965942508845732 0.0013107043755416295 2.7480696723023754e-05 5.0547340175275781e-05 -0.0051916763724581018 0.0046645325294049477 -0.0041218196838508307 -0.0038099782811603766 -0.0083363679374438976 0.027812573987439144 -0.0061670585235811025 0.0095379395623732995 0.020918595214042001 0.00010768670426422791 -7.1435705846249772e-05 0.00044059590314307081
leaf_weight=8146 133 637 1558 34586 364 3316 927 71 1247 1113 2387 440 1355 46 372 41 57 34356 1754 529 174 1735 357 48 68 53 101 525 214 59
leaf_count=8146 133 637 1558 34586 364 3316 927 71 1247 1113 2387 440 1355 46 372 41 57 34356 1754 529 174 1735 357 48 68 53 101 525 214 59
internal_value=-0.000103805 -0.00136364 -9.37001e-05 -5.99308e-05 -7.67727e-05 0.00026199 0.00154469 0.0033908 7.70936e-05 0.00062584 -0.000254763 -0.00100283 -1.62086e-05 -0.000127707 3.49599e-05 0.00162514 0.00622449 -5.47228e-06 -0.000274713 -0.000192939 -0.000944057 -0.000347004 0.00105493 0.00333333 0.00683432 0.00409091 0.00118182 0.00105095 -0.00115385 0.000730222
internal_weight=96769 770 95999 87853 86295 11279 1421 435 9858 3715 6143 2827 2468 75016 35611 883 98 34728 39405 35115 4290 2536 801 444 169 121 275 785 260 986
internal_count=96769 770 95999 87853 86295 11279 1421 435 9858 3715 6143 2827 2468 75016 35611 883 98 34728 39405 35115 4290 2536 801 444 169 121 275 785 260 986
is_linear=0
shrinkage=0.05


Tree=245
num_leaves=31
num_cat=0
split_feature=0 0 8 12 10 12 8 8 0 12 1 0 12 12 12 2 1 14 0 12 1 1 1 7 13 13 12 14 12 12
split_gain=0.647353 1.04511 1.26703 1.77591 1.09288 0.837226 1.00981 1.48517 1.5512 2.75766 1.49127 1.4292 3.04896 1.59751 1.09701 0.95758 0.904368 0.894949 1.12885 0.846144 0.793184 0.919548 0.774619 0.760526 0.763786 0.751633 0.75023 0.833257 0.743719 0.760721
threshold=19.500000000000004 17.500000000000004 1.0000000180025095e-35 3.6242137430533221 8.1715108727052996 0.64549097881835227 2.5000000000000004 1.0000000180025095e-35 22.500000000000004 0.92440733752962223 3.5000000000000004 21.500000000000004 1.7269930721847415 1.6606061988069836 1.4787584222102075 6.5000000000000009 3.5000000000000004 1.1932275766107703 21.500000000000004 1.1621788815330534 5.5000000000000009 3.5000000000000004 4.5000000000000009 1.0000000180025095e-35 0.021029876770151563 2.1222317113262745 1.4641107512188394 1.7244064180199186 0.34771450359961475 1.127708237104577
decision_type=2 2 2 2 2 2 2 2 2 2 2 2 2 2 2 2 2 2 2 2 2 2 2 2 2 2 2 2 2 2
left_child=1 23 3 4 22 17 7 -7 9 10 -9 12 13 14 16 26 -11 -2 -19 -13 21 -5 -3 -1 -25 -22 27 -8 -4 -30
right_child=5 2 28 20 -6 6 15 8 -10 11 -12 19 -14 -15 -16 -17 -18 18 -20 -21 25 -23 -24 24 -26 -27 -28 -29 29 -31
leaf_value=-1.0712457834619073e-05 -0.00020423562718805359 0.022245580412002756 0.0032884768685695655 0.0021451442879753301 0.06277297002594405 -0.005162454394646054 -0.0015437825975809652 0.016970405672440739 -0.0037208168597242155 0.031071825420297003 0.0051283179229684684 0.00030964776955118859 -0.00019773715620943107 0.024044336516294278 0.0016691091981769646 -0.0041273884635934692 0.0084731866066424695 0.0028149752532956123 0.00013664282062409943 -0.0087061001635372684 0.044445827792207501 -0.026560028640975532 0.00075207761139980912 -9.4170683324746858e-05 0.00028848527305082501 0.0066921021899023899 -0.017594499498998339 0.0074833934432798474 -0.0038538786530936658 0.00024529748054907271
leaf_weight=70174 3649 555 43 945 94 2403 370 41 427 41 184 460 1896 105 201 1869 160 336 3031 511 104 146 254 256 2324 198 195 170 281 5388
leaf_count=70174 3649 555 43 945 94 2403 370 41 427 41 184 460 1896 105 201 1869 160 336 3031 511 104 146 254 256 2324 198 195 170 281 5388
internal_value=-0.000124006 -6.6369e-05 0.000475773 0.00146777 0.0031949 -0.000414046 -0.000732316 -0.000395864 0.000191256 0.000529313 0.00588889 0.000171902 0.00082605 0.00427022 0.00283582 -0.00156298 0.00544776 -4.27713e-06 0.000583604 -0.00144696 0.000348168 -0.000279561 0.00260198 -0.000126042 0.000717053 0.00261589 -3.40148e-05 0.000925925 7.70296e-05 2.73405e-05
internal_weight=96811 80762 8008 2296 903 16049 9033 6429 4026 3599 225 3374 2403 507 402 2604 201 7016 3367 971 1393 1091 809 72754 2580 302 735 540 5712 5669
internal_count=96811 80762 8008 2296 903 16049 9033 6429 4026 3599 225 3374 2403 507 402 2604 201 7016 3367 971 1393 1091 809 72754 2580 302 735 540 5712 5669
is_linear=0
shrinkage=0.05


Tree=246
num_leaves=31
num_cat=0
split_feature=1 9 10 9 10 9 9 10 10 14 12 9 2 14 10 12 9 9 10 9 14 2 0 10 11 12 10 14 14 9
split_gain=0.570052 0.675201 1.77104 1.85828 1.22777 0.68799 0.646199 1.63749 0.672124 0.847602 0.84758 0.642219 1.64894 1.46272 0.699537 1.22615 1.22109 1.21037 0.87215 0.90963 0.786292 0.617428 0.555467 0.708899 1.14633 1.47701 0.584489 0.790742 0.550122 0.672608
threshold=1.5000000000000002 8.3931166691788146 7.5331029347480838 8.2511829124804308 7.7653770503639832 8.5800759872124566 8.0848384120218579 7.3326074224938536 7.4817256062530708 1.254898667010069 0.015223878896754204 8.0548697101053381 17.500000000000004 0.47177057315336812 7.1700393656704113 4.0035509476549178 7.9412288308423822 7.8624884834232454 6.9233927857041184 7.6498062368143476 0.015435897532715202 4.5000000000000009 13.500000000000002 7.7368527885715555 0.95086493008576956 1.592968155458466 7.549636569109798 0.22211085468778977 2.3437685657724976 7.8396486500113927
decision_type=2 2 2 2 2 2 2 2 2 2 2 2 2 2 2 2 2 2 2 2 2 2 2 2 2 2 2 2 2 2
left_child=21 2 3 6 5 -3 7 11 10 -10 -9 14 -13 -14 17 20 -17 18 19 -2 -16 -1 23 26 -25 -26 -4 -28 -20 -30
right_child=1 4 22 -5 -6 -7 -8 8 9 -11 -12 12 13 -15 15 16 -18 -19 28 -21 -22 -23 -24 24 25 -27 27 -29 29 -31
leaf_value=-0.00012914556398210063 -3.1485985828067245e-05 -6.1058277899774858e-05 0.00011449949722805292 -0.00012717030610423605 -1.6756572031338699e-05 -0.00016405533046182194 -6.6399179894882749e-05 5.2356369534654136e-05 0.0002515371187581849 0.086702155388742153 0.000183438575945185 -0.00014645919313536151 0.0016430474994293888 -0.00013214900497290243 -8.6045623024800133e-05 0.0978246810321277 0.013243288396847568 -0.00011070353156326494 3.861898734681504e-05 -0.000162628757018228 6.749457832417074e-05 1.9628312908132543e-05 0.0021382971659613874 1.6922206264547466e-05 0.019566055222130143 0.0015835188119692645 2.8912609347971749e-05 -5.5036000021981264e-05 0.0071728864829612663 0.056305893977218774
leaf_weight=2292 9960 5493 605 1726 16703 741 6491 111 61 41 1734 507 45 89 201 44 76 2243 6984 713 4396 25337 4332 228 42 59 2277 2810 219 46
leaf_count=2292 9960 5493 605 1726 16703 741 6491 111 61 41 1734 507 45 89 201 44 76 2243 6984 713 4396 25337 4332 228 42 59 2277 2810 219 46
internal_value=-0.000108483 -0.000185353 -7.4936e-05 -0.000241966 -0.000406986 -0.00100578 -0.000160627 -5.46062e-05 0.00134309 0.00529412 0.00112466 -0.000161228 -0.00172387 0.00320895 -0.000120972 0.000427177 0.00541667 -0.000249195 -0.000112154 -0.000399608 0.000296932 8.34256e-05 0.00050082 0.000190167 0.00244681 0.00688119 5.97318e-05 -0.000115 0.000311076 0.00254717
internal_weight=96606 68977 46040 35687 22937 6234 33961 27470 1947 102 1845 25523 641 134 24882 4717 120 20165 17922 10673 4597 27629 10353 6021 329 101 5692 5087 7249 265
internal_count=96606 68977 46040 35687 22937 6234 33961 27470 1947 102 1845 25523 641 134 24882 4717 120 20165 17922 10673 4597 27629 10353 6021 329 101 5692 5087 7249 265
is_linear=0
shrinkage=0.05


Tree=247
num_leaves=31
num_cat=0
split_feature=3 8 8 4 12 8 8 1 2 0 13 11 4 0 10 13 13 11 11 12 0 12 12 1 14 0 12 1 1 11
split_gain=0.717958 1.4363 2.27748 2.30402 1.55603 1.25857 2.00774 1.16285 1.41688 1.13788 1.08744 1.30974 1.26048 0.850178 1.3484 1.04021 1.35733 1.13699 0.825936 1.08774 0.798833 1.62042 1.5855 2.13021 1.01646 0.774623 0.98578 1.25974 0.793927 1.23892
threshold=1.0000000180025095e-35 2.5000000000000004 1.0000000180025095e-35 1.0000000180025095e-35 0.21195280718300627 1.0000000180025095e-35 1.5000000000000002 5.5000000000000009 11.500000000000002 18.500000000000004 1.3346530799940461 0.45273935515264696 4.5000000000000009 8.5000000000000018 7.2736634215361917 0.15236272482519106 0.19120629927941438 0.2890576380407171 0.39922833287343257 0.6091033743276294 21.500000000000004 1.127708237104577 2.4092921713649753 5.5000000000000009 2.1067637228976905 22.500000000000004 0.58990850474134804 3.5000000000000004 3.5000000000000004 0.90344834611076996
decision_type=2 2 2 2 2 2 2 2 2 2 2 2 2 2 2 2 2 2 2 2 2 2 2 2 2 2 2 2 2 2
left_child=1 2 3 -1 7 18 -7 13 -9 -4 12 -12 -11 -5 -15 -16 -17 -18 19 -2 22 25 23 -13 -25 28 27 -27 29 -22
right_child=5 -3 9 4 -6 6 -8 8 -10 10 11 20 -14 14 15 16 17 -19 -20 -21 21 -23 -24 24 -26 26 -28 -29 -30 -31
leaf_value=0.00022326567065996221 2.1823519527937415e-05 -4.936528397452054e-05 9.6279401612587873e-06 -1.653093883711128e-05 -0.0014807455288816283 -7.4728582777025673e-05 5.1666848875582649e-05 -7.9864093958954176e-05 9.2022478883087598e-05 -0.0015511746867238013 0.0059859709170364869 0.0071001516413261041 0.00041132551796120944 -0.00063584428355815677 0.00010084377627651317 0.0014780644577533926 0.00010429962452419389 0.00068464727883199117 0.0051492556672705324 -0.011559176616212126 0.032369343169451968 -0.0074865977871262958 0.0020779443049168591 0.038633982637631042 0.033185539309500765 0.0061532114186383085 -0.0018155652888662633 -0.00078003111877235777 0.0016077170706038449 0.0056384024977427019
leaf_weight=3924 4948 23172 16845 4382 8055 10404 14348 235 472 593 57 1044 614 189 182 44 123 56 4693 120 44 346 994 49 45 73 246 61 164 104
leaf_count=3924 4948 23172 16845 4382 8055 10404 14348 235 472 593 57 1044 614 189 182 44 123 56 4693 120 44 346 994 49 45 73 246 61 164 104
internal_value=-0.000100699 -0.000202294 -1.68215e-05 -0.000436532 -0.000741739 8.21418e-05 -0.000107467 -0.000108219 0.00178925 0.000331546 0.0010442 0.00152309 -0.000236124 -0.000377815 0.00139731 0.00302469 0.0053139 0.00337989 0.000562953 0.000120362 0.00138801 0.000250481 0.00194184 0.00321617 0.0104255 0.0016474 0.000131578 0.00358209 0.00349359 0.00614865
internal_weight=96626 62113 38941 17662 13738 34513 24752 5683 707 21279 4434 3227 1207 4976 594 405 223 179 9761 5068 3170 1038 2132 1138 94 692 380 134 312 148
internal_count=96626 62113 38941 17662 13738 34513 24752 5683 707 21279 4434 3227 1207 4976 594 405 223 179 9761 5068 3170 1038 2132 1138 94 692 380 134 312 148
is_linear=0
shrinkage=0.05


Tree=248
num_leaves=31
num_cat=0
split_feature=1 9 8 0 11 2 2 2 1 8 13 13 13 2 8 9 9 9 14 11 12 8 8 13 9 13 13 12 13 12
split_gain=0.418562 0.532241 0.625335 0.614302 0.504948 0.480339 1.66591 1.43698 1.44344 1.3326 0.813875 0.7702 0.720104 0.783114 0.698714 0.657532 0.637583 0.682901 1.10221 0.610333 0.600673 0.724129 0.726216 0.663093 0.594263 0.588152 0.949409 0.724162 0.574932 0.579885
threshold=1.5000000000000002 7.0608597345663666 1.0000000180025095e-35 16.500000000000004 0.016757504322706351 5.5000000000000009 7.5000000000000009 3.5000000000000004 3.5000000000000004 1.0000000180025095e-35 2.8524946764573857 0.016263079224335463 0.0092393011469775414 2.5000000000000004 1.5000000000000002 7.0973673913061956 9.0034365696575112 8.8369808803965615 1.3323664022418613 0.013736085451027684 0.018851908243793732 1.0000000180025095e-35 1.5000000000000002 0.021029876770151563 7.5873738590892907 0.019618491168703494 0.23702000399928555 0.017656385088529385 1.7364893904591325 1.8967190785398451
decision_type=2 2 2 2 2 2 2 2 2 2 2 2 2 2 2 2 2 2 2 2 2 2 2 2 2 2 2 2 2 2
left_child=1 2 -1 4 -4 7 9 8 19 11 -11 -7 -10 -14 16 -16 17 -9 -19 -2 25 23 -23 -22 -15 -21 27 -27 29 -17
right_child=5 -3 3 -5 -6 6 -8 14 12 10 -12 -13 13 24 15 28 -18 18 -20 20 21 22 -24 -25 -26 26 -28 -29 -30 -31
leaf_value=0.0015292603085483823 -3.5476230423832267e-05 2.0261653371233764e-06 0.00022123412515949147 0.0037520075582558538 -0.0002123635169825825 3.1744084361000248e-05 -1.3715705011863823e-05 3.835493310343235e-05 0.00013797443299458682 -7.8327433328985864e-05 0.02501412685394442 -0.00025157432083504919 -0.00014577375568598804 -0.00016456398725259383 -0.00033590769232891515 0.00027148566664927324 -0.00022788022469958432 -3.4115333143985364e-06 0.042197530830809939 -5.5022733378233812e-06 -0.00017157863263581564 -0.00028340978723823693 0.0003403568275498728 0.0019309051878204147 1.1947002266596127e-05 0.00032475449581833335 3.5097259687959707e-05 6.6671937586574797e-05 -0.0025339791300447757 0.025013453044513512
leaf_weight=116 278 27229 51 93 200 54 46102 2354 54 3277 52 1253 4580 652 76 1350 209 65 41 106 87 1100 1713 1135 4007 62 108 40 306 197
leaf_count=116 278 27229 51 93 200 54 46102 2354 54 3277 52 1253 4580 652 76 1350 209 65 41 106 87 1100 1713 1135 4007 62 108 40 306 197
internal_value=-0.000111763 5.25468e-05 0.00173913 0.000668603 -0.000617531 -0.000177454 -0.000257008 4.04956e-05 -0.000212614 -0.00116048 -0.000629319 -0.00251339 -0.000571937 -0.000605586 0.000806871 0.00153188 0.000282876 0.000508129 0.00443396 0.000508748 0.000653871 0.000489466 4.79903e-05 0.00150573 -0.000149175 0.00275316 0.00428571 0.0077451 0.00171883 0.00211054
internal_weight=96947 27689 460 344 251 69258 50738 18520 13922 4636 3329 1307 9293 9239 4598 1929 2669 2460 106 4629 4351 4035 2813 1222 4659 316 210 102 1853 1547
internal_count=96947 27689 460 344 251 69258 50738 18520 13922 4636 3329 1307 9293 9239 4598 1929 2669 2460 106 4629 4351 4035 2813 1222 4659 316 210 102 1853 1547
is_linear=0
shrinkage=0.05


Tree=249
num_leaves=31
num_cat=0
split_feature=10 9 10 9 2 13 14 10 9 13 12 10 9 13 12 10 9 14 11 14 11 2 9 14 4 9 4 0 13 10
split_gain=0.573454 1.25515 2.33885 0.822274 0.931787 1.26016 1.02501 0.619594 0.611481 0.920218 0.738345 0.688065 1.05932 0.65781 0.765247 0.589676 0.929307 1.35867 1.17076 1.16412 0.675786 0.728235 0.652667 0.622561 0.770469 0.698547 0.604832 0.586957 0.849756 0.586371
threshold=6.888668013928366 8.018038154644211 7.3398082084131016 7.606304309123229 19.500000000000004 0.22862123873148757 1.7874681706139648 7.2566203706691299 8.0848384120218579 3.1371312366538722 0.015223878896754204 7.5742375894019602 8.2737830991807133 1.4713760589886473 0.3066224417723053 7.1337521003052204 7.8624884834232454 0.027473859133533174 4.7289472569738589 0.016806078634039653 0.18086263190811178 29.500000000000004 7.9412288308423822 0.26983293981221812 2.5000000000000004 7.8035243568208967 8.5000000000000018 9.5000000000000018 1.7364893904591325 7.1537179572798513
decision_type=2 2 2 2 2 2 2 2 2 2 2 2 2 2 2 2 2 2 2 2 2 2 2 2 2 2 2 2 2 2
left_child=3 15 7 -1 -5 -6 27 -3 9 10 -4 12 13 -10 -15 16 23 19 -19 -18 29 -22 -21 24 25 -2 -25 -7 -29 -17
right_child=1 2 8 4 5 6 -8 -9 11 -11 -12 -13 -14 14 -16 20 17 18 -20 22 21 -23 -24 26 -26 -27 -28 28 -30 -31
leaf_value=-3.2892934378310797e-05 9.9017753103115216e-07 -0.00013494051868578858 5.4325745045300783e-05 -0.00019513488881213364 -0.00010038718487097297 0.00020955272953741383 -0.0054422160108157725 -8.0423781866154772e-05 -3.5034487702917409e-05 0.031128428778796707 5.4486676176187287e-05 -3.0447645112182357e-06 -7.8875974910375945e-05 0.0019312724533631866 0.00072566128737101311 5.4640366564506144e-05 -8.6130897976566088e-05 -0.00018284163760909524 0.0090740555945377534 0.00013096584952562704 0.0012028101522024311 -0.0042301956422892036 2.9776736049412386e-05 0.0003635291913700386 7.6053642873866295e-05 -0.00027536031104287407 -8.3897379266819326e-05 -0.00010596816455512048 0.0090893046582254059 -1.1925726476192187e-05
leaf_weight=11850 553 805 124 739 117 46 101 2849 7963 48 2407 41552 3372 41 3074 526 84 1428 123 78 5632 354 61 3470 2391 119 3973 98 40 2444
leaf_count=11850 553 805 124 739 117 46 101 2849 7963 48 2407 41552 3372 41 3074 526 84 1428 123 78 5632 354 61 3470 2391 119 3973 98 40 2444
internal_value=-0.000122433 -7.43384e-05 -0.000187597 -0.000431454 -0.00171341 0.000223879 0.00201754 -0.00141489 -0.000111044 0.00064172 0.000511654 -0.00014571 -0.000442908 -0.000206717 0.000409309 0.00025758 3.25721e-05 -0.00102593 -0.00155061 0.00262332 0.0005661 0.000872034 0.00543165 0.000211307 0.000811295 -0.000684525 -3.56051e-05 0.00423913 0.00260869 -5.05062e-05
internal_weight=96462 83471 62235 12991 1141 402 285 3654 58581 2579 2531 56002 14450 11078 3115 21236 12280 1774 1551 223 8956 5986 139 10506 3063 672 7443 184 138 2970
internal_count=96462 83471 62235 12991 1141 402 285 3654 58581 2579 2531 56002 14450 11078 3115 21236 12280 1774 1551 223 8956 5986 139 10506 3063 672 7443 184 138 2970
is_linear=0
shrinkage=0.05


end of trees

feature_importances:
how4_out_ratio=1343
area_code=865
dom=800
how4_in_ratio=661
hour=613
dow=573
lag168_out_ratio=555
days_to_festival=463
lag168_in_ratio=324
is_payday=321
log_base_out=300
log_base_in=271
after_festival=261
is_haat=131
in_festival=19

parameters:
[boosting: gbdt]
[objective: quantile]
[metric: quantile]
[tree_learner: serial]
[device_type: cpu]
[data_sample_strategy: bagging]
[data: ]
[valid: ]
[num_iterations: 250]
[learning_rate: 0.05]
[num_leaves: 31]
[num_threads: 1]
[seed: 42]
[deterministic: 0]
[force_col_wise: 0]
[force_row_wise: 0]
[histogram_pool_size: -1]
[max_depth: -1]
[min_data_in_leaf: 40]
[min_sum_hessian_in_leaf: 0.001]
[bagging_fraction: 0.8]
[pos_bagging_fraction: 1]
[neg_bagging_fraction: 1]
[bagging_freq: 1]
[bagging_seed: 400]
[bagging_by_query: 0]
[feature_fraction: 0.9]
[feature_fraction_bynode: 1]
[feature_fraction_seed: 30056]
[extra_trees: 0]
[extra_seed: 12879]
[early_stopping_round: 0]
[early_stopping_min_delta: 0]
[first_metric_only: 0]
[max_delta_step: 0]
[lambda_l1: 0]
[lambda_l2: 0]
[linear_lambda: 0]
[min_gain_to_split: 0]
[drop_rate: 0.1]
[max_drop: 50]
[skip_drop: 0.5]
[xgboost_dart_mode: 0]
[uniform_drop: 0]
[drop_seed: 17869]
[top_rate: 0.2]
[other_rate: 0.1]
[min_data_per_group: 100]
[max_cat_threshold: 32]
[cat_l2: 10]
[cat_smooth: 10]
[max_cat_to_onehot: 4]
[top_k: 20]
[monotone_constraints: ]
[monotone_constraints_method: basic]
[monotone_penalty: 0]
[feature_contri: ]
[forcedsplits_filename: ]
[refit_decay_rate: 0.9]
[cegb_tradeoff: 1]
[cegb_penalty_split: 0]
[cegb_penalty_feature_lazy: ]
[cegb_penalty_feature_coupled: ]
[path_smooth: 0]
[interaction_constraints: ]
[verbosity: -1]
[saved_feature_importance_type: 0]
[use_quantized_grad: 0]
[num_grad_quant_bins: 4]
[quant_train_renew_leaf: 0]
[stochastic_rounding: 1]
[linear_tree: 0]
[max_bin: 255]
[max_bin_by_feature: ]
[min_data_in_bin: 3]
[bin_construct_sample_cnt: 200000]
[data_random_seed: 175]
[is_enable_sparse: 1]
[enable_bundle: 1]
[use_missing: 1]
[zero_as_missing: 0]
[feature_pre_filter: 1]
[pre_partition: 0]
[two_round: 0]
[header: 0]
[label_column: ]
[weight_column: ]
[group_column: ]
[ignore_column: ]
[categorical_feature: ]
[forcedbins_filename: ]
[precise_float_parser: 0]
[parser_config_file: ]
[objective_seed: 16083]
[num_class: 1]
[is_unbalance: 0]
[scale_pos_weight: 1]
[sigmoid: 1]
[boost_from_average: 1]
[reg_sqrt: 0]
[alpha: 0.9]
[fair_c: 1]
[poisson_max_delta_step: 0.7]
[tweedie_variance_power: 1.5]
[lambdarank_truncation_level: 30]
[lambdarank_norm: 1]
[label_gain: ]
[lambdarank_position_bias_regularization: 0]
[eval_at: ]
[multi_error_top_k: 1]
[auc_mu_weights: ]
[num_machines: 1]
[local_listen_port: 12400]
[time_out: 120]
[machine_list_filename: ]
[machines: ]
[gpu_platform_id: -1]
[gpu_device_id: -1]
[gpu_device_id_list: ]
[gpu_use_dp: 0]
[num_gpu: 1]

end of parameters

pandas_categorical:[]
