tree
version=v4
num_class=1
num_tree_per_iteration=1
label_index=0
max_feature_idx=22
objective=binary sigmoid:1
feature_names=amount_zscore balance_share is_first_time_recipient is_round_amount hour_unusual log_mins_since_incoming hesitation_secs amount_edits on_call sender_history_count recipient_age_days first_time_senders_24h recipient_inflow_count_24h recipient_outflow_ratio_24h recipient_prior_txns report_count report_rate sms_claims_credit sms_mentions_recipient ledger_confirms_credit claim_ledger_mismatch claim_mismatch_on_recipient sms_official_sender
monotone_constraints=1 1 1 1 1 0 1 1 1 0 -1 1 0 1 0 1 1 0 0 0 0 1 0
feature_infos=[-5.3736449650782241:6.6186141033276149] [0.00035397728881714951:0.98080133555926541] [0:1] [0:1] [0.44999999999999996:0.99367088607594933] [0.042482846332842578:9.2184077430539411] [0.8724681353312862:310.87235272810136] [0:5] [0:1] [0:174] [0:400] [0:85] [0:88] [0:3] [0:361] [0:20] [0:0.30434782608695654] [0:1] [0:1] [0:1] [0:1] [0:1] [0:1]
tree_sizes=2869 1737 1762 2088 1752 1757 1230 1336 1322 1420 2541 1224 1640 2113 1228 1533 1328 2762 1846 1749 1535 1953 2211 1423 2119 2329 2049 1973 1732 1844 1666 1761 1435 2301 1554 1886 2534 1653 1230 2063 1997 2107 1456 1985 1951 3359 1664 1452 2190 2428 3466 2818 1667 1350 3402 2520 3484 1990 2112 2512 1771 3485 2883 3539 1795 3523 3170 3491 3086 2959 2862 2642 2950 2487 2328 3504 3277 2234 1898 2537 2532 2435 2543 3527 2874 2640 3533 2751 3479 2860 2977 3492 2241 2662 3528 3512 3494 3515 2328 3265 3489 3502 3518 3498 3051 3202 3080 3480 3548 3501 3502 3528 3517 3492 3532 3504 3548 3509 3530 2862 3527 3527 3539 3380 3497 3508 3498 3525 3506 3501 3460 3470 3518 3494 3526 3483 3499 3504 3407 3488 3498 3540 3505 3506 3513 3500 3504 3509 3469 3517 3509 3466 3477 3481 3510 3503 2651 3500 3499 3514 3462 3503 3517 3481 3558 3456 3505 3495 3519 3511 3515 3521 3522 3489 3490 3509 3472 3461 3498 3558 3533 3504 3523 3471 3461 3482 3496 3535 3505 3460 3483 3476 3472 3551 3499 3516 3511 3477 3455 3534 3482 3505 3503 3539 3516 3466 3479 3491 3464 3394 3530 3537 3466 3496 3516 3502 3510 3519 3539 3549 3530 3450 3463 3483 3475 3476 3498 3504 3476 3469 3463 3470 3497 3450 3475 3486 3475 3462 3465 3545 3476 3456 3457 3504 3499 3485 3455 3473 3459 3528 3453 3495 3516 3440 3520 3450 3513 3468 3520 3473 3468 3454 3490 3501 3454 3499 3456 3467 3507 3451 3496 3475 3479 3474 3462 3466 3496 3480 3444 3499 3458 3482 3485 3463 3467 3506 3451 3497 3486 3482 3467 3494 3480 3466 3465 3458 3444 3506 3484 3458

Tree=0
num_leaves=26
num_cat=0
split_feature=21 15 12 14 15 14 2 2 10 8 11 17 14 17 14 5 4 14 14 14 5 5 5 5 4
split_gain=11595.7 7469.33 7330.32 820.208 775.087 1950.62 1090.22 189.622 135.676 96.6282 29.6676 9.2741 7.4993 13.0877 5.46196 5.14311 4.02641 3.67026 2.02294 1.30443 1.03831 0.813418 0.728842 0.172054 0.0156239
threshold=1.0000000180025095e-35 2.5000000000000004 14.500000000000002 2.5000000000000004 1.0000000180025095e-35 20.500000000000004 1.0000000180025095e-35 1.0000000180025095e-35 399.99914873829465 1.0000000180025095e-35 1.5000000000000002 1.0000000180025095e-35 35.500000000000007 1.0000000180025095e-35 10.500000000000002 7.3770169429876455 0.72554997608799632 5.5000000000000009 1.5000000000000002 15.500000000000002 8.3647054306170894 9.2183881920843636 5.1003242759222021 4.3628120914230282 0.67451088962716887
decision_type=2 2 2 2 2 2 2 2 2 2 2 2 2 2 2 2 2 2 2 2 2 2 2 2 2
left_child=1 3 -3 8 7 6 -6 -5 -1 10 12 -11 13 14 17 -10 19 24 -17 21 -21 -16 23 -19 -9
right_child=-2 2 -4 4 5 -7 -8 9 15 11 -12 -13 -14 -15 16 18 -18 22 -20 20 -22 -23 -24 -25 -26
leaf_value=-3.6598151379212704 -1.7045714351086914 -2.870448556230603 -3.6598151379212704 -4.0788892246615669 -4.0051973903552183 -4.0051973903552183 -3.6598151379212704 -4.0604168087499835 -4.0557751112313207 -4.0051973903552183 -4.0282687341563728 -4.0282687341563728 -4.0604168087499835 -4.0604168087499835 -4.0604168087499835 -3.9126236581377931 -4.0418497984885722 -4.0603375249016356 -4.0060914389936659 -4.0483878337470269 -4.0604168087499835 -4.0483878337470269 -4.0604168087499835 -4.0418497984885722 -4.0418497984885722
leaf_weight=5.9647070281207544 4.3489074297249308 11.585626907646658 18.51293795183301 911.75789678841829 16.415836345404387 114.05138654634356 18.753588955849409 1.9252080321311975 1.1860656626522543 80.446192771196365 30.631434939801693 11.860656626522539 68.860565863549709 59.406419277191162 20.592850200831894 0.80789979919791233 155.51211666688323 1.7189357429742806 1.7533144578337669 21.074152208864689 14.301545381546019 3.1628417670726767 73.432934939861298 1.6845570281147955 17.601902008056641
leaf_count=347 253 674 1077 53042 955 6635 1091 112 69 4680 1782 690 4006 3456 1198 47 9047 100 102 1226 832 184 4272 98 1024
internal_value=-4.02885 -4.03633 -3.2687 -4.05093 -4.05381 -3.94558 -3.65982 -4.06482 -3.65982 -4.04194 -4.05134 -4.0052 -4.05543 -4.05132 -4.04604 -3.98408 -4.04185 -4.05594 -3.95244 -4.05493 -4.04839 -4.06042 -4.06042 -4.04185 -4.04185
internal_weight=1667.35 1663 30.0986 1632.9 1623.19 149.221 35.1694 1473.97 9.71199 562.212 469.905 92.3068 439.274 370.413 311.007 3.74728 214.644 96.3635 2.56121 59.1314 35.3757 23.7557 76.8364 3.40349 19.5271
internal_count=96999 96746 1751 94995 94430 8681 2046 85749 565 32707 27337 5370 25555 21549 18093 218 12487 5606 149 3440 2058 1382 4470 198 1136
is_linear=0
shrinkage=1


Tree=1
num_leaves=15
num_cat=0
split_feature=11 1 2 1 13 12 17 12 10 0 10 3 3 11
split_gain=2966.65 1375.36 744.774 817.97 632.979 479.413 552.497 303.544 277.173 176.235 173.479 69.447 47.1705 30.6339
threshold=1.5000000000000002 0.54901866278369138 1.0000000180025095e-35 0.36603593256521777 0.86401754385964924 9.5000000000000018 1.0000000180025095e-35 10.500000000000002 353.65536088579472 -0.048818248067720706 353.65536088579472 1.0000000180025095e-35 1.0000000180025095e-35 1.0000000180025095e-35
decision_type=2 2 2 2 2 2 2 2 2 2 2 2 2 2
left_child=2 4 -1 9 11 6 8 10 -3 -4 -6 -2 13 -11
right_child=1 5 3 -5 7 -7 -8 -9 -10 12 -12 -13 -14 -15
leaf_value=-0.050641354731901934 0.091229012638700868 1.0148560730369645 -0.01503350468558845 0.091229012638700868 0.33828234316865691 0.33828234316865691 0.33828234316865691 0.19717038882620411 0.33828234316865691 0.0092641579271772311 0.19717038882620411 0.19717038882620411 0.041165273956484325 0.027689048980203874
leaf_weight=923.12065023370087 83.578829392790794 9.1702078673988616 313.46502261608839 101.14020585827529 17.147001015022397 7.0052012745290986 6.9693897236138573 13.187996217980979 1.8635977543890483 156.48353396728635 10.7109273057431 7.9532664250582448 14.597610427066682 22.685303589329123
leaf_count=55988 4227 279 18260 5207 459 278 57 560 94 8981 554 261 636 1235
internal_value=-0.00105349 0.204815 -0.0223566 0.0205743 0.13837 0.538194 0.690119 0.303112 0.903766 -0.00889846 0.338282 0.091229 0.0335618 0.0142128
internal_weight=1689.08 157.586 1531.49 608.372 132.578 25.0084 18.0032 41.0459 11.0338 507.231 27.8579 91.5321 193.766 179.169
internal_count=97076 6769 90307 34319 6061 708 430 1573 373 29112 1013 4488 10852 10216
is_linear=0
shrinkage=0.05


Tree=2
num_leaves=15
num_cat=0
split_feature=16 14 21 17 2 16 2 1 2 0 2 10 5 14
split_gain=8011.75 771.661 627.234 625.185 779.324 311.715 188.316 253.52 92.7265 56.3198 29.946 24.9609 19.5818 22.4975
threshold=0.067424242424242428 2.5000000000000004 1.0000000180025095e-35 1.0000000180025095e-35 1.0000000180025095e-35 0.039938650306748473 1.0000000180025095e-35 0.49135702463691588 1.0000000180025095e-35 -0.039054492598341796 1.0000000180025095e-35 335.35136343615841 6.883168664080153 33.500000000000007
decision_type=2 2 2 2 2 2 2 2 2 2 2 2 2 2
left_child=1 10 5 4 -2 6 -3 9 -7 -8 -1 -6 -11 -14
right_child=3 2 -4 -5 11 8 7 -9 -10 12 -12 -13 13 -15
leaf_value=-0.036156492106963367 0.23439593430458891 -0.050646331100629341 0.23439593430458891 0.23825142896090579 0.68527178562489466 0.032887457055287901 -0.032995726518805592 0.032887457055287901 0.10127462562016039 -0.020182624961445884 0.23439593430458891 0.45708767558632046 0.0024514776247277384 -0.020182624961445884
leaf_weight=2.4169010706245908 5.7939229533076277 880.50515299011022 15.905281230807303 20.237735632807016 40.364521915093064 14.43690751492977 349.80778520740569 75.8631332796067 26.952281698584557 60.562761183828115 13.843707028776407 10.656973104923962 140.38223276287317 36.616067243739963
leaf_count=116 279 55947 113 165 688 857 20344 3827 1001 3418 474 246 8046 1691
internal_value=-0.00106137 -0.0249248 -0.0286027 0.493717 0.579019 -0.0318467 -0.0354997 -0.0153451 0.101275 -0.0279845 0.234396 0.647313 -0.00736952 0.00211877
internal_weight=1694.35 1617.29 1601.03 77.0532 56.8154 1585.13 1543.74 663.232 41.3892 587.369 16.2606 51.0215 237.561 176.998
internal_count=97212 95834 95244 1378 1213 95131 93273 37326 1858 33499 590 934 13155 9737
is_linear=0
shrinkage=0.05


Tree=3
num_leaves=18
num_cat=0
split_feature=16 14 2 0 2 16 17 8 0 2 3 0 3 14 13 14 7
split_gain=4855.13 532.899 358.046 416.275 336.115 228.078 157.511 143.431 87.2519 62.6516 31.3854 25.0077 19.4602 13.1942 15.6665 4.99022 2.30025
threshold=0.064866760168302964 3.5000000000000004 1.0000000180025095e-35 1.5772676958670611 1.0000000180025095e-35 0.03548197574384155 1.0000000180025095e-35 1.0000000180025095e-35 -0.039054492598341796 1.0000000180025095e-35 1.0000000180025095e-35 -0.49107997330102399 1.0000000180025095e-35 33.500000000000007 0.085744355274463446 24.500000000000004 1.5000000000000002
decision_type=2 2 2 2 2 2 2 2 2 2 2 2 2 2 2 2 2
left_child=1 9 -3 5 -2 8 11 12 -4 -1 13 -6 -5 14 15 16 -10
right_child=4 2 3 7 6 -7 -8 -9 10 -11 -12 -13 -14 -15 -16 -17 -18
leaf_value=-0.043335142975642713 0.1417699842977834 -0.050544422507451503 -0.026295155761757061 0.056886234531452029 0.23887909708404476 0.056886234531452029 0.23887909708404476 0.1417699842977834 -0.011535982276495178 0.1417699842977834 0.017475991296380732 0.37852707111375672 0.099328109414617727 -0.011535982276495178 0.0059237922018890625 -0.002010854195579473 -0.002010854195579473
leaf_weight=5.732628200203183 8.6077833194285613 848.15519952587783 336.60513805225492 40.060146221891046 3.998273901641368 33.958916118368506 23.197591263800859 12.411905216053126 144.39206375740469 24.764981355518103 16.129393188282847 81.102458223700523 3.4937083683907977 41.905949423089623 42.026482578366995 15.207200473174451 3.586842516437172
leaf_count=344 354 56465 20178 1898 79 1124 160 471 8182 838 746 906 112 1937 2217 858 180
internal_value=-0.00132591 -0.0245721 -0.0288078 -0.00204589 0.308112 -0.0136617 0.335988 0.127434 -0.0219343 0.14177 0.00322319 0.370055 0.0568862 -0.00562841 0.00269762 -0.0099455 -0.011536
internal_weight=1685.34 1568.43 1537.93 689.778 116.906 633.812 108.298 55.9658 599.853 30.4976 263.248 85.1007 43.5539 247.119 205.213 163.186 147.979
internal_count=97049 95550 94368 37903 1499 35422 1145 2481 34298 1182 14120 985 2010 13374 11437 9220 8362
is_linear=0
shrinkage=0.05


Tree=4
num_leaves=15
num_cat=0
split_feature=16 14 2 21 2 1 17 16 0 14 14 17 14 11
split_gain=3780.3 419.626 407.522 311.335 209.362 222.018 76.7657 72.5264 68.732 31.1205 24.5065 19.352 7.74864 27.3731
threshold=0.046620299934796793 3.5000000000000004 1.0000000180025095e-35 1.0000000180025095e-35 1.0000000180025095e-35 0.49135702463691588 1.0000000180025095e-35 0.077677224736048281 -0.076657907343767026 18.500000000000004 31.500000000000004 1.0000000180025095e-35 33.500000000000007 1.0000000180025095e-35
decision_type=2 2 2 2 2 2 2 2 2 2 2 2 2 2
left_child=1 -1 -2 4 -3 8 7 12 -6 -9 11 -10 13 -4
right_child=2 3 6 -5 5 -7 -8 9 10 -11 -12 -13 -14 -15
leaf_value=0.09619053517482587 0.09619053517482587 -0.050550461405475526 0.17238657420955861 0.09619053517482587 -0.031421728864775324 0.031401286683993133 0.17238657420955861 0.3410356605670874 0.0033162849934728305 0.25709946302879855 -0.017328565723711258 -0.017328565723711258 0.17238657420955861 0.23400703547112439
leaf_weight=32.616743586957455 17.81042992696166 796.77623515762389 13.471692111343151 14.942137673497198 320.66871630121022 80.691621510311961 29.631208885461092 32.871775481849909 170.5614720415324 67.580189689993858 49.745308266952634 27.9725944083184 4.7047549914568654 8.7085147593170387
leaf_count=1182 846 55797 404 90 19636 3828 203 361 9740 451 2353 1656 110 189
internal_value=-0.000583331 -0.0263725 0.218754 -0.0306182 -0.033388 -0.012293 0.248583 0.266585 -0.0247687 0.287657 -0.0032354 0.00331628 0.180357 0.219228
internal_weight=1668.75 1493.97 174.779 1461.36 1446.42 649.64 156.968 127.337 568.948 100.452 248.279 198.534 26.885 22.1802
internal_count=96846 94282 2564 93100 93010 37213 1718 1515 33385 812 13749 11396 703 593
is_linear=0
shrinkage=0.05


Tree=5
num_leaves=15
num_cat=0
split_feature=16 14 2 21 2 0 14 16 17 2 17 13 14 14
split_gain=2905.34 393.582 332.841 262.49 179.425 171.032 53.849 53.3272 42.3215 31.9024 26.0296 19.7727 8.07975 5.53052
threshold=0.044543650793650802 4.5000000000000009 1.0000000180025095e-35 1.0000000180025095e-35 1.0000000180025095e-35 -0.039054492598341796 33.500000000000007 0.077677224736048281 1.0000000180025095e-35 1.0000000180025095e-35 1.0000000180025095e-35 0.058540152687777118 14.500000000000002 24.500000000000004
decision_type=2 2 2 2 2 2 2 2 2 2 2 2 2 2
left_child=1 9 -2 4 -3 -6 8 11 -7 -1 12 -4 -9 -13
right_child=2 3 7 -5 5 6 -8 10 -10 -11 -12 13 -14 -15
leaf_value=-0.046589339226834114 0.073423174474417499 -0.050503170435589079 0.13553771990253141 0.073423174474417499 -0.032409000703064829 0.019669835240882914 -0.0097839479251580624 0.26469680839087156 -0.0097839479251580624 0.073423174474417499 0.17730011728481415 0.17730011728481415 0.20964468774240178 0.15641891859367277
leaf_weight=10.978843048214911 21.339801354333758 754.72140053194016 20.607920667156577 15.623054519295691 319.44142737332731 221.1911906413734 53.864044109359384 30.718357540667057 33.922257931903005 40.608284319750965 26.664043394848704 15.12461654469371 87.89446896314621 6.9683089703321448
leaf_count=710 951 55531 492 89 20120 12032 2414 269 1960 1435 141 229 529 159
internal_value=-0.00083235 -0.0259998 0.172846 -0.0312479 -0.0340835 -0.0143148 0.0128411 0.197652 0.0196698 0.0734232 0.213067 0.141533 0.225996 0.1773
internal_weight=1659.67 1450.35 209.318 1398.76 1383.14 628.419 308.977 187.978 255.113 51.5871 145.277 42.7008 118.613 22.0929
internal_count=97061 94291 2770 92146 92057 36526 16406 1819 13992 2145 939 880 798 388
is_linear=0
shrinkage=0.05


Tree=6
num_leaves=10
num_cat=0
split_feature=16 2 1 2 3 16 14 8 21
split_gain=2430.17 343.431 434.296 294.792 105.516 54.6341 51.0214 36.7119 6.16096
threshold=0.041600106496272639 1.0000000180025095e-35 0.54901866278369138 1.0000000180025095e-35 1.0000000180025095e-35 0.084219858156028379 5.5000000000000009 1.0000000180025095e-35 1.0000000180025095e-35
decision_type=2 2 2 2 2 2 2 2 2
left_child=1 -1 4 -2 6 7 -3 -5 -8
right_child=3 2 -4 5 -6 -7 8 -9 -10
leaf_value=-0.050464749330756169 0.059154669178474076 -0.002269154063745088 0.059154669178474076 0.11296267536052772 0.020422472408728923 0.1838639046653826 -0.025722737643606504 0.15390335128368393 -0.002269154063745088
leaf_weight=725.87718564458191 24.48793207667768 41.697111655026674 88.07880300655961 48.332314193248749 32.087936222553253 152.53292170912027 512.70432708133012 15.838853087276219 2.8970998078584662
leaf_count=56014 1073 1867 3446 935 1513 877 31157 211 16
internal_value=-0.00136894 -0.026594 -0.000980726 0.144903 -0.0183097 0.166771 -0.0249608 0.123943 -0.0257227
internal_weight=1644.53 1403.34 677.465 241.192 589.386 216.704 557.299 64.1712 515.601
internal_count=97109 94013 37999 3096 34553 2023 33040 1146 31173
is_linear=0
shrinkage=0.05


Tree=7
num_leaves=11
num_cat=0
split_feature=16 2 0 2 8 16 14 8 14 3
split_gain=2038.37 341.014 329.86 265.47 112.129 52.205 46.6949 40.1074 28.5072 19.3152
threshold=0.039938650306748473 1.0000000180025095e-35 0.19979574963655763 1.0000000180025095e-35 1.0000000180025095e-35 0.087337909992372245 6.5000000000000009 1.0000000180025095e-35 4.5000000000000009 1.0000000180025095e-35
decision_type=2 2 2 2 2 2 2 2 2 2
left_child=1 -1 8 -2 6 7 -4 -5 -3 -8
right_child=3 2 4 5 -6 -7 9 -9 -10 -11
leaf_value=-0.050348773172081134 0.049464057045712086 0.007743228267205627 0.031237899155862482 0.097045635157505375 0.049464057045712086 0.16141435894505329 0.007743228267205627 0.13482487544583752 -0.025270438844865847 0.031237899155862482
leaf_weight=690.4624614212662 27.666281303390861 19.592221247032285 28.760437566787004 58.102044403553009 56.243089137598872 162.73074945807457 186.06528995744884 20.399311969056726 360.71102914586663 13.259442331269382
leaf_count=55975 1166 792 1091 1012 2244 860 9682 253 23398 551
internal_value=-0.000792133 -0.0257668 -0.000192105 0.124695 0.0407569 0.144627 0.0130117 0.108235 -0.0252704 0.00774323
internal_weight=1623.99 1355.09 664.632 268.898 284.328 241.232 228.085 78.5014 380.303 199.325
internal_count=97024 93733 37758 3291 13568 2125 11324 1265 24190 10233
is_linear=0
shrinkage=0.05


Tree=8
num_leaves=11
num_cat=0
split_feature=16 2 1 2 14 3 16 8 10 11
split_gain=1677.48 347.295 349.323 227.749 92.835 59.9966 56.4111 28.3114 4.66777 1.5355
threshold=0.038192249720425932 1.0000000180025095e-35 0.54901866278369138 1.0000000180025095e-35 6.5000000000000009 1.0000000180025095e-35 0.077677224736048281 1.0000000180025095e-35 357.17233208902167 3.5000000000000004
decision_type=2 2 2 2 2 2 2 2 2 2
left_child=1 -1 4 -2 -3 -6 7 -5 -8 -10
right_child=3 2 -4 6 5 -7 8 -9 9 -11
leaf_value=-0.050301453092085328 0.042189904989221087 0.012583113544315301 0.042189904989221087 0.084577753556999452 -0.024573765198372323 0.012583113544315301 0.14666577510572404 0.11511448951996282 0.11511448951996282 0.13089013231284344
leaf_weight=654.54982895031571 29.482592749409378 59.336777452379465 91.918245689943433 56.502066304907203 476.84898186381906 27.966270539909601 159.67788444086909 17.602211957797408 9.3471242934465426 13.110648818314074
leaf_count=55741 1210 2774 3391 1066 30011 1367 779 260 83 66
internal_value=-0.000613917 -0.0245627 0.00115392 0.108942 -0.0170237 -0.0245738 0.126966 0.0879607 0.142268 0.115114
internal_weight=1596.34 1310.62 656.07 285.723 564.152 504.815 256.24 74.1043 182.136 22.4578
internal_count=96748 93284 37543 3464 34152 31378 2254 1326 928 149
is_linear=0
shrinkage=0.05


Tree=9
num_leaves=12
num_cat=0
split_feature=16 2 1 2 14 10 3 14 12 16 9
split_gain=1448.68 356.908 300.007 183.426 75.3732 60.6642 36.1423 26.647 15.0987 8.90754 4.33415
threshold=0.042644117112202222 1.0000000180025095e-35 0.29016251829791012 1.0000000180025095e-35 5.5000000000000009 353.65536088579472 1.0000000180025095e-35 23.500000000000004 3.5000000000000004 0.087337909992372245 33.500000000000007
decision_type=2 2 2 2 2 2 2 2 2 2 2
left_child=1 -1 4 -2 -3 7 -6 10 -7 -9 -5
right_child=3 2 -4 5 6 8 -8 9 -10 -11 -12
leaf_value=-0.050340309107722442 0.03863637154824491 0.0099315230718800031 0.03863637154824491 0.15529968698941196 -0.024059658564865631 0.077396750927762478 0.0099315230718800031 0.10339648912777805 0.10339648912777805 0.12375908307239425 0.11034067990722672
leaf_weight=628.3406244572252 27.189337581396103 39.387164286337793 168.99303750693798 85.577922526746988 430.19665000122041 42.305180504918098 24.70102381426841 14.460860615596173 15.279935311526058 83.325432613492012 18.839094873517752
leaf_count=56107 1007 1702 6996 541 27987 629 1240 190 82 356 123
internal_value=-0.000774605 -0.023368 0.00222099 0.100641 -0.0187733 0.116157 -0.0240597 0.129396 0.0773968 0.107901 0.148312
internal_weight=1578.6 1291.62 663.278 286.978 494.285 259.788 454.898 202.203 57.5851 97.7863 104.417
internal_count=96960 94032 37925 2928 30929 1921 29227 1210 711 546 664
is_linear=0
shrinkage=0.05


Tree=10
num_leaves=22
num_cat=0
split_feature=16 14 16 21 1 8 8 12 3 7 14 13 17 7 14 1 9 9 16 16 9
split_gain=1323.29 281.698 128.812 124.95 89.6907 70.7355 24.9183 19.196 19.1197 10.6379 8.73392 5.83946 2.4348 2.42502 1.55238 1.36963 1.79028 0.594865 0.573684 0.0715049 0.0199047
threshold=0.03548197574384155 5.5000000000000009 0.084219858156028379 1.0000000180025095e-35 0.54901866278369138 1.0000000180025095e-35 1.0000000180025095e-35 1.0000000180025095e-35 1.0000000180025095e-35 1.0000000180025095e-35 30.500000000000004 0.82004108700353207 1.0000000180025095e-35 1.0000000180025095e-35 34.500000000000007 0.2115333998690502 22.500000000000004 29.500000000000004 0.13921188630490958 0.028513356562137052 64.500000000000014
decision_type=2 2 2 2 2 2 2 2 2 2 2 2 2 2 2 2 2 2 2 2 2
left_child=1 -1 5 4 8 9 13 18 10 -2 11 12 15 -6 -11 16 -3 -10 -4 -18 -19
right_child=2 3 7 -5 6 -7 -8 -9 17 14 -12 -13 -14 -15 -16 -17 19 20 -20 -21 -22
leaf_value=0.032631982776467304 0.032631982776467304 -0.037329821621176616 0.082818556131261115 0.032631982776467304 -0.019740442844771763 0.082818556131261115 -0.00044449363702593337 0.12238819734707157 -0.019740442844771763 0.057725269453864206 -0.049161705974357338 -0.03038188441495103 -0.049880783563656828 -0.01009246824089885 0.045178626115165758 -0.034885793673463047 -0.043572870011350587 -0.03038188441495103 0.11693485836065153 -0.037329821621176616 -0.019740442844771763
leaf_weight=76.856698763556778 73.792939595878124 205.04713775031269 17.361414067447189 12.362596482038496 102.00084578432143 29.784551857039332 26.141310040839016 165.2406450919807 47.693839558400214 21.169281442649666 253.38432971388102 15.87925869040191 61.074827340431511 25.30640627630055 4.1454479759559026 121.68198552820832 261.92111478745937 20.63620072230697 9.9501998126506788 1.7978554489091028 1.855306077748536
leaf_count=3545 1799 16569 178 65 7141 487 1592 757 3797 419 19125 1148 4623 1553 99 9323 22598 1698 58 141 155
internal_value=-0.000688212 -0.0242436 0.0895076 -0.0310764 -0.033521 0.0502389 -0.000444494 0.115398 -0.0390364 0.032632 -0.0410233 -0.0378646 -0.0393897 -0.0197404 0.0577253 -0.038222 -0.0397738 -0.0197404 0.0828186 -0.0430545 -0.0303819
internal_weight=1555.08 1233.64 321.444 1156.78 1144.42 128.892 153.449 192.552 990.972 99.1077 920.787 667.402 651.523 127.307 25.3147 590.448 468.766 70.1853 27.3116 263.719 22.4915
internal_count=96870 93073 3797 89528 89463 2804 10286 993 79177 2317 73527 54402 53254 8694 518 48631 39308 5650 236 22739 1853
is_linear=0
shrinkage=0.05


Tree=11
num_leaves=10
num_cat=0
split_feature=16 2 0 2 16 8 12 14 0
split_gain=1100.03 325.594 281.608 180.809 49.9308 40.1775 36.3347 13.0357 1.9932
threshold=0.03548197574384155 1.0000000180025095e-35 0.11817937237212946 1.0000000180025095e-35 0.091750841750841763 1.0000000180025095e-35 5.5000000000000009 4.5000000000000009 -0.4494327510946079
decision_type=2 2 2 2 2 2 2 2 2
left_child=1 -1 7 -2 5 -5 -4 -3 -6
right_child=3 2 6 4 8 -7 -8 -9 -10
leaf_value=-0.050181269193700195 0.028474611874275815 0.0021982658458909554 0.028474611874275815 0.062067970861517878 0.091436008663380072 0.091436008663380072 0.0021982658458909554 -0.024078080182493904 0.11540730979649894
leaf_weight=573.78454667981714 35.726066488772631 19.493063878268003 263.52813427243382 87.660234266892076 9.0907739624381048 32.525584574788809 36.408689571544528 302.08624980784953 164.41322895139456
leaf_count=55837 1388 739 13063 1319 51 324 1582 21976 727
internal_value=-0.000752122 -0.0230567 0.00202511 0.0800059 0.0956613 0.0697976 0.0284746 -0.0240781 0.113074
internal_weight=1524.72 1195.3 621.516 329.416 293.69 120.186 299.937 321.579 173.504
internal_count=97006 93197 37360 3809 2421 1643 14645 22715 778
is_linear=0
shrinkage=0.05


Tree=12
num_leaves=14
num_cat=0
split_feature=2 0 8 1 11 12 12 7 3 18 3 5 15
split_gain=900.007 473.554 321.274 203.938 134.18 99.3106 87.897 63.7181 31.207 16.0391 13.8557 8.34636 1.22453
threshold=1.0000000180025095e-35 -0.33776021202191248 1.0000000180025095e-35 0.54901866278369138 1.0000000180025095e-35 7.5000000000000009 2.5000000000000004 1.0000000180025095e-35 1.0000000180025095e-35 1.0000000180025095e-35 1.0000000180025095e-35 6.1750421587804452 5.5000000000000009
decision_type=2 2 2 2 2 2 2 2 2 2 2 2 2
left_child=12 -2 4 8 10 -6 7 11 -4 -9 -3 -5 -1
right_child=1 2 3 6 5 -7 -8 9 -10 -11 -12 -13 -14
leaf_value=-0.050159497777563636 -0.010372393888284846 0.020815753479208839 0.071062479579730775 0.12199665658096653 0.071062479579730775 0.042410979677500064 0.12199665658096653 0.34972664892494693 0.12199665658096653 0.23371112101403915 0.042410979677500064 0.18133792429199416 -0.010372393888284846
leaf_weight=581.57815944589674 242.79712636210024 267.36381565500051 76.853584250435233 3.9209572598338154 141.6612990712747 68.966051435098052 33.473595891147852 12.348476249724625 21.865476011298597 3.4580300170928231 24.487038652412593 21.560155741870403 0.42743827030062576
leaf_count=57189 16426 13491 2971 97 2886 2056 177 194 222 18 845 404 15
internal_value=-0.00147618 0.0293317 0.0520039 0.110494 0.0316308 0.0640062 0.172931 0.222973 0.0710625 0.304805 0.0208158 0.162617 -0.0500765
internal_weight=1500.76 918.756 675.958 173.48 502.478 210.627 74.7612 41.2876 98.7191 15.8065 291.851 25.4811 582.006
internal_count=96991 39787 23361 4083 19278 4942 890 713 3193 212 14336 501 57204
is_linear=0
shrinkage=0.05


Tree=13
num_leaves=18
num_cat=0
split_feature=16 14 1 11 8 21 10 14 11 14 21 15 1 17 9 9 14
split_gain=968.113 232.033 133.72 124.588 97.6827 33.4087 27.4016 18.5287 16.3501 12.8834 9.31499 6.0931 4.3005 1.11213 0.269593 0.172236 0.130134
threshold=0.050252525252525264 5.5000000000000009 0.54901866278369138 1.0000000180025095e-35 1.0000000180025095e-35 1.0000000180025095e-35 236.75309109913044 33.500000000000007 1.0000000180025095e-35 85.500000000000014 1.0000000180025095e-35 1.0000000180025095e-35 0.072766545901215993 1.0000000180025095e-35 23.500000000000004 48.500000000000007 39.500000000000007
decision_type=2 2 2 2 2 2 2 2 2 2 2 2 2 2 2 2 2
left_child=1 -1 5 6 10 7 -2 8 11 -5 -4 12 14 15 -3 -14 -9
right_child=3 2 4 9 -6 -7 -8 16 -10 -11 -12 -13 13 -15 -16 -17 -18
leaf_value=0.02991035385408088 0.065323159397335878 -0.039443983581832494 -0.010463291130601984 0.10413883125813789 0.02991035385408088 -0.010463291130601984 0.02991035385408088 -0.040170491850922002 -0.023396534397981054 0.065323159397335878 0.0097235313617394497 -0.02964418895256651 -0.033739862783861506 -0.038339803219976321 -0.045583510506431092 -0.038339803219976321 -0.049851595433507298
leaf_weight=79.888489557430148 22.00643253326416 124.51125760097057 130.22623082716018 199.54615102335811 35.853032880462706 8.6174227148294431 57.618602581322193 32.392796982079744 92.477163701318204 11.307367488741873 4.0554893612861624 23.233764986507595 278.64405130315572 31.496636300347745 140.06632456649095 30.674604083411396 200.83983242604882
leaf_count=3526 200 11097 8937 1034 1677 42 942 2844 7163 76 20 1041 24194 2407 13597 2923 15292
internal_value=-0.00118083 -0.0208271 -0.0272553 0.0806478 0.0135437 -0.0344703 0.0299104 -0.0363298 -0.032272 0.100736 -0.0104633 -0.0358918 -0.0378355 -0.033826 -0.0428536 -0.0337399 -0.0486843
internal_weight=1503.46 1212.98 1133.09 290.479 170.135 962.954 79.625 954.336 721.104 210.854 134.282 628.627 605.393 340.815 264.578 309.319 233.233
internal_count=97012 94760 91234 2252 10634 80600 1142 80558 62422 1110 8957 55259 54218 29524 24694 27117 18136
is_linear=0
shrinkage=0.05


Tree=14
num_leaves=10
num_cat=0
split_feature=16 2 0 14 11 19 10 0 14
split_gain=808.007 392.345 270.519 84.406 57.4054 33.5448 26.1125 2.09444 1.91461
threshold=0.072299651567944254 1.0000000180025095e-35 -0.067800700093452335 35.500000000000007 1.0000000180025095e-35 1.0000000180025095e-35 236.75309109913044 -0.52232814697533891 2.5000000000000004
decision_type=2 2 2 2 2 2 2 2 2
left_child=1 -1 8 5 6 -4 -2 -6 -3
right_child=4 2 3 -5 7 -7 -8 -9 -10
leaf_value=-0.050216286250701153 0.065863554976495084 0.0050788761130794672 0.033473615414859929 0.0050788761130794672 0.065863554976495084 0.0050788761130794672 0.033473615414859929 0.098690372249903374 -0.021830909278641702
leaf_weight=528.57531136553735 17.854726076126099 6.6702390983700743 341.27113238722086 59.229689328931272 6.0410997532308093 31.34404438175261 29.261313065886497 175.1571534499526 276.58341999910772
leaf_count=57015 112 166 14234 2437 34 1758 315 775 20322
internal_value=-0.00170605 -0.0175947 0.00655447 0.0319887 0.0845419 0.0334736 0.0344101 0.0973171 -0.0218309
internal_weight=1471.99 1243.67 715.099 431.845 228.314 372.615 47.116 181.198 283.254
internal_count=97168 95932 38917 18429 1236 15992 427 809 20488
is_linear=0
shrinkage=0.05


Tree=15
num_leaves=13
num_cat=0
split_feature=2 16 0 14 16 8 21 11 10 13 12 12
split_gain=778.663 456.695 210.458 66.5738 42.6391 17.9455 11.1175 6.57087 2.70556 1.37996 3.24119 0.0786704
threshold=1.0000000180025095e-35 0.042644117112202222 1.1903766698665825 5.5000000000000009 0.084219858156028379 1.0000000180025095e-35 1.0000000180025095e-35 1.0000000180025095e-35 238.91458856244455 0.76879110251450689 7.5000000000000009 1.5000000000000002
decision_type=2 2 2 2 2 2 2 2 2 2 2 2
left_child=-1 2 3 -2 5 9 -5 8 -6 -3 -11 -9
right_child=1 4 -4 6 7 -7 -8 11 -10 10 -12 -13
leaf_value=-0.050152557908452501 0.014529578298788938 0.040621306057865299 0.040621306057865299 -0.011929711724070627 0.083241214757612814 0.070598149161813048 0.014529578298788938 0.11178869105710275 0.070598149161813048 0.05560972760983917 0.048115516833852234 0.091999287925316309
leaf_weight=514.08509730547667 52.167221104726195 46.154596457257867 118.99760984256864 473.62349111679941 14.715963587164879 25.6983343064785 6.1491938382387152 27.652208626270294 13.758866205811501 12.954915482550861 9.0011054910719377 140.977309897542
leaf_count=57269 1906 604 4218 31960 68 206 30 121 81 105 115 602
internal_value=-0.000715427 0.0262931 0.00298509 -0.0115621 0.0782575 0.0496362 -0.0119297 0.0915601 0.0705981 0.0406213 0.0556097 0.0958843
internal_weight=1455.94 941.851 650.938 531.94 290.913 93.809 479.773 197.104 28.4748 68.1106 21.956 168.63
internal_count=97285 40016 38114 33896 1902 1030 31990 872 149 824 220 723
is_linear=0
shrinkage=0.05


Tree=16
num_leaves=11
num_cat=0
split_feature=2 16 1 14 16 8 3 3 11 15
split_gain=710.318 419.219 241.305 51.4599 48.5217 34.3735 13.0583 6.05593 4.9428 1.17296
threshold=1.0000000180025095e-35 0.03548197574384155 0.54901866278369138 5.5000000000000009 0.091750841750841763 1.0000000180025095e-35 1.0000000180025095e-35 1.0000000180025095e-35 1.0000000180025095e-35 8.5000000000000018
decision_type=2 2 2 2 2 2 2 2 2 2
left_child=9 2 3 -2 5 7 -5 -3 -6 -1
right_child=1 4 -4 6 8 -7 -8 -9 -10 -11
leaf_value=-0.050210740315672769 0.011304689561675083 0.03564975481556 0.03564975481556 -0.013040375692209833 0.068021146188533013 0.068021146188533013 0.011304689561675083 0.0518354505020465 0.092014805114294593 -0.013040375692209833
leaf_weight=489.67069946788251 53.586255195550621 88.542515892535448 109.13515553437173 435.93083627894521 23.909520134329796 36.695831686258316 28.867129194550216 11.347811518236993 155.14391495287418 0.34082447923719783
leaf_count=57248 1954 1230 3357 30859 119 323 1427 104 667 9
internal_value=-0.00133591 0.024032 0.000364717 -0.0130404 0.0709348 0.0478985 -0.0130404 0.0356498 0.0881438 -0.0501127
internal_weight=1433.17 943.159 627.519 518.384 315.64 136.586 464.798 99.8903 179.053 490.012
internal_count=97297 40040 37597 34240 2443 1657 32286 1334 786 57257
is_linear=0
shrinkage=0.05


Tree=17
num_leaves=24
num_cat=0
split_feature=16 1 11 0 12 8 13 7 3 0 7 0 21 13 0 9 17 9 16 4 12 16 16
split_gain=618.365 177.014 85.0105 76.483 41.3807 29.8007 28.8108 19.2214 16.4381 10.0733 7.47643 7.36218 3.53468 2.85698 2.13307 1.97893 1.63763 1.97236 1.37267 0.768895 0.645807 0.438989 0.330144
threshold=0.03548197574384155 0.54901866278369138 1.0000000180025095e-35 -0.22138013293931313 15.500000000000002 1.0000000180025095e-35 0.79188748810462906 1.0000000180025095e-35 1.0000000180025095e-35 -0.49107997330102399 1.0000000180025095e-35 -0.69051970220388947 1.0000000180025095e-35 0.71026839204409309 -0.45945502379626635 14.500000000000002 1.0000000180025095e-35 32.500000000000007 0.095695970695970703 0.93957648776925906 7.5000000000000009 0.026266508969051847 0.12347560975609757
decision_type=2 2 2 2 2 2 2 2 2 2 2 2 2 2 2 2 2 2 2 2 2 2 2
left_child=1 3 7 11 9 10 8 22 12 -4 -3 -1 16 18 -9 -13 17 20 -11 -17 -5 -19 -2
right_child=2 5 4 6 -6 -7 -8 14 -10 13 -12 15 -14 -15 -16 19 -18 21 -20 -21 -22 -23 -24
leaf_value=-0.050114167531900816 0.01953518433830375 -0.0041855198482189729 0.048289632689941124 -0.02347136980582433 0.048289632689941124 0.01953518433830375 -0.0041855198482189729 0.033912408514122437 -0.012565799681657594 0.067073286860143563 0.0076748322450423878 -0.029455545225192226 -0.019314309519673556 0.08949906982131188 0.048289632689941124 -0.040386675920790469 -0.029455545225192226 -0.029455545225192226 0.079094834233922301 -0.029455545225192226 -0.029455545225192226 -0.02347136980582433 0.033912408514122437
leaf_weight=233.10400069924071 69.00187333766371 104.88541135564446 10.007837645709513 240.4573229579255 16.173867642879486 40.472301837988198 42.76222032867372 4.2895990777760735 49.049814608879387 16.610973750241101 29.971302359364927 30.056790419388562 2.9896066337823859 171.06113816052675 28.079617670737207 121.96320538828149 36.581517860293388 105.95164136821404 23.896165639162064 10.164397147949783 9.3411356043070537 2.9796142335981122 11.911841072142122
leaf_count=23870 1569 7551 133 20766 325 1738 2518 83 4300 220 1669 2701 15 930 390 13001 2821 10693 105 1044 490 187 70
internal_value=0.000342178 -0.018699 0.0577694 -0.0279062 0.0747134 0.0195352 -0.0146622 0.0218658 -0.0209461 0.0832785 -0.00418552 -0.0442489 -0.0260628 0.0858569 0.0482896 -0.0355635 -0.0276284 -0.0252757 0.0686906 -0.0389112 -0.0234714 -0.0294555 0.0195352
internal_weight=1411.76 1060.73 351.033 885.401 237.75 175.329 490.113 113.283 447.351 221.576 134.857 395.288 398.301 211.568 32.3692 162.184 395.311 358.73 40.5071 132.128 249.798 108.931 80.9137
internal_count=97189 93364 3825 82406 1713 10958 41790 2112 39272 1388 9220 40616 34972 1255 473 16746 34957 32136 325 14045 21256 10880 1639
is_linear=0
shrinkage=0.05


Tree=18
num_leaves=16
num_cat=0
split_feature=2 0 8 16 0 7 3 14 12 11 14 6 12 11 16
split_gain=654.009 345.756 223.946 158.311 89.1555 48.5307 24.9574 15.41 15.3055 14.0147 6.8526 4.83857 1.49232 1.10736 0.647421
threshold=1.0000000180025095e-35 -0.33776021202191248 1.0000000180025095e-35 0.064866760168302964 2.4199667199604065 1.0000000180025095e-35 1.0000000180025095e-35 10.500000000000002 3.5000000000000004 1.0000000180025095e-35 27.500000000000004 22.639621321058115 3.5000000000000004 2.5000000000000004 0.036710205774114969
decision_type=2 2 2 2 2 2 2 2 2 2 2 2 2 2 2
left_child=13 -2 3 6 5 9 -3 -7 -6 -4 -11 -9 -13 -1 -15
right_child=1 2 4 -5 8 7 -8 11 -10 10 -12 12 -14 14 -16
leaf_value=-0.050045945631983807 -0.013297359986447843 0.013974355721032726 0.055950447420418319 0.055950447420418319 0.21324309091549429 0.12858154723078827 0.03496240157072552 0.083696104353154069 0.12858154723078827 0.083696104353154069 0.069133596527961388 0.12858154723078827 0.10154207512637581 -0.031804677360322525 -0.013297359986447843
leaf_weight=452.71398031339049 221.23995716962963 351.57476696372032 54.38558838237077 135.79340099543333 15.757028004154565 16.19031167961657 30.305517332628369 27.710183028131723 5.6515070684254161 30.995579582639039 23.512084586545825 8.1132679665461165 6.4047604342922559 2.5388607364147897 0.43774257134646166
leaf_count=57034 16595 17492 2147 654 197 252 1065 544 30 417 350 133 46 265 7
internal_value=-0.000849593 0.0232431 0.0412461 0.0241595 0.0877414 0.0745952 0.0139744 0.111442 0.182568 0.0559504 0.0823167 0.0876247 0.119388 -0.0498379 -0.0135634
internal_weight=1383.32 927.634 706.394 517.674 188.72 167.312 381.88 58.4185 21.4085 108.893 54.5077 42.2282 14.518 455.691 2.9766
internal_count=97228 39922 23327 19211 4116 3889 18557 975 227 2914 767 723 179 57306 272
is_linear=0
shrinkage=0.05


Tree=19
num_leaves=15
num_cat=0
split_feature=2 0 8 13 0 3 13 7 12 17 12 10 11 12
split_gain=611.753 309.54 191.955 116.342 90.4858 34.4911 24.8308 22.8839 26.6486 14.4164 14.2447 3.28705 1.01775 0.0516031
threshold=1.0000000180025095e-35 -0.38836647853597767 1.0000000180025095e-35 0.81250775731726599 1.2782736361173157 1.0000000180025095e-35 0.84681462884997327 1.0000000180025095e-35 2.5000000000000004 1.0000000180025095e-35 7.5000000000000009 236.75309109913044 2.5000000000000004 9.5000000000000018
decision_type=2 2 2 2 2 2 2 2 2 2 2 2 2 2
left_child=12 -2 3 5 6 -3 -4 11 9 -9 -5 -6 -1 -8
right_child=1 2 4 10 7 -7 13 8 -10 -11 -12 -13 -14 -15
leaf_value=-0.050001920242635847 -0.013921360934514218 0.012072697555517169 0.051083056439798082 0.051083056439798082 0.11346950836701647 0.031577876997657621 0.085601297525128892 0.22585928927168594 0.12333213352276336 0.12333213352276336 0.031577876997657621 0.085601297525128892 -0.015025989671118421 0.068342176982463476
leaf_weight=430.06644686497748 207.79384195245802 364.74648070335388 86.125462813302875 90.395298544317484 23.154073163866997 40.814199558459222 25.961391940712932 14.598240407183768 15.219819670543073 4.4644399248063555 38.517328194342554 24.279134176671505 3.1406098986044517 5.7485090997070065
leaf_count=56923 15767 16692 3006 1288 212 1105 223 180 94 32 917 423 292 81
internal_value=-0.000675975 0.0219408 0.0380668 0.0223648 0.0798013 0.0120727 0.0510831 0.12012 0.152917 0.198286 0.0510831 0.0937471 -0.0497835 0.0856013
internal_weight=1375.03 941.818 734.024 534.473 199.551 405.561 117.835 81.7157 34.2825 19.0627 128.913 47.4332 433.207 31.7099
internal_count=97235 40020 24253 20002 4251 17797 3310 941 306 212 2205 635 57215 304
is_linear=0
shrinkage=0.05


Tree=20
num_leaves=13
num_cat=0
split_feature=2 16 0 8 3 10 11 14 14 0 16 12
split_gain=562.918 295.585 190.21 85.2074 35.4269 17.8077 10.972 6.99273 6.16201 1.26596 1.11177 0.54269
threshold=1.0000000180025095e-35 0.077677224736048281 0.13867108535254161 1.0000000180025095e-35 1.0000000180025095e-35 357.17233208902167 3.5000000000000004 6.5000000000000009 2.5000000000000004 -0.52232814697533891 0.15203632361034677 1.5000000000000002
decision_type=2 2 2 2 2 2 2 2 2 2 2 2
left_child=10 2 8 4 7 9 -7 -4 -2 -3 -1 -11
right_child=1 5 3 -5 -6 6 -8 -9 -10 11 -12 -13
leaf_value=-0.050075888074207688 0.006560318024902723 0.059130451714817213 0.015559621968114258 0.039053440790357073 0.024558925911325791 0.039053440790357073 0.059130451714817213 0.006560318024902723 -0.015002078406916025 0.090674756354762409 -0.015002078406916025 0.075719152900341077
leaf_weight=410.79189703473821 9.7181983701884729 6.2367723435163489 32.698813538067043 106.72103506326675 29.59397198073566 16.557932436466217 15.781209379434584 252.0075716804713 317.42203526385128 48.075059190392494 0.28934136033058067 119.60067734867334
leaf_count=57062 230 29 1089 2540 737 96 67 10826 23553 207 5 553
internal_value=-0.00111366 0.0199553 0.00531041 0.0281227 0.0100644 0.0727965 0.0390534 0.00656032 -0.0150021 0.0792075 -0.0499594 0.0805193
internal_weight=1365.49 954.413 748.162 421.021 314.3 206.252 32.3391 284.706 327.14 173.913 411.081 167.676
internal_count=96994 39927 38975 15192 12652 952 163 11915 23783 789 57067 760
is_linear=0
shrinkage=0.05


Tree=21
num_leaves=17
num_cat=0
split_feature=2 0 14 16 10 3 12 17 10 14 14 12 12 1 9 14
split_gain=530.71 274.17 177.644 197.561 60.0632 53.135 45.6777 20.5903 13.1861 23.2116 8.00487 5.81568 4.84805 4.77732 2.24283 1.98217
threshold=1.0000000180025095e-35 -0.38836647853597767 2.5000000000000004 0.03109959700633276 365.40315149565896 1.0000000180025095e-35 15.500000000000002 1.0000000180025095e-35 351.62011385585834 17.500000000000004 1.5000000000000002 7.5000000000000009 1.0000000180025095e-35 0.63785969432658229 34.500000000000007 1.5000000000000002
decision_type=2 2 2 2 2 2 2 2 2 2 2 2 2 2 2 2
left_child=-1 -2 4 5 7 13 8 10 11 -10 -3 12 -5 -4 -14 -6
right_child=1 2 3 6 15 -7 -8 -9 9 -11 -12 -13 14 -15 -16 -17
leaf_value=-0.049791670665198066 -0.01529796053977624 0.27205216754932432 0.0092876125163041615 0.062225681203443677 0.047474220815398226 0.034646033388618526 0.034646033388618526 0.10256325938591071 0.034646033388618526 0.062225681203443677 0.14743227810935755 0.062225681203443677 0.087322530866008066 0.021966822952461343 0.063012730442896625 0.0092876125163041615
leaf_weight=392.96298018936068 200.68281846866012 8.2877778038382584 304.48423241171986 29.610631857067347 2.4583127684891215 33.973582308739424 20.021894235163927 5.3446823805570594 44.001555718481541 37.602719007991254 7.3252202458679667 26.102530751377344 119.86576085910201 84.958235608413815 24.767605910077691 3.0011039227247238
leaf_count=57288 15666 124 17756 189 51 1206 440 34 418 433 94 218 613 2477 126 75
internal_value=-0.000975264 0.0191957 0.0338732 0.0291065 0.158926 0.00928761 0.0600045 0.195839 0.0677576 0.0495676 0.225978 0.0748837 0.0792302 0.00928761 0.0836209 0.00928761
internal_weight=1345.45 952.489 751.806 725.389 26.4171 423.416 301.973 20.9577 281.951 81.6043 15.613 200.347 174.244 389.442 144.633 5.45942
internal_count=97208 39920 24254 23876 378 21439 2437 252 1997 851 218 1146 928 20233 739 126
is_linear=0
shrinkage=0.05


Tree=22
num_leaves=19
num_cat=0
split_feature=16 1 0 8 13 13 7 10 14 0 14 21 14 15 7 16 5 5
split_gain=415.623 201.647 78.2295 34.865 33.3905 31.4135 19.559 18.655 10.3186 10.0049 7.20871 5.64541 2.2896 2.2749 1.52361 1.0092 0.499551 0.117791
threshold=0.077677224736048281 0.54901866278369138 -0.20125956758308861 1.0000000180025095e-35 0.77453634655888892 0.23288258667979467 1.0000000180025095e-35 236.75309109913044 5.5000000000000009 -0.71550227415766998 19.500000000000004 1.0000000180025095e-35 1.5000000000000002 1.5000000000000002 1.0000000180025095e-35 0.027722880983750552 7.1829590212402099 2.2401143115140454
decision_type=2 2 2 2 2 2 2 2 2 2 2 2 2 2 2 2 2 2
left_child=1 2 9 8 6 7 11 -2 -3 -1 16 12 -4 -7 -10 -14 17 -11
right_child=5 3 4 -5 -6 13 -8 -9 14 10 -12 -13 15 -15 -16 -17 -18 -19
leaf_value=-0.04963742829993914 0.049457881558797372 0.012121560974158868 -0.022142288371260723 0.024294780653460014 -5.1658705142276776e-05 0.049457881558797372 -0.0094001107347723156 0.024294780653460014 -5.1658705142276776e-05 -0.027100743362153748 -0.041137415986842701 -0.017183833380367698 -0.027100743362153748 0.075478146799680138 0.012121560974158868 -0.022142288371260723 -0.027100743362153748 -0.040336411440076159
leaf_weight=202.68313936842605 20.743952104821801 13.886271925177423 4.2537422114983192 61.173714216332883 73.554967210162431 16.24700410105288 95.785506873391569 25.918136276304722 103.00113289058208 0.46707702241838234 71.456776482053101 4.9431173652410498 317.55148655222729 145.22900101169944 34.566980069503188 42.41086638905108 69.149511425290257 27.853845768608153
leaf_count=23481 115 504 80 1876 3073 82 6831 240 7415 38 8201 22 31330 701 1684 1169 7428 2956
internal_value=-0.00204444 -0.014088 -0.0243981 0.0242948 -0.0121836 0.0626775 -0.0187486 0.0258085 -5.16587e-05 -0.0420179 -0.0326374 -0.0249676 -0.0271007 0.0731072 -5.16587e-05 -0.0271007 -0.0271007 -0.0388183
internal_weight=1330.88 1122.74 910.11 212.628 538.5 208.138 464.945 46.6621 151.454 371.61 168.927 369.159 364.216 161.476 137.568 359.962 97.4704 28.3209
internal_count=97226 96088 84609 11479 42505 1138 39432 355 9603 42104 18623 32601 32579 783 9099 32499 10422 2994
is_linear=0
shrinkage=0.05


Tree=23
num_leaves=12
num_cat=0
split_feature=2 0 3 13 1 12 0 12 8 8 9
split_gain=475.567 227.702 156.204 145.937 56.5925 35.4947 34.8864 16.3703 11.0584 9.84611 2.26745
threshold=1.0000000180025095e-35 -0.4494327510946079 1.0000000180025095e-35 0.81250775731726599 0.54901866278369138 10.500000000000002 0.40875802513322007 2.5000000000000004 1.0000000180025095e-35 1.0000000180025095e-35 27.500000000000004
decision_type=2 2 2 2 2 2 2 2 2 2 2
left_child=-1 -2 3 4 -3 -5 -4 8 10 -6 -8
right_child=1 2 6 5 9 -7 7 -9 -10 -11 -12
leaf_value=-0.049980632124573071 -0.016347875056232957 0.0068078570260450225 0.055168607664089042 0.055168607664089042 0.019123778294678002 0.031439699563310983 0.11627610994226423 0.081346928514180294 0.16540166416893456 0.031439699563310983 0.081346928514180294
leaf_weight=363.74563958495855 178.60279161948711 365.87707992456853 23.642955400049686 128.1431631827727 91.140658974647522 33.58590279892087 18.775298915803436 28.895856579765677 16.066976794973016 44.95755491219461 9.1212137993425113
leaf_count=57140 14846 17816 750 1676 2517 866 357 203 167 638 168
internal_value=-0.00152331 0.0172849 0.0299636 0.0212453 0.00771079 0.0551686 0.089092 0.107525 0.12807 0.0314397 0.10159
internal_weight=1302.56 938.809 760.207 663.704 501.975 161.729 96.5023 72.8593 43.9635 136.098 27.8965
internal_count=97144 40004 25158 23513 20971 2542 1645 895 692 3155 525
is_linear=0
shrinkage=0.05


Tree=24
num_leaves=18
num_cat=0
split_feature=16 1 0 11 8 13 7 10 7 16 9 22 0 0 16 13 0
split_gain=355.493 186.383 73.7447 42.242 36.7442 33.778 19.5813 15.6913 9.74324 6.13705 3.23202 2.85565 2.11657 1.84977 1.02304 2.30777 0.753799
threshold=0.072299651567944254 0.50548885658549825 -0.57572895710858785 1.0000000180025095e-35 1.0000000180025095e-35 0.77751404494382037 1.0000000180025095e-35 236.75309109913044 1.0000000180025095e-35 0.027722880983750552 28.500000000000004 1.0000000180025095e-35 -0.26986618893664871 -0.70282441671369122 0.091750841750841763 0.87350846363682033 1.5772676958670611
decision_type=2 2 2 2 2 2 2 2 2 2 2 2 2 2 2 2 2
left_child=1 2 13 7 8 6 9 -2 -3 10 11 12 -4 -1 15 -5 -12
right_child=3 4 5 14 -6 -7 -8 -9 -10 -11 16 -13 -14 -15 -16 -17 -18
leaf_value=-0.050020730794830853 0.047126799388204327 -6.7110071511143618e-05 -0.031130717425259698 0.047126799388204327 0.023062073002247354 -6.7110071511143618e-05 -0.0099582382650555898 0.023062073002247354 0.011497481465368104 -0.017634357271373365 -0.031130717425259698 -0.031130717425259698 -0.022778109994360932 -0.034645119599238855 0.073751421074868734 0.064416802071643492 -0.022778109994360932
leaf_weight=189.05896234652027 18.891588160768151 124.44674127176404 38.234430580865592 9.1235160026699322 64.897967174649239 83.508648464456201 111.01012484310195 32.246325818821788 39.118368197232485 44.727559270337224 130.93422189867124 21.101024232804775 189.23913472611457 33.516293687280267 134.5680470764637 15.838532235473393 9.3672029906883818
leaf_count=23792 109 8613 4769 58 2042 3919 8859 328 1919 1339 16094 1531 18034 4170 664 75 979
internal_value=-0.000758831 -0.0123692 -0.0231963 0.0584933 0.0230621 -0.0143907 -0.0198494 0.0230621 -6.71101e-05 -0.0253105 -0.0279219 -0.0238958 -0.0227781 -0.0478707 0.0711915 0.0550822 -0.0311307
internal_weight=1289.83 1079.16 850.698 210.668 228.463 628.122 544.614 51.1379 163.565 433.604 388.876 248.575 227.474 222.575 159.53 24.962 140.301
internal_count=97294 96060 83486 1234 12574 55524 51605 437 10532 42746 41407 24334 22803 27962 797 133 17073
is_linear=0
shrinkage=0.05


Tree=25
num_leaves=20
num_cat=0
split_feature=16 1 11 0 14 16 3 14 8 7 14 0 21 14 0 13 9 16 16
split_gain=345.352 145.192 65.7643 60.2986 27.4513 23.5812 21.0049 13.2865 12.4534 11.0372 9.49193 5.16075 4.85092 3.35024 2.18619 2.12704 1.13587 0.58721 0.04726
threshold=0.039938650306748473 0.54901866278369138 1.0000000180025095e-35 -0.26986618893664871 7.5000000000000009 0.087337909992372245 1.0000000180025095e-35 24.500000000000004 1.0000000180025095e-35 1.0000000180025095e-35 5.5000000000000009 -0.69051970220388947 1.0000000180025095e-35 8.5000000000000018 -0.18174383287280854 0.83887301587301599 13.500000000000002 0.028513356562137052 0.036710205774114969
decision_type=2 2 2 2 2 2 2 2 2 2 2 2 2 2 2 2 2 2 2
left_child=1 3 9 11 -5 7 12 -4 10 -2 -3 -1 15 -13 -11 17 -15 -6 -18
right_child=2 8 5 4 6 -7 -8 -9 -10 14 -12 13 -14 16 -16 -17 18 -19 -20
leaf_value=-0.049581881817329546 0.013619002013057963 0.003671593192131273 0.054084621549876283 -0.0062758156287954173 -0.029499387324573023 0.071471569445111668 -0.0062758156287954173 0.036697673654640883 0.013619002013057963 0.025158337833849423 -0.0062758156287954173 -0.029499387324573023 -0.016763726853075953 -0.029499387324573023 0.036697673654640883 -0.02280374034848049 -0.042324936073664512 -0.02615156383652676 -0.029499387324573023
leaf_weight=176.52390863653272 79.787875180132687 14.052096354309468 45.325296002440155 68.486697691027075 313.26385993510485 142.84217884764075 44.783936836756766 24.18644726742059 51.030148322694004 5.4548715511336949 118.44159919442609 17.275775694753975 2.9557514041662207 13.511012806557117 26.315508525818586 28.107022281270474 84.381589046213776 12.017455161549149 0.48713290505111118
leaf_count=23971 1452 505 412 4066 33256 720 4261 295 1757 97 8768 1604 14 1542 313 1708 11806 618 32
internal_value=-0.000984467 -0.0162542 0.0434922 -0.0261706 -0.0150228 0.0597763 -0.0224097 0.0366977 0.013619 0.013619 -0.00627582 -0.043976 -0.0272516 -0.035068 0.0366977 -0.0288438 -0.0408763 -0.0294994 -0.0423249
internal_weight=1269.23 945.318 323.912 761.794 469.615 212.354 401.128 69.5117 183.524 111.558 132.494 292.179 356.344 115.656 31.7704 353.388 98.3797 325.281 84.8687
internal_count=97197 93908 3289 82878 43923 1427 39857 707 11030 1862 9273 38955 35596 14984 410 35582 13380 33874 11838
is_linear=0
shrinkage=0.05


Tree=26
num_leaves=18
num_cat=0
split_feature=2 0 14 7 16 21 10 0 12 1 5 17 12 14 1 15 4
split_gain=439.428 200.623 153.84 136.697 131.778 55.2177 49.9901 23.1029 21.6416 24.4644 17.0976 7.21916 6.53321 2.98252 2.79603 1.04853 0.0673068
threshold=1.0000000180025095e-35 -0.33776021202191248 3.5000000000000004 1.5000000000000002 0.10102040816326532 1.0000000180025095e-35 365.40315149565896 1.9372842641304173 3.5000000000000004 0.30206347119452226 6.9910998712849777 1.0000000180025095e-35 1.0000000180025095e-35 2.5000000000000004 0.47911582534771763 8.5000000000000018 0.73896820246593131
decision_type=2 2 2 2 2 2 2 2 2 2 2 2 2 2 2 2 2
left_child=15 -2 6 4 5 7 10 -4 9 16 -3 13 14 -12 -8 -1 -5
right_child=1 2 3 8 -6 -7 12 -9 -10 -11 11 -13 -14 -15 -16 -17 -18
leaf_value=-0.050072424817371654 -0.016323553059149905 0.084865871469721008 0.0066272557749609499 0.06629042644988653 0.06629042644988653 0.037061535090837171 0.0066272557749609499 0.021844395432899059 0.06629042644988653 0.1787907256471335 0.21145052763086802 0.096936927936704886 0.084865871469721008 0.11904550130218375 0.05584130255003962 -0.016323553059149905 0.090544039173698021
leaf_weight=330.02303818194196 186.16825887933373 7.5030196979641905 451.08737951330841 2.9089331338182109 110.28391056507826 24.078503668308258 6.3787312060594541 60.181667638011277 12.44383831322193 15.969281746074556 12.73209092020989 6.5833805426955214 1.7888207416981448 6.4134088009595862 2.1384888701140881 0.2872158344835033 6.8272933280095458
leaf_count=57095 16479 84 20054 104 562 108 190 1460 122 218 161 30 35 97 37 7 196
internal_value=-0.000593108 0.0172812 0.0295781 0.0236744 0.0181426 0.00783264 0.119684 0.00662726 0.114438 0.141049 0.148805 0.169154 0.0209263 0.187942 0.00662726 -0.0499284 0.0682594
internal_weight=1243.8 913.487 727.319 683.781 645.631 535.348 43.5379 511.269 38.1493 25.7055 33.2319 25.7289 10.306 19.1455 8.51722 330.31 9.73623
internal_count=97039 39937 23458 22824 22184 21622 634 21514 640 518 372 288 262 258 227 57102 300
is_linear=0
shrinkage=0.05


Tree=27
num_leaves=17
num_cat=0
split_feature=2 3 1 11 14 0 8 14 15 1 5 12 0 6 8 11
split_gain=413.57 197.744 155.407 73.9669 58.0535 37.6135 27.5442 22.0809 14.2077 9.51266 5.62642 4.59463 4.1703 3.21959 1.61678 1.40081
threshold=1.0000000180025095e-35 1.0000000180025095e-35 0.54901866278369138 1.0000000180025095e-35 32.500000000000007 0.49482716809158833 1.0000000180025095e-35 9.5000000000000018 1.0000000180025095e-35 0.96769636680960047 7.5258008835461299 4.5000000000000009 -0.4494327510946079 7.5490323456368662 1.0000000180025095e-35 2.5000000000000004
decision_type=2 2 2 2 2 2 2 2 2 2 2 2 2 2 2 2
left_child=15 2 3 8 -5 14 9 10 -2 -4 -7 13 -10 -9 -3 -1
right_child=1 5 6 4 -6 7 -8 11 12 -11 -12 -13 -14 -15 -16 -17
leaf_value=-0.049886540731024602 -0.016455469314647336 0.044703490614016107 0.020431051895521579 0.020431051895521579 0.00055401606768034077 0.083069899624335738 0.044703490614016107 0.073571901352090879 -0.0079507266234834974 0.032567271254768847 0.17879998773941339 0.073571901352090879 0.00055401606768034077 0.10670469071574525 0.073571901352090879 -0.016455469314647336
leaf_weight=312.79287933232263 302.53441329486668 26.333123815245926 57.781985208392143 124.27285807207227 120.67955861240625 5.0538068208843496 74.669808769598603 5.4471311848610631 19.506137699820101 61.570396183058619 10.951775925233958 16.006445039063692 57.027774468064308 32.228847378864884 8.6188413519412261 2.2899876120500258
leaf_count=56861 22917 1019 1529 3583 6071 61 810 101 1110 1307 124 138 864 400 199 280
internal_value=-0.000218831 0.0166746 0.00835028 -0.00384139 0.0175635 0.0810567 0.0447035 0.10244 -0.0164555 0.0204311 0.155235 0.0841483 0.000554016 0.0979667 0.0447035 -0.0495856
internal_weight=1237.77 922.683 818.043 624.021 244.952 104.64 194.022 69.688 379.068 119.352 16.0056 53.6824 76.5339 37.676 34.952 315.083
internal_count=97374 40233 38191 34545 9654 2042 3646 824 24891 2836 185 639 1974 501 1218 57141
is_linear=0
shrinkage=0.05


Tree=28
num_leaves=15
num_cat=0
split_feature=2 0 13 14 7 14 16 14 11 5 14 9 5 11
split_gain=390.727 182.391 121.1 149.921 79.8608 25.9947 25.4932 14.0605 10.9681 7.02417 5.62319 4.76517 5.48677 0.185657
threshold=1.0000000180025095e-35 -0.4494327510946079 0.83157354080262491 9.5000000000000018 1.0000000180025095e-35 29.500000000000004 0.02697505197505198 5.5000000000000009 1.0000000180025095e-35 8.1317869045226381 42.500000000000007 25.500000000000004 9.2183881920843636 2.5000000000000004
decision_type=2 2 2 2 2 2 2 2 2 2 2 2 2 2
left_child=13 -2 4 7 6 8 -3 -4 -5 -10 -6 12 -11 -1
right_child=1 2 3 5 10 -7 -8 -9 9 11 -12 -13 -14 -15
leaf_value=-0.049840534015919535 -0.016878687673609987 0.0048817386908555846 0.18772150024502851 0.0386028627320106 0.0386028627320106 0.0386028627320106 0.021742300711433092 0.10886491901043714 0.05771073020471882 0.12579366546935619 0.021742300711433092 0.05771073020471882 0.058168300199092283 -0.019358583065284457
leaf_weight=297.62471557408571 158.02307855244726 307.751295899041 18.003061419352889 6.509374081157147 147.84568463172764 78.235091147013009 112.31317450851202 17.30231168307364 32.690866493619978 15.62190240528435 12.455468204803763 8.9550651619210822 7.1017260253429404 2.1809766325168303
leaf_count=56896 14803 16150 144 225 4655 1471 1273 146 336 151 414 106 60 287
internal_value=-0.000189732 0.0159265 0.0266422 0.0618331 0.0153726 0.0393387 0.00488174 0.153139 0.0690327 0.0768186 0.0386029 0.0947194 0.108002 -0.0496839
internal_weight=1222.61 922.808 764.785 184.419 580.366 149.114 420.064 35.3054 70.8789 64.3696 160.301 31.6787 22.7236 299.806
internal_count=97117 39934 25131 2639 22492 2349 17423 290 878 653 5069 317 211 57183
is_linear=0
shrinkage=0.05


Tree=29
num_leaves=16
num_cat=0
split_feature=2 0 14 7 3 11 14 1 0 7 1 4 10 15 6
split_gain=361.335 166.94 106.161 101.769 83.1978 59.5008 43.5418 21.5669 9.82305 6.7781 6.05853 1.98823 1.57444 0.987564 0.823336
threshold=1.0000000180025095e-35 -0.38836647853597767 1.5000000000000002 1.5000000000000002 1.0000000180025095e-35 1.0000000180025095e-35 32.500000000000007 0.4329797715955907 0.49482716809158833 2.5000000000000004 0.61808954601985977 0.78393734643734658 293.91319048798317 8.5000000000000018 13.923187004988089
decision_type=2 2 2 2 2 2 2 2 2 2 2 2 2 2 2
left_child=13 -2 12 4 5 10 -7 11 -6 -9 -4 -5 -3 -1 -13
right_child=1 2 3 7 8 6 -8 9 -10 -11 -12 14 -14 -15 -16
leaf_value=-0.049625048862188062 -0.017265815545988706 0.15193580706433313 0.0040791405492328269 0.056737755980011739 0.03383004739301481 0.03383004739301481 0.017448874488108872 0.10226077562369956 0.056737755980011739 0.1847263828627701 0.017448874488108872 0.069846986197498767 0.072291763649327906 -0.017265815545988706 0.092545278646031431
leaf_weight=284.35065186256543 167.24114954192191 14.832020517438652 267.83466495387256 8.609132684767248 25.62084673717618 144.93440137337893 101.74083881825209 17.894590146839622 59.716995552182198 5.4683725982904425 89.218287279829383 6.1319003384560329 3.6443133167922488 0.30146735720336337 5.1209038058295846
leaf_count=56973 15660 131 14086 228 755 2908 2628 191 741 43 2146 131 63 8 108
internal_value=-0.000340966 0.0149262 0.0254241 0.0223265 0.0175792 0.0109223 0.0308186 0.0958963 0.0567378 0.128353 0.00407914 0.0567378 0.140745 -0.0494579 0.0829562
internal_weight=1202.66 918.008 750.767 732.291 689.066 603.728 246.675 43.2249 85.3378 23.363 357.053 19.8619 18.4763 284.652 11.2528
internal_count=96800 39819 24159 23965 23264 21768 5536 701 1496 234 16232 467 194 56981 239
is_linear=0
shrinkage=0.05


Tree=30
num_leaves=14
num_cat=0
split_feature=16 0 8 14 21 11 0 14 10 16 7 14 0
split_gain=253.065 129.459 104.52 32.2078 29.4187 25.7335 21.8483 10.4529 8.22602 6.36599 6.18288 0.830483 0.658327
threshold=0.087337909992372245 -0.048818248067720706 1.0000000180025095e-35 5.5000000000000009 1.0000000180025095e-35 1.0000000180025095e-35 -0.62080307177276917 11.500000000000002 218.70619888277659 0.034423509894537276 1.5000000000000002 5.5000000000000009 -0.71550227415766998
decision_type=2 2 2 2 2 2 2 2 2 2 2 2 2
left_child=1 6 3 -3 10 8 12 -8 -2 -9 -5 -7 -1
right_child=5 2 -4 4 -6 11 7 9 -10 -11 -12 -13 -14
leaf_value=-0.048969045302492971 0.045020410810931791 0.0067275110020669372 0.02315128254586599 -0.016244906551793073 0.0067275110020669372 0.045020410810931791 -0.016244906551793073 -0.034968042423841342 0.02315128254586599 -0.016244906551793073 -0.0047586977748630688 0.068339419846594793 -0.034968042423841342
leaf_weight=153.66193267330527 13.365024492144583 46.747078448068351 165.36416964512318 440.69546867767349 13.226079344749449 8.0623196847736818 52.079739842563868 112.51447167433798 19.345535781234503 15.945529730990527 13.617763750720767 120.477937720716 20.809950749855489
leaf_count=23409 73 1777 8404 36992 58 41 4951 16433 162 402 661 672 3000
internal_value=-0.00133261 -0.0104277 0.00236328 -0.00969626 -0.0149197 0.0567302 -0.0348531 -0.0224607 0.0231513 -0.0323096 -0.0162449 0.0668895 -0.0474753
internal_weight=1195.91 1034.66 679.651 514.286 467.539 161.251 355.012 180.54 32.7106 128.46 454.313 128.54 174.472
internal_count=97035 96087 47892 39488 37711 948 48195 21786 235 16835 37653 713 26409
is_linear=0
shrinkage=0.05


Tree=31
num_leaves=15
num_cat=0
split_feature=2 0 3 13 1 14 0 12 8 8 6 14 18 7
split_gain=334.89 152.363 105.766 101.442 43.5486 28.2343 21.831 9.68888 6.66415 4.53195 1.38083 1.0428 0.118343 0.0717981
threshold=1.0000000180025095e-35 -0.43980300081039381 1.0000000180025095e-35 0.83157354080262491 0.61808954601985977 31.500000000000004 0.49482716809158833 3.5000000000000004 1.0000000180025095e-35 1.0000000180025095e-35 6.4734465575066391 1.5000000000000002 1.0000000180025095e-35 1.0000000180025095e-35
decision_type=2 2 2 2 2 2 2 2 2 2 2 2 2 2
left_child=12 -2 3 4 11 -5 -4 9 13 10 -8 -3 -1 -6
right_child=1 2 6 5 8 -7 7 -9 -10 -11 -12 -13 -14 -15
leaf_value=-0.049744504851170955 -0.017742665449174973 0.013931052107039477 0.044334666739213498 0.044334666739213498 0.013931052107039477 0.024944668462479551 0.065968509730139194 0.065968509730139194 0.024944668462479551 0.1244407591171918 0.090225771163921303 0.0029174357515994054 -0.021315733060540784 0.019437860284759512
leaf_weight=263.68029749509878 148.49191182805225 9.2149799522012454 26.823946537449956 89.657894091680646 58.21443597599864 63.145103143528104 3.2533030118793276 19.899904014542699 46.26256612688303 18.987750787287951 27.610266553238034 374.06645162496716 2.4385272844228885 27.060865443199873
leaf_count=56680 14907 117 804 1040 1588 1305 60 172 561 168 421 18164 525 565
internal_value=-0.000318225 0.0140794 0.0235775 0.0164427 0.00555467 0.0443347 0.0722267 0.0876024 0.0249447 0.100798 0.0828036 0.00291744 -0.0495648 0.0139311
internal_weight=1178.81 912.689 764.197 667.622 514.819 152.803 96.5752 69.7512 131.538 49.8513 30.8636 383.281 266.119 85.2753
internal_count=97077 39872 24965 23340 20995 2345 1625 821 2714 649 481 18281 57205 2153
is_linear=0
shrinkage=0.05


Tree=32
num_leaves=12
num_cat=0
split_feature=2 0 21 16 8 14 1 11 12 16 16
split_gain=305.534 138.18 108.147 98.6177 78.229 17.5013 9.04484 4.36947 2.4356 1.50138 0.980909
threshold=1.0000000180025095e-35 -0.38836647853597767 1.0000000180025095e-35 0.084219858156028379 1.0000000180025095e-35 5.5000000000000009 0.38339378690081444 1.0000000180025095e-35 1.5000000000000002 0.12347560975609757 0.15978723404255321
decision_type=2 2 2 2 2 2 2 2 2 2 2
left_child=10 -2 3 4 5 -3 -6 9 -4 -5 -1
right_child=1 2 8 7 6 -7 -8 -9 -10 -11 -12
leaf_value=-0.049711378377526157 -0.018586457006481462 0.016020105891588393 0.10235973301309775 0.030576593403143743 0.016020105891588393 0.0014636183800330411 0.030576593403143743 0.053542528392808986 0.069203866988890722 0.04205956089797637 -0.018586457006481462
leaf_weight=253.60594634735025 157.30811186181381 46.012753700837493 31.053485691547394 11.743803918361666 70.597207311540842 398.03178921062499 68.387360758148134 102.33944492042065 20.54992239177227 12.796462118625639 0.18432195484638114
leaf_count=57125 15723 1262 141 53 2865 18168 995 569 131 56 2
internal_value=-0.00107192 0.0123502 0.0215137 0.0163623 0.00761066 0.00146362 0.0305766 0.0535425 0.0907227 0.0305766 -0.0495232
internal_weight=1172.61 918.82 761.512 709.909 583.029 444.045 138.985 126.88 51.6034 24.5403 253.79
internal_count=97090 39963 24240 23968 23290 19430 3860 678 272 109 57127
is_linear=0
shrinkage=0.05


Tree=33
num_leaves=20
num_cat=0
split_feature=2 1 8 13 6 15 14 14 14 14 12 7 7 4 10 4 11 20 14
split_gain=297.226 114.177 89.7471 72.5645 29.0176 25.8872 13.8457 13.3681 12.5665 11.7768 10.1706 9.40238 7.9215 3.49128 2.75354 2.19773 1.50224 0.855256 0.320723
threshold=1.0000000180025095e-35 0.54901866278369138 1.0000000180025095e-35 0.83157354080262491 12.405569839668368 1.0000000180025095e-35 31.500000000000004 5.5000000000000009 50.500000000000007 1.5000000000000002 3.5000000000000004 1.5000000000000002 1.0000000180025095e-35 0.79187293729372954 367.73134028412625 0.70561974789915971 2.5000000000000004 1.0000000180025095e-35 7.5000000000000009
decision_type=2 2 2 2 2 2 2 2 2 2 2 2 2 2 2 2 2 2 2
left_child=16 3 7 5 18 9 -5 14 -7 -2 11 13 17 -6 -3 -14 -1 -11 -4
right_child=1 2 4 6 10 8 -8 -9 -10 12 -12 -13 15 -15 -16 -17 -18 -19 -20
leaf_value=-0.04965636768400794 -0.0024786700411528906 0.052935564465265032 0.078636954567728456 0.023174939581422437 0.079379415663847139 0.0084900224663565869 0.0084900224663565869 0.023174939581422437 -0.0024786700411528906 -0.018155331560693062 0.078636954567728456 0.17871811150181377 -0.010317000800922977 0.12259467776255557 0.023174939581422437 -0.0024786700411528906 -0.018155331560693062 -0.010317000800922977 0.052935564465265032
leaf_weight=239.87547006737441 11.315784908831118 11.333490144461392 7.3132686577737358 74.404620048590004 20.050676785409451 122.18841108772904 71.792597324587405 122.39339531585574 43.066820849664509 272.17233125120401 12.294025622308252 6.6696174368262282 16.922209318727255 18.777187177911401 4.5887962188571683 66.18665240239352 1.9097514208406199 10.513645844068376 24.214658861979842
leaf_count=56992 166 106 73 1050 195 1772 3123 2803 2338 21301 100 48 1159 185 103 4485 289 579 299
internal_value=-6.94653e-05 0.0129523 0.0435672 0.00278264 0.0826962 -0.00619489 0.0231749 0.0231749 0.00849002 -0.0134474 0.104338 0.117561 -0.0167723 0.102832 0.0529356 -0.00247867 -0.0492629 -0.0181553 0.0529356
internal_weight=1157.98 916.198 227.635 688.563 89.3194 542.366 146.197 138.316 165.255 377.111 57.7915 45.4975 365.795 38.8279 15.9223 83.1089 241.785 282.686 31.5279
internal_count=97166 39885 3912 35973 900 31800 4173 3012 4110 27690 528 428 27524 380 209 5644 57281 21880 372
is_linear=0
shrinkage=0.05


Tree=34
num_leaves=13
num_cat=0
split_feature=2 16 14 13 1 3 0 5 10 14 16 9
split_gain=274.926 145.282 130.983 98.4043 53.2094 25.8667 10.5995 7.20268 4.07424 7.43626 0.955576 0.765676
threshold=1.0000000180025095e-35 0.091750841750841763 35.500000000000007 0.7166792975115458 0.54901866278369138 1.0000000180025095e-35 -0.4494327510946079 6.858432694097508 327.08251016426567 20.500000000000004 0.15203632361034677 49.500000000000007
decision_type=2 2 2 2 2 2 2 2 2 2 2 2
left_child=10 2 3 4 5 6 -2 -8 -3 -10 -1 -9
right_child=1 8 -4 -5 -6 -7 7 11 9 -11 -12 -13
leaf_value=-0.049622832236456589 -0.018891844262106369 0.063774511884691923 -0.018891844262106369 0.031069438349374357 0.01704044473491893 0.0046562685593675747 -0.013349158540332376 -0.0047778177043168828 0.031069438349374357 0.051826222864756077 -0.018891844262106369 -0.013349158540332376
leaf_weight=229.93969933292829 67.909452873747796 107.21651246398687 146.33798231557012 99.328806940466166 142.687638906762 38.780762483365834 69.606032399460673 197.48985095042735 11.352544590830805 18.278750076889992 0.20645022206008334 12.573472863063214
leaf_count=57191 7478 629 10195 2083 2965 1185 4121 10385 59 101 3 689
internal_value=-0.000706837 0.0116314 0.0032118 0.0146198 0.00301145 -0.00772791 -0.0142119 -0.00780647 0.0589271 0.0398779 -0.0494151 -0.00477782
internal_weight=1141.71 911.562 774.714 628.376 529.047 386.36 347.579 279.669 136.848 29.6313 230.146 210.063
internal_count=97084 39890 39101 28906 26823 23858 22673 15195 789 160 57194 11074
is_linear=0
shrinkage=0.05


Tree=35
num_leaves=16
num_cat=0
split_feature=2 16 14 11 1 3 11 14 14 19 10 11 15 19 9
split_gain=260.812 118.205 137.248 101.099 37.4103 19.8192 12.2115 7.95426 8.47344 5.40059 4.23113 1.48588 1.20306 0.7598 0.148218
threshold=1.0000000180025095e-35 0.091750841750841763 31.500000000000004 1.0000000180025095e-35 0.49135702463691588 1.0000000180025095e-35 1.0000000180025095e-35 15.500000000000002 1.5000000000000002 1.0000000180025095e-35 225.54206421931414 2.5000000000000004 1.5000000000000002 1.0000000180025095e-35 49.500000000000007
decision_type=2 2 2 2 2 2 2 2 2 2 2 2 2 2 2
left_child=11 2 3 4 5 7 10 8 -2 14 -3 -1 -8 -6 -9
right_child=1 6 -4 -5 13 -7 12 9 -10 -11 -12 -13 -14 -15 -16
leaf_value=-0.04933369246672048 -0.0050741830702693775 0.046396188672443973 -0.018566505978718773 0.029804462202811063 0.015755885457954866 0.0038926971724526933 0.046396188672443973 -0.0050741830702693775 -0.018566505978718773 -0.018566505978718773 0.029804462202811063 -0.018566505978718773 0.065067222394679755 0.0038926971724526933 -0.018566505978718773
leaf_weight=216.82193021080457 7.572009762749075 12.599247753620149 159.59547030460089 156.2492637722753 127.47374400403351 31.651367718353868 7.7225099578499785 88.111850225832313 180.87104279175401 13.540982285514472 13.704909287393091 1.8551500965841103 98.37175527960062 9.1783897560089809 7.534952876623719
leaf_count=56881 126 58 11145 4100 2766 1057 43 6120 12022 1167 69 283 615 287 536
internal_value=2.37856e-05 0.0117674 0.0043388 0.0162208 0.00170731 -0.00797049 0.0552701 -0.0140411 -0.0185665 -0.00507418 0.0298045 -0.0489004 0.0629879 0.0157559 -0.00507418
internal_weight=1132.85 914.177 781.779 622.184 465.934 329.282 132.398 297.631 188.443 109.188 26.3042 218.677 106.094 136.652 95.6468
internal_count=97275 40111 39326 28181 24081 21028 785 19971 12148 7823 127 57164 658 3053 6656
is_linear=0
shrinkage=0.05


Tree=36
num_leaves=22
num_cat=0
split_feature=2 3 1 13 8 1 14 14 8 21 14 1 14 17 13 14 11 7 11 1 9
split_gain=246.789 123.967 94.7145 55.1936 25.8526 13.7468 9.99266 9.22582 8.00506 7.44422 6.87747 6.45707 4.24563 10.6624 3.77068 2.95802 5.42391 1.86724 1.46951 0.369823 0.368508
threshold=1.0000000180025095e-35 1.0000000180025095e-35 0.54901866278369138 0.83157354080262491 1.0000000180025095e-35 0.12282820678681895 3.5000000000000004 31.500000000000004 1.0000000180025095e-35 1.0000000180025095e-35 15.500000000000002 0.96769636680960047 33.500000000000007 1.0000000180025095e-35 0.79188748810462906 14.500000000000002 1.0000000180025095e-35 1.0000000180025095e-35 2.5000000000000004 0.14433360869933207 13.500000000000002
decision_type=2 2 2 2 2 2 2 2 2 2 2 2 2 2 2 2 2 2 2 2 2
left_child=18 2 3 6 11 14 -2 -5 17 12 -10 -4 13 15 -3 16 19 -7 -1 -8 -21
right_child=1 5 4 7 -6 8 9 -9 10 -11 -12 -13 -14 -15 -16 -17 -18 -19 -20 20 -22
leaf_value=-0.04927472255456844 -2.6695494802451983e-05 0.033212606402950019 0.013804542418327792 0.013804542418327792 0.033212606402950019 0.053407204254028451 -0.018725500622273922 -2.6695494802451983e-05 0.12521822889325773 -2.6695494802451983e-05 0.077049744076089166 0.023508574410638906 -0.018725500622273922 -0.018725500622273922 0.053407204254028451 -0.0087245754231898287 -0.0087245754231898287 0.076824028120846821 -0.018725500622273922 -0.0162252693225029 -0.013725038022731876
leaf_weight=206.77742653293535 25.411752142012119 21.933178679086272 63.216632703319192 59.600315981544554 79.517083391547203 31.528496741317213 84.899123187642545 61.069890708196908 13.392250691540541 4.3745262771844855 14.897502356208859 64.952524809166789 86.203684127889574 44.201917313504964 9.7624793676659447 140.7906097904779 28.065592892467976 14.807798635214565 1.8725827336311329 14.627802892122416 43.03491090843454
leaf_count=56946 622 811 1521 923 816 612 6158 2988 127 21 145 1306 7146 3578 122 8796 1176 210 299 789 2082
internal_value=7.20099e-05 0.0113697 0.00459423 -0.00560352 0.0332126 0.061831 -0.0138579 0.0138045 0.0736018 -0.0160902 0.0957682 0.0138045 -0.0174225 -0.0129936 0.0332126 -0.00872458 -0.015517 0.0583313 -0.0488207 -0.0187255 -0.013725
internal_weight=1114.94 906.288 799.966 592.28 207.686 106.322 471.61 120.67 74.626 446.198 28.2898 128.169 441.824 355.62 31.6957 311.418 170.627 46.3363 208.65 142.562 57.6627
internal_count=97194 39949 37922 34279 3643 2027 30368 3911 1094 29746 272 2827 29725 22579 933 19001 10205 822 57245 9029 2871
is_linear=0
shrinkage=0.05


Tree=37
num_leaves=14
num_cat=0
split_feature=2 0 21 14 7 10 8 1 11 12 11 11 12
split_gain=222.962 120.033 93.4732 72.0301 53.6847 48.0911 34.0876 12.6839 7.17539 15.5263 2.13699 1.4948 1.32448
threshold=1.0000000180025095e-35 -0.43980300081039381 1.0000000180025095e-35 5.5000000000000009 1.5000000000000002 397.92131650723792 1.0000000180025095e-35 0.54901866278369138 1.5000000000000002 7.5000000000000009 1.0000000180025095e-35 2.5000000000000004 1.5000000000000002
decision_type=2 2 2 2 2 2 2 2 2 2 2 2 2
left_child=11 -2 3 5 6 -3 8 10 -5 -10 -8 -1 -4
right_child=1 2 12 4 -6 -7 7 -9 9 -11 -12 -13 -14
leaf_value=-0.049474828941813098 -0.019851525650734086 0.04901380441626757 0.094654505654346827 -0.0011943575573453451 0.04901380441626757 -0.0011943575573453451 0.011612098285759161 0.026339340980401166 0.011612098285759161 0.004879602472269126 0.018975719633080163 -0.019851525650734086 0.064577509179120432
leaf_weight=197.43361273687333 139.01813867269084 53.731622779741883 29.542115740478039 328.01912900805473 32.434047332033515 24.971958771348 51.233066511340439 61.897614099085331 59.638551057316363 73.167546169832349 37.830324798822403 1.7078014821745444 17.436887018382549
leaf_count=56914 14948 825 139 15894 625 819 2281 689 753 2061 813 277 130
internal_value=-0.00121738 0.00929314 0.0174628 0.012958 0.00728354 0.0490138 0.00366488 0.0244186 -0.00119436 0.0109536 0.0116121 -0.0489962 0.0850697
internal_weight=1108.06 908.921 769.903 722.924 644.22 78.7036 611.786 150.961 460.825 132.806 89.0634 199.141 46.979
internal_count=97168 39977 25029 24760 23116 1644 22491 3783 18708 2814 3094 57191 269
is_linear=0
shrinkage=0.05


Tree=38
num_leaves=10
num_cat=0
split_feature=2 0 21 16 8 14 14 15 12
split_gain=223.879 115.175 84.2532 82.8187 63.4192 24.6435 7.36028 1.0468 0.96856
threshold=1.0000000180025095e-35 -0.62080307177276917 1.0000000180025095e-35 0.091750841750841763 1.0000000180025095e-35 5.5000000000000009 33.500000000000007 2.5000000000000004 1.5000000000000002
decision_type=2 2 2 2 2 2 2 2 2
left_child=7 -2 3 4 5 -3 -6 -1 -4
right_child=1 2 8 -5 6 -7 -8 -9 -10
leaf_value=-0.04912421100929569 -0.018809867578242639 0.013738361968415472 0.091854351377833598 0.048449600221151246 0.027793960158911248 -0.00031723622208030129 0.013738361968415472 -0.018809867578242639 0.063568486049638398
leaf_weight=186.38980190525763 105.67566793737933 51.606135535985231 29.050844050943851 109.90030697360635 140.05576581601053 434.2020573397167 18.170347723644227 2.6047059288248411 17.422658026218414
leaf_count=57044 12395 1411 136 658 3795 20868 651 94 134
internal_value=0.000698527 0.0110351 0.0181754 0.0140867 0.00713832 -0.000317236 0.027794 -0.0486549 0.0828125
internal_weight=1095.08 906.084 800.408 753.935 644.034 485.808 158.226 188.995 46.4735
internal_count=97186 40048 27653 27383 26725 22279 4446 57138 270
is_linear=0
shrinkage=0.05


Tree=39
num_leaves=18
num_cat=0
split_feature=2 0 13 14 3 14 10 7 10 9 12 12 5 1 14 11 4
split_gain=205.912 105.547 82.4484 119.904 49.229 26.8918 30.9475 20.2218 13.6102 6.18613 5.44257 3.74875 3.61418 3.50233 2.02025 1.51523 0.354876
threshold=1.0000000180025095e-35 -0.62080307177276917 0.79808541973490443 9.5000000000000018 1.0000000180025095e-35 27.500000000000004 355.18222700609039 1.0000000180025095e-35 365.40315149565896 29.500000000000004 2.5000000000000004 4.5000000000000009 7.0446999326374611 0.54901866278369138 1.5000000000000002 2.5000000000000004 0.76820431247790755
decision_type=2 2 2 2 2 2 2 2 2 2 2 2 2 2 2 2 2
left_child=15 -2 4 8 7 6 9 14 10 11 -4 12 -5 -9 -3 -1 -13
right_child=1 2 3 5 -6 -7 -8 13 -10 -11 -12 16 -14 -15 -16 -17 -18
leaf_value=-0.049378274179482817 -0.019614943364656259 0.0057699981249413309 0.14430330386481779 0.051720952414917858 0.025671617490547933 0.025671617490547933 0.025671617490547933 0.0057699981249413309 0.035608607764779671 0.051720952414917858 0.082969231225593076 0.051720952414917858 0.10840867404794241 0.013131532243028432 -0.0015915359931457707 -0.019614943364656259 0.074845427790670174
leaf_weight=178.22166159562767 104.35304772062227 9.1391885951161367 26.403719156980515 5.0258520161733058 72.289931593462825 87.34825589787215 17.18379863910377 90.621598299592733 5.2502228403463951 12.408429310657082 9.4209854770451766 6.0023974571377021 23.344344642013311 51.083320122212172 371.9630728457123 1.6733473103959102 6.1357684545218945
leaf_count=56658 12349 111 187 59 1487 2051 429 4176 81 133 70 54 219 812 17508 289 59
internal_value=-0.00017579 0.00961849 0.0164319 0.0442502 0.00709304 0.0256716 0.0566692 0.000591447 0.119357 0.0777703 0.13033 0.0880314 0.0993117 0.0131315 -0.00159154 -0.0488484 0.0561139
internal_weight=1077.87 897.974 793.621 198.524 595.097 157.449 70.1006 522.807 41.0749 52.9168 35.8247 40.5084 28.3702 141.705 381.102 179.895 12.1382
internal_count=96732 39785 27436 3342 24094 3004 953 22607 338 524 257 391 278 4988 17619 56947 113
is_linear=0
shrinkage=0.05


Tree=40
num_leaves=17
num_cat=0
split_feature=2 16 8 0 12 19 1 10 3 16 11 10 3 1 16 16
split_gain=195.896 99.6255 85.3499 35.5202 32.3785 26.4701 24.1929 12.6792 7.9591 7.02269 3.9666 3.56135 2.0664 1.70525 0.911017 0.674052
threshold=1.0000000180025095e-35 0.10102040816326532 1.0000000180025095e-35 -0.57572895710858785 7.5000000000000009 1.0000000180025095e-35 0.38339378690081444 365.40315149565896 1.0000000180025095e-35 0.028513356562137052 1.0000000180025095e-35 218.70619888277659 1.0000000180025095e-35 0.96769636680960047 0.15978723404255321 0.12660256410256412
decision_type=2 2 2 2 2 2 2 2 2 2 2 2 2 2 2 2
left_child=14 2 3 -2 5 7 12 -5 9 13 11 -3 -4 -9 -1 -12
right_child=1 10 6 4 -6 -7 -8 8 -10 -11 15 -13 -14 -15 -16 -17
leaf_value=-0.049615728204512259 -0.02025272864309385 0.044702049355547849 0.010564002846712488 0.010564002846712488 -0.010427904513947072 -0.010427904513947072 0.027948792407069351 -0.010427904513947072 0.0049586449742380009 -0.00057490148302458935 0.044702049355547849 0.027948792407069351 0.019256397626890923 -0.0055014029984858312 -0.02025272864309385 0.061454864403021031
leaf_weight=171.07845524372533 88.325918287504464 9.7428812384605425 93.094325596932322 153.57321479637176 67.91495049931109 33.702480959240347 92.087580227293074 156.34541217098013 27.6658685952425 43.145736914128065 19.345063302665949 11.429747097194193 12.887897619046269 27.836062939837575 0.16294640302657981 69.290550354868174
leaf_count=57064 11020 46 5145 5490 2166 2079 1093 10123 709 593 126 55 235 725 2 494
internal_value=-0.000450454 0.00882932 0.00264674 -0.00682079 -0.00060308 0.00672359 0.0279488 0.010564 -0.000646713 -0.00610845 0.0532508 0.0313232 0.010564 -0.0104279 -0.0493348 0.0580809
internal_weight=1077.63 906.388 796.579 598.51 510.184 442.269 198.07 408.566 254.993 227.327 109.808 21.1726 105.982 184.181 171.241 88.6356
internal_count=97165 40099 39378 32905 21885 19719 6473 17640 12150 11441 721 101 5380 10848 57066 620
is_linear=0
shrinkage=0.05


Tree=41
num_leaves=18
num_cat=0
split_feature=2 21 16 14 13 18 7 14 14 3 13 10 12 12 15 9 12
split_gain=176.703 107.192 97.0881 91.4463 77.9133 28.7187 17.8912 8.35204 12.3919 6.91151 4.29163 1.80163 4.09107 1.03526 0.965185 0.267982 0.0894688
threshold=1.0000000180025095e-35 1.0000000180025095e-35 0.095695970695970703 31.500000000000004 0.7166792975115458 1.0000000180025095e-35 1.0000000180025095e-35 16.500000000000004 1.5000000000000002 1.0000000180025095e-35 0.02535897435897436 357.17233208902167 3.5000000000000004 6.5000000000000009 2.5000000000000004 5.5000000000000009 1.5000000000000002
decision_type=2 2 2 2 2 2 2 2 2 2 2 2 2 2 2 2 2
left_child=14 2 3 4 5 6 7 8 -2 10 15 -4 -13 -9 -1 -10 -3
right_child=1 16 11 -5 -6 -7 -8 13 9 -11 -12 12 -14 -15 -16 -17 -18
leaf_value=-0.049237716327721837 0.00076322735075814096 0.088616607749189849 0.042644682910404727 -0.020523800332160315 0.01991605291025975 -0.020523800332160315 0.0079000126602412936 0.00076322735075814096 -0.015085519575406324 0.00076322735075814096 -0.0096472388186523324 0.01991605291025975 0.031435826127965631 -0.020523800332160315 -0.020523800332160315 -0.020523800332160315 0.063512447656987089
leaf_weight=160.86950231227092 8.7347599044442159 30.019733808934689 88.108151899650693 151.16483236756176 95.936422662809491 47.683097973931581 123.1587377814576 101.7742359614931 4.1056099911220363 18.816459224559367 28.450692724436522 8.3368844911456126 10.18843801319599 3.0919091012328854 2.7608113754540673 164.79538159444928 15.368961244821547
leaf_count=57007 115 143 578 10993 1855 3373 5180 5799 228 544 1356 41 52 102 105 9361 125
internal_value=-0.00106224 0.00764439 0.00362084 -0.00281258 0.00733904 -0.00411603 0.000844181 -0.00637356 -0.01216 -0.0170239 -0.0200577 0.0426447 0.020227 0.000763227 -0.048692 -0.0205238 0.0816685
internal_weight=1063.36 899.734 854.346 747.712 596.547 500.611 452.928 329.769 224.903 216.168 197.352 106.633 18.5253 104.866 163.63 168.901 45.3887
internal_count=96957 39845 39577 38906 27913 26058 22685 17505 11604 11489 10945 671 93 5901 57112 9589 268
is_linear=0
shrinkage=0.05


Tree=42
num_leaves=12
num_cat=0
split_feature=2 0 21 16 8 13 1 12 3 18 15
split_gain=176.594 98.6827 72.5169 67.0552 52.314 15.9574 13.7137 3.45517 1.50798 0.490925 0.095531
threshold=1.0000000180025095e-35 -0.54435011845456238 1.0000000180025095e-35 0.10102040816326532 1.0000000180025095e-35 0.83887301587301599 0.53384873447790138 6.5000000000000009 1.0000000180025095e-35 1.0000000180025095e-35 2.5000000000000004
decision_type=2 2 2 2 2 2 2 2 2 2 2
left_child=9 -2 3 4 5 8 -6 -7 -3 10 -1
right_child=1 2 -4 -5 6 7 -8 -9 -10 -11 -12
leaf_value=-0.049175941478319662 -0.019802669446940369 -0.0020262476317191593 0.078762504148857215 0.045407384566025291 0.01191373392400508 0.01191373392400508 0.025853715479729318 0.0049437431461429602 0.0049437431461429602 -0.019802669446940369 -0.020205087329204129
leaf_weight=151.90319986524992 112.55835096631199 366.79510052641854 42.173349000513554 90.702421529218554 93.943410355597734 47.329272053670138 71.480435334146023 28.938570475205779 39.743367541581392 1.3782685161568213 2.1799869872629634
leaf_count=56482 13520 18508 264 603 3530 1053 728 727 1136 513 98
internal_value=0.000415933 0.008986 0.0157502 0.0120523 0.00630005 -0.00202625 0.0258537 0.0119137 -0.00202625 -0.0485913 -0.048899
internal_weight=1049.13 893.664 781.106 738.933 648.23 482.806 165.424 76.2678 406.538 155.461 154.083
internal_count=97162 40069 26549 26285 25682 21424 4258 1780 19644 57093 56580
is_linear=0
shrinkage=0.05


Tree=43
num_leaves=17
num_cat=0
split_feature=2 7 13 14 0 8 1 3 6 15 1 12 12 14 15 14
split_gain=160.426 92.7572 78.1644 56.0784 46.6101 22.9727 16.1527 10.8347 8.3656 5.94812 4.44577 3.87302 1.60683 1.47339 1.18812 1.11387
threshold=1.0000000180025095e-35 1.5000000000000002 0.83157354080262491 29.500000000000004 -0.45945502379626635 1.0000000180025095e-35 0.30206347119452226 1.0000000180025095e-35 10.862326080096988 1.0000000180025095e-35 0.53384873447790138 3.5000000000000004 7.5000000000000009 4.5000000000000009 2.5000000000000004 7.5000000000000009
decision_type=2 2 2 2 2 2 2 2 2 2 2 2 2 2 2 2
left_child=14 2 4 -4 -2 7 15 9 -8 13 -7 -10 -11 -6 -1 -3
right_child=1 6 3 -5 5 10 8 -9 11 12 -12 -13 -14 -15 -16 -17
leaf_value=-0.049130567871593644 -0.020505219812965797 0.067696875832197204 0.038731524942228181 0.014444254370718616 -0.0052014298813548299 0.0052270789105806981 0.067696875832197204 0.0052270789105806981 0.13447811149473377 -0.0012653166761946927 0.014444254370718616 0.091876963096544945 -0.0052014298813548299 -0.0091375430865149668 -0.020505219812965797 0.038731524942228181
leaf_weight=146.17441992275417 100.10215315874666 3.0568560236133662 97.198533097282052 77.266874554101378 28.806322187185287 87.114289867226034 8.8390534874051827 45.538040857762098 16.056570384651426 79.611902229953557 58.026534669101238 4.8894342668354502 27.287188416346908 233.68626187648624 2.2146680895239106 15.794187489897011
leaf_count=57073 12352 76 1223 3246 712 3083 97 1063 166 1096 652 54 841 14474 100 574
internal_value=-0.000591956 0.00750487 0.00355139 0.0332147 -0.00432617 0.00223013 0.0739117 -0.0039901 0.0966622 -0.00775771 0.0144443 0.116057 -0.00126532 -0.00913754 -0.0485153 0.0387315
internal_weight=1031.66 883.274 834.638 174.465 660.173 560.071 48.6361 414.93 29.7851 369.392 145.141 20.946 106.899 262.493 148.389 18.851
internal_count=96882 39709 38742 4469 34273 21921 967 18186 317 17123 3735 220 1937 15186 57173 650
is_linear=0
shrinkage=0.05


Tree=44
num_leaves=17
num_cat=0
split_feature=2 3 16 1 0 0 5 9 5 5 0 4 5 5 11 9
split_gain=155.028 88.4034 70.9245 58.8042 24.2521 21.5523 8.90538 4.64827 4.38524 6.5759 4.16816 3.9895 1.7895 3.10578 1.56636 0.89441
threshold=1.0000000180025095e-35 1.0000000180025095e-35 0.077677224736048281 0.54901866278369138 0.49482716809158833 -0.38836647853597767 6.2703899791575219 20.500000000000004 8.676653388352717 6.883168664080153 1.2782736361173157 0.64530791788856312 7.8377010029108209 8.2946864687328699 2.5000000000000004 48.500000000000007
decision_type=2 2 2 2 2 2 2 2 2 2 2 2 2 2 2 2
left_child=14 2 3 5 -3 -2 -7 8 9 -6 -9 -8 -11 -14 -1 -13
right_child=1 4 -4 -5 7 6 11 10 -10 12 -12 15 13 -15 -16 -17
leaf_value=-0.049110772743512839 -0.020354965038054895 0.025981342678486022 0.025981342678486022 0.010575914538506689 0.046921505072416159 -0.013418252339500544 -0.013418252339500544 0.046921505072416159 0.046921505072416159 0.13671051131445633 0.074089700493473187 -0.0019182490511365094 0.046921505072416159 0.1072069813867666 -0.020354965038054895 -0.0076682506953185264
leaf_weight=140.22764766635373 117.14595237001777 37.23767055477947 114.56134902313352 177.5821358114481 7.1116761248558786 66.82500784099102 24.366216446273029 18.913317319005728 7.8855430874973527 7.6327237673103836 17.769119301810861 260.56818864215165 5.31946296058595 5.1896034944802523 1.3795225184876461 19.044768502935767
leaf_count=56830 15208 1225 719 3374 97 3846 1141 267 92 85 190 12557 58 61 275 984
internal_value=-4.4231e-05 0.00772586 0.00185236 -0.00482951 0.0501103 -0.0144124 -0.00648154 0.0678617 0.082677 0.0934392 0.0526386 -0.00191825 0.109704 0.0799158 -0.0484358 -0.00191825
internal_weight=1028.76 887.153 780.094 665.532 107.059 487.95 370.804 69.8214 33.139 25.2535 36.6824 303.979 18.1418 10.5091 141.607 279.613
internal_count=97009 39904 37829 37110 2075 33736 18528 850 393 301 457 14682 204 119 57105 13541
is_linear=0
shrinkage=0.05


Tree=45
num_leaves=30
num_cat=0
split_feature=0 14 16 7 13 14 14 14 11 5 0 16 11 9 1 16 21 5 8 1 5 9 9 14 16 3 5 7 16
split_gain=103.834 96.0518 104.022 60.8865 38.01 40.2714 19.1422 17.8295 25.6248 10.1261 12.2848 8.39077 6.93484 6.35834 5.65234 4.02386 3.90915 3.74464 3.13384 2.22225 2.13222 1.90428 1.67321 1.38629 1.36512 0.569724 0.37676 0.291182 0.0732011
threshold=-0.71550227415766998 4.5000000000000009 0.091750841750841763 1.0000000180025095e-35 0.80120384015197788 1.5000000000000002 34.500000000000007 33.500000000000007 1.0000000180025095e-35 8.0253231408654848 0.62025204502751063 0.02697505197505198 1.0000000180025095e-35 27.500000000000004 0.14433360869933207 0.080540540540540564 1.0000000180025095e-35 8.3442946791835038 1.0000000180025095e-35 0.65911927681768379 8.3647054306170894 12.500000000000002 10.500000000000002 14.500000000000002 0.13680926916221037 1.0000000180025095e-35 8.2502664735436397 1.0000000180025095e-35 0.15203632361034677
decision_type=2 2 2 2 2 2 2 2 2 2 2 2 2 2 2 2 2 2 2 2 2 2 2 2 2 2 2 2 2
left_child=15 4 3 7 5 -2 14 8 11 19 17 16 24 -6 18 -1 25 26 -5 27 -12 -21 -19 28 -4 -3 -11 -7 -14
right_child=1 2 12 6 13 9 -8 -9 -10 10 20 -13 23 -15 -16 -17 -18 22 -20 21 -22 -23 -24 -25 -26 -27 -28 -29 -30
leaf_value=-0.048979362417409605 0.077160299723067552 -0.02065191749163996 0.021409203728078516 0.0017435734585270091 0.14100604903137209 -0.02065191749163996 0.0017435734585270091 -0.02065191749163996 0.0017435734585270091 0.0036135509079670588 0.032352275115124805 -0.0072059727044492226 0.038343001725591831 0.077160299723067552 0.021409203728078516 -0.02065191749163996 -0.013595055797252965 0.022568816861148665 0.012035563200651099 0.050451329288609931 0.077160299723067552 -0.0023207878150596551 -0.02065191749163996 0.059782816527714493 0.038343001725591831 -0.017123486644446462 0.032352275115124805 -0.0023207878150596551 0.052486290415339525
leaf_weight=102.62508711591363 19.33661089790985 261.71159188135061 9.0743085863068718 41.894358752062544 12.500754920765759 11.587379357311876 24.565092236618511 84.441687948652543 102.82134165009484 1.5127143340650966 1.6762226389255355 55.900473010260612 11.905002960935237 6.801316011697053 112.34871800220571 5.6387432040646663 6.4123669862747184 1.52030852320604 11.790245057549326 1.248780980240553 6.8071059652138501 2.2048234471585602 6.2588311561848968 59.364996023476124 7.9467497598379842 37.487776085268706 1.091262631351128 3.9231585948728016 7.3219766281545153
leaf_count=23484 214 37287 101 4382 91 520 1441 7238 6134 60 55 1619 79 47 5705 45 27 70 977 43 239 83 304 486 44 6438 34 142 67
internal_value=-0.000379262 0.00513687 0.000195331 -0.00617236 0.0583957 0.0367316 0.0181112 -0.014624 -0.0088352 0.00508748 0.0302449 -0.0161555 0.0489908 0.117589 0.0214092 -0.0464407 -0.0199841 -0.00671472 0.00266192 -0.0202016 0.0714193 0.0160103 -0.0206519 0.0552768 0.0214092 -0.0206519 0.0323523 -0.0206519 0.0390963
internal_weight=1019.72 911.456 834.987 739.374 76.4693 57.1672 190.598 548.775 464.334 37.8306 18.8664 361.512 95.613 19.3021 166.033 108.264 305.612 10.3831 53.6846 18.9641 8.48333 3.4536 7.77914 78.592 17.0211 299.199 2.60398 15.5105 19.227
internal_count=97456 73927 72025 71248 1902 1764 12505 58743 51505 1550 762 45371 777 138 11064 23529 43752 468 5359 788 294 126 374 632 145 43725 94 662 146
is_linear=0
shrinkage=0.05


Tree=46
num_leaves=14
num_cat=0
split_feature=2 0 21 16 14 0 10 3 10 8 12 16 12
split_gain=142.316 82.4039 66.4979 58.3638 49.0021 26.4248 20.6243 5.62218 5.51176 5.44776 1.24089 1.13296 0.0675473
threshold=1.0000000180025095e-35 -0.46950669347438984 1.0000000180025095e-35 0.084219858156028379 7.5000000000000009 2.0064462875111029 397.92131650723792 1.0000000180025095e-35 357.17233208902167 1.0000000180025095e-35 3.5000000000000004 0.091750841750841763 5.5000000000000009
decision_type=2 2 2 2 2 2 2 2 2 2 2 2 2
left_child=11 -2 3 4 6 7 -3 -6 -5 -7 -10 -1 -9
right_child=1 2 -4 8 5 9 -8 12 10 -11 -12 -13 -14
leaf_value=-0.048994389243449149 -0.02059699748190693 0.023434058176022302 0.075842774994592313 0.042847236455825534 -0.0036144691682496902 0.0099097945038863072 -0.0036144691682496902 0.0099097945038863072 0.023434058176022302 0.023434058176022302 0.033140647315923914 -0.02059699748190693 0.0031476626678183083
leaf_weight=130.20956510305405 112.91915587615222 65.096449548844248 39.355476254597306 83.628312308341265 402.45054115960374 35.008614684455097 45.210782430134714 39.892589326016605 9.9768226146698016 23.701967345550656 8.6234762966632825 2.3268622988834968 6.2024239823222151
leaf_count=57131 14546 1424 260 603 18977 946 1770 1033 45 233 47 88 113
internal_value=-0.000237573 0.00711532 0.0133681 0.0098517 0.00402088 -0.0030381 0.0234341 -0.00361447 0.0428472 0.0234341 0.0234341 -0.0483093 0.00990979
internal_weight=1004.6 872.067 759.147 719.792 617.563 507.256 110.307 448.546 102.229 58.7106 18.6003 132.536 46.095
internal_count=97216 39997 25451 25191 24496 21302 3194 20123 695 1179 92 57219 1146
is_linear=0
shrinkage=0.05


Tree=47
num_leaves=12
num_cat=0
split_feature=2 0 21 16 8 14 1 16 11 11 14
split_gain=129.526 79.8771 63.9726 52.357 44.2326 18.3987 15.0519 6.56109 1.53194 0.383921 0.0710567
threshold=1.0000000180025095e-35 -0.4494327510946079 1.0000000180025095e-35 0.10102040816326532 1.0000000180025095e-35 5.5000000000000009 0.38339378690081444 0.041600106496272639 2.5000000000000004 1.0000000180025095e-35 11.500000000000002
decision_type=2 2 2 2 2 2 2 2 2 2 2
left_child=8 -2 3 4 5 -3 -6 -7 -1 10 -5
right_child=1 2 -4 9 6 7 -8 -9 -10 -11 -12
leaf_value=-0.04857300143245017 -0.020838226922412575 0.0095154876736655517 0.074464663608557427 0.032152521259922816 0.0095154876736655517 -0.0042057824965797954 0.022889125147112895 0.0095154876736655517 -0.020838226922412575 0.04172530925362361 0.022889125147112895
leaf_weight=125.23411572410259 116.15981661248952 54.512499272823334 38.398458991199732 9.1093504950404185 79.94016307592392 321.51238253898919 83.679127057082951 92.056935504078865 1.2642004662193347 63.178117273375392 9.0008185803890211
leaf_count=57026 14733 1341 264 42 3018 18021 999 811 280 516 43
internal_value=-0.000762996 0.00614596 0.0124267 0.00898595 0.00405294 -0.00385815 0.0228891 -0.00420578 -0.0478224 0.0417253 0.0258358
internal_weight=994.046 867.548 751.388 712.989 631.701 468.082 163.619 413.569 126.498 81.2883 18.1102
internal_count=97094 39788 25055 24791 24190 20173 4017 18832 57306 601 85
is_linear=0
shrinkage=0.05


Tree=48
num_leaves=19
num_cat=0
split_feature=2 3 0 7 0 11 14 1 14 5 14 0 11 21 5 7 18 11
split_gain=130.801 74.7124 57.5872 37.1352 18.7251 18.6737 16.2731 9.29611 7.25607 4.79191 4.78268 2.68536 2.41887 2.0927 1.81495 0.873239 0.538073 0.548132
threshold=1.0000000180025095e-35 1.0000000180025095e-35 -0.54435011845456238 1.0000000180025095e-35 0.40875802513322007 1.0000000180025095e-35 25.500000000000004 0.54901866278369138 9.5000000000000018 6.9730213621707078 1.5000000000000002 1.4550864811895432 1.5000000000000002 1.0000000180025095e-35 8.6849771413309238 1.0000000180025095e-35 1.0000000180025095e-35 2.5000000000000004
decision_type=2 2 2 2 2 2 2 2 2 2 2 2 2 2 2 2 2 2
left_child=16 2 -2 5 -3 10 -7 12 9 -6 -4 -10 -5 -12 -11 -13 17 -1
right_child=1 4 3 7 8 6 -8 -9 11 14 13 15 -14 -15 -16 -17 -18 -19
leaf_value=-0.048888064660237769 -0.02037592291989325 0.024231611849470858 0.0028491113878756158 0.012109058354069531 0.042714469973010351 0.012109058354069531 0.0028491113878756158 0.024231611849470858 0.042714469973010351 0.11333133578401899 -0.0064108355783182996 0.053754666906816462 0.018170335101770196 0.0028491113878756158 0.056706196717400584 0.082509491096792884 -0.02037592291989325 -0.02037592291989325
leaf_weight=117.89043303369544 94.671731835231185 32.904233155306429 8.0726232677698118 84.791188621427864 3.90755098871887 100.66376815643162 84.433982512913644 74.29791003279388 30.455194525420666 11.364164821803572 277.14193119620904 12.873267855495216 36.137510373257101 5.6933563798665991 5.596367683261632 8.42151280492544 1.1568910105852399 1.1231054828967888
leaf_count=56250 13130 1153 91 3882 45 2167 2654 1012 447 107 14260 145 788 25 60 87 524 282
internal_value=0.00058346 0.00734378 0.00188451 0.00755425 0.0465787 -1.34951e-05 0.0121091 0.0242316 0.0611973 0.0869453 -0.00641084 0.0493631 0.0121091 -0.00641084 0.0988446 0.0647949 -0.0480956 -0.048491
internal_weight=991.597 871.426 765.904 671.232 105.522 476.006 185.098 195.227 72.6181 20.8681 290.908 51.75 120.929 282.835 16.9605 21.2948 120.17 119.014
internal_count=97109 40053 38009 24879 2044 19197 4821 5682 891 212 14376 679 4670 14285 167 232 57056 56532
is_linear=0
shrinkage=0.05


Tree=49
num_leaves=21
num_cat=0
split_feature=2 16 14 11 19 8 14 14 14 10 4 10 1 15 10 20 16 7 9 9
split_gain=114.355 72.2553 93.7271 73.5445 30.8435 22.108 11.4528 13.7566 6.06827 5.48418 5.43121 4.66864 4.13473 4.02762 3.73928 0.852651 0.8007 0.452173 0.283017 0.364683
threshold=1.0000000180025095e-35 0.12034482758620692 34.500000000000007 1.0000000180025095e-35 1.0000000180025095e-35 1.0000000180025095e-35 18.500000000000004 1.5000000000000002 10.500000000000002 347.26249911101314 0.74891304347826104 11.897686954472244 0.075885188366567338 3.5000000000000004 129.24258296203769 1.0000000180025095e-35 0.15978723404255321 1.5000000000000002 26.500000000000004 41.500000000000007
decision_type=2 2 2 2 2 2 2 2 2 2 2 2 2 2 2 2 2 2 2 2
left_child=16 2 3 4 5 6 7 -2 11 -5 15 -9 -12 14 -3 17 -1 -10 -14 -20
right_child=1 13 -4 9 -6 -7 -8 8 10 -11 12 -13 18 -15 -16 -17 -18 -19 19 -21
leaf_value=-0.048415276192803995 0.0035458521036390977 0.047261859701503664 -0.021545254512582473 0.026098349813407175 -0.021545254512582473 0.01202526503588951 0.0035458521036390977 0.0035458521036390977 -0.021545254512582473 0.01202526503588951 -0.011017988770164411 -0.021545254512582473 0.0035458521036390977 0.060730671455712919 0.026098349813407175 -0.011017988770164411 -0.021545254512582473 -0.011017988770164411 -0.0037360683332626557 0.0035458521036390977
leaf_weight=114.66794466518331 9.9059106279164535 17.012404032982889 130.76371719362214 119.86871203780174 43.190315975807607 114.39524639258161 75.842513083480299 7.1560637936927369 39.909906941931695 64.560414799954742 21.10513376398012 95.988973614294082 43.483397867530584 47.852008707821369 9.3003940470516664 2.2362557323649517 0.1618988523259749 1.8612204180099059 14.11004324629903 5.1592469918541601
leaf_count=57267 123 123 10302 2077 3217 3599 4750 352 2355 2405 1914 5185 2097 434 52 65 3 74 616 241
internal_value=-0.00134428 0.00490658 0.000446444 0.00903809 -0.00204782 0.00290154 -0.00493356 -0.0110435 -0.0156953 0.0260983 -0.0080197 -0.0215453 -0.000490723 0.0517503 0.033793 -0.0215453 -0.0479971 -0.0215453 0.00354585 -0.00373607
internal_weight=978.532 863.702 789.537 658.773 474.344 431.154 316.759 240.916 231.01 184.429 127.865 103.145 83.8578 74.1648 26.3128 44.0074 114.83 41.7711 62.7527 19.2693
internal_count=97251 39981 39372 29070 24588 21371 17772 13022 12899 4482 7362 5537 4868 609 175 2494 57270 2429 2954 857
is_linear=0
shrinkage=0.05


Tree=50
num_leaves=31
num_cat=0
split_feature=2 14 13 16 14 19 8 16 1 14 21 12 12 9 9 5 4 1 9 12 9 12 5 14 14 1 15 9 12 14
split_gain=116.497 73.6066 110.251 57.2959 56.2355 45.8225 40.9993 18.1623 15.942 11.0216 9.01958 7.18269 6.79685 5.2922 4.08356 3.24733 3.18491 2.94335 2.10702 2.06475 2.05168 4.71309 4.91519 2.22262 1.83628 1.73856 1.26929 0.997719 0.957668 0.653001
threshold=1.0000000180025095e-35 45.500000000000007 0.79808541973490443 0.074537037037037054 5.5000000000000009 1.0000000180025095e-35 1.0000000180025095e-35 0.027722880983750552 0.38339378690081444 14.500000000000002 1.0000000180025095e-35 1.5000000000000002 3.5000000000000004 12.500000000000002 48.500000000000007 7.2075794951354686 0.65402588066139489 0.85071328137897284 5.5000000000000009 8.5000000000000018 16.500000000000004 6.5000000000000009 8.3442946791835038 27.500000000000004 5.5000000000000009 0.071640688695546198 2.5000000000000004 37.500000000000007 2.5000000000000004 1.5000000000000002
decision_type=2 2 2 2 2 2 2 2 2 2 2 2 2 2 2 2 2 2 2 2 2 2 2 2 2 2 2 2 2 2
left_child=26 2 5 -3 15 6 7 10 -8 11 13 17 -13 18 16 -4 27 -6 -2 -9 21 22 28 -24 -16 -18 -1 -15 -11 -20
right_child=1 3 4 -5 9 -7 8 19 -10 20 -12 12 -14 14 24 -17 25 -19 29 -21 -22 -23 23 -25 -26 -27 -28 -29 -30 -31
leaf_value=-0.049184832310259122 -0.0028976077338065034 -0.021004369255615673 0.068062483234894264 0.059836079130666381 0.028352021373413874 -0.021004369255615673 0.01410968027029664 0.01410968027029664 0.028352021373413874 0.028352021373413874 0.0038892643127749443 0.10101257010401593 0.042905593627218443 -0.021004369255615673 -0.0028976077338065034 0.13915159949106445 -0.011950988494711087 0.074900174067587297 -0.0028976077338065034 0.0038892643127749443 0.028352021373413874 0.028352021373413874 0.10363820468498364 0.028352021373413874 -0.021004369255615673 -0.0028976077338065034 -0.021004369255615673 -0.011950988494711087 0.054796130027820744 -0.021004369255615673
leaf_weight=106.94435746432282 4.9281819574534884 100.3659697570838 5.2537618046626475 22.648099213838577 14.424685161095114 48.577005456667393 75.259120188653469 93.071261475794017 74.216384940780699 4.307719656731936 10.154477000236509 12.932395779993387 11.829722025431691 17.256390723865483 2.0477125025354352 16.37175478041172 51.950028361752629 2.841183438897132 2.0703084059059611 6.6713042678311458 49.59352868096903 4.6636097705923012 5.794947069603948 2.2169422125443816 17.293464446440339 147.2741353334859 1.9817430567927647 2.8772712368518105 3.5733201988041401 49.390804789029062
leaf_count=56936 362 8277 41 200 243 3582 3559 1008 855 167 43 114 104 1191 55 130 5429 39 30 101 1061 87 88 93 1236 7992 103 194 50 3497
internal_value=0.000136543 0.00632586 0.012484 -0.0210044 0.053364 0.00334009 0.00817632 -0.000132661 0.028352 0.0384412 -0.00633115 0.0587954 0.0759958 -0.00968448 -0.00633052 0.125653 -0.00419509 0.0313171 -0.0210044 0.0141097 0.028352 0.0456835 0.0619435 0.0880839 -0.0210044 -0.00289761 -0.0483346 -0.0210044 0.0284431 -0.0210044
internal_weight=968.782 859.855 736.841 123.014 133.804 603.038 554.461 404.985 149.476 112.178 305.243 42.028 24.7621 295.088 238.699 21.6255 219.358 17.2659 56.3893 99.7426 70.1501 20.5565 15.8929 8.01189 19.3412 199.224 108.926 20.1337 7.88104 51.4611
internal_count=96867 39828 31351 8477 2217 29134 25552 21138 4414 2046 20029 500 218 19986 16097 171 14806 282 3889 1109 1546 485 398 181 1291 13421 57039 1385 217 3527
is_linear=0
shrinkage=0.05


Tree=51
num_leaves=25
num_cat=0
split_feature=2 14 13 22 14 0 15 7 10 21 15 14 14 5 14 9 5 5 11 8 0 0 9 14
split_gain=107.409 72.7047 92.2888 45.8143 43.0162 37.4733 31.7796 29.5845 14.9313 10.0631 8.40801 7.00257 4.33673 3.67243 5.00227 3.639 2.0587 1.57852 1.54691 1.06985 1.3206 0.573345 0.542114 1.63455
threshold=1.0000000180025095e-35 45.500000000000007 0.79504312598013605 1.0000000180025095e-35 8.5000000000000018 -0.46950669347438984 9.5000000000000018 1.0000000180025095e-35 351.62011385585834 1.0000000180025095e-35 1.0000000180025095e-35 17.500000000000004 1.5000000000000002 7.2531084142030116 5.5000000000000009 19.500000000000004 7.2075794951354686 8.2360076701395872 2.5000000000000004 1.0000000180025095e-35 1.8753126682783969 2.4199667199604065 16.500000000000004 26.500000000000004
decision_type=2 2 2 2 2 2 2 2 2 2 2 2 2 2 2 2 2 2 2 2 2 2 2 2
left_child=18 2 3 5 13 -2 -3 9 11 10 12 15 -7 -4 -15 17 -17 -6 -1 20 -9 -14 23 -13
right_child=1 6 4 -5 8 7 -8 19 -10 -11 -12 22 21 14 -16 16 -18 -19 -20 -21 -22 -23 -24 -25
leaf_value=-0.048692456556560626 -0.021042308873367305 -0.021042308873367305 0.057947106090976731 -0.021042308873367305 0.054851791365712443 0.0020889727175601443 0.043249358884248031 0.015198088444523309 0.026043226747904703 0.015198088444523309 0.0081548925897336096 0.072663793616578848 -0.0041814836451798277 0.12316523161923359 0.063009842744942091 0.076320687104644888 0.037979437202542765 0.10967590437639606 -0.021042308873367305 0.026043226747904703 0.021674929650081443 0.0020889727175601443 0.037979437202542765 0.037979437202542765
leaf_weight=103.16055164067075 54.738997441716492 102.27594434795901 9.8655489701777679 48.374309598933905 6.2285892646759766 9.8350506760179979 21.198780359700322 90.493631424382329 29.964417145587504 13.932293351739643 78.462083129677922 6.2296354770660383 228.91571151185781 17.52678596787155 8.8925196686759573 4.5899943606928018 11.603603271767495 7.0547054419294 1.2103274795226742 46.290829468518496 14.659516664221881 16.245090201497078 28.780146563891321 6.1966321021318436
leaf_count=56914 7180 8348 77 3607 62 102 246 3362 1028 72 875 80 12572 132 101 48 123 69 294 765 287 400 467 105
internal_value=-0.000122263 0.00569428 0.0118272 0.00336825 0.0487182 0.00820116 -0.0210423 0.0126793 0.0313339 0.00435295 0.0011117 0.0499156 -0.00397695 0.0948055 0.105954 0.0689124 0.0477113 0.0896087 -0.0477789 0.0260432 0.0173066 -0.00418148 0.0379794 0.0533414
internal_weight=966.726 862.355 738.88 601.948 136.933 553.573 123.475 498.834 100.648 347.39 333.458 70.6833 254.996 36.2849 26.4193 29.4769 16.1936 13.2833 104.371 151.444 105.153 245.161 41.2064 12.4263
internal_count=97316 40108 31514 29222 2292 25615 8594 18435 1982 14021 13949 954 13074 310 233 302 171 131 57208 4414 3649 12972 652 185
is_linear=0
shrinkage=0.05


Tree=52
num_leaves=14
num_cat=0
split_feature=2 0 21 8 1 14 3 13 14 10 0 11 3
split_gain=94.6056 69.882 54.9013 42.5313 36.5916 19.7475 10.8041 4.23515 4.45889 3.41118 1.51456 1.48183 0.258465
threshold=1.0000000180025095e-35 -0.42975748482698484 1.0000000180025095e-35 1.0000000180025095e-35 0.53384873447790138 5.5000000000000009 1.0000000180025095e-35 0.79504312598013605 32.500000000000007 367.73134028412625 0.53506559472675086 2.5000000000000004 1.0000000180025095e-35
decision_type=2 2 2 2 2 2 2 2 2 2 2 2 2
left_child=11 -2 3 5 12 9 7 -7 -9 -3 -8 -1 -5
right_child=1 2 -4 4 -6 6 10 8 -10 -11 -12 -13 -14
leaf_value=-0.04811045783154929 -0.021527459409911239 0.013209556452085189 0.072116584388006971 0.013209556452085189 0.039548492878196992 -0.0057781456235623634 0.0037157054142614126 0.0037157054142614126 -0.0010312201046504756 -0.0057781456235623634 0.013209556452085189 -0.021527459409911239 0.026379024665141089
leaf_weight=98.446496548014693 111.50189590174705 39.687788834795356 32.924364877864718 91.09812307683751 87.936719895340502 308.0126843447797 20.667399995960295 51.855430737137794 44.311303640250117 20.028275264427066 30.037579838186502 1.1739268568344403 13.616152707487343
leaf_count=57118 15167 636 253 3139 867 15679 657 853 1304 702 482 293 197
internal_value=-0.00130791 0.00410432 0.00997117 0.0069804 0.026954 -0.000534892 -0.004744 -0.00577815 0.00371571 0.0132096 0.0132096 -0.0471592 0.0132096
internal_weight=951.298 851.678 740.176 707.251 192.651 514.6 454.884 404.179 96.1667 59.7161 50.705 99.6204 104.714
internal_count=97347 39936 24769 24516 4203 20313 18975 17836 2157 1338 1139 57411 3336
is_linear=0
shrinkage=0.05


Tree=53
num_leaves=11
num_cat=0
split_feature=2 21 0 7 13 12 3 15 15 12
split_gain=91.5694 65.6077 50.7666 42.431 41.016 16.5316 12.5635 9.0383 1.2524 0.293077
threshold=1.0000000180025095e-35 1.0000000180025095e-35 -0.65393207174173895 1.5000000000000002 0.79504312598013605 7.5000000000000009 1.0000000180025095e-35 1.0000000180025095e-35 2.5000000000000004 7.5000000000000009
decision_type=2 2 2 2 2 2 2 2 2 2
left_child=8 2 -2 4 6 -6 7 -4 -1 -9
right_child=1 -3 3 -5 5 -7 -8 9 -10 -11
leaf_value=-0.048496267919660968 -0.021716183974561744 0.070715794506543514 -0.0080097937144736602 0.03595944739515141 0.0192375136117981 0.0074130207202803044 0.0074130207202803044 -5.1674787038073772e-05 -0.021716183974561744 -0.0040307342507558677
leaf_weight=92.760647813789546 76.976236067712307 34.415724318474531 349.30085560586303 38.448018438648432 113.42724203597754 54.376378170680255 58.516916239168495 100.96540971146896 1.8068895160686214 25.997846017591655
leaf_count=57079 11875 264 20156 709 1896 1289 1376 1459 97 822
internal_value=-0.00110941 0.00408917 0.0012031 0.0056966 0.00251558 0.0192375 -0.00441147 -0.00751637 -0.0475215 -5.16748e-05
internal_weight=946.992 852.425 818.009 741.033 702.585 167.804 534.781 476.264 94.5675 126.963
internal_count=97022 39846 39582 27707 26998 3185 23813 22437 57176 2281
is_linear=0
shrinkage=0.05


Tree=54
num_leaves=30
num_cat=0
split_feature=2 14 13 16 19 10 3 12 1 16 14 9 14 7 9 9 12 14 7 1 16 9 9 14 12 9 9 9 9
split_gain=94.1153 69.6104 90.3088 82.1412 45.9272 39.1781 27.5204 22.3211 19.6217 10.6482 7.24149 6.30255 6.10033 3.70755 2.72743 2.94523 1.66722 1.41196 0.928585 0.887917 0.835178 0.593517 0.406957 0.37503 0.315066 0.176048 0.143816 0.145125 0.0746993
threshold=1.0000000180025095e-35 35.500000000000007 0.79504312598013605 0.072299651567944254 1.0000000180025095e-35 347.26249911101314 1.0000000180025095e-35 4.5000000000000009 0.63785969432658229 0.026266508969051847 6.5000000000000009 12.500000000000002 17.500000000000004 1.5000000000000002 12.500000000000002 48.500000000000007 4.5000000000000009 9.5000000000000018 1.0000000180025095e-35 0.011721039426508416 0.15978723404255321 40.500000000000007 6.5000000000000009 16.500000000000004 1.5000000000000002 18.500000000000004 17.500000000000004 15.500000000000002 14.500000000000002
decision_type=2 2 2 2 2 2 2 2 2 2 2 2 2 2 2 2 2 2 2 2 2 2 2 2 2 2 2 2 2
left_child=20 2 4 -3 6 7 8 11 9 10 -2 -4 -13 14 22 16 17 21 -10 -19 -1 24 -12 -11 25 26 27 28 -16
right_child=1 3 5 -5 -6 -7 -8 -9 18 23 13 12 -14 -15 15 -17 -18 19 -20 -21 -22 -23 -24 -25 -26 -27 -28 -29 -30
leaf_value=-0.047918309848433718 7.9336263731397134e-06 -0.020659841642052364 0.12263547535795248 0.060128224165599389 -0.020659841642052364 0.028020726497355621 0.028020726497355621 0.049258521318777365 0.0072736221307951087 7.9336263731397134e-06 -0.0071413949984651176 0.086923463599000439 0.049258521318777365 7.9336263731397134e-06 -0.014682078671171779 -0.020659841642052364 -0.020659841642052364 -0.020659841642052364 0.016338968194744393 -0.0071413949984651176 -0.020659841642052364 -0.0071413949984651176 -0.020659841642052364 0.0072736221307951087 -0.0071413949984651176 -0.020659841642052364 -0.0071413949984651176 -0.020659841642052364 -0.0071413949984651176
leaf_weight=90.077753947582096 50.772442970424891 117.0125085436739 13.038678811397402 31.009526299312711 46.412698471918702 30.313779504504055 64.595520451199263 24.3283930006437 78.725810268893838 53.179388914257288 5.6839142204262307 41.517343017738312 12.822228048462419 8.1958574857562763 3.1839700359851211 13.781303140800444 4.7690072436816981 3.5842515123076728 43.707556836307049 119.85845790198073 0.14710871689021487 1.1333455783314992 29.415836389642209 30.28047511447221 0.45867451978847285 12.472321223933248 1.4813719689846037 2.6462501459755003 1.5418611648492513
leaf_count=57203 2236 10047 135 292 3550 775 1325 322 1627 442 483 366 170 406 294 1153 272 601 601 9888 3 94 2602 530 35 1103 129 235 133
internal_value=0.000869147 0.00606579 0.0127339 -0.0206598 0.0044188 0.0516227 0.00936045 0.0704963 0.00465721 -0.00179172 -0.00725775 0.0875089 0.0770167 -0.0123265 -0.0142907 -0.0110256 -0.0083135 -0.00714139 0.016339 -0.00714139 -0.0473855 -0.0193888 -0.0206598 0.00727362 -0.0206598 -0.0206598 -0.01011 -0.0148491 -0.00714139
internal_weight=936.148 845.923 697.901 148.022 575.88 122.02 529.468 91.7066 464.872 342.439 258.979 67.3782 54.3396 208.206 200.011 164.911 151.13 146.361 122.433 123.443 90.2249 22.9178 35.0998 83.4599 21.7844 21.3258 8.85345 7.37208 4.72583
internal_count=97052 39846 29507 10339 27739 1768 24189 993 22864 20636 19664 671 536 17428 17022 13937 12784 12512 2228 10489 57206 2023 3085 972 1929 1894 791 662 427
is_linear=0
shrinkage=0.05


Tree=55
num_leaves=22
num_cat=0
split_feature=2 14 13 16 19 14 0 3 1 16 12 12 14 9 14 12 9 8 14 18 16
split_gain=83.9626 66.8896 62.0006 48.0333 42.164 35.2102 32.2955 19.5926 13.4357 11.8313 6.90041 21.2914 9.01823 4.48973 3.87978 2.25978 1.71162 1.09552 0.604195 0.575846 0.336568
threshold=1.0000000180025095e-35 45.500000000000007 0.79504312598013605 0.072299651567944254 1.0000000180025095e-35 5.5000000000000009 -0.71550227415766998 1.0000000180025095e-35 0.61808954601985977 0.019884023590655994 1.5000000000000002 3.5000000000000004 26.500000000000004 32.500000000000007 1.5000000000000002 6.5000000000000009 28.500000000000004 1.0000000180025095e-35 10.500000000000002 1.0000000180025095e-35 0.091750841750841763
decision_type=2 2 2 2 2 2 2 2 2 2 2 2 2 2 2 2 2 2 2 2 2
left_child=19 2 4 -3 6 16 -2 8 9 14 -7 12 13 -12 -8 18 -4 -10 -13 20 -1
right_child=1 3 5 -5 -6 10 7 -9 17 -11 11 15 -14 -15 -16 -17 -18 -19 -20 -21 -22
leaf_value=-0.048307506958682002 -0.021399619152953422 -0.021399619152953422 0.10778483002339108 0.057679897407541307 -0.021399619152953422 0.021989163255551791 0.0010777388807537032 0.021989163255551791 0.0072424023092242567 0.0072424023092242567 0.1039899749023071 0.021989163255551791 0.021989163255551791 0.03682543165282965 -0.0050869245477168507 0.021989163255551791 0.059995809008864899 0.014183699775546541 0.044605908254566229 -0.021399619152953422 -0.021399619152953422
leaf_weight=83.312655003974214 33.484354077838361 96.517383798956871 15.803517510183157 20.333406686782837 44.835808041505516 41.278340600896627 10.897861532866953 67.952659679576755 78.833573292009532 80.451047038659453 15.318507830612367 3.8973919572308686 4.9295081677846602 4.7084444267675272 224.75169586250558 25.881820137612522 7.6185120018199077 52.538627065718174 15.932058754377065 0.86563220247626205 1.5202722148969758
leaf_count=56514 5007 8341 115 203 3571 1040 126 1292 1850 1012 165 32 175 44 15752 472 56 508 183 531 89
internal_value=-0.00036635 0.00443128 0.0102814 -0.0213996 0.00329284 0.0406855 0.00778854 0.0112258 0.00637824 0.000301105 0.0285089 0.0397217 0.076188 0.0907015 -0.00508692 0.0219892 0.0953336 0.0141837 0.0398799 -0.0472305 -0.0477828
internal_weight=931.663 845.965 729.114 116.851 593.746 135.368 548.91 515.425 447.473 316.101 111.946 70.6677 24.9565 20.027 235.65 45.7113 23.422 131.372 19.8295 85.6986 84.8329
internal_count=97078 39944 31400 8544 29118 2282 25547 20540 19248 16890 2111 1071 384 209 15878 687 171 2358 215 57134 56603
is_linear=0
shrinkage=0.05


Tree=56
num_leaves=31
num_cat=0
split_feature=2 14 19 16 14 21 12 12 8 1 10 16 10 14 10 14 9 9 1 4 1 5 14 15 5 10 5 14 16 14
split_gain=80.2658 65.8686 57.6692 45.3763 40.9098 39.9965 32.6226 56.8442 17.9797 24.7324 14.2626 14.0766 9.45645 8.58004 9.36573 7.60543 6.50969 5.15939 5.15461 2.20701 1.74932 1.60038 1.36099 1.3063 1.16339 0.983363 0.889772 0.820601 0.680689 0.669228
threshold=1.0000000180025095e-35 45.500000000000007 1.0000000180025095e-35 0.072299651567944254 2.5000000000000004 1.0000000180025095e-35 1.5000000000000002 7.5000000000000009 1.0000000180025095e-35 0.5646102873689961 365.40315149565896 0.087337909992372245 353.65536088579472 17.500000000000004 16.702097415946639 10.500000000000002 23.500000000000004 42.500000000000007 0.079108593163883745 0.78277721604314132 0.38339378690081444 8.7492440971210339 3.5000000000000004 2.5000000000000004 7.8960311482039094 399.99914873829465 8.6245654929586504 35.500000000000007 0.13921188630490958 18.500000000000004
decision_type=2 2 2 2 2 2 2 2 2 2 2 2 2 2 2 2 2 2 2 2 2 2 2 2 2 2 2 2 2 2
left_child=23 2 4 -3 10 6 8 12 13 -10 16 -9 -8 14 -6 22 21 27 26 -11 -18 -2 25 -1 -12 -16 -17 -15 -24 -19
right_child=1 3 -4 -5 5 -7 7 11 9 19 24 -13 -14 17 15 18 20 29 -20 -21 -22 -23 28 -25 -26 -27 -28 -29 -30 -31
leaf_value=-0.048240754686655229 0.10351699750484798 -0.021359521392367617 -0.021359521392367617 0.05742098103328374 0.0072445336903474104 0.071856684450003483 0.040181077544154904 -0.021359521392367617 0.0072445336903474104 0.023712805617251156 0.021062428632209154 0.040181077544154904 0.00066860097332437053 0.0072445336903474104 -0.0025198585890601252 -0.011939689990713872 0.03757042514806308 0.0059657927786780501 -0.0025198585890601252 0.040181077544154904 0.068795808630466554 0.049442374746644466 -0.021359521392367617 -0.021359521392367617 -0.014006083066049217 -0.021359521392367617 -0.021359521392367617 -0.019203274835686804 -0.0025198585890601252 -0.021359521392367617
leaf_weight=80.422622932121158 15.310953561216595 93.623088064137846 45.369825621601194 19.583833519369364 19.074811145663261 24.996802163310349 75.896085158456117 33.342704762239009 76.797643241938204 22.843934275209904 2.9770569382235399 5.5732040181756011 22.355921608861536 82.022469737101346 2.6543824961408964 21.057159406132996 8.7142662089318019 1.8520733611658204 92.197157851886004 30.503470605239272 5.6326782815158358 4.7224129047244778 92.829881789628416 1.6595629623625416 4.8348181759938598 3.3633810793980956 11.265509163495151 7.1757296370342365 1.4999767839908589 13.285219542216508
leaf_count=57113 123 8282 3588 201 815 190 1037 980 3557 219 63 43 1123 5009 75 1920 78 114 4029 290 30 41 5243 98 102 141 931 827 7 839
internal_value=-0.000228364 0.00439641 0.0101497 -0.0213595 0.0142806 0.0110857 0.00850547 0.0299071 0.00231984 0.0181015 0.061408 -0.0213595 0.0401811 -0.0036124 -0.00875136 -0.0122843 0.0749089 0.00724453 -0.00394351 0.0401811 0.0442375 0.0937268 -0.0213595 -0.0471155 0.000231906 -0.00251986 -0.0213595 0.00724453 -0.0213595 -0.0212308
internal_weight=923.439 841.356 728.15 113.207 682.78 640.588 615.591 137.168 478.423 130.145 42.1922 38.9159 98.252 348.278 243.942 224.867 34.3803 104.335 124.52 53.3474 14.3469 20.0334 100.348 82.0822 7.81188 6.01776 32.3227 89.1982 94.3299 15.1373
internal_count=97108 39897 31414 8483 27826 27389 27199 3183 24016 4066 437 1023 2160 19950 13161 12346 272 6789 6880 509 108 164 5466 57211 165 216 2851 5836 5250 953
is_linear=0
shrinkage=0.05


Tree=57
num_leaves=17
num_cat=0
split_feature=2 7 16 19 1 1 3 7 16 5 1 4 10 3 11 4
split_gain=76.8006 54.0038 42.1652 28.1797 21.4595 15.0628 11.9438 7.32688 7.01322 7.64568 4.90636 2.92536 1.81315 1.62315 1.59127 0.984695
threshold=1.0000000180025095e-35 1.5000000000000002 0.10102040816326532 1.0000000180025095e-35 0.54901866278369138 0.36603593256521777 1.0000000180025095e-35 2.5000000000000004 0.033085217010563196 7.4659323263886312 0.056206372236230456 0.69459064327485387 333.39531268112836 1.0000000180025095e-35 2.5000000000000004 0.9630991285403051
decision_type=2 2 2 2 2 2 2 2 2 2 2 2 2 2 2 2
left_child=14 2 3 4 6 13 8 -7 9 15 12 -6 -11 -3 -1 -2
right_child=1 5 -4 -5 11 7 -8 -9 -10 10 -12 -13 -14 -15 -16 -17
leaf_value=-0.048813064394047853 -0.02177525585377528 0.028601633372188958 0.028601633372188958 -0.02177525585377528 0.0038271315218287322 0.062256085297213826 0.0038271315218287322 0.13339293654941489 -0.002504671468393191 -0.01424757175187606 -0.0076415911673887909 0.012888703355903182 -0.02177525585377528 0.054292471929249478 -0.02177525585377528 -0.0076415911673887909
leaf_weight=76.966309768846259 101.86105095362291 15.069946881383659 69.358498025685549 43.126808392349631 32.62703100591898 21.98575838748366 52.793912249617279 5.1316737961024037 104.94042346300557 22.317579750902951 157.19806719291955 152.75306943710893 47.315521873068064 3.5054500778205684 0.93832240393385191 2.5191236725077024
leaf_count=56890 9023 617 624 3574 583 230 1393 44 1407 2068 10651 2621 6686 50 278 231
internal_value=-0.000433538 0.00403023 0.000928634 -0.00282423 0.000295032 0.0562746 -0.00523444 0.0799833 -0.00883647 -0.0127785 -0.00764159 0.0128887 -0.0208536 0.0286016 -0.0475807 -0.0217753
internal_weight=910.409 832.504 786.811 717.453 674.326 45.6928 488.946 27.1174 436.152 331.211 226.831 185.38 69.6331 18.5754 77.9046 104.38
internal_count=96970 39802 38861 38237 34663 941 31459 274 30066 28659 19405 3204 8754 667 57168 9254
is_linear=0
shrinkage=0.05


Tree=58
num_leaves=18
num_cat=0
split_feature=2 21 17 12 11 0 10 16 7 10 4 0 3 4 5 5 9
split_gain=72.1124 56.417 51.0238 56.0486 70.5009 38.361 18.7027 13.2844 10.0157 4.01141 3.64603 2.10142 1.41127 0.711719 0.500559 0.119294 0.201306
threshold=1.0000000180025095e-35 1.0000000180025095e-35 1.0000000180025095e-35 9.5000000000000018 1.5000000000000002 -0.66589070096337755 16.702097415946639 0.087337909992372245 1.0000000180025095e-35 353.65536088579472 0.78277721604314132 -0.039054492598341796 1.0000000180025095e-35 0.70046728971962624 8.1486655898474147 9.1512976091682621 14.500000000000002
decision_type=2 2 2 2 2 2 2 2 2 2 2 2 2 2 2 2 2
left_child=-1 2 3 4 5 -2 -7 -5 10 -6 12 -12 -8 -10 -13 -16 -17
right_child=1 -3 -4 7 9 6 8 -9 13 -11 11 14 -14 -15 15 16 -18
leaf_value=-0.048112777056004981 -0.022600305300537041 0.068016905303080966 -0.022600305300537041 -0.022600305300537041 0.034165402722868769 0.017911209030113 -0.0080660599060366541 0.034165402722868769 0.0034687770137839368 0.017911209030113 -0.0030198909010526278 0.0034687770137839368 -0.0030198909010526278 0.0099596666860077218 0.00022444305636565439 0.00022444305636565439 0.0034687770137839368
leaf_weight=74.515684208832681 51.291816869750619 30.998674802482128 60.604287444613874 71.322910984046757 96.693367391359061 51.811910333111882 129.76753592444584 7.7616926059126845 25.993011188227683 21.807383396662772 31.786328793969005 69.151710116304457 16.310499715153128 100.77442260412499 43.704336511902511 8.3317727968096751 14.798371217213569
leaf_count=57250 9118 265 4654 2606 1195 1224 6796 57 889 1418 2855 2581 403 3408 1680 276 549
internal_value=-0.00132623 0.00291217 0.0003139 0.00461106 0.00966108 0.00165702 0.00646819 -0.0226003 0.00200812 0.0341654 -0.00302211 0.00202628 -0.00806606 0.00995967 0.00346878 0.000224443 0.00346878
internal_weight=907.426 832.91 801.911 741.307 662.222 543.722 492.43 79.0846 440.618 118.501 313.851 167.773 146.078 126.767 135.986 66.8345 23.1301
internal_count=97224 39974 39709 35055 32392 29779 20661 2663 19437 2613 15140 7941 7199 4297 5086 2505 825
is_linear=0
shrinkage=0.05


Tree=59
num_leaves=22
num_cat=0
split_feature=2 14 16 13 19 10 0 12 3 14 14 0 5 13 12 15 14 12 7 14 4
split_gain=65.0209 61.4816 67.3877 62.1163 37.7093 33.5505 26.4696 21.7272 18.8994 12.118 12.8347 10.7307 8.60241 3.89284 3.015 1.31591 1.27206 7.71705 0.883584 0.604002 0.471944
threshold=1.0000000180025095e-35 35.500000000000007 0.072299651567944254 0.79808541973490443 1.0000000180025095e-35 351.62011385585834 -0.57572895710858785 4.5000000000000009 1.0000000180025095e-35 18.500000000000004 2.5000000000000004 1.9708689465148201 7.1042461505127674 0.02535897435897436 8.5000000000000018 2.5000000000000004 9.5000000000000018 1.5000000000000002 1.0000000180025095e-35 3.5000000000000004 0.92172181372549034
decision_type=2 2 2 2 2 2 2 2 2 2 2 2 2 2 2 2 2 2 2 2 2
left_child=15 3 -3 4 6 7 -2 12 9 10 -8 13 -5 -12 -11 -1 19 -18 20 -14 -13
right_child=1 2 -4 5 -6 -7 8 -9 -10 14 11 18 16 -15 -16 -17 17 -19 -20 -21 -22
leaf_value=-0.047227478447121191 -0.02113619072505591 -0.02113619072505591 0.058106141027229968 0.041710590698504801 -0.02113619072505591 0.022658883775048995 0.014256755202413748 0.041710590698504801 0.022658883775048995 0.014256755202413748 -0.0053259131831855256 0.0044654210096141114 0.076048823323569339 0.0044654210096141114 -0.0053259131831855256 -0.02113619072505591 0.041710590698504801 0.095120425431017785 0.014256755202413748 0.11716061016725177 0.0093610881060139303
leaf_weight=69.314478725427762 38.605062877759337 112.56133823934942 26.674605946987867 14.249182391446082 41.2195680947043 30.778808091301471 23.280150109902024 23.304294150322676 66.483416318893433 102.62064541410655 208.8339953776449 19.291518563404683 12.065861377865078 46.514199636876583 6.4385589994490138 1.4685241503175337 11.381677514407786 15.819898610003291 16.562499035149813 12.69716750923544 4.9020762816071501
leaf_count=56882 5557 10143 297 152 3532 745 273 313 1172 4615 10088 449 69 1705 212 98 171 172 203 118 88
internal_value=-0.000266186 0.00365848 -0.0211362 0.00983508 0.00296792 0.0423498 0.00720131 0.0607623 0.0104844 0.00585463 0.000479258 -0.00344566 0.0780814 -0.00532591 0.0142568 -0.0459309 0.0877281 0.0726227 0.0142568 0.100858 0.00446542
internal_weight=905.068 834.285 139.236 695.049 574.752 120.297 533.532 89.5181 494.927 428.444 319.384 296.104 66.2138 255.348 109.059 70.783 51.9646 27.2016 40.7561 24.763 24.1936
internal_count=97054 40074 10440 29634 27894 1740 24362 995 18805 17633 12806 12533 682 11793 4827 56980 530 343 740 187 537
is_linear=0
shrinkage=0.05


Tree=60
num_leaves=15
num_cat=0
split_feature=0 2 16 14 11 14 14 0 15 19 12 16 8 0
split_gain=61.2227 41.8298 35.8499 36.5511 42.8898 15.6342 14.5705 9.70897 6.80607 6.43337 5.63973 3.98962 2.33274 1.29478
threshold=-0.71550227415766998 1.0000000180025095e-35 0.11237373737373739 34.500000000000007 1.0000000180025095e-35 18.500000000000004 1.0000000180025095e-35 1.9372842641304173 3.5000000000000004 1.0000000180025095e-35 6.5000000000000009 0.080540540540540564 1.0000000180025095e-35 1.3068516735747757
decision_type=2 2 2 2 2 2 2 2 2 2 2 2 2 2
left_child=11 -2 3 4 5 6 -3 -8 13 -7 -6 -1 -9 -4
right_child=1 2 8 -5 10 9 7 12 -10 -11 -12 -13 -14 -15
leaf_value=-0.048308467396089599 -0.021312498219754089 0.01109732553222433 0.02247988668639736 -0.0078419211451508236 0.02247988668639736 0.01109732553222433 -0.0078419211451508236 0.001627702193536753 0.056696945121282344 -0.0078419211451508236 0.01109732553222433 -0.021312498219754089 0.01109732553222433 0.039588415903839852
leaf_weight=70.699772182386369 55.309852736885659 10.644063860177992 19.876782433129851 86.614197797141969 145.46857186313719 99.679342953022569 273.3322863522917 25.022950761951506 34.756857821717858 9.6605378435924631 33.108240970876068 4.5337027083151034 19.876708444207907 5.0135402008891097
leaf_count=23370 44712 83 143 4608 3038 4621 13593 664 433 704 703 45 188 62
internal_value=-0.00187896 0.00211071 0.00562866 0.00244488 0.00854904 -0.000285236 -0.00597212 -0.00784192 0.0425149 0.0110973 0.0224799 -0.0447357 0.0110973 0.0224799
internal_weight=893.597 818.364 763.054 703.407 616.793 438.216 328.876 318.232 59.6472 109.34 178.577 75.2335 44.8997 24.8903
internal_count=96967 73552 28840 28202 23594 19853 14528 14445 638 5325 3741 23415 852 205
is_linear=0
shrinkage=0.05


Tree=61
num_leaves=31
num_cat=0
split_feature=2 14 14 22 16 7 13 10 21 15 9 7 3 9 7 12 5 14 14 9 14 4 9 4 11 14 9 4 4 14
split_gain=63.0459 57.4965 50.6508 46.5007 41.1334 37.5732 37.7495 17.0867 15.5628 12.2555 7.75427 6.73029 6.20529 5.2691 3.70714 3.38906 3.22966 3.0778 2.71559 2.31461 2.25454 2.24086 1.99692 1.7696 1.5961 0.434165 0.41872 1.15739 0.313495 0.224387
threshold=1.0000000180025095e-35 45.500000000000007 1.0000000180025095e-35 1.0000000180025095e-35 0.072299651567944254 1.5000000000000002 0.83157354080262491 365.40315149565896 1.0000000180025095e-35 1.0000000180025095e-35 48.500000000000007 2.5000000000000004 1.0000000180025095e-35 12.500000000000002 1.0000000180025095e-35 7.5000000000000009 5.3726901768364668 24.500000000000004 9.5000000000000018 14.500000000000002 12.500000000000002 0.82332933173269318 11.500000000000002 0.64722883373002393 2.5000000000000004 11.500000000000002 26.500000000000004 0.79935064935064948 0.81096096096096104 3.5000000000000004
decision_type=2 2 2 2 2 2 2 2 2 2 2 2 2 2 2 2 2 2 2 2 2 2 2 2 2 2 2 2 2 2
left_child=24 2 -2 5 -3 6 8 -8 9 10 12 17 13 14 29 16 26 18 21 22 -11 -7 -20 25 -1 -18 -15 -28 -16 -4
right_child=1 4 3 -5 -6 11 7 -9 -10 20 -12 -13 -14 15 28 -17 23 -19 19 -21 -22 -23 -24 -25 -26 -27 27 -29 -30 -31
leaf_value=-0.047837443659674482 0.11125063402222513 -0.021252091060994065 -0.011917896469798231 -0.021252091060994065 0.056855227807576958 0.032874439775402137 0.032874439775402137 0.017614948422155365 0.017614948422155365 0.0017610977604952478 -0.021252091060994065 0.10433480264898896 0.0017610977604952478 -0.021252091060994065 -0.011917896469798231 -0.021252091060994065 -0.021252091060994065 0.07531102875558221 0.032874439775402137 0.032874439775402137 0.0086614419099521559 0.07531102875558221 0.07531102875558221 -0.002583701878602396 -0.021252091060994065 -0.011253786807863356 -0.021252091060994065 -0.002583701878602396 -0.002583701878602396 -0.021252091060994065
leaf_weight=65.62345327064395 10.958115212619303 86.640391285065562 4.520685037598013 41.523172577377409 17.922144958749413 4.7203559526242334 81.886398402042687 28.028970291372389 18.078015122562647 48.099303061142564 22.378460792824626 6.1929226624779394 37.835141437128186 9.2122146384790522 6.5568167264573267 6.1507515227422109 6.7234876705333617 4.5869418238289645 2.3023273223079768 14.898592513520269 77.035025880672038 4.244068596046418 2.8881054501980543 208.14405439561233 0.80897828750312228 9.6475423472002131 3.5566186741925767 1.8761497107334433 8.1164773614145798 43.705440926831216
leaf_count=57012 93 8369 122 3624 211 85 952 878 113 344 1439 80 1053 649 350 327 431 112 54 315 1288 67 49 13817 279 737 244 133 447 3434
internal_value=7.18722e-05 0.00389607 0.00918868 0.00744178 -0.0212521 0.0111692 0.00810279 0.0328744 0.00235546 -0.000292065 -0.00513925 0.0576461 -0.00298941 -0.0069285 -0.0197233 -0.00358107 -0.0025837 0.0462873 0.0376853 0.0328744 0.00866144 0.0621931 0.0697352 -0.0025837 -0.0464003 -0.0199239 -0.0212521 -0.0044385 -0.0025837 -0.0212521
internal_weight=884.861 818.429 713.866 702.908 104.563 661.385 621.552 109.915 511.636 493.558 368.424 39.8333 346.045 308.21 62.8994 245.311 239.16 33.6404 29.0534 20.089 125.134 8.96442 5.19043 224.515 66.4324 16.371 14.645 5.43277 14.6733 48.2261
internal_count=97108 39817 31237 31144 8580 27520 26758 1830 24928 24815 23183 762 21744 20691 4353 16338 16011 682 570 418 1632 152 103 14985 57291 1168 1026 377 797 3556
is_linear=0
shrinkage=0.05


Tree=62
num_leaves=25
num_cat=0
split_feature=21 17 14 16 0 13 16 0 14 14 15 12 3 14 4 0 9 0 1 9 13 9 9 14
split_gain=58.8905 59.5693 57.5146 43.9237 40.7191 31.5087 19.5405 12.4353 11.3838 6.84856 6.4439 4.75298 4.25698 3.44551 2.65842 1.24027 1.65444 0.802135 0.782778 0.425466 0.0991991 0.0613582 0.156308 0.0433368
threshold=1.0000000180025095e-35 1.0000000180025095e-35 51.500000000000007 0.087337909992372245 -0.58656668999891992 0.79504312598013605 0.026266508969051847 2.3442155803461335 12.500000000000002 2.5000000000000004 2.5000000000000004 2.5000000000000004 1.0000000180025095e-35 12.500000000000002 0.78393734643734658 -0.71550227415766998 12.500000000000002 1.0000000180025095e-35 0.63785969432658229 19.500000000000004 0.86900417045507916 36.500000000000007 37.500000000000007 17.500000000000004
decision_type=2 2 2 2 2 2 2 2 2 2 2 2 2 2 2 2 2 2 2 2 2 2 2 2
left_child=1 2 4 -4 11 6 7 9 -7 -6 -10 15 14 -8 -11 20 -17 -14 19 -16 -1 -18 -23 -21
right_child=-2 -3 3 -5 5 8 13 -9 10 12 -12 -13 17 -15 18 16 21 -19 -20 23 -22 22 -24 -25
leaf_value=-0.048320952408021554 0.067221903326075097 -0.051416302035174867 -0.051315010342215486 0.031716112284006497 7.698470400297753e-05 0.031716112284006497 0.0069058880733326227 0.0069058880733326227 0.016552374981729252 -0.013853063000652933 0.031716112284006497 -0.013853063000652933 -0.0060411684274330746 0.016552374981729252 -0.010373986079260353 -0.013853063000652933 -0.034888787396952572 7.698470400297753e-05 -0.0060411684274330746 -0.0081426252975671694 -0.034888787396952572 -0.013853063000652933 -0.0295854205167097 -0.010373986079260353
leaf_weight=35.754494928580243 29.232035106047988 59.959242522600107 78.151684614596888 11.108633005991576 22.671610317309387 49.19415836466942 44.558536537457258 32.598784700734541 59.584012144303415 140.3083535459009 19.264874475076795 5.649795777979306 7.7363614580826825 76.852788822026923 57.10833284817636 2.0767746162600806 7.4734884057543223 35.838989416719414 39.557085252832621 36.372836241091136 3.1407687879982396 0.12749628128949542 1.4323895029956473 24.928340106096584
leaf_count=13469 272 6752 11549 131 383 676 565 1701 2219 22848 244 548 1045 1924 7260 370 2174 6480 2208 6506 673 41 704 6438
internal_value=-0.00135906 -0.00378968 -0.000121405 -0.0376954 0.00470142 0.00825134 0.0027438 -0.0027406 0.030361 -0.00675192 0.0165524 -0.0359575 -0.00990581 0.0165524 -0.0121593 -0.0417718 -0.0235093 7.69847e-05 -0.00689491 -0.0102441 -0.0462683 -0.0348888 -0.0138531 -0.00814263
internal_weight=880.682 851.45 791.491 89.2603 702.23 646.575 518.532 397.121 128.043 364.522 78.8489 55.6552 341.85 121.411 298.275 50.0054 11.1101 43.5754 157.967 118.41 38.8953 9.03337 1.55989 61.3012
internal_count=97180 96908 90156 11680 78476 60497 57358 54869 3139 53168 2463 17979 52785 2489 45260 17431 3289 7525 22412 20204 14142 2919 745 12944
is_linear=0
shrinkage=0.05


Tree=63
num_leaves=31
num_cat=0
split_feature=14 19 21 13 15 7 10 15 14 1 14 9 4 1 9 9 9 9 14 14 15 12 14 12 14 4 14 14 12 9
split_gain=53.3119 50.4494 40.5357 42.2388 40.4819 22.675 21.8823 11.5187 10.8826 9.86778 9.09233 8.26127 4.93117 3.94594 3.87573 2.59068 1.87625 1.84945 1.77867 1.28217 5.59413 1.16172 0.984776 1.16809 0.732891 0.659137 0.570294 0.330938 0.317898 0.312559
threshold=44.500000000000007 1.0000000180025095e-35 1.0000000180025095e-35 0.79504312598013605 8.5000000000000018 1.0000000180025095e-35 365.40315149565896 1.0000000180025095e-35 136.50000000000003 0.49135702463691588 1.5000000000000002 49.500000000000007 0.63188142770719913 0.042051950333385678 12.500000000000002 28.500000000000004 40.500000000000007 7.5000000000000009 12.500000000000002 52.500000000000007 3.5000000000000004 6.5000000000000009 5.5000000000000009 1.0000000180025095e-35 4.5000000000000009 0.84234892787524374 22.500000000000004 7.5000000000000009 5.5000000000000009 46.500000000000007
decision_type=2 2 2 2 2 2 2 2 2 2 2 2 2 2 2 2 2 2 2 2 2 2 2 2 2 2 2 2 2 2
left_child=1 2 3 5 19 7 21 10 -6 27 -1 12 29 25 17 22 24 -15 -9 20 -2 -5 23 -16 -17 -14 -18 -7 -24 -12
right_child=4 -3 -4 6 8 9 -8 18 -10 -11 11 -13 13 14 15 16 26 -19 -20 -21 -22 -23 28 -25 -26 -27 -28 -29 -30 -31
leaf_value=-0.0039708391361812359 -0.047613786543017594 -0.050347898633068405 0.067761902028447119 0.036373413677373886 0.056237506476883872 0.0094158365470570077 0.014954282797482656 -0.0039708391361812359 -0.0064488321050144215 0.014954282797482656 -0.044526393828910542 -0.046413459108202965 -0.026604470051164172 -0.0039708391361812359 -0.017731448235391026 -0.0039708391361812359 -0.0039708391361812359 -0.017731448235391026 0.003877390296631358 -0.050670871179437631 -0.0064488321050144215 0.025663848237428268 -0.0039708391361812359 -0.0039708391361812359 -0.017731448235391026 -0.017731448235391026 -0.017731448235391026 0.003877390296631358 -0.017731448235391026 -0.026604470051164172
leaf_weight=12.106815126840955 12.900931708805727 39.057374279305805 25.702505263034254 74.029046575480606 13.802636202424766 18.545151452533901 34.548652671684977 36.94953513587825 3.5588213736191383 62.145086821459699 13.915299652435348 19.640008189016953 26.435350763669703 11.731640977726782 10.348276677716056 1.5309193746070366 9.4082784630008955 33.972759381460492 56.906362007604912 71.547352014284115 2.5312942676246157 20.294384990818799 114.77630700572627 4.1975055043003513 38.958510081341956 13.720808162004685 3.4392426189151584 83.062511985539459 2.9351636990904799 0.27645903069060374
leaf_count=152 2343 4170 224 1137 190 1113 2160 522 90 2140 3076 6013 8664 1133 841 91 2148 4022 2120 11507 20 347 18915 132 8448 4260 1081 9852 141 92
internal_value=-0.000270356 0.00429601 0.00728624 0.00498493 -0.0336302 -0.000830572 0.0307391 -0.00709518 0.0345873 0.01485 -0.0118191 -0.0157307 -0.0134665 -0.0118626 -0.00927317 -0.00578665 -0.015408 -0.0177314 0.00387739 -0.047485 -0.0305298 0.0363734 -0.00397084 -0.0177314 -0.0177314 -0.0261897 -0.00397084 0.00387739 -0.00397084 -0.0413464
internal_weight=872.975 768.634 729.577 703.874 104.341 575.002 128.872 411.249 17.3615 163.753 317.393 305.287 285.647 271.455 231.299 185.594 53.337 45.7044 93.8559 86.9796 15.4322 94.3234 132.257 14.5458 40.4894 40.1562 12.8475 101.608 117.711 14.1918
internal_count=97144 82994 78824 78600 14150 74956 3644 61851 280 13105 59209 59057 53044 49876 36952 31797 11768 5155 2642 13870 2363 1484 20029 973 8539 12924 3229 10965 19056 3168
is_linear=0
shrinkage=0.05


Tree=64
num_leaves=15
num_cat=0
split_feature=0 14 21 17 12 11 2 8 15 1 3 11 11 14
split_gain=53.9949 44.0825 44.075 34.126 40.462 63.8906 33.7592 15.4438 7.29028 6.00415 3.9747 3.4679 2.07703 1.07875
threshold=-0.71550227415766998 1.0000000180025095e-35 1.0000000180025095e-35 1.0000000180025095e-35 8.5000000000000018 1.5000000000000002 1.0000000180025095e-35 1.0000000180025095e-35 1.0000000180025095e-35 0.38339378690081444 1.0000000180025095e-35 3.5000000000000004 1.0000000180025095e-35 13.500000000000002
decision_type=2 2 2 2 2 2 2 2 2 2 2 2 2 2
left_child=11 -2 3 4 5 6 -3 8 10 -9 12 -1 -8 -10
right_child=1 2 -4 -5 -6 -7 7 9 13 -11 -12 -13 -14 -15
leaf_value=-0.047535783593306603 0.094710974442540188 -0.0203886079958535 0.066576617847192696 -0.0203886079958535 -0.0203886079958535 0.032964694829226038 -0.0078357238768906514 0.0077395103313277385 0.001241861164735195 0.016464539314350605 0.001241861164735195 -0.0203886079958535 -0.003296931356077728 0.0077395103313277385
leaf_weight=60.974042737856507 11.90228261053562 48.014469071931671 24.196767871733755 46.97647064900957 76.192538109142333 99.599884241179097 191.25507416855544 65.047171151265502 36.904609143733978 72.255926134064794 31.942725138738751 4.6501713329926124 40.638855519937351 45.569676441140473
leaf_count=23137 93 42655 250 4868 2544 2054 13359 2803 290 804 939 359 1871 1075
internal_value=-0.000593933 0.00304561 0.00152464 -0.000647228 0.00277563 0.00721398 -3.56162e-05 0.00471716 -0.000985519 0.0164645 -0.00525579 -0.0438228 -0.00783572 0.00773951
internal_weight=856.121 790.496 778.594 754.397 707.421 631.228 531.629 483.614 346.311 137.303 263.837 65.6242 231.894 82.4743
internal_count=97101 73605 73512 73262 68394 65850 63796 21141 17534 3607 16169 23496 15230 1365
is_linear=0
shrinkage=0.05


Tree=65
num_leaves=31
num_cat=0
split_feature=0 14 16 14 11 19 7 14 11 0 14 15 12 16 21 4 14 1 11 1 4 0 1 12 14 17 4 12 14 14
split_gain=54.3358 43.5056 43.0005 38.7887 27.3864 17.4836 11.3643 9.11677 9.23871 8.05549 7.94662 6.48218 5.21545 4.51448 4.34525 3.44077 3.44225 3.10647 1.95876 1.57067 1.32975 1.24686 1.06797 1.01719 0.973586 0.791175 0.282216 0.26835 0.188934 0.122662
threshold=-0.71550227415766998 3.5000000000000004 0.10102040816326532 33.500000000000007 1.5000000000000002 1.0000000180025095e-35 1.0000000180025095e-35 1.0000000180025095e-35 1.0000000180025095e-35 0.42036012153708063 19.500000000000004 3.5000000000000004 6.5000000000000009 0.080540540540540564 1.0000000180025095e-35 0.67700320512820522 10.500000000000002 0.11940453479668423 1.0000000180025095e-35 0.24917126667081799 0.74891304347826104 -0.20125956758308861 0.24457836663263235 1.5000000000000002 1.5000000000000002 1.0000000180025095e-35 0.92828571428571449 1.0000000180025095e-35 15.500000000000002 18.500000000000004
decision_type=2 2 2 2 2 2 2 2 2 2 2 2 2 2 2 2 2 2 2 2 2 2 2 2 2 2 2 2 2 2
left_child=13 7 3 4 5 6 10 -2 9 24 14 19 -6 -1 15 -3 18 -10 -17 -4 -11 -12 -8 -19 -9 28 -26 -21 -18 -30
right_child=1 2 11 -5 12 -7 22 8 17 20 21 -13 -14 -15 -16 16 25 23 -20 27 -22 -23 -24 -25 26 -27 -28 -29 29 -31
leaf_value=-0.049511377324582127 0.08110256739083592 -0.020989004203040521 0.017933492764017178 -0.020989004203040521 0.017933492764017178 -0.020989004203040521 0.00069087917800147872 0.0044344113688745829 0.029857826940789686 0.0044344113688745829 -0.020989004203040521 0.055812816312281459 0.0072094271714207292 -0.020989004203040521 0.00069087917800147872 -0.015532201006639096 -0.0060379349882123366 0.077492113747716682 -0.0060379349882123366 0.027875124996994599 0.029857826940789686 0.00069087917800147872 0.0072094271714207292 0.047101283773511797 -0.020989004203040521 -0.015532201006639096 0.0044344113688745829 0.03878152921633226 -0.012297925645110799 -0.0060379349882123366
leaf_weight=58.54337679722812 12.127024687826632 31.603207737090997 17.870152684859935 84.722196643066127 47.998227377887815 29.344315573223867 59.444723790453281 2.6627811815124032 9.0770851190900448 3.0650797274429342 10.749276498507241 30.635281105525792 32.051872995565645 4.4778924677520981 5.6578512229025355 71.902829246013425 78.608281890570652 10.070663778227756 11.254282954148946 4.78464756766334 8.2346861104015243 71.575914100278169 79.397464657668024 7.3037716615945092 7.1828323303488997 3.0956927911029188 0.96273848507553328 6.0559026417322457 39.928987538150977 11.27273169334512
leaf_count=23356 85 4670 155 8698 803 2873 6493 43 78 116 3817 434 686 45 34 8415 11017 75 783 40 251 11381 3787 53 313 533 42 92 6081 1796
internal_value=-0.000634669 0.00295792 -0.000457872 -0.00410037 0.00121665 -0.00351464 -0.000567248 0.0432746 0.0323818 0.00793297 -0.00582767 0.0399674 0.0179335 -0.0449359 -0.0109006 -0.0127667 -0.0100754 0.0517827 -0.0155322 0.0217502 0.0298578 0.000690879 0.00720943 0.0643447 -0.020989 -0.00603793 -0.020989 0.0378168 -0.00603793 -0.0109524
internal_weight=851.662 788.641 727.954 668.608 583.886 503.836 474.491 60.6867 48.5596 22.1081 335.649 59.346 80.0501 63.0213 253.324 247.666 216.063 26.4515 83.1571 28.7107 11.2998 82.3252 138.842 17.3744 10.8084 132.906 8.14557 10.8406 129.81 51.2017
internal_count=97045 73644 72588 71867 63169 61680 58807 1056 971 765 48527 721 1489 23401 33329 33295 28625 206 9198 287 367 15198 10280 128 398 19427 355 132 18894 7877
is_linear=0
shrinkage=0.05


Tree=66
num_leaves=28
num_cat=0
split_feature=0 12 11 14 7 16 16 9 14 1 12 6 0 8 16 14 14 10 0 19 9 4 12 14 10 9 9
split_gain=49.0167 40.4175 56.8111 26.7423 24.3955 16.2411 14.3541 13.3538 14.8672 10.1643 4.96542 4.93725 4.90708 4.29688 4.19341 3.42459 3.20335 5.18208 2.7766 2.48514 1.84771 1.77037 0.93242 0.573341 0.27689 0.158446 0.0261636
threshold=-0.71550227415766998 8.5000000000000018 1.5000000000000002 3.5000000000000004 1.5000000000000002 0.019884023590655994 0.087337909992372245 16.500000000000004 25.500000000000004 0.46680734182967076 5.5000000000000009 12.612479118545258 -0.039054492598341796 1.0000000180025095e-35 0.080540540540540564 17.500000000000004 17.500000000000004 230.06309921481792 -0.048818248067720706 1.0000000180025095e-35 13.500000000000002 0.92022727272727278 2.5000000000000004 27.500000000000004 238.91458856244455 36.500000000000007 5.5000000000000009
decision_type=2 2 2 2 2 2 2 2 2 2 2 2 2 2 2 2 2 2 2 2 2 2 2 2 2 2 2
left_child=14 2 3 -2 5 9 -3 8 10 12 15 -11 -5 21 26 22 17 -7 -15 20 -14 -9 -4 -20 -10 -22 -1
right_child=1 6 7 4 -6 16 -8 13 24 11 -12 -13 19 18 -16 -17 -18 -19 23 -21 25 -23 -24 -25 -26 -27 -28
leaf_value=-0.033766497836188951 0.021317569699385995 -0.019856698077197039 0.12888346038166917 -0.019856698077197039 0.021317569699385995 0.0080574173516360231 0.056688038437443224 0.021317569699385995 0.0338826718879904 -0.0084367867229349861 0.021372439396028897 -0.00099790686909620734 -0.015090344601257941 0.034842453762206071 -0.019856698077197039 0.038419976085136573 0.0080574173516360231 -0.00099790686909620734 0.071228464475009648 -0.015090344601257941 -0.0084367867229349861 0.034842453762206071 0.075254951540904183 0.048212493082081212 0.021317569699385995 -0.015090344601257941 -0.048530665811484783
leaf_weight=0.8498237612657239 48.175803027465008 66.893120311899111 8.1803656322881668 79.589980734337587 29.903040194767527 21.508761394768953 7.7725272700190535 43.800238771305885 7.9881847772048769 70.937124165822752 3.1099212663248172 69.798534757166635 34.658561682270374 3.1259452734957476 5.12630934966728 3.655933618778362 40.501316240115557 57.977129694074392 11.628329750965348 13.741452245798426 106.72478676150786 6.7411379138939074 8.3197773287538421 3.7730158362537614 3.0194307209458202 29.461302114010323 54.923106732021552
leaf_count=222 971 2540 123 22215 1098 232 83 1057 135 7474 46 4372 3745 110 49 64 1733 1053 151 1542 17217 143 97 105 187 7147 23187
internal_value=-0.000136573 0.00325393 0.00723377 0.00133686 -0.00223955 -0.00520273 -0.0198567 0.0412983 0.0666237 -0.0100532 0.088654 -0.000997907 -0.0158757 0.0279597 -0.0429673 0.097534 0.00805742 -0.000997907 0.0483673 -0.010324 -0.00843679 0.0213176 0.107688 0.0615825 0.0213176 -0.00843679 -0.0476763
internal_weight=841.885 780.986 706.32 602.978 554.802 524.899 74.6656 103.342 34.2736 404.912 23.266 140.736 264.176 69.0687 60.8992 20.1561 119.987 79.4859 18.5273 184.586 170.845 50.5414 16.5001 15.4013 11.0076 136.186 55.7729
internal_count=97098 73640 71017 68799 67828 66730 2623 2218 652 63712 330 11846 51866 1566 23458 284 3018 1285 366 29651 28109 1200 220 256 322 24364 23409
is_linear=0
shrinkage=0.05


Tree=67
num_leaves=31
num_cat=0
split_feature=2 14 19 16 3 11 14 12 10 1 14 14 10 9 12 21 14 9 9 1 14 14 9 16 15 16 1 12 1 9
split_gain=56.3224 48.4307 41.0118 32.2217 29.3623 23.2188 15.9829 13.2506 9.14368 8.63748 6.53027 5.88321 5.31277 4.20868 6.21702 3.57111 3.17238 2.62285 2.03715 1.25664 1.31882 1.24512 1.01844 1.01385 0.902888 0.781827 0.541438 0.511583 0.185941 0.0625842
threshold=1.0000000180025095e-35 45.500000000000007 1.0000000180025095e-35 0.072299651567944254 1.0000000180025095e-35 1.0000000180025095e-35 18.500000000000004 6.5000000000000009 14.097953027773768 0.12282820678681895 10.500000000000002 1.5000000000000002 355.18222700609039 26.500000000000004 1.0000000180025095e-35 1.0000000180025095e-35 9.5000000000000018 22.500000000000004 41.500000000000007 0.11099164107556912 13.500000000000002 12.500000000000002 27.500000000000004 0.099019607843137278 1.0000000180025095e-35 0.15978723404255321 0.96769636680960047 1.5000000000000002 0.59773450507935688 74.500000000000014
decision_type=2 2 2 2 2 2 2 2 2 2 2 2 2 2 2 2 2 2 2 2 2 2 2 2 2 2 2 2 2 2
left_child=25 2 4 -3 5 6 8 12 -2 -6 11 -10 -7 14 -11 23 -16 27 19 -19 22 28 26 -13 -22 -1 -21 -12 -20 -8
right_child=1 3 -4 -5 9 7 29 -9 10 13 17 15 -14 -15 16 -17 -18 18 21 20 24 -23 -24 -25 -26 -27 -28 -29 -30 -31
leaf_value=-0.047528104063404901 0.011213834939493197 -0.021344131580307697 -0.021344131580307697 0.054703678897612885 0.023337282381128019 0.023337282381128019 0.011213834939493197 0.011213834939493197 0.0010904243754797378 0.076417222115603534 0.0010904243754797378 -0.021344131580307697 0.011213834939493197 0.036724988299770937 0.077418873983395919 0.0010904243754797378 0.036724988299770937 -0.021344131580307697 -0.021344131580307697 -0.014962602223437097 -0.014962602223437097 0.0010904243754797378 0.0010904243754797378 -0.01012685360241398 0.0010904243754797378 -0.021344131580307697 0.0010904243754797378 -0.021344131580307697 0.0010904243754797378 -0.021344131580307697
leaf_weight=57.706023218168411 23.129625715548173 73.1046196767129 35.166427178774029 14.826930455863474 26.553679397795349 100.14443647232838 99.372601968003437 41.793740983121097 6.8222027802839866 24.126558353658766 78.3015281194821 101.11718079354614 50.909152501262724 18.936566959135234 4.7466775821521905 2.3101560808718196 11.584669324569402 15.458440616494043 2.424607038730755 4.145655378000809 15.642931155394765 10.824671498034148 7.030926548410207 5.3398483321070662 5.7323382385075083 0.13889545714482565 1.0847503338009117 1.4467366319149721 0.72578573413193215 1.6755228298716236
leaf_count=57062 875 8344 3586 208 732 1543 6102 1074 91 365 4350 5904 2433 280 61 12 182 1401 176 190 761 621 285 27 59 3 24 90 17 103
internal_value=0.00047974 0.0040138 0.00862771 -0.0213441 0.0118444 0.00773723 0.000592659 0.021835 -0.0059624 0.0389373 -0.00903299 -0.0178142 0.0233373 0.0501127 0.060122 -0.0213441 0.036725 -0.00185154 -0.00994541 -0.0149549 -0.00858107 0.00109042 0.00109042 -0.0213441 -0.0149626 -0.0467021 -0.0149626 0.00109042 -0.0213441 0.0112138
internal_weight=842.324 784.479 696.547 87.9316 661.381 575.433 382.586 192.847 281.537 85.9482 258.408 115.589 151.054 59.3945 40.4579 108.767 16.3313 142.818 63.0701 49.095 33.6366 13.9751 12.2613 106.457 21.3753 57.8449 5.23041 79.7483 3.15039 101.048
internal_count=96961 39896 31344 8552 27758 26138 21088 5050 14883 1620 14008 6034 3976 888 608 5943 243 7974 3534 2720 1319 814 499 5931 820 57065 214 4440 193 6205
is_linear=0
shrinkage=0.05


Tree=68
num_leaves=27
num_cat=0
split_feature=2 14 22 21 16 8 1 12 11 14 14 10 9 16 14 4 14 11 9 1 9 1 16 16 17 18
split_gain=48.0009 44.916 36.894 30.0342 29.232 22.0561 24.3787 12.3 19.2997 8.56958 10.2713 8.62872 8.06589 5.5884 4.4532 2.97187 1.94532 1.53022 1.02552 0.806446 0.51544 0.658542 0.445552 0.261721 0.252452 0.00714731
threshold=1.0000000180025095e-35 45.500000000000007 1.0000000180025095e-35 1.0000000180025095e-35 0.072299651567944254 1.0000000180025095e-35 0.53384873447790138 7.5000000000000009 1.5000000000000002 3.5000000000000004 15.500000000000002 12.952148225360462 42.500000000000007 0.090097402597402607 10.500000000000002 0.69586530264279634 35.500000000000007 2.5000000000000004 25.500000000000004 0.079108593163883745 28.500000000000004 0.44433921022424588 0.13921188630490958 0.062284482758620696 1.0000000180025095e-35 1.0000000180025095e-35
decision_type=2 2 2 2 2 2 2 2 2 2 2 2 2 2 2 2 2 2 2 2 2 2 2 2 2 2
left_child=17 2 3 5 -3 7 -7 8 9 -2 11 -11 16 -9 22 23 24 25 -18 -17 -20 -22 -13 -16 -12 -1
right_child=1 4 -4 -5 -6 6 -8 13 -10 10 12 14 -14 -15 15 19 18 -19 20 -21 21 -23 -24 -25 -26 -27
leaf_value=-0.048247023296860765 0.0049957310406825335 -0.021677799742449266 -0.021677799742449266 0.063521727959452309 0.054027534177012837 0.012222231043672361 0.035591358417656364 -0.021677799742449266 0.012222231043672361 0.0049957310406825335 0.0049957310406825335 -0.021677799742449266 -0.021677799742449266 0.012222231043672361 -0.021677799742449266 -0.013876213487839691 -0.021677799742449266 -0.021677799742449266 0.0049957310406825335 -0.0060746272332301166 -0.021677799742449266 0.0049957310406825335 -0.0060746272332301166 -0.013876213487839691 -0.021677799742449266 -0.034518570566924582
leaf_weight=53.763429724203888 31.067196389194578 72.490200684173033 34.456628032028675 24.041620083153248 13.864192849956451 95.55887822015211 81.538419610820711 24.676548580639068 61.709328724769875 14.916382566560058 115.74305388168432 86.559630667790771 18.719836553558707 3.5146859586238852 14.933899908093737 17.327954582637176 4.4723612931556991 0.7459889278979962 0.42341054254211519 55.381226349854842 1.3638708258513363 0.64989949110895384 2.7391903623938552 1.4065723828971375 2.4953841040842226 0.49850706808501755
leaf_count=56235 532 8392 3631 238 210 4022 764 790 944 653 6874 5306 1225 27 966 1768 719 293 65 2543 142 17 13 13 189 519
internal_value=-0.000925589 0.00228181 0.00674293 0.00979128 -0.0216778 0.00766099 0.0225925 0.00185198 0.00405784 -0.00223077 -0.00597941 -0.0134813 0.00412169 -0.0216778 -0.017145 -0.00864815 0.00499573 -0.0456374 -0.0216778 -0.00607463 0.00499573 -0.0162406 -0.0216778 -0.0216778 0.00499573 -0.0473593
internal_weight=835.058 780.05 693.696 659.239 86.3544 635.198 177.097 458.1 429.909 368.2 337.133 193.265 143.868 28.1912 178.348 89.0497 125.148 55.0079 6.90954 72.7092 2.43718 2.01377 89.2988 16.3405 118.238 54.2619
internal_count=97090 40043 31441 27810 8602 27572 4786 22786 21969 21025 20493 11262 9231 817 10609 5290 8006 57047 943 4311 224 159 5319 979 7063 56754
is_linear=0
shrinkage=0.05


Tree=69
num_leaves=26
num_cat=0
split_feature=0 12 11 2 16 8 12 10 1 14 14 19 14 14 14 18 16 11 16 14 10 0 0 10 0
split_gain=44.4601 35.9441 54.2948 29.637 20.4273 17.9966 11.3027 18.1497 11.2352 10.1085 10.8307 7.23097 5.47643 8.2388 6.45624 5.94886 3.9536 3.89214 2.62731 1.63441 0.540373 0.477431 0.289686 0.346556 0.186765
threshold=-0.71550227415766998 7.5000000000000009 1.5000000000000002 1.0000000180025095e-35 0.074537037037037054 1.0000000180025095e-35 3.5000000000000004 351.62011385585834 0.5646102873689961 3.5000000000000004 7.5000000000000009 1.0000000180025095e-35 4.5000000000000009 17.500000000000004 39.500000000000007 1.0000000180025095e-35 0.1181455633100698 3.5000000000000004 0.15203632361034677 27.500000000000004 397.92131650723792 1.6667262206639457 2.5127593914237871 322.92812755541422 -0.30857673888005377
decision_type=2 2 2 2 2 2 2 2 2 2 2 2 2 2 2 2 2 2 2 2 2 2 2 2 2
left_child=17 2 3 -2 -3 11 7 9 -7 -4 -11 12 20 15 24 18 21 -1 22 -12 -5 -8 -14 -24 -15
right_child=1 4 6 5 -6 8 16 -9 -10 10 19 -13 13 14 -16 -17 -18 -19 -20 -21 -22 -23 23 -25 -26
leaf_value=-0.048050574606252575 -0.020527234842799811 -0.020527234842799811 0.04691416363570719 0.0084279633820745579 0.051413369101839093 0.0084279633820745579 0.020563398144389677 0.020563398144389677 0.020563398144389677 0.14573762779204666 0.076298965473859878 -0.0081667301679972711 -0.0081667301679972711 -0.0081667301679972711 -0.0081667301679972711 0.0084279633820745579 0.050213719606003765 -0.020527234842799811 0.0084279633820745579 0.04691416363570719 -0.0081667301679972711 0.035388558875196721 0.00013061660703864373 -0.0040180567804793139 0.0084279633820745579
leaf_weight=51.819368213298731 43.528129914659075 68.872736997320317 8.9308662768453342 28.706389788072556 10.581020278856156 88.910751508548856 31.4010281173978 9.2330324001377431 68.126731425523758 6.5146925006993142 19.970045634545389 23.265115375630558 189.94402650743723 8.4659776794724149 12.245355137158183 6.5970255034044376 10.948421555571256 4.4557205946184686 4.4465993829071513 4.5702032685512668 11.592206853441892 5.242030100664123 2.6693184031173578 8.2412763051688653 93.735221826471388
leaf_count=23160 44227 2650 74 403 124 3519 508 753 642 64 297 2235 10162 1078 1522 44 207 366 29 123 413 51 57 222 4244
internal_value=-0.000865359 0.002306 0.0061694 0.000453089 -0.0205272 0.00419377 0.0406737 0.0573717 0.0184272 0.0732649 0.0886857 -0.00157128 0.00161106 -0.00127939 0.00842796 -0.00712736 0.0225794 -0.0433605 -0.00816673 0.0684269 0.00842796 0.0205634 -0.00816673 0.000130617 0.00842796
internal_weight=823.013 766.738 687.284 590.474 79.4538 546.946 96.8103 49.2188 157.037 39.9858 31.0549 389.909 366.643 326.345 114.447 211.898 47.5915 56.2751 205.301 24.5402 40.2986 36.6431 200.855 10.9106 102.201
internal_count=97174 73648 70874 68797 2774 24570 2077 1311 4161 558 484 20409 18174 17358 6844 10514 766 23526 10470 420 816 559 10441 279 5322
is_linear=0
shrinkage=0.05


Tree=70
num_leaves=25
num_cat=0
split_feature=14 16 2 7 19 10 14 16 14 1 7 0 21 14 1 11 9 0 4 0 4 11 3 7
split_gain=45.0198 50.9687 49.4094 36.4705 28.8307 18.3378 22.0977 17.2224 11.0335 9.44585 7.334 7.10983 5.58341 3.79669 4.43337 3.12572 1.76175 1.75074 1.28313 1.23602 0.98719 0.849265 0.795428 0.429234
threshold=45.500000000000007 0.074537037037037054 1.0000000180025095e-35 1.5000000000000002 1.0000000180025095e-35 347.26249911101314 7.5000000000000009 0.077677224736048281 17.500000000000004 0.30206347119452226 2.5000000000000004 -0.69051970220388947 1.0000000180025095e-35 8.5000000000000018 0.075885188366567338 1.0000000180025095e-35 48.500000000000007 2.8253796890422285 0.8457573354480572 2.0064462875111029 0.67586600685192244 2.5000000000000004 1.0000000180025095e-35 1.0000000180025095e-35
decision_type=2 2 2 2 2 2 2 2 2 2 2 2 2 2 2 2 2 2 2 2 2 2 2 2
left_child=2 17 21 4 5 6 -4 -8 12 22 19 -10 13 15 18 -7 20 -2 -15 -11 -16 23 -5 -1
right_child=1 -3 3 9 -6 8 7 -9 11 10 -12 -13 -14 14 16 -17 -18 -19 -20 -21 -22 -23 -24 -25
leaf_value=-0.048837065075163485 -0.050934602566304436 0.055396116010685309 0.028236576267099751 0.028236576267099751 -0.018801363320146522 -0.018801363320146522 0.0082795463204111946 0.028236576267099751 -0.018801363320146522 0.049759265128811486 0.12190316875033734 0.0082795463204111946 0.0082795463204111946 -0.018801363320146522 -0.0097100631443922183 -0.0006187629686379135 -0.0097100631443922183 0.0025644818888562685 -0.0097100631443922183 0.079467518671697837 -0.0006187629686379135 -0.018801363320146522 0.049759265128811486 -0.03236667853366753
leaf_weight=39.565387717797421 72.694332215294708 12.63924262486398 82.71529605705291 13.472778142662721 32.575773535529152 51.390816080383956 151.42874094122089 38.347310926765203 8.0160801389720273 14.481293918564921 5.3043089238926759 114.53377343947068 6.0471753850579253 22.477133953012526 12.057467860402538 9.9780277423560602 6.1478672798257312 0.3033453180687492 9.7714938477147353 5.5098702097311607 100.26687622838654 0.16370286990422656 2.8694304209202519 7.7105651475721961
leaf_count=44141 13716 208 1641 506 3589 2742 7060 422 1886 171 46 4892 39 2224 540 315 283 8 935 50 4033 45 42 7603
internal_value=-0.000121153 -0.0342128 0.00389297 0.00732247 0.00435818 0.00732799 0.0169708 0.00827955 -0.000411698 0.052115 0.071282 0.00827955 -0.00733996 -0.00951707 -0.00516486 -0.0188014 -0.000618763 -0.0502672 -0.0188014 0.052683 -0.000618763 -0.0449252 0.0282366 -0.045932
internal_weight=820.468 85.6369 734.831 687.392 645.754 613.178 272.491 189.776 340.687 41.6377 25.2955 122.55 218.137 212.09 150.721 61.3688 118.472 72.9977 32.2486 19.9912 112.324 47.4397 16.3422 47.276
internal_count=97137 13932 83205 31416 30601 27012 9123 7482 17889 815 267 6778 11111 11072 8015 3057 4856 13724 3159 221 4573 51789 548 51744
is_linear=0
shrinkage=0.05


Tree=71
num_leaves=23
num_cat=0
split_feature=14 2 16 7 13 19 10 0 3 14 14 0 9 1 11 5 0 14 9 7 9 9
split_gain=43.9109 44.4833 35.5487 32.3397 32.0355 19.0594 15.6222 14.5766 10.2655 9.12094 7.10537 6.61903 4.87905 3.16349 1.79326 1.69417 1.50339 0.539635 0.619147 0.437704 0.335049 0.288296
threshold=51.500000000000007 1.0000000180025095e-35 0.10102040816326532 1.5000000000000002 0.79504312598013605 1.0000000180025095e-35 365.40315149565896 -0.62080307177276917 1.0000000180025095e-35 17.500000000000004 1.5000000000000002 1.5772676958670611 18.500000000000004 0.924325689000557 2.5000000000000004 7.6548404172412594 0.009723355574636881 33.500000000000007 17.500000000000004 1.0000000180025095e-35 14.500000000000002 9.5000000000000018
decision_type=2 2 2 2 2 2 2 2 2 2 2 2 2 2 2 2 2 2 2 2 2 2
left_child=1 14 -2 4 5 7 -6 -3 9 10 -9 12 16 -12 19 -15 -5 -11 20 -1 21 -19
right_child=2 3 -4 11 6 -7 -8 8 -10 17 13 -13 -14 15 -16 -17 -18 18 -20 -21 -22 -23
leaf_value=-0.048784856335899608 -0.050880995956149894 -0.018600920446799559 0.050956480728261144 0.026070616312148277 0.026070616312148277 -0.018600920446799559 0.012124412963006394 0.0061578664600608485 0.012124412963006394 0.0061578664600608485 -0.0073772149517770591 0.075020805541189589 0.026070616312148277 0.0061578664600608485 -0.018600920446799559 -0.00066518318569701242 0.053488878293667358 0.0061578664600608485 -0.0073772149517770591 -0.032193129389828726 0.0061578664600608485 -0.0073772149517770591
leaf_weight=38.069574144436046 62.356478134111967 30.373031934956089 9.0880743479356152 2.1156332937534925 93.181581290904433 31.118909996002913 36.160281849093735 15.534633256494997 61.486581802368164 115.89972951170057 213.77205005381256 14.77173953829333 15.673610641388221 15.594926340505479 0.32524256233591486 29.255882056429982 9.7387901255860907 1.1223176252096885 9.7271740476135147 7.6135794113506554 2.3875274357851595 2.1256621335633099
leaf_count=44723 11985 6230 163 135 1220 3552 1324 138 1172 5260 10988 146 404 296 72 581 144 70 658 7795 119 160
internal_value=-0.000235723 0.00336879 -0.0374022 0.00652178 0.00376043 -0.00171276 0.0259616 0.00138263 0.00384649 0.00019132 -0.00548646 0.0483808 0.031957 -0.00737721 -0.0437236 0.00604685 0.0534889 0.00615787 -0.00737721 -0.0457853 0.00615787 -0.00737721
internal_weight=817.493 746.048 71.4446 700.04 657.74 528.398 129.342 497.28 466.906 405.42 274.157 42.2998 27.528 258.623 46.0084 44.8508 11.8544 131.262 15.3627 45.6832 5.63551 3.24798
internal_count=97335 85187 12148 32597 31768 29224 2544 25672 19442 18270 12003 829 683 11865 52590 877 279 6267 1007 52518 349 230
is_linear=0
shrinkage=0.05


Tree=72
num_leaves=26
num_cat=0
split_feature=2 14 16 13 10 0 7 14 5 9 9 9 8 14 10 14 9 12 16 5 14 14 20 14 21
split_gain=45.451 40.694 40.2291 27.8288 28.9307 16.8922 13.1551 11.2068 10.3555 5.33959 5.24118 4.71822 3.82347 3.60834 3.38187 2.19357 2.56346 1.90957 1.49129 1.20909 0.702387 1.1841 0.473003 0.307558 0.278558
threshold=1.0000000180025095e-35 34.500000000000007 0.072299651567944254 0.79808541973490443 347.26249911101314 -0.71550227415766998 1.0000000180025095e-35 17.500000000000004 7.3436509322732038 49.500000000000007 19.500000000000004 12.500000000000002 1.0000000180025095e-35 1.5000000000000002 9.4248649378543021 2.5000000000000004 24.500000000000004 6.5000000000000009 0.028513356562137052 8.7996099934525915 8.5000000000000018 13.500000000000002 1.0000000180025095e-35 26.500000000000004 1.0000000180025095e-35
decision_type=2 2 2 2 2 2 2 2 2 2 2 2 2 2 2 2 2 2 2 2 2 2 2 2 2
left_child=22 3 -3 5 7 -2 8 10 13 11 19 14 18 -7 -10 -12 -17 -13 -8 -5 -18 -22 -1 -15 -16
right_child=1 2 -4 4 -6 6 12 -9 9 -11 15 17 -14 23 24 16 20 -19 -20 -21 21 -23 -24 -25 -26
leaf_value=-0.048986620993562074 -0.022796839192124503 -0.022796839192124503 0.051834341191081323 0.088953815711866169 0.015698988461892351 0.0073402308798554547 0.0073402308798554547 0.032341860368245996 0.0073402308798554547 -0.0092373584454101317 0.032341860368245996 0.0073402308798554547 0.015698988461892351 -0.0092373584454101317 -0.0092373584454101317 0.032341860368245996 0.082982235891719824 -0.0092373584454101317 0.011519609670873902 0.04756604733543493 0.032341860368245996 0.066561134126507424 -0.022796839192124503 0.0073402308798554547 -0.00094856378277733831
leaf_weight=45.479618034034502 22.876988379051909 85.151492151897401 17.483550341799855 18.268705055117611 31.828400804195553 4.0455494727939358 82.337901177816093 24.674808899406344 4.8600202463567248 12.877064550528301 7.8168958290480068 177.79668092681095 51.712720598094165 104.56856454187073 40.326020038453862 8.9544232748448866 7.3530152291059521 5.6706003830768159 28.263677430339158 6.4921561898663631 5.3783955667167884 4.6223579510115087 1.1662508850567963 8.0802458114922029 1.6267765332013358
leaf_count=55770 5219 10361 293 162 725 39 3904 401 149 638 42 7966 863 6016 1925 84 70 183 275 70 59 48 1530 455 9
internal_value=-0.000584861 0.00237039 -0.0227968 0.00697343 0.0291681 0.00222985 0.00432212 0.0489847 -0.00101853 0.00512289 0.0619462 0.00734023 0.015699 -0.00923736 -0.0084025 0.0466706 0.054774 0.00734023 0.00734023 0.0803699 0.0663252 0.0476482 -0.0479641 -0.00923736 -0.00923736
internal_weight=809.713 763.067 102.635 660.432 115.389 545.043 522.166 83.5608 359.852 243.157 58.8859 230.28 162.314 116.694 46.8128 34.1251 26.3082 183.467 110.602 24.7609 17.3538 10.0008 46.6459 112.649 41.9528
internal_count=97256 39956 10654 29302 1661 27641 22422 936 17380 10870 535 10232 5042 6510 2083 303 261 8149 4179 232 177 107 57300 6471 1934
is_linear=0
shrinkage=0.05


Tree=73
num_leaves=22
num_cat=0
split_feature=0 12 11 2 0 16 16 14 10 12 14 14 5 7 16 20 5 5 5 14 4
split_gain=42.4368 36.4669 49.659 25.9359 18.4196 17.7024 13.3347 10.2894 8.93217 12.6622 8.1658 8.38348 6.53583 2.48619 2.11996 0.592016 0.292849 0.249629 0.763908 0.508901 0.0107546
threshold=-0.71550227415766998 7.5000000000000009 1.5000000000000002 1.0000000180025095e-35 1.9708689465148201 0.084219858156028379 0.020236145236145243 4.5000000000000009 353.65536088579472 3.5000000000000004 3.5000000000000004 14.500000000000002 8.5883147797559811 1.5000000000000002 0.080540540540540564 1.0000000180025095e-35 7.7534739351795627 8.676653388352717 5.7213653196100642 27.500000000000004 0.6839856050382368
decision_type=2 2 2 2 2 2 2 2 2 2 2 2 2 2 2 2 2 2 2 2 2
left_child=14 2 3 -2 6 -3 7 -5 9 10 -4 12 16 15 -1 -9 -12 18 -13 -20 -6
right_child=1 5 8 4 20 -7 -8 13 -10 -11 11 17 -14 -15 -16 -17 -18 -19 19 -21 -22
leaf_value=-0.048077877248787079 -0.020851163971035272 -0.020851163971035272 0.03415462050869595 0.0033083936461434657 0.010708349275275655 0.055194362310574452 0.010708349275275655 -0.0081388424672151991 0.020722266949727675 0.03415462050869595 0.076574695045560179 0.03415462050869595 0.13925875605888535 0.0033083936461434657 -0.020851163971035272 -0.0024152244105358667 0.036574603018081867 0.03415462050869595 0.070039985348394326 0.03415462050869595 0.020722266949727675
leaf_weight=44.839829488541 36.9757801030064 65.022247880813666 10.28511851094663 49.503814219497144 11.712493184953926 8.2602813113480789 104.87676369794644 289.57774843950756 15.20540681487182 39.018690725904889 5.9021310791722552 1.7742613788577717 7.7080974641721687 16.865977352485061 3.4466659310273817 13.283961065812035 3.9916208001086488 3.1831387554411767 6.2367100388510135 2.5230220320518129 65.723591788671911
leaf_count=23371 44196 2625 76 1036 197 116 1257 19991 971 564 68 28 90 451 42 568 57 76 89 81 1166
internal_value=0.00016773 0.00308835 0.00686234 0.00140066 0.00457348 -0.0208512 0.000694432 -0.00409156 0.0400439 0.047587 0.0675622 0.0804039 0.103418 -0.00813884 -0.0447907 -0.00813884 0.0652755 0.0458512 0.0523153 0.060706 0.0207223
internal_weight=805.917 757.631 684.348 588.52 551.544 73.2825 474.108 369.232 95.8282 80.6228 41.6041 31.319 17.6018 319.728 48.2865 302.862 9.89375 13.7171 10.534 8.75973 77.4361
internal_count=97116 73703 70962 68862 24666 2741 23303 22046 2100 1129 565 489 215 21010 23413 20559 125 274 198 170 1363
is_linear=0
shrinkage=0.05


Tree=74
num_leaves=20
num_cat=0
split_feature=12 2 19 0 21 0 14 16 14 10 3 8 1 11 14 12 7 12 10
split_gain=38.8663 39.2738 29.9462 29.1977 24.2217 20.8906 13.0611 19.8392 8.88924 8.12176 6.41625 5.67137 1.89552 1.64399 0.904737 0.717231 0.478551 0.309046 0.120491
threshold=15.500000000000002 1.0000000180025095e-35 1.0000000180025095e-35 -0.71550227415766998 1.0000000180025095e-35 2.4199667199604065 4.5000000000000009 0.026266508969051847 15.500000000000002 397.92131650723792 1.0000000180025095e-35 1.0000000180025095e-35 0.96769636680960047 2.5000000000000004 7.5000000000000009 7.5000000000000009 1.0000000180025095e-35 16.500000000000004 367.73134028412625
decision_type=2 2 2 2 2 2 2 2 2 2 2 2 2 2 2 2 2 2 2
left_child=1 13 3 -3 5 6 9 10 12 -5 14 18 -9 16 -8 -10 -1 -2 -7
right_child=17 2 -4 4 -6 11 7 8 15 -11 -12 -13 -14 -15 -16 -17 -18 -19 -20
leaf_value=-0.048701465490656744 -0.016304837120932197 -0.019152955175560833 -0.019152955175560833 0.020417834833202947 0.06149942329564221 0.027737258949623967 0.0010086001207268464 0.0063681172968212997 0.020417834833202947 -0.0043509170553676065 0.0063681172968212997 0.035056683066044994 0.020417834833202947 -0.019152955175560833 -0.0043509170553676065 0.0063681172968212997 -0.032332248665635485 -0.050487092874058427 0.020417834833202947
leaf_weight=35.859710772201652 1.8949460161384184 36.973262821789831 32.467724881367758 51.834315086714923 21.463219530647621 11.152935410849752 35.372306997422129 72.256523677147925 69.686835362575948 15.521399758290498 40.194380546920002 25.927805301733315 7.799520510248839 0.53449419519165431 263.48035074351355 19.000994320958853 7.0961247867962802 35.634798741084523 16.630053228698671
leaf_count=48514 91 10012 3648 582 259 176 1911 559 945 493 1137 208 62 241 17285 307 8305 1929 395
internal_value=-0.000231447 0.00223907 0.00505043 0.00773086 0.0104511 0.00861394 0.00577899 0.00287755 0.0168338 0.0204178 -0.00409756 0.0350567 0.00636812 -0.0433563 -0.00435092 0.0204178 -0.0455115 -0.0492291 0.0204178
internal_weight=800.782 763.252 719.762 687.294 650.321 628.857 575.147 507.791 168.744 67.3557 339.047 53.7108 80.056 43.4903 298.853 88.6878 42.9558 37.5297 27.783
internal_count=97059 95039 37979 34331 24319 24060 23281 22206 1873 1075 20333 779 621 57060 19196 1252 56819 2020 571
is_linear=0
shrinkage=0.05


Tree=75
num_leaves=31
num_cat=0
split_feature=12 22 0 18 8 1 9 11 14 14 9 10 7 16 4 10 14 9 14 0 10 5 0 3 0 9 9 3 9 9
split_gain=40.0439 40.7962 39.0328 28.7458 18.6934 25.6731 10.5827 10.2234 8.59083 6.9684 6.68364 6.58768 6.30858 5.43456 5.21745 3.69479 3.26503 2.06049 1.98347 1.73366 1.31298 0.587174 0.560614 0.517119 0.473384 0.266538 0.164959 0.164327 0.115551 0.0530708
threshold=16.500000000000004 1.0000000180025095e-35 -0.71550227415766998 1.0000000180025095e-35 1.0000000180025095e-35 0.54901866278369138 33.500000000000007 1.0000000180025095e-35 15.500000000000002 3.5000000000000004 26.500000000000004 14.097953027773768 1.0000000180025095e-35 0.11237373737373739 0.79187293729372954 12.952148225360462 10.500000000000002 28.500000000000004 1.5000000000000002 0.020035040909871998 351.62011385585834 8.9993076393844991 2.8253796890422285 1.0000000180025095e-35 0.88075412891582017 30.500000000000004 5.5000000000000009 1.0000000180025095e-35 32.500000000000007 31.500000000000004
decision_type=2 2 2 2 2 2 2 2 2 2 2 2 2 2 2 2 2 2 2 2 2 2 2 2 2 2 2 2 2 2
left_child=1 2 15 4 6 23 7 8 11 -8 12 -4 14 -11 -7 -1 18 -10 -13 -18 -9 -14 -12 -6 -16 -19 -17 -28 29 -27
right_child=-2 -3 3 -5 5 10 9 20 17 13 22 16 21 -15 24 26 19 25 -20 -21 -22 -23 -24 -25 -26 28 27 -29 -30 -31
leaf_value=-0.016078704818434778 -0.050503328020336982 -0.050495914527697666 0.0047815104790773482 0.063890023038022367 0.010884386021779558 0.026374763069393459 0.010884386021779558 0.010884386021779558 0.0047815104790773482 -0.016078704818434778 0.026374763069393459 -0.00436542004768674 0.076362061666615369 0.010884386021779558 0.039404739378957845 -0.031097267332571506 -0.016078704818434778 -0.016078704818434778 -0.016078704818434778 -0.00436542004768674 0.0047815104790773482 0.052434715688522232 0.056242729563841 0.026374763069393459 0.052434715688522232 -0.0037319179163702422 -0.04860619635027412 -0.031097267332571506 -0.010452123844574206 0.0047815104790773482
leaf_weight=3.5279056860890696 35.378963713301346 32.832095446472522 15.092557979747651 21.695510714314878 84.582907030067872 13.75939373928122 7.7766599280294022 87.791721511282958 82.199896141828503 88.599447984306607 18.758004098897803 4.1817558909533536 20.676729652564976 4.8160368753597131 5.4904393315082443 0.52196313868625921 12.740385275392326 6.6047277416218986 73.015555637597572 50.740200522181112 44.113172779092565 5.5791853844420976 4.0724737127311519 14.51260979415383 14.425293365260584 2.1901974802021869 36.87312125612516 0.85520744617679056 2.6706155714928173 2.555188478436321
leaf_count=899 1984 4158 1379 261 9803 351 100 2246 12251 16539 717 59 218 60 132 178 2934 1326 7977 5627 3964 75 50 832 359 588 20775 301 566 566
internal_value=0.000750245 0.00318897 0.00566783 0.00853535 0.00664172 0.0202659 0.00150292 0.00529753 -0.00132137 -0.0128038 0.0418651 -0.00926298 0.0511842 -0.0160787 0.0350971 -0.0406928 -0.0135124 0.00478151 -0.0160787 -0.00436542 0.0108844 0.0697724 0.0263748 0.0108844 0.0524347 -0.0160787 -0.0461158 -0.047352 -0.00377214 0.00115213
internal_weight=798.63 763.251 730.419 688.641 666.945 181.857 485.088 383.896 251.991 101.192 82.7615 155.77 59.931 93.4155 33.6751 41.7782 140.678 96.2206 77.1973 63.4806 131.905 26.2559 22.8305 99.0955 19.9157 14.0207 38.2503 37.7283 7.416 4.74539
internal_count=97275 95291 91133 68980 68719 12537 56182 39483 33273 16699 1902 17976 1135 16599 842 22153 16597 15297 8036 8561 6210 293 767 10635 491 3046 21254 21076 1720 1154
is_linear=0
shrinkage=0.05


Tree=76
num_leaves=29
num_cat=0
split_feature=12 2 22 14 16 14 3 11 14 8 1 10 16 9 5 5 10 9 9 9 14 9 14 16 21 5 9 18
split_gain=36.3629 39.0001 28.1974 24.8625 23.8219 27.0091 16.7264 16.1992 17.8396 7.55001 4.45485 3.29728 2.63737 2.51008 5.50229 4.78334 1.977 1.83607 1.57699 1.24356 1.04417 0.918925 0.831097 0.77496 0.327197 0.142105 0.0745612 0.0506269
threshold=15.500000000000002 1.0000000180025095e-35 1.0000000180025095e-35 1.5000000000000002 0.12660256410256412 35.500000000000007 1.0000000180025095e-35 1.0000000180025095e-35 14.500000000000002 1.0000000180025095e-35 0.61808954601985977 351.62011385585834 0.064866760168302964 22.500000000000004 8.5883147797559811 7.8683426818990627 320.83646781467826 29.500000000000004 28.500000000000004 74.500000000000014 23.500000000000004 48.500000000000007 7.5000000000000009 0.15978723404255321 1.0000000180025095e-35 3.8403037988383915 28.500000000000004 1.0000000180025095e-35
decision_type=2 2 2 2 2 2 2 2 2 2 2 2 2 2 2 2 2 2 2 2 2 2 2 2 2 2 2 2
left_child=1 23 3 13 5 6 7 8 9 17 22 -9 -7 14 -3 -15 26 24 -8 25 -18 -19 -11 27 -5 -10 -6 -1
right_child=-2 2 -4 4 16 12 18 11 19 10 -12 -13 -14 15 -16 -17 20 21 -20 -21 -22 -23 -24 -25 -26 -27 -28 -29
leaf_value=-0.047648763385608806 -0.050028420269604128 0.086607509205384903 -0.020558084168638788 -0.020558084168638788 0.056426210902071741 -0.020558084168638788 0.023573226403063838 0.012990781233654318 -0.020558084168638788 -0.0025451089437834823 0.0047229311416370811 0.0047229311416370811 0.023573226403063838 -0.0018271860810653675 0.017553841626988708 0.056426322016059988 0.023573226403063838 -0.0098131490292040456 0.012990781233654318 -0.020558084168638788 0.03764804322562993 -0.020558084168638788 -0.0098131490292040456 -0.020558084168638788 -0.0098131490292040456 0.0047229311416370811 0.03764804322562993 -0.033518777946513471
leaf_weight=40.530555026547518 34.907646694453433 9.8978907880373317 30.700227525783703 102.40635139774531 18.603486172389243 48.322760663926601 53.51671857573092 91.428548211231828 2.3583137390669426 10.994790701661257 23.359171641990542 53.325485320296139 3.0617168582975856 5.924056029878555 4.7489817179739466 7.4824591521173716 3.0118057914078218 22.825878700939942 21.239134227391332 2.4394051439594469 5.4506608610972762 5.8907010296825311 22.79441517428495 0.13823819253593583 1.3467665463685978 156.89449067949317 7.1950116334483019 0.38983086016378266
leaf_count=56548 2039 81 3649 7259 316 8388 1050 1565 130 476 210 2046 31 45 46 57 20 1448 380 148 85 417 1233 3 7 8839 121 532
internal_value=-0.000865436 0.00146686 0.0042128 0.0067279 0.00471715 0.0024474 0.00581681 0.00240834 -0.00354492 -0.014262 0.000931786 0.0129908 -0.0205581 0.0519987 0.0667709 0.0323453 0.044699 -0.0205581 0.0235732 0.00472293 0.0235732 -0.00981315 -0.00981315 -0.045329 -0.0205581 0.00472293 0.0517229 -0.0464795
internal_weight=791.185 756.278 715.219 684.519 656.466 622.205 570.82 496.064 351.31 189.618 57.1484 144.754 51.3845 28.0534 14.6469 13.4065 34.261 132.47 74.7559 161.692 8.46247 28.7166 33.7892 41.0586 103.753 159.253 25.7985 40.9204
internal_count=97169 95130 38047 34398 34169 33627 25208 23778 20167 11050 1919 3611 8419 229 127 102 542 9131 1430 9117 105 1865 1709 57083 7266 8969 437 57080
is_linear=0
shrinkage=0.05


Tree=77
num_leaves=19
num_cat=0
split_feature=21 17 14 2 16 7 13 0 10 16 14 0 11 9 9 14 8 14
split_gain=34.9379 46.4196 36.6975 36.7128 25.7761 19.9452 13.7995 11.2135 6.96204 6.87165 5.59003 5.04172 1.87618 1.83158 2.48894 1.39272 0.896344 0.800404
threshold=1.0000000180025095e-35 1.0000000180025095e-35 51.500000000000007 1.0000000180025095e-35 0.087337909992372245 1.5000000000000002 0.83498308840681135 -0.62080307177276917 355.18222700609039 0.019884023590655994 1.5000000000000002 1.5772676958670611 2.5000000000000004 32.500000000000007 12.500000000000002 8.5000000000000018 1.0000000180025095e-35 12.500000000000002
decision_type=2 2 2 2 2 2 2 2 2 2 2 2 2 2 2 2 2 2
left_child=1 2 3 12 -4 6 7 -5 -8 10 -9 13 -1 14 -12 -16 -13 -11
right_child=-2 -3 4 5 -6 -7 8 9 -10 17 11 16 -14 -15 15 -17 -18 -19
leaf_value=-0.047301369562983489 0.062600970740323433 -0.051084395329634616 -0.050422152861635983 -0.018866614712877594 0.030082556225531146 0.030082556225531146 0.017252299574505105 0.0039551676428223569 0.0090229452909382987 0.0039551676428223569 -0.0080278794055541874 -0.0019150739300850938 -0.018866614712877594 -0.0080278794055541874 -0.0080278794055541874 -0.0019150739300850938 0.0039551676428223569 0.0090229452909382987
leaf_weight=35.290925494133262 20.225719540845603 45.067787821084494 49.888268164824694 25.583662974415347 7.1485202005133024 37.571440274594352 71.793578448239714 18.208940137177706 29.690388552844524 42.817731913179159 46.672957979608327 39.161799634806812 0.30176448926795174 51.761909257853404 38.278641697485 118.77678761444986 26.593591583892703 75.762689696159214
leaf_count=50412 258 6701 11472 6114 139 724 906 147 1075 302 2915 1321 71 3417 1872 7653 292 1076
internal_value=-0.000672779 -0.00243586 0.000696286 0.00405083 -0.0374215 0.00690081 0.00442204 0.000793591 0.0172523 0.00281086 -0.00111261 -0.00444423 -0.044634 -0.00778532 -0.00325771 -0.00191507 0.00395517 0.00902295
internal_weight=780.597 760.371 715.304 658.267 57.0368 622.674 585.103 483.619 101.484 458.035 339.455 321.246 35.5927 255.49 203.728 157.055 65.7554 118.58
internal_count=96867 96609 89908 78297 11611 27814 27090 25109 1981 18995 17617 17470 50483 15857 12440 9525 1613 1378
is_linear=0
shrinkage=0.05


Tree=78
num_leaves=16
num_cat=0
split_feature=12 2 19 0 21 8 0 10 11 13 14 14 11 14 21
split_gain=37.3537 34.9862 26.4894 25.5386 19.905 18.9301 16.3092 8.9484 6.14556 5.91662 4.15203 4.85894 1.69644 1.4312 0.135619
threshold=15.500000000000002 1.0000000180025095e-35 1.0000000180025095e-35 -0.71550227415766998 1.0000000180025095e-35 1.0000000180025095e-35 1.6981219342632818 347.26249911101314 1.0000000180025095e-35 0.62673046251993636 12.500000000000002 31.500000000000004 2.5000000000000004 4.5000000000000009 1.0000000180025095e-35
decision_type=2 2 2 2 2 2 2 2 2 2 2 2 2 2 2
left_child=1 12 3 -3 5 7 9 8 13 -7 -9 -12 14 -5 -1
right_child=-2 2 -4 4 -6 6 -8 10 -10 -11 11 -13 -14 -15 -16
leaf_value=-0.047425823118619134 -0.051389694992434634 -0.019160865506024388 -0.019160865506024388 0.0081824112486106378 0.059408087343748528 0.012531436821376963 0.033970094248312835 -0.0045277907905647667 0.012531436821376963 0.023250765534844897 0.0038333856758443158 -0.0045277907905647667 -0.019160865506024388 0.0038333856758443158 -0.032638193117963447
leaf_weight=37.049810302967671 32.248392259760294 33.096477840328589 28.511802964378148 17.538105285260826 18.873246390372515 98.428239476634189 51.373120800359175 90.508566222386435 101.79458791669458 31.984266141429543 135.64135336061008 24.304729480762035 0.48879020335152645 76.668630964355543 0.026970796287058785
leaf_count=56946 2062 10033 3609 282 257 3156 483 4732 1758 563 6501 2257 246 4324 1
internal_value=0.000466977 0.00277356 0.00529019 0.00768369 0.0101053 0.0085321 0.022087 0.00297585 0.0109503 0.0125314 -0.00328357 0.00366002 -0.0436119 0.00383339 -0.0461155
internal_weight=778.537 746.289 708.723 680.211 647.115 628.242 181.786 446.456 196.001 130.413 250.455 159.946 37.5656 94.2067 37.0768
internal_count=97210 95148 37955 34346 24313 24056 4202 19854 6364 3719 13490 8758 57193 4606 56947
is_linear=0
shrinkage=0.05


Tree=79
num_leaves=22
num_cat=0
split_feature=14 22 2 18 15 7 0 14 15 4 0 3 11 14 15 4 14 11 0 8 18
split_gain=30.4048 33.2878 32.3788 21.6714 20.464 14.7766 11.0405 8.81731 9.10204 7.53871 5.49043 4.60424 3.83035 3.62882 2.68429 2.50884 2.31823 1.83118 1.45092 0.63319 0.176886
threshold=51.500000000000007 1.0000000180025095e-35 1.0000000180025095e-35 1.0000000180025095e-35 9.5000000000000018 1.5000000000000002 -0.71550227415766998 1.5000000000000002 2.5000000000000004 0.67586600685192244 1.3345637053958266 1.0000000180025095e-35 1.0000000180025095e-35 260.50000000000006 1.0000000180025095e-35 0.90883116883116888 25.500000000000004 2.5000000000000004 2.8253796890422285 1.0000000180025095e-35 1.0000000180025095e-35
decision_type=2 2 2 2 2 2 2 2 2 2 2 2 2 2 2 2 2 2 2 2 2
left_child=1 2 17 5 18 6 -4 -8 9 -9 15 12 14 -6 -11 -7 -14 20 -2 -12 -1
right_child=4 -3 3 -5 13 10 7 8 -10 11 19 -13 16 -15 -16 -17 -18 -19 -20 -21 -22
leaf_value=-0.047108826097595265 -0.049294110762301412 -0.050021656339463316 -0.01789277271498672 0.059093840247340185 0.048490267803896821 0.019296301360253846 0.019296301360253846 -0.0064447120630100087 0.019296301360253846 -0.0010430223105502127 0.038188506041652359 0.01051403081270131 0.0062677458833389418 -0.0073508288249617615 0.0026123617863943651 0.038188506041652359 0.0026123617863943651 -0.01789277271498672 -0.0073508288249617615 0.067553678889520588 -0.031767401167171756
leaf_weight=32.985577179410029 47.118249519524397 28.093599371786695 23.748122456716374 18.40508180949837 6.9396554976701719 19.756194180576134 24.811730412766337 65.539761481573805 23.804236335679889 218.496021353174 6.3027542550116751 60.41278690751642 106.74174843542278 1.3945012413896618 59.218107103835791 2.907963339239358 20.853145994013175 0.29044694575713847 0.2318723993957964 9.4687546035274863 0.026151299476622536
leaf_count=51990 11873 4143 5914 235 161 508 177 2828 327 13659 77 1119 2253 74 727 80 985 70 8 72 1
internal_value=-0.000385362 0.00238032 0.00457124 0.00702125 -0.0356477 0.00543898 0.00349559 0.00500335 0.00336787 0.00173176 0.035097 0.00435867 0.00202146 0.0335718 -0.00104302 0.0192963 0.00626775 -0.0428068 -0.0482735 0.0570807 -0.045642
internal_weight=777.546 721.862 693.769 660.466 55.6843 642.061 603.626 579.878 555.066 531.262 38.4357 465.722 405.309 8.33416 277.714 22.6642 127.595 33.3022 47.3501 15.7715 33.0117
internal_count=97281 85165 81022 28961 12116 28726 27989 22075 21898 21571 737 18743 17624 235 14386 588 3238 52061 11881 149 51991
is_linear=0
shrinkage=0.05


Tree=80
num_leaves=22
num_cat=0
split_feature=19 14 16 2 21 13 10 0 14 14 3 4 0 9 9 0 5 14 5 21 13
split_gain=29.7734 32.4931 44.2156 31.5867 18.6555 14.8675 17.9567 11.1153 11.0766 8.37495 8.43445 3.87283 3.44288 1.233 1.19526 1.32883 1.17672 1.14892 1.02498 0.923886 0.122877
threshold=1.0000000180025095e-35 42.500000000000007 0.072299651567944254 1.0000000180025095e-35 1.0000000180025095e-35 0.79504312598013605 351.62011385585834 -0.62080307177276917 18.500000000000004 1.5000000000000002 1.0000000180025095e-35 0.82866927592954998 2.5127593914237871 29.500000000000004 47.500000000000007 2.8253796890422285 8.2360076701395872 27.500000000000004 7.1042461505127674 1.0000000180025095e-35 1.20812518111533
decision_type=2 2 2 2 2 2 2 2 2 2 2 2 2 2 2 2 2 2 2 2 2
left_child=1 3 12 19 5 7 17 -5 9 -9 11 -11 -3 -12 -10 -16 18 -7 -13 20 -1
right_child=-2 2 -4 4 -6 6 -8 8 14 10 13 16 -14 -15 15 -17 -18 -19 -20 -21 -22
leaf_value=-0.045287962463143136 -0.049863132187632289 -0.050229841491130224 0.054764519918344669 -0.016826106475754533 0.058186874504310419 0.032660464261176456 0.013159273762989993 0.013159273762989993 0.013159273762989993 -0.0058021756030743618 0.013159273762989993 0.003840054094890008 0.0031357430781012471 0.003840054094890008 -0.0058021756030743618 0.013159273762989993 0.003840054094890008 0.022909869012083223 -0.0010865232002531288 -0.016826106475754533 -0.03032126234030379
leaf_weight=30.511834801000084 26.767878746322822 55.173625271039782 11.80718372017145 23.780912386020645 17.451018566265702 73.701330710202456 34.525152375223115 19.575539238750935 119.34273098036647 180.15144492615946 30.672799362801015 23.460194821003824 0.61019993090303515 11.940373552963136 10.636365290265527 0.79920556582510549 51.044615552294999 10.883317613974212 34.062585914041847 0.025376224890350296 0.5119439710106225
leaf_count=50164 4166 14584 240 5560 226 747 946 153 5040 8153 582 1038 21 192 591 14 2144 266 1482 1 614
internal_value=0.000969762 0.00287163 -0.02992 0.00620409 0.00861006 0.00713405 0.0229492 0.00336938 0.00522176 0.000290695 -0.00229638 -0.00547917 -0.048493 0.0131593 0.0131593 -0.00580218 0.00362913 0.0326605 -0.00108652 -0.0422623 -0.0438164
internal_weight=767.436 740.668 67.591 673.077 642.028 624.577 119.11 505.467 481.686 350.908 331.332 288.719 55.7838 42.6132 130.778 11.4356 108.567 84.5846 57.5228 31.0492 31.0238
internal_count=96924 92758 14845 77913 27134 26908 1959 24949 19389 13744 13591 12817 14605 774 5645 605 4664 1013 2520 50779 50778
is_linear=0
shrinkage=0.05


Tree=81
num_leaves=21
num_cat=0
split_feature=21 17 2 0 0 16 9 8 3 5 4 5 5 5 16 10 5 16 9 9
split_gain=28.8419 40.8987 27.2694 19.7228 16.5521 9.74144 7.33692 3.77215 3.35166 2.91933 2.43191 1.88352 1.68593 2.69884 1.10853 1.05538 0.965966 0.731588 0.638489 0.241511
threshold=1.0000000180025095e-35 1.0000000180025095e-35 1.0000000180025095e-35 -0.70282441671369122 2.4199667199604065 0.12660256410256412 31.500000000000004 1.0000000180025095e-35 1.0000000180025095e-35 9.2082807187888704 0.7914855072463769 9.1094630449962306 8.0429434668414448 6.4269917435482302 0.03109959700633276 367.73134028412625 9.1980056239386681 0.15978723404255321 41.500000000000007 46.500000000000007
decision_type=2 2 2 2 2 2 2 2 2 2 2 2 2 2 2 2 2 2 2 2
left_child=1 2 17 -4 5 6 8 15 10 -8 11 12 13 -5 18 -6 -12 -1 -11 -20
right_child=-2 -3 3 4 7 -7 9 -9 -10 14 16 -13 -14 -15 -16 -17 -18 -19 19 -21
leaf_value=-0.045437903706337428 0.060520679192365548 -0.050669616641551556 -0.020570805172848629 -0.0078071886203908026 0.022509924211967028 0.015845751066689555 -0.0078071886203908026 0.029174097357244494 0.0082651955549949765 -0.0078071886203908026 0.0049631450382604265 0.0011477146469825951 -0.0078071886203908026 0.0011477146469825951 0.0082651955549949765 0.015845751066689555 0.0011477146469825951 -0.020570805172848629 0.0006705255883071152 -0.0078071886203908026
leaf_weight=31.540356328128841 17.808160436572507 40.077519668906461 31.884847806650214 22.154539742972702 11.077122450340541 26.801009111572057 117.01142780203372 25.459339787252247 49.967326970305294 7.5672335906419921 171.11239104741253 32.01776013080962 60.397491173818707 60.014658845961094 4.2651616814546278 16.114622404798865 31.152234214823693 0.12928856373764475 1.9974455065093932 3.7484764608088881
leaf_count=55239 264 6767 9969 1106 185 412 5236 207 1013 367 7471 1408 2731 2732 65 375 1347 2 102 229
internal_value=-0.000630531 -0.00217248 0.000654675 0.00281699 0.00495643 0.0025174 0.00068464 0.0291741 0.00393222 -0.00780719 0.00166109 -0.00266772 -0.00596649 -0.000240198 0.0082652 0.0158458 0.00496315 -0.0439586 -0.00692414 0.000670526
internal_weight=762.298 744.49 704.413 672.743 640.858 588.207 561.406 52.6511 426.816 134.59 376.849 174.584 142.567 82.1692 17.5783 27.1917 202.265 31.6696 13.3132 5.74592
internal_count=97227 96963 90196 34955 24986 24219 23807 767 17808 5999 16795 7977 6569 3838 763 560 8818 55241 698 331
is_linear=0
shrinkage=0.05


Tree=82
num_leaves=22
num_cat=0
split_feature=12 19 2 16 0 7 12 11 4 8 11 18 5 0 9 15 0 5 9 7 5
split_gain=30.0683 28.6957 29.9417 20.4868 19.8919 15.4152 8.60954 12.6034 5.92096 4.14073 1.77186 1.35478 1.17996 0.579191 0.373922 0.81586 0.290361 0.147546 0.470174 0.132046 0.0804393
threshold=17.500000000000004 1.0000000180025095e-35 1.0000000180025095e-35 0.13680926916221037 -0.71550227415766998 1.5000000000000002 6.5000000000000009 1.5000000000000002 0.67586600685192244 1.0000000180025095e-35 2.5000000000000004 1.0000000180025095e-35 5.1003242759222021 2.8253796890422285 28.500000000000004 4.5000000000000009 0.22027858537439496 9.1512976091682621 29.500000000000004 1.0000000180025095e-35 9.1980056239386681
decision_type=2 2 2 2 2 2 2 2 2 2 2 2 2 2 2 2 2 2 2 2 2
left_child=1 2 10 4 -4 6 7 8 -6 11 19 12 -10 17 -5 -16 -11 -14 20 -1 -19
right_child=-2 -3 3 14 5 -7 -8 -9 9 16 -12 -13 13 -15 15 -17 -18 18 -20 -21 -22
leaf_value=-0.048140101239878934 -0.050506052480813468 -0.049385873974246416 -0.017469047934656517 0.05417304490610865 -0.004893022530793073 0.02710835934040744 -0.004893022530793073 0.016243906814995459 0.0062730349983276847 0.0062730349983276847 -0.017469047934656517 0.0062730349983276847 0.00063208501644670132 0.0062730349983276847 0.02710835934040744 0.048180790254937114 0.010032818475942871 0.0034525600073871928 0.0034525600073871928 -0.031372710117945644 0.00063208501644670132
leaf_weight=25.310457285318996 25.952699717367068 24.011477323248982 29.974696160876192 19.272678374079991 59.108986555133015 42.15974343335256 38.532291690353304 65.993741628248245 11.609202716033904 28.280931140528992 0.43854242988163505 6.3570074439048758 222.94887933391146 8.9195182099938375 2.6605326160788518 5.6952145816758275 94.149951343424618 2.739911211654543 9.4216517938766611 5.1552977954270309 33.016185119049624
leaf_count=48024 1873 4122 9938 350 2797 657 996 1050 732 1581 243 49 11940 213 38 118 1576 136 526 8300 1754
internal_value=0.00136701 0.00326283 0.00510578 0.00731425 0.00549089 0.007683 0.00537945 0.00746203 0.00382173 0.00615719 -0.0422523 0.00251325 0.00114711 0.000632085 0.0487258 0.0317143 0.0100328 0.000632085 0.00345256 -0.0452764 0.000632085
internal_weight=761.71 735.757 711.745 680.841 653.213 623.238 581.078 542.546 476.552 417.443 30.9043 295.012 288.655 277.046 27.6284 8.35575 122.431 268.127 45.1777 30.4658 35.7561
internal_count=97013 95140 91018 34451 33945 24007 23350 22354 21304 18507 56567 15350 15301 14569 506 156 3157 14356 2416 56324 1890
is_linear=0
shrinkage=0.05


Tree=83
num_leaves=31
num_cat=0
split_feature=14 19 2 16 15 12 11 10 14 0 3 14 14 4 10 9 11 0 0 10 14 9 9 0 12 9 9 9 9 9
split_gain=27.3956 27.1425 24.8435 21.9423 19.0999 17.2728 18.4424 11.3116 13.6765 8.07091 7.1777 4.13506 3.6033 3.16431 2.91905 1.83559 1.77061 1.71179 1.32213 1.00469 0.94895 2.00286 0.665693 0.593237 0.412906 0.365528 0.222915 0.459741 0.340509 0.172489
threshold=51.500000000000007 1.0000000180025095e-35 1.0000000180025095e-35 0.1181455633100698 2.5000000000000004 6.5000000000000009 1.5000000000000002 14.097953027773768 17.500000000000004 -0.30857673888005377 1.0000000180025095e-35 3.5000000000000004 10.500000000000002 0.90883116883116888 353.65536088579472 52.500000000000007 2.5000000000000004 2.6425224776270224 -0.71550227415766998 357.17233208902167 13.500000000000002 15.500000000000002 10.500000000000002 0.020035040909871998 1.5000000000000002 12.500000000000002 29.500000000000004 31.500000000000004 47.500000000000007 4.5000000000000009
decision_type=2 2 2 2 2 2 2 2 2 2 2 2 2 2 2 2 2 2 2 2 2 2 2 2 2 2 2 2 2 2
left_child=1 2 16 17 5 6 7 -4 10 -10 11 -9 13 -13 -8 18 -1 -2 -14 -6 21 22 -20 -12 -22 29 -23 -28 -29 -15
right_child=3 -3 4 -5 19 -7 14 8 9 -11 23 12 15 25 -16 -17 -18 -19 20 -21 24 26 -24 -25 -26 -27 27 28 -30 -31
leaf_value=-0.044784968984993699 -0.050101457703999742 -0.049429102054211582 0.014576602689631298 0.047199827159277764 0.052486619753054076 -0.017680556375409211 0.025877448343927668 -0.00085680627734604294 -0.017680556375409211 0.007472144589525432 -0.00085680627734604294 -0.017680556375409211 -0.017680556375409211 -0.00085680627734604294 0.014576602689631298 -0.017680556375409211 -0.017680556375409211 -0.0008819123495957343 -0.010638513198265124 0.025877448343927668 -0.00085680627734604294 -0.010638513198265124 -0.00085680627734604294 0.007472144589525432 -0.010638513198265124 -0.00085680627734604294 -0.00085680627734604294 -0.010638513198265124 -0.00085680627734604294 -0.0092686813263776254
leaf_weight=27.523810949875045 42.293461031396873 23.582371397147654 50.939409195212647 6.0558673394843927 21.083299246151004 38.100195891689509 56.188792873872444 23.762673291843385 18.617479425156489 136.30298807658255 6.5014498822856686 86.260513936285861 4.5862041076179585 0.74126560986042278 10.660797277931122 6.8758500288240603 0.27357920352369447 0.22179322660667722 8.5141461475286651 4.6116232052445403 71.04161734925583 28.749091802164912 12.019382438389583 36.235876719467342 2.4499749513342968 12.409658189397303 1.8927052489016194 8.7149735083803499 0.91847176873125214 4.1610775671433657
leaf_count=51946 11911 4185 1490 156 388 1170 587 483 3956 5198 329 5191 1352 21 576 358 70 8 410 36 3256 1331 566 487 129 648 114 430 47 249
internal_value=-0.000335909 0.00219178 0.00405158 -0.0362637 0.00604921 0.00427755 0.0065495 0.00327576 0.000367686 0.00747214 -0.00606462 -0.00918576 -0.0116852 -0.0176806 0.0258774 -0.00650827 -0.0414103 -0.0489637 -0.00479665 0.0474773 -0.00359647 -0.00826117 -0.000856806 0.00747214 -0.000856806 -0.000856806 -0.0106385 -0.000856806 -0.0106385 -0.00926868
internal_weight=752.29 703.719 680.137 48.5711 652.34 626.645 588.544 521.695 470.755 154.92 315.835 273.098 249.335 103.573 66.8496 145.762 27.7974 42.5153 138.887 25.6949 134.3 60.8088 20.5335 42.7373 73.4916 17.312 40.2752 11.5262 9.63345 4.90234
internal_count=97078 85003 80818 12075 28802 28378 27208 26045 24555 9154 15401 14585 14102 6109 1163 7993 52016 11919 7635 424 6283 2898 976 816 3385 918 1922 591 477 270
is_linear=0
shrinkage=0.05


Tree=84
num_leaves=25
num_cat=0
split_feature=14 16 19 2 14 21 0 11 14 12 10 0 10 14 0 0 4 21 9 9 12 9 11 5
split_gain=28.8231 34.528 27.013 24.4192 22.648 17.4194 13.4227 12.1986 10.2962 9.78859 7.38971 5.66239 5.18576 7.13614 3.41041 3.11512 2.54385 0.886683 0.821024 1.03355 0.537141 0.305583 0.186526 0.152215
threshold=42.500000000000007 0.072299651567944254 1.0000000180025095e-35 1.0000000180025095e-35 1.0000000180025095e-35 1.0000000180025095e-35 2.8253796890422285 1.0000000180025095e-35 17.500000000000004 6.5000000000000009 355.18222700609039 -0.30857673888005377 14.097953027773768 10.500000000000002 2.5127593914237871 1.9065244410058804 0.66559139784946253 1.0000000180025095e-35 20.500000000000004 25.500000000000004 1.0000000180025095e-35 49.500000000000007 2.5000000000000004 5.8233965048167171
decision_type=2 2 2 2 2 2 2 2 2 2 2 2 2 2 2 2 2 2 2 2 2 2 2 2
left_child=2 14 3 17 -5 6 7 8 12 10 -9 -10 -6 15 -2 -14 -15 22 -18 -20 21 -21 -1 -8
right_child=1 -3 -4 4 5 -7 23 9 11 -11 -12 -13 13 16 -16 -17 18 -19 19 20 -22 -23 -24 -25
leaf_value=-0.044465999827303794 -0.050150155634870755 0.050634646163250446 -0.049119379893922399 0.069939084102891444 0.0057670777633968343 0.057285792326711694 0.017120252080623264 0.017120252080623264 -0.016550697447112395 0.0057670777633968343 0.0057670777633968343 0.0057670777633968343 -0.016550697447112395 -0.016550697447112395 0.0011938270570605175 -0.0021699848905551099 -0.0021699848905551099 -0.016550697447112395 -0.009360341168833752 -0.0021699848905551099 -0.009360341168833752 -0.009360341168833752 -0.029601512767799234 0.031094224124825938
leaf_weight=25.902937181323075 50.414107134769438 9.7830736548639816 22.220138086820953 13.303922389633952 19.783042299561203 15.309044530615209 2.4334426689893034 97.393277277238667 13.981555053265764 37.281523027457297 55.960044910898432 110.37529163248837 97.85735571035184 13.052091796183957 0.54586077790008758 11.368688287213443 63.748488083016127 0.024606602266429856 17.515597071265802 30.722205654717982 6.0769369713962069 4.3552096983185029 0.1145421575056379 27.702261602971703
leaf_count=50810 14553 227 4161 93 869 220 34 1534 2681 995 2383 4504 5922 775 25 230 3425 1 1023 1616 317 294 33 373
internal_value=0.000966529 -0.0317593 0.00390424 0.0057491 0.00770983 0.0062754 0.00490266 0.00314628 -0.00193753 0.0134717 0.0171203 0.00576708 -0.00780683 -0.010107 -0.048247 -0.0165507 -0.00216998 -0.0408112 -0.00216998 -0.00917439 -0.00216998 -0.00216998 -0.0426523 0.0310942
internal_weight=747.225 60.743 686.482 664.262 638.22 624.916 609.607 579.471 388.836 190.635 153.353 124.357 264.48 244.697 50.96 109.226 135.471 26.0421 122.418 58.6699 41.1544 35.0774 26.0175 30.1357
internal_count=97098 14805 82293 78132 27288 27195 26975 26568 21656 4912 3917 7185 14471 13602 14578 6152 7450 50844 6675 3250 2227 1910 50843 407
is_linear=0
shrinkage=0.05


Tree=85
num_leaves=23
num_cat=0
split_feature=14 19 2 21 8 15 1 12 11 0 14 14 14 3 15 9 15 1 21 0 9 15
split_gain=26.9028 25.5751 24.4487 17.8271 14.7475 14.4202 13.5313 10.1751 9.13121 6.7487 4.4958 8.34937 3.60744 2.53379 2.34181 2.1356 1.42007 2.62389 0.881702 0.678834 0.558338 0.148881
threshold=51.500000000000007 1.0000000180025095e-35 1.0000000180025095e-35 1.0000000180025095e-35 1.0000000180025095e-35 9.5000000000000018 0.5646102873689961 7.5000000000000009 1.5000000000000002 -0.71550227415766998 17.500000000000004 4.5000000000000009 260.50000000000006 1.0000000180025095e-35 3.5000000000000004 29.500000000000004 1.0000000180025095e-35 0.11765859511092142 1.0000000180025095e-35 2.4199667199604065 47.500000000000007 8.5000000000000018
decision_type=2 2 2 2 2 2 2 2 2 2 2 2 2 2 2 2 2 2 2 2 2 2
left_child=1 2 18 4 7 -2 13 8 9 -4 11 -11 -7 -6 -9 -8 -13 -18 21 -17 -12 -1
right_child=5 -3 3 -5 6 12 15 14 -10 10 20 16 -14 -15 -16 19 17 -19 -20 -21 -22 -23
leaf_value=-0.046222237910265661 -0.048836679882184625 -0.049168686745528156 -0.017925751997849633 0.056889746600604134 0.008826398096001848 0.045528902942157029 0.031081219768503934 -0.017925751997849633 0.008826398096001848 0.0036041005768307054 0.0036041005768307054 -0.008880429046649296 -0.011044739691380196 0.019953808932252889 0.008826398096001848 0.019953808932252889 -0.0046208555611497761 0.0036041005768307054 -0.017925751997849633 0.031081219768503934 -0.008880429046649296 -0.0311537867783684
leaf_weight=25.203901876724565 37.416863923630444 21.740027251507854 15.311751786386592 16.196051617152989 84.425984981353395 5.3742280662991098 63.559934162534773 26.243771729990844 63.290914532030001 41.288626028224826 97.423534306231886 144.08763212780468 1.510083074797876 14.707790011540053 2.8726145513355723 14.491687419824304 18.294793404638767 34.053870880976319 0.024222766980527832 5.5337370224297038 10.554123596055431 0.12497373670339484
leaf_count=52034 11879 4210 4647 243 3958 158 552 928 1140 798 5131 9922 86 234 30 137 170 294 1 45 622 1
internal_value=0.00058356 0.00299796 0.00474143 0.00663934 0.00527269 -0.0367599 0.0172232 0.00042959 0.00258156 -0.0016182 0.000164894 -0.0044155 0.0267472 0.0088264 -0.0179258 0.0310812 -0.00888043 -0.000361282 -0.0424908 0.0199538 0.0036041 -0.0443818
internal_weight=743.731 699.43 677.69 652.337 636.141 44.3012 182.719 453.422 424.305 361.014 345.703 237.725 6.88431 99.1338 29.1164 83.5854 196.436 52.3487 25.3531 20.0254 107.978 25.3289
internal_count=97220 85097 80887 28851 28608 12123 4926 23682 22724 21584 16937 11184 244 4192 958 734 10386 464 52036 182 5753 52035
is_linear=0
shrinkage=0.05


Tree=86
num_leaves=31
num_cat=0
split_feature=12 19 18 15 14 17 11 10 3 7 12 14 4 12 14 14 14 14 4 4 5 5 5 4 10 5 7 14 5 14
split_gain=27.2415 24.4342 17.9049 17.3003 28.3325 14.6474 13.5725 13.2617 10.257 6.85399 4.83613 4.52817 3.01943 2.6313 4.27667 2.54551 3.10184 2.37187 2.06523 1.91804 1.86879 4.97177 1.89343 2.59571 1.51931 1.24886 1.08335 1.03901 0.933331 0.749639
threshold=15.500000000000002 1.0000000180025095e-35 1.0000000180025095e-35 3.5000000000000004 35.500000000000007 1.0000000180025095e-35 1.0000000180025095e-35 347.26249911101314 1.0000000180025095e-35 1.0000000180025095e-35 4.5000000000000009 26.500000000000004 0.63188142770719913 1.0000000180025095e-35 45.500000000000007 1.5000000000000002 6.5000000000000009 85.500000000000014 0.70561974789915971 0.97234964322120299 9.1285556118802251 8.6324788521322411 7.3200360497405788 0.7914855072463769 8.8187189503467263 7.195578952690652 2.5000000000000004 9.5000000000000018 9.0263352113744428 10.500000000000002
decision_type=2 2 2 2 2 2 2 2 2 2 2 2 2 2 2 2 2 2 2 2 2 2 2 2 2 2 2 2 2 2
left_child=1 2 3 4 5 6 8 10 9 11 -8 12 28 14 18 -14 24 -5 -6 26 21 22 23 27 -17 -25 -15 -18 -1 -22
right_child=-2 -3 -4 17 13 -7 7 -9 -10 -11 -12 -13 15 19 -16 16 20 -19 -20 -21 29 -23 -24 25 -26 -27 -28 -29 -30 -31
leaf_value=-0.044049795697326991 -0.048593398311059417 -0.049015059006186849 0.058653449520421577 0.055713564807170594 -0.028143655060585599 -0.049053694639203997 0.025286530014330566 0.0094152561738129453 0.0094152561738129453 0.0033559385294146364 0.017350893094071757 -0.0021452822756086467 -0.0021452822756086467 -0.048058921387190756 -0.041765939039413794 -0.0021452822756086467 -0.012338714858603659 0.025286530014330566 0.025286530014330566 0.025286530014330566 -0.022027403467110948 -0.022284393378465564 -0.0021452822756086467 -0.0021452822756086467 -0.022284393378465564 -0.012338714858603659 -0.010687690459382943 -0.022284393378465564 -0.022284393378465564 -0.0021452822756086467
leaf_weight=9.254098974663064 25.114100285689346 20.566019612422679 14.231776767410336 18.157393852248791 1.0911394995928256 11.277053416095439 87.005521745188162 61.538542964321095 56.457264492230024 115.37094533463824 31.484752048738301 17.718141693476355 9.4276389018632454 29.734324601042324 4.9287634141219314 3.3633060691936434 4.3099602654110667 2.1189975407905868 3.4472787077247631 0.29367221682332356 6.1927845330501468 30.367030869470909 72.061202416516608 22.780970647727376 26.303996375587303 3.4853336653322904 0.25234836273011652 20.667550681188004 2.5744188885728354 24.02117254640325
leaf_count=1945 2029 4179 259 357 394 2008 2837 5452 8634 9805 510 5179 102 10716 3304 180 637 49 1227 139 1056 5579 13994 4326 2411 598 10 4386 489 4495
internal_value=0.00156536 0.00340418 0.00503544 0.00382109 0.00237693 0.00504164 0.00613036 0.017593 0.00123752 -0.00270338 0.0252865 -0.0076465 -0.011121 -0.0380084 -0.0131851 -0.00971188 -0.0116031 0.0481961 0.0197908 -0.0450999 -0.00897933 -0.0114223 -0.00644789 -0.0137531 -0.0222844 -0.00239304 -0.0466619 -0.0222844 -0.0348569 -0.00214528
internal_weight=735.598 710.483 689.917 675.686 655.409 615.662 604.385 180.029 424.356 367.899 118.49 252.528 234.809 39.7475 9.46718 222.981 213.553 20.2764 4.53842 30.2803 183.886 153.672 123.305 51.2438 29.6673 26.2663 29.9867 24.9775 11.8285 30.214
internal_count=97286 95257 91078 90819 90413 74623 72615 8799 63816 55182 3347 45377 40198 15790 4925 37764 37662 406 1621 10865 35071 29520 23941 9947 2591 4924 10726 5023 2434 5551
is_linear=0
shrinkage=0.05


Tree=87
num_leaves=24
num_cat=0
split_feature=12 0 21 17 2 11 14 12 3 14 10 0 12 10 10 5 5 10 0 7 10 14 14
split_gain=24.0003 23.3092 19.1248 23.1458 15.9466 12.7509 10.1598 8.81444 7.49731 8.67863 4.61819 3.49104 3.08183 2.52868 2.10141 1.83197 1.6485 2.01449 1.52076 1.51824 1.12655 1.0197 0.623989
threshold=10.500000000000002 -0.81918883441034096 1.0000000180025095e-35 1.0000000180025095e-35 1.0000000180025095e-35 1.5000000000000002 4.5000000000000009 4.5000000000000009 1.0000000180025095e-35 17.500000000000004 353.65536088579472 -0.30857673888005377 17.500000000000004 12.952148225360462 2.3754985841196388 8.0518576827789001 7.2194222969600093 359.49142289792286 1.0000000180025095e-35 1.0000000180025095e-35 397.92131650723792 40.500000000000007 79.500000000000014
decision_type=2 2 2 2 2 2 2 2 2 2 2 2 2 2 2 2 2 2 2 2 2 2 2
left_child=1 13 3 4 -3 6 20 10 9 16 -7 -11 14 -1 15 -2 17 -8 -10 -19 -6 -16 -23
right_child=12 2 -4 -5 5 7 8 -9 18 11 -12 -13 -14 -15 21 -17 -18 19 -20 -21 -22 22 -24
leaf_value=-0.018942184279660754 0.034706038724175069 -0.018942184279660754 0.058638362664780001 -0.018942184279660754 0.013454624022591467 0.030646018501922119 0.0056987573126411686 0.013454624022591467 0.0056987573126411686 -0.0059895046667341953 0.013454624022591467 0.0056987573126411686 -0.049941796255951888 -0.047786055343723655 -0.04323538299936918 -0.012898571102655576 -0.0059895046667341953 -0.0059895046667341953 0.013454624022591467 -9.7076630455093801e-05 -0.0059895046667341953 -0.012898571102655576 -0.036086731829346977
leaf_weight=2.6324885555368409 1.9984229167457694 21.877169064624468 14.628273761714807 28.705624958500266 42.38464474491775 47.659798710141331 21.301304156659171 41.919464121107012 9.4976761981379223 12.951893356861545 9.5719678224995715 127.42864816542715 21.566656438168138 25.307844937822665 6.9216878054430691 3.4607042940333486 180.34657069935929 25.516530356835574 47.705047368071973 14.206072802189736 14.678625454427673 4.2936161413090304 2.2141799600794911
leaf_count=759 51 44867 255 5140 479 571 952 770 512 2365 451 5604 1890 19405 264 63 9015 1498 709 515 513 218 127
internal_value=-0.000160741 0.00206159 0.00398059 0.00265367 0.00518763 0.00696317 0.00366932 0.0232399 0.000558307 -0.00205711 0.030646 0.00569876 -0.0371099 -0.041865 -0.0206843 0.00491105 -0.0059895 0.00314952 0.0134546 -0.00589291 0.0134546 -0.0307082 -0.0134002
internal_weight=728.775 688.32 660.379 645.751 617.045 595.168 496.017 99.1512 438.954 381.751 57.2318 140.381 40.4553 27.9403 18.8886 5.45913 241.37 61.0239 57.2027 39.7226 57.0633 13.4295 6.5078
internal_count=96993 94380 74216 73961 68821 23954 22162 1792 21170 19949 1022 7969 2613 20164 723 114 11980 2965 1221 2013 992 609 345
is_linear=0
shrinkage=0.05


Tree=88
num_leaves=31
num_cat=0
split_feature=16 12 0 5 12 10 9 16 7 8 8 1 5 10 9 9 9 9 13 5 5 15 13 12 5 21 12 1 1 13
split_gain=24.0351 25.071 22.4223 14.7981 11.4095 11.5864 8.02892 6.8073 5.63382 5.11155 4.75666 4.48382 3.589 3.54631 2.93864 4.03945 2.55924 4.175 2.40271 2.17291 2.2156 1.98448 1.87029 1.74843 1.65367 1.63781 1.63486 1.48547 1.41942 1.29763
threshold=0.12660256410256412 7.5000000000000009 -0.71550227415766998 6.858432694097508 1.5000000000000002 14.097953027773768 34.500000000000007 0.087337909992372245 1.0000000180025095e-35 1.0000000180025095e-35 1.0000000180025095e-35 0.5646102873689961 8.7492440971210339 2.1000652309460954 12.500000000000002 16.500000000000004 24.500000000000004 42.500000000000007 0.74952870703864249 8.3038228351506458 7.4947109208836489 2.5000000000000004 0.22791304347826088 3.5000000000000004 8.3584718107074547 1.0000000180025095e-35 5.5000000000000009 0.07382923049420391 0.81553436000826585 0.8820976053793016
decision_type=2 2 2 2 2 2 2 2 2 2 2 2 2 2 2 2 2 2 2 2 2 2 2 2 2 2 2 2 2 2
left_child=1 2 23 8 5 -5 -6 13 29 28 14 -12 -8 18 25 -16 19 -18 -3 20 22 -2 -17 -1 -19 -7 -14 -26 -10 -4
right_child=21 7 3 4 6 10 12 -9 9 -11 11 -13 26 -15 15 16 17 24 -20 -21 -22 -23 -24 -25 27 -27 -28 -29 -30 -31
leaf_value=-0.045628311132696477 0.020902402285851197 -0.029974243975657556 -0.0202406890163979 0.019830516821369878 0.019830516821369878 -0.018698094718919256 -0.0202406890163979 0.019830516821369878 -0.0091843357559759 0.019830516821369878 0.0012501082743697246 0.0092762299549791604 0.019830516821369878 -0.04753734467783545 0.0012501082743697246 -0.0202406890163979 0.0012501082743697246 -0.0202406890163979 -0.010549366714071407 -0.0202406890163979 0.0012501082743697246 0.052695548339266457 0.0012501082743697246 -0.0202406890163979 -0.0202406890163979 0.0012501082743697246 -0.0202406890163979 0.0012501082743697246 0.005323090532696988 -0.0091843357559759
leaf_weight=29.279808313614925 9.2100051473826188 4.3597789340419677 70.296444938197965 40.393024245946435 65.964435577247059 45.611686402146006 12.348949887702476 1.9973775148391713 19.071748851187298 12.145445445203221 61.544037202082109 49.768466085079126 3.5791838941513552 39.38366755360039 42.228662036824971 10.399597004405225 78.235383244202239 14.815652440796841 5.4329549267422408 41.882368467340712 18.6935196184495 18.422092546708882 2.7808211082592598 1.6383291545062082 2.6762856636487404 1.564179740846156 0.8373171075945719 10.052237066905944 4.4725420608883715 9.6667061866610293
leaf_count=22926 89 133 11783 3158 3010 4590 832 23 1827 459 7512 1240 380 2662 4580 1630 13590 3509 113 5517 2644 463 278 405 972 11 14 1976 215 418
internal_value=-0.00170886 -0.00353774 -0.000859468 0.00124572 0.00495562 0.00157519 0.0198305 -0.0368854 -0.0148056 0.00187202 -0.00127806 0.00737289 -0.0144121 -0.0409293 -0.00487267 -0.00242921 -0.00727336 -0.00224558 -0.0124111 -0.0143576 -0.00422777 0.0431988 -0.0202041 -0.0417271 -0.0190336 -0.01607 0.0198305 -0.00196478 -0.00918434 -0.0202407
internal_weight=728.753 701.121 649.947 619.029 503.376 420.646 82.7299 51.1738 115.653 35.6897 380.253 111.313 16.7655 49.1764 268.94 221.765 179.536 105.78 9.79273 73.7563 31.8739 27.6321 13.1804 30.9181 27.5442 47.1759 4.4165 12.7285 23.5443 79.9632
internal_count=96959 96407 93476 70145 55443 51207 4236 2931 14702 2501 48049 8752 1226 2908 39297 34696 30116 20047 246 10069 4552 552 1908 23331 6457 4601 394 2948 2042 12201
is_linear=0
shrinkage=0.05


Tree=89
num_leaves=25
num_cat=0
split_feature=12 22 2 14 18 16 14 13 10 0 14 0 9 14 0 15 11 16 9 4 18 11 10 4
split_gain=21.5626 21.1381 22.2119 18.4953 15.2432 15.6143 14.2934 10.1478 8.74154 7.50618 7.2125 6.49451 4.31807 2.28123 2.05983 1.96213 1.9053 1.85227 0.936476 0.891413 0.836486 0.822017 0.279654 0.0121242
threshold=16.500000000000004 1.0000000180025095e-35 1.0000000180025095e-35 1.0000000180025095e-35 1.0000000180025095e-35 0.12660256410256412 35.500000000000007 0.77751404494382037 365.40315149565896 -0.71550227415766998 18.500000000000004 2.0064462875111029 16.500000000000004 9.5000000000000018 -0.30857673888005377 3.5000000000000004 1.5000000000000002 0.072299651567944254 25.500000000000004 0.9644437420986095 1.0000000180025095e-35 2.5000000000000004 108.3289872907763 0.91704892966360874
decision_type=2 2 2 2 2 2 2 2 2 2 2 2 2 2 2 2 2 2 2 2 2 2 2 2
left_child=1 2 20 -4 5 6 7 9 -9 -5 11 12 13 16 -12 18 -11 -8 22 -14 21 -1 -7 -2
right_child=23 -3 3 4 -6 15 17 8 -10 10 14 -13 19 -15 -16 -17 -18 -19 -20 -21 -22 -23 -24 -25
leaf_value=-0.046108400191273172 -0.050304624423523819 -0.048791891373107715 0.0618007505387492 -0.018603507796565222 0.054452985525828571 0.036854016288577672 -0.018603507796565222 0.02030139438627368 0.0083410604309827781 -0.0086683109695423442 -0.0086683109695423442 0.0083410604309827781 -0.0086683109695423442 0.0012736078897755279 0.0083410604309827781 0.051950226926753863 0.0012736078897755279 0.02030139438627368 0.02030139438627368 0.0012736078897755279 -0.018603507796565222 -0.018603507796565222 0.02030139438627368 -0.022739757369650261
leaf_weight=24.463213945404284 18.692726655222945 19.040846998133929 13.066738520748912 13.071691937046124 13.541950322105547 4.7880618060007709 36.302052337443456 77.636069252388552 31.575356336310506 44.728181307204068 9.1442152047529799 45.54205016233027 170.63761916919611 58.887170103145763 109.14332986599766 14.464248252566902 3.7180774523876599 2.1085496656596652 3.5195362931117407 5.5357626473996779 0.026646489277481034 0.24653511977521603 3.6179156787693501 2.4962307600653721
leaf_count=56289 1751 4176 88 4231 259 68 8463 768 739 2068 1040 759 8104 2958 4192 339 51 25 40 280 1 235 26 229
internal_value=0.000304246 0.00182957 0.00330412 0.00507114 0.00383367 0.00266919 0.00100398 0.00315795 0.0167863 -0.000104132 0.00126689 -0.00274146 -0.00579384 0.00127361 0.00834106 0.0395988 -0.00866831 -0.0186035 0.0217578 -0.00866831 -0.0422782 -0.0442135 0.036854 -0.0482284
internal_weight=725.995 704.806 685.765 661.029 647.962 634.42 608.03 569.62 109.211 460.408 447.336 329.049 283.507 107.333 118.288 26.3898 48.4463 38.4106 11.9255 176.173 24.7364 24.7097 8.40598 21.189
internal_count=97179 95199 91023 34498 34410 34151 33678 25190 1507 23683 19452 14220 13461 5077 5232 473 2119 8488 134 8384 56525 56524 94 1980
is_linear=0
shrinkage=0.05


Tree=90
num_leaves=26
num_cat=0
split_feature=2 16 0 0 9 5 22 5 15 5 9 4 13 10 0 0 1 13 16 7 8 5 9 7 4
split_gain=18.3169 13.8317 14.0957 10.4728 6.55967 7.7244 5.29659 4.83908 4.00365 3.67953 3.87101 2.6716 2.46644 1.55974 1.47694 1.43433 1.38997 1.25972 0.680317 0.669413 0.639692 0.384599 0.299038 0.180368 0.149012
threshold=1.0000000180025095e-35 0.12034482758620692 -0.71550227415766998 2.3442155803461335 29.500000000000004 9.1285556118802251 1.0000000180025095e-35 8.6559448806043715 3.5000000000000004 9.1512976091682621 13.500000000000002 0.65232809127351232 0.85997438976898211 129.24258296203769 -0.11579784509919953 -0.57572895710858785 0.96769636680960047 0.064376341201716744 0.15978723404255321 1.5000000000000002 1.0000000180025095e-35 7.8790375849370555 18.500000000000004 1.0000000180025095e-35 0.69261053906723202
decision_type=2 2 2 2 2 2 2 2 2 2 2 2 2 2 2 2 2 2 2 2 2 2 2 2 2
left_child=18 2 -2 4 6 16 7 11 13 19 12 17 -11 -3 22 -13 -6 -4 23 -9 21 24 -12 -1 -5
right_child=1 8 3 20 5 -7 -8 9 -10 10 14 15 -14 -15 -16 -17 -18 -19 -20 -21 -22 -23 -24 -25 -26
leaf_value=-0.047622578922057013 -0.020275444149070999 0.034285196580383197 -0.0092948059338401542 0.0081685298954953852 -0.0092948059338401542 0.0081685298954953852 -0.0092948059338401542 -0.0092948059338401542 0.051793634337432497 -0.0092948059338401542 -0.00056313801917238506 -0.00056313801917238506 0.0081685298954953852 0.016776758823333897 0.0081685298954953852 0.0081685298954953852 0.0081685298954953852 -0.00056313801917238506 -0.020275444149070999 0.0081685298954953852 0.016776758823333897 0.0081685298954953852 -0.0092948059338401542 -0.032135101054323031 0.01247264435941464
leaf_weight=19.747838426599635 25.832978564314544 8.400512445252394 11.569795494899155 2.4782088003121343 119.82046460802667 23.051883370848373 10.794747495208865 56.155969397630543 14.784416805487124 17.246545858448375 3.3168764067813745 4.8224898916669181 2.5603173575364044 7.8836275748908511 41.530103424796835 256.66215460421517 15.570022217929361 7.557374714408069 0.13287078076973458 3.2069207406602791 27.836448681075126 17.07003595912829 3.4820908145047724 4.0868279635033096 10.804559336975215
leaf_count=48800 11115 120 642 53 6509 1024 1918 2589 401 852 264 764 68 59 1347 10282 311 265 2 60 209 375 362 8371 272
internal_value=4.72882e-06 0.00151966 -3.52568e-05 0.00168583 -0.000439699 -0.00907305 0.00283952 0.00425896 0.0335888 -0.00379781 0.00450614 0.00792013 -0.00929481 0.0167768 0.00816853 0.00816853 -0.00929481 -0.00929481 -0.0420705 -0.00929481 0.0167768 0.00816853 -0.00929481 -0.0439948 0.0124726
internal_weight=716.406 692.439 661.37 635.537 577.348 158.442 418.905 408.111 31.0686 127.499 68.1359 280.612 19.8069 16.2841 48.3291 261.485 135.39 19.1272 23.9675 59.3629 58.1893 30.3528 6.79897 23.8347 13.2828
internal_count=97034 39861 39281 28166 27257 7844 19413 17495 580 5542 2893 11953 920 179 1973 11046 6820 907 57173 2649 909 700 626 57171 325
is_linear=0
shrinkage=0.05


Tree=91
num_leaves=31
num_cat=0
split_feature=14 16 19 2 7 14 21 12 11 16 0 14 14 3 9 5 4 9 5 8 0 0 5 11 7 0 9 5 5 5
split_gain=20.2682 28.1079 20.3757 20.0378 16.9152 13.7238 12.5549 9.75477 14.4229 11.3164 8.421 9.00119 8.41574 5.54766 4.54672 3.59722 3.18537 3.08652 1.88706 1.6544 1.15201 0.850848 0.971885 0.823736 0.585862 0.278426 0.381908 0.232164 2.64279 0.28081
threshold=44.500000000000007 0.072299651567944254 1.0000000180025095e-35 1.0000000180025095e-35 2.5000000000000004 1.0000000180025095e-35 1.0000000180025095e-35 6.5000000000000009 1.5000000000000002 0.080540540540540564 -0.71550227415766998 18.500000000000004 4.5000000000000009 1.0000000180025095e-35 42.500000000000007 7.2194222969600093 0.7914855072463769 16.500000000000004 9.1980056239386681 1.0000000180025095e-35 2.4199667199604065 0.059884063856282164 7.5099103843036312 2.5000000000000004 1.0000000180025095e-35 2.0064462875111029 10.500000000000002 8.8991585297090143 9.1512976091682621 9.1980056239386681
decision_type=2 2 2 2 2 2 2 2 2 2 2 2 2 2 2 2 2 2 2 2 2 2 2 2 2 2 2 2 2 2
left_child=2 -2 3 23 5 -5 7 8 10 -9 -7 12 21 15 27 16 -14 -10 -19 24 -16 22 -12 -1 -15 -17 -27 -13 -29 -30
right_child=1 -3 -4 4 -6 6 -8 9 17 -11 11 14 13 19 20 25 -18 18 -20 -21 -22 -23 -24 -25 -26 26 -28 28 29 -31
leaf_value=-0.045479937884607718 -0.049658790994471173 0.052142147047198176 -0.048653590703913348 0.042580057262070793 0.080827588712979778 -0.019010779464433636 0.042580057262070793 -0.019010779464433636 0.02235042369221148 0.02235042369221148 0.0017759095354025042 0.011546451541973094 -0.0084401669411178441 0.0017226137366009198 -0.0084401669411178441 -0.0084401669411178441 0.0017226137366009198 0.011546451541973094 0.02235042369221148 0.011546451541973094 0.011546451541973094 0.011546451541973094 -0.0084401669411178441 -0.019010779464433636 0.0066345326392870073 0.0017226137366009198 -0.0034028209393732732 -0.0084401669411178441 0.011546451541973094 0.0048570670265155637
leaf_weight=20.961094569036508 37.624171346789808 7.3689902564510694 18.213524652674096 12.26971165742725 6.3163432532455763 14.771864539245142 11.719268409535287 31.028080755495466 22.002049986738712 5.9534616759046903 4.5077080172486585 85.307051233947277 31.619302573148161 19.777171649504453 15.033810864668341 171.00866232672706 31.575500530190766 41.012990996707231 6.2339285560883573 12.599283762276171 1.8148378282785405 32.265802181325853 7.463982951361686 0.10800059163011511 9.4188115186989325 4.5535977594554451 22.828039268031716 8.7222117984201777 1.6426471681334103 17.679305736441165
leaf_count=51187 13915 217 4189 85 85 4935 210 958 398 75 132 3717 1546 473 823 9000 1539 569 89 139 37 517 257 42 168 84 425 360 53 774
internal_value=-0.000107639 -0.0322146 0.0020985 0.00359272 0.00522758 0.00433253 0.0031936 0.00212079 0.00378953 -0.0190108 0.000742479 0.00213045 -0.00211757 -0.00528805 0.0115465 -0.00799408 0.00172261 0.0223504 0.0115465 0.0114393 -0.00844017 0.0115465 -0.00799463 -0.0432491 0.00172261 -0.00844017 0.00163453 0.0115465 -0.00172115 0.0113876
internal_weight=713.401 44.9932 668.408 650.195 629.125 622.809 610.539 598.82 561.839 36.9815 492.59 477.818 347.618 303.38 130.2 261.585 63.1948 69.249 47.2469 41.7953 16.8486 44.2375 11.9717 21.0691 29.196 198.39 27.3816 113.351 28.0442 19.322
internal_count=96998 14132 82866 78677 27448 27363 27278 27068 26035 1033 24979 20044 14280 13374 5764 12594 3085 1056 658 780 860 906 389 51229 641 9509 509 4904 1187 827
is_linear=0
shrinkage=0.05


Tree=92
num_leaves=19
num_cat=0
split_feature=12 19 0 21 16 0 4 16 12 13 16 3 1 5 4 5 5 12
split_gain=19.6832 17.978 16.9876 15.4655 11.1034 9.41995 7.61763 5.66767 4.10508 5.12538 4.67812 2.19891 1.31259 1.04714 0.205822 0.18972 0.26839 0.00351127
threshold=16.500000000000004 1.0000000180025095e-35 -0.65393207174173895 1.0000000180025095e-35 0.13680926916221037 2.5127593914237871 0.66559139784946253 0.046620299934796793 6.5000000000000009 0.77751404494382037 0.020236145236145243 1.0000000180025095e-35 0.88619835133492997 9.2082807187888704 0.89209979209979218 7.9698397002827983 9.0134975601397489 17.500000000000004
decision_type=2 2 2 2 2 2 2 2 2 2 2 2 2 2 2 2 2 2
left_child=1 2 7 4 5 6 13 14 9 10 11 12 15 -4 -1 -8 -17 -2
right_child=17 -3 3 -5 -6 -7 8 -9 -10 -11 -12 -13 -14 -15 -16 16 -18 -19
leaf_value=-0.047929712952057127 -0.016936411368227926 -0.048340010293429277 -0.014026786315200471 0.056805779966797913 0.029994102059523044 0.015943641060398032 -0.0060626091785934257 -0.014026786315200471 -0.0060626091785934257 0.0079333827722166909 0.0041482007750872109 0.00043368565028575716 -0.0025709155107233022 -0.0060626091785934257 -0.029338225024775701 -0.0043167623446583635 -0.0060626091785934257 -0.049198821946461017
leaf_weight=21.4451827454177 1.3677602175157542 16.820021503794123 46.397317821887555 12.745550384512169 20.307617913465947 48.285230599547504 104.03986593493028 5.9015433989698058 30.249205259926384 79.357360508030979 82.341403855272802 42.709678630228154 42.65906135874684 8.8734890363994037 4.7802905051503322 79.329225328197936 45.762701723258942 18.62905618318473
leaf_count=19780 75 4159 6385 270 419 1396 19251 163 858 3096 2206 7190 2371 1070 4059 14533 8005 1939
internal_value=-0.000210587 0.00123474 0.00253939 0.0043318 0.00318242 0.00189318 -7.68755e-05 -0.0323854 0.00190157 0.00337306 0.000363019 -0.00328083 -0.00557552 -0.0140268 -0.0446497 -0.00606261 -0.00431676 -0.0479038
internal_weight=712.002 692.005 675.185 643.058 630.312 610.005 561.719 32.127 506.449 476.199 396.842 314.501 271.791 55.2708 26.2255 229.132 125.092 19.9968
internal_count=97225 95211 91052 67050 66780 66361 64965 24002 57510 56652 53556 51350 44160 7455 23839 41789 22538 2014
is_linear=0
shrinkage=0.05


Tree=93
num_leaves=23
num_cat=0
split_feature=21 17 0 0 9 5 4 3 16 10 4 10 13 16 1 0 7 1 5 16 9 9
split_gain=17.8248 27.9708 12.9233 11.5073 8.24737 7.2252 5.30923 4.54585 4.03685 3.98078 3.77154 3.34209 3.31268 2.23867 1.90591 1.87272 1.68112 1.62283 1.55143 0.391362 0.186242 0.0409762
threshold=1.0000000180025095e-35 1.0000000180025095e-35 2.5127593914237871 -0.81918883441034096 32.500000000000007 9.1707417265189139 0.65232809127351232 1.0000000180025095e-35 0.030161583780973836 236.75309109913044 0.93957648776925906 154.77674577433433 0.83157354080262491 0.027722880983750552 0.96769636680960047 -0.22138013293931313 1.0000000180025095e-35 0.63785969432658229 7.6757128033545792 0.11583184257602865 58.500000000000007 5.5000000000000009
decision_type=2 2 2 2 2 2 2 2 2 2 2 2 2 2 2 2 2 2 2 2 2 2
left_child=1 2 3 11 6 10 13 8 12 -4 14 -1 17 -5 19 -7 -11 21 -12 -6 -16 -8
right_child=-2 -3 9 4 5 15 7 -9 -10 16 18 -13 -14 -15 20 -17 -18 -19 -20 -21 -22 -23
leaf_value=-0.018550232637220273 0.056787239896093716 -0.050067169822923779 0.0274054495654052 -0.018550232637220273 -0.018550232637220273 -0.018550232637220273 -0.0036173361835171503 0.011469174568490555 0.0066338206986047941 0.011469174568490555 -0.0035405290343648596 -0.047953006423737433 0.0024502832964824351 -0.0059571246200430814 -0.0035405290343648596 0.011469174568490555 0.019437312066947876 -0.0012775477469912193 0.011469174568490555 -0.011045380835792568 -0.011045380835792568 -0.0059571246200430814
leaf_weight=4.2263441042741787 12.150204068748279 27.969639542483492 14.422031761088872 24.46565500208817 86.100808307339321 2.3273150649183689 4.1285820246412177 58.829947597027058 103.81175572486245 20.159925744024804 3.042121330421649 17.704026144914678 35.510922180095804 9.9928204537427501 9.6636747452721448 15.199268883676266 13.61919454319286 61.347919250751147 5.400897188068484 3.902791377156972 1.5675412678683631 167.45381105638808
leaf_count=2269 262 6725 326 3726 16560 841 341 6822 1883 819 733 16494 1700 234 837 2198 249 2733 835 74 177 30150
internal_value=-0.000881483 -0.00197634 0.000125177 -0.00184561 -0.000500283 -0.0117315 0.00258709 0.00410829 0.00179847 0.024784 -0.0166004 -0.0366002 -0.00173325 -0.0160225 -0.0185502 0.0114692 0.0114692 -0.00500538 0.0114692 -0.0185502 -0.00354053 -0.00595712
internal_weight=702.997 690.847 662.877 614.676 592.746 127.204 465.541 431.083 372.253 48.2012 109.678 21.9304 268.441 34.4585 101.235 17.5266 33.7791 232.93 8.44302 90.0036 11.2312 171.582
internal_count=96988 96726 90001 88607 69844 22255 47589 43629 36807 1394 19216 18763 34924 3960 17648 3039 1068 33224 1568 16634 1014 30491
is_linear=0
shrinkage=0.05


Tree=94
num_leaves=31
num_cat=0
split_feature=14 16 2 19 7 21 14 9 12 11 14 12 15 11 0 0 4 0 12 5 4 0 12 5 7 21 9 4 5 4
split_gain=21.3279 33.9345 17.4979 12.7645 10.7332 9.62632 8.94332 7.58142 8.15461 17.1796 8.31876 6.34723 6.23198 3.91056 3.93993 3.45959 1.84944 1.63579 1.54867 2.5373 1.54363 1.49725 1.20953 1.329 0.914317 0.839739 0.833863 0.753566 0.521287 0.477362
threshold=35.500000000000007 0.072299651567944254 1.0000000180025095e-35 1.0000000180025095e-35 2.5000000000000004 1.0000000180025095e-35 4.5000000000000009 53.500000000000007 9.5000000000000018 1.5000000000000002 10.500000000000002 2.5000000000000004 1.0000000180025095e-35 1.0000000180025095e-35 2.0434292262987106 -0.039054492598341796 0.76172161172161179 2.3442155803461335 1.0000000180025095e-35 8.9580409558929279 0.72554997608799632 2.8253796890422285 1.0000000180025095e-35 7.4659323263886312 1.0000000180025095e-35 1.0000000180025095e-35 29.500000000000004 0.9235637779941579 5.6642285820164675 0.66559139784946253
decision_type=2 2 2 2 2 2 2 2 2 2 2 2 2 2 2 2 2 2 2 2 2 2 2 2 2 2 2 2 2 2
left_child=2 18 25 4 5 6 11 8 9 10 13 29 15 14 24 22 -15 20 19 -2 -17 -20 23 28 -8 -1 -22 -9 -12 -4
right_child=1 -3 3 -5 -6 -7 7 27 -10 -11 12 -13 -14 16 -16 17 -18 -19 21 -21 26 -23 -24 -25 -26 -27 -28 -29 -30 -31
leaf_value=-0.045080007731045521 -0.037098637107529239 0.053748829506415165 0.0020313782875745925 -0.018981226341338489 0.069565781556269593 0.037443167340780251 -0.018981226341338489 -0.018981226341338489 -0.018981226341338489 0.020906736754643808 -0.0046255928162562679 -0.018981226341338489 0.010811349199053799 -0.0025638092588044 -0.0025638092588044 -0.0046255928162562679 0.010811349199053799 0.0054845430343361994 -0.049767062651424693 0.0045934444062024991 0.0026898966570953957 0.0045934444062024991 -0.018981226341338489 -0.0046255928162562679 -0.010772517800071444 -0.018981226341338489 -0.00096784807958043598 0.011967116865493585 -0.018981226341338489 0.020906736754643808
leaf_weight=19.189710032180304 6.1543371247971645 9.7276031465735269 7.2551522250287226 14.972997590084558 5.5807621449930584 10.956590649322605 56.630362200783566 19.469597681192685 14.856899450067429 63.132555480813608 2.5439402296906355 6.5156480339355758 76.649932263186201 5.0970921220723566 13.748798912391065 40.77021910296753 12.858543179696424 22.630974316969514 41.061208928469568 2.1153340922755888 95.734685737174004 0.45362016439321351 14.414205337408928 19.316650756984018 22.388572923489846 0.027087483555077507 27.873068707063794 2.865301525918766 7.2449172317283228 60.584852022817358
leaf_count=49521 4004 296 120 3572 74 211 4175 989 542 881 416 69 978 202 248 1967 366 385 12681 985 4074 11 2060 3254 1192 1 1299 122 1207 1079
internal_value=0.000512164 -0.0278698 0.00317694 0.00465288 0.00602222 0.00532055 0.00437031 0.00202585 0.00337951 0.00465039 0.000715962 0.0204664 0.00495168 -0.0109743 -0.0150896 0.000157737 0.009962 0.00312484 -0.0445619 -0.0209993 -0.00010475 -0.0486512 -0.012376 -0.00567988 -0.0189812 -0.0426153 0.0026899 -0.0189812 -0.0189812 0.0209067
internal_weight=702.821 59.5121 643.309 624.092 609.119 603.539 592.582 518.226 495.891 481.035 417.902 74.3557 307.179 110.723 92.7677 230.529 17.9556 187.009 49.7845 8.26967 164.378 41.5148 43.5197 29.1055 79.0189 19.2168 123.608 22.3349 9.78886 67.84
internal_count=96981 17977 79004 29482 25910 25836 25625 24357 23246 22704 21823 1268 15640 6183 5615 14662 568 7725 17681 4989 7340 12692 6937 4877 5367 49522 5373 1111 1623 1199
is_linear=0
shrinkage=0.05


Tree=95
num_leaves=31
num_cat=0
split_feature=12 22 21 17 7 8 9 14 16 5 13 9 14 4 14 16 1 4 14 10 13 9 1 12 1 9 5 5 12 4
split_gain=20.149 16.8514 14.0741 12.3919 11.3538 12.9813 8.58031 6.32733 7.55491 5.44505 5.28037 4.67949 4.97624 3.74933 3.57056 3.23316 3.13997 2.33402 2.19546 7.32179 2.09217 3.00229 2.87391 1.65825 1.58992 1.8258 1.43927 1.33707 1.32605 1.14143
threshold=16.500000000000004 1.0000000180025095e-35 1.0000000180025095e-35 1.0000000180025095e-35 1.0000000180025095e-35 1.0000000180025095e-35 31.500000000000004 38.500000000000007 0.074537037037037054 9.0575004844081821 0.77751404494382037 12.500000000000002 3.5000000000000004 0.88944444444444459 23.500000000000004 0.10102040816326532 0.51921598391613 0.72431386347642512 6.5000000000000009 341.59719616149783 0.63051196924689867 8.5000000000000018 0.61808954601985977 7.5000000000000009 0.13186755223308752 37.500000000000007 8.2360076701395872 8.563382745205649 1.5000000000000002 0.63427747180697625
decision_type=2 2 2 2 2 2 2 2 2 2 2 2 2 2 2 2 2 2 2 2 2 2 2 2 2 2 2 2 2 2
left_child=1 2 3 4 6 13 7 10 -9 15 11 12 -1 -6 20 24 -7 -11 19 29 21 -14 -23 -20 26 -26 -8 -24 -27 -13
right_child=-2 -3 -4 -5 5 16 9 8 -10 17 -12 18 14 -15 -16 -17 -18 -19 23 -21 -22 22 27 -25 25 28 -28 -29 -30 -31
leaf_value=0.0024544344435733336 -0.050248899625367487 -0.048021378810569483 0.056446506305079372 -0.048310345029826174 0.0061029873124018637 0.017792697217590997 -0.022679834527056516 -0.039849170054196095 0.0061029873124018637 -0.026075732414687872 0.0061029873124018637 -0.018032797275021224 -0.012214067850141294 0.017792697217590997 0.0024544344435733336 0.0061029873124018637 0.029482407122780132 0.0061029873124018637 0.0024544344435733336 -0.038520028993615785 0.0024544344435733336 -0.046622426987928761 -0.029616009891945634 -0.032905731995116184 -0.022679834527056516 -0.0076923150037201604 -0.044655842980342864 -0.012214067850141294 -0.022679834527056516 0.0024544344435733336
leaf_weight=6.6022195669356725 17.744091289001517 15.248171518833258 11.329705173848195 10.780752481310627 111.45896118506789 30.60690084642556 20.879353999931482 16.90865386235237 3.7698209010995916 5.4979605474363771 58.642588437462109 1.5081811068521371 17.049213289050385 24.58430769458937 4.069010944949695 4.5277113696793085 35.121686722588493 10.501007148268398 165.07277734980744 13.179209340116357 3.2719810338603557 20.493437275130422 6.2487247415701841 3.241783076839055 17.468192666769028 23.783465103158964 11.356151608531944 3.8211449478403665 7.0290282597416072 18.759798134851735
leaf_count=216 1975 4180 262 2474 10285 2245 8503 7276 99 1473 1821 62 1924 2197 578 84 464 2512 29944 1355 199 3458 407 126 2476 4728 4223 243 406 880
internal_value=0.000896517 0.00229716 0.00351662 0.00251831 0.0034407 0.0132426 -0.00103666 0.00274626 -0.0234171 -0.0137658 0.00449396 -0.00119412 -0.0131454 0.00610299 -0.0197833 -0.0189332 0.0294824 0.00610299 0.00245443 -0.0101758 -0.024106 -0.0268826 -0.0361706 0.00245443 -0.0214876 -0.0152094 -0.0301503 -0.0126096 -0.00769232 0.00245443
internal_weight=700.556 682.812 667.564 656.234 645.453 201.772 443.681 342.639 20.6785 101.043 321.96 263.317 61.5557 136.043 54.9535 85.0439 65.7286 15.999 201.762 33.4472 50.8845 47.6125 30.5633 168.315 80.5162 48.2807 32.2355 10.0699 30.8125 20.268
internal_count=97075 95100 90920 90658 88184 15191 72993 48588 7375 24405 41213 39392 7025 12482 6809 20420 2709 3985 32367 2297 6231 6032 4108 30070 20336 7610 12726 650 5134 942
is_linear=0
shrinkage=0.05


Tree=96
num_leaves=31
num_cat=0
split_feature=14 16 19 7 12 12 4 14 14 5 10 21 14 8 7 16 15 14 1 14 9 9 9 10 5 5 13 14 14 1
split_gain=19.933 22.1747 16.6262 14.5965 8.55381 7.33418 9.90437 9.09915 8.90548 7.62468 7.21088 5.04657 4.97391 3.75645 3.51813 3.51177 3.32103 3.03872 2.94211 2.61492 3.28799 2.5756 3.51293 2.46257 2.44735 2.42396 2.32755 2.20641 2.11288 2.75705
threshold=41.500000000000007 0.072299651567944254 1.0000000180025095e-35 1.5000000000000002 8.5000000000000018 1.5000000000000002 0.66559139784946253 4.5000000000000009 26.500000000000004 7.1042461505127674 397.92131650723792 1.0000000180025095e-35 20.500000000000004 1.0000000180025095e-35 1.0000000180025095e-35 0.034423509894537276 2.5000000000000004 16.500000000000004 0.05453535739467167 8.5000000000000018 25.500000000000004 40.500000000000007 17.500000000000004 353.65536088579472 7.6548404172412594 8.875702326855011 0.82426620479698409 12.500000000000002 30.500000000000004 0.44433921022424588
decision_type=2 2 2 2 2 2 2 2 2 2 2 2 2 2 2 2 2 2 2 2 2 2 2 2 2 2 2 2 2 2
left_child=2 -2 3 4 5 6 25 10 11 16 -8 14 13 -5 19 -6 21 -17 -14 -9 -21 22 26 -11 -16 -1 -7 -15 -10 -30
right_child=1 -3 -4 12 15 9 7 8 28 23 -12 -13 18 27 24 17 -18 -19 -20 20 -22 -23 -24 -25 -26 -27 -28 -29 29 -31
leaf_value=-0.027260639746447698 -0.046818001572007946 0.046675696919690889 -0.047710894730663887 0.018789714258116264 -0.046123011565003244 -0.066552141344792926 0.018789714258116264 -0.0080289693410288653 0.018789714258116264 0.018789714258116264 -0.0080289693410288653 0.018789714258116264 0.018789714258116264 0.068769936127929893 0.0083612441360498991 0.018789714258116264 0.018789714258116264 -0.023184126109388203 0.076277426613336086 0.00049772365951741219 -0.0080289693410288653 -0.065412749604289847 -0.0011537986739835234 -0.0023572321578035462 0.00049772365951741219 -0.0080289693410288653 -0.002666064291152629 0.032774723181304581 -0.0080289693410288653 0.018789714258116264
leaf_weight=34.033252845139941 35.552220777521143 6.8316003172658375 14.20056624310382 18.222747668987722 10.532892642659137 2.8468765652942301 38.179385452880524 42.702374737287755 17.872344300587429 55.092366518336348 12.974193953530628 5.4723077095113686 0.80691266099165471 6.0972854362480593 34.074783343312447 3.5887614046223453 1.46518353675492 8.2255524555221182 7.9456691594823496 137.36745516645897 72.643777606208459 1.8234626723569807 9.7148238683002983 19.524025199090829 60.186084910368663 10.355529508204198 2.4030279452272225 6.2242500238644425 10.306276666859047 5.0870522324112235
leaf_count=6093 14910 236 4154 744 638 216 841 5843 3732 1493 814 75 106 88 3224 23 43 114 304 20667 18008 187 504 2156 5396 1896 38 109 3742 509
internal_value=0.00179962 -0.0310198 0.0039841 0.00521188 0.00323853 0.00443779 0.00193983 0.00424061 0.00148615 0.0172238 0.0187897 -0.000998731 0.0343409 0.0234243 -0.00206723 -0.0264424 -0.013153 -0.00666626 0.066129 -0.00513825 -0.00159985 -0.0210973 -0.0119384 0.0187897 0.00613369 -0.0202985 -0.0424151 0.0467597 0.0187897 -0.00328304
internal_weight=692.353 42.3838 649.969 635.769 596.472 574.125 481.255 436.866 385.712 92.8698 51.1536 352.447 39.2969 30.5443 346.974 22.3472 18.2534 11.8143 8.75258 252.714 210.011 16.7882 14.9647 74.6164 94.2609 44.3888 5.2499 12.3215 33.2657 15.3933
internal_count=96903 15146 81757 77603 76252 75477 70840 62851 61196 4637 1655 53213 1351 941 53138 775 988 137 410 44518 38675 945 758 3649 8620 7989 254 197 7983 4251
is_linear=0
shrinkage=0.05


Tree=97
num_leaves=31
num_cat=0
split_feature=14 16 19 2 7 18 14 12 11 9 14 4 11 0 12 4 0 16 15 8 14 7 9 9 14 14 1 0 14 0
split_gain=17.434 25.1173 15.4744 13.7117 10.2207 8.47121 8.4256 7.35035 16.9198 8.82891 6.59166 5.92016 4.80009 4.73612 3.1744 3.26078 3.11738 2.74792 2.03095 1.89835 1.79215 1.4359 1.19654 1.71758 1.13772 0.893685 0.544664 0.522034 0.483933 0.400475
threshold=35.500000000000007 0.072299651567944254 1.0000000180025095e-35 1.0000000180025095e-35 2.5000000000000004 1.0000000180025095e-35 1.0000000180025095e-35 7.5000000000000009 1.5000000000000002 16.500000000000004 24.500000000000004 0.67586600685192244 1.0000000180025095e-35 2.5127593914237871 1.0000000180025095e-35 0.78805704099821761 -0.20125956758308861 0.090097402597402607 2.5000000000000004 1.0000000180025095e-35 8.5000000000000018 1.0000000180025095e-35 22.500000000000004 11.500000000000002 5.5000000000000009 42.500000000000007 0.924325689000557 2.5127593914237871 37.500000000000007 0.030081969494015304
decision_type=2 2 2 2 2 2 2 2 2 2 2 2 2 2 2 2 2 2 2 2 2 2 2 2 2 2 2 2 2 2
left_child=2 13 3 21 5 6 -5 8 10 -10 11 24 14 25 15 22 -12 -9 27 26 -17 -1 23 -13 -8 28 -14 -11 -2 -25
right_child=1 -3 -4 4 -6 -7 7 17 9 18 16 12 19 -15 -16 20 -18 -19 -20 -21 -22 -23 -24 29 -26 -27 -28 -29 -30 -31
leaf_value=-0.0437693746469969 -0.042728057574876688 0.048175742888656767 -0.047537575520213218 0.036345230778547843 0.06748501064487028 0.036345230778547843 -0.0071672932980767733 -0.015562885708516794 0.036345230778547843 0.013878983120908885 -0.015562885708516794 -0.0071672932980767733 0.005897788532916867 0.0034712677533658785 -0.0071672932980767733 0.00015738625391287025 0.013878983120908885 0.036345230778547843 0.036345230778547843 0.013878983120908885 0.005897788532916867 -0.015562885708516794 -0.0071672932980767733 -0.0071672932980767733 -0.015562885708516794 -0.04925663116577475 0.0098883858269128763 0.025112106949728364 -0.020456780105738284 0.00015738625391287025
leaf_weight=14.936902576155264 3.6904500482196436 8.612705397885291 13.576547921853487 13.671062103472648 5.6701191810425362 9.989471626817247 6.4434168556472278 21.133610997116197 22.143643166404217 43.544051396893337 6.2317507545230901 12.399304871680213 43.108675661380403 0.63267659014672872 46.644737384631298 43.638743654824793 41.768427376635373 2.0891063325107089 4.6885142154060295 18.198458146653138 111.64026076917071 3.266963828704319 49.872436243109405 10.73724446678534 43.853530425927602 32.394914559976314 6.2325995024293652 3.988985714968293 7.8787947311357129 35.678218890912831
leaf_count=42055 1022 295 4104 82 80 208 190 681 305 491 1179 725 1516 37 2466 2211 1507 28 108 380 6079 7246 2756 1232 2479 14572 100 30 1923 1205
internal_value=0.00108161 -0.0261394 0.00339956 0.00458671 0.00590142 0.00520545 0.00433964 0.00336586 0.00461423 0.0266283 0.00112963 -0.000937743 0.0012283 -0.0412332 -0.0014101 0.00114685 0.013879 -0.0155629 0.013879 0.0132057 0.00578107 -0.0370272 -0.00546629 0.000157386 -0.0155629 -0.0443848 0.00589779 0.013879 -0.0279098 0.000157386
internal_weight=688.356 53.2095 635.147 621.57 603.366 597.696 587.707 574.036 550.813 74.3652 476.448 428.448 378.151 44.5968 310.611 263.966 48.0002 23.2227 52.2216 67.5397 155.279 18.2039 108.687 58.8148 50.2969 43.9642 49.3413 47.533 11.5692 46.4155
internal_count=97292 17849 79443 75339 26038 25958 25750 25668 24959 934 24025 21339 18670 17554 16674 14208 2686 709 629 1996 8290 49301 5918 3162 2669 17517 1616 521 2945 2437
is_linear=0
shrinkage=0.05


Tree=98
num_leaves=20
num_cat=0
split_feature=12 19 0 7 13 10 12 15 0 14 10 4 14 5 1 5 12 0 14
split_gain=17.9643 14.8592 13.3583 11.4118 9.81156 17.163 9.42528 4.91409 4.57766 3.94821 3.4278 2.70217 2.54352 1.10275 0.815413 0.809929 0.61337 0.338401 0.215816
threshold=16.500000000000004 1.0000000180025095e-35 -0.81918883441034096 2.5000000000000004 0.79504312598013605 355.18222700609039 3.5000000000000004 1.0000000180025095e-35 1.5772676958670611 12.500000000000002 213.42121718242194 0.69586530264279634 19.500000000000004 7.4659323263886312 0.59773450507935688 5.1826093221586591 7.5000000000000009 -0.65393207174173895 28.500000000000004
decision_type=2 2 2 2 2 2 2 2 2 2 2 2 2 2 2 2 2 2 2
left_child=1 2 10 4 7 6 -6 8 11 -9 -1 13 16 -4 -5 -14 17 -13 -15
right_child=-2 -3 3 14 5 -7 -8 9 -10 -11 -12 12 15 18 -16 -17 -18 -19 -20
leaf_value=-0.014576279747819755 -0.049546856823485599 -0.04731821609672527 -0.014576279747819755 0.036786936863910838 0.036786936863910838 0.0097802602778594913 0.021873015723039003 0.0044885538818595066 0.0044885538818595066 0.0097802602778594913 -0.047388885468135751 -0.0081913659882793238 0.00019297978671093015 -0.0081913659882793238 0.084369976204416816 -0.0081913659882793238 -0.0081913659882793238 0.00019297978671093015 -0.014576279747819755
leaf_weight=4.6476027446478847 15.400601686822482 13.134252576506695 15.760480255179571 2.4867659870506023 52.165641550760483 38.630062769530923 33.429460948274937 42.563970774936024 85.456147522898391 78.171278080480988 15.168435296480311 2.8208229724405092 3.0806451197277047 32.610488739024731 3.6876151980832219 57.978985721507343 2.1655519962077951 184.22666884776845 2.8790385338070328
leaf_count=2754 1958 4177 3717 70 1050 2893 655 605 8151 3406 16583 1889 836 6396 33 14822 129 26039 1113
internal_value=0.00216123 0.00341986 0.00450302 0.00578041 0.0050602 0.0175961 0.0339658 0.00196441 -0.000803153 0.00978026 -0.034933 -0.00410259 -0.00193511 -0.0144476 0.0685137 -0.00819137 0.00019298 0.00019298 -0.00819137
internal_weight=686.465 671.064 657.93 638.114 631.939 124.225 85.5951 507.714 386.979 120.735 19.816 301.523 250.273 51.25 6.17438 61.0596 189.213 187.047 35.4895
internal_count=97276 95318 91141 71804 71701 4598 1705 67103 63092 4011 19337 54941 43715 11226 103 15658 28057 27928 7509
is_linear=0
shrinkage=0.05


Tree=99
num_leaves=29
num_cat=0
split_feature=14 2 16 0 12 11 19 9 0 14 14 16 12 14 7 7 9 9 3 9 1 12 21 3 9 5 5 11
split_gain=17.5907 15.1352 11.7749 11.2704 9.79357 11.0287 8.30632 7.07469 7.28459 5.75191 8.30512 4.77376 3.9901 3.89951 2.93101 2.66369 1.81183 1.67021 1.98361 1.65186 1.21996 0.819316 0.809372 0.57451 0.500838 0.458023 0.447823 0.146404
threshold=51.500000000000007 1.0000000180025095e-35 0.087337909992372245 2.8253796890422285 7.5000000000000009 1.5000000000000002 1.0000000180025095e-35 53.500000000000007 -0.71550227415766998 18.500000000000004 4.5000000000000009 0.072299651567944254 1.0000000180025095e-35 11.500000000000002 1.0000000180025095e-35 1.5000000000000002 15.500000000000002 40.500000000000007 1.0000000180025095e-35 40.500000000000007 0.88619835133492997 1.5000000000000002 1.0000000180025095e-35 1.0000000180025095e-35 26.500000000000004 7.17165691362215 7.7173127874535714 13.500000000000002
decision_type=2 2 2 2 2 2 2 2 2 2 2 2 2 2 2 2 2 2 2 2 2 2 2 2 2 2 2 2
left_child=1 22 -2 4 5 6 7 8 -3 10 -10 -6 13 26 16 17 -15 18 20 -7 -12 -14 27 -9 -17 -20 -5 -1
right_child=2 3 -4 12 11 19 -8 23 9 -11 15 -13 21 14 -16 24 -18 -19 25 -21 -22 -23 -24 -25 -26 -27 -28 -29
leaf_value=-0.044867800933280862 -0.048873058134108978 -0.017549919281162216 0.040926042115584038 0.037691597552266476 -0.017549919281162216 0.018125759929686996 -0.017549919281162216 -0.017549919281162216 0.010027234623300602 0.010027234623300602 -0.0059005169350003677 0.018125759929686996 0.018125759929686996 0.061717232111845204 0.089677556937022077 0.010027234623300602 0.018125759929686996 0.003031162846107814 -0.001434677044446277 0.010027234623300602 -0.001434677044446277 0.041341415264358916 -0.017549919281162216 0.010027234623300602 0.003031162846107814 0.003031162846107814 0.018125759929686996 -0.029990634573945792
leaf_weight=18.367129294812919 24.211960212865964 13.401479677297173 3.4888517246581605 3.09987828973681 25.125085358158689 65.106803269707598 12.038512522645759 16.545205510687087 56.301090068649501 123.60180442559067 168.71817006077617 4.4545073094777754 8.3015031293034536 2.3211070599500072 5.5591671410948038 12.26320742769167 4.440624742070213 15.524151925463228 7.850461666006594 10.348764407797715 37.75143563747406 5.1240472067147484 0.028152398765086128 2.302789610810577 5.4431644040159872 26.771330718882382 3.6175789861008525 0.15250559465493907
leaf_count=52675 11912 5431 159 49 1084 1300 3582 1072 981 5561 10231 60 97 34 55 224 96 795 156 158 765 69 1 52 99 543 64 6
internal_value=0.00178707 0.00346194 -0.0365312 0.00478673 0.00321509 0.00473207 0.00192871 0.00323511 0.0045361 0.00574889 0.00173316 -0.0175499 0.0330364 0.0478829 0.0638262 -0.00256788 0.0337569 -0.00396491 -0.00529766 0.0181258 -0.00590052 0.0181258 -0.0398866 -0.0175499 0.0100272 0.00303116 0.0181258 -0.0424313
internal_weight=682.26 654.56 27.7008 636.012 603.548 573.968 498.513 486.474 467.626 454.225 330.623 29.5796 32.4639 19.0384 12.3209 274.322 6.76173 256.616 241.091 75.4556 206.47 13.4256 18.5478 18.848 17.7064 34.6218 6.71746 18.5196
internal_count=97311 85240 12071 32558 32094 30950 29492 25910 24786 19355 13794 1144 464 298 185 12813 130 12490 11695 1458 10996 166 52682 1124 323 699 113 52681
is_linear=0
shrinkage=0.05


Tree=100
num_leaves=31
num_cat=0
split_feature=12 22 21 2 3 9 14 11 14 16 9 14 1 4 10 14 9 9 5 11 1 9 9 9 14 7 7 12 5 5
split_gain=14.9468 13.1578 12.48 12.7808 8.97174 7.75117 7.13343 9.63202 9.40203 8.89705 5.21699 4.92734 3.49965 2.44492 2.38128 1.96461 1.59402 1.75288 1.67802 1.56388 1.35194 0.63617 0.690591 0.704295 0.54296 0.334165 0.326947 0.289028 0.276494 0.984631
threshold=16.500000000000004 1.0000000180025095e-35 1.0000000180025095e-35 1.0000000180025095e-35 1.0000000180025095e-35 48.500000000000007 31.500000000000004 1.0000000180025095e-35 15.500000000000002 0.064866760168302964 23.500000000000004 3.5000000000000004 0.88619835133492997 0.67700320512820522 267.37168977067415 1.0000000180025095e-35 5.5000000000000009 40.500000000000007 5.8776694374807281 2.5000000000000004 0.038314535463064146 44.500000000000007 49.500000000000007 64.500000000000014 11.500000000000002 1.0000000180025095e-35 1.5000000000000002 6.5000000000000009 8.3647054306170894 9.2183881920843636
decision_type=2 2 2 2 2 2 2 2 2 2 2 2 2 2 2 2 2 2 2 2 2 2 2 2 2 2 2 2 2 2
left_child=1 2 3 19 5 6 7 8 11 -8 13 20 16 -6 -14 -7 -13 18 -18 25 -5 -12 -23 -24 -16 -1 -20 -9 -15 -30
right_child=-2 -3 -4 4 10 15 9 27 -10 -11 21 12 14 28 24 -17 17 -19 26 -21 -22 22 23 -25 -26 -27 -28 -29 29 -31
leaf_value=-0.046864417663429275 -0.046356536178074781 -0.046939622425813031 0.055711173255349647 -0.016687246166966277 0.010508860874132199 0.010508860874132199 -0.016687246166966277 0.010508860874132199 0.0050546379766789112 0.010508860874132199 0.010508860874132199 -0.0057756772071904591 0.0050546379766789112 0.029184886862623018 -0.0057756772071904591 -0.016687246166966277 -0.0057756772071904591 -0.0057756772071904591 -0.016687246166966277 -0.016687246166966277 0.0050546379766789112 0.029184886862623018 0.010508860874132199 0.029184886862623018 -0.00036051961525577423 -0.02943412178491325 -0.0057756772071904591 0.0050546379766789112 0.019846873868377607 0.029184886862623018
leaf_weight=14.826034350364358 14.973381440300725 12.15209606249118 10.283437907695768 2.6073615278583047 3.0287405271083108 1.3546358793973947 33.211363948648795 125.84381875419058 127.81271219544578 8.3076138892211002 27.262719580437988 3.6927776256343341 7.973036913201212 27.662219036719762 15.458003074862065 30.148784467368387 11.743351033423094 5.7906106843147418 110.43284493824467 0.331713442603358 24.648425847291946 1.5925876199034963 1.9281342566246169 1.5418090065941212 11.024790638126431 3.2923541207856024 7.542882938636466 18.767105579841882 10.8516972247744 6.062551924143917
leaf_count=48341 2002 4154 264 125 92 8 8220 2903 6910 199 557 257 148 559 306 2140 901 437 8643 239 397 35 64 29 219 8232 213 441 225 130
internal_value=0.00144559 0.00258618 0.00357514 0.0026586 0.00389231 0.00158788 0.00312389 0.00487698 -0.000399585 -0.016507 0.0194298 -0.00779516 -0.0111181 0.0291849 0.0030774 -0.0166872 -0.0146288 -0.0162606 -0.0166872 -0.0372668 0.00505464 0.0105089 0.0291849 0.0105089 -0.00577568 -0.042181 -0.0166872 0.0105089 0.0291849 0.0198469
internal_weight=682.15 667.176 655.024 644.741 626.291 546.36 514.857 473.338 328.727 41.519 79.9305 200.914 173.658 47.6052 34.4558 31.5034 139.202 135.51 129.719 18.4501 27.2558 32.3253 5.06253 3.46994 26.4828 18.1184 117.976 144.611 44.5765 16.9142
internal_count=97390 95388 91234 90970 34158 32467 30319 21900 18556 8419 1691 11646 11124 1006 673 2148 10451 10194 9757 56812 522 685 128 93 525 56573 8856 3344 914 355
is_linear=0
shrinkage=0.05


Tree=101
num_leaves=31
num_cat=0
split_feature=19 7 0 2 9 7 16 8 8 5 9 5 1 15 5 5 1 5 5 9 9 0 5 0 16 1 5 5 9 9
split_gain=12.7944 11.7011 10.088 7.49825 4.84997 4.02756 3.88451 3.34943 2.81976 2.68257 3.5427 2.51418 2.44318 1.35785 1.16959 3.434 1.27322 1.12217 1.99832 1.11917 0.986845 0.964882 0.522762 0.494226 0.377342 0.360724 0.303414 2.54087 0.99251 2.48992
threshold=1.0000000180025095e-35 1.5000000000000002 -0.99266396128577028 1.0000000180025095e-35 48.500000000000007 2.5000000000000004 0.11237373737373739 1.0000000180025095e-35 1.0000000180025095e-35 7.4659323263886312 28.500000000000004 7.3652578699734184 0.5646102873689961 3.5000000000000004 8.6478545464965979 9.1285556118802251 0.04138516886292521 6.5216077629755533 5.1826093221586591 21.500000000000004 27.500000000000004 -0.048818248067720706 6.9325797058159599 -0.14420201709804312 0.028513356562137052 0.53384873447790138 8.2360076701395872 7.7173127874535714 13.500000000000002 21.500000000000004
decision_type=2 2 2 2 2 2 2 2 2 2 2 2 2 2 2 2 2 2 2 2 2 2 2 2 2 2 2 2 2 2
left_child=1 2 13 -4 6 8 7 9 24 10 11 17 -9 -1 26 20 -17 18 23 -20 -16 -22 -10 -5 -3 -7 27 -11 -29 -30
right_child=-2 5 3 4 -6 25 -8 12 22 14 -12 -13 -14 -15 15 16 -18 -19 19 -21 21 -23 -24 -25 -26 -27 -28 28 29 -31
leaf_value=-0.046583656501161835 -0.046909650869957464 0.015323260931534348 -0.018787089110515128 -0.0075240041886404556 -0.0075240041886404556 0.042836028374016538 0.015323260931534348 0.0054973568021299685 0.027292915958056264 0.0054973568021299685 -0.0075240041886404556 -0.0075240041886404556 0.0096123148250977491 -0.018787089110515128 -0.0075240041886404556 -0.0075240041886404556 0.0054973568021299685 0.0054973568021299685 -0.0075240041886404556 0.0054973568021299685 -0.0075240041886404556 0.0054973568021299685 0.042836028374016538 0.0054973568021299685 0.027292915958056264 0.078420801865620907 0.0054973568021299685 -0.0075240041886404556 0.0054973568021299685 -0.0075240041886404556
leaf_weight=12.197621468367284 11.830536861452854 15.657361477657107 16.140250416428898 1.9403054568683735 34.243380481435452 2.267729239203617 24.588398182531819 86.635051180899609 2.6009424891235531 21.145213610201608 29.099978919199202 9.0043785094749165 66.424332906026393 0.73872006699093695 40.641277089016512 6.5366370247793375 55.762453737843316 44.363713177328464 16.970379435922954 7.160407430084887 3.1876741661690184 12.03982083406299 11.387964718160218 10.835615597665306 5.9030330803070674 3.7208591902744956 59.552867861173581 14.80105156439822 20.904321652895305 28.291229943220969
leaf_count=14710 4172 1035 48140 326 2034 76 529 3768 62 1056 1827 446 600 37 2334 738 2810 2409 997 392 380 538 240 482 107 42 3205 744 1119 1642
internal_value=0.00255442 0.00350388 0.00176914 0.00272537 0.00373908 0.0288774 0.00497881 0.00390137 0.0213004 0.0013824 -0.00480747 0.00283873 0.00961231 -0.0402995 0.00420099 0.000157759 0.00549736 0.00549736 -0.0032823 -0.007524 -0.007524 0.00530171 0.0392626 0.00549736 0.0153233 0.0643716 0.00549736 0.00152246 -0.00541758 -2.03172e-05
internal_weight=676.574 664.743 623.205 610.269 594.128 41.5379 559.885 535.297 35.5493 382.237 119.375 90.2748 153.059 12.9363 262.863 118.168 62.2991 81.2704 36.9067 24.1308 55.8688 15.2275 13.9889 12.7759 21.5604 5.98859 144.695 85.1418 63.9966 49.1956
internal_count=96997 92825 91263 76516 28376 1562 26342 25813 1444 21445 6879 5052 4368 14747 14566 6800 3548 4606 2197 1389 3252 918 302 808 1142 118 7766 4561 3505 2761
is_linear=0
shrinkage=0.05


Tree=102
num_leaves=31
num_cat=0
split_feature=14 19 14 21 15 12 0 11 15 15 0 14 4 13 14 10 14 5 10 9 5 9 15 5 5 5 14 7 13 5
split_gain=15.783 12.6918 11.8755 11.4332 9.9401 13.8327 9.88778 8.77752 8.10061 5.66488 8.22242 4.17544 4.09507 3.60192 2.49433 2.41184 1.72621 1.18867 0.941365 0.928847 0.920646 1.27124 0.795503 0.53125 0.329174 0.327078 1.40114 0.299025 0.0348875 0.0315069
threshold=51.500000000000007 1.0000000180025095e-35 1.0000000180025095e-35 1.0000000180025095e-35 2.5000000000000004 6.5000000000000009 -0.81918883441034096 1.5000000000000002 9.5000000000000018 1.0000000180025095e-35 -0.039054492598341796 16.500000000000004 0.6839856050382368 0.65608801332151601 12.500000000000002 2.1000652309460954 260.50000000000006 8.6478545464965979 154.77674577433433 17.500000000000004 6.8307897201391379 22.500000000000004 1.0000000180025095e-35 8.7351823590757451 7.2531084142030116 7.3770169429876455 22.500000000000004 1.5000000000000002 0.25235870048954162 9.2082807187888704
decision_type=2 2 2 2 2 2 2 2 2 2 2 2 2 2 2 2 2 2 2 2 2 2 2 2 2 2 2 2 2 2
left_child=1 2 -1 4 5 6 18 9 -2 10 20 13 29 -7 -11 -15 -10 -14 -4 23 21 -8 -17 -19 -9 26 -13 -22 -6 -12
right_child=8 -3 3 -5 28 11 7 24 16 14 12 25 17 15 -16 22 -18 19 -20 -21 27 -23 -24 -25 -26 -27 -28 -29 -30 -31
leaf_value=0.050236308854154324 -0.047280633454451729 -0.046740501003566311 -0.017526962722863689 0.055402393914985193 0.015240372848922327 -0.043646566640148959 -0.0074218813098939247 0.0085083764528632536 0.04026600680374235 0.0036366682395251124 -0.0074218813098939247 0.0063682233115420822 0.0036366682395251124 0.015240372848922327 0.0085083764528632536 -0.017250793707559151 -0.01104368731842386 -0.0018926065351844061 -0.046003204734793079 -0.0018926065351844061 -0.017526962722863689 -0.017526962722863689 -0.00015334919255702713 0.0036366682395251124 0.015240372848922327 -0.049597753662232791 -0.040921405701250496 -0.0074218813098939247 0.029029417872476249 -0.0018926065351844061
leaf_weight=12.924717032350598 21.800825436846939 11.294503769328001 2.1941454829211571 9.4516173877054808 5.7838304978795376 3.6753539503552011 6.3019189966144022 15.997807241699773 3.1698200604878362 41.223126348224469 34.250254347804002 2.0319784062448916 187.18000503806979 3.6324320640414935 64.318113228539005 2.5597612431156449 0.81095094082411368 4.4078903334448105 10.087698693372657 50.216362611856312 53.354907821878442 4.9934158370451769 3.4642156902700663 32.26685322879348 50.73324719244556 13.624572357512077 3.516886981058633 2.3670733156759516 13.39764440548606 6.9714504474977721
leaf_count=86 11907 4158 2185 233 71 113 1579 298 153 639 5574 52 22941 41 2253 95 80 380 10460 7106 18445 2430 21 2772 865 623 234 262 346 926
internal_value=0.00205767 0.00359713 0.00455561 0.0035371 0.00265644 0.00145133 0.00329096 0.00430462 -0.0355675 0.00177638 -0.00123504 -0.0297711 0.00215982 -0.00743876 0.00850838 0.00914498 0.0251933 0.00363667 -0.0393585 -0.00189261 -0.0170036 -0.00742188 -0.0155471 0.00363667 0.0152404 -0.0441608 -0.025276 -0.017527 0.0290294 -0.00742188
internal_weight=678.003 652.222 640.927 628.003 618.551 599.369 566.864 554.582 25.7816 487.851 382.31 32.5052 315.293 13.3318 105.541 9.65641 3.98077 274.071 12.2818 86.8911 67.0173 11.2953 6.02398 36.6747 66.7311 19.1734 5.54887 55.722 19.1815 41.2217
internal_count=97328 85188 81030 80944 80711 80294 79115 66470 12140 65307 62415 1179 39699 270 2892 157 233 33199 12645 10258 22716 4009 116 3152 1163 909 286 18707 417 6500
is_linear=0
shrinkage=0.05


Tree=103
num_leaves=31
num_cat=0
split_feature=12 0 21 17 2 9 13 16 5 5 0 0 0 5 9 5 5 16 13 5 9 1 12 11 9 9 12 12 12 13
split_gain=12.5274 12.4987 10.6044 13.3467 8.34737 6.88949 7.91735 5.22675 4.79268 4.49443 4.37806 3.57199 3.55158 3.15243 3.96622 2.79071 3.33678 2.70585 2.14957 1.98315 1.94255 2.37201 1.52484 1.49452 1.49242 1.48399 1.29599 0.581935 0.543544 0.525901
threshold=17.500000000000004 -0.71550227415766998 1.0000000180025095e-35 1.0000000180025095e-35 1.0000000180025095e-35 16.500000000000004 0.82004108700353207 0.14359351988217969 9.0134975601397489 9.2082807187888704 2.5127593914237871 1.3345637053958266 -0.11579784509919953 8.4182550812564507 29.500000000000004 7.3544086179388115 8.7996099934525915 0.091750841750841763 0.36613131638236246 7.4659323263886312 20.500000000000004 0.88619835133492997 1.5000000000000002 1.0000000180025095e-35 13.500000000000002 25.500000000000004 4.5000000000000009 6.5000000000000009 2.5000000000000004 0.29582577132486393
decision_type=2 2 2 2 2 2 2 2 2 2 2 2 2 2 2 2 2 2 2 2 2 2 2 2 2 2 2 2 2 2
left_child=1 17 3 4 -3 6 8 9 11 10 13 15 -11 14 20 22 18 -1 -17 -16 21 -7 -6 -8 -10 -12 -21 -20 29 -26
right_child=-2 2 -4 -5 5 7 23 -9 24 12 25 -13 -14 -15 19 16 -18 -19 27 26 -22 -23 -24 -25 28 -27 -28 -29 -30 -31
leaf_value=-0.042886707520996603 -0.047352984879819676 -0.015575641899122243 0.054727275046779406 -0.015575641899122243 0.012345073272520319 -0.0051237301261584855 0.018276236411998239 0.028606091260401808 -0.0051237301261584855 -0.0051237301261584855 0.0055311843579033335 0.018276236411998239 0.014525548181639456 -0.0051237301261584855 -0.0051237301261584855 -0.0051237301261584855 0.012345073272520319 -0.015575641899122243 0.012345073272520319 0.0055311843579033335 0.0055311843579033335 0.0055311843579033335 -0.0051237301261584855 0.028606091260401808 0.0058228663787633986 0.014525548181639456 -0.0051237301261584855 0.003610671573180917 -0.0051237301261584855 0.018276236411998239
leaf_weight=19.241578469685923 12.112813982326768 14.947984236016053 8.8699896747129952 19.344561581558082 29.528688966529444 42.653262969455682 4.4818900722311801 9.9501260346733016 23.587986203259788 6.6765144793316713 13.37729794427287 33.891752207186073 44.136176803149283 85.55839771986939 45.356166535057127 46.004705275991 8.5552698567043972 2.4744184743612996 6.9454719261266273 40.171374056255445 78.182347580906935 8.222691788338123 3.6278717740206039 31.476222551194951 10.002529361401679 14.195993949659167 3.1375589156523338 1.9411334122996775 0.9839831374119975 1.2478720461949713
leaf_count=23398 1886 43281 264 4868 1526 1965 134 253 1050 640 162 685 1425 3639 2098 2339 428 33 285 1778 3393 126 138 544 436 208 118 57 29 56
internal_value=0.0010421 0.00200236 0.00329693 0.00248491 0.0042143 0.00532818 0.0127971 0.00144761 0.00794638 0.000445005 -0.0016945 0.0124457 0.0141397 -0.00346318 0.00119989 0.00641391 -0.000457224 -0.0344482 -0.00512373 -0.00512373 0.00553118 -0.00443015 0.0123451 0.0286061 -0.00512373 0.0145255 0.00553118 0.0123451 0.0125575 0.0161084
internal_weight=670.885 658.772 637.056 628.186 608.841 593.893 202.275 391.618 166.317 381.668 330.855 130.495 50.8127 303.282 217.723 96.6031 63.4466 21.716 54.8913 88.6651 129.058 50.876 33.1566 35.9581 35.8224 27.5733 43.3089 8.88661 12.2344 11.2504
internal_count=97242 95356 71925 71661 66793 23512 7707 15805 7029 15552 13487 5458 2065 13117 9478 4773 3109 23431 2681 3994 5484 2091 1664 678 1571 370 1896 342 521 492
is_linear=0
shrinkage=0.05


Tree=104
num_leaves=27
num_cat=0
split_feature=12 7 8 2 5 9 0 3 4 9 3 4 10 1 9 19 4 12 1 9 10 5 11 5 5 5
split_gain=12.4548 12.1736 12.1069 10.6646 9.12814 6.96235 5.73729 3.62195 3.01296 2.91449 3.19079 2.58696 2.20292 1.77697 1.66619 1.76083 1.69475 1.36415 1.28164 2.35133 0.757368 0.700261 0.664353 0.649284 0.39949 1.3793
threshold=17.500000000000004 1.0000000180025095e-35 1.0000000180025095e-35 1.0000000180025095e-35 6.858432694097508 53.500000000000007 -0.71550227415766998 1.0000000180025095e-35 0.62981481481481494 12.500000000000002 1.0000000180025095e-35 0.93364779874213844 381.99623653991824 0.63785969432658229 25.500000000000004 1.0000000180025095e-35 0.67873525557011805 6.5000000000000009 0.54901866278369138 8.5000000000000018 213.42121718242194 7.4389829350645753 13.500000000000002 7.0274084446110585 5.8233965048167171 4.766488736963427
decision_type=2 2 2 2 2 2 2 2 2 2 2 2 2 2 2 2 2 2 2 2 2 2 2 2 2 2
left_child=1 3 11 22 7 6 20 14 -8 18 13 23 -12 -11 15 16 -5 -10 19 -4 -6 -15 -1 -3 25 -9
right_child=-2 2 9 4 5 -7 8 24 17 10 12 -13 -14 21 -16 -17 -18 -19 -20 -21 -22 -23 -24 -25 -26 -27
leaf_value=-0.046611854960375322 -0.047436390108819837 0.011895839428663041 0.045424682218351484 -0.021793993410222853 -0.0080573758534208516 -0.021793993410222853 -0.0080573758534208516 0.00567924170338115 0.00567924170338115 0.018112437153944932 0.082734589677743026 0.018112437153944932 0.036001701270648202 0.036001701270648202 -0.021793993410222853 -0.021793993410222853 -0.0071709176466436958 -0.0011890670750198515 0.064773136756171093 0.018112437153944932 -0.021793993410222853 0.025480828526772005 -0.021793993410222853 0.00567924170338115 0.00567924170338115 -0.0071709176466436958
leaf_weight=13.654226649188782 11.488837528566362 25.882866504878621 1.529975709199787 4.3746248242096035 2.6105218652519389 14.755583377380388 15.028827148722483 2.2646753442240861 301.2197287135059 24.163677360862494 3.2727452011313281 12.486135909886796 4.0942141614650609 6.6397728671145186 24.229726540506817 5.2940917519154018 33.146901871077716 18.55491629941389 7.7060156461666338 4.1584215212787967 8.7896950735012052 14.381187508406581 0.14640337810851711 102.68763641866826 5.0669612700585276 4.0998862456763163
leaf_count=48754 1865 2763 90 319 664 1010 790 149 13549 2030 92 1233 143 98 2658 1964 2316 604 67 202 5858 200 4 9425 111 134
internal_value=0.00203673 0.00296805 0.012983 -0.00162449 -0.000217967 0.00315166 0.00466789 -0.0155614 0.00567924 0.0305456 0.0243986 0.00567924 0.0533842 0.0186192 -0.0200211 -0.0112683 -0.00717092 0.00567924 0.0512924 0.0260762 -0.021794 0.0328492 -0.04337 0.00567924 0.00567924 -0.00717092
internal_weight=671.728 660.239 207.003 453.237 439.436 360.959 346.204 78.4769 334.803 65.946 52.5516 141.057 7.36696 45.1846 67.0453 42.8156 37.5215 319.775 13.3944 5.6884 11.4002 21.021 13.8006 128.571 11.4315 6.36456
internal_count=97092 95227 16343 78884 30126 22475 21465 7651 14943 2922 2563 13421 235 2328 7257 4599 2635 14153 359 292 6522 298 48758 12188 394 283
is_linear=0
shrinkage=0.05


Tree=105
num_leaves=28
num_cat=0
split_feature=12 0 21 16 14 10 8 0 5 10 13 14 5 4 2 19 1 5 12 5 1 1 5 14 14 4 14
split_gain=12.9705 11.5057 10.4841 10.0495 5.97416 5.00098 4.81029 5.22541 4.20854 3.94535 2.53673 2.39735 2.31228 2.30155 1.93872 1.15945 1.12274 0.995214 1.44428 1.44551 0.458809 0.446936 0.434814 0.298528 0.434177 0.252091 0.0727936
threshold=15.500000000000002 -0.58656668999891992 1.0000000180025095e-35 0.1181455633100698 3.5000000000000004 399.99914873829465 1.0000000180025095e-35 1.7267104541893661 8.2360076701395872 335.35136343615841 0.62673046251993636 37.500000000000007 4.766488736963427 0.95260557053009898 1.0000000180025095e-35 1.0000000180025095e-35 0.47911582534771763 6.3198989676170809 3.5000000000000004 8.0930995798579737 0.047530399726011641 0.075885188366567338 8.6938534147366209 8.5000000000000018 5.5000000000000009 0.91704892966360874 41.500000000000007
decision_type=2 2 2 2 2 2 2 2 2 2 2 2 2 2 2 2 2 2 2 2 2 2 2 2 2 2 2
left_child=1 9 3 4 5 -3 8 10 12 22 -8 14 15 17 -10 -6 -7 -14 19 26 -5 -11 -1 24 -16 -2 -19
right_child=25 2 -4 20 6 16 7 -9 11 21 -12 -13 13 -15 23 -17 -18 18 -20 -21 -22 -23 -24 -25 -26 -27 -28
leaf_value=-0.011597567539550727 -0.048689075762556468 0.015000223947981639 0.054496914481064189 0.015000223947981639 0.0018814214342633845 -0.011597567539550727 0.0018814214342633845 0.015000223947981639 -0.011597567539550727 -0.044922198611237737 0.0084408226911225123 -0.011597567539550727 -0.011597567539550727 0.0018814214342633845 0.0018814214342633845 -0.011597567539550727 0.0017013282042154564 -0.0048580730526436716 -0.011597567539550727 -0.011597567539550727 0.028598748340110926 -0.025975386975203369 -0.025975386975203369 0.0018814214342633845 -0.0048580730526436716 -0.015977250354766184 -0.011597567539550727
leaf_weight=8.8336289035651117 11.769663663348181 46.798907419637544 8.9304566975915787 2.7686757503543076 11.80835332549759 7.2039010396401846 92.918854875810212 42.686569329423946 4.6787646899174424 16.22684013549588 22.316791824923712 7.0909702852804903 32.24506158674194 10.018636801498358 10.437277702149006 3.9709243901452274 3.6727254752477165 115.42288530849328 16.640548124327324 10.023442530000464 20.033136780257337 4.0194064466049886 3.0370795006747349 137.1694074133411 19.418903842102736 1.9493784889637016 2.3953108292625975
leaf_count=4686 1804 574 265 47 1834 333 9936 1065 14422 17933 943 1835 5173 1687 369 1541 74 17142 429 1436 482 3239 1713 6100 947 244 996
internal_value=0.000982753 0.00201385 0.00352177 0.00270058 0.0014017 0.0150002 -0.000255066 0.0070565 -0.00329366 -0.0267169 0.00188142 0.00188142 -0.00821916 -0.01001 0.00188142 0.00188142 -0.0115976 -0.0115976 -0.0073518 -0.00485807 0.0285987 -0.0403532 -0.0115976 0.00188142 -0.00485807 -0.0454422 -0.00485807
internal_weight=674.487 660.767 628.651 619.72 596.918 57.6755 539.243 157.922 381.32 32.117 115.236 178.795 202.525 186.746 171.704 15.7793 10.8766 176.727 144.482 127.842 22.8018 20.2462 11.8707 167.026 29.8562 13.719 117.818
internal_count=97249 95201 67630 67365 66836 981 65855 11944 53911 27571 10879 23673 30238 26863 21838 3375 407 25176 20003 19574 529 21172 6399 7416 1316 2048 18138
is_linear=0
shrinkage=0.05


Tree=106
num_leaves=27
num_cat=0
split_feature=14 7 15 22 2 3 16 14 10 4 0 16 14 9 14 7 11 14 8 10 1 0 9 9 11 7
split_gain=12.2445 11.7749 11.6084 9.91881 10.0118 10.0937 7.56448 5.4399 9.16385 5.9562 4.27461 4.90765 1.75023 2.75343 1.62918 1.60188 1.18246 1.00712 0.924495 0.586693 0.480285 0.456619 0.429154 0.791803 0.374496 0.210377
threshold=57.500000000000007 2.5000000000000004 2.5000000000000004 1.0000000180025095e-35 1.0000000180025095e-35 1.0000000180025095e-35 0.13921188630490958 5.5000000000000009 395.964146100341 0.65232809127351232 2.0064462875111029 0.023222109875294914 19.500000000000004 26.500000000000004 14.500000000000002 1.0000000180025095e-35 1.5000000000000002 8.5000000000000018 1.0000000180025095e-35 247.27800385698779 0.53384873447790138 1.2782736361173157 12.500000000000002 5.5000000000000009 1.0000000180025095e-35 1.5000000000000002
decision_type=2 2 2 2 2 2 2 2 2 2 2 2 2 2 2 2 2 2 2 2 2 2 2 2 2 2
left_child=1 2 3 4 15 7 -2 8 -6 25 11 12 13 22 -7 -1 19 -13 -12 -4 -3 -16 23 -11 -10 -9
right_child=6 20 16 -5 5 14 -8 9 24 10 18 17 -14 -15 21 -17 -18 -19 -20 -21 -22 -23 -24 -25 -26 -27
leaf_value=-0.046202037922649639 -0.047961420056944017 0.034549727323438265 0.026046509744020854 -0.046147528325434777 0.0087224758577220743 0.017543292164603441 0.036703141412973143 -0.017579474852334159 -0.017579474852334159 -0.0020133665874744922 0.0029329262748405342 -0.0020133665874744922 -0.009128427667256819 -0.009128427667256819 0.0087224758577220743 -0.017579474852334159 0.034549727323438265 0.0029329262748405342 0.0087224758577220743 0.017543292164603441 0.079872016759035436 0.017543292164603441 -0.0020133665874744922 -0.009128427667256819 -0.0044284994973060425 -0.009128427667256819
leaf_weight=12.10759345214319 17.311806052108299 2.1432890059950287 3.9921057606115955 10.176129949650202 63.49919620831497 43.287007755716331 2.328846378135494 31.067142785526812 18.721581673366021 3.2353872387902802 32.039079097565264 13.950538675067945 76.267177571426146 47.208384276425932 24.900446808896959 2.9603435235112547 12.589639383251777 89.553594351280481 26.338397871237248 4.1018311539664865 3.7874244209378958 9.3535475982353073 86.148726245271973 30.871282873500604 3.6850028191693118 1.6387547129997972
leaf_count=44908 10224 79 63 4158 947 768 126 2197 910 276 763 96 7670 3894 659 7737 380 1430 205 66 42 104 6766 2619 86 53
internal_value=0.00128958 0.00248326 0.00178678 0.000536857 0.00138047 0.00241664 -0.0366307 -9.83404e-05 0.00872248 -0.00241983 -0.00067738 -0.00285662 -0.00695966 -0.00335773 0.0175433 -0.0375756 0.0345497 0.00293293 0.00872248 0.0175433 0.0673127 0.00872248 -0.00201337 -0.00912843 -0.0175795 -0.0175795
internal_weight=673.264 653.624 647.693 627.009 616.833 601.765 19.6407 524.224 85.9058 438.318 405.613 347.235 243.731 167.464 77.541 15.0679 20.6836 103.504 58.3775 8.09394 5.93071 34.254 120.255 34.1067 22.4066 32.7059
internal_count=97226 86876 86755 86246 82088 29443 10350 27912 1943 25969 23719 22751 21225 13555 1531 52645 509 1526 968 129 121 763 9661 2895 996 2250
is_linear=0
shrinkage=0.05


Tree=107
num_leaves=31
num_cat=0
split_feature=2 12 11 16 9 0 10 16 14 12 12 5 0 14 9 9 9 9 14 8 14 0 1 14 14 9 5 5 0 0
split_gain=12.8213 11.5433 9.83856 9.65379 8.27586 7.7715 7.64909 6.17002 5.52175 4.57198 4.42826 4.19654 4.26082 2.93572 2.37809 2.92505 3.00384 2.80847 2.0922 1.7696 1.23239 1.15491 0.95856 0.625529 2.57674 1.64373 0.493659 0.906589 0.472924 0.355782
threshold=1.0000000180025095e-35 7.5000000000000009 1.5000000000000002 0.074537037037037054 16.500000000000004 -0.71550227415766998 353.65536088579472 0.019884023590655994 4.5000000000000009 2.5000000000000004 1.0000000180025095e-35 9.1980056239386681 -0.019034966202970165 15.500000000000002 12.500000000000002 26.500000000000004 38.500000000000007 49.500000000000007 9.5000000000000018 1.0000000180025095e-35 5.5000000000000009 1.9065244410058804 0.78525466282317535 17.500000000000004 28.500000000000004 37.500000000000007 7.1587901799666662 8.4825524868439857 1.5772676958670611 0.88075412891582017
decision_type=2 2 2 2 2 2 2 2 2 2 2 2 2 2 2 2 2 2 2 2 2 2 2 2 2 2 2 2 2 2
left_child=22 2 5 -3 6 -2 9 8 -7 -4 14 21 -13 -9 19 20 28 -18 -14 -10 -16 -6 -1 -12 25 -25 -11 -28 -17 -21
right_child=1 3 4 -5 11 7 -8 13 10 26 23 12 18 -15 15 16 17 -19 -20 29 -22 -23 -24 24 -26 -27 27 -29 -30 -31
leaf_value=-0.046532062537390902 -0.018849659833235013 -0.018849659833235013 0.088087703843428136 0.043727290978323542 0.01176182385535713 0.0062348006071425276 0.01176182385535713 0.0062348006071425276 -0.0075544103890590915 0.034008314699574417 -0.0075544103890590915 0.01176182385535713 0.10261739368908973 0.01176182385535713 -0.0075544103890590915 -0.0075544103890590915 0.0062348006071425276 -0.0075544103890590915 0.040923886709856153 -0.00065980489095828182 0.0062348006071425276 0.040504448355267723 -0.018849659833235013 0.0062348006071425276 -0.0075544103890590915 -0.0075544103890590915 0.060572312047892575 0.034008314699574417 0.0062348006071425276 0.0062348006071425276
leaf_weight=13.315667248403768 14.937364623125175 33.270749705843627 7.2924640885903562 5.4338739379309109 42.480999986291863 57.237774266279303 4.2169834941742002 64.394285719201434 26.602512014156673 3.1583572804811402 59.078280480927788 1.4607097586849702 2.2382248148787758 52.422947950777598 4.2014633924700311 36.130512469797395 16.529791559034496 12.469797301746437 3.1347160089062527 6.0621505182934916 112.28331609023735 7.0054212459363034 2.2954893160640486 30.830862197792158 12.508356799604369 5.3862509696045882 7.4379064313252439 4.9660775070078671 10.122388321207834 8.4617011174559575
leaf_count=51835 9860 2812 117 115 1374 1101 464 570 2243 54 2961 131 25 888 263 2917 1242 996 66 373 7311 107 5460 1470 1515 316 116 88 299 120
internal_value=0.00229307 0.00339364 0.00509872 -0.0188497 0.0209564 0.00256724 0.043323 0.00374084 0.000707777 0.0562548 -0.00249344 0.0117618 0.049044 0.0117618 0.00166527 0.00403363 -0.00418905 0.0062348 0.0700859 -0.00755441 0.0062348 0.0117618 -0.041093 -0.00755441 0.000514791 0.0062348 0.0369201 0.04775 -0.00755441 0.0062348
internal_weight=667.367 651.756 613.052 38.7046 83.3919 529.66 27.0718 514.722 397.905 22.8548 340.667 56.3201 6.83365 116.817 232.864 191.737 75.2525 28.9996 5.37294 41.1264 116.485 49.4864 15.6112 107.804 48.7255 36.2171 15.5623 12.404 46.2529 14.5239
internal_count=97209 39914 36987 2927 2542 34445 839 24585 23127 375 22026 1703 222 1458 15764 13028 5454 2238 91 2736 7574 1481 57295 6262 3301 1786 258 204 3216 493
is_linear=0
shrinkage=0.05


Tree=108
num_leaves=31
num_cat=0
split_feature=21 17 14 2 14 13 14 14 9 3 4 14 1 12 5 0 0 9 14 12 8 12 12 14 13 7 0 9 9 12
split_gain=12.1129 20.1325 10.9254 8.65499 7.5597 6.73113 12.5687 6.19954 4.68287 4.14061 3.90004 2.80899 2.60563 2.40895 2.25344 1.99763 1.14512 0.840152 0.710723 0.650227 0.831611 0.402974 1.80135 0.515092 0.370091 0.148054 0.145206 0.0542442 1.37669 0.00651817
threshold=1.0000000180025095e-35 1.0000000180025095e-35 44.500000000000007 1.0000000180025095e-35 1.0000000180025095e-35 0.83498308840681135 9.5000000000000018 26.500000000000004 52.500000000000007 1.0000000180025095e-35 0.78277721604314132 13.500000000000002 0.5646102873689961 1.5000000000000002 7.3436509322732038 2.8253796890422285 1.0000000180025095e-35 40.500000000000007 1.5000000000000002 2.5000000000000004 1.0000000180025095e-35 2.5000000000000004 15.500000000000002 102.50000000000001 0.82426620479698409 1.0000000180025095e-35 2.8253796890422285 27.500000000000004 18.500000000000004 14.500000000000002
decision_type=2 2 2 2 2 2 2 2 2 2 2 2 2 2 2 2 2 2 2 2 2 2 2 2 2 2 2 2 2 2
left_child=1 2 3 19 -5 7 -7 8 9 10 11 13 17 18 27 21 -11 -12 -6 20 -1 -4 23 24 29 -22 -10 28 -13 -23
right_child=-2 -3 15 4 5 6 -8 -9 26 16 12 14 -14 -15 -16 -17 -18 -19 -20 -21 25 22 -24 -25 -26 -27 -28 -29 -30 -31
leaf_value=-0.045795198536620688 0.054489012412286202 -0.049444030850333123 -0.041905315483366921 0.026523511799950179 -0.0048269845391887061 0.026523511799950179 0.0062643862477236509 0.0062643862477236509 -0.016961317944939915 0.0010371659811437923 -0.0048269845391887061 -0.016961317944939915 0.0010371659811437923 -0.0048269845391887061 -0.0048269845391887061 0.026523511799950179 0.0062643862477236509 -0.0018949092790224568 -0.016961317944939915 -0.016961317944939915 -0.031378258240780298 -0.018660405533640411 -0.04332251052874142 -0.03124868521621257 -0.0027718165710582999 -0.016961317944939915 0.0062643862477236509 -0.016961317944939915 -0.0048269845391887061 -0.0098478951438106914
leaf_weight=10.81437161401845 8.8243364152731356 20.143910235652584 9.6510920897417289 14.826663022860883 2.9865644080564371 33.167814574204385 63.964035460376181 45.281981204170734 15.471467145835051 9.7249201312661153 128.29442637250759 6.927393374731766 69.230489292182028 12.07465855439659 55.729520607972518 0.20243305340409179 49.715668649645522 7.4544013058766714 67.617418470676057 0.1945002696738819 2.1295425342686953 3.577518246136608 6.7833798029168966 1.4105460977589235 5.6078631003038026 0.52600275121221773 1.5338577684015025 7.9171226986218235 6.0889534606831148 0.25992671912536014
leaf_count=39764 269 6745 10058 88 46 272 1444 3157 931 461 8818 420 1217 251 3036 12 650 470 4461 437 8245 1309 1609 185 578 1343 16 514 372 25
internal_value=-0.000622954 -0.00144199 0.000145717 0.00155302 0.00247962 0.00149678 0.0134418 -0.000913005 -0.00332561 -0.00207456 -0.00419005 -0.0100313 0.000377288 -0.0164931 -0.00482698 -0.0301202 0.00626439 -0.00482698 -0.0169613 -0.0364023 -0.0396605 -0.0320671 -0.0247249 -0.01043 -0.00462702 -0.0169613 -0.0169613 -0.0169613 -0.00856006 -0.016924
internal_weight=668.133 659.308 639.165 611.672 598.007 583.181 97.1319 486.049 440.767 423.762 364.321 159.342 204.979 82.6786 76.663 27.4928 59.4406 135.749 70.604 13.6644 13.4699 27.2903 17.6392 10.8559 9.44531 2.65555 17.0053 20.9335 13.0163 3.83744
internal_count=97203 96934 90189 76413 26624 26536 1716 24820 21663 20716 19605 9100 10505 4758 4342 13776 1111 9288 4507 49789 49352 13764 3706 2097 1912 9588 947 1306 792 1334
is_linear=0
shrinkage=0.05


Tree=109
num_leaves=31
num_cat=0
split_feature=14 16 7 8 2 5 4 1 3 5 4 9 9 9 14 9 0 14 0 5 11 9 17 5 1 14 9 14 4 0
split_gain=11.7337 13.6034 8.39593 11.6199 7.67531 7.88271 5.09815 3.67615 3.16446 3.0019 2.82607 2.66652 2.12598 2.80564 2.48584 1.80023 1.69376 1.19423 0.744639 0.73839 0.697139 0.631514 1.18404 1.61405 0.930464 0.476455 0.271258 0.211165 0.141671 0.029438
threshold=44.500000000000007 0.072299651567944254 1.0000000180025095e-35 1.0000000180025095e-35 1.0000000180025095e-35 6.858432694097508 0.62981481481481494 0.51921598391613 1.0000000180025095e-35 7.9051397595919681 0.88944444444444459 53.500000000000007 13.500000000000002 8.5000000000000018 19.500000000000004 12.500000000000002 2.8253796890422285 10.500000000000002 -0.38836647853597767 8.8393799507236199 2.5000000000000004 28.500000000000004 1.0000000180025095e-35 5.1826093221586591 0.96769636680960047 5.5000000000000009 19.500000000000004 18.500000000000004 0.93301282051282064 -0.71550227415766998
decision_type=2 2 2 2 2 2 2 2 2 2 2 2 2 2 2 2 2 2 2 2 2 2 2 2 2 2 2 2 2 2
left_child=2 16 4 10 20 8 19 17 21 27 -4 12 13 -8 -15 -11 -2 26 29 -7 -1 22 23 -6 28 -10 -5 -9 -25 -14
right_child=1 -3 3 7 5 6 11 9 25 15 -12 -13 18 14 -16 -17 -18 -19 -20 -21 -22 -23 -24 24 -26 -27 -28 -29 -30 -31
leaf_value=-0.045737099139687133 -0.048593380705991618 0.04311252071666935 0.0044696383102973145 0.016100046537832671 -0.0076691317505335078 -0.021043724324650771 0.0044696383102973145 0.042109784255141579 -0.0076691317505335078 0.057123597116241709 0.016100046537832671 -0.0086002694593315786 -0.0086002694593315786 -0.0086002694593315786 0.0044696383102973145 0.026960100940548834 -0.0016816240339400325 0.016100046537832671 0.0044696383102973145 -0.0086002694593315786 -0.021043724324650771 -0.021043724324650771 -0.021043724324650771 -0.021043724324650771 -0.0076691317505335078 0.0044696383102973145 0.026960100940548834 0.070657400222182393 -0.01435642803759214 -0.0040286742872158296
leaf_weight=10.67067571362713 22.302869292630938 4.3442842790391287 110.14058514471981 4.4359080146532524 9.8320480118854885 9.5882487927447055 21.722424356848933 11.849158476950835 1.4527258748421434 5.0207762530189965 26.91187121598341 13.211141655861864 5.0737780792987932 43.853566734236665 10.449561943998559 16.792748835432576 0.14359237343887699 20.325675340442103 230.47461236338131 5.4867428322322658 0.079976084060036423 16.929646214703098 6.1071465391432858 21.024274232797332 5.1067594578489652 8.0778681499068608 3.7111074920539977 4.8651605322083915 2.8671590397134414 11.967590396758167
leaf_count=44052 14003 214 9607 222 680 592 1244 138 26 42 2277 667 2168 2150 698 245 9 1738 8344 304 37 1744 2270 1347 90 323 233 84 200 1418
internal_value=0.00088666 -0.0309199 0.00226851 0.0106067 -0.00166744 -0.000559409 0.00252568 0.0277305 -0.0155868 0.0378202 0.00446964 0.00384319 0.00446964 -0.00389816 -0.00860027 0.0269601 -0.0464758 0.0161 0.00446964 -0.0210437 -0.041528 -0.0198079 -0.0142541 -0.00927077 -0.0194962 0.00446964 0.0269601 0.053939 -0.0210437 -0.00860027
internal_weight=664.82 26.7907 638.029 204.053 433.976 423.225 351.828 67.0005 71.3976 38.5278 137.052 336.753 323.542 76.0256 54.3031 21.8135 22.4465 28.4727 247.516 15.075 10.7507 61.867 44.9374 38.8302 28.9982 9.53059 8.14702 16.7143 23.8914 17.0414
internal_count=97166 14226 82940 14586 68354 24265 17585 2702 6680 509 11884 16689 16022 4092 2848 287 14012 2193 11930 896 44089 6331 4587 2317 1637 349 455 222 1547 3586
is_linear=0
shrinkage=0.05


Tree=110
num_leaves=31
num_cat=0
split_feature=12 19 2 9 21 0 14 16 5 0 9 1 14 9 9 4 4 14 16 12 1 4 4 14 5 14 4 9 5 5
split_gain=10.9087 9.53983 9.37741 7.77959 7.73379 6.7816 6.32843 5.48785 4.52096 6.51349 5.45355 4.77976 3.06944 2.14386 2.16438 1.08034 0.917887 2.76686 1.17043 0.91173 0.909762 0.780737 0.490575 0.431568 0.336082 0.333187 0.2925 1.00389 0.177454 0.168376
threshold=15.500000000000002 1.0000000180025095e-35 1.0000000180025095e-35 3.5000000000000004 1.0000000180025095e-35 -0.71550227415766998 1.0000000180025095e-35 0.15430402930402934 9.1285556118802251 2.3442155803461335 16.500000000000004 0.85071328137897284 26.500000000000004 7.5000000000000009 51.500000000000007 0.69852141769949994 0.82063376874697636 18.500000000000004 0.03109959700633276 1.5000000000000002 0.30854962008624615 0.78277721604314132 0.66559139784946253 10.500000000000002 7.9051397595919681 21.500000000000004 0.91704892966360874 39.500000000000007 4.8193488608967234 3.9645267917352025
decision_type=2 2 2 2 2 2 2 2 2 2 2 2 2 2 2 2 2 2 2 2 2 2 2 2 2 2 2 2 2 2
left_child=1 2 20 23 5 -5 -7 8 9 10 12 28 15 -10 16 19 17 -15 -19 -8 -1 25 -13 -4 -22 -11 -2 -28 29 -12
right_child=26 -3 3 4 -6 6 7 -9 13 21 11 22 -14 14 -16 -17 -18 18 -20 -21 24 -23 -24 -25 -26 -27 27 -29 -30 -31
leaf_value=-0.045177373435953357 -0.048095732893109387 -0.045802923958552066 0.098947884432400324 -0.016407359421463912 0.049046552982299707 0.025861386331062552 -0.0063706275635388859 0.025861386331062552 -0.0063706275635388859 0.005987816329443698 -0.0063706275635388859 -0.00019140561704759432 -0.0063706275635388859 0.010371861988871828 -0.0063706275635388859 0.005987816329443698 0.013954672205255508 -0.0063706275635388859 0.010371861988871828 -0.00019140561704759432 -0.016407359421463912 0.013954672205255508 0.005987816329443698 0.022635010832636568 -0.030792366428708636 0.0099712442673496032 -0.029631650701770464 0.026078102866850573 -0.0063706275635388859 -0.00019140561704759432
leaf_weight=9.3227871920462331 10.047320514451711 9.2421710741764382 1.1774411003570997 16.623785636969842 8.1302519920282048 13.673740550875662 12.760779198026283 10.715797593817113 4.3305601003812617 19.012212974485013 4.2003737700870243 3.653567840345203 13.459659865591673 35.893247251631692 3.2454836290562517 114.88858437701128 37.759380409843288 11.58620098186657 4.4875433458946636 3.0085610917303702 2.0138490754252407 24.573715688893571 36.468070524744689 1.0369903550599699 2.4134272404189687 5.1191133954562238 1.4827102613344312 0.30685735901352007 235.07218798378017 5.6262716341298074
leaf_count=43459 1788 4104 48 9997 258 77 637 308 177 250 235 81 866 1374 171 4469 1357 706 68 53 5785 360 636 68 7419 71 187 47 11705 332
internal_value=0.00118002 0.002079 0.00284054 0.00376256 0.00335758 0.00267622 0.0036661 0.00279177 0.00204796 3.89744e-05 -0.00197904 -0.00598058 0.00592146 0.0118131 0.013713 0.00598782 0.0139547 0.00678905 -0.00637063 -0.00637063 -0.0365773 0.0139547 0.00598782 0.0813707 -0.0164074 0.00598782 -0.0444668 -0.014155 -0.00637063 -0.000191406
internal_weight=661.333 649.496 640.254 626.504 624.289 616.159 599.535 585.861 575.146 477.843 429.138 285.02 144.118 97.3024 92.9719 130.658 89.7264 51.967 16.0737 15.7693 13.7501 48.705 40.1216 2.21443 4.42728 24.1313 11.8369 1.78957 244.899 9.82665
internal_count=97093 95071 90967 34304 34188 33930 23933 23856 23548 19695 19014 12989 6025 3853 3676 5159 3505 2148 774 690 56663 681 717 116 13204 321 2022 234 12272 567
is_linear=0
shrinkage=0.05


Tree=111
num_leaves=31
num_cat=0
split_feature=16 14 19 14 21 17 2 9 3 11 14 4 10 4 5 14 5 9 16 4 14 14 14 5 9 11 5 5 5 11
split_gain=11.603 16.2327 7.84414 7.18645 5.59426 8.87082 6.6753 3.51776 3.01455 2.3885 4.93817 3.91696 2.19929 1.96373 1.93082 1.67952 1.84004 1.67515 1.3056 1.2176 1.02327 0.940429 0.683296 1.65469 0.652615 0.647883 0.574144 2.76813 0.306762 0.304947
threshold=0.13680926916221037 45.500000000000007 1.0000000180025095e-35 1.5000000000000002 1.0000000180025095e-35 1.0000000180025095e-35 1.0000000180025095e-35 48.500000000000007 1.0000000180025095e-35 1.0000000180025095e-35 17.500000000000004 0.78393734643734658 347.26249911101314 0.97234964322120299 9.1980056239386681 24.500000000000004 8.4031360178810086 40.500000000000007 0.074537037037037054 0.9235637779941579 6.5000000000000009 14.500000000000002 11.500000000000002 8.6165232314057274 19.500000000000004 2.5000000000000004 8.1165658364029749 7.195578952690652 6.9910998712849777 7.5000000000000009
decision_type=2 2 2 2 2 2 2 2 2 2 2 2 2 2 2 2 2 2 2 2 2 2 2 2 2 2 2 2 2 2
left_child=1 2 3 28 5 6 25 8 9 10 11 17 -11 18 26 19 -17 22 -3 29 -2 -10 -8 24 -24 -5 27 -13 -1 -9
right_child=20 13 -4 4 -6 -7 7 15 21 12 -12 14 -14 -15 -16 16 -18 -19 -20 -21 -22 -23 23 -25 -26 -27 -28 -29 -30 -31
leaf_value=0.00025463304998036423 0.020072451026562022 -0.048293725742255794 -0.044981404055755153 -0.038579075933357097 0.020072451026562022 -0.047085798797281302 -0.016874083694073731 -0.016874083694073731 0.0097710459620297813 0.0051772537845821212 0.0016393660714120939 0.0016393660714120939 0.0016393660714120939 0.020072451026562022 -0.0080616154337637864 0.0097710459620297813 -0.016874083694073731 -0.0080616154337637864 -0.012687158176549291 0.0097710459620297813 0.046635841127752764 0.0051772537845821212 -0.0080616154337637864 -0.0080616154337637864 -0.016874083694073731 -0.016874083694073731 0.0016393660714120939 -0.0080616154337637864 0.020072451026562022 -0.0035515188660219751
leaf_weight=4.8833362689765663 2.4776354940841001 19.902012511498476 8.2327508984526485 12.107663421789763 6.897864439582917 9.0545143689087109 44.439456048945431 21.862293743179187 37.995263808174059 90.309834441693965 105.31878705858253 26.056299564312212 53.069239656149875 0.2294358661165451 17.609670840320177 3.910259705153293 1.9806382581591604 5.1337233425583682 0.59943509101867576 3.27631625405047 13.748986522434278 32.720935513265431 13.087181024835447 13.140171264065428 13.988433750753755 0.07958960720861874 40.026359887910075 31.755103119416162 23.591252214391716 1.4110964492429037
leaf_count=39 33 13487 4119 50066 175 2128 3046 1102 659 1853 6221 1627 2514 181 1000 252 142 331 13 126 465 634 770 856 933 44 2399 1824 191 49
internal_value=0.000366475 -0.000717904 0.000765101 0.00145096 0.000199429 -0.000530359 0.000291385 0.0011217 0.00212011 0.000583462 -0.00189852 -0.00723656 0.00517725 -0.0431967 -0.00111587 -0.0146058 0.00911847 -0.0150074 -0.0454468 -0.0168741 0.0408628 0.00977105 -0.0168741 -0.00966765 -0.0168741 -0.0348699 0.00163937 -0.00337253 0.0200725 -0.0168741
internal_weight=658.896 642.669 621.938 613.705 585.231 578.333 569.278 557.091 524.65 453.934 310.555 205.236 143.379 20.7309 115.447 32.4406 5.8909 89.789 20.5014 26.5497 16.2266 70.7162 84.6552 40.2158 27.0756 12.1873 97.8378 57.8114 28.4746 23.2734
internal_count=97279 96781 83100 78981 78751 78576 76448 26338 24667 23374 19007 12786 4367 13681 6850 1671 394 5936 13500 1277 498 1293 5605 2559 1703 50110 5850 3451 230 1151
is_linear=0
shrinkage=0.05


Tree=112
num_leaves=31
num_cat=0
split_feature=14 15 12 19 16 14 21 20 8 1 9 5 14 10 5 5 12 14 4 10 9 10 4 5 9 14 5 5 14 14
split_gain=9.40253 9.88821 9.75593 8.86777 6.12544 5.88502 5.61789 8.95664 4.87713 6.07349 4.45385 3.99255 5.50882 3.51122 5.07711 2.74268 6.21975 6.16634 2.27138 2.88471 1.8406 2.20878 2.24392 1.59282 1.75939 2.38971 1.49418 2.82326 1.82152 1.47026
threshold=57.500000000000007 3.5000000000000004 7.5000000000000009 1.0000000180025095e-35 0.13921188630490958 1.0000000180025095e-35 1.0000000180025095e-35 1.0000000180025095e-35 1.0000000180025095e-35 0.38339378690081444 48.500000000000007 8.6478545464965979 34.500000000000007 2.3754985841196388 7.3887150439786611 9.1285556118802251 1.5000000000000002 11.500000000000002 0.63665315576143622 395.964146100341 37.500000000000007 343.40593725439845 0.84178433889602056 9.1512976091682621 27.500000000000004 8.5000000000000018 7.9295840231213992 8.4031360178810086 21.500000000000004 10.500000000000002
decision_type=2 2 2 2 2 2 2 2 2 2 2 2 2 2 2 2 2 2 2 2 2 2 2 2 2 2 2 2 2 2
left_child=1 2 3 5 -2 -1 7 8 10 -10 11 12 18 14 -4 16 20 23 19 -7 21 22 -13 -17 29 -26 28 -28 -12 -25
right_child=4 -3 13 -5 -6 6 -8 -9 9 -11 26 15 -14 -15 -16 17 -18 -19 -20 -21 -22 -23 -24 24 25 -27 27 -29 -30 -31
leaf_value=0.025033796123137421 -0.047327216118880681 0.048870847474467863 0.025033796123137421 -0.045439011006517906 0.034136890376708508 -0.0056597096322978831 0.025033796123137421 -0.046980428246971753 0.0046110321214843158 0.013350552774170816 -0.0477671753800036 -0.021603163181294155 -0.034942923379842242 -0.045761550665421286 -0.025872391427756866 0.0046110321214843158 0.0046110321214843158 0.0046110321214843158 0.0046110321214843158 -0.039297587076994107 0.0046110321214843158 -0.034468376676922576 0.0046110321214843158 -0.03693237567725674 0.0046110321214843158 -0.038825094975692254 0.0046110321214843158 -0.027443757097678906 -0.0014632905235572634 0.0027314814357763412
leaf_weight=13.849059876054524 13.931970907717185 10.069357294880318 3.2992842732928711 8.5278891156412993 1.9872588338330377 6.3555562228575564 6.5423333237995385 8.3117564476924581 76.283978925850533 87.564727012395451 6.9619488719836244 8.6474393297321495 7.8397789001464835 13.376907272351671 6.2877936198492534 0.58146733765170466 8.9514259645147813 40.983486709519639 242.68661336576042 6.7135410803093691 4.0292231051571425 28.039354800210276 4.2461557445712961 15.642649569810606 3.4603291490784605 2.2501966149793589 4.2240409202931906 8.3307934906842984 2.9848758123771404 2.5644217599838148
leaf_count=89 10200 333 105 4132 135 817 168 2197 12033 2506 1643 1474 3537 903 203 62 641 6734 33493 1509 1019 4928 718 1621 196 292 1185 2319 1607 336
internal_value=0.00105228 0.0020224 0.00119674 0.00242908 -0.0357412 0.00318638 0.0023442 0.00166731 0.00245864 0.0097103 -0.000488238 0.000806175 0.00423886 -0.0300974 -0.00598323 -0.00674455 -0.0149855 0.000163766 0.00461103 -0.0159305 -0.0236305 -0.0267651 -0.00873795 -0.0210203 -0.02425 9.9064e-05 -0.0216168 -0.00899157 -0.0352751 -0.0314945
internal_weight=655.526 639.606 629.537 606.573 15.9192 598.045 584.196 577.654 569.342 163.849 405.493 382.992 263.595 22.964 9.58708 119.396 53.9136 65.4826 255.756 13.0691 44.9622 40.9329 12.8936 24.4991 23.9176 5.71053 22.5017 12.5548 9.94682 18.2071
internal_count=97135 86800 86467 85256 10335 81124 81035 80867 78670 14539 64131 57377 39356 1211 308 18021 8780 9241 35819 2326 8139 7120 2192 2507 2445 488 6754 3504 3250 1957
is_linear=0
shrinkage=0.05


Tree=113
num_leaves=31
num_cat=0
split_feature=12 11 16 2 14 14 0 10 12 14 14 8 10 4 1 16 14 5 4 14 8 10 0 5 16 5 16 5 14 5
split_gain=10.8238 12.4925 12.454 9.5523 7.97748 7.59996 10.167 5.74693 10.4235 14.6854 7.22125 4.08565 3.97505 3.43916 3.12022 3.0685 2.25755 2.23891 2.01607 1.65056 2.77571 1.62004 1.56701 1.60036 1.42508 1.20151 1.08173 1.05336 1.02137 0.90638
threshold=7.5000000000000009 1.5000000000000002 0.087337909992372245 1.0000000180025095e-35 4.5000000000000009 17.500000000000004 -0.30857673888005377 353.65536088579472 3.5000000000000004 3.5000000000000004 14.500000000000002 1.0000000180025095e-35 397.92131650723792 0.67586600685192244 0.38339378690081444 0.019884023590655994 8.5000000000000018 8.3584718107074547 0.79935064935064948 18.500000000000004 1.0000000180025095e-35 14.097953027773768 1.2483025026890977 7.3436509322732038 0.072299651567944254 6.858432694097508 0.057348406988694763 3.9645267917352025 21.500000000000004 8.7996099934525915
decision_type=2 2 2 2 2 2 2 2 2 2 2 2 2 2 2 2 2 2 2 2 2 2 2 2 2 2 2 2 2 2
left_child=1 3 19 -1 12 11 -7 8 9 -3 17 13 -5 -6 -13 22 21 -11 -16 20 26 -15 23 -8 -21 27 -2 -18 -25 -12
right_child=2 7 -4 4 5 6 15 -9 -10 10 29 14 -14 16 18 -17 25 -19 -20 24 -22 -23 -24 28 -26 -27 -28 -29 -30 -31
leaf_value=-0.042456712101139132 -0.04229118459859748 0.019354558921036207 0.046386602506784239 0.0099862349876810603 -0.020941620180663135 -0.020941620180663135 -0.0054776925964910373 0.0099862349876810603 0.019354558921036207 0.059024994166537531 0.041049030936250987 -0.0043544465179811307 -0.020941620180663135 -0.0043544465179811307 0.0028158942348499648 0.0099862349876810603 -0.0043544465179811307 0.11256166499072046 0.0099862349876810603 -0.047227501505894928 0.0049779142320928258 -0.014501624458842639 0.0058890430491613677 -0.0054776925964910373 0.0038719845074286635 -0.0043544465179811307 -0.013874929950069705 -0.014501624458842639 0.0016123977112375643 0.019354558921036207
leaf_weight=12.222482566547113 6.4263531246688235 9.1391421072185022 4.3899519899860016 45.438200165808666 22.666977582906839 18.487704537023092 22.182946656015702 15.256207487975187 31.196475983619166 8.5345385082473566 7.0055973649650678 39.811075015924871 15.128339980961753 4.7869083251571274 23.266778642602731 37.456041423603892 2.9484184411703636 7.9388010500406372 25.146490974817425 20.548273132531907 2.3370342904236168 37.599161110701971 36.043511627241969 25.228211943991482 1.3016395438462485 112.74287230096525 1.2949763163924215 22.402851959865075 32.431689611286856 2.0406086377915926
leaf_count=55879 233 74 119 642 1766 8627 1970 2546 594 120 294 2458 692 226 274 590 520 109 288 2630 36 2847 978 1240 12 7004 8 2282 2103 105
internal_value=0.000718972 0.0022963 -0.0254396 -0.000485005 0.000573472 -0.00198617 0.0063311 0.0204575 0.0287229 0.0494516 0.0705065 -0.00689598 0.00998623 -0.0107824 0.00207349 0.00998623 -0.00806163 0.0897906 0.00998623 -0.0364308 -0.0171919 -0.0145016 0.00179185 -0.00266425 -0.0441472 -0.00469349 -0.0327278 -0.0145016 0.0016124 0.0299475
internal_weight=653.4 617.102 36.2982 535.991 523.768 463.202 171.83 81.1114 65.8552 34.6587 25.5195 291.372 60.5665 203.147 88.2243 153.342 180.48 16.4733 48.4133 31.9083 10.0584 42.3861 115.886 79.8428 21.8499 138.094 7.72133 25.3513 57.6599 9.04621
internal_count=97266 94228 3038 90386 34507 33173 15508 3842 1296 702 628 17665 1334 14645 3020 6881 12879 229 562 2919 277 3073 6291 5313 2642 9806 241 2802 3343 399
is_linear=0
shrinkage=0.05


Tree=114
num_leaves=31
num_cat=0
split_feature=21 17 12 16 0 7 9 2 10 10 1 0 5 5 0 9 5 9 16 10 3 5 1 5 5 9 1 5 1 1
split_gain=10.1225 17.4429 9.37715 10.2541 8.95687 6.99331 4.23527 3.46356 3.25123 3.02889 2.69047 2.58262 1.74867 3.00187 2.90249 2.48344 3.18954 2.02739 1.85707 1.72005 1.30145 1.18753 0.847241 0.845562 0.696478 0.608315 0.54981 0.518863 0.383052 0.193009
threshold=1.0000000180025095e-35 1.0000000180025095e-35 7.5000000000000009 0.072299651567944254 -0.71550227415766998 1.5000000000000002 8.5000000000000018 1.0000000180025095e-35 2.1000652309460954 154.77674577433433 0.4329797715955907 2.4199667199604065 9.1868023592010832 8.8490741178320658 -0.12548748025071962 29.500000000000004 8.3287557939817756 20.500000000000004 0.027722880983750552 238.91458856244455 1.0000000180025095e-35 7.2308620805616561 0.067740988570664185 8.8393799507236199 7.9698397002827983 40.500000000000007 0.10206424951147657 8.3723432244328944 0.96769636680960047 0.81553436000826585
decision_type=2 2 2 2 2 2 2 2 2 2 2 2 2 2 2 2 2 2 2 2 2 2 2 2 2 2 2 2 2 2
left_child=1 2 4 8 9 6 -6 -8 21 -1 -7 12 13 15 -14 17 28 18 20 -13 24 -4 -18 -23 29 -10 -20 -26 -17 -9
right_child=-2 -3 3 -5 5 10 7 11 25 -11 -12 19 14 -15 -16 16 22 -19 26 -21 -22 23 -24 -25 27 -27 -28 -29 -30 -31
leaf_value=-0.015361153781809507 0.053732430312760183 -0.049091436286928775 -0.0052251566667274518 0.02634574698194192 0.012234318358983941 0.012234318358983941 -0.015361153781809507 -0.0072518607651402408 -0.049810960173193426 -0.046945795233943481 0.02634574698194192 0.012234318358983941 -0.0072518607651402408 -0.0072518607651402408 0.0059453917739565277 -0.0072518607651402408 -0.0072518607651402408 0.0059453917739565277 0.00092882250931400866 0.0059453917739565277 0.00092882250931400866 -0.025499247477157941 0.0059453917739565277 -0.0052251566667274518 -0.0030136207696089021 -0.025499247477157941 0.0059453917739565277 -0.0072518607651402408 0.0059453917739565277 -0.0030136207696089021
leaf_weight=3.6890894461539583 7.546956122678238 17.349244279386767 2.1745979756815386 5.0947282116394481 32.695510000441573 17.180215479820617 10.102797590974658 48.945977927884087 18.513291788971404 12.607616962086468 21.797101494303206 10.947818426648153 9.8431971954414603 43.099504326470196 57.81558497203514 63.649251715571154 5.2031777773518142 88.223204850335605 11.944928514189085 33.745938937645406 17.705727642402053 2.9231308023445308 16.62952751951525 1.5155978138209318 18.441227852948941 3.2644022549502543 26.649185318732634 21.153067913139239 10.076609964948146 10.446976959705351
leaf_count=2606 264 6782 61 107 2345 808 41649 3240 2039 18914 319 138 973 2031 2003 3318 343 3918 144 489 374 115 714 55 1064 515 283 1231 184 207
internal_value=-0.000324491 -0.00104094 0.000366751 -0.0249807 0.00183873 0.00289796 0.0013942 0.000137067 -0.0367961 -0.0336203 0.0230744 0.000857432 -0.000292395 -0.00162311 0.00594539 0.000358727 -0.00643176 0.00303886 -0.000827595 0.0121832 -0.00408775 -0.00522516 0.00594539 -0.0254992 -0.00695606 -0.0457733 0.00594539 -0.00301362 -0.00725186 -0.00725186
internal_weight=650.975 643.428 626.079 33.4857 592.593 576.297 537.319 504.624 28.391 16.2967 38.9773 494.521 449.827 382.168 67.6588 339.069 95.5586 243.51 155.287 44.6938 116.693 6.61333 21.8327 4.43873 98.9873 21.7777 38.5941 39.5943 73.7259 59.393
internal_count=97233 96969 90187 2892 87295 65775 64648 62303 2785 21520 1127 20654 20027 17051 2976 15020 4559 10461 6543 627 6116 231 1057 170 5742 2554 427 2295 3502 3447
is_linear=0
shrinkage=0.05


Tree=115
num_leaves=31
num_cat=0
split_feature=21 17 12 16 0 2 9 10 14 4 10 4 14 13 16 13 16 9 9 9 4 9 3 9 7 14 12 9 1 9
split_gain=9.01446 17.2355 9.47626 8.78156 7.95931 6.05005 5.68993 7.76099 4.6886 3.95791 3.74035 2.81594 3.43136 2.79404 2.71578 2.34275 2.28802 3.41595 1.82316 2.78123 2.28492 1.72288 1.52186 1.36147 1.19704 0.902477 1.19408 0.901287 0.893128 0.733905
threshold=1.0000000180025095e-35 1.0000000180025095e-35 7.5000000000000009 0.087337909992372245 -1.0423631426309203 1.0000000180025095e-35 16.500000000000004 14.097953027773768 1.5000000000000002 0.9644437420986095 2.3754985841196388 0.68016393442622958 10.500000000000002 0.74952870703864249 0.12660256410256412 0.85997438976898211 0.020236145236145243 13.500000000000002 24.500000000000004 53.500000000000007 0.66559139784946253 33.500000000000007 1.0000000180025095e-35 24.500000000000004 1.0000000180025095e-35 13.500000000000002 1.0000000180025095e-35 28.500000000000004 0.72915976181006681 20.500000000000004
decision_type=2 2 2 2 2 2 2 2 2 2 2 2 2 2 2 2 2 2 2 2 2 2 2 2 2 2 2 2 2 2
left_child=1 2 4 10 -1 -6 7 -7 23 14 13 -9 15 -4 18 24 17 25 22 20 27 -11 28 -8 -13 26 -14 -20 -10 -24
right_child=-2 -3 3 -5 5 6 8 11 9 21 -12 12 16 -15 -16 -17 -18 -19 19 -21 -22 -23 29 -25 -26 -27 -28 -29 -30 -31
leaf_value=-0.044404262141898118 0.053394991650973528 -0.048592063452574823 -0.026337850229814275 0.027058419596938756 -0.020101458845490944 0.027058419596938756 0.027058419596938756 -0.0075645800618948161 -0.0075645800618948161 0.027058419596938756 -0.045862776826002413 0.00082867979742383066 0.012400032446213986 -0.0033040500886837298 0.012358018739863141 0.01715544387294916 0.01715544387294916 0.012400032446213986 -0.0011953965491932614 -0.0075645800618948161 0.0051737869635082936 0.012358018739863141 0.0051737869635082936 0.0092782339915691587 0.0089920618351864955 0.00082867979742383066 0.00082867979742383066 -0.0075645800618948161 -0.0011953965491932614 -0.0011953965491932614
leaf_weight=7.5500068487235685 7.2269856695493209 16.24652205039456 3.7965046643512341 3.523091659648343 10.98665339269064 29.876521062105894 7.3203755458816913 12.70554388585151 94.473253002885031 9.4167854571132903 19.115506345799076 39.771000937267672 9.793612343259154 5.5931803681887686 9.9776454356033337 6.8177623949013642 25.88209639233537 25.313514590845443 5.4005465428344932 19.693504235852743 147.90188830299303 3.867772069585043 9.9513177399057913 12.558410630095748 15.437118100468068 30.185937891365029 4.6378267289837813 14.862058063183211 32.674914035946131 8.8860745193087478
leaf_count=13261 263 6676 177 99 48096 685 47 735 5882 393 2497 1981 565 156 237 63 390 1570 281 1159 7165 162 216 83 504 1951 209 836 517 183
internal_value=0.00138714 0.000721848 0.0020729 -0.0240034 0.0035122 0.00420134 0.0049723 0.0117572 0.00134359 -2.90902e-06 -0.0336665 0.00725247 0.00922194 -0.00681292 -0.00107129 0.00082868 0.0151184 0.00764462 -0.00201044 0.00124698 0.00375457 0.0257873 -0.00618215 0.0243739 0.00082868 0.00082868 0.0124 -0.00756458 -0.00756458 0.00517379
internal_weight=651.444 644.217 627.97 32.0283 595.942 588.392 577.405 200.421 376.985 357.106 28.5052 170.544 157.839 9.38969 343.821 62.0259 95.813 69.9309 333.844 187.858 168.164 13.2846 145.986 19.8788 55.2081 44.6174 14.4314 20.2626 127.148 18.8374
internal_count=97039 96776 90100 2929 87171 73910 25814 8653 17161 17031 2830 7968 7233 333 16476 2548 4685 4295 16239 9441 8282 555 6798 130 2485 2725 774 1117 6399 399
is_linear=0
shrinkage=0.05


Tree=116
num_leaves=31
num_cat=0
split_feature=21 17 12 2 15 14 11 14 14 4 10 14 12 14 14 10 12 14 9 1 14 14 11 9 9 14 14 1 4 9
split_gain=8.39058 16.2659 8.31335 6.95998 5.5595 7.49834 5.57493 5.67779 5.69888 5.03728 3.61214 3.20735 2.89732 2.80689 3.3237 2.07947 2.50838 1.44768 1.09085 1.03591 1.02052 0.943249 0.930106 0.675752 0.625309 0.409199 0.922601 0.344727 0.294242 0.793822
threshold=1.0000000180025095e-35 1.0000000180025095e-35 17.500000000000004 1.0000000180025095e-35 3.5000000000000004 35.500000000000007 1.5000000000000002 24.500000000000004 4.5000000000000009 0.69261053906723202 397.92131650723792 6.5000000000000009 6.5000000000000009 22.500000000000004 17.500000000000004 11.897686954472244 1.0000000180025095e-35 8.5000000000000018 44.500000000000007 0.30854962008624615 7.5000000000000009 13.500000000000002 1.0000000180025095e-35 14.500000000000002 69.500000000000014 17.500000000000004 22.500000000000004 0.47911582534771763 0.7914855072463769 15.500000000000002
decision_type=2 2 2 2 2 2 2 2 2 2 2 2 2 2 2 2 2 2 2 2 2 2 2 2 2 2 2 2 2 2
left_child=1 2 3 19 5 6 7 8 10 21 -5 -11 -8 14 15 -13 17 20 -16 -1 23 -10 -18 -17 28 -23 -27 -12 29 -19
right_child=-2 -3 -4 4 -6 -7 12 -9 9 11 27 13 -14 -15 18 16 22 24 -20 -21 -22 25 -24 -25 -26 26 -28 -29 -30 -31
leaf_value=-0.044256366923137981 0.053247768483830199 -0.048329689932345897 -0.045886162783673287 0.0084299316762135486 0.027032346655412865 -0.015320840102582948 0.014912910022556226 0.0084299316762135486 -0.015320840102582948 -0.0078807440182320516 -0.015320840102582948 0.0084299316762135486 0.0084299316762135486 -0.0078807440182320516 0.0084299316762135486 -0.0078807440182320516 -0.0078807440182320516 -0.0078807440182320516 -0.0078807440182320516 -0.015320840102582948 -0.0078807440182320516 -0.0078807440182320516 0.0019362259196455687 0.0031800198280717176 -0.0078807440182320516 -0.015320840102582948 -0.0078807440182320516 -0.0034454542131846996 0.0031800198280717176 0.00094797922395913547
leaf_weight=7.6779351768636825 6.7229564200679297 15.408078436536014 7.9012043579714364 46.670849407906644 11.969737713108769 20.874860523617826 62.10343155823648 48.258586695999838 27.438168685010169 24.308732325036544 9.4851196224335563 13.471923344419336 20.971942403702997 15.803322451189159 63.613251048373058 4.4805197108071297 24.482067179924343 13.617141696508041 4.9969459013664155 3.8078262511407956 11.129267877375241 14.131774765672164 31.426701120915823 7.3996278985287063 1.3517123020719726 13.480476199532861 3.6483933767303816 4.8538285456597796 74.033386303344741 33.540690253896173
leaf_count=42238 265 6713 1867 541 440 8074 745 2634 1791 1259 503 607 557 791 2772 249 1294 803 306 12924 748 813 1086 400 77 655 175 77 3942 1878
internal_value=0.00144108 0.000816925 0.00209985 0.00278535 0.00353923 0.00279347 0.00399226 0.00194695 -0.000441183 -0.00290898 0.00842993 -0.000440648 0.0149129 0.00143264 0.00290981 -0.000456212 -0.00206989 0.00159876 0.00842993 -0.0341809 -0.00788074 -0.0153208 -0.00788074 0.00318002 0.00318002 -0.00788074 -0.0153208 -0.0153208 0.00318002 -0.00128406
internal_weight=649.06 642.338 626.929 619.028 607.542 595.573 574.698 491.622 443.364 382.354 61.0098 323.655 83.0754 299.347 283.543 214.933 201.461 145.552 68.6102 11.4858 23.0094 58.6988 55.9088 11.8801 122.543 31.2606 17.1289 14.3389 121.191 47.1578
internal_count=97224 96959 90246 88379 33217 32777 24703 23401 20767 19646 1121 16212 1302 14953 14162 11084 10477 8097 3078 55162 1397 3434 2380 649 6700 1643 830 580 6623 2681
is_linear=0
shrinkage=0.05


Tree=117
num_leaves=31
num_cat=0
split_feature=7 14 15 12 0 16 5 11 14 14 3 9 16 8 4 14 10 10 5 12 9 10 0 5 16 0 5 14 14 0
split_gain=11.3277 7.63167 7.57065 7.78973 7.11425 6.10404 5.66127 5.7424 5.45816 7.18026 5.41599 4.64582 3.70932 3.7185 3.4604 3.37089 3.3306 2.44338 2.32717 3.08653 2.30897 2.21201 1.89882 1.54434 1.38881 1.30858 0.947936 1.32692 1.07665 0.939577
threshold=2.5000000000000004 57.500000000000007 3.5000000000000004 6.5000000000000009 -0.71550227415766998 0.13921188630490958 6.858432694097508 1.5000000000000002 24.500000000000004 4.5000000000000009 1.0000000180025095e-35 23.500000000000004 0.036710205774114969 1.0000000180025095e-35 0.69852141769949994 13.500000000000002 11.897686954472244 154.77674577433433 6.3771765217870842 1.5000000000000002 16.500000000000004 397.92131650723792 1.5772676958670611 6.9910998712849777 0.034423509894537276 0.27297005842101035 8.7351823590757451 14.500000000000002 14.500000000000002 -0.51105729376638187
decision_type=2 2 2 2 2 2 2 2 2 2 2 2 2 2 2 2 2 2 2 2 2 2 2 2 2 2 2 2 2 2
left_child=1 2 3 4 17 -3 11 8 9 21 15 14 -5 23 -6 16 -11 -1 19 29 -9 -8 24 -14 26 -12 27 -17 -28 -16
right_child=-2 5 -4 12 6 -7 7 20 -10 10 25 -13 13 -15 18 22 -18 -19 -20 -21 -22 -23 -24 -25 -26 -27 28 -29 -30 -31
leaf_value=-0.014980664891967234 0.06715153390554629 -0.046899958655622333 0.033899630311571054 -0.042123716760935279 -0.014980664891967234 0.033899630311571054 0.010223969829004479 0.017341583300513559 0.010223969829004479 0.0024135185319358542 0.0024135185319358542 -0.014980664891967234 -0.0017453434101601024 0.017341583300513559 -0.0038289205070867467 -0.014980664891967234 -0.014030507520374456 -0.04616405199647497 -0.0038289205070867467 -0.0038289205070867467 0.010223969829004479 -0.014980664891967234 0.0024135185319358542 -0.024369753773682598 -0.001191955741352851 0.010223969829004479 -0.0050468853403486218 -0.0050468853403486218 -0.014980664891967234 0.017341583300513559
leaf_weight=3.0064333738191626 5.4685654317145227 12.438936245605872 8.6270509799069242 13.59712479299924 6.5852095014706711 1.9922536868834857 36.613189786206931 19.185209910967387 48.333036872012599 10.276784316265546 10.986993496648209 41.474890927420347 2.8796995138982302 3.5524933414999387 0.98427441565581375 6.7023295061662784 119.21367176181957 10.200119385292053 13.045386554702416 4.8072904845757867 37.934720507342718 11.530448373290708 34.653430269492674 9.2937559507554379 26.152775426526205 35.07209945617069 3.8489668053225641 46.240220463230798 24.319160945378826 31.86117342879152
leaf_count=2883 120 10398 320 1119 913 131 701 327 9961 906 1079 7548 44 40 439 1361 13941 14133 1120 278 714 622 1454 145 608 5508 732 10356 4988 4016
internal_value=0.00131893 0.000647727 0.00150847 0.000783536 0.00206518 -0.034088 0.0029316 0.00521419 0.00310636 0.00048513 -0.00265536 -0.00789918 -0.023927 -0.00661579 0.00201818 -0.00539693 -0.0111974 -0.0328929 0.00732282 0.0139821 0.0173416 0.010224 -6.30767e-05 -0.0208323 -0.00479743 0.010224 -0.00890181 -0.00504689 -0.0149807 0.0173416
internal_weight=640.878 635.409 620.978 612.351 583.028 14.4312 569.821 471.063 413.943 365.61 317.466 98.7582 29.3231 15.7259 57.2833 271.407 129.49 13.2066 50.6981 37.6527 57.1199 48.1436 141.917 12.1735 107.263 46.0591 81.1107 52.9425 28.1681 32.8454
internal_count=96905 96785 86256 85936 84588 10529 67572 53258 52217 42256 40933 14314 1348 229 6766 34346 14847 17016 5853 4733 1041 1323 19499 189 18045 6587 17437 11717 5720 4455
is_linear=0
shrinkage=0.05


Tree=118
num_leaves=31
num_cat=0
split_feature=21 17 16 14 9 5 12 11 5 0 16 4 16 14 9 4 5 12 14 8 1 5 14 5 5 16 5 5 1 0
split_gain=8.6799 14.9395 7.50594 11.7614 5.70374 8.08851 5.97284 5.54302 5.20984 3.89967 3.58151 3.30264 2.60468 2.49033 3.61843 3.01964 2.68938 2.56033 2.30447 2.582 2.29901 2.26292 2.49073 2.18892 2.15596 2.065 1.84039 4.47883 1.66231 1.63686
threshold=1.0000000180025095e-35 1.0000000180025095e-35 0.12660256410256412 45.500000000000007 31.500000000000004 6.883168664080153 7.5000000000000009 1.5000000000000002 7.8960311482039094 -0.69051970220388947 0.080540540540540564 0.81096096096096104 0.072299651567944254 26.500000000000004 40.500000000000007 0.77823315118397096 8.3584718107074547 1.5000000000000002 17.500000000000004 1.0000000180025095e-35 0.96769636680960047 8.5148622581873923 11.500000000000002 8.06128801777216 8.6938534147366209 0.091750841750841763 4.8193488608967234 4.3628120914230282 0.047530399726011641 -0.94672432806948492
decision_type=2 2 2 2 2 2 2 2 2 2 2 2 2 2 2 2 2 2 2 2 2 2 2 2 2 2 2 2 2 2
left_child=1 2 3 4 6 26 7 8 29 -10 -8 21 -5 14 20 16 -16 -15 19 -13 23 -11 24 25 -23 -7 27 -6 -25 -1
right_child=-2 -3 -4 12 5 13 10 -9 9 11 -12 18 -14 17 15 -17 -18 -19 -20 -21 -22 22 -24 28 -26 -27 -28 -29 -30 -31
leaf_value=-0.032340399000455593 0.052967371562622156 -0.048393641724027422 0.02634109439586917 -0.044769603965132465 -0.044314555141590023 -0.039169281059590069 -0.034291652905493721 0.013149898396045821 -0.042229024980227473 -0.015521139068062821 0.013149898396045821 -0.00099063226004280085 0.013149898396045821 0.013149898396045821 -0.023153417754667435 0.013149898396045821 0.0026439161794643232 -0.025351866599037789 0.0078432169034021691 0.0078432169034021691 0.0098530758103265136 -0.00099063226004280085 -0.00099063226004280085 -0.03472413904862405 -0.021831904501233151 -0.0046164636813144566 -0.043201370168297171 0.013149898396045821 -0.0046164636813144566 0.0078432169034021691
leaf_weight=1.8125777638997522 6.7454656679765312 14.737427249427126 17.152166369371116 16.045951427469848 3.1813324201866662 14.910206069944248 14.190974015160462 53.035863962373696 5.0255081682844311 46.809952884534141 1.7883909251540888 48.474301769485464 0.85286789899691839 9.9356846323644259 13.371149551443525 22.965742864078493 11.301063661267106 3.6081580379614016 28.811011791374767 22.654345860108151 7.5177694319427237 5.1751310210675028 42.119667407940142 4.3882344031808342 21.214565369285992 0.75819703086745072 16.280176180582203 1.793262972278171 22.048929655989923 161.35073379980167
leaf_count=2588 272 6726 477 13298 655 2741 647 1102 5538 4910 18 5488 14 3886 2592 3439 2314 598 3431 1214 518 466 5546 1243 2208 9 3632 351 2852 18338
internal_value=0.000357788 -0.000285183 0.000937252 -4.12976e-05 0.00117924 -0.00792558 0.00384828 0.00496962 0.00253654 -0.00255208 -0.0252705 -0.00143478 -0.0399665 -0.00237859 -0.00527536 0.00453191 -0.00786207 0.0131499 0.00519034 -0.000990632 -0.0145938 -0.0071716 -0.00132544 -0.019086 -0.0160791 -0.0334018 -0.0354368 -0.00704839 -0.00969338 0.00784322
internal_weight=640.057 633.311 618.574 601.422 584.523 132.06 452.463 436.484 383.448 220.284 15.9794 215.259 16.8988 110.805 97.2613 47.638 24.6722 13.5438 99.9397 71.1286 49.6233 115.319 68.5094 42.1056 26.3897 15.6684 21.2548 4.9746 26.4372 163.163
internal_count=97111 96839 90113 89636 76324 24830 51494 50829 49727 28801 665 23263 13312 20192 15708 8345 4906 4484 10133 6702 7363 13130 8220 6845 2674 2750 4638 1006 4095 20926
is_linear=0
shrinkage=0.05


Tree=119
num_leaves=25
num_cat=0
split_feature=21 17 2 14 15 4 0 15 13 14 5 10 10 4 5 5 4 15 15 0 10 15 14 4
split_gain=7.55262 13.8623 9.08943 6.39556 4.70166 3.64993 3.22377 2.71017 2.29098 4.85623 2.97422 3.06715 1.71933 1.43156 1.21227 1.24716 0.854655 0.688335 0.669581 0.559189 0.54072 0.457079 0.373846 0.0407358
threshold=1.0000000180025095e-35 1.0000000180025095e-35 1.0000000180025095e-35 44.500000000000007 2.5000000000000004 0.64308462238398556 2.6425224776270224 9.5000000000000018 0.77751404494382037 16.500000000000004 7.17165691362215 14.097953027773768 347.26249911101314 0.7914855072463769 8.0004977583217975 5.8776694374807281 0.77167919799498763 8.5000000000000018 1.0000000180025095e-35 -0.048818248067720706 261.79953076523037 1.0000000180025095e-35 1.0000000180025095e-35 0.68783602150537648
decision_type=2 2 2 2 2 2 2 2 2 2 2 2 2 2 2 2 2 2 2 2 2 2 2 2
left_child=1 2 17 4 5 14 8 -5 9 10 13 -12 -10 22 15 -4 -8 -1 19 -11 -6 -16 -7 -9
right_child=-2 -3 3 7 20 6 16 23 12 18 11 -13 -14 -15 21 -17 -18 -19 -20 -21 -22 -23 -24 -25
leaf_value=-0.045794604409694989 0.052437301418060578 -0.047888808647832487 -0.019936625715446257 -0.019936625715446257 0.026221489684464722 -0.00046426583577449009 0.0082001724993552502 0.0034176396823357279 0.0082001724993552502 -0.00528279632017038 0.0043542646486213997 -0.00528279632017038 0.0043542646486213997 0.0043542646486213997 -0.019936625715446257 -0.00528279632017038 0.014246218076798267 -0.019936625715446257 0.0043542646486213997 0.00022604815196258893 0.014246218076798267 -0.00528279632017038 -0.00528279632017038 0.026221489684464722
leaf_weight=10.835197485353998 5.9448733514000187 13.751438809675163 3.049959651194512 15.979488094249975 8.027952191885559 1.4911915417760635 14.059738133102654 0.51888275588862542 63.127277821185999 20.252883010485675 33.827418627915904 165.97448453435209 29.202566313557327 34.206606842868496 12.727396445698107 11.75642756471643 23.238062712363899 0.18070743983844373 35.77502958785044 89.281794229289517 5.1536641665734342 4.6434080775943576 23.765147946192883 2.3275750969769433
leaf_count=55271 271 6767 209 8150 228 9 174 38 796 3910 849 9565 949 1741 892 658 291 7 789 3830 94 78 1437 182
internal_value=0.000583582 5.67795e-06 0.00116312 0.00202442 0.00300137 0.00227095 0.00326483 -0.0199366 0.00215413 0.000508357 -0.00399851 -0.0052828 0.00820017 0.00435426 -0.0138304 -0.0052828 0.0142462 -0.0418977 0.00435426 -0.00183503 0.0262215 -0.0199366 -0.0052828 0.0258846
internal_weight=629.099 623.154 609.403 598.387 579.561 566.379 534.202 18.8259 496.904 404.575 259.265 199.802 92.3298 59.4629 32.1772 14.8064 37.2978 11.0159 145.31 109.535 13.1816 17.3708 25.2563 2.84646
internal_count=97185 96914 90147 34869 26499 26177 24340 8370 23875 22130 13601 10414 1745 3187 1837 867 465 55278 8529 7740 322 970 1446 220
is_linear=0
shrinkage=0.05


Tree=120
num_leaves=31
num_cat=0
split_feature=7 12 15 14 0 0 12 11 14 1 3 10 8 0 14 14 5 4 9 5 8 14 4 9 9 15 5 4 12 9
split_gain=8.23601 6.62457 6.87858 7.85415 5.21425 3.99152 4.23472 3.84033 3.92039 3.53819 3.27477 3.02771 2.31403 2.17073 1.89947 3.04849 2.21111 2.2607 1.88372 1.75452 1.63757 1.14716 3.47142 1.5224 1.10018 1.07833 0.924653 0.854152 0.607364 0.546658
threshold=2.5000000000000004 17.500000000000004 3.5000000000000004 45.500000000000007 -0.99266396128577028 2.4199667199604065 6.5000000000000009 1.0000000180025095e-35 18.500000000000004 0.4329797715955907 1.0000000180025095e-35 347.26249911101314 1.0000000180025095e-35 2.8253796890422285 3.5000000000000004 6.5000000000000009 7.5759899252473222 0.67317212490479827 42.500000000000007 7.8683426818990627 1.0000000180025095e-35 10.500000000000002 0.81774475524475532 8.5000000000000018 52.500000000000007 1.0000000180025095e-35 7.4803558857585495 0.90883116883116888 1.0000000180025095e-35 14.500000000000002
decision_type=2 2 2 2 2 2 2 2 2 2 2 2 2 2 2 2 2 2 2 2 2 2 2 2 2 2 2 2 2 2
left_child=1 2 3 4 -1 6 7 8 10 -2 14 -9 -7 -5 -6 27 17 -17 -10 -18 -8 22 -21 -23 -25 -20 -22 -16 -27 -29
right_child=9 -3 -4 13 5 12 20 11 18 -11 -12 -13 -14 -15 15 16 19 -19 25 21 26 23 -24 24 -26 28 -28 29 -30 -31
leaf_value=-0.042988976733429926 0.02790737964402476 -0.045067466121211125 0.02790737964402476 -0.045975872250895972 -0.0029308027145916343 0.0067115768278226441 -0.021002928161719198 0.0067115768278226441 0.0023174567918970877 0.083416629276002574 0.0023174567918970877 0.0023174567918970877 0.01380783006449004 0.01380783006449004 -0.021002928161719198 -0.021002928161719198 -0.021002928161719198 -0.0029308027145916343 -0.021002928161719198 -0.021002928161719198 0.0067115768278226441 -0.021002928161719198 -0.0029308027145916343 -0.0029308027145916343 -0.021002928161719198 0.0023174567918970877 -0.0074637490863161656 -0.0029308027145916343 -0.0093427356849110545 -0.011966865438155417
leaf_weight=5.8192075663100686 1.8199241165202682 7.0851187746156929 11.193512422411002 10.276720748177464 28.186591509402206 28.534524424758274 16.923808094783457 88.045148399185564 92.726653283090855 3.8116755161026958 40.317697304373723 55.176674014666787 25.956432323233457 0.033967877068790453 20.282263386332492 7.0699699724282246 11.649486374990373 54.285501261576428 10.413276642968411 17.364974070489556 1.6209893012419332 4.0563728712077127 13.24311467688676 64.285617643829028 2.2833047869280554 1.6196202179271488 3.5662423966859933 2.2779554125809218 1.0542899667852905 3.1387299152556807
leaf_count=9039 81 1914 518 12037 711 1497 565 2926 17770 43 5716 5443 338 3 2219 1501 1875 10043 5668 2719 36 432 1897 10674 740 189 74 178 67 322
internal_value=0.000485035 -9.96798e-05 0.00048462 -0.00029172 0.000485746 0.00098312 -0.000329478 0.000604662 -0.00207666 0.0559144 -0.00563779 0.00671158 0.0137526 -0.04157 -0.00817906 -0.0103526 -0.00773373 -0.0029308 0.00231746 -0.012102 -0.0210029 -0.0093636 -0.0173264 -0.00571891 -0.00338245 -0.019947 0.00607543 -0.0210029 0.00231746 -0.0029308
internal_weight=634.119 628.488 621.403 610.209 599.898 594.079 539.588 517.477 374.255 5.6316 268.442 143.222 54.491 10.3107 228.124 199.937 174.238 61.3555 105.814 112.883 22.111 101.233 30.6081 70.6253 66.5689 13.0872 5.18723 25.6989 2.67391 5.41669
internal_count=97235 97111 95197 94679 82639 73600 71765 71090 62721 124 39027 8369 1835 12040 33311 32600 29881 11544 23694 18337 675 16462 4616 11846 11414 5924 110 2719 256 500
is_linear=0
shrinkage=0.05


Tree=121
num_leaves=31
num_cat=0
split_feature=16 14 14 14 13 10 0 12 16 0 0 3 4 12 5 12 12 16 14 12 4 0 5 5 1 12 0 16 1 16
split_gain=7.51638 9.54476 5.60346 6.55638 5.86481 10.105 5.51481 5.33226 4.26077 3.72847 3.59099 3.38123 4.60369 3.01783 2.62976 1.67234 1.55827 1.52614 1.51573 1.21595 1.03247 0.93459 0.930499 0.875833 1.21208 0.846813 0.775172 0.655455 0.444974 0.444322
threshold=0.1502688172043011 33.500000000000007 24.500000000000004 1.5000000000000002 0.83887301587301599 357.17233208902167 2.5127593914237871 7.5000000000000009 0.064866760168302964 -0.65393207174173895 -0.20125956758308861 1.0000000180025095e-35 0.78277721604314132 1.0000000180025095e-35 8.2502664735436397 3.5000000000000004 1.0000000180025095e-35 0.084219858156028379 6.5000000000000009 2.5000000000000004 0.95260557053009898 0.32737048795521267 8.3038228351506458 8.8906217976099366 0.14433360869933207 1.5000000000000002 0.18906577753408341 0.13100686498855837 0.924325689000557 0.062284482758620696
decision_type=2 2 2 2 2 2 2 2 2 2 2 2 2 2 2 2 2 2 2 2 2 2 2 2 2 2 2 2 2 2
left_child=1 2 3 22 9 -6 8 10 13 27 15 12 14 -3 17 20 23 -11 -2 -14 -4 -13 -1 24 -16 -12 -24 -5 -27 -9
right_child=18 6 7 4 5 -7 -8 29 -10 11 25 21 19 -15 16 -17 -18 -19 -20 -21 -22 -23 26 -25 -26 28 -28 -29 -30 -31
leaf_value=0.019624533636799509 0.019624533636799509 -0.022132225667419268 -0.034447085441669155 -0.037488556132759969 0.019624533636799509 0.0038190310698630898 0.019624533636799509 -0.040966182203807822 -0.0057540519941499113 -0.017619419860112732 0.019624533636799509 -0.00065113040779173981 -0.00065113040779173981 -0.048440693960776667 -0.017619419860112732 0.0027270320545428328 -0.0061169462771432821 -0.0061169462771432821 0.049937906509820378 -0.0061169462771432821 0.0027270320545428328 0.0038190310698630898 -0.010906759633132706 -0.017619419860112732 -0.0061169462771432821 0.0027270320545428328 0.013470391092240347 -0.017619419860112732 0.019624533636799509 0.00024727120265378142
leaf_weight=17.06111219254672 2.5044731574598691 6.7036584210218306 5.5998552920682405 10.012117793026842 49.866983403611812 21.211550177151366 1.9440375080448564 3.1907960606040429 3.3212852390715843 78.699507718643872 39.293683835472621 16.754347406742454 185.76888941893412 22.196108687781816 8.1309147618012521 1.2833800778171278 23.519370645626623 3.9038885133340946 8.7568743329902627 13.090264320293498 0.32460259821164061 42.690878078341484 4.3399690293299482 24.856128271545458 15.47305990521272 7.4580194861919136 7.5834041485213675 0.37765432300511825 0.85421450679132238 0.76073789224028576
leaf_count=136 26 5613 4116 12332 779 1090 64 231 92 11913 6011 1431 22455 13217 1885 24 2360 52 386 336 210 6569 47 3512 1563 536 69 5 75 14
internal_value=0.000628094 -0.000142922 0.00138293 -0.000272926 -0.00165788 0.011533 -0.0254404 0.0158871 -0.0311326 -0.00389491 0.0196245 -0.00310849 -0.00512129 -0.0385104 -0.0115828 -0.0141705 -0.00611695 -0.0176194 0.039392 -0.00065113 -0.0279861 0.00381903 0.0196245 -0.0152777 -0.00700649 0.0196245 0.00444002 -0.0321304 0.00272703 -0.0345843
internal_weight=627.532 616.27 582.105 523.34 494.356 71.0785 34.1651 58.7653 32.2211 423.277 54.8138 412.887 353.442 28.8998 154.583 7.20784 71.9795 82.6034 11.2613 198.859 5.92446 59.4452 28.9845 48.4601 23.604 47.6059 11.9234 10.3898 8.31223 3.95153
internal_count=97149 96737 77751 66534 66282 1869 18986 11217 18922 64413 10972 52076 44076 18830 21285 4350 9320 11965 412 22791 4326 8000 252 6960 3448 6622 116 12337 611 245
is_linear=0
shrinkage=0.05


Tree=122
num_leaves=31
num_cat=0
split_feature=16 14 19 13 10 12 14 14 1 0 0 12 13 16 4 4 14 16 1 0 0 14 16 14 16 4 14 0 13 14
split_gain=9.34486 10.5158 5.51111 4.90986 10.2011 4.54663 3.39706 3.56354 7.79262 2.58789 2.19696 2.10767 2.55995 2.19809 1.99067 1.81648 1.80913 1.33377 1.20884 1.19252 0.967943 0.753343 0.743489 0.685174 0.455566 0.439963 0.448432 0.405603 0.383249 0.553546
threshold=0.13680926916221037 44.500000000000007 1.0000000180025095e-35 0.84277994578958759 347.26249911101314 1.0000000180025095e-35 9.5000000000000018 1.0000000180025095e-35 0.25868153719139669 -0.38836647853597767 2.8253796890422285 6.5000000000000009 0.052938279596350495 0.022695081122843169 0.61577311577311589 0.9261982570806101 6.5000000000000009 0.072299651567944254 0.45480861531338962 0.059884063856282164 -0.71550227415766998 8.5000000000000018 0.080540540540540564 27.500000000000004 0.03548197574384155 0.7914855072463769 8.5000000000000018 1.6981219342632818 0.60431930486924668 8.5000000000000018
decision_type=2 2 2 2 2 2 2 2 2 2 2 2 2 2 2 2 2 2 2 2 2 2 2 2 2 2 2 2 2 2
left_child=1 2 3 5 -5 6 7 -1 15 28 17 12 16 18 24 27 -11 -3 -14 -10 -16 -2 -13 -18 -8 26 -21 -9 29 -7
right_child=21 10 -4 4 -6 9 14 8 19 11 -12 22 13 -15 20 -17 23 -19 -20 25 -22 -23 -24 -25 -26 -27 -28 -29 -30 -31
leaf_value=0.0055621822760685757 0.019306773435835256 -0.047277236495374665 -0.043267236586972541 0.019306773435835256 0.0055621822760685757 -0.027268377755299857 -0.027239237001228642 -0.029803824646909383 -0.0092346006970592028 -0.0060610308953653637 0.019306773435835256 -0.017673894701054512 -0.0060610308953653637 0.0055621822760685757 -0.007304142704088766 -0.0092346006970592028 -0.017673894701054512 -0.012000233540377415 0.00046213061861038497 -0.0018362092104953133 0.0055621822760685757 0.047343511538665041 0.0055621822760685757 -0.0060610308953653637 -0.007304142704088766 0.0055621822760685757 0.0018629865327866311 -0.018641628847893704 -0.017673894701054512 -0.047634362623427601
leaf_weight=13.939946259371935 4.8870914595900095 14.49519150005653 6.0586870949009599 61.468996854535362 28.144540007560863 1.2881195178233591 5.1608750277227946 39.206896069517825 2.0701230095364727 6.0914795378921545 0.10798432119190771 12.308420372050021 42.189568816284009 22.190151928982232 4.147017284136381 4.8104825140180756 34.766050098383857 0.6300734987016775 27.191228855415829 14.65235214141285 225.34994272149925 9.4870344107621332 1.263629269786178 4.2408446887566233 1.4270026569865875 23.691858508922451 2.9935127888747948 1.0175974138692243 4.2234069103324146 5.9596302524187195
leaf_count=87 70 14076 4158 1095 1841 331 1780 6548 300 186 7 630 6450 457 7250 784 4243 16 1700 1167 34387 458 20 721 50 1613 350 192 1225 4901
internal_value=0.00054044 -0.000427486 0.000653155 0.0011768 0.0118862 -0.000761803 0.00253359 -0.0050475 -0.00960551 -0.00763231 -0.0401334 -0.00577245 -0.00366849 0.001157 0.00556218 -0.0239479 -0.0132791 -0.0433072 -0.00463792 0.00547869 0.00556218 0.039041 -0.0176739 -0.0176739 -0.0201705 0.00556218 -0.00183621 -0.0280487 -0.0295753 -0.0368629
internal_weight=625.46 611.086 595.852 589.794 89.6135 500.18 338.468 102.383 88.4428 161.713 15.2332 150.241 136.669 91.5709 236.085 45.035 45.0984 15.1253 69.3808 43.4078 229.497 14.3741 13.572 39.0069 6.58788 41.3377 17.6459 40.2245 11.4712 7.24775
internal_count=97093 96565 82466 78308 2936 75372 54508 11041 10954 20864 14099 14407 13757 8607 43467 7524 5150 14092 8150 3430 41637 528 650 4964 1830 3130 1517 6740 6457 5232
is_linear=0
shrinkage=0.05


Tree=123
num_leaves=30
num_cat=0
split_feature=14 21 2 14 16 9 11 14 14 13 5 9 5 5 0 15 5 12 14 9 0 4 4 9 14 12 14 14 14
split_gain=8.08264 7.12226 8.13251 5.59305 8.15688 4.41395 4.60593 8.97088 6.9736 4.43962 3.35897 3.42264 3.26963 3.14796 3.07925 2.94472 2.80496 2.66529 2.44553 1.67689 1.24352 1.16483 1.07856 0.90986 0.597403 0.453602 0.236539 0.166558 0.115893
threshold=1.0000000180025095e-35 1.0000000180025095e-35 1.0000000180025095e-35 34.500000000000007 0.064866760168302964 5.5000000000000009 1.0000000180025095e-35 8.5000000000000018 10.500000000000002 0.83157354080262491 7.2194222969600093 23.500000000000004 8.9186856446669385 8.8274865801820344 -0.71550227415766998 2.5000000000000004 7.8875759322481267 1.0000000180025095e-35 17.500000000000004 39.500000000000007 2.5127593914237871 0.61577311577311589 0.90501253132832093 25.500000000000004 4.5000000000000009 1.5000000000000002 8.5000000000000018 1.5000000000000002 10.500000000000002
decision_type=2 2 2 2 2 2 2 2 2 2 2 2 2 2 2 2 2 2 2 2 2 2 2 2 2 2 2 2 2
left_child=16 2 28 5 20 12 7 10 9 13 11 -7 -4 -8 -9 -10 -1 21 -19 -20 -5 -16 -12 24 -24 -6 -14 -11 -2
right_child=1 -3 3 4 25 6 8 14 15 27 22 -13 26 -15 17 -17 -18 18 19 -21 -22 -23 23 -25 -26 -27 -28 -29 -30
leaf_value=0.0090026366313654717 -0.01985645944449764 0.052629732165189839 0.026665117005165762 -0.01985645944449764 0.0034043287803340624 0.0038015647203579229 0.0038015647203579229 -0.01985645944449764 0.0038015647203579229 0.017264105169243576 -0.01985645944449764 -0.01985645944449764 0.0038491796848862205 0.017264105169243576 -0.0081299046938188135 0.026665117005165762 0.054708164930598595 -0.0081299046938188135 0.0038015647203579229 -0.0081299046938188135 0.0034043287803340624 0.0038015647203579229 0.0038015647203579229 0.0038015647203579229 -0.010973656039126832 0.026665117005165762 -0.01985645944449764 0.026665117005165762 -0.044739124695802178
leaf_weight=5.8803345966152838 1.8859196368030087 5.676388968655373 6.6933982725895458 24.530499127315132 1.1058221790008236 14.441862862091513 29.894605182751548 5.2823202993604346 96.74814633760252 5.0352967977523795 47.190566520032007 4.7891685496433629 0.90219339396571774 9.088237162679432 6.8012031333055338 6.4718998413882209 8.5688101812265796 25.867542867315933 25.785023380944043 4.3095109094283535 0.91738122457172622 232.66240597382421 1.9622511994093637 2.0295626720762812 5.9911588775576092 4.960371203487739 1.8779430508147923 28.039174387580715 8.471219134895362
leaf_count=36 9147 254 379 10342 14 1119 716 3671 3077 25 2662 460 37 254 466 209 60 1368 1241 255 31 12149 73 107 306 248 86 239 47959
internal_value=0.00217717 0.00126963 0.000700502 0.00150019 -0.0186674 0.00266252 0.00202343 -0.00109256 0.00869569 0.0210244 -0.016275 0.00213536 0.0266651 0.00786309 0.0028062 0.00380156 0.0378942 0.00359665 -0.00703582 0.00380156 -0.0198565 0.00380156 -0.0198565 -0.00209085 -0.0109737 0.0266651 -0.0198565 0.0266651 -0.0412131
internal_weight=623.86 609.411 603.735 593.378 31.5141 561.863 552.39 377.113 175.277 72.0573 76.4046 19.231 9.47353 38.9828 300.708 103.22 14.4491 295.426 55.9621 30.0945 25.4479 239.464 57.1735 9.98297 7.95341 6.06619 2.78014 33.0745 10.3571
internal_count=96990 96894 96640 39534 10635 28899 28397 23877 4520 1234 4727 1579 502 970 19150 3286 96 15479 2864 1496 10373 12615 3148 486 379 262 123 264 57106
is_linear=0
shrinkage=0.05


Tree=124
num_leaves=31
num_cat=0
split_feature=7 14 14 19 9 5 5 0 0 9 7 15 5 0 4 9 9 5 0 5 4 14 9 13 5 5 4 9 8 15
split_gain=8.56682 5.60333 4.96303 4.81507 3.87727 3.52496 9.44307 2.92806 2.91376 2.87025 2.81503 2.724 2.47821 3.53741 2.59008 2.0748 2.05832 1.98102 3.36963 2.23713 1.97963 1.90276 1.88413 3.24214 2.23704 1.76271 1.75735 1.66531 1.43742 1.30441
threshold=1.5000000000000002 1.5000000000000002 57.500000000000007 1.0000000180025095e-35 54.500000000000007 8.4265301642911705 8.1317869045226381 -1.0423631426309203 2.8253796890422285 8.5000000000000018 1.0000000180025095e-35 9.5000000000000018 9.1285556118802251 -0.28938777147286315 0.61577311577311589 29.500000000000004 59.500000000000007 7.7173127874535714 -0.23995930085553704 6.883168664080153 0.7914855072463769 24.500000000000004 16.500000000000004 0.23797590361445783 8.4182550812564507 5.7717375609095782 0.79935064935064948 46.500000000000007 1.0000000180025095e-35 2.5000000000000004
decision_type=2 2 2 2 2 2 2 2 2 2 2 2 2 2 2 2 2 2 2 2 2 2 2 2 2 2 2 2 2 2
left_child=1 -1 3 4 7 6 8 -3 -2 26 21 -4 14 -14 -11 28 -12 18 -16 20 -20 -6 23 24 -19 -22 -9 29 -15 -24
right_child=5 2 11 -5 10 -7 -8 9 -10 12 16 -13 13 15 17 -17 -18 22 19 -21 25 -23 27 -25 -26 -27 -28 -29 -30 -31
leaf_value=0.011381495473362067 0.012031881335065065 -0.033935483015598879 -0.045223813783653116 -0.043013284671133016 -0.041804000420062132 0.011381495473362067 0.097181399412531788 -0.010925965657922603 0.071898158987964048 -0.016576235288934319 -0.012194382306354204 0.011381495473362067 -0.016576235288934319 -0.0027073003941296449 -0.0088121639148299857 0.011381495473362067 0.011381495473362067 -0.0088121639148299857 -0.001516020577024713 0.01125272668362568 0.011381495473362067 -0.012194382306354204 -0.0088121639148299857 0.011381495473362067 0.0029728896513929763 0.0042612202935925075 0.011381495473362067 0.011381495473362067 0.011381495473362067 0.011381495473362067
leaf_weight=28.170070478372509 19.131065834513727 5.1456371460917572 8.5501358844485349 5.7437829597038208 11.723774248668635 15.78593529005593 4.0382431127145528 9.0558073871907236 1.3833085101505265 12.912325820405384 1.8098043318350381 1.52772595535498 6.6162264570812104 38.430086274267524 17.773988697834284 16.70750537548156 4.0715836170238617 24.980640883564774 31.364103194704512 82.541188757444615 16.332954140794754 3.4527118309451899 140.56113013197319 21.715740183641174 21.668616395683785 19.908642146700004 24.778790533724532 6.6444420334482848 17.523778859365848 3.6691611300921059
leaf_count=241 844 8525 10110 4087 2931 606 140 852 18 2237 255 188 2784 4102 7059 2285 704 2774 3607 8417 1672 1982 20250 1174 2533 2167 1839 1547 937 124
internal_value=0.00116263 -0.000395315 -0.00170039 -0.00102519 -0.000499307 0.0231583 0.0353464 0.00037367 0.019223 0.000783012 -0.02103 -0.0348338 -0.000256712 0.00776291 -0.00186126 0.0111616 0.0074613 -0.00104809 0.00302844 0.00578012 -0.000968121 -0.0318501 -0.00416998 0.00268897 -0.00543572 0.0100385 0.0113815 -0.00727518 0.00171658 -0.00845672
internal_weight=623.719 583.38 555.21 545.132 539.389 40.3386 24.5526 518.331 20.5144 513.185 21.0579 10.0779 479.351 79.2776 400.073 72.6614 5.88139 387.161 167.921 150.147 67.6057 15.1765 219.24 68.365 46.6493 36.2416 33.8346 150.875 55.9539 144.23
internal_count=96991 95383 95142 84844 80757 1608 1002 74885 862 66360 5872 10298 63669 10108 53561 7324 959 51324 22922 15863 7446 4913 28402 6481 5307 3839 2691 21921 5039 20374
is_linear=0
shrinkage=0.05


Tree=125
num_leaves=31
num_cat=0
split_feature=16 14 9 12 16 12 14 14 10 10 4 21 17 9 2 5 4 14 9 3 5 9 5 14 16 15 1 14 4 9
split_gain=7.37831 9.24033 5.90493 4.37184 5.89507 4.68068 7.50432 5.43826 15.6834 5.08192 3.95899 3.3285 7.2624 3.1814 2.82867 2.79003 3.76202 2.85935 3.36682 3.95371 2.56183 2.53276 2.94855 2.42552 2.36635 2.31461 2.28937 2.24261 2.09367 1.87468
threshold=0.12660256410256412 44.500000000000007 66.500000000000014 6.5000000000000009 0.080540540540540564 1.5000000000000002 26.500000000000004 4.5000000000000009 397.92131650723792 347.26249911101314 0.78393734643734658 1.0000000180025095e-35 1.0000000180025095e-35 40.500000000000007 1.0000000180025095e-35 7.195578952690652 0.67586600685192244 21.500000000000004 35.500000000000007 1.0000000180025095e-35 7.9454678019233755 18.500000000000004 8.1165658364029749 16.500000000000004 0.072299651567944254 2.5000000000000004 0.10936057423352148 4.5000000000000009 0.86851709565885526 52.500000000000007
decision_type=2 2 2 2 2 2 2 2 2 2 2 2 2 2 2 2 2 2 2 2 2 2 2 2 2 2 2 2 2 2
left_child=1 2 3 5 23 6 7 8 -1 27 -11 12 14 -8 -9 16 -16 18 19 21 28 22 -17 -5 -3 -2 -21 -7 -20 -15
right_child=25 24 -4 4 -6 9 13 11 -10 10 -12 -13 -14 29 15 17 -18 -19 20 26 -22 -23 -24 -25 -26 -27 -28 -29 -30 -31
leaf_value=0.017473269396835623 0.017473269396835623 -0.043308298840874379 -0.033642983274239723 -0.0087307042631425552 0.017473269396835623 0.0055900745758804974 0.017473269396835623 -0.031383409145283633 -0.034439929167399776 -0.027464511934174984 0.0055900745758804974 0.017473269396835623 -0.045745294301936711 -0.035874041929254856 -0.016397272321365074 -0.016397272321365074 0.0071398023037802932 0.0071398023037802932 -0.016397272321365074 -0.0018966375392576987 0.0071398023037802932 -0.016397272321365074 -0.0018966375392576987 -0.041682181981569769 0.017473269396835623 0.050958527529806188 0.0071398023037802932 0.017473269396835623 0.0071398023037802932 0.016959641298446997
leaf_weight=44.994153153922525 7.6223031975678195 13.085597066179613 10.486616052628959 10.924137502617674 3.3341475981287649 14.954611884139011 32.816700744526315 7.050827858845877 13.987793010281164 11.259067972681807 12.283148989034087 3.5919661491643629 8.771822903716382 4.0950329127081195 9.4912467051180993 32.60312283411622 77.992741291527636 32.537208402180113 7.0062928361003269 7.0895742806606021 23.846022659272421 83.774305511731654 63.859264329948928 12.048997874037012 0.79571964312344867 8.6618993741285504 23.189578821416944 45.572455200741388 1.7814302144106475 1.7843218622256243
leaf_count=1001 90 13952 2758 257 44 121 7259 38107 1017 1417 1541 92 5032 1499 601 1909 4050 1582 404 263 1248 4970 3891 709 16 463 326 1605 111 873
internal_value=0.00181715 0.000910176 0.00187065 0.00255698 -0.0169929 0.00349678 0.00157851 -0.000354072 0.0136472 0.0143079 -0.00629312 -0.00254255 -0.00319366 0.0174733 -0.00206496 -0.00141114 0.0063222 -0.00387914 -0.00578636 -0.00812124 0.0071398 -0.0109331 -0.00529557 -0.027031 -0.0380137 0.0340364 0.0071398 0.0174733 -0.0163973 -0.0197051
internal_weight=631.292 615.008 601.127 590.64 26.3073 564.333 480.263 441.567 58.9819 84.0693 23.5422 382.585 378.993 38.6961 370.222 363.171 87.484 275.687 243.15 210.516 32.6337 180.237 96.4624 22.9731 13.8813 16.2842 30.2792 60.5271 8.78772 5.87935
internal_count=97208 96655 82687 79929 1010 78919 74235 64604 2018 4684 2958 62586 62494 9631 57462 19355 4651 14704 13122 11359 1763 10770 5800 966 13968 553 589 1726 515 2372
is_linear=0
shrinkage=0.05


Tree=126
num_leaves=31
num_cat=0
split_feature=12 15 14 5 1 4 5 0 12 11 14 14 5 14 0 1 0 5 14 4 1 9 5 5 14 5 0 9 12 14
split_gain=5.76239 5.67018 6.64682 5.41634 5.70249 5.26992 4.06354 4.05786 3.75272 9.13095 4.22423 5.70288 4.17636 2.86455 2.15198 1.92975 1.8902 1.81569 4.39879 3.14513 2.9701 3.03489 2.77715 3.81766 1.75143 1.66111 2.15577 1.49994 1.49362 2.10351
threshold=17.500000000000004 3.5000000000000004 45.500000000000007 6.5216077629755533 0.37431456601919805 0.79329085457271376 4.6501859588895087 -0.99266396128577028 6.5000000000000009 1.5000000000000002 24.500000000000004 4.5000000000000009 6.9910998712849777 4.5000000000000009 2.6425224776270224 0.030751658452354672 -0.20125956758308861 8.6849771413309238 12.500000000000002 0.66559139784946253 0.070623396801847649 10.500000000000002 8.2360076701395872 7.1042461505127674 8.5000000000000018 9.0967049885701741 2.0064462875111029 9.5000000000000018 1.0000000180025095e-35 16.500000000000004
decision_type=2 2 2 2 2 2 2 2 2 2 2 2 2 2 2 2 2 2 2 2 2 2 2 2 2 2 2 2 2 2
left_child=1 2 3 4 6 -6 -1 -5 9 10 11 15 -10 -11 -4 -9 -12 19 -19 -13 27 -22 23 -21 -24 26 -23 -20 29 -25
right_child=-2 -3 14 7 5 -7 -8 8 12 13 16 17 -14 -15 -16 -17 -18 18 20 22 21 25 24 28 -26 -27 -28 -29 -30 -31
leaf_value=-0.0070115919169329828 -0.043915391093597364 0.038344211299278078 -0.045039294539576356 -0.040450875835660621 -0.0070115919169329828 0.019971733646490027 -0.028840882335957763 -0.017903899679557644 0.019971733646490027 0.011449960485414388 -0.017903899679557644 -0.017903899679557644 -0.017903899679557644 0.019971733646490027 0.019971733646490027 0.011449960485414388 0.011449960485414388 -0.017903899679557644 -0.0059479311468509204 0.011449960485414388 -0.0059479311468509204 -0.0059479311468509204 -0.0075203329817855706 -0.0055684490012825093 0.011449960485414388 0.011449960485414388 0.011449960485414388 -0.017903899679557644 -0.0075203329817855706 0.011449960485414388
leaf_weight=11.884070602904101 5.8392888905436839 9.6872813890222442 8.4310792102223751 4.0471028703359471 16.925114374836994 18.719328856939683 38.495858613263408 3.6788778848858774 2.146104168379682 13.475698245107194 5.6114469108906624 17.670140013360651 16.948982360336231 43.4394555941617 0.09246336491196494 49.572068939218298 46.074675849049527 44.72283250892724 0.86100554852600808 26.144388416800211 6.6962008820592009 15.824860816574075 10.000730994554031 53.640676920163969 50.741938958541141 30.393080645862938 3.8198307606289736 9.8572078093966393 32.992122895237117 23.692520219039579
leaf_count=4049 1866 504 12050 7110 1361 1469 8318 171 37 121 3620 3394 546 926 9 1351 7011 5895 138 3868 423 2515 1087 7704 6886 3574 224 3000 3878 3797
internal_value=0.00173505 0.00223802 0.00159926 0.0022555 -0.00928442 0.00593535 -0.0199585 0.00420852 0.00464308 0.00550361 0.00292819 0.000937884 -0.0165675 0.0199717 -0.0398497 0.01145 0.01145 -0.00167635 -0.00680249 0.00101876 0.00130795 0.00600804 0.00286323 -0.00111068 0.01145 0.01145 -0.00296005 -0.0179039 -0.00533489 -9.21051e-05
internal_weight=622.126 616.287 606.6 598.076 86.0244 35.6444 50.3799 512.052 508.005 488.91 431.995 380.308 19.0951 56.9152 8.52354 53.2509 51.6861 327.058 112.175 214.883 67.4522 56.734 197.212 136.47 60.7427 50.0378 19.6447 10.7182 110.325 77.3332
internal_count=96902 95036 94532 82473 15197 2830 12367 67276 60166 59583 58536 47905 583 1047 12059 1522 10631 46383 15769 30614 9874 6736 27220 19247 7973 6313 2739 3138 15379 11501
is_linear=0
shrinkage=0.05


Tree=127
num_leaves=31
num_cat=0
split_feature=12 21 17 15 14 0 12 10 15 15 9 0 9 14 0 14 11 14 14 9 3 7 16 5 5 0 14 14 10 12
split_gain=7.41988 6.22455 12.7559 4.78999 5.8602 4.34843 3.91212 6.87378 4.15591 3.55454 3.80599 2.09756 1.80411 1.79171 1.65349 1.5394 1.65153 4.89852 4.0514 2.44564 1.4716 1.43687 1.2926 0.788865 2.03029 1.45385 0.957358 0.631034 0.542825 0.497787
threshold=15.500000000000002 1.0000000180025095e-35 1.0000000180025095e-35 3.5000000000000004 45.500000000000007 -0.99266396128577028 3.5000000000000004 14.097953027773768 1.5000000000000002 1.0000000180025095e-35 48.500000000000007 2.8253796890422285 28.500000000000004 19.500000000000004 1.6667262206639457 30.500000000000004 1.0000000180025095e-35 8.5000000000000018 1.5000000000000002 6.5000000000000009 1.0000000180025095e-35 1.5000000000000002 0.072299651567944254 8.9089007820488906 9.1285556118802251 2.8253796890422285 27.500000000000004 10.500000000000002 255.67103278687418 1.0000000180025095e-35
decision_type=2 2 2 2 2 2 2 2 2 2 2 2 2 2 2 2 2 2 2 2 2 2 2 2 2 2 2 2 2 2
left_child=1 2 3 4 5 -1 7 12 14 10 15 -6 -7 28 -8 16 17 18 -9 -20 -17 -12 -10 29 25 -25 27 -26 -11 -19
right_child=-2 -3 -4 -5 11 6 8 9 22 13 21 -13 -14 -15 -16 20 -18 23 19 -21 -22 -23 -24 24 26 -27 -28 -29 -30 -31
leaf_value=-0.041502642787817165 -0.046632253954562906 0.051986070259336485 -0.047638854803480492 0.02656351316720831 -0.044614952195150555 0.014072354699035467 -0.019445833124555056 0.00095070766500727696 -0.0022447427874699457 0.0077613165176502567 -0.019445833124555056 0.014072354699035467 0.0077613165176502567 0.0077613165176502567 -0.0022447427874699457 -0.019445833124555056 0.0033681925940702243 0.00095070766500727696 0.00095070766500727696 -0.019445833124555056 0.0033681925940702243 0.0033681925940702243 0.014072354699035467 -0.019445833124555056 -0.018413630881755145 0.00095070766500727696 -0.019445833124555056 0.00095070766500727696 0.0033681925940702243 -0.0099312164278887328
leaf_weight=4.6432773147062099 7.0638196254003551 5.0801339094177811 12.117141920618449 9.2726211854023841 7.7536920290513072 50.948449912393698 32.737822031907854 8.3703667889058107 3.282308192458002 15.225267060799522 16.354681290606099 0.034618503501405828 21.907415857553133 27.586489829336642 4.5259316477167877 11.01927942449765 62.211743660864158 122.0588405614435 3.1305240017900351 48.028538287569972 1.3936445153158281 1.296514152563758 5.7647159779444337 11.018127773804734 3.4852563703716433 1.0912096536630986 1.5823243155464286 30.436895705926872 63.854865886183688 30.623552923618263
leaf_count=8124 2037 257 6680 414 11584 2848 742 97 39 242 6505 3 1621 1377 59 3008 5318 23204 250 6416 359 104 77 2334 729 24 310 5191 1311 5827
internal_value=0.00102285 0.00164317 0.00114096 0.00220434 0.0015812 0.00218887 0.00261098 0.00383083 -0.0111773 0.00145028 -0.00102493 -0.0389504 0.0140724 0.00776132 -0.0185618 0.000218271 0.000906788 -0.00146678 -0.014133 -0.0194458 -0.0163803 -0.0194458 0.0140724 0.000950708 -0.00602676 -0.0194458 0.000282516 0.000950708 0.00336819 0.000950708
internal_weight=623.9 616.836 611.756 599.639 590.366 582.578 577.935 531.624 46.3108 458.768 352.101 7.78831 72.8559 106.667 37.2638 334.45 322.037 259.826 59.5294 51.1591 12.4129 17.6512 9.04702 200.296 47.6138 12.1093 35.5045 33.9222 79.0801 152.682
internal_count=97091 95054 94797 88117 87703 76116 67992 67075 917 62606 59676 11587 4469 2930 801 53067 49700 44382 6763 6666 3367 6609 116 37619 8588 2358 6230 5920 1553 29031
is_linear=0
shrinkage=0.05


Tree=128
num_leaves=31
num_cat=0
split_feature=3 0 0 17 9 11 9 5 9 4 0 5 14 14 10 5 9 11 14 5 9 5 14 5 0 1 14 14 5 9
split_gain=5.46553 7.21236 4.25698 3.3241 2.71957 3.16351 4.17741 4.67386 3.54715 2.85453 2.50726 2.59957 2.4493 2.34341 2.21493 2.81215 1.90267 2.01181 1.4973 1.40247 1.2191 2.2629 0.96195 0.949804 0.937452 0.726429 0.69712 0.645721 0.635385 0.626619
threshold=1.0000000180025095e-35 1.1903766698665825 -1.0423631426309203 1.0000000180025095e-35 31.500000000000004 1.0000000180025095e-35 12.500000000000002 5.3726901768364668 5.5000000000000009 0.63665315576143622 2.8253796890422285 6.883168664080153 24.500000000000004 10.500000000000002 397.92131650723792 7.9926211699921064 35.500000000000007 1.0000000180025095e-35 2.5000000000000004 4.9738964809806863 53.500000000000007 7.2421490045229806 27.500000000000004 7.6548404172412594 -0.58656668999891992 0.96769636680960047 5.5000000000000009 32.500000000000007 8.9186856446669385 14.500000000000002
decision_type=2 2 2 2 2 2 2 2 2 2 2 2 2 2 2 2 2 2 2 2 2 2 2 2 2 2 2 2 2 2
left_child=2 27 -1 4 5 6 7 -4 28 29 11 19 -10 14 15 -3 17 -13 -18 -6 -20 -22 -7 -16 -11 -5 -23 -2 -9 -8
right_child=1 13 3 25 10 22 9 8 12 24 -12 16 -14 -15 23 -17 18 -19 20 -21 21 26 -24 -25 -26 -27 -28 -29 -30 -31
leaf_value=-0.039965782711090386 0.0061720668900762006 0.042559465114510954 0.002680965564443168 -0.020025525665092456 -0.0012059577374840041 0.0061720668900762006 -0.008672280050324643 0.002680965564443168 -0.020025525665092456 -0.008672280050324643 0.0061720668900762006 -0.020025525665092456 0.002680965564443168 0.020294250251192893 0.042559465114510954 0.099658586825040446 -0.020025525665092456 -0.0012059577374840041 -0.0012059577374840041 -0.020025525665092456 -0.0012059577374840041 -0.0012059577374840041 0.002680965564443168 0.019482657999136538 0.002680965564443168 0.0042972279925027309 -0.020025525665092456 0.019482657999136538 -0.020025525665092456 -0.020025525665092456
leaf_weight=5.7783789275963491 52.898583452752064 4.2217998609703518 3.7122283646713177 10.844106005573847 4.4659810109442359 107.63457761451355 1.5399223190797773 3.7300976138576507 47.882305339710001 5.3985372409661059 5.4562309695611466 15.413663999202983 3.1679065157004507 18.906172460010566 1.7574165023324897 3.0655786893621553 5.3380647591256993 9.0705566534015798 46.902356694405171 12.965887523831041 2.0462596854049471 0.45070799946552043 19.544678658709017 2.1573964108538348 191.41753792500822 3.0729904450708991 11.634393530119267 2.8035245825594748 2.0435498531514895 8.4066452673505392
leaf_count=14573 3353 445 313 5148 1057 4428 168 255 4379 4766 156 3414 491 4736 463 498 40 756 9960 3290 518 20 3796 696 22662 299 4074 639 101 1715
internal_value=0.0013142 0.0129407 -0.000596521 -8.52686e-05 0.000604251 0.0025694 -0.000810136 -0.0122501 -0.018282 0.0025821 -0.0061741 -0.00858398 -0.0200255 0.0327932 0.0504961 0.0656363 -0.00483116 -0.0165056 -0.00120596 -0.0200255 -0.00120596 -0.0171111 0.00617207 0.0194827 0.00268097 -0.0200255 -0.0200255 0.00617207 0.00268097 -0.0200255
internal_weight=613.728 85.8105 527.918 522.139 508.222 394.478 267.299 60.5361 56.8239 206.763 113.744 108.288 51.0502 30.1084 11.2022 7.28738 90.856 24.4842 66.3718 17.4319 61.0337 14.1314 127.179 3.91481 196.816 13.9171 12.0851 55.7021 5.77365 9.94657
internal_count=97209 10830 86379 71806 66359 43074 34850 5539 5226 29311 23285 23129 4870 6838 2102 943 18782 4170 14612 4347 14572 4612 8224 1159 27428 5447 4094 3992 356 1883
is_linear=0
shrinkage=0.05


Tree=129
num_leaves=31
num_cat=0
split_feature=12 0 15 21 17 2 14 9 10 14 12 14 15 5 1 7 1 12 9 14 5 13 14 15 9 4 1 9 15 4
split_gain=7.69415 5.9337 5.31243 4.90957 6.79432 4.20983 4.03486 3.40106 5.47178 4.2477 3.6392 2.58139 5.69253 3.3352 2.85773 4.20926 2.20938 2.16618 2.15502 3.74076 3.33123 2.14079 2.98434 2.13513 2.77819 1.67101 1.64763 1.55042 1.46671 1.4619
threshold=6.5000000000000009 -0.69051970220388947 3.5000000000000004 1.0000000180025095e-35 1.0000000180025095e-35 1.0000000180025095e-35 85.500000000000014 16.500000000000004 11.897686954472244 15.500000000000002 1.5000000000000002 26.500000000000004 1.0000000180025095e-35 9.1868023592010832 0.78525466282317535 1.0000000180025095e-35 0.081587303235574823 1.0000000180025095e-35 12.500000000000002 6.5000000000000009 6.9073626024224497 0.7715254196041238 21.500000000000004 1.0000000180025095e-35 24.500000000000004 0.69852141769949994 0.074853172733228376 19.500000000000004 1.0000000180025095e-35 0.72554997608799632
decision_type=2 2 2 2 2 2 2 2 2 2 2 2 2 2 2 2 2 2 2 2 2 2 2 2 2 2 2 2 2 2
left_child=1 16 21 4 5 -3 -4 8 -7 10 18 13 17 14 -9 -16 -1 27 -10 -20 -21 -2 28 24 26 -11 -15 -13 -23 -17
right_child=2 3 6 -5 -6 7 -8 11 9 25 -12 12 -14 23 15 29 -18 -19 19 20 -22 22 -24 -25 -26 -27 -28 -29 -30 -31
leaf_value=-0.039774773571316133 -0.04647401370216888 -0.01149181645128111 0.050018358744217783 0.051807613452031158 -0.01149181645128111 0.028145800784889319 -0.0044102195802174244 -0.0026141611625266552 -0.0026141611625266552 -0.0026141611625266552 0.018057311625675747 -0.0026141611625266552 0.028145800784889319 -0.0026141611625266552 0.0032853769703756865 0.014907217441528701 -0.01149181645128111 -0.0026141611625266552 -0.0026141611625266552 -0.0026141611625266552 0.018057311625675747 -0.031633707521115481 -0.031633707521115481 0.028145800784889319 -0.0026141611625266552 0.018057311625675747 0.017789416580683792 0.013916792562348707 -0.0044102195802174244 0.028145800784889319
leaf_weight=10.826397084954804 10.40088953956729 8.5946194223142793 3.8439302738988763 4.5454880798060904 10.749198991823503 27.706539534730837 2.0565735128329834 209.53691696911119 56.576028119307011 7.1293154542217954 7.7136536503676316 2.0443953534122583 12.777641193708403 2.7238988017197725 38.458108550868928 6.5406740978360203 2.2423032224069166 11.455140506848691 9.3759513827972096 5.5600891890935626 25.644656649790704 2.8948143195011671 7.5700429780918048 11.424240704858674 19.743641628883779 48.377661202859599 13.493968266760929 11.73819331784034 6.7434961185790598 15.947552194818853
leaf_count=20976 1038 42848 152 229 4868 552 729 9277 2380 351 145 138 783 227 701 86 2994 1122 348 233 1179 98 1094 112 844 2166 526 883 51 188
internal_value=0.00281052 0.00416656 -0.0201375 0.0049532 0.00448399 0.00557 0.0203878 0.00626349 0.0116861 0.00796882 0.00197867 0.00337293 0.015514 0.00187682 -0.000284919 0.00918492 -0.0279368 -0.000312216 -0.00130371 0.00895245 0.0180573 -0.0292082 -0.0167934 0.0139672 0.00743303 0.0180573 0.0177894 0.0139168 -0.00441022 0.0265291
internal_weight=614.436 580.926 33.5097 567.858 563.312 552.563 5.9005 543.968 188.084 160.377 104.87 355.884 38.0154 317.869 270.483 60.9463 13.0687 25.2377 97.1567 40.5807 31.2047 27.6092 17.2084 47.3857 35.9615 55.507 16.2179 13.7826 9.63831 22.4882
internal_count=97318 94156 3162 70186 69957 65089 881 22241 7354 6802 4285 14887 2926 11961 10252 975 23970 2143 4140 1760 1412 2281 1243 1709 1597 2517 753 1021 149 274
is_linear=0
shrinkage=0.05


Tree=130
num_leaves=31
num_cat=0
split_feature=12 16 9 0 0 14 8 14 5 16 14 5 9 9 5 16 7 14 0 5 5 5 4 9 9 1 14 14 9 16
split_gain=7.04665 12.9021 6.82296 5.56985 3.63644 5.30185 3.45074 2.97309 4.0449 4.18904 7.75954 4.406 8.35709 3.86656 3.07865 2.80382 2.58324 2.54123 2.52311 2.51248 4.19865 5.04603 3.52313 2.48964 3.0843 2.46153 2.43584 2.42234 3.42217 2.9966
threshold=3.5000000000000004 0.091750841750841763 16.500000000000004 -0.71550227415766998 2.8253796890422285 11.500000000000002 1.0000000180025095e-35 10.500000000000002 5.602725589693784 0.019884023590655994 22.500000000000004 9.1868023592010832 29.500000000000004 58.500000000000007 7.9051397595919681 0.046620299934796793 1.0000000180025095e-35 12.500000000000002 -0.99266396128577028 9.1980056239386681 8.3038228351506458 7.3652578699734184 0.713809523809524 14.500000000000002 15.500000000000002 0.24917126667081799 22.500000000000004 12.500000000000002 13.500000000000002 0.044543650793650802
decision_type=2 2 2 2 2 2 2 2 2 2 2 2 2 2 2 2 2 2 2 2 2 2 2 2 2 2 2 2 2 2
left_child=2 6 4 -4 18 -6 15 13 -9 14 11 -11 -13 25 -10 -2 -15 -3 -1 20 21 23 -22 -20 -25 -5 -8 -21 29 -29
right_child=1 17 3 7 5 -7 26 8 9 10 -12 12 -14 16 -16 -17 -18 -19 19 27 22 -23 -24 24 -26 -27 -28 28 -30 -31
leaf_value=-0.034965904716656428 -0.040371462053024228 0.008111142427232005 -0.043648865994799974 -0.0024012868425057157 0.022542966008879319 0.069542993921478877 0.008111142427232005 -0.021697253556747217 0.002628070923347387 0.002628070923347387 0.042270175862862559 0.002628070923347387 0.091489261292367563 0.010629500447977695 -0.010323086149931297 -0.014135897670524953 0.095910913245263268 0.052228520302589621 0.022542966008879319 -0.012580993429566879 -0.012268636512499466 -0.0056900622569439757 0.022542966008879319 -0.012580993429566879 0.022542966008879319 0.01286752251104665 -0.014135897670524953 -0.012580993429566879 0.022542966008879319 0.022542966008879319
leaf_weight=2.2455288484234179 25.147107070173661 1.2359847847837935 6.3756331280092118 52.421586515149102 6.260808827049912 6.351053005841095 6.443057324679101 19.271801846673043 61.915713896236412 39.817954241050757 13.638665756319822 4.3103710091818348 3.0750567843933823 2.1120500582983364 102.22147496725302 16.651245044195093 1.0054566145263377 7.204655223118607 37.86583249879186 15.217884816484004 6.7802874582521317 46.407411108248198 44.005997320618917 7.6194656673069385 6.3585378636635141 51.631666162415058 4.1190022302871512 7.0315132346877345 5.4951248006400411 1.3214149220730176
leaf_count=3945 3094 20 17008 5635 119 101 109 5000 14623 947 978 99 68 202 22914 191 59 350 4327 1294 844 4371 4141 760 805 3198 475 863 635 29
internal_value=0.00165379 -0.0143608 0.00344455 -0.000647431 0.0109963 0.0360292 -0.0236946 0.000254359 -0.002792 -0.0008473 0.0102566 0.00262807 0.0393021 0.0071589 -0.00500046 -0.0300123 0.0547479 0.0399169 0.00905675 0.00980392 0.0124131 0.0062335 0.022543 0.0168124 -0.00123384 0.00522553 0.00174054 -0.00354287 0.0115835 -0.011512
internal_weight=611.559 60.8011 550.758 357.797 192.961 12.6119 52.3604 351.422 244.251 224.979 60.842 47.2034 7.38543 107.171 164.137 41.7984 3.11751 8.44064 180.349 178.103 149.038 98.2512 50.7863 51.8438 13.978 104.053 10.5621 29.0659 13.8481 8.35293
internal_count=97204 4239 92965 70731 22234 220 3869 53723 44629 39629 2092 1114 167 9094 37537 3285 261 370 22014 18069 15248 10263 4985 5892 1565 8833 584 2821 1527 892
is_linear=0
shrinkage=0.05


Tree=131
num_leaves=31
num_cat=0
split_feature=14 16 14 12 16 12 14 9 10 9 5 9 4 5 14 14 10 9 4 5 5 8 12 5 1 13 1 9 7 1
split_gain=6.01338 6.3308 12.1803 11.4961 7.81692 6.89739 5.56558 6.82007 5.37295 3.08159 9.55191 5.18697 4.48643 2.24145 4.63671 3.5464 2.19956 2.12773 2.27251 3.32342 2.36735 2.23145 2.08941 1.90929 2.1045 1.85374 1.76717 1.60022 5.47641 1.49611
threshold=1.0000000180025095e-35 0.022695081122843169 19.500000000000004 4.5000000000000009 0.072299651567944254 5.5000000000000009 9.5000000000000018 48.500000000000007 397.92131650723792 28.500000000000004 8.6849771413309238 47.500000000000007 0.68203058623619384 8.858389624012359 22.500000000000004 38.500000000000007 1.8727889504366029 13.500000000000002 0.69261053906723202 7.7534739351795627 8.6478545464965979 1.0000000180025095e-35 1.0000000180025095e-35 9.2183881920843636 0.10936057423352148 0.85997438976898211 0.59773450507935688 9.5000000000000018 1.0000000180025095e-35 0.53384873447790138
decision_type=2 2 2 2 2 2 2 2 2 2 2 2 2 2 2 2 2 2 2 2 2 2 2 2 2 2 2 2 2 2
left_child=-1 5 27 9 -5 6 8 17 -2 13 -11 12 -12 14 22 -16 -7 21 19 26 -20 -8 -4 -15 -25 -10 -19 28 -3 -23
right_child=1 2 3 4 -6 16 7 -9 25 10 11 -13 -14 23 15 -17 -18 18 20 -21 -22 29 -24 24 -26 -27 -28 -29 -30 -31
leaf_value=0.033056430533969672 0.0039917428828285997 0.0039917428828285997 0.049388733164466 0.0039917428828285997 0.053466911389233943 0.0039917428828285997 -0.01808320300806196 -0.034762103305014669 -0.017832611346400986 0.0039917428828285997 0.0039917428828285997 0.0039917428828285997 0.13167076216567217 0.0039917428828285997 0.10054199069337791 0.0039917428828285997 -0.047361547628201793 -0.045287540155793511 0.0039917428828285997 -0.0053446318554180019 -0.0053446318554180019 -0.0079748549680184345 0.0039917428828285997 0.0039917428828285997 0.065520795561861064 -0.0047266586602543988 -0.0053446318554180019 0.0039917428828285997 0.077394800303643485 0.0039917428828285997
leaf_weight=14.466615329496561 74.497241565950389 5.074484316748566 4.2696570096159148 11.058255289990486 7.329405427502933 2.2208478978718622 38.878858749078063 16.919830260707386 50.29954831780924 8.8842760489351331 0.66836409774259653 0.75621273541764811 2.2913334906261298 2.2759941674958091 7.9824495951361296 0.79162107697629824 9.6072684580503829 8.0710431727784435 121.70106984810627 21.147594107900659 58.72373620408689 9.2603932590027416 2.549801143581135 1.3167697929711724 2.6228116447236971 3.3615269110341606 4.0476057870910145 106.05756980999286 2.5960993269691244 11.196604045035199
leaf_count=95 5531 114 108 1501 293 144 7697 9405 8307 716 44 80 144 140 517 239 1410 3962 32264 6651 13425 1414 50 88 93 94 397 1962 43 192
internal_value=0.00227393 0.00147324 0.00971932 0.0298468 0.00399174 -0.00173584 -0.00062631 -0.00487382 0.00399174 0.0467437 0.0241819 0.0830021 0.107499 0.058147 0.0684131 0.091503 -0.0378497 -0.00290151 -0.000557691 -0.0123647 0.0016754 -0.0111933 0.0308024 0.0264798 0.045323 -0.0134451 -0.0329895 0.00399174 0.0295613 0.00213349
internal_weight=610.925 596.458 166.525 52.797 18.3877 429.933 418.105 289.947 128.158 34.4093 12.6002 3.71591 2.9597 21.8091 15.5935 8.77407 11.8281 273.027 213.691 33.2662 180.425 59.3359 6.81946 6.21558 3.93958 53.6611 12.1186 113.728 7.67058 20.457
internal_count=97120 97025 6132 4013 1794 90893 89339 75407 13932 2219 984 268 188 1235 914 756 1554 66002 56699 11010 45689 9303 158 321 181 8401 4359 2119 157 1606
is_linear=0
shrinkage=0.05


Tree=132
num_leaves=31
num_cat=0
split_feature=21 20 7 8 9 18 14 5 0 12 15 0 0 15 5 15 0 4 5 14 9 9 14 9 0 0 11 14 5 4
split_gain=6.44156 5.86905 5.10165 9.43568 5.5488 3.16847 2.68114 1.88694 1.85775 1.8675 2.89978 1.77669 1.64131 1.62687 1.44485 1.26158 1.23202 1.22628 1.50353 1.99644 1.15904 1.05472 1.49194 0.713701 0.709946 0.394048 0.311065 0.268999 0.19979 0.126299
threshold=1.0000000180025095e-35 1.0000000180025095e-35 1.0000000180025095e-35 1.0000000180025095e-35 53.500000000000007 1.0000000180025095e-35 57.500000000000007 7.9774587690879679 -1.0423631426309203 3.5000000000000004 2.5000000000000004 0.63450791714358246 2.4199667199604065 9.5000000000000018 3.9645267917352025 1.5000000000000002 2.0064462875111029 0.66559139784946253 8.2845565697668473 21.500000000000004 62.500000000000007 13.500000000000002 3.5000000000000004 68.500000000000014 -0.43980300081039381 0.28423265793484603 2.5000000000000004 5.5000000000000009 4.7120821938271709 0.76820431247790755
decision_type=2 2 2 2 2 2 2 2 2 2 2 2 2 2 2 2 2 2 2 2 2 2 2 2 2 2 2 2 2 2
left_child=1 2 4 20 5 6 8 28 -1 14 16 27 -9 -8 -10 23 -11 18 19 -16 -4 22 -19 26 -23 -20 -13 -6 -5 -25
right_child=-2 -3 3 7 11 -7 13 12 9 10 -12 15 -14 -15 17 -17 -18 21 25 -21 -22 24 -24 29 -26 -27 -28 -29 -30 -31
leaf_value=-0.033485859239483017 0.051842905694291321 -0.045012827468509362 0.0024309669489293792 0.012996081086390811 -0.030049216126203815 -0.040530695464255202 -0.042124385320042118 0.012996081086390811 -0.01663822204196205 -0.01663822204196205 0.0024309669489293792 -0.030049216126203815 0.026009774730996041 0.0024309669489293792 -0.01663822204196205 0.0024309669489293792 -0.0071036275465163369 0.0024309669489293792 -0.01663822204196205 -0.0030649624599373561 0.012996081086390811 -0.0030649624599373561 -0.0030649624599373561 -0.028905597227104753 0.0024309669489293792 -0.0030649624599373561 -0.01026526104717254 -0.053698750878805601 0.026009774730996041 -0.01026526104717254
leaf_weight=3.1353476161020799 5.0932849012315264 6.1015993742075798 129.31367408308506 2.0151657892238317 1.2032568464710518 4.0655735786749565 5.0912972384285231 26.028153977182228 4.6799420995739629 26.350944824574984 4.2717981185996896 3.673659401094481 7.1113581849785978 1.0536665946274295 10.218548184144312 1.4485017900078672 2.6811805390752843 9.7234708946489246 4.6631870600285756 2.6910054950640179 3.2467401611393134 11.024493848304699 67.892021881889377 1.2341117623582252 225.07098179947934 8.1527175457158574 0.84932612255215634 6.1453879979380872 27.261919371903787 1.8768651838909134
leaf_count=7056 264 2547 12868 148 26 3442 7327 1418 836 1018 135 848 62 115 2136 65 43 232 1427 878 584 8145 7477 295 30433 1169 35 4682 1263 238
internal_value=0.000689355 0.000176644 0.000708399 0.00733832 -0.00247639 -0.00124191 -0.000725373 0.0235612 -0.00015523 0.000209415 -0.0109175 -0.0300793 0.0130047 -0.0310707 0.0013148 -0.0130203 -0.0166382 0.00175105 -0.00856089 -0.0166382 0.00243097 0.00243097 -0.00306496 -0.0229615 0.00243097 -0.00306496 -0.0300492 -0.0470781 0.0260098 -0.0102653
internal_weight=613.369 608.276 602.174 194.977 407.197 390.766 386.701 62.4166 380.556 377.42 33.3039 16.4311 33.1395 6.14496 344.116 9.08246 29.0321 339.436 25.7255 12.9096 132.56 313.711 77.6155 7.63396 236.095 12.8159 4.52299 7.34864 29.2771 3.11098
internal_count=97212 96948 94401 16343 78058 71869 68427 2891 60985 53929 1196 6189 1480 7442 52733 1481 1061 51897 5610 3014 13452 46287 7709 1416 38578 2596 883 4708 1411 533
is_linear=0
shrinkage=0.05


Tree=133
num_leaves=31
num_cat=0
split_feature=12 7 19 21 17 8 11 9 5 2 9 12 9 12 9 5 5 5 0 1 1 9 0 9 5 11 5 5 5 9
split_gain=6.72421 6.37338 4.48007 4.23024 5.58047 3.57232 4.71351 4.36457 8.08174 3.16621 2.85731 2.6183 2.11945 2.91794 2.15637 2.39816 2.0473 2.22583 1.67055 1.33663 1.30496 1.27181 1.84317 1.50466 1.23665 1.08367 0.969972 0.968788 0.925394 0.866066
threshold=15.500000000000002 2.5000000000000004 1.0000000180025095e-35 1.0000000180025095e-35 1.0000000180025095e-35 1.0000000180025095e-35 1.0000000180025095e-35 33.500000000000007 8.2502664735436397 1.0000000180025095e-35 35.500000000000007 7.5000000000000009 65.500000000000014 1.5000000000000002 57.500000000000007 4.5848686467653996 8.7017473022451224 9.1868023592010832 2.0842530612953931 0.043954111992086688 0.47911582534771763 14.500000000000002 1.364716818832858 6.5000000000000009 4.9738964809806863 1.0000000180025095e-35 8.7825332952654911 4.5848686467653996 8.06128801777216 7.5000000000000009
decision_type=2 2 2 2 2 2 2 2 2 2 2 2 2 2 2 2 2 2 2 2 2 2 2 2 2 2 2 2 2 2
left_child=1 2 3 4 5 7 18 9 12 -1 -10 16 13 24 15 -15 -11 21 -7 -12 -3 23 -23 -18 27 -14 -25 -9 -17 -19
right_child=-2 20 -4 -5 -6 6 -8 8 10 11 19 -13 25 14 -16 28 17 29 -20 -21 -22 22 -24 26 -26 -27 -28 -29 -30 -31
leaf_value=-0.033857918065986516 -0.0463533917232615 0.026045693972368097 -0.041971367921010118 0.026045693972368097 -0.044287109606044588 0.0033910380063764825 0.01359097909153436 -0.030187196983882628 -0.03082009698622154 0.0033910380063764825 -0.035468928312392282 -0.015785420433958797 -0.024999259470514356 0.0033910380063764825 0.0033910380063764825 -0.0743778554867532 -0.015785420433958797 -0.015785420433958797 0.0084910085489554206 0.0033910380063764825 0.068114542978384776 -0.015785420433958797 0.0033910380063764825 -0.015785420433958797 -0.02418898995630624 0.0033910380063764825 0.0033910380063764825 0.0033910380063764825 -0.0076944790100910475 0.0033910380063764825
leaf_weight=5.1743754008166425 6.3615598593532914 2.0154615081628426 4.9545904340302505 4.6664309958141521 5.686559230380225 98.204504116054522 48.688186932289682 1.3803948507411434 5.3624449317176177 227.53262600926973 3.3487048775041357 10.398098324891178 2.3939957285201663 0.46700686047551965 0.3587017760000889 6.4038874626548932 1.8951829702273233 2.6483720719697876 26.01446713419864 27.101025651745658 3.50226926850155 21.402131838476638 5.9819114585407069 1.7207855275773898 28.03978358479435 2.2777569343252253 9.1811765573365829 0.7643159974086301 0.82566706944999158 47.633661430707434
leaf_count=29015 2042 79 4148 253 2508 12712 2919 512 1154 14888 2646 529 1397 49 119 888 98 227 475 5327 39 1830 172 135 8530 288 734 243 95 3117
internal_value=0.00114975 0.00172394 0.00118819 0.001617 0.00113626 0.00165245 0.0076626 -0.000880526 -0.011392 0.00162687 0.00339104 0.00228708 -0.025886 -0.0296925 -0.0553721 -0.0615454 0.00315033 -0.00411146 0.00339104 0.00339104 0.0509032 -0.0127369 -0.0157854 0.000835232 -0.0212835 0.00339104 0.00339104 0.00339104 -0.0686225 0.00289525
internal_weight=612.386 606.024 600.507 595.552 590.886 585.199 172.907 412.292 78.7237 333.568 35.8122 328.394 42.9115 38.2398 8.05526 7.69656 317.996 90.4632 124.219 30.4497 5.51773 40.1812 27.384 12.7971 30.1845 4.67175 10.902 2.14471 7.22955 50.282
internal_count=97168 95126 95008 90860 90607 88099 16106 71993 21248 50745 9127 21730 12121 10436 1151 1032 21201 6313 13187 7973 118 2969 2002 967 9285 1685 869 755 983 3344
is_linear=0
shrinkage=0.05


Tree=134
num_leaves=31
num_cat=0
split_feature=21 17 16 14 2 9 12 11 16 9 7 14 0 14 9 3 0 10 14 11 14 4 9 11 9 10 14 10 10 14
split_gain=5.61026 11.0212 4.62051 7.05361 5.42207 2.92022 3.04358 3.65369 3.502 3.32228 4.62619 3.6477 2.85519 2.26255 3.01169 2.6949 2.17441 1.46607 1.41949 1.40671 1.23005 1.13852 1.11291 0.714563 0.603844 0.593597 0.584915 0.451756 0.397417 0.348124
threshold=1.0000000180025095e-35 1.0000000180025095e-35 0.13680926916221037 57.500000000000007 1.0000000180025095e-35 48.500000000000007 6.5000000000000009 1.5000000000000002 0.080540540540540564 12.500000000000002 1.0000000180025095e-35 3.5000000000000004 -0.62080307177276917 18.500000000000004 40.500000000000007 1.0000000180025095e-35 2.6425224776270224 353.65536088579472 26.500000000000004 1.0000000180025095e-35 23.500000000000004 0.74891304347826104 22.500000000000004 2.5000000000000004 42.500000000000007 2.3754985841196388 6.5000000000000009 389.11902158687502 324.92185724911798 3.5000000000000004
decision_type=2 2 2 2 2 2 2 2 2 2 2 2 2 2 2 2 2 2 2 2 2 2 2 2 2 2 2 2 2 2
left_child=1 2 3 4 23 6 7 9 25 10 11 -6 -11 14 15 19 18 -9 29 22 -13 -12 26 -1 -15 -8 -14 -21 -4 -7
right_child=-2 -3 28 -5 5 16 8 17 -10 12 21 20 13 24 -16 -17 -18 -19 -20 27 -22 -23 -24 -25 -26 -27 -28 -29 -30 -31
leaf_value=-0.039687929712630771 0.051436277841474025 -0.046920463561688913 0.026398663936608443 -0.044447136713832686 -0.0025129608438968793 -0.00093182368127393139 -0.00093182368127393139 0.014016803525727449 0.014016803525727449 -0.015880450888275312 -0.0025129608438968793 -0.015880450888275312 -0.005023299363942065 0.0085078344989106946 0.0085078344989106946 0.0085078344989106946 0.014016803525727449 0.0085078344989106946 -0.00093182368127393139 0.0031526937307408895 -0.0025129608438968793 0.0085078344989106946 -0.005023299363942065 -0.015880450888275312 -0.005023299363942065 -0.015880450888275312 -0.00063770262948508567 -0.00063770262948508567 0.014016803525727449 -0.015880450888275312
leaf_weight=8.6802550079737522 4.6466746711084843 10.596626305705284 9.282353929942472 7.1904098930917817 8.0473254387034086 2.6527980666142055 8.3177535636641604 49.885182723170146 3.1623537121340624 8.1501470888179011 6.6364542876544901 47.255204577028053 19.061406574444845 105.33094249450369 14.688920255051924 35.215461974497885 2.9464759211987248 10.126214153016916 4.3900916865677564 21.120711686555296 4.7693940432509399 23.539811388822272 66.974395308294334 0.082805581529101668 5.5509835497359736 12.148648819202206 73.103491335641593 16.673052247380838 2.2076241692993781 19.516263339086436
leaf_count=50926 276 6672 357 9962 146 26 289 554 48 4924 240 3143 719 4331 597 562 35 671 410 343 817 783 3397 99 277 855 3655 554 77 1309
internal_value=0.00182458 0.00136105 0.00229552 0.00163494 0.00228396 0.00291267 0.00375715 0.00456883 -0.0134384 0.00299887 -0.00555004 -0.0135338 0.00511699 0.00583385 0.00272301 0.000250917 -0.0121523 0.0140168 -0.0158805 -0.00220245 -0.0158805 0.00850783 -0.0044281 -0.0346736 0.00850783 -0.0158805 -0.000637703 0.00315269 0.0263987 -0.0158805
internal_weight=611.95 607.304 596.707 585.217 578.027 569.263 539.758 516.129 23.6288 456.118 90.2482 60.0719 365.87 357.719 246.837 232.149 29.5056 60.0114 26.5592 196.933 52.0246 30.1763 159.139 8.76306 110.882 20.4664 92.1649 37.7938 11.49 22.1691
internal_count=97054 96778 90106 89672 79710 28685 26905 25713 1192 24488 5129 4106 19359 14435 9827 9230 1780 1225 1745 8668 3960 1023 7771 51025 4608 1144 4374 897 434 1335
is_linear=0
shrinkage=0.05


Tree=135
num_leaves=31
num_cat=0
split_feature=9 4 14 21 17 5 4 7 14 2 5 5 5 16 9 16 14 14 16 11 3 5 9 14 4 5 14 9 9 5
split_gain=6.90236 7.67978 7.96662 5.35304 9.95454 4.99174 4.52585 4.15391 3.61784 3.33275 3.85076 3.80315 3.28926 2.79327 2.17791 2.53715 2.17311 2.26138 4.40847 3.78967 3.06392 2.73023 2.58095 2.48829 1.89908 1.88844 1.78884 1.6042 1.76764 1.39265
threshold=5.5000000000000009 0.81774475524475532 11.500000000000002 1.0000000180025095e-35 1.0000000180025095e-35 5.0165011510177271 0.79329085457271376 2.5000000000000004 57.500000000000007 1.0000000180025095e-35 6.858432694097508 7.009554119553278 3.6951557841279996 0.13921188630490958 29.500000000000004 0.069204980842911892 1.5000000000000002 23.500000000000004 0.022695081122843169 1.5000000000000002 1.0000000180025095e-35 7.8140156039444237 16.500000000000004 27.500000000000004 0.63665315576143622 8.9186856446669385 5.5000000000000009 10.500000000000002 43.500000000000007 8.7825332952654911
decision_type=2 2 2 2 2 2 2 2 2 2 2 2 2 2 2 2 2 2 2 2 2 2 2 2 2 2 2 2 2 2
left_child=1 26 25 4 5 6 12 8 9 -7 14 -12 -2 -10 15 -11 29 19 23 20 21 -18 -21 -19 -14 -3 -1 -23 -29 -13
right_child=3 2 -4 -5 -6 7 -8 -9 13 10 11 16 24 -15 -16 -17 17 18 -20 22 -22 27 -24 -25 -26 -27 -28 28 -30 -31
leaf_value=0.02523604019125103 -0.038872160763166491 0.12298107769216036 0.026722190128783525 0.051369732457588003 -0.046479887086183475 -0.028784515447518977 0.026223583837381954 0.026223583837381954 -0.043844163966666877 -0.0072265366663854863 0.013370049589926526 0.013370049589926526 -0.041831849940445517 0.013370049589926526 -0.013632118924003386 0.013370049589926526 -0.013632118924003386 0.0054163303009755158 0.013370049589926526 0.013370049589926526 0.0042484798148799685 -0.013632118924003386 0.0042484798148799685 -0.013383452950247716 0.011023733114742553 0.026722190128783525 -0.034272885653867567 -0.00034861566264027537 -0.013632118924003386 -0.010332770566866179
leaf_weight=1.0721025383973013 3.5619148153400628 3.3086379106061945 2.8653090187908674 4.3392215254571047 9.8059560271358333 8.2272395967447647 9.9806569607262627 5.078113313909852 6.5207694938580962 47.350109699647874 13.660327297024194 16.501531655900184 0.75569369733966407 1.1055367350345475 15.079367720216394 7.3078216129215425 65.243806333921384 22.833155917585827 24.284492090868298 17.851240949647035 43.512833937304094 23.022828080924228 40.535036068176851 25.517254678154131 7.7222773647154099 0.68154756027433894 2.6151935852140014 162.61542323301546 11.997885261924237 6.153694618958979
leaf_count=34 649 220 317 251 6701 48775 1639 99 9503 2553 696 112 223 100 931 81 3662 1230 883 259 824 1424 639 3865 1497 59 214 9090 888 52
internal_value=0.00226428 0.0405652 0.0687222 0.0015256 0.00107744 0.00195045 0.0247736 0.00101774 0.000516515 0.00101709 0.00152028 0.00313935 -0.00417612 -0.0316155 -0.00936704 -0.00248386 0.00202204 0.00119501 0.00918772 -0.00041727 -0.00265006 -0.00494571 0.011147 -0.00253739 0.0110237 0.109855 -0.0152778 -0.00199018 -0.000348616 0.01337
internal_weight=611.107 10.5428 6.85549 600.564 596.225 586.419 22.0205 564.398 559.32 551.694 543.467 473.73 12.0399 7.62631 69.7373 54.6579 460.069 437.414 72.6349 364.779 306.393 262.88 58.3863 48.3504 8.47797 3.99019 3.6873 197.636 174.613 22.6552
internal_count=97470 844 596 96626 96375 89674 4008 85666 85567 75964 27189 23624 2369 9603 3565 2634 22928 22764 5978 16786 15888 15064 898 5095 1720 279 248 11402 9978 164
is_linear=0
shrinkage=0.05


Tree=136
num_leaves=31
num_cat=0
split_feature=12 15 0 5 5 9 7 12 11 16 3 5 16 5 5 1 0 5 0 5 5 5 9 9 5 11 12 5 0 9
split_gain=4.21697 5.0159 4.56762 4.18935 5.71456 4.11142 4.25193 3.23599 5.87153 2.87752 2.42349 2.16445 2.90109 1.93075 3.08906 2.72714 1.79976 1.66482 2.33359 2.02688 2.55555 1.52385 1.16178 3.36925 1.8611 1.0976 1.02411 1.75046 1.00664 0.789597
threshold=17.500000000000004 2.5000000000000004 -0.99266396128577028 6.858432694097508 7.0274084446110585 29.500000000000004 1.0000000180025095e-35 6.5000000000000009 1.5000000000000002 0.087337909992372245 1.0000000180025095e-35 8.8393799507236199 0.044543650793650802 8.6478545464965979 8.7216694081246562 0.54901866278369138 0.49482716809158833 4.8193488608967234 -0.14420201709804312 6.1750421587804452 6.6992094480138435 7.4389829350645753 12.500000000000002 6.5000000000000009 8.3584718107074547 1.0000000180025095e-35 1.5000000000000002 7.8377010029108209 0.27297005842101035 74.500000000000014
decision_type=2 2 2 2 2 2 2 2 2 2 2 2 2 2 2 2 2 2 2 2 2 2 2 2 2 2 2 2 2 2
left_child=1 2 -1 5 -5 6 17 8 10 -3 13 -9 -13 22 -15 -16 -8 18 -4 -19 -21 -10 23 -6 25 -25 29 -28 -12 -24
right_child=-2 9 3 4 7 -7 16 11 21 -11 28 12 -14 14 15 -17 -18 19 -20 20 -22 -23 26 24 -26 -27 27 -29 -30 -31
leaf_value=-0.04182183108341983 -0.04176863232281007 0.015895143077791555 -0.019882012719620507 0.015895143077791555 0.0040168895200481773 -0.019882012719620507 0.002509276851082157 -0.019882012719620507 0.0085239766000092133 0.045338995036625147 0.0040168895200481773 -0.019882012719620507 0.015895143077791555 -0.019882012719620507 -0.0083947037336135708 0.0040168895200481773 0.015895143077791555 -0.019882012719620507 0.002509276851082157 0.002509276851082157 -0.019882012719620507 0.015895143077791555 0.0040168895200481773 -0.019882012719620507 0.0040168895200481773 0.0040168895200481773 0.0040168895200481773 -0.019882012719620507 0.0085239766000092133 -0.019882012719620507
leaf_weight=4.9930358415858782 4.463605125405592 3.4864457331495933 1.6282608022411302 16.693819393214653 5.1483738000897565 22.821815143561253 9.6444938368367747 10.569407432427395 8.8738571397698234 11.304246703570241 14.459457782086245 2.2581148177705463 2.9708542320877314 13.030942500137824 75.265984169182047 44.119673724249878 15.663151856715556 20.453905444792326 9.6015787621981836 10.611527372644561 5.8072734271372601 45.976919342276233 165.50221815563236 18.040902140270198 6.9641191298323966 4.5629657770950862 2.41682423810198 4.1189545701708994 42.314737591259473 2.1667952618208792
leaf_count=15688 1873 219 1042 2137 363 6141 1133 489 247 582 1683 209 24 2052 15472 1855 673 3599 1831 1460 688 1313 24990 1804 599 291 624 907 6415 725
internal_value=0.00197174 0.00236513 0.00161383 0.00205781 0.00394847 -0.00742243 -0.00127287 0.0025256 0.00331798 0.0301765 0.00115281 -0.0190384 0.0106808 -0.000490198 -0.00519211 -0.00237247 0.0149655 -0.00994699 0.00250928 -0.0151324 -0.000838742 0.0158951 0.00250047 -0.00574462 -0.015666 -0.019882 0.00401689 -0.0144875 0.00852398 0.00401689
internal_weight=605.934 601.471 586.68 581.687 485.455 96.232 73.4102 468.761 452.963 14.7907 398.112 15.7984 5.22897 341.338 132.417 119.386 25.3076 48.1025 11.2298 36.8727 16.4188 54.8508 208.921 34.7164 29.568 22.6039 174.205 6.53578 56.7742 167.669
internal_count=97128 95255 94454 78766 62199 16567 10426 60062 59340 801 57780 722 233 49682 19379 17327 1806 8620 2873 5747 2148 1560 30303 3057 2694 2095 27246 1531 8098 25715
is_linear=0
shrinkage=0.05


Tree=137
num_leaves=31
num_cat=0
split_feature=7 19 5 3 1 16 0 4 14 5 5 5 0 5 4 14 4 5 14 14 13 1 5 14 1 7 5 14 0 0
split_gain=5.10002 3.74997 3.70603 4.20463 5.06852 3.06043 2.85926 2.63701 2.50452 2.73104 3.87233 3.01217 3.83558 4.01216 3.31568 2.7423 4.0243 2.73202 3.09515 2.45464 2.38498 2.19247 2.11596 1.78461 2.28676 1.61048 1.58614 1.50732 1.45145 1.38581
threshold=2.5000000000000004 1.0000000180025095e-35 7.7173127874535714 1.0000000180025095e-35 0.88619835133492997 0.023222109875294914 -0.81918883441034096 0.69261053906723202 1.0000000180025095e-35 8.2360076701395872 8.0004977583217975 8.4031360178810086 2.0064462875111029 9.1285556118802251 0.74891304347826104 18.500000000000004 0.82866927592954998 7.8683426818990627 17.500000000000004 15.500000000000002 0.73955242233741125 0.42211904592582367 7.3436509322732038 25.500000000000004 0.17675867477892257 1.5000000000000002 8.9993076393844991 34.500000000000007 0.40875802513322007 -0.048818248067720706
decision_type=2 2 2 2 2 2 2 2 2 2 2 2 2 2 2 2 2 2 2 2 2 2 2 2 2 2 2 2 2 2
left_child=1 2 3 4 5 7 -4 22 -8 10 17 15 13 14 -13 16 20 19 -19 -10 -11 -2 -1 -20 -25 -12 -14 -17 -5 -16
right_child=21 -3 6 28 -6 -7 8 -9 9 11 25 12 26 -15 29 27 -18 18 23 -21 -22 -23 -24 24 -26 -27 -28 -29 -30 -31
leaf_value=-0.038579139330271399 0.022366485631051106 -0.040959224507333317 -0.035765322899193243 0.012882160989192343 0.012882160989192343 0.0058885131923112569 0.022366485631051106 -0.0027177388677022177 -0.018507651422302544 -0.018507651422302544 -0.018507651422302544 -0.018507651422302544 0.022366485631051106 0.0040045313317878511 -0.011437333962010618 0.022366485631051106 0.022366485631051106 0.018410521991661384 -0.018507651422302544 0.0078575162689060434 0.0058915896949154464 0.06506699351187549 -0.013836382158771447 -0.018507651422302544 0.022366485631051106 0.020873551586000634 0.0047340624388719169 -0.018507651422302544 0.022366485631051106 -0.00052739184464185363
leaf_weight=11.112481334657785 1.908892218787513 4.319752701007018 5.1010749182423742 11.351689849452667 37.445781981237815 45.120783077070882 8.5675773844122869 92.563725985006386 12.662519084464295 14.477729249956615 34.747662921112351 33.021219908339845 16.71676259344531 83.288671273636282 16.359997023722819 10.845752805293158 9.4839243450951454 22.80586965375187 7.8954614884569292 8.8451684431129234 4.3720316883991464 4.0490086562058423 3.5313640997937901 1.6779156844277165 3.2148720433215203 2.094713100232183 16.958642188037629 1.465084004041272 21.420949606392242 62.924265602763633
leaf_count=4307 82 4196 11985 1011 1417 1676 56 22588 1299 1774 4937 5824 922 10853 3840 1599 939 2275 989 1611 101 50 1198 653 331 63 937 609 3016 6181
internal_value=0.00133015 0.000838751 0.00120729 0.00631031 0.00339784 -0.00110513 -0.0018096 -0.00595776 -0.00124998 -0.00191038 -0.00920436 0.000652909 -0.00158753 -0.0042853 -0.0104143 0.0130255 0.00301079 -0.000789103 0.00765547 -0.0144837 -0.0105833 0.0438942 -0.024955 -0.0114687 0.0120075 -0.0185077 0.0137534 0.0223665 0.0223665 -0.00436702
internal_weight=610.351 604.393 600.074 222.547 189.774 152.328 377.527 107.208 372.426 363.858 93.9442 269.914 229.27 195.594 112.305 40.6445 28.3337 57.1018 35.5941 21.5077 18.8498 5.9579 14.6438 12.7882 4.89279 36.8424 33.6754 12.3108 32.7726 79.2843
internal_count=97319 97187 92991 35213 31186 29769 57778 28093 45793 45737 12158 33579 28557 26698 15845 5022 2814 7158 4248 2910 1875 132 5505 1973 984 5000 1859 2208 4027 10021
is_linear=0
shrinkage=0.05


Tree=138
num_leaves=30
num_cat=0
split_feature=21 17 14 7 9 0 2 14 5 13 14 14 7 14 14 14 10 5 9 13 5 5 0 10 5 3 9 14 0
split_gain=5.39685 9.56584 4.02043 3.65526 3.36507 2.79056 2.3447 1.85688 2.21762 2.0835 4.22994 1.83168 2.77255 3.5725 2.52713 2.26946 1.67775 1.37983 0.87433 0.619258 0.557342 0.361979 0.3082 0.282646 0.280369 0.221865 0.0913431 0.0550784 0.0114781
threshold=1.0000000180025095e-35 1.0000000180025095e-35 57.500000000000007 2.5000000000000004 74.500000000000014 2.8253796890422285 1.0000000180025095e-35 33.500000000000007 9.1094630449962306 0.81250775731726599 16.500000000000004 1.5000000000000002 1.0000000180025095e-35 8.5000000000000018 9.5000000000000018 14.500000000000002 365.40315149565896 7.9051397595919681 103.50000000000001 0.73658119688793355 7.8790375849370555 3.9645267917352025 2.0064462875111029 232.25896513399758 8.6245654929586504 1.0000000180025095e-35 24.500000000000004 17.500000000000004 2.8253796890422285
decision_type=2 2 2 2 2 2 2 2 2 2 2 2 2 2 2 2 2 2 2 2 2 2 2 2 2 2 2 2 2
left_child=1 2 3 4 5 6 17 9 -9 10 11 24 13 -13 -14 -15 -11 26 25 -20 -7 -12 -16 -22 -8 -6 -1 -27 -4
right_child=-2 -3 28 -5 18 20 7 8 -10 16 21 12 14 15 22 -17 -18 -19 19 -21 23 -23 -24 -25 -26 27 -28 -29 -30
leaf_value=-0.030995577181345324 0.051182380607807769 -0.046199036196025653 -0.032108934351866777 0.026286666686972378 -0.044451484170474904 0.014264232448979628 0.0046488368976386474 -0.010533964681132223 0.0080223485301622582 0.0080223485301622582 -0.010533964681132223 -0.010533964681132223 0.0046488368976386474 -0.0022873258956809324 -0.0022873258956809324 -0.010533964681132223 0.0046488368976386474 -0.040895153421631213 -0.019937051207115947 0.014264232448979628 0.014264232448979628 0.0046488368976386474 0.0046488368976386474 0.0080223485301622582 -0.010533964681132223 0.0047164218214608439 -0.010533964681132223 -0.010389034068987236 -8.5598557137426284e-05
leaf_weight=1.6288055474142296 4.493114295997656 9.3796143757281225 7.4368604862575003 5.6678619194717603 4.0201201334675707 14.193175681240975 17.176818381994966 15.436780539763278 2.9317120193736619 64.693158076494001 2.3374085342511526 60.76147118001245 31.487267448857892 84.531854099041084 44.936822393909097 26.221087195270229 24.749511449947022 4.4804135998456331 0.54890064872961364 0.16822998653151444 4.3148959727259362 146.96261349247652 6.6535416617989531 11.704771147778956 6.8599523706361643 0.33961189002729941 2.0790464228084602 0.27523983391438378 0.033446771441958734
leaf_count=9331 284 6748 10023 93 1285 304 123 3426 711 771 139 3498 1306 6021 1992 1711 583 28035 275 27 82 7720 82 261 57 23 12225 70 7
internal_value=0.00184346 0.00139095 0.00222072 0.00271133 0.0022418 0.00263779 0.00178046 0.00220605 -0.010534 0.00277876 0.00127533 -0.00279104 -0.00421445 -0.00783106 0.0032564 -0.00228733 0.00802235 -0.023274 -0.0339657 0.00834428 0.0142642 0.00464884 -0.00228733 0.00802235 0.00464884 -0.0408311 -0.010534 -0.00429162 -0.0319926
internal_weight=606.504 602.011 592.631 585.161 579.493 574.141 543.928 535.74 18.3685 517.372 427.929 278.629 254.592 171.514 83.0776 110.753 89.4427 8.18827 5.3521 0.717131 30.2128 149.3 51.5904 16.0197 24.0368 4.63497 3.70785 0.614852 7.47031
internal_count=97213 96929 90181 80151 80058 78378 77731 28140 4137 24003 22649 14790 14610 11230 3380 7732 1354 49591 1680 302 647 7859 2074 343 180 1378 21556 93 10030
is_linear=0
shrinkage=0.05


Tree=139
num_leaves=31
num_cat=0
split_feature=9 21 17 12 2 5 5 5 5 8 1 16 16 9 4 4 13 10 9 16 12 5 9 5 5 9 5 5 9 5
split_gain=5.71244 4.70425 9.30097 4.21558 3.42415 3.0487 4.82839 4.29288 5.50299 3.61626 8.15112 2.90768 1.82431 1.79144 1.72297 1.57316 1.54011 4.54853 4.48732 2.6611 1.6563 1.19824 0.947323 0.940773 0.889248 0.883898 0.835064 4.13171 1.65362 2.07877
threshold=64.500000000000014 1.0000000180025095e-35 1.0000000180025095e-35 17.500000000000004 1.0000000180025095e-35 5.0165011510177271 3.9645267917352025 6.858432694097508 7.0274084446110585 1.0000000180025095e-35 0.61808954601985977 0.15430402930402934 0.13921188630490958 5.5000000000000009 0.83409785932721725 0.68016393442622958 0.78010741854122212 365.40315149565896 12.500000000000002 0.030161583780973836 7.5000000000000009 8.9186856446669385 11.500000000000002 7.0774997693339765 7.9051397595919681 6.5000000000000009 8.3723432244328944 8.6078939075746863 29.500000000000004 8.6478545464965979
decision_type=2 2 2 2 2 2 2 2 2 2 2 2 2 2 2 2 2 2 2 2 2 2 2 2 2 2 2 2 2 2
left_child=1 2 3 4 24 6 22 9 15 -7 -11 13 14 21 -2 -9 18 -18 19 -15 23 -10 -6 -20 -1 -8 -25 -28 29 -29
right_child=12 -3 -4 -5 5 7 25 8 11 10 -12 -13 -14 16 -16 -17 17 -19 20 -21 -22 -23 -24 26 -26 -27 27 28 -30 -31
leaf_value=-0.011693324047510653 -0.049420706031785597 0.050838231742395358 -0.04599324490821733 -0.041802969587965561 0.023033546462746714 -0.011693324047510653 -0.011693324047510653 -0.011693324047510653 0.014973399955420389 -0.0011745097143670759 0.026585422495951035 0.026585422495951035 0.031617914267553025 -0.011693324047510653 -0.0053646668362454545 0.026585422495951035 0.014973399955420389 0.0050798704365763942 -0.011693324047510653 0.0050798704365763942 -0.011693324047510653 -0.011693324047510653 -0.011693324047510653 0.0050798704365763942 -0.040726369460750957 0.026585422495951035 -0.011693324047510653 0.0050798704365763942 0.0050798704365763942 -0.0057557848319393003
leaf_weight=3.4495179757686847 7.1081665137680794 4.0443037981749503 8.7963204559073329 4.177891907576849 1.084123747539709 48.602637072763173 0.84591787721728806 1.8202532883151459 5.2202918268740159 12.957980009436143 8.7195185611490142 5.1568110210355362 0.31430152431130487 50.839121709170286 3.4224435809301212 14.230544843725509 58.05400339672633 28.207683492946671 4.0656547663675147 11.70343507027428 4.1404142897517877 3.0935686036827974 6.604405503399903 144.68791487300768 4.3814511618784309 14.243580345850203 27.605709156996454 4.5937257916084482 35.981914313495508 79.05646568578959
leaf_count=22600 2931 269 6541 1718 69 3338 24 130 291 640 76 246 8 3778 961 781 1015 2262 240 156 339 142 454 8707 29616 905 1695 257 2145 4877
internal_value=0.00206763 0.00274611 0.00233261 0.00313854 0.0035341 0.00400495 0.0215449 0.00323901 0.00493604 -0.00822133 0.0093443 0.00386665 -0.0323245 0.00336138 -0.0368095 0.0265854 0.00281681 0.00878199 0.00137775 -0.0107012 0.00392198 0.0149734 -0.0116933 0.00448196 -0.0273916 0.0265854 0.00485259 0.0012905 0.00507987 -0.00194452
internal_weight=607.21 596.365 592.321 583.525 579.347 571.516 22.778 548.738 478.458 70.2801 21.6775 462.407 10.8449 457.25 10.5306 16.0508 448.936 86.2617 362.674 62.5426 300.132 8.31386 7.68853 295.991 7.83097 15.0895 291.926 147.238 119.632 83.6502
internal_count=97211 93311 93042 86501 84783 32567 1452 31115 27061 4054 716 26150 3900 25904 3892 911 25471 3277 22194 3934 18260 433 523 17921 52216 929 17681 8974 7279 5134
is_linear=0
shrinkage=0.05


Tree=140
num_leaves=31
num_cat=0
split_feature=12 15 14 19 0 14 9 0 12 14 11 12 9 9 9 16 9 11 0 9 14 5 9 14 14 5 12 9 11 14
split_gain=4.069 4.27573 4.52771 3.45979 3.09323 2.82516 2.73246 3.07548 2.7056 3.18621 5.07597 4.30393 4.58555 4.1121 3.74835 5.8829 3.48961 2.20409 2.18138 2.05306 2.67274 2.63546 2.69859 1.98774 4.19759 2.732 2.28995 2.27365 2.04342 3.8303
threshold=17.500000000000004 3.5000000000000004 45.500000000000007 1.0000000180025095e-35 -0.99266396128577028 1.0000000180025095e-35 48.500000000000007 2.0064462875111029 6.5000000000000009 26.500000000000004 1.5000000000000002 1.0000000180025095e-35 23.500000000000004 40.500000000000007 31.500000000000004 0.032042780748663111 16.500000000000004 14.500000000000002 2.8253796890422285 10.500000000000002 3.5000000000000004 7.6548404172412594 7.5000000000000009 18.500000000000004 16.500000000000004 7.145405932206768 1.5000000000000002 15.500000000000002 1.0000000180025095e-35 6.5000000000000009
decision_type=2 2 2 2 2 2 2 2 2 2 2 2 2 2 2 2 2 2 2 2 2 2 2 2 2 2 2 2 2 2
left_child=1 2 3 4 -1 -6 8 -8 9 10 13 -11 -13 14 19 -16 -12 -10 -4 20 -7 22 -22 24 26 27 28 -26 29 -21
right_child=-2 -3 18 -5 5 6 7 -9 17 11 16 12 -14 -15 15 -17 -18 -19 -20 23 21 -23 -24 -25 25 -27 -28 -29 -30 -31
leaf_value=-0.038910657136258013 -0.041743138325240361 0.036056821725671158 -0.04352367986840458 -0.039869706949590258 0.019001405535640684 0.0088208113552375352 -0.017908344113933449 0.019001405535640684 -0.017908344113933449 0.019001405535640684 0.019001405535640684 -0.017908344113933449 0.019001405535640684 0.0088208113552375352 -0.017908344113933449 0.0088208113552375352 0.0088208113552375352 0.019001405535640684 0.019001405535640684 -0.014185816992066723 0.0088208113552375352 -0.017908344113933449 -0.016841392194037085 0.0088208113552375352 -0.017908344113933449 -0.017908344113933449 -0.017908344113933449 0.0088208113552375352 0.0088208113552375352 0.0048878169385299921
leaf_weight=3.4207775243448841 4.2492989240563466 8.3371037453762238 6.4181138475905746 3.7975666384481874 14.179578624200074 5.5646720398653988 23.62716282084148 4.2126609876941066 17.07416708498204 21.799017666107829 20.560634550311079 12.53567855730944 9.3114374845099501 20.434031092789155 33.474563190691697 13.289578787484059 35.332975169254496 1.9224402973195527 0.021449390013003611 32.101819957762928 7.9267179806447556 30.546145283711667 10.321403380949048 65.560740994416847 1.9818288744209009 22.650648253056715 4.0106671813628045 5.1165182459008065 36.165869955228118 127.55894246444223
leaf_count=8285 1894 520 12054 4184 92 164 7343 424 505 4241 312 1351 1975 4078 7932 341 549 105 2 2787 495 3019 963 8879 155 2839 541 680 2090 18345
internal_value=0.00209992 0.00247983 0.00194599 0.00243532 0.00278005 0.00309397 0.00249175 -0.012512 0.00329403 0.00398612 0.00277351 0.01676 -0.00328243 0.000858713 -0.000808773 -0.0139473 0.0167829 -0.0147728 -0.0368247 0.000983944 -0.0078579 -0.0122746 0.00309329 0.00263343 0.000391283 -0.0168142 0.00302356 0.00882081 0.00395001 0.000988395
internal_weight=603.504 599.255 590.918 584.478 580.681 577.26 563.08 27.8398 535.24 516.244 472.598 43.6461 21.8471 416.704 396.27 46.7641 55.8936 18.9966 6.43956 349.506 54.3589 48.7943 18.2481 295.147 229.586 29.749 199.837 7.09835 195.827 159.661
internal_count=97144 95250 94730 82674 78490 70205 70113 7767 62346 61736 54169 7567 3326 53308 49230 8273 861 610 12056 40957 4641 4477 1458 36316 27437 3674 23763 835 23222 21132
is_linear=0
shrinkage=0.05


Tree=141
num_leaves=31
num_cat=0
split_feature=21 17 12 3 16 12 11 5 12 8 5 9 5 5 9 5 9 9 5 5 5 12 9 5 5 9 7 10 5 7
split_gain=4.50122 8.57828 3.97551 3.53759 2.86827 5.66804 5.24769 3.29114 3.27231 2.17964 2.06688 1.69302 1.48737 1.47455 2.08523 1.28554 1.14153 1.07881 0.998787 0.923989 0.797624 0.797161 0.874914 0.778499 0.874071 0.914941 0.726665 0.674549 0.636806 0.583945
threshold=1.0000000180025095e-35 1.0000000180025095e-35 17.500000000000004 1.0000000180025095e-35 0.019884023590655994 5.5000000000000009 1.0000000180025095e-35 9.1980056239386681 1.0000000180025095e-35 1.0000000180025095e-35 7.3544086179388115 27.500000000000004 3.6951557841279996 7.4260590376104441 15.500000000000002 9.2183881920843636 14.500000000000002 31.500000000000004 9.1868023592010832 6.4269917435482302 4.1821387123638578 1.0000000180025095e-35 21.500000000000004 8.7216694081246562 8.8991585297090143 35.500000000000007 2.5000000000000004 1.8727889504366029 4.766488736963427 1.5000000000000002
decision_type=2 2 2 2 2 2 2 2 2 2 2 2 2 2 2 2 2 2 2 2 2 2 2 2 2 2 2 2 2 2
left_child=1 2 3 4 5 6 7 8 12 15 20 21 -1 -12 -15 28 -6 -13 -18 -11 -10 29 -23 -16 -25 -26 -22 -7 -5 -9
right_child=-2 -3 -4 9 16 27 -8 11 10 19 13 17 -14 14 23 -17 18 -19 -20 -21 26 22 -24 24 25 -27 -28 -29 -30 -31
leaf_value=-0.035687817828450936 0.050688823557042864 -0.045586663094075712 -0.041363918306858843 0.016482054971503759 0.0073816462102712201 -0.0011418323954324034 0.0033914575328779194 -0.029063410918722488 -0.00054045400340040214 0.016482054971503759 -0.00054045400340040214 -0.00054045400340040214 -0.00054045400340040214 -0.00054045400340040214 -0.030487244921383622 0.016482054971503759 0.0033914575328779194 -0.018342408521371971 0.0073816462102712201 0.026428739111272293 -0.037218036472003294 -0.00054045400340040214 -0.031955513624559097 -0.00054045400340040214 -0.037563180897247583 -0.00054045400340040214 -0.00054045400340040214 -0.045696355849033393 0.0073816462102712201 -0.00054045400340040214
leaf_weight=2.2700122419373647 3.8212270697404156 8.2620028176534088 4.0318924342027449 2.0435476050006391 28.531529962167042 1.0145170076284546 94.094319992847886 22.856157651005567 0.5728813329951653 3.1541331101325367 1.338864775581899 3.6194716810296068 183.22266092925565 8.1745506442239293 12.242686820309247 8.5708922222256643 94.471969035133952 7.5113386149077996 17.158421105155867 20.3232653035775 11.304410909324357 3.899154940763764 1.3179465675748359 1.5762479074965074 2.3293713445455073 0.36863374836684659 0.2441408207741923 6.6324500485716271 45.402079865054475 1.7857997582541418
leaf_count=599 257 6697 1803 329 745 71 12543 3985 273 169 290 767 40121 1231 4391 1269 2979 2698 507 1143 3594 727 337 581 519 296 2 604 7388 62
internal_value=0.00256009 0.00216865 0.00291331 0.00328789 0.00173691 -0.000598731 0.000364486 -0.00447237 -0.00205104 0.0130264 -0.0154418 -0.0173199 -0.000540454 -0.0069775 -0.0142186 0.00742702 0.00738165 -0.000552655 0.00339146 0.0255371 -0.0317016 -0.0233499 -0.0045514 -0.0244574 -0.00468039 -0.0253483 -0.0348082 -0.040601 0.00738165 -0.0269971
internal_weight=602.147 598.325 590.063 586.031 506.538 366.376 358.729 264.634 223.644 79.4939 38.1518 40.9899 185.493 26.0304 24.6915 56.0165 140.162 11.1308 111.63 23.4774 12.1214 29.8591 5.2171 16.5169 4.27425 2.69801 11.5486 7.64697 47.4456 24.642
internal_count=96977 96720 90023 88220 77922 73691 73016 60473 51897 10298 11177 8576 40720 7308 7018 8986 4231 3465 3486 1312 3869 5111 1064 5787 1396 815 3596 675 7717 4047
is_linear=0
shrinkage=0.05


Tree=142
num_leaves=31
num_cat=0
split_feature=21 17 16 14 14 12 5 5 5 9 7 9 0 10 5 5 5 5 5 14 9 5 5 14 9 9 14 9 5 14
split_gain=4.54471 8.17325 4.4348 8.02893 5.56339 4.66441 3.33506 5.87422 3.52726 3.20877 3.33419 3.13141 2.6662 2.20761 1.83974 1.60745 1.98477 1.67687 1.58944 2.38536 1.98052 1.62451 2.62376 2.29382 1.93114 3.41618 4.05913 2.58981 2.00024 1.6065
threshold=1.0000000180025095e-35 1.0000000180025095e-35 0.024961059190031155 9.5000000000000018 13.500000000000002 4.5000000000000009 9.1707417265189139 7.9698397002827983 6.8307897201391379 49.500000000000007 1.0000000180025095e-35 8.5000000000000018 -0.81918883441034096 361.48113282308151 5.0165011510177271 8.1165658364029749 5.4920946662844674 8.4107407910519232 9.1980056239386681 14.500000000000002 31.500000000000004 8.6078939075746863 8.3723432244328944 10.500000000000002 30.500000000000004 40.500000000000007 26.500000000000004 20.500000000000004 8.2360076701395872 23.500000000000004
decision_type=2 2 2 2 2 2 2 2 2 2 2 2 2 2 2 2 2 2 2 2 2 2 2 2 2 2 2 2 2 2
left_child=1 2 3 13 -4 9 7 8 14 11 -11 15 -13 -1 -6 16 -5 -17 21 20 -20 22 24 -24 27 26 -26 28 -14 -21
right_child=-2 -3 4 5 6 -7 -8 -9 -10 10 -12 12 18 -15 -16 17 -18 -19 19 29 -22 -23 23 -25 25 -27 -28 -29 -30 -31
leaf_value=0.0043156191820941841 0.050312904993163592 -0.045590871072738674 0.0043156191820941841 0.0043156191820941841 0.025849969988657469 -0.04103092978620701 0.025849969988657469 0.0043156191820941841 0.025849969988657469 -0.045998118156292289 0.0043156191820941841 -0.039388730145196373 -0.009483879982270715 -0.0095603817001044672 0.0043156191820941841 0.0043156191820941841 -0.048356379403852068 -0.022236306928714613 0.0043156191820941841 -0.020369073394583631 -0.020369073394583631 0.0043156191820941841 0.0043156191820941841 -0.020369073394583631 -0.020369073394583631 0.0043156191820941841 0.0043156191820941841 0.0043156191820941841 0.0043156191820941841 0.0015233359983565266
leaf_weight=85.157704170427678 3.7860084585699942 8.1186013398164487 61.760165555511776 1.2014730406735923 3.6075507717869213 8.1929291819578776 16.100710060662095 38.702069589484381 26.832343421550831 8.1121393406938278 4.8189955029756666 3.697822965688828 60.360919055368868 54.933570494780724 12.820135320778716 1.7018010377087174 6.8334334172704985 6.8195610592520097 11.334579637663408 16.181238430915986 2.309783534907182 43.701749117304644 1.4658200161029551 17.605036192264379 18.268292020256929 9.2618041124915162 3.2594455457165159 45.374734051994892 6.5474809841325614 8.2697567941650032
leaf_count=4893 273 6687 969 134 194 1741 642 1664 1258 6939 1371 14024 8321 7907 546 216 799 865 1637 2817 382 8572 214 3247 4539 3079 1507 9098 810 1892
internal_value=0.00178084 0.00138703 0.00211539 -0.000557218 0.00918846 -0.00595727 0.0176998 0.0121434 0.0254598 -0.00477655 -0.0281825 -0.00352899 -0.00207357 0.00431562 0.00431562 -0.0239403 -0.0387442 -0.00737828 -0.00134942 -0.0105917 0.00431562 0.000403966 -0.0023483 -0.0192777 2.64541e-05 -0.0108636 -0.0203691 0.0030822 -0.00559166 -0.0196928
internal_weight=597.138 593.352 585.233 425.41 159.823 285.319 98.0628 81.9621 43.26 277.126 12.9311 264.195 247.638 140.091 16.4277 16.5563 8.03491 8.52136 243.941 38.0954 13.6444 205.845 162.144 19.0709 143.073 30.7895 21.5277 112.283 66.9084 24.451
internal_count=97237 96964 90277 85004 5273 72204 4304 3662 1998 70463 8310 62153 60139 12800 740 2014 933 1081 46115 6728 2019 39387 30815 3461 27354 9125 6046 18229 9131 4709
is_linear=0
shrinkage=0.05


Tree=143
num_leaves=31
num_cat=0
split_feature=21 17 12 15 2 12 14 13 5 12 14 14 11 14 14 3 5 14 1 5 14 5 16 14 14 5 5 5 5 5
split_gain=4.18499 7.68176 3.36845 3.6964 4.13537 3.84934 2.22838 3.35067 3.19147 2.54713 6.68219 4.44333 4.25599 3.90891 3.12317 2.84131 2.41599 2.19564 2.03169 1.88499 1.77298 1.63598 1.73285 1.60848 2.29888 1.73202 2.32947 2.43749 2.01159 1.6972
threshold=1.0000000180025095e-35 1.0000000180025095e-35 17.500000000000004 2.5000000000000004 1.0000000180025095e-35 6.5000000000000009 7.5000000000000009 0.80893542053364687 6.8307897201391379 1.0000000180025095e-35 26.500000000000004 27.500000000000004 1.0000000180025095e-35 8.5000000000000018 9.5000000000000018 1.0000000180025095e-35 4.8193488608967234 11.500000000000002 0.10066980326754184 8.3803913960933709 23.500000000000004 6.9910998712849777 0.038192249720425932 14.500000000000002 23.500000000000004 8.563382745205649 8.1165658364029749 7.3770169429876455 5.1003242759222021 9.2183881920843636
decision_type=2 2 2 2 2 2 2 2 2 2 2 2 2 2 2 2 2 2 2 2 2 2 2 2 2 2 2 2 2 2
left_child=1 2 3 4 -1 6 7 8 16 10 13 12 17 -8 -14 23 -6 -11 -10 -17 -16 22 -7 25 -25 26 27 28 -15 -26
right_child=-2 -3 -4 -5 5 21 9 -9 18 11 -12 -13 14 15 20 19 -18 -19 -20 -21 -22 -23 -24 24 29 -27 -28 -29 -30 -31
leaf_value=-0.032545239599542003 0.05004545600445464 -0.045032303022461591 -0.040201897499769934 0.025798290031852751 0.0084249064702647397 -0.015062639446908405 -0.015062639446908405 0.013847529761842881 -0.006460111717748864 -0.015062639446908405 0.013847529761842881 -0.015062639446908405 0.013847529761842881 -0.015062639446908405 -0.0015069268743850566 0.013847529761842881 -0.015062639446908405 -0.0028421350951262493 0.0084249064702647397 0.0070230897772688003 0.013847529761842881 -0.015062639446908405 0.013847529761842881 0.0070230897772688003 -0.015062639446908405 -0.014654526626657791 0.0070230897772688003 -0.015062639446908405 0.0070230897772688003 0.0070230897772688003
leaf_weight=7.5885950118281462 3.483944480365607 7.7226371675460532 3.6419137368720831 15.242451511636316 2.7903495351783922 1.5546600262168819 12.723679196176816 28.352083592792042 23.099996386445127 8.7492138562083692 23.573644101328682 21.180701078701532 10.776056615635751 4.3727611310314414 71.931575005757622 19.822382505168207 11.735138126299715 43.013252507866127 58.61337806872325 13.798118956969118 8.0424917597556469 14.754642941406926 2.8013484550174326 87.202695968095213 11.953134748153387 28.6648840821872 11.397199924918821 18.285601753537776 19.548787470383104 2.0294885199982664
leaf_count=55165 262 6715 1856 741 113 156 940 215 1435 514 3404 6026 273 288 1836 362 472 2324 1571 261 213 721 28 5090 653 2015 803 1251 1465 104
internal_value=0.00191646 0.00155112 0.00223924 0.00257241 0.00189677 0.00241996 0.00322826 0.0090682 0.00300228 0.00146616 0.00459978 -0.00338269 0.000284658 0.000906588 0.00678965 0.00270664 -0.0150626 -0.0110324 0.00691134 0.0138475 0.00138815 -0.0150626 0.0138475 0.00019865 0.00440106 -0.0049608 0.000396359 -0.00681251 0.00421497 -0.0138041
internal_weight=598.447 594.963 587.24 583.598 568.356 560.767 541.657 124.591 96.2389 417.066 253.372 163.693 142.513 229.799 90.7501 217.075 14.5255 51.7625 81.7134 33.6205 79.9741 19.1107 4.35601 183.455 101.185 82.2692 53.6044 42.2072 23.9215 13.9826
internal_count=97272 97010 90295 88439 87698 32533 31628 3806 3591 27822 16636 11186 5160 13232 2322 12292 585 2838 3006 623 2049 905 184 11669 5847 5822 3807 3004 1753 757
is_linear=0
shrinkage=0.05


Tree=144
num_leaves=31
num_cat=0
split_feature=21 17 16 14 9 4 0 14 12 11 10 15 12 14 14 14 10 14 9 10 5 4 0 12 0 5 15 9 5 14
split_gain=4.07014 7.34047 3.96765 6.94676 2.80328 4.56739 3.33025 2.49378 7.14647 5.54748 5.53907 2.95091 2.54975 3.1281 2.70227 2.94985 5.61557 2.53353 1.58561 1.38936 1.3229 1.21028 1.17621 1.07205 0.963816 0.885964 0.491216 0.428805 0.399576 0.461503
threshold=1.0000000180025095e-35 1.0000000180025095e-35 0.12660256410256412 45.500000000000007 8.5000000000000018 0.79935064935064948 -0.81918883441034096 26.500000000000004 1.5000000000000002 1.0000000180025095e-35 355.18222700609039 2.5000000000000004 1.0000000180025095e-35 23.500000000000004 23.500000000000004 10.500000000000002 395.964146100341 7.5000000000000009 49.500000000000007 391.68521866865399 9.2183881920843636 0.95209409064830763 -0.2111126643002314 3.5000000000000004 2.8253796890422285 4.8193488608967234 3.5000000000000004 27.500000000000004 5.6642285820164675 18.500000000000004
decision_type=2 2 2 2 2 2 2 2 2 2 2 2 2 2 2 2 2 2 2 2 2 2 2 2 2 2 2 2 2 2
left_child=1 2 3 4 5 20 26 9 -9 12 23 -10 14 25 15 16 17 -8 -17 27 28 -18 -4 -11 -20 -14 -6 -16 -1 -30
right_child=-2 -3 22 -5 6 -7 7 8 11 10 -12 -13 13 -15 19 18 21 -19 24 -21 -22 -23 -24 -25 -26 -27 -28 -29 29 -31
leaf_value=-0.0030113841425413626 0.049818254584432814 -0.045080617092969372 0.013286081536157974 -0.040174485249127923 -0.04192314066450014 0.013286081536157974 0.0024640921225908053 0.013286081536157974 -0.017052725842630415 0.013286081536157974 0.0024640921225908053 0.013286081536157974 0.0024640921225908053 0.0024640921225908053 0.0024640921225908053 0.0024640921225908053 -0.017052725842630415 -0.0072943168600198048 -0.017052725842630415 -0.017052725842630415 -0.0030113841425413626 -0.0072943168600198048 0.025457745792630132 0.0078750868293743902 0.0024640921225908053 -0.017052725842630415 -0.017052725842630415 -0.0072943168600198048 -0.037732327347008876 -0.0030113841425413626
leaf_weight=1.3700447796472834 3.3186405420419751 7.4846249411802992 3.801774667459541 9.011652472039712 4.8609253081303896 26.099178857986772 38.507539000074757 36.977937326824758 11.988997954478689 62.927637495748058 49.29449988037959 1.6914603034965683 1.8089640915641201 5.0818182458497168 2.8043956560395573 154.16661886937436 46.254225577453326 13.220273475835709 7.0963091613739362 10.423523589433898 1.5176340022953816 3.0259100471121192 9.2203273658524232 31.955449471759493 1.2829895914328515 42.922382176155224 0.37294030212797213 1.6865853948038418 5.9860163773610111 1.1757160351462514
leaf_count=82 265 6724 61 13230 10817 2010 1982 7727 1447 2034 3855 44 272 1069 394 22657 6221 2156 2573 1913 165 375 425 556 19 6864 3 585 595 143
internal_value=0.00145073 0.00109724 0.00176223 0.00111442 0.00184343 0.0132861 0.000898657 0.00132909 0.0117594 0.000188246 0.00833026 -0.0170527 -0.00340207 -0.0137039 -0.00151682 -0.000271577 -0.00711523 0.00246409 0.00246409 -0.0170527 -0.0193088 -0.0170527 0.0254577 0.0132861 -0.0170527 -0.0170527 -0.0354345 0.00246409 -0.0286203 -0.0328344
internal_weight=597.337 594.018 586.534 573.512 564.5 36.1486 528.351 523.118 50.6584 472.459 144.178 13.6805 328.282 49.8132 278.468 263.554 101.008 51.7278 162.546 14.9145 10.0494 49.2801 13.0221 94.8831 8.3793 44.7313 5.23387 4.49098 8.53178 7.16173
internal_count=97263 96998 90274 89788 76558 2995 73563 62743 9218 53525 6445 1491 47080 8205 38875 35983 10734 4138 25249 2892 985 6596 486 2590 2592 7136 10820 979 820 738
is_linear=0
shrinkage=0.05


Tree=145
num_leaves=31
num_cat=0
split_feature=12 21 17 8 1 5 9 9 14 14 15 9 11 5 14 15 5 5 5 5 4 14 1 15 14 9 5 1 5 5
split_gain=3.62267 3.41839 7.1893 3.0324 8.1946 3.01527 6.51443 4.20531 4.14257 2.84111 2.56632 4.02546 2.54303 2.53273 2.17617 2.33448 1.79334 2.51141 1.78202 4.63163 2.75938 4.10932 1.90189 1.66232 1.61609 1.59336 1.43272 1.81378 1.69772 1.42656
threshold=17.500000000000004 1.0000000180025095e-35 1.0000000180025095e-35 1.0000000180025095e-35 0.61808954601985977 7.4659323263886312 29.500000000000004 21.500000000000004 18.500000000000004 24.500000000000004 1.0000000180025095e-35 18.500000000000004 8.5000000000000018 7.2862315880373218 35.500000000000007 2.5000000000000004 7.9051397595919681 8.7120469130838067 8.9089007820488906 9.1868023592010832 0.72554997608799632 12.500000000000002 0.028133317468153844 3.5000000000000004 1.5000000000000002 35.500000000000007 6.1221109329016938 0.81553436000826585 5.8233965048167171 7.2862315880373218
decision_type=2 2 2 2 2 2 2 2 2 2 2 2 2 2 2 2 2 2 2 2 2 2 2 2 2 2 2 2 2 2
left_child=1 2 3 5 -5 6 7 9 12 10 11 29 26 -10 18 -16 -6 -18 -7 20 -20 -22 -21 -11 -13 -23 28 -28 -8 -1
right_child=-2 -3 -4 4 16 14 8 -9 13 23 -12 24 -14 -15 15 -17 17 -19 19 22 21 25 -24 -25 -26 -27 27 -29 -30 -31
leaf_value=-0.0029437531558120927 -0.040694530622009305 0.049308702464372661 -0.044539025112308082 0.0050820049922017481 0.026074010033444946 0.0050820049922017481 -0.04576491255012588 0.0050820049922017481 0.0050820049922017481 -0.041708227312094961 0.0050820049922017481 -0.0029437531558120927 0.0050820049922017481 -0.040687922599990357 -0.03255853506274433 0.0050820049922017481 0.013997444923579315 0.026074010033444946 -0.044970011607205873 -0.027499795620815417 0.0050820049922017481 -0.026970824878945889 0.0050820049922017481 0.0050820049922017481 -0.044409069050475369 0.0050820049922017481 -0.059514847991113465 -0.018092695539418696 -0.018092695539418696 -0.025859950864509873
leaf_weight=27.092181555002753 3.7517278041377713 2.9889399762469102 6.9050547252991228 99.957603880291572 30.151195482190815 182.26603298501504 4.9762595176744133 30.078574823124654 10.107016495896458 7.363931814892565 14.327565165269332 0.78082171268761058 0.62603658047737454 2.2604034191081146 7.215010741756485 2.9281253513181582 19.420935409412778 22.423821160526131 6.4097766170398272 3.5257278170502095 9.144353342195247 10.605933772243587 58.450140182772884 0.90330760134384025 8.844739836333245 1.8180212013521657 10.671608735045082 3.1051293825948951 1.2036760522078109 5.8381057270398733
leaf_count=4185 1906 252 6621 14480 701 26645 1065 5267 4700 2165 265 5 25 945 8660 229 460 479 1230 1387 1109 1465 7381 43 1554 517 2284 212 260 881
internal_value=0.00281283 0.00315648 0.00283932 0.00347632 0.00903019 0.00113382 -0.00520048 0.00148856 -0.0240069 -0.00826356 -0.00400589 -0.0109695 -0.0372286 -0.000863512 0.0040175 -0.0176873 0.0229129 0.0143465 0.00488802 -0.00194497 -0.0184861 -0.00897164 0.005082 -0.0339654 -0.0377571 -0.0269708 -0.0412674 -0.0501275 -0.0180927 -0.00294375
internal_weight=596.142 592.39 589.401 582.496 171.954 410.542 128.179 95.2292 32.9501 65.1507 56.8834 42.5558 20.5827 12.3674 282.363 10.1431 71.996 41.8448 272.22 89.954 27.9781 21.5683 61.9759 8.26724 9.62556 12.424 19.9567 13.7767 6.17994 32.9303
internal_count=97378 95472 95220 88599 16120 72479 23856 14365 9491 9098 6890 6625 3846 5645 48623 8889 1640 939 39734 13089 4321 3091 8768 2208 1559 1982 3821 2496 1325 5066
is_linear=0
shrinkage=0.05


Tree=146
num_leaves=31
num_cat=0
split_feature=7 12 5 7 4 0 0 5 5 12 16 14 13 9 16 9 5 5 0 16 9 16 4 9 5 1 5 14 9 14
split_gain=4.70845 4.27273 4.20193 4.72602 3.86634 2.99993 2.69719 2.28754 2.19462 2.42751 4.54098 2.98278 3.76416 2.16314 3.01258 2.33178 4.40962 2.09114 1.92974 1.78204 1.67679 1.85269 1.71828 1.4985 4.03935 1.57017 1.47115 1.30495 1.58246 1.79894
threshold=1.5000000000000002 16.500000000000004 6.858432694097508 1.0000000180025095e-35 0.90960163432073549 2.0064462875111029 -1.0423631426309203 7.8683426818990627 7.0274084446110585 4.5000000000000009 0.091750841750841763 21.500000000000004 0.77751404494382037 12.500000000000002 0.041600106496272639 20.500000000000004 7.3200360497405788 8.3514090506481669 -0.20125956758308861 0.020236145236145243 44.500000000000007 0.099019607843137278 0.67873525557011805 35.500000000000007 7.9051397595919681 0.048284186986213458 7.6967955035914128 6.5000000000000009 15.500000000000002 18.500000000000004
decision_type=2 2 2 2 2 2 2 2 2 2 2 2 2 2 2 2 2 2 2 2 2 2 2 2 2 2 2 2 2 2
left_child=1 2 3 20 5 -2 -4 -6 -8 11 -11 12 13 14 26 -15 -17 -9 19 -13 22 -22 -1 24 -18 -25 -10 -24 29 -29
right_child=4 -3 6 -5 7 -7 8 17 9 10 -12 18 -14 15 -16 16 23 -19 -20 -21 21 -23 27 25 -26 -27 -28 28 -30 -31
leaf_value=-0.036680692982555274 0.010027345219972911 -0.04432673217596083 -0.037616743704988923 0.0091558478351102049 0.033135164350105641 0.033135164350105641 0.010027345219972911 0.115396333491986 -0.0054314653136412934 -0.016865462545765372 0.010027345219972911 -0.016865462545765372 0.010027345219972911 0.0045840104990350341 0.0045840104990350341 -0.016865462545765372 0.0045840104990350341 0.033135164350105641 0.010027345219972911 -0.0015307782234387545 -0.053738205427204512 -0.0031798681149139761 -0.023132291927586358 -0.016865462545765372 -0.011096781175270909 0.0045840104990350341 -0.016865462545765372 -0.023132291927586358 -0.0031798681149139761 -0.0031798681149139761
leaf_weight=5.8297773389604108 26.763816636062984 4.1170638003459308 2.9561248859554317 26.911779354941245 1.8392630484431709 6.8939151560261953 15.887268653492354 1.3811790815561837 10.359798457386203 24.856156770632882 4.0314638650161205 7.2788081450998998 54.073126381776092 89.764806101838985 10.928584500012219 13.087098864956713 17.415356913326832 2.2446998856758 69.173051832305646 2.1549376219736587 4.1348389139457131 0.37187736318446685 10.582033332773788 4.7695089449989601 63.382495096437196 30.248676496988992 35.943773188517298 9.866638878684169 28.842739906702263 4.29586070712321
leaf_count=1787 1268 1900 11308 3079 99 119 2147 36 1060 984 213 7480 1475 10848 200 2381 2695 95 11175 470 2288 7 871 1759 10209 5178 4333 1901 8828 904
internal_value=0.00236126 0.00115548 0.00157795 -0.00818609 0.0188992 0.0116997 0.00353528 0.0545707 0.00388582 0.00282822 -0.0109439 0.00382629 0.00163568 -0.000859324 -0.00942462 0.00141518 -0.00329111 0.0791329 0.0100273 -0.0130889 -0.0155156 -0.0424301 -0.0128056 0.000504409 -0.00377207 0.00458401 -0.0154469 -0.00958389 -0.00541235 -0.0197945
internal_weight=590.387 551.264 547.147 90.8355 39.1229 33.6577 456.311 5.46514 453.355 437.468 28.8876 408.58 329.973 275.9 57.2322 218.668 128.903 3.62588 78.6068 9.43375 63.9238 4.50672 59.4171 115.816 80.7979 35.0182 46.3036 53.5873 43.0052 14.1625
internal_count=97097 95480 93580 19665 1617 1387 73915 230 62607 60460 1197 59263 40138 38663 5593 33070 22222 131 19125 7950 16586 2295 14291 19841 12904 6937 5393 12504 11633 2805
is_linear=0
shrinkage=0.05


Tree=147
num_leaves=31
num_cat=0
split_feature=21 17 14 0 16 14 12 14 16 4 1 11 14 12 9 9 9 0 1 9 9 1 4 4 0 3 9 9 0 0
split_gain=3.75321 6.43757 3.36555 5.892 4.39758 5.06801 6.76828 4.92436 4.41076 3.78859 3.29914 3.62235 3.07667 2.97117 2.77303 2.75677 2.85388 1.96272 1.7819 1.40557 1.32932 1.30831 1.29249 1.15438 1.08018 0.884889 0.836547 0.703141 0.676454 0.642656
threshold=1.0000000180025095e-35 1.0000000180025095e-35 7.5000000000000009 1.218183811820982 0.019884023590655994 18.500000000000004 1.0000000180025095e-35 30.500000000000004 0.084219858156028379 0.93957648776925906 0.025118921069207979 1.0000000180025095e-35 1.5000000000000002 8.5000000000000018 13.500000000000002 49.500000000000007 60.500000000000007 -0.33776021202191248 0.24917126667081799 22.500000000000004 17.500000000000004 0.96769636680960047 0.90960163432073549 0.70389266817838259 -0.41974600562278741 1.0000000180025095e-35 33.500000000000007 6.5000000000000009 2.6425224776270224 -0.019034966202970165
decision_type=2 2 2 2 2 2 2 2 2 2 2 2 2 2 2 2 2 2 2 2 2 2 2 2 2 2 2 2 2 2
left_child=1 2 3 10 7 21 -7 13 -8 25 29 12 -12 14 -4 17 28 19 -5 20 -16 -6 27 -18 -21 -9 -23 -14 -17 -1
right_child=-2 -3 4 18 5 6 8 9 -10 -11 11 -13 22 -15 15 16 23 -19 -20 24 -22 26 -24 -25 -26 -27 -28 -29 -30 -31
leaf_value=-0.040703434493242187 0.049382141734524862 -0.044290549793085839 -0.010321341391206324 0.01394087514049764 0.0018768840333385746 0.025370760814972831 0.0018768840333385746 -0.040753134093646892 0.025370760814972831 0.0018768840333385746 0.0051265490543738182 0.01394087514049764 -0.0040932989267525683 -0.040883065753398493 -0.038327394189822638 -0.04511538666052025 -0.032022727476365961 0.0018768840333385746 0.025370760814972831 -0.04224424133163706 -0.0074339944289285326 0.011429212568791848 0.0051265490543738182 0.0018768840333385746 -0.0074339944289285326 -0.017217818690734243 0.025370760814972831 -0.013313146907878954 0.0016121001826219011 -0.013313146907878954
leaf_weight=4.3360391054866341 3.0983213053696081 6.6243392808537456 62.135410731816592 5.5630005428902214 76.122352674537979 22.337697146063874 28.570687953042579 15.573183794296714 6.9968315686273845 2.3367092569224033 14.331467585565404 35.182106527841825 1.6300972445169488 3.7636303882463826 3.1629495896613644 6.1343835322495561 1.5822410981709252 197.94533422467794 27.86414953507483 5.28383705804481 3.5715704935355461 7.652408323803682 5.6710804734066178 4.2719597286268254 1.8567865727964088 1.7242753013324552 1.9956061879929619 29.186980636639419 0.79311252909246821 1.2346949768616458
leaf_count=802 268 6680 7967 318 1359 1254 2969 15581 400 1341 119 622 82 390 2316 2994 931 30774 1362 7856 3059 192 570 1923 975 704 46 3311 23 89
internal_value=0.00169553 0.00135938 0.00195732 0.00918681 -4.98249e-05 0.00715242 0.0187146 -0.00339866 0.00188255 -0.0270036 0.00251099 0.00506525 -0.00368778 -0.0017161 -0.00106171 0.00153433 -0.0205341 0.00187688 0.0253708 -0.0167449 -0.00743399 0.00187688 -0.0125729 0.00187688 -0.0318645 -0.0363125 0.0209815 -0.0133131 -0.0402371 -0.0316915
internal_weight=588.533 585.435 578.811 125 453.811 143.676 57.9052 310.135 35.5675 19.6342 91.5725 86.0017 50.8196 290.501 286.738 224.602 12.7817 211.82 33.4272 13.8751 6.73452 85.7704 36.4882 5.8542 7.14062 17.2975 9.64801 30.8171 6.9275 5.57073
internal_count=97277 97009 90329 7275 83054 6220 4623 76834 3369 17626 5595 4704 4082 59208 58818 50851 5871 44980 1680 14206 5375 1597 3963 2854 8831 16285 238 3393 3017 891
is_linear=0
shrinkage=0.05


Tree=148
num_leaves=31
num_cat=0
split_feature=5 9 5 4 5 7 5 14 3 10 5 14 14 14 9 4 13 14 9 14 5 4 3 0 5 4 14 0 14 0
split_gain=4.43745 5.02138 6.53242 7.3054 4.93149 4.27083 3.90447 3.80785 6.67658 4.03409 3.44774 3.44355 3.31507 3.21795 3.1367 3.98235 3.10326 2.91645 2.58949 2.56862 2.526 3.00106 2.75859 3.70103 2.60699 9.13412 3.53803 2.91915 3.09195 2.89358
threshold=8.2360076701395872 11.500000000000002 8.9993076393844991 0.7632583366813982 8.3647054306170894 1.0000000180025095e-35 8.0004977583217975 12.500000000000002 1.0000000180025095e-35 11.897686954472244 8.3371530653228429 8.5000000000000018 11.500000000000002 19.500000000000004 35.500000000000007 0.74431524547803629 0.88619945962701785 19.500000000000004 10.500000000000002 29.500000000000004 6.858432694097508 0.67451088962716887 1.0000000180025095e-35 1.4550864811895432 7.0274084446110585 0.83409785932721725 21.500000000000004 0.60449246091964282 17.500000000000004 -0.028967250590607462
decision_type=2 2 2 2 2 2 2 2 2 2 2 2 2 2 2 2 2 2 2 2 2 2 2 2 2 2 2 2 2 2
left_child=6 2 3 -2 7 -5 20 9 13 -3 -10 -11 -8 -9 -6 17 -4 -16 -7 -14 21 -1 -23 -24 25 27 29 -22 -29 -27
right_child=1 4 16 5 14 18 12 8 10 11 -12 -13 19 -15 15 -17 -18 -19 -20 -21 24 22 23 -25 -26 26 -28 28 -30 -31
leaf_value=-0.032676099991406554 -0.015146448124912035 0.0817075711877637 -0.008279735912620368 0.032023856192335026 -0.0022362791575621806 0.058980968781419466 0.00117335750429499 -0.026584780928504956 0.033741039990110404 -0.018140927162524273 0.12676078199555971 0.043542332208786227 -0.03570847370299722 0.017798784102709322 0.010049485088609852 0.026569446251084886 0.046701526303166853 -0.032454470966751643 0.13856971873197965 0.0094223599079159698 -0.032557824167141002 -0.0076830886537374828 0.0039755453716145946 0.047777986807647652 0.0011799154386760737 0.026967537875777603 0.026967537875777603 -0.0083719657845036672 0.026967537875777603 0.096991771654075826
leaf_weight=9.0436251008504751 4.5168506479858506 3.6064439262809191 16.498556562351954 12.711235995917379 167.86070099048084 4.5132989211670056 14.742560235514246 8.0381358549166197 1.3317305730688525 3.1474663118860917 0.70560679787013203 4.3948652718572703 19.253824253450151 6.5248302626860086 9.0453838238809094 22.231476790227134 2.0075473302167657 5.4294399888249236 1.3596626441376427 3.3020805534142701 5.1275490969746915 73.696135431820949 9.4006127623415505 4.9157254744422962 161.21602753272236 1.0378338093833006 1.1759534513475953 3.8470626214111689 1.6211387742114309 4.5560293947783057
leaf_count=2466 553 115 1863 1416 24586 228 1392 1051 201 369 98 582 3379 1836 1625 5135 136 2524 64 1550 1275 16102 847 959 25460 255 369 245 150 348
internal_value=0.00168104 0.00631693 0.0221031 0.0392587 0.00340706 0.0525799 -0.00238411 0.0227981 0.00678263 0.0441236 0.0743152 0.0186912 -0.0173434 -0.00683315 0.000678603 0.0137144 -0.000226923 -0.00647048 0.0859381 -0.028982 -0.000304488 -0.00675761 -0.00375721 0.0156342 0.00322078 0.0210716 0.0623185 -0.00838344 0.0158139 0.081044
internal_weight=586.859 273.923 41.6072 23.101 232.316 18.5842 312.936 27.7491 16.6003 11.1488 2.03734 7.54233 37.2985 14.563 204.567 36.7063 18.5061 14.4748 5.87296 22.5559 275.638 97.0561 88.0125 14.3163 178.582 17.3656 6.76982 10.5958 5.4682 5.59386
internal_count=97179 42382 4260 2261 38122 1708 54797 4252 3186 1066 299 951 6321 2887 33870 9284 1999 4149 292 4929 48476 20374 17908 1806 28102 2642 972 1670 395 603
is_linear=0
shrinkage=0.05


Tree=149
num_leaves=31
num_cat=0
split_feature=12 15 14 8 9 5 0 14 12 16 4 13 11 12 5 14 7 13 16 13 13 9 5 5 7 7 9 14 4 14
split_gain=4.32804 3.38688 4.00325 4.39813 2.67545 2.87032 4.63953 3.49827 6.4324 3.8024 3.29561 3.87795 3.95011 2.81895 3.21839 2.63524 2.42091 2.20972 2.049 3.24109 1.96095 1.88369 1.87871 2.46067 1.838 1.79565 1.65122 1.61655 1.37326 1.22366
threshold=15.500000000000002 3.5000000000000004 35.500000000000007 1.0000000180025095e-35 8.5000000000000018 9.2082807187888704 -0.12548748025071962 26.500000000000004 1.5000000000000002 0.080540540540540564 0.66559139784946253 0.79504312598013605 1.0000000180025095e-35 1.0000000180025095e-35 8.6478545464965979 20.500000000000004 1.0000000180025095e-35 0.73000766822832419 0.028513356562137052 0.34667013167013172 0.86900417045507916 12.500000000000002 8.8663893085338419 9.1512976091682621 1.0000000180025095e-35 1.0000000180025095e-35 31.500000000000004 23.500000000000004 0.88208556149732631 18.500000000000004
decision_type=2 2 2 2 2 2 2 2 2 2 2 2 2 2 2 2 2 2 2 2 2 2 2 2 2 2 2 2 2 2
left_child=1 2 4 -4 15 7 17 10 -9 -10 16 13 -13 14 21 22 29 -7 19 -8 -17 24 -1 -24 -12 -16 -14 -23 -5 -6
right_child=-2 -3 3 28 5 6 18 8 9 -11 11 12 26 -15 25 20 -18 -19 -20 -21 -22 27 23 -25 -26 -27 -28 -29 -30 -31
leaf_value=0.017241248167425002 -0.043771763167554351 0.033668383417344509 -0.037994385337676365 -0.010376568585125681 -0.03640200795434434 -0.036868155524380407 -0.0035476636638812585 0.017241248167425002 -0.042579610138110284 0.017241248167425002 -0.0089062086996706986 0.0035238671112391971 0.017241248167425002 -0.0089062086996706986 -0.0089062086996706986 -0.038826776013603459 -0.0089062086996706986 -0.0038974003729252654 0.017241248167425002 0.011870585988758637 0.017241248167425002 0.0035238671112391971 -0.039791407434497106 0.011822749525187104 0.0035238671112391971 0.0035238671112391971 0.0103825576393321 -0.0089062086996706986 0.017241248167425002 -0.018655194982910198
leaf_weight=23.735807702354577 4.3847620376072873 6.9535994910329455 11.558918960189656 2.1111998058304375 16.471425592349991 7.1909977527429856 40.146146850765945 27.691883994455566 6.4192986755260781 0.76591885439120222 16.512681609765426 9.5248622608141869 42.244976194031551 85.550834635847423 28.363327189923439 2.934594253794784 12.927673145866718 2.3213766131393641 15.987375410957609 12.165546975160394 1.1056820118974426 154.99805188368737 2.5013747561970359 5.8938381765165104 7.429696257262548 12.747363352507817 12.4843383161824 10.200188465409154 1.3413979994638792 4.5759278675486703
leaf_count=2143 2058 496 13392 1905 3586 3739 5081 6589 823 14 2460 755 745 12182 5730 255 1170 170 316 716 28 25851 223 505 529 1154 265 2180 501 1633
internal_value=0.000852832 0.00126153 0.000814113 -0.0238417 0.00151276 0.000596683 0.00939795 -0.00094638 0.0140355 -0.0279915 -0.0022392 -0.000885193 0.0102169 -0.00316919 -0.000193713 0.0144776 -0.0169272 -0.0217879 0.0139931 0.00649992 -0.0204734 0.00271501 0.0172412 -0.00615425 -0.00890621 -0.00890621 0.0172412 0.00352387 0.0172412 -0.0284042
internal_weight=589.241 584.856 577.903 15.0115 562.891 526.72 77.8114 448.908 34.8771 7.18522 414.031 380.056 64.2542 315.802 230.251 36.1713 33.975 9.51237 68.2991 52.3117 4.04028 189.141 32.131 8.39521 23.9424 41.1107 54.7293 165.198 3.4526 21.0474
internal_count=97194 95136 94640 15798 78842 75688 10022 65666 7426 837 58240 51851 1765 50086 37904 3154 6389 3909 6113 5797 283 31020 2871 728 2989 6884 1010 28031 2406 5219
is_linear=0
shrinkage=0.05


Tree=150
num_leaves=31
num_cat=0
split_feature=16 9 0 5 5 7 9 9 13 9 13 15 9 9 5 5 5 9 5 9 9 1 9 13 1 3 0 5 5 5
split_gain=3.37442 3.44067 3.46498 2.13349 3.62372 3.03306 1.95394 1.92249 2.21055 1.77431 2.45168 1.68573 1.3712 2.42826 1.3802 3.39171 2.17032 3.2592 2.75763 2.63493 2.87452 1.65878 1.37657 1.35459 1.31258 1.73775 1.2388 1.20725 1.1191 2.58112
threshold=0.12660256410256412 66.500000000000014 -0.94672432806948492 9.1707417265189139 9.0134975601397489 1.5000000000000002 8.5000000000000018 87.500000000000014 1.0011954102920726 7.5000000000000009 0.91554740317798944 3.5000000000000004 48.500000000000007 60.500000000000007 7.7173127874535714 7.3089978738131878 8.5148622581873923 14.500000000000002 8.6478545464965979 13.500000000000002 39.500000000000007 0.54901866278369138 10.500000000000002 0.1282804232804233 0.924325689000557 1.0000000180025095e-35 -0.65393207174173895 8.4462683677604886 8.2360076701395872 8.1317869045226381
decision_type=2 2 2 2 2 2 2 2 2 2 2 2 2 2 2 2 2 2 2 2 2 2 2 2 2 2 2 2 2 2
left_child=1 2 -1 4 5 6 -4 8 -3 10 -5 -2 14 -14 15 22 17 -16 -18 -20 21 -21 -8 -23 25 -24 -11 28 29 -19
right_child=11 7 3 9 -6 -7 12 -9 -10 26 -12 -13 13 -15 16 -17 18 27 19 20 -22 23 24 -25 -26 -27 -28 -29 -30 -31
leaf_value=-0.038170831719718454 0.012850056413837388 -0.051049148946592474 0.0063782607989888345 -0.018378355499088832 -0.018378355499088832 0.012850056413837388 -0.018378355499088832 0.0076226680695036693 0.012850056413837388 -0.018378355499088832 0.012850056413837388 0.047021880168631826 -0.018378355499088832 0.0063782607989888345 -0.018378355499088832 0.0063782607989888345 0.0063782607989888345 -0.00023239157090641029 0.0063782607989888345 -0.018378355499088832 0.0063782607989888345 -0.0086129154210376358 -0.0080697171572179389 0.0063782607989888345 0.0063782607989888345 0.0011682373746724037 0.010936971151958921 -0.018378355499088832 0.0057678329962959317 -0.018378355499088832
leaf_weight=4.5839704799427627 8.6304933248611615 5.7173298447196412 24.874310629549655 3.1134382922864456 22.498409900234037 30.279788599773383 6.3066218251078672 2.2724435456784704 0.4366480348198819 1.2279293989377027 0.82680307152622834 4.6017057736389679 12.680798350056646 2.5620355523478784 28.210512269426545 47.720313060186527 22.204585089561078 51.106542253046428 9.9882453816790058 25.432894001403838 4.4658084939601386 7.65651401926152 81.496087977002389 3.1631645677553024 19.629968215205736 16.768340181170061 84.280519235388056 8.245549099005073 35.661944787359971 8.5131826886954496
leaf_count=16406 163 2338 2181 304 3196 1051 804 1022 96 1233 17 402 3859 1048 2642 6160 2737 7770 964 4865 832 638 16481 162 1531 1850 9722 1007 4671 1164
internal_value=0.00112507 0.000525691 0.00102505 0.00141412 5.92598e-05 0.00106376 -9.35348e-05 -0.0294343 -0.0422709 0.00844575 -0.0183784 0.0251744 -0.00117657 -0.0154012 -0.000561524 0.00273246 -0.00332856 -0.00713995 0.00356137 -0.00568241 -0.0120381 -0.0175763 -0.00291734 0.00115252 -0.00154063 -0.00404179 0.0100379 -0.00283579 -0.00114135 -0.00530109
internal_weight=585.157 571.925 563.498 558.914 469.466 446.967 416.687 8.42642 6.15398 89.4487 3.94024 13.2322 391.813 15.2428 376.57 171.921 204.649 131.738 72.9112 50.7066 40.7184 36.2526 124.201 10.8197 117.894 98.2644 85.5084 103.527 95.2817 59.6197
internal_count=97316 96751 93295 76889 65613 62417 61366 3456 2434 11276 321 565 59185 4907 54278 26826 27452 17254 10198 7461 6497 5665 20666 800 19862 18331 10955 14612 13605 8934
is_linear=0
shrinkage=0.05


Tree=151
num_leaves=31
num_cat=0
split_feature=7 8 5 5 0 9 5 3 5 4 5 5 4 0 13 16 9 9 9 5 9 5 5 5 9 1 10 19 9 9
split_gain=4.03631 5.87634 3.79703 3.11824 5.36956 2.52551 2.16235 3.13914 2.42791 1.96219 1.85965 7.09612 2.38908 1.94388 1.70234 1.63223 1.55127 1.48429 3.97166 2.87893 2.1058 1.76752 1.43796 1.42691 1.31253 1.13339 1.1166 1.11155 0.958997 1.90474
threshold=1.0000000180025095e-35 1.0000000180025095e-35 6.07358232863605 5.1826093221586591 -0.20125956758308861 72.500000000000014 7.9774587690879679 1.0000000180025095e-35 4.7120821938271709 0.88944444444444459 8.4031360178810086 8.5148622581873923 0.62981481481481494 -0.69051970220388947 0.51053741949811249 0.090097402597402607 51.500000000000007 21.500000000000004 30.500000000000004 5.7213653196100642 13.500000000000002 7.4022358208472392 6.6992094480138435 6.9533604670244555 32.500000000000007 0.037079152900470466 230.06309921481792 1.0000000180025095e-35 25.500000000000004 19.500000000000004
decision_type=2 2 2 2 2 2 2 2 2 2 2 2 2 2 2 2 2 2 2 2 2 2 2 2 2 2 2 2 2 2
left_child=2 9 3 4 -1 10 8 -8 -3 -2 12 15 14 -13 -4 -12 25 19 22 -10 -21 23 -19 -20 -9 26 -15 -6 29 -5
right_child=1 6 5 28 27 -7 7 24 17 -11 11 13 -14 16 -16 -17 -18 18 21 20 -22 -23 -24 -25 -26 -27 -28 -29 -30 -31
leaf_value=-0.05773158743462118 0.0039094765254502435 0.012420174960566265 -0.044206427848002057 -0.029505219218983671 0.0039094765254502435 -0.034819520582061503 0.012420174960566265 0.069699039890003228 0.068406930115409534 0.012420174960566265 -0.037190679597699033 -0.033750712688438121 0.0039094765254502435 -0.0043026573943255762 -0.010885071089130227 0.0039094765254502435 -0.015797610578379476 0.018381822828391809 0.012420174960566265 0.040038510845435894 0.012420174960566265 0.012420174960566265 0.090716124277477536 0.071604838316774805 0.031442573591327065 0.0039094765254502435 -0.015797610578379476 -0.02691105545458547 -0.042554739163781899 0.0039094765254502435
leaf_weight=2.6759154862274981 104.97932216057234 2.2819376331081029 4.3389894796782746 8.3706945124231442 15.634966681620426 3.8119193746988449 28.429170856967175 3.2888294884833149 2.060279577357508 26.231068001796302 15.128845817640464 2.8770257393471175 187.64262415232952 3.8051112047178304 1.7591108254564458 0.62960622104583386 3.4941292677904121 1.4895862019602626 2.3178395948252732 6.1155192489968595 7.7568242368415667 2.2329589554847189 4.1555837972791778 1.4135431597005661 1.2576216731467864 122.86909678809752 5.9917641117572202 1.7750836789091415 7.5498543216363023 3.1051281454219852
leaf_count=3347 11276 154 1780 1307 2202 1688 1375 110 79 2582 2692 6652 35024 669 361 16 1255 96 198 176 280 189 205 114 39 15878 1899 1932 2201 792
internal_value=0.00243418 0.00831124 -0.000492285 -0.0150696 -0.00109405 0.0011639 0.0209309 0.0124202 0.0305944 0.00390948 0.00165594 -0.0025196 0.00390948 0.0011768 -0.0256796 -0.0332571 0.00215549 0.0363946 0.050224 0.0239467 0.013188 0.0172079 0.0772678 0.0440473 0.050465 0.00321871 -0.0125148 0.00390948 -0.0290325 -0.0174384
internal_weight=585.47 194.01 391.46 39.1116 20.086 352.348 62.7997 32.9756 29.8241 131.21 348.536 154.796 193.741 139.037 6.0981 15.7585 136.16 27.5421 11.6095 15.9326 13.8723 5.96434 5.64517 3.73138 4.54645 132.666 9.79688 17.4101 19.0257 11.4758
internal_count=96568 16873 79695 11781 7481 67914 3015 1524 1491 13858 66226 29061 37165 26353 2141 2708 19701 1337 802 535 456 501 301 312 149 18446 2568 4134 4300 2099
is_linear=0
shrinkage=0.05


Tree=152
num_leaves=31
num_cat=0
split_feature=4 9 12 0 14 0 14 5 5 5 9 9 14 14 9 15 9 5 4 12 14 12 5 14 0 14 14 5 5 5
split_gain=3.15381 3.89834 4.53169 3.59533 2.69488 2.87443 4.16001 2.55656 2.29373 4.77915 3.0344 4.57092 2.38582 3.41291 2.54203 2.24902 2.23379 3.79724 2.9517 1.76855 2.48673 2.51624 1.64245 2.65224 1.61111 1.59057 4.91932 1.56794 4.47633 1.52092
threshold=0.9678709677419356 16.500000000000004 6.5000000000000009 2.2207924315139373 1.0000000180025095e-35 -0.33776021202191248 10.500000000000002 9.1980056239386681 9.2082807187888704 8.6559448806043715 29.500000000000004 20.500000000000004 9.5000000000000018 21.500000000000004 40.500000000000007 3.5000000000000004 38.500000000000007 7.3887150439786611 0.9235637779941579 1.5000000000000002 10.500000000000002 1.0000000180025095e-35 3.5218722167826155 14.500000000000002 -0.69051970220388947 16.500000000000004 19.500000000000004 7.7708049083537345 8.1317869045226381 9.2183881920843636
decision_type=2 2 2 2 2 2 2 2 2 2 2 2 2 2 2 2 2 2 2 2 2 2 2 2 2 2 2 2 2 2
left_child=1 2 7 29 -3 6 -6 22 9 10 11 27 -10 14 -14 -4 -12 -18 -19 20 21 -9 23 -1 -24 -13 -27 -7 -29 -2
right_child=3 4 15 -5 5 8 -8 19 12 -11 16 25 13 -15 -16 -17 17 18 -20 -21 -22 -23 24 -25 -26 26 -28 28 -30 -31
leaf_value=-0.056743419193984047 0.01454954066931444 0.01454954066931444 -0.04243001284352417 0.074761784462652567 -0.045686158151354982 -0.0090548318561156065 -0.0090548318561156065 -0.041764030712605954 0.01454954066931444 -0.0090548318561156065 -0.0090548318561156065 0.01454954066931444 -0.0090548318561156065 0.01454954066931444 0.01454954066931444 0.01454954066931444 0.01454954066931444 -0.0090548318561156065 0.01454954066931444 0.01454954066931444 0.0031422477473034196 0.0076152284293480718 -0.018717336310298684 0.01454954066931444 0.012915958753865808 -0.0090548318561156065 0.01454954066931444 0.01454954066931444 -0.0090548318561156065 0.044655662565983502
leaf_weight=1.3145529212160902 8.27632777680628 10.272285434301009 5.5659787381482593 2.0934446663995905 8.2606239197266422 32.751257464180526 18.49216607834569 7.308327962649857 10.78618111252217 52.676621966391394 46.008601091780292 50.683611977445253 21.746876014607555 12.552465173914241 3.551155398174159 1.1577226472290929 18.012263488835742 22.336868983351454 2.7081880179102873 5.4418141617879874 16.314010674497695 3.3469925369427074 3.2857294406776409 1.0262352644331256 155.77752500161841 12.778092899134206 26.040531622213166 10.243009922087369 15.674169369260197 1.1386689616083465
leaf_count=247 1869 68 497 126 3218 3246 24122 874 738 6974 6804 5216 2419 2091 559 183 4141 4242 400 376 2062 183 4973 192 13671 1390 3812 915 1302 189
internal_value=0.00239898 0.00185635 0.00746654 0.0272427 -0.00115109 -0.0019548 -0.0174251 0.0089225 -0.000684591 -0.00237765 0.00118911 0.00556008 0.00925198 0.000591385 -0.00905483 -0.0302238 -0.00606347 0.00306575 -0.00905483 -0.00379672 -0.00927734 -0.0269307 0.0114843 -0.0238336 0.0121497 0.0126156 0.00388745 -0.00523464 0.00439966 0.0145495
internal_weight=587.622 576.114 200.539 11.5084 375.575 365.303 26.7528 193.815 338.55 289.913 237.237 148.171 48.6367 37.8505 25.298 6.7237 89.0659 43.0573 25.0451 32.4111 26.9693 10.6553 161.404 2.34079 159.063 89.5022 38.8186 58.6684 25.9172 9.415
internal_count=97099 94915 23258 2184 71657 71589 27340 22578 44249 38442 31468 15881 5807 5069 2978 680 15587 8783 4642 3495 3119 1057 19083 439 18644 10418 5202 5463 2217 2058
is_linear=0
shrinkage=0.05


Tree=153
num_leaves=31
num_cat=0
split_feature=16 2 9 5 0 9 13 5 9 5 5 9 0 9 5 5 5 5 12 9 9 0 12 5 9 12 9 0 5 5
split_gain=2.77458 2.64165 1.65227 2.60974 2.00251 1.71824 6.00941 2.37995 4.03776 1.98752 4.47594 2.44665 2.26024 2.09399 1.95641 1.80827 3.50123 2.5094 1.95162 2.55618 1.65374 3.35034 1.44596 1.30107 1.18639 1.1596 1.01389 1.00017 0.925012 0.881702
threshold=0.1502688172043011 1.0000000180025095e-35 5.5000000000000009 8.9186856446669385 -0.71550227415766998 12.500000000000002 0.80893542053364687 9.1512976091682621 16.500000000000004 8.4355663050602896 8.2360076701395872 32.500000000000007 2.6425224776270224 20.500000000000004 6.9073626024224497 7.8960311482039094 7.2531084142030116 7.0908870852933346 1.0000000180025095e-35 25.500000000000004 18.500000000000004 -0.11579784509919953 2.5000000000000004 7.0608104706189101 19.500000000000004 1.5000000000000002 29.500000000000004 -0.57572895710858785 8.3204074935979673 5.4920946662844674
decision_type=2 2 2 2 2 2 2 2 2 2 2 2 2 2 2 2 2 2 2 2 2 2 2 2 2 2 2 2 2 2
left_child=1 -1 3 -3 -4 6 29 8 14 10 11 15 -11 28 -7 16 17 18 26 -20 -9 -22 27 -2 25 -18 -10 -16 -12 -6
right_child=23 2 4 -5 5 7 -8 20 9 12 13 -13 -14 -15 22 -17 24 -19 19 -21 21 -23 -24 -25 -26 -27 -28 -29 -30 -31
leaf_value=-0.026592813201586962 0.015913172434902201 0.015913172434902201 -0.012575440072898601 -0.012575440072898601 0.0051810118452454666 -0.0046895846266917585 0.015913172434902201 -0.00072184098206682767 0.015913172434902201 -0.0055511487444112684 0.015913172434902201 -0.0055511487444112684 0.015913172434902201 0.015913172434902201 -0.0055511487444112684 -0.0055511487444112684 -0.0055511487444112684 -0.0055511487444112684 -0.0055511487444112684 0.015913172434902201 -0.0055511487444112684 0.015913172434902201 -0.0055511487444112684 0.045322408380229412 0.015913172434902201 0.015913172434902201 -0.0055511487444112684 0.015913172434902201 -0.0055511487444112684 -0.0055511487444112684
leaf_weight=7.5284536436074623 1.8564251651405346 8.3807983358856273 8.736766615569648 3.1258991982758735 5.2655869394075117 14.986103685019769 15.971523668951702 21.935190271717147 28.838799446224584 72.203308564785402 3.2434347884554864 58.786739961869898 6.3850724475923917 26.047527100352454 1.0636635696282599 27.575329764120397 7.9461299274698813 14.445329898138878 15.812678939473701 7.6185893995279903 5.3421733578288686 47.489783897064626 5.3783270238636751 5.0863749350246508 31.783133015836938 2.4505844520463143 3.4367934755136949 55.846955319138942 5.019623866508482 70.363488551258342
leaf_count=57233 79 471 11042 150 692 1031 376 956 2140 3828 103 3893 76 1143 151 1341 352 554 853 454 678 1617 280 327 1412 96 295 2144 212 3376
internal_value=0.0014367 0.001035 0.00144193 0.0159132 0.00103226 0.00147314 -0.00475037 0.0027103 0.00112767 -0.00141838 0.00109576 -0.00182329 -0.00555115 0.0159132 0.011281 0.00240638 0.00535252 -0.00152873 0.00591511 -0.00495621 0.0108181 0.0155338 0.0151367 0.0307913 0.0159132 -0.000941807 0.0137192 0.0159132 -0.00555115 -0.00555115
internal_weight=589.951 583.008 575.479 11.5067 563.973 555.236 91.6006 463.635 388.868 311.593 233.005 198.694 78.5884 34.3106 77.275 139.907 112.332 70.1522 55.7069 23.4313 74.7671 52.832 62.2889 6.9428 42.1798 10.3967 32.2756 56.9106 8.26306 75.6291
internal_count=97355 96949 39716 621 39095 28053 4444 23609 20358 16752 12848 11390 3904 1458 3606 7497 6156 4296 3742 1307 3251 2295 2575 406 1860 448 2435 2295 315 4068
is_linear=0
shrinkage=0.05


Tree=154
num_leaves=31
num_cat=0
split_feature=7 9 16 14 15 0 16 0 10 14 12 14 11 3 5 5 9 9 9 4 14 4 5 5 12 5 11 9 14 4
split_gain=4.22848 3.12104 2.66271 2.33531 2.42098 2.45074 2.04203 1.70441 1.85244 1.75294 2.03137 1.65186 3.05429 2.28874 1.8228 2.3971 3.79571 2.07338 4.1946 1.83987 1.49394 2.54686 1.41966 2.68983 1.38323 1.37121 1.3594 1.23265 1.02943 0.807751
threshold=2.5000000000000004 53.500000000000007 0.090097402597402607 57.500000000000007 3.5000000000000004 -0.99266396128577028 0.13921188630490958 2.4199667199604065 236.75309109913044 35.500000000000007 1.0000000180025095e-35 26.500000000000004 1.0000000180025095e-35 1.0000000180025095e-35 5.7213653196100642 7.7534739351795627 14.500000000000002 29.500000000000004 21.500000000000004 0.96026315789473693 9.5000000000000018 0.91188235294117659 8.4031360178810086 6.858432694097508 1.5000000000000002 5.9773868259792655 13.500000000000002 57.500000000000007 1.0000000180025095e-35 0.81774475524475532
decision_type=2 2 2 2 2 2 2 2 2 2 2 2 2 2 2 2 2 2 2 2 2 2 2 2 2 2 2 2 2 2
left_child=1 3 22 4 5 -1 -5 9 -9 11 -11 12 13 14 -7 16 -16 18 20 -18 21 -17 23 26 -13 -14 -3 -25 -24 -2
right_child=29 2 -4 6 -6 7 -8 8 -10 10 -12 24 25 -15 15 17 19 -19 -20 -21 -22 -23 28 27 -26 -27 -28 -29 -30 -31
leaf_value=-0.037969387031306506 0.020647943519257573 -0.05173104343388002 0.020647943519257573 -0.041385819809070606 0.020647943519257573 -0.0024028739827245348 0.020647943519257573 0.010679225840826751 0.004911437806206051 0.004911437806206051 -0.018486988048335384 0.004911437806206051 0.00081261785245088859 0.00081261785245088859 -0.0024028739827245348 -0.018486988048335384 -0.018486988048335384 -0.0024028739827245348 -0.018486988048335384 -0.0024028739827245348 -0.0024028739827245348 -0.0024028739827245348 -0.001330198138482798 -0.032343319663407137 -0.018486988048335384 0.004911437806206051 -0.001330198138482798 -0.001330198138482798 -0.047288409043973814 0.057740089353750336
leaf_weight=3.0656451266004288 2.5633526711280856 3.738165973262773 0.94087656977353518 4.5972649563873338 4.9868820709816637 23.237079390051804 0.85541523377469264 12.410151505115207 37.42667339782929 3.1590309670555126 6.9561847292425227 26.77222290887039 13.43400097466292 48.207224325435163 20.216541174439044 25.521383893219539 53.339249096616186 36.427604774195061 34.235632284726307 2.9644334754993897 62.781971620328477 6.2838134603516655 0.49315774440765281 2.3746453345374885 7.9365963475920571 127.1696579053114 0.28839875759149425 7.3650327088125778 5.8163275579936453 2.7192182186081482
leaf_count=10156 75 1569 33 9055 319 5892 136 361 1337 1488 2474 5512 923 7352 2092 2689 9500 7741 6191 534 8145 485 3 754 833 6010 42 2746 2589 46
internal_value=0.000467535 2.781e-05 -0.01844 0.00074998 0.0010948 0.000710508 -0.0291598 0.000995411 0.00971683 0.000106046 -0.018487 0.000552303 -0.000527769 -0.0032862 -0.00561837 -0.00789137 -0.0151575 -0.00445582 -0.0091385 -0.018487 -0.0032562 -0.01318 -0.0233083 -0.0127019 0.00491144 0.00491144 -0.0427794 -0.0013302 -0.0415462 0.0412681
internal_weight=588.284 583.001 21.0166 561.985 556.532 551.545 5.45268 548.479 49.8368 498.643 10.1152 488.527 453.819 313.215 265.008 241.771 76.5202 165.25 128.823 56.3037 94.5872 31.8052 20.0757 13.7662 34.7088 140.604 4.02656 9.73968 6.30949 5.28257
internal_count=97082 96961 7736 89225 80034 79715 9191 69559 1698 67861 3962 63899 57554 50621 43269 37377 12126 25251 17510 10034 11319 3174 7703 5111 6345 6933 1611 3500 2592 121
is_linear=0
shrinkage=0.05


Tree=155
num_leaves=31
num_cat=0
split_feature=7 14 15 14 10 4 16 14 14 4 0 16 9 9 12 14 0 3 4 9 9 14 9 15 12 12 9 4 14 9
split_gain=4.10189 2.80776 2.69162 2.80616 6.95083 2.52367 2.61511 3.62127 3.36923 2.19685 2.53499 1.93967 1.82889 1.82434 1.59432 3.24544 1.48002 1.4217 1.10597 0.94561 0.850358 1.02654 0.693686 0.599645 0.308183 0.22524 0.201517 0.712976 0.143393 0.318295
threshold=2.5000000000000004 57.500000000000007 3.5000000000000004 7.5000000000000009 343.40593725439845 0.61577311577311589 0.019884023590655994 19.500000000000004 19.500000000000004 0.90883116883116888 0.069518405449189732 0.13921188630490958 11.500000000000002 12.500000000000002 1.0000000180025095e-35 26.500000000000004 2.3442155803461335 1.0000000180025095e-35 0.81774475524475532 14.500000000000002 22.500000000000004 1.5000000000000002 49.500000000000007 1.5000000000000002 4.5000000000000009 5.5000000000000009 60.500000000000007 0.79425508521165489 25.500000000000004 30.500000000000004
decision_type=2 2 2 2 2 2 2 2 2 2 2 2 2 2 2 2 2 2 2 2 2 2 2 2 2 2 2 2 2 2
left_child=1 2 3 4 -1 19 7 13 12 10 25 -3 -8 17 15 16 -9 -7 -2 -5 -12 -22 -15 28 -10 -6 -24 -28 29 -21
right_child=18 11 -4 5 9 6 8 14 24 -11 20 -13 -14 22 -16 -17 -18 -19 -20 23 21 -23 26 -25 -26 -27 27 -29 -30 -31
leaf_value=0.010799516159101109 0.020716791553602468 -0.042093937243494438 0.020716791553602468 -0.011234791582963873 -0.04388213273705685 -0.011234791582963873 0.010799516159101109 -0.011234791582963873 0.010799516159101109 0.00016878992019667209 -0.0085453413874811788 0.020716791553602468 0.001349112115659892 0.001349112115659892 -0.011234791582963873 0.001349112115659892 0.001349112115659892 0.001349112115659892 0.061073798622262858 -0.046238077233118825 -0.0085453413874811788 -0.024228513033154698 -0.011234791582963873 -0.011234791582963873 0.001349112115659892 -0.024228513033154698 -0.011234791582963873 0.001349112115659892 -0.022793083244122284 -0.022793083244122284
leaf_weight=82.645135550150371 3.0597478798736111 4.9316114040921084 5.0205082665997898 2.0865273087765663 7.7770776439938327 32.415991165282321 11.128423346941416 32.732108097317905 32.840041538251171 8.0798646578677999 16.566033470251572 0.78415363845124364 77.244797846618894 153.28520843931801 41.270285691256504 18.063074342881009 4.6884643565936122 8.0398791351180972 2.553626228862413 5.6023633372897113 1.4506256805325382 6.4581775730366644 3.9254859132952324 0.81103481164791524 8.41989801735326 0.33065583556890477 1.625113921119919 1.8545774392150631 1.0535608851132572 3.0918310858069162
leaf_count=3263 76 10276 320 354 1934 4790 225 9524 1881 783 1340 124 1545 33212 12095 6948 214 1091 45 1169 16 626 1655 28 462 3 815 517 676 986
internal_value=0.00136581 0.000913274 0.00129072 0.000882241 0.00751655 -0.000989059 -0.000312728 -0.00289119 0.00558941 -0.0104619 -0.0172595 -0.031231 0.00134911 0.000940936 -0.0107861 -0.00268209 -0.0112348 -0.00918052 0.0405203 -0.0221569 -0.00854534 -0.0242285 0.00134911 -0.0301098 0.0107995 -0.0399117 -0.0112348 0.00134911 -0.0343514 -0.0382425
internal_weight=579.836 574.223 568.507 563.486 123.308 440.179 427.533 297.9 129.633 40.6624 32.5826 5.71577 88.3732 201.146 96.7539 55.4836 37.4206 40.4559 5.61337 12.6453 24.4748 7.9088 160.69 10.5588 41.2599 8.10773 7.40518 3.47969 9.74776 8.69419
internal_count=96993 96872 86472 86152 7965 78187 74974 70861 4113 4702 3919 10400 1770 42080 28781 16686 9738 5881 121 3213 1982 642 36199 2859 2343 1937 2987 1332 2831 2155
is_linear=0
shrinkage=0.05


Tree=156
num_leaves=23
num_cat=0
split_feature=16 14 2 4 4 12 3 0 1 14 13 0 5 5 5 0 5 5 5 0 5 8
split_gain=3.46625 3.92445 3.19817 2.683 2.02591 2.27852 2.19194 4.68542 2.30213 1.57183 2.62147 1.03354 0.799686 0.778144 0.66921 0.490822 0.462937 0.377367 0.260264 0.234403 0.129306 0.00386306
threshold=0.15430402930402934 35.500000000000007 1.0000000180025095e-35 0.88208556149732631 0.65402588066139489 1.0000000180025095e-35 1.0000000180025095e-35 1.218183811820982 0.85071328137897284 16.500000000000004 0.83887301587301599 2.8253796890422285 8.9580409558929279 6.2703899791575219 7.3887150439786611 -0.4494327510946079 9.2183881920843636 7.8377010029108209 5.1826093221586591 1.3950038362829422 5.6642285820164675 1.0000000180025095e-35
decision_type=2 2 2 2 2 2 2 2 2 2 2 2 2 2 2 2 2 2 2 2 2 2
left_child=1 2 14 16 5 -4 8 17 9 10 -6 12 -5 18 -1 -2 19 20 -11 -3 -8 -18
right_child=15 3 4 11 6 -7 7 -9 -10 13 -12 -13 -14 -15 -16 -17 21 -19 -20 -21 -22 -23
leaf_value=-0.014781736459108741 0.018411244258757783 -0.040254516680160377 -0.014781736459108741 -0.012222636078442262 -0.0038161432738668746 -0.0038161432738668746 0.005379751822556466 0.018411244258757783 0.005379751822556466 0.002091085294562972 0.002091085294562972 0.018411244258757783 0.0059141570040711555 0.002091085294562972 -0.041147302904960756 0.044226670982721379 -0.021594166971587218 0.005379751822556466 -0.0038161432738668746 -0.012222636078442262 0.011895498040657126 -0.012222636078442262
leaf_weight=2.1883473721345572 0.89870311203412701 9.4919619531729058 20.036337085417472 3.7868722726216211 186.87997075932071 17.382396819950372 3.7528320150595418 25.005576745024882 91.786350169422803 6.5403657973365616 34.30751775878889 0.27073741969070386 0.81683361440536817 112.32566132734064 4.6374381747464213 4.6373939957120447 1.6366738089982384 29.171523305092705 8.4372340069676266 1.6987152780384338 17.041071106737945 0.62528262135492685
leaf_count=15702 12 11896 1732 2693 14583 747 226 307 1679 1551 407 7 771 6598 33803 362 1661 620 549 363 364 252
internal_value=0.000512375 0.000102631 0.000866309 -0.0220496 0.00131342 -0.00976782 0.00213553 0.00997919 0.000780312 -0.00119758 -0.00380108 0.00849323 -0.00658293 0.00209109 -0.0308769 0.0367199 -0.0329385 0.00537975 -0.00381614 -0.0370413 0.0118955 -0.0122226
internal_weight=583.356 577.82 559.493 18.3271 552.667 37.4187 515.248 74.971 440.277 348.491 221.187 4.87444 4.60371 127.303 6.82579 5.5361 13.4526 49.9654 14.9776 11.1907 20.7939 2.26196
internal_count=96885 96511 78868 17643 29363 2479 26884 1517 25367 23688 14990 3471 3464 8698 49505 374 14172 1210 2100 12259 590 1913
is_linear=0
shrinkage=0.05


Tree=157
num_leaves=31
num_cat=0
split_feature=21 17 9 14 14 5 5 14 14 7 9 9 9 14 9 9 4 4 14 5 5 5 14 5 9 5 5 5 5 14
split_gain=3.68644 6.06581 3.68529 2.53599 3.03209 3.90235 5.08775 3.20268 2.85134 2.72825 2.62741 3.61115 4.34924 3.8278 2.52443 4.04491 2.48352 2.10233 2.81196 2.58292 2.14215 3.47345 3.34341 2.81258 2.52803 2.46202 2.93647 3.35076 4.25033 3.52475
threshold=1.0000000180025095e-35 1.0000000180025095e-35 16.500000000000004 30.500000000000004 26.500000000000004 9.2082807187888704 8.9186856446669385 27.500000000000004 1.0000000180025095e-35 1.5000000000000002 51.500000000000007 29.500000000000004 20.500000000000004 21.500000000000004 21.500000000000004 35.500000000000007 0.9644437420986095 0.66559139784946253 15.500000000000002 7.1042461505127674 6.1221109329016938 7.3544086179388115 5.5000000000000009 7.5589554635715812 44.500000000000007 7.9378040381484167 8.6938534147366209 8.5989774254172051 8.4265301642911705 11.500000000000002
decision_type=2 2 2 2 2 2 2 2 2 2 2 2 2 2 2 2 2 2 2 2 2 2 2 2 2 2 2 2 2 2
left_child=1 2 -1 4 5 6 17 -6 -8 -5 11 12 -7 16 -9 -16 -14 19 20 -4 22 -22 -19 -23 -24 -25 27 28 29 -27
right_child=-2 -3 3 9 7 10 8 14 -10 -11 -12 -13 13 -15 15 -17 -18 18 -20 -21 21 23 24 25 -26 26 -28 -29 -30 -31
leaf_value=0.006710080497215113 0.049242585114686738 -0.044196871360615973 -0.040579063423926934 -0.022072000894545838 0.024939183132181703 0.024939183132181703 0.024939183132181703 -0.034436979583638679 -0.028986269288144913 0.024939183132181703 -0.035156110412679027 0.024939183132181703 -0.027141953315394304 0.024939183132181703 0.024939183132181703 -0.027584528259489732 0.024939183132181703 -0.0081205424311009688 -0.0073831744357152037 -0.0081205424311009688 -0.0081205424311009688 0.024939183132181703 0.024939183132181703 -0.0081205424311009688 -0.0081205424311009688 0.024939183132181703 -0.0081205424311009688 0.024939183132181703 -0.0081205424311009688 -0.0059072365178750733
leaf_weight=198.57116294793104 2.9274355406378154 6.4491245880162742 6.5704462457069921 22.843665531073388 7.1544509495961419 12.283044918998714 0.38502691686153667 3.1022953419051182 23.556230626239994 2.2039782936135444 1.9403348740906938 14.880150119448443 15.104527562023582 2.1913481390129155 7.6526649329716729 3.7941782517082174 1.0246391326145374 4.1314790504893635 89.846547393231958 17.244812268254464 32.770678022494394 10.511605374294957 14.052246386820114 19.536477552903307 1.6858737959355483 22.391999291676257 11.114646057005301 8.3198971829879138 8.9835223231184482 12.495525209395053
leaf_count=21250 264 6705 1311 16729 1254 1297 2 380 3531 257 557 2206 1858 371 1166 1412 81 160 16538 3429 3829 1138 1931 2186 279 1927 1540 877 1068 1715
internal_value=0.000962233 0.000635781 0.00121313 -0.00168636 -0.000572921 -0.00178015 -0.00400777 0.017107 -0.0255813 -0.016742 0.0113488 0.0140463 0.00303342 -0.0122078 -0.000447768 0.0107905 -0.0214441 -0.0019281 -0.000469487 -0.0157716 0.00380657 0.00134024 0.0186475 0.00648511 0.0249392 0.0031554 0.00808181 0.0132483 0.00589794 0.0151955
internal_weight=585.72 582.793 576.343 377.772 352.725 331.021 283.597 21.7036 23.9413 25.0476 47.424 45.4837 30.6036 18.3205 14.5491 11.4468 16.1292 259.656 235.84 23.8153 145.994 126.124 19.8696 93.3537 15.7381 82.8421 63.3056 52.1909 43.871 34.8875
internal_count=97248 96984 90279 69029 52043 47831 41461 4212 3533 16986 6370 5813 3607 2310 2958 2578 1939 37928 33188 4740 16650 14280 2370 10451 2210 9313 7127 5587 4710 3642
is_linear=0
shrinkage=0.05


Tree=158
num_leaves=31
num_cat=0
split_feature=9 14 5 5 21 17 5 5 0 5 14 9 5 9 9 13 1 12 5 14 5 12 9 14 14 11 12 14 0 12
split_gain=4.89358 8.77147 5.74649 4.39905 3.53997 5.52033 2.96376 6.61489 3.55486 3.33451 2.49192 2.40148 1.65614 4.42255 2.0771 2.134 1.97741 1.79864 1.66263 2.95964 2.83602 3.44506 2.305 3.67678 1.96256 2.68028 2.6233 7.65988 1.58725 1.55765
threshold=5.5000000000000009 11.500000000000002 6.3198989676170809 8.9186856446669385 1.0000000180025095e-35 1.0000000180025095e-35 3.9645267917352025 4.8193488608967234 2.8253796890422285 7.8790375849370555 51.500000000000007 11.500000000000002 5.5519419209880105 21.500000000000004 7.5000000000000009 0.66889822595704962 0.6791926264717757 1.0000000180025095e-35 7.0274084446110585 5.5000000000000009 7.145405932206768 1.0000000180025095e-35 36.500000000000007 14.500000000000002 21.500000000000004 1.5000000000000002 1.0000000180025095e-35 27.500000000000004 2.1678748592597095 1.0000000180025095e-35
decision_type=2 2 2 2 2 2 2 2 2 2 2 2 2 2 2 2 2 2 2 2 2 2 2 2 2 2 2 2 2 2
left_child=1 2 -1 -4 5 6 11 -8 10 -10 12 -2 13 17 15 -14 -15 -9 22 20 21 -20 -16 -24 25 29 -26 -28 -13 -21
right_child=4 -3 3 -5 -6 -7 7 8 9 -11 -12 28 14 16 18 -17 -18 -19 19 24 -22 -23 23 -25 26 -27 27 -29 -30 -31
leaf_value=-0.031444594257195035 0.024913962539525211 -0.021242990148600364 0.10630116898928746 0.0046312906027306212 0.049013883485281795 -0.043605169386988184 0.024913962539525211 0.0086959194000308122 0.024913962539525211 0.0086959194000308122 -0.029409198398073821 -0.046587926809831148 -0.029038570317720575 -0.050296147256345895 0.0086959194000308122 0.0086959194000308122 0.0029371029264147566 -0.021990023319971588 0.0086959194000308122 -0.0028929229944389713 0.0086959194000308122 -0.073355681484439508 0.0086959194000308122 -0.040842984827232497 0.0086959194000308122 0.0086959194000308122 0.0086959194000308122 -0.027702673464009675 0.0079958478001534664 -0.011796723815416868
leaf_weight=0.75357261593671676 0.91855597347602991 3.8906361325844045 4.0116873965671402 1.470255010652181 2.835301300889113 5.9114351702291961 10.77709259997482 5.4785579021117901 12.17953933899844 17.563506280770525 6.1301110121803495 5.8516065923176939 9.7540655786087864 6.4533147215315676 55.048645514574673 2.5461506015126352 2.1391643829992972 3.8616395861572528 1.1816748809014819 163.22494904899759 65.678157981610639 1.3672531681659164 3.3189077561946743 5.1565560045310121 41.684786262011585 35.124464781803908 21.988518436026425 19.338602806981726 1.3252259196669909 69.886509348518302
leaf_count=69 115 434 247 101 254 6535 1892 714 278 372 11192 1291 1117 1514 7301 137 187 345 74 29174 2299 19 577 1920 10337 765 3145 5000 54 9708
internal_value=0.00177107 0.0346172 0.06759 0.0839546 0.00113543 0.000814042 0.00135218 0.00180899 0.000924624 0.017445 -5.31797e-05 -0.0269668 0.000353961 -0.0141608 0.000906952 -0.0185896 -0.0381187 0.00869592 0.00144084 0.000290352 0.00869592 -0.0364996 0.00869592 -0.0161327 -0.00157825 -0.00365614 0.00509963 -0.0048096 -0.0367636 -0.00560126
internal_weight=586.85 10.1262 6.23552 5.48194 576.724 573.889 567.978 559.882 549.105 29.743 519.362 8.09539 513.232 17.9327 495.299 12.3002 8.59248 9.3402 482.999 419.475 68.2271 2.54893 63.5241 8.47546 351.248 268.236 83.0119 41.3271 7.17683 233.111
internal_count=97167 851 417 348 96316 96062 89527 88067 86175 650 85525 1460 74333 2760 71573 1254 1701 1059 70319 60521 2392 93 9798 2497 58129 39647 18482 8145 1345 38882
is_linear=0
shrinkage=0.05


Tree=159
num_leaves=31
num_cat=0
split_feature=12 16 14 5 5 11 14 14 12 5 10 14 5 8 2 3 12 5 5 5 1 7 10 19 12 5 5 11 14 5
split_gain=2.83327 2.73299 2.97626 2.87123 6.15648 3.31789 3.24531 3.86812 2.95406 2.54614 2.24018 3.9106 3.5562 2.94144 2.02033 1.83645 1.72039 3.56645 1.67874 2.72608 1.64505 1.59728 1.58259 1.48314 1.62325 6.82422 4.88502 2.18991 1.85984 1.5449
threshold=17.500000000000004 0.13680926916221037 57.500000000000007 6.858432694097508 7.1587901799666662 1.5000000000000002 18.500000000000004 3.5000000000000004 4.5000000000000009 6.7367967526708386 11.897686954472244 8.5000000000000018 7.5258008835461299 1.0000000180025095e-35 1.0000000180025095e-35 1.0000000180025095e-35 1.0000000180025095e-35 8.2946864687328699 7.3887150439786611 7.3436509322732038 0.033011017433311605 1.5000000000000002 320.83646781467826 1.0000000180025095e-35 1.0000000180025095e-35 5.5519419209880105 5.7213653196100642 5.5000000000000009 6.5000000000000009 6.5688523274727517
decision_type=2 2 2 2 2 2 2 2 2 2 2 2 2 2 2 2 2 2 2 2 2 2 2 2 2 2 2 2 2 2
left_child=1 2 3 9 -5 6 7 20 -7 23 -9 13 18 -12 -8 -11 -14 -18 19 21 -6 -13 -3 24 26 27 -1 -26 -28 -30
right_child=-2 22 -4 4 5 8 14 10 -10 15 11 12 16 -15 -16 -17 17 -19 -20 -21 -22 -23 -24 -25 25 -27 28 -29 29 -31
leaf_value=0.01474033124967911 -0.039079478022970515 0.040985790225107302 -0.039209612558368287 0.01474033124967911 -0.034555627049597692 0.01474033124967911 -0.034239998589875482 0.0062453160803948478 0.0062453160803948478 -0.040595442235837803 -0.028381407453956526 -0.034468150822220718 -0.00041755359974635157 -0.0018160941309672423 0.0062453160803948478 0.014696497410603394 -0.0310328021850808 -0.00041755359974635157 -0.039151874567456439 -0.00041755359974635157 0.0062453160803948478 -0.00041755359974635157 0.01474033124967911 -0.035449705793349745 -0.042747443647722747 0.0089793690381517518 -0.042804177274335026 0.013027410189778203 -0.012622396156439142 0.01474033124967911
leaf_weight=26.015350994338405 3.1540478644383247 7.5869270231269166 3.3712102790632335 35.449121722229393 2.5928827022235046 38.111398937116974 2.1681310070907776 15.000336063802022 25.107143344310316 6.7772772803909884 31.035735623369874 9.4731948080216171 101.58313427076064 15.656304636728235 110.78521474391164 1.3159291654665137 13.103476963808133 28.998020899074618 7.825320598966754 3.4476729093912573 34.252163342263884 0.57978300693866991 1.9793309429660437 2.3965142215283768 12.086878575857552 19.373764134704288 3.3053755374512575 1.5690257892565558 15.960759838242668 3.1400674169963159
leaf_count=4736 1894 429 8881 4981 129 1335 17595 2171 838 993 5065 1911 17118 1111 7286 140 1850 3821 1216 498 677 36 90 4154 1806 2208 306 73 3212 675
internal_value=0.00208302 0.00237371 0.00190357 0.00221656 0.00378222 0.00188908 9.71149e-05 -0.00296098 0.0123935 -0.00582873 -0.00563368 -0.00708042 -0.00341277 -0.0196986 0.00624532 -0.0309776 -0.000524411 -0.010409 -0.0219781 -0.0100102 0.00624532 -0.0275714 0.0275771 -0.0030648 -0.00169356 -0.01008 0.00411527 -0.0358874 -0.012998 -0.00596724
internal_weight=583.201 580.047 570.481 567.11 475.169 439.72 376.501 263.548 63.2185 91.9409 226.703 211.703 165.011 46.692 112.953 8.09321 143.685 42.1015 21.326 13.5007 36.845 10.053 9.56626 83.8477 81.4512 33.0297 48.4216 13.6559 22.4062 19.1008
internal_count=97235 95341 94822 85941 67638 62657 60484 35603 2173 18303 34797 32626 26450 6176 24881 1133 22789 5671 3661 2445 806 1947 519 17170 13016 4087 8929 1879 4193 3887
is_linear=0
shrinkage=0.05


Tree=160
num_leaves=31
num_cat=0
split_feature=9 14 14 0 8 16 9 4 12 5 5 5 14 7 16 5 16 9 4 14 9 4 9 5 5 5 14 5 11 14
split_gain=3.5944 4.70776 4.66394 3.6916 8.63062 3.94582 3.57517 3.25593 3.21674 2.80829 2.83898 2.76782 2.73969 2.48926 2.38627 2.25247 2.19299 2.1834 2.24608 2.2518 1.87078 3.90176 1.83018 1.80215 1.71475 4.9332 2.09135 4.19741 1.86808 1.69746
threshold=28.500000000000004 1.0000000180025095e-35 16.500000000000004 2.4199667199604065 1.0000000180025095e-35 0.026266508969051847 39.500000000000007 0.80972058244785527 7.5000000000000009 7.1042461505127674 8.6403465325435764 8.3584718107074547 15.500000000000002 1.5000000000000002 0.087337909992372245 8.8490741178320658 0.028513356562137052 69.500000000000014 0.83889506859473506 9.5000000000000018 8.5000000000000018 0.79935064935064948 48.500000000000007 4.7120821938271709 7.5930074047347764 7.8875759322481267 9.5000000000000018 5.9277437422963599 1.0000000180025095e-35 10.500000000000002
decision_type=2 2 2 2 2 2 2 2 2 2 2 2 2 2 2 2 2 2 2 2 2 2 2 2 2 2 2 2 2 2
left_child=8 -2 6 5 -5 7 24 15 13 23 -11 -7 17 20 -10 22 -15 18 -12 -20 21 -1 -4 -8 26 28 27 -3 -26 -28
right_child=1 2 3 4 -6 11 9 -9 14 10 12 -13 -14 16 -16 -17 -18 -19 19 -21 -22 -23 -24 -25 25 -27 29 -29 -30 -31
leaf_value=-0.01993969605419511 0.040447557918719727 0.013010450558099207 -0.0080656518852195627 0.018703551574847137 0.10758798281335694 0.0039464455339218336 -0.02139603695165089 0.0039464455339218336 -0.026660013085638663 -0.020155247656672291 0.010922979855430738 0.018703551574847137 -0.045680657631266504 0.011399397183401671 0.030760242430048532 -0.044186440220258028 0.043189926173578669 -0.029918516610002895 0.039620512277423359 0.1058942721063158 0.0024469608210865505 0.011399397183401671 -0.040114004276525617 0.037562972075441466 0.00027513769935645502 -0.021722812398050045 0.021697787555951753 -0.068209540751007852 0.065967285106137849 -0.025612161230432202
leaf_weight=9.5643705540533102 4.5316312420181921 1.6500074542273084 16.45030505919113 3.6595504962897385 2.0980521067394875 11.152264642181764 0.94117936954808357 17.331543269070607 12.04060681251576 16.993796225302507 5.2940770580244099 9.0979073094513279 0.75502013413279279 20.374635097849026 1.247500014695105 6.2722896540526554 6.2079458383959709 0.86613435712388298 0.73031323193572451 1.1858965368355709 352.41201499863837 24.941375944507854 3.6750276232514798 5.1683556401067108 2.0316166731208791 30.640401502833811 1.6095232283932981 6.6065926337760175 1.3364870557761603 7.5632275512189153
leaf_count=1119 30 245 8222 295 52 910 332 8593 1661 2405 796 600 205 832 72 3574 112 110 63 204 52391 2402 4076 1088 453 3970 259 497 55 1796
internal_value=0.00148079 -0.00495061 -0.00654801 0.0029805 0.0381276 -0.000720535 -0.014459 -0.00913775 0.00386235 -0.00123043 -0.00859981 0.0170306 0.013424 0.00465813 -0.0194938 -0.0200777 0.0191856 0.0233735 0.0326395 0.068318 0.00361316 0.0113994 -0.010828 0.0267483 -0.0224917 -0.0152064 -0.0351106 -0.0523264 0.0354767 -0.0159939
internal_weight=584.43 157.641 153.11 69.7369 5.7576 63.9793 83.3726 43.7292 426.788 31.9348 25.8252 20.2502 8.83144 413.5 13.2881 26.3976 26.5826 8.07642 7.21029 1.91621 386.918 34.5057 20.1253 6.10954 51.4379 34.0085 17.4294 8.2566 3.3681 9.17275
internal_count=97419 38830 38800 26322 347 25975 12478 24465 58589 5203 3783 1510 1378 56856 1733 15872 944 1173 1063 267 55912 3521 12298 1420 7275 4478 2797 742 508 2055
is_linear=0
shrinkage=0.05


Tree=161
num_leaves=31
num_cat=0
split_feature=21 17 14 15 15 12 14 8 14 5 5 5 5 4 9 9 0 5 8 14 5 4 14 0 4 14 5 9 5 3
split_gain=3.47597 5.30287 2.95644 2.7314 2.67069 2.17292 3.98984 2.29834 4.31093 2.1127 1.94254 2.52536 2.1816 3.96835 2.03952 2.56222 5.12462 2.13102 4.19622 2.00752 1.98386 1.84751 1.67604 3.3804 2.24106 2.76123 2.02403 1.74998 2.28192 1.91744
threshold=1.0000000180025095e-35 1.0000000180025095e-35 33.500000000000007 6.5000000000000009 2.5000000000000004 3.5000000000000004 24.500000000000004 1.0000000180025095e-35 6.5000000000000009 6.7367967526708386 8.2360076701395872 8.1662635015820513 8.6324788521322411 0.69194823867721078 29.500000000000004 21.500000000000004 1.1903766698665825 8.7120469130838067 1.0000000180025095e-35 28.500000000000004 9.2183881920843636 0.88208556149732631 24.500000000000004 -0.20125956758308861 0.65863337204800632 12.500000000000002 7.7708049083537345 31.500000000000004 7.9454678019233755 1.0000000180025095e-35
decision_type=2 2 2 2 2 2 2 2 2 2 2 2 2 2 2 2 2 2 2 2 2 2 2 2 2 2 2 2 2 2
left_child=1 2 4 21 5 10 7 8 -7 -10 11 22 13 -12 15 17 20 18 -14 -16 -17 -4 24 -24 25 -1 -25 29 -29 -26
right_child=-2 -3 3 -5 -6 6 -8 -9 9 -11 12 -13 14 -15 19 16 -18 -19 -20 -21 -22 -23 23 26 27 -27 -28 28 -30 -31
leaf_value=-0.0084472399139703114 0.048964711256136675 -0.043381430432612722 -0.031385743830212011 0.02490450144877758 0.02490450144877758 -0.045768271937217463 -0.048676712783132438 0.013277041678436911 -0.034693718286351947 0.0017380040051039527 -0.017598165705957118 -0.02818190384775153 -0.037934088888552812 0.013277041678436911 0.013277041678436911 -0.040464704082316685 0.012824447089016498 0.0064804239007129312 0.013277041678436911 -0.031680175510353563 -0.0090092923192769004 0.0010085711824087643 -0.036303297899326979 0.013277041678436911 0.00040729090733448715 -0.038612803724038136 -0.011513128110445036 -0.0084472399139703114 0.013277041678436911 0.013277041678436911
leaf_weight=9.3562181856523257 2.777791473628894 5.7007960381997682 14.411912793982998 2.6410091805737457 6.9602710519975508 5.548700728017141 4.5649931125699359 7.701977813121629 3.0394973839756885 21.022551384477993 9.6216635683231271 6.9309474272486105 6.9269840774759341 67.647480988980533 37.990115187098127 11.204399182250199 12.111872638502971 79.467718671878174 3.1771215780372586 1.5933187481732591 9.7400038546365977 4.8210724224045398 2.5134866694570546 16.101385819463761 145.94682583522263 8.3369954702375235 5.7772396209766148 34.269302486211018 6.7143891020277797 28.442776195899569
leaf_count=1239 251 6682 14439 438 255 78 276 127 81 419 1827 1014 844 8081 6842 2298 904 8743 213 717 1758 3529 2096 2355 16967 2156 833 7193 1262 3124
internal_value=0.00115699 0.000844292 0.00135769 -0.0162623 0.00208313 0.00164958 -0.00916238 -0.00318371 -0.00980103 -1.17417e-05 0.00256456 -0.000391907 0.00581658 0.0126764 0.00249128 -0.000718448 -0.0124046 0.00368364 -0.0169154 0.0122076 -0.0269138 -0.0228874 0.000462361 0.012662 -0.00086306 -0.0174702 0.013277 0.000575671 -0.00844724 0.00276828
internal_weight=583.061 580.283 574.582 21.874 552.708 545.748 41.8777 37.3127 29.6107 24.062 503.87 264.39 239.481 77.2691 162.212 122.628 33.0563 89.5718 10.1041 39.5834 20.9444 19.233 257.459 24.3921 233.067 17.6932 21.8786 215.373 40.9837 174.39
internal_count=97041 96790 90108 18406 71702 71447 981 705 578 500 70466 38239 32227 9908 22319 14760 4960 9800 1057 7559 4056 17968 37225 5284 31941 3395 3188 28546 8455 20091
is_linear=0
shrinkage=0.05


Tree=162
num_leaves=31
num_cat=0
split_feature=7 1 0 0 14 9 1 14 9 14 16 14 14 9 14 14 0 4 16 9 9 14 9 7 4 14 9 14 14 0
split_gain=3.54751 3.00128 2.89021 2.14772 1.95713 1.51207 2.54214 1.94089 1.48699 1.57514 1.48438 1.44363 1.66973 1.9536 1.5534 1.45707 1.36881 1.30188 1.13921 0.908007 0.89913 1.25526 1.2137 0.773384 0.769683 0.884997 0.815596 0.649415 2.17558 0.85747
threshold=2.5000000000000004 0.35005754354369184 2.8253796890422285 -0.94672432806948492 12.500000000000002 9.5000000000000018 0.88619835133492997 34.500000000000007 24.500000000000004 2.5000000000000004 0.10102040816326532 1.5000000000000002 4.5000000000000009 11.500000000000002 13.500000000000002 6.5000000000000009 -0.41974600562278741 0.68583234946871319 0.027722880983750552 28.500000000000004 14.500000000000002 18.500000000000004 15.500000000000002 1.5000000000000002 0.68783602150537648 20.500000000000004 16.500000000000004 8.5000000000000018 7.5000000000000009 -0.33776021202191248
decision_type=2 2 2 2 2 2 2 2 2 2 2 2 2 2 2 2 2 2 2 2 2 2 2 2 2 2 2 2 2 2
left_child=2 -2 3 -1 -4 17 7 8 11 19 -9 -7 -13 15 27 -14 -11 -5 -8 -10 21 23 -22 -16 -24 -26 -27 28 29 -15
right_child=1 -3 4 5 -6 6 18 10 9 16 -12 12 13 14 20 -17 -18 -19 -20 -21 22 -23 24 -25 25 26 -28 -29 -30 -31
leaf_value=-0.033596327208608161 0.018149370205309913 0.064316901225950129 0.0061731647729057404 -0.017326735360922583 0.018149370205309913 0.0013777655068245695 0.0013777655068245695 -0.017326735360922583 -0.017326735360922583 -0.017326735360922583 0.0013777655068245695 -0.017326735360922583 0.0013777655068245695 -0.017326735360922583 -0.017326735360922583 -0.017326735360922583 0.0013777655068245695 0.0061731647729057404 0.0061731647729057404 -0.0026432045873776189 -0.017326735360922583 0.0013777655068245695 -0.017326735360922583 0.0013777655068245695 1.1441465740263961e-05 0.0013777655068245695 -0.011008961322597554 0.0013777655068245695 -0.017326735360922583 0.0013777655068245695
leaf_weight=4.1209932140163792 1.7297076575268864 3.7266699597239494 14.452485850804804 1.6407566209354616 18.307132494530379 11.402293396226012 60.434413544786366 13.547976027257389 3.7733819939094237 8.0127513296984016 1.7433992365840811 19.859949035855607 1.9938458514006949 2.1849034963115654 10.341789999427419 18.188331403278426 139.29958173424347 42.59683546883025 17.420794079793268 11.695728239268645 9.8821389729218918 11.676732291805818 8.9723089201861495 0.87365805065928803 39.232652310271078 3.4911758011166993 20.226652597913926 51.604876748880997 8.3049541072832671 20.622435371093161
leaf_count=16948 78 51 324 256 434 106 5315 9318 50 6438 196 920 224 550 1179 2236 25055 3836 520 114 995 1163 1610 18 5236 343 3205 7407 1257 1821
internal_value=-7.30433e-05 0.0367841 -0.0004854 -0.00136532 0.0137116 -0.00105714 -0.00186694 -0.00341763 -0.00271143 0.0009715 -0.0173267 -0.00521493 -0.00646053 -0.00504802 -0.00338287 -0.0173267 0.00137777 0.00617316 0.00617316 -0.014142 -0.00740629 0.00131065 -0.00983199 -0.0146555 -0.00686207 -0.00469119 -0.011009 0.00137777 -0.00576046 0.00137777
internal_weight=581.361 5.45638 575.905 543.145 32.7596 539.024 494.787 416.932 401.64 162.781 15.2914 238.859 227.456 207.596 187.414 20.1822 147.312 44.2376 77.8552 15.4691 104.697 22.8922 81.8049 11.2154 71.9228 62.9505 23.7178 82.7172 31.1123 22.8073
internal_count=97203 129 97074 96316 758 79368 75276 69441 59927 31657 9514 28270 28164 27244 24784 2460 31493 4092 5835 164 13749 2360 11389 1197 10394 8784 3548 11035 3628 2371
is_linear=0
shrinkage=0.05


Tree=163
num_leaves=31
num_cat=0
split_feature=9 5 4 5 5 5 5 5 13 9 9 5 5 3 5 9 9 4 5 13 10 5 11 4 9 5 9 5 11 5
split_gain=3.90643 4.07421 2.87427 4.03851 2.63112 2.61226 3.51225 2.89313 3.97943 3.05924 2.53169 4.6645 2.79285 3.9697 5.89697 2.43773 2.28176 2.08081 2.03731 2.80514 1.98527 1.83143 1.88365 1.79528 2.53994 1.77483 2.89931 2.51509 3.09704 2.13536
threshold=26.500000000000004 7.2308620805616561 0.82998795664391822 6.9730213621707078 2.7377885089469012 8.6938534147366209 8.7120469130838067 8.5989774254172051 0.36613131638236246 25.500000000000004 6.5000000000000009 8.1165658364029749 8.3723432244328944 1.0000000180025095e-35 8.3121805008413769 21.500000000000004 21.500000000000004 0.95670914542728647 8.5148622581873923 0.8161594900259822 154.77674577433433 7.5422201253100836 1.0000000180025095e-35 0.93717105263157907 9.5000000000000018 7.9213023298174763 11.500000000000002 8.3584718107074547 1.0000000180025095e-35 7.8960311482039094
decision_type=2 2 2 2 2 2 2 2 2 2 2 2 2 2 2 2 2 2 2 2 2 2 2 2 2 2 2 2 2 2
left_child=5 2 3 -2 -4 7 -7 9 -9 10 11 20 13 16 -15 -10 25 -3 19 -14 -1 -18 -23 -8 -25 29 27 28 -27 -12
right_child=1 17 4 -5 -6 6 23 8 15 -11 12 -13 18 14 -16 -17 21 -19 -20 -21 -22 22 -24 24 -26 26 -28 -29 -30 -31
leaf_value=0.038529718854613065 -0.014007252637041119 -0.0016712114475991671 0.071289672149486588 -0.055889441028443704 -0.0045780476596276589 -0.048803871248993609 -0.0023656944150043159 0.0074714992621002568 0.0743145171567242 0.031605547889348322 -0.0022613673531213033 0.076564840772595705 -0.027574193895473959 0.013568465910927131 0.082107444714742239 0.03158601972939503 0.011855482842868564 0.022981641359722471 0.0093342713240024723 0.016000999010020316 -0.0093404166370745223 -0.016837284565480691 0.011855482842868564 0.059723937407810873 0.0073274072671028131 -0.047601587635801502 0.011855482842868564 0.011855482842868564 0.011855482842868564 -0.041767854768663661
leaf_weight=2.1681033922886837 21.757704917263258 132.43052222981896 0.24678345578376948 7.3947050596298132 12.780456343963122 2.8264806303868673 101.16320780678416 11.617240319204031 5.1570397609293641 10.055540530563119 104.21325933138633 2.4279869882248013 16.73523637511699 30.753299114741822 2.5966782854447947 0.97793044686022756 20.155742855907192 8.1459899954024859 8.3493636061530179 3.9550381374065173 5.9989712060832971 10.813183425661007 4.3277075626856449 1.7952657019177412 10.727786231946991 5.2365961046152716 29.582253560341996 0.67273504021795805 2.467306739597916 2.5440174867399028
leaf_count=156 6365 29395 74 2125 4081 345 13661 1723 338 1855 14556 208 2145 3585 177 112 3903 1461 992 208 612 1988 549 150 1156 689 3810 44 185 322
internal_value=0.00181751 -0.00421729 -0.0176507 -0.0261322 0.00183894 0.00459698 -0.00168718 0.00720116 0.0262204 0.0058232 0.00467806 0.0275252 0.00357047 0.00555852 0.02114 0.0557005 0.00257099 -9.04158e-05 -0.0107351 -0.0188909 0.0061844 0.0118555 -0.00552492 -0.000100428 0.0170205 -0.000276877 0.00887105 -0.0168675 -0.0284847 -0.00358168
internal_weight=580.074 182.756 42.1796 29.1524 13.0272 397.318 116.513 280.805 17.7522 263.053 252.997 10.5951 242.402 213.363 33.35 6.13497 180.013 140.577 29.0396 20.6903 8.16707 35.2966 15.1409 113.686 12.5231 144.716 37.9589 8.37664 7.7039 106.757
internal_count=96970 43501 12645 8490 4155 53469 15312 38157 2173 35984 34129 976 33153 29808 3762 450 26046 30856 3345 2353 768 6440 2537 14967 1306 19606 4728 918 874 14878
is_linear=0
shrinkage=0.05


Tree=164
num_leaves=31
num_cat=0
split_feature=21 17 14 4 14 15 0 16 12 10 14 11 14 11 12 14 14 16 5 5 0 14 12 5 14 5 0 16 0 7
split_gain=3.11586 5.43908 2.64212 2.83917 2.44142 2.22289 2.71416 2.22103 1.47425 3.21939 2.12449 2.04268 2.11711 2.95818 1.89996 1.86691 3.49948 2.05055 1.51217 1.35646 0.868941 0.803163 1.64581 0.768898 0.581718 1.12476 0.552323 0.77962 0.479167 0.457546
threshold=1.0000000180025095e-35 1.0000000180025095e-35 1.0000000180025095e-35 0.9678709677419356 51.500000000000007 2.5000000000000004 -0.81918883441034096 0.087337909992372245 3.5000000000000004 14.097953027773768 21.500000000000004 1.5000000000000002 10.500000000000002 1.0000000180025095e-35 1.5000000000000002 25.500000000000004 9.5000000000000018 0.033085217010563196 7.7173127874535714 6.883168664080153 1.7267104541893661 19.500000000000004 1.0000000180025095e-35 8.3723432244328944 8.5000000000000018 9.0378901379635064 -0.20125956758308861 0.034423509894537276 -0.23995930085553704 1.0000000180025095e-35
decision_type=2 2 2 2 2 2 2 2 2 2 2 2 2 2 2 2 2 2 2 2 2 2 2 2 2 2 2 2 2 2
left_child=1 2 -1 4 5 6 -4 -6 9 -8 11 12 13 18 21 16 28 -18 19 -11 -5 -14 23 -23 -20 -26 27 -12 -10 -16
right_child=-2 -3 3 20 7 -7 8 -9 15 10 26 -13 14 -15 29 -17 17 -19 24 -21 -22 22 -24 -25 25 -27 -28 -29 -30 -31
leaf_value=0.022013995010635012 0.048469193255781431 -0.043386906065117921 -0.034416277576593393 0.012894707503195721 -0.041967717029251894 0.012894707503195721 0.0067742268885034309 0.012894707503195721 -0.016700414509184511 -0.016700414509184511 -0.016700414509184511 0.003346968234844469 -7.6065856730570328e-05 -7.6065856730570328e-05 -0.016700414509184511 -0.016700414509184511 -0.016700414509184511 0.0067742268885034309 -0.016700414509184511 -0.0067217905934133836 0.02494406750888066 -7.6065856730570328e-05 -0.016700414509184511 -0.015103959484674851 -0.0067217905934133836 -0.016700414509184511 0.003346968234844469 -0.0060615758988943613 -0.0033075561013455679 -7.6065856730570328e-05
leaf_weight=14.93978450540453 2.5416130058583795 5.6968456063532349 4.4612226871204248 7.7915717622117864 4.8543754486563548 10.618677964375818 58.058129554232437 0.95772325654979784 2.5589177260408187 15.606248196521845 7.5442185293486528 13.538684427687256 180.32551528548538 22.331890551835386 4.7659616714645372 6.0810373331296423 5.5035068209290356 18.604242136119865 38.669723341839926 19.67042433644383 2.6931571077147964 10.803184942848022 8.4030393313460099 7.6463151851021385 12.962234212314799 5.5081901871071741 74.734706750503392 1.2151342398210543 10.159149547776902 2.0127752293810772
leaf_count=84 272 6649 12141 1564 11263 404 4081 133 29 1993 4804 334 24780 1082 939 672 333 172 4172 2183 251 1748 1133 1136 2036 867 11321 88 151 185
internal_value=0.00170756 0.00141894 0.0019392 0.00136338 0.000845347 0.00121716 0.000653746 -0.0289049 0.00101545 0.00180822 -8.02904e-05 -0.00214025 -0.0034991 -0.00894658 -0.000549494 -0.007761 -0.00174976 0.00677423 -0.0133675 -0.00672179 0.0249441 -7.60659e-05 -0.00868278 -7.60659e-05 -0.0167004 -0.00673114 0.00334697 -0.0154701 -0.0167004 -0.0167004
internal_weight=581.258 578.717 573.02 558.08 547.595 541.783 531.164 5.8121 526.703 483.796 425.738 342.244 328.706 114.749 213.957 42.9069 36.8258 24.1077 92.4168 35.2767 10.4847 207.178 26.8525 18.4495 57.1401 18.4704 83.4941 8.75935 12.7181 6.77874
internal_count=97000 96728 90079 89995 88180 76784 76380 11396 64239 62882 58801 42588 42254 12333 29921 1357 685 505 11251 4176 1815 28797 4017 2884 7075 2903 16213 4892 180 1124
is_linear=0
shrinkage=0.05


Tree=165
num_leaves=31
num_cat=0
split_feature=2 12 9 5 11 5 5 0 0 16 9 14 5 14 5 0 9 5 5 5 12 9 16 4 14 12 14 5 9 5
split_gain=2.28315 2.42141 1.77018 5.82527 4.66963 4.71395 4.21815 4.13541 3.65872 3.4813 6.09303 5.04591 3.24489 3.69359 2.63433 5.3915 3.17 3.12644 3.59658 3.73873 3.36273 3.71915 2.93358 3.23228 2.49438 2.32229 2.50966 2.21566 2.56459 3.20779
threshold=1.0000000180025095e-35 8.5000000000000018 16.500000000000004 9.1868023592010832 1.5000000000000002 9.1980056239386681 8.4182550812564507 2.3442155803461335 -0.11579784509919953 0.028513356562137052 24.500000000000004 9.5000000000000018 7.4389829350645753 25.500000000000004 8.3958991122946092 0.37378966624900595 29.500000000000004 2.7377885089469012 5.5519419209880105 7.17165691362215 1.5000000000000002 23.500000000000004 0.023222109875294914 0.69261053906723202 17.500000000000004 4.5000000000000009 4.5000000000000009 7.195578952690652 5.5000000000000009 9.1285556118802251
decision_type=2 2 2 2 2 2 2 2 2 2 2 2 2 2 2 2 2 2 2 2 2 2 2 2 2 2 2 2 2 2
left_child=-1 2 4 6 5 24 14 -8 -5 11 -11 -10 -6 25 16 -16 17 -4 -19 22 -21 -22 23 -20 27 26 -14 -2 -29 -30
right_child=1 -3 3 8 12 -7 7 -9 9 10 -12 -13 13 -15 15 -17 -18 18 19 20 21 -23 -24 -25 -26 -27 -28 28 29 -31
leaf_value=-0.026084655054294609 0.01285562438168669 -0.012703731537268729 0.065246900563215068 -0.012703731537268729 0.014010366169301276 -0.012703731537268729 -0.012703731537268729 0.020839695397667085 0.025275405463311102 0.025275405463311102 0.075368651518448918 0.0029256512483304522 0.015569590620974863 0.014010366169301276 -0.012703731537268729 0.07704112965229723 -0.0085766195805309052 -0.012703731537268729 -0.012703731537268729 -0.0048349364525909176 -0.0021370839291769048 0.047303648643123246 0.039211015615295358 0.016646070519847834 0.014010366169301276 0.014010366169301276 0.078082411388303685 0.014010366169301276 -0.0088316420164387989 0.014010366169301276
leaf_weight=7.0825239493788095 31.282144637872989 15.266514540569913 1.0399013527785417 7.0218348963389863 7.2316069667940637 26.701417055039201 72.250554281141376 8.357215475116389 10.393438220256938 6.1643264511949365 6.5478880224982277 26.938927046780009 2.7306887215236184 2.5625471585881305 1.9307347109643149 2.1661061038612388 81.759714847219584 14.965754934135473 3.5892910200200303 69.052529342414346 7.9341939842342963 6.1640594915588736 10.947464897675671 25.303628073605068 36.077739944579662 3.2032708522165185 7.1691289257723838 5.2356746033474328 68.843044656328857 1.8032883316918731
leaf_count=57287 2440 2850 146 1607 268 1714 5057 118 258 68 90 1148 25 422 183 70 6591 2301 329 4066 447 289 168 1657 3459 57 117 215 3653 113
internal_value=0.000304599 0.000677192 0.00126526 -0.000794986 0.0051225 0.00219884 -0.00354416 -0.0127037 0.0137282 0.018555 0.0402353 0.0103155 0.0258219 0.0404412 -5.43146e-06 0.0355348 -0.000822262 0.00376763 0.002838 0.00585747 -0.000224674 0.0211808 0.0182462 0.00925668 0.00589786 0.0526652 0.0638497 0.00187645 -0.00275802 -0.0058379
internal_weight=577.717 570.635 555.368 362.528 192.841 169.943 305.461 80.6078 57.0664 50.0446 12.7122 37.3324 22.8972 15.6656 224.853 4.09684 220.757 138.997 137.957 122.991 83.1508 14.0983 39.8404 28.8929 143.242 13.1031 9.89982 107.164 75.882 70.6463
internal_count=97213 39926 37076 24593 12483 11594 21422 5175 3171 1564 158 1406 889 621 16247 253 15994 9403 9257 6956 4802 736 2154 1986 9880 199 142 6421 3981 3766
is_linear=0
shrinkage=0.05


Tree=166
num_leaves=31
num_cat=0
split_feature=2 4 12 16 14 0 11 14 12 3 12 11 12 4 14 0 14 14 14 1 8 14 1 14 12 14 7 16 0 0
split_gain=2.28768 2.38957 1.86726 4.85924 2.55771 4.64665 3.17336 2.81414 2.4164 1.78261 1.77234 1.69861 1.68901 2.10133 1.35848 1.71857 1.20042 1.1569 1.11983 1.04609 0.876812 0.867007 1.58161 0.649627 0.597621 0.42519 0.318882 0.260951 0.205353 0.126052
threshold=1.0000000180025095e-35 0.97234964322120299 4.5000000000000009 0.091750841750841763 24.500000000000004 -0.20125956758308861 1.5000000000000002 4.5000000000000009 1.5000000000000002 1.0000000180025095e-35 1.5000000000000002 1.0000000180025095e-35 1.0000000180025095e-35 0.7914855072463769 16.500000000000004 1.7267104541893661 11.500000000000002 1.5000000000000002 19.500000000000004 0.30854962008624615 1.0000000180025095e-35 11.500000000000002 0.079108593163883745 19.500000000000004 1.0000000180025095e-35 6.5000000000000009 1.5000000000000002 0.022695081122843169 0.45744136699351562 2.4199667199604065
decision_type=2 2 2 2 2 2 2 2 2 2 2 2 2 2 2 2 2 2 2 2 2 2 2 2 2 2 2 2 2 2
left_child=19 2 4 20 6 26 8 -8 9 11 -7 12 13 16 25 23 17 -2 -18 -1 -4 -14 -23 -16 -11 -3 -6 -12 -22 -20
right_child=1 14 3 -5 5 10 7 -9 -10 24 27 -13 21 -15 15 -17 18 -19 29 -21 28 22 -24 -25 -26 -27 -28 -29 -30 -31
leaf_value=-0.040237074204157786 -0.0035239441351423181 0.046545883714732394 -0.01157903061804394 0.016227875104787608 -0.01157903061804394 0.016227875104787608 0.0065182856395678808 0.016227875104787608 -0.01157903061804394 0.0065182856395678808 0.0023244222433718357 0.0028157685171980359 -0.01157903061804394 2.4538353612118052e-06 0.052389200782083756 0.091657812268810077 -0.0035239441351423181 -0.01157903061804394 -0.01157903061804394 -0.01157903061804394 -0.0046273041873360508 -0.01157903061804394 2.4538353612118052e-06 0.016227875104787608 0.0028157685171980359 0.016227875104787608 0.0023244222433718357 0.016227875104787608 0.0023244222433718357 -0.0035239441351423181
leaf_weight=4.113104809430296 7.1590540114557362 1.0996775534804322 26.051422177471977 4.3149498741840935 8.0082538291862839 46.780662021439639 16.892056554861483 30.477232004734105 10.950485420027688 45.962032245326554 4.7221152501588213 62.499293075590685 9.6655801830056571 132.67617746419273 0.45229724314413111 0.71058834277209815 47.929446710310003 39.840295284302556 14.963376989122482 2.7008013220920475 2.7285931272635926 5.7147989232980789 23.307330844450917 1.5882735253762801 14.628750352618225 2.2972559984118561 0.49504946658271443 3.100573666713899 4.6819407852308359 2.4874880765564731
leaf_count=43968 74 35 2686 281 7998 2407 150 461 692 977 437 2072 724 9142 42 25 3671 3630 1025 13364 269 886 1128 228 303 149 89 161 223 29
internal_value=0.00167975 0.00204327 0.00167743 -0.0089196 0.00245067 0.0118145 0.00115767 0.013282 -0.000245446 0.000546984 0.0162279 -0.000886749 -0.00281086 -0.00125069 0.0307783 0.053363 -0.00705034 -0.011579 -0.00352394 -0.0252013 -0.011579 -0.011579 -0.00277096 0.0162279 0.00651829 0.0162279 -0.011579 0.00232442 0.00232442 -0.011579
internal_weight=578.999 572.185 566.037 37.7769 528.26 63.1067 465.153 47.3693 417.784 406.834 54.6034 346.243 283.744 245.056 6.14809 2.75116 112.38 46.9993 65.3803 6.81391 33.462 38.6877 29.0221 2.04057 60.5908 3.39693 8.5033 7.82269 7.41053 17.4509
internal_count=97326 39994 39515 3459 36056 11092 24964 611 24353 23661 3005 22381 20309 17571 479 295 8429 3704 4725 57332 3178 2738 2014 270 1280 184 8087 598 492 1054
is_linear=0
shrinkage=0.05


Tree=167
num_leaves=31
num_cat=0
split_feature=21 17 14 12 9 9 9 5 16 9 5 0 14 0 14 16 9 9 16 12 0 9 5 5 0 14 1 14 5 14
split_gain=2.97283 4.99119 2.85144 2.28092 2.25655 2.81256 4.09445 1.9873 4.85562 4.85734 3.03785 2.92798 2.63284 4.03182 3.52101 3.65383 3.16249 2.96841 2.92913 2.80342 2.78273 2.61437 2.52191 2.50002 2.24732 2.14002 2.1392 2.06748 1.99157 1.87366
threshold=1.0000000180025095e-35 1.0000000180025095e-35 1.0000000180025095e-35 17.500000000000004 76.500000000000014 62.500000000000007 54.500000000000007 9.1512976091682621 0.020236145236145243 13.500000000000002 8.9420060446884797 -0.27925531041710955 34.500000000000007 2.8253796890422285 18.500000000000004 0.027722880983750552 10.500000000000002 5.5000000000000009 0.064866760168302964 3.5000000000000004 0.23128738011857464 19.500000000000004 6.3198989676170809 7.2194222969600093 2.5127593914237871 22.500000000000004 0.03530233571291537 10.500000000000002 7.9698397002827983 11.500000000000002
decision_type=2 2 2 2 2 2 2 2 2 2 2 2 2 2 2 2 2 2 2 2 2 2 2 2 2 2 2 2 2 2
left_child=1 2 -1 4 5 6 7 10 9 -9 12 -11 14 18 17 16 -16 22 -14 20 21 23 -4 -18 27 -22 -23 -12 -17 -10
right_child=-2 -3 3 -5 -6 -7 -8 8 29 11 24 -13 13 -15 15 28 19 -19 -20 -21 25 26 -24 -25 -26 -27 -28 -29 -30 -31
leaf_value=0.02353142925426252 0.048323261809184545 -0.042614827039858791 -0.031021288006063505 -0.037512567577518134 -0.032134476028728133 0.025051503643354178 -0.034519490131942707 -0.020174932784014707 0.013399075924100246 -0.029849707474778994 0.00069749328019474565 0.013246484641723398 -0.040925420439162294 0.025051503643354178 -0.029653327192694524 0.025051503643354178 0.0041833119079149562 -0.0010003090896667929 -0.0014775671121271012 -0.037801986947673574 0.014418136018011169 -0.035948488279476498 0.025051503643354178 -0.043622880112154476 0.021441287134465178 0.0041833119079149562 0.0041833119079149562 -0.029449537476617316 0.014418136018011169 0.025051503643354178
leaf_weight=14.340479455422608 2.4531073914185972 5.2655247362276887 1.2808859297147126 2.691345041825115 3.8238271924610663 5.9829356630953034 6.6569796510566439 17.521232326185782 5.6650245563287198 3.362242415214495 7.592471963440409 45.987830124382526 9.9061806182362435 0.57329620548989702 5.3134844678479558 17.591237467760951 1.9898939562208422 289.11152142959691 2.800238117109985 2.3513352880800076 23.440212709690968 2.4203203693823516 5.6234086915974331 5.6250524135421074 2.9165435299437368 29.462145935318404 11.113829188238922 16.629252495152286 13.907333427065167 19.500741637767533
leaf_count=80 274 6716 58 1834 1751 2327 2584 2174 97 4006 888 5967 11186 18 600 604 654 34633 173 136 2966 2665 356 1407 71 3687 4777 3491 444 637
internal_value=0.00205805 0.00177975 0.00225941 0.00167458 0.00193029 0.00222272 0.00179701 0.0023061 0.00895844 0.00174665 0.0009276 0.00977579 0.00198259 -0.0191337 0.0027128 0.0101702 0.00446948 -0.000164008 -0.0280066 0.00719502 0.00910844 -0.00605151 0.0250515 -0.0279106 -0.0149841 0.0144181 0.00418331 -0.0200463 0.0243668 0.0250515
internal_weight=582.9 580.447 575.181 560.841 558.149 554.326 548.343 541.686 92.0371 66.8713 449.649 49.3501 422.51 13.2797 409.231 113.215 81.7163 296.016 12.7064 76.4028 74.0515 21.1491 6.90429 7.61495 27.1383 52.9024 13.5341 24.2217 31.4986 25.1658
internal_count=97261 96987 90271 90191 88357 86606 84279 81695 12881 12147 68814 9973 64364 11377 52987 17940 16892 35047 11359 16292 16156 9503 414 2061 4450 6653 7442 4379 1048 734
is_linear=0
shrinkage=0.05


Tree=168
num_leaves=31
num_cat=0
split_feature=12 16 3 9 5 9 12 1 9 8 12 4 5 5 5 5 9 15 14 4 7 9 14 12 4 4 14 1 5 14
split_gain=3.77381 2.72262 2.75993 2.55426 3.16939 2.26123 2.22156 2.13235 2.33819 1.91692 1.81765 2.57909 2.5659 2.30504 4.30836 2.85255 3.2076 2.74623 3.61953 1.77642 1.74857 1.70038 1.69715 1.75705 1.66758 1.56483 2.04054 1.53962 1.46581 1.1816
threshold=15.500000000000002 0.1502688172043011 1.0000000180025095e-35 35.500000000000007 5.8776694374807281 31.500000000000004 1.0000000180025095e-35 0.63785969432658229 16.500000000000004 1.0000000180025095e-35 3.5000000000000004 0.76651090342679129 8.3723432244328944 8.3038228351506458 9.1868023592010832 7.3770169429876455 28.500000000000004 1.0000000180025095e-35 18.500000000000004 0.86706827309236967 1.0000000180025095e-35 23.500000000000004 3.5000000000000004 1.0000000180025095e-35 0.69261053906723202 0.69852141769949994 4.5000000000000009 0.015119900827276992 8.4182550812564507 5.5000000000000009
decision_type=2 2 2 2 2 2 2 2 2 2 2 2 2 2 2 2 2 2 2 2 2 2 2 2 2 2 2 2 2 2
left_child=1 2 3 5 -5 7 -7 8 27 -4 13 28 -13 15 19 16 17 18 24 22 -9 -21 -15 -24 -10 26 -8 -1 -12 -27
right_child=-2 -3 9 4 -6 6 25 20 10 -11 11 12 -14 14 -16 -17 -18 -19 -20 21 -22 -23 23 -25 -26 29 -28 -29 -30 -31
leaf_value=-0.031808887849346219 -0.043100658961298777 0.034755908919980955 0.0055016414199912343 -0.027511110232512695 0.0055016414199912343 -0.027435881997103506 -0.011757024940082014 0.0014171490658622917 -0.041561174577482235 0.018338701328065931 -0.02391885387314362 -0.02391885387314362 0.0014171490658622917 -0.06059940184567747 0.0014171490658622917 0.0014171490658622917 -0.043866358782977823 0.0014171490658622917 -0.044732038303637374 -0.016526984830471322 0.0055016414199912343 0.0014171490658622917 -0.035212403155595824 -0.016526984830471322 -0.0074780850470259359 -0.011757024940082014 -0.056336716822789262 0.0014171490658622917 -0.068075977979494037 0.0055016414199912343
leaf_weight=2.6855887528126905 3.6175676875427589 5.3897107160737496 56.879718541400507 7.5893308132567645 67.334726681671782 14.681715026648819 0.46866490319371168 70.884131437691394 2.8357676538362346 22.48610910552452 3.7534480789399813 4.5843355668139321 4.0905337638505443 3.0772101607017275 21.777596506582995 36.413436261675997 5.5606831885916099 8.6824419536505939 7.10814207529529 6.2050216905045072 43.960104387653701 3.9766228690295975 15.074392391291441 9.1065042654035988 16.205452181949113 1.8824696799056244 2.1839040876820945 113.42983092487157 2.7510246417459712 9.0076018958498008
leaf_count=2165 2067 374 9248 2844 19446 4129 4 3082 910 1333 194 252 150 72 4601 8211 1842 664 3538 1173 906 958 4476 2382 4236 19 534 15637 127 1733
internal_value=0.0019315 0.00229225 0.00192149 0.00049922 0.00550164 -0.00121979 -0.0146249 -0.000194175 -0.00264136 0.0105041 -0.00679605 -0.0226807 -0.00366881 -0.00487083 -0.0121953 0.000860508 -0.0117327 -0.00552167 -0.0163733 -0.0224687 0.00547566 -0.00411983 -0.0289341 -0.022658 -0.00747809 0.00019519 -0.0290157 0.00141715 -0.0441689 0.00550164
internal_weight=573.684 570.066 564.677 485.311 74.9241 410.387 28.2244 382.162 267.318 79.3658 151.203 15.1793 8.67487 136.023 59.2173 76.8059 40.3925 34.8318 26.1494 37.4398 114.844 10.1816 27.2581 24.1809 19.0412 13.5426 2.65257 116.115 6.50447 10.8901
internal_count=97307 95240 94866 84285 22290 61995 6419 55576 51588 10581 33786 723 402 33063 13662 19401 11190 9348 8684 9061 3988 2131 6930 6858 5146 2290 538 17802 321 1752
is_linear=0
shrinkage=0.05


Tree=169
num_leaves=31
num_cat=0
split_feature=14 15 14 0 0 16 5 16 14 9 9 5 4 14 14 12 9 9 9 11 5 14 5 5 4 9 0 12 14 16
split_gain=2.19817 1.88881 2.34046 1.83287 1.79911 1.61626 1.43809 2.47675 2.44295 2.12435 2.4905 1.81036 1.63577 1.46212 2.89915 3.27187 1.95173 3.06378 2.97068 2.83372 3.86915 3.9334 3.51777 2.18091 2.1465 2.24589 2.05415 2.02137 1.92451 1.88178
threshold=1.0000000180025095e-35 3.5000000000000004 45.500000000000007 2.8253796890422285 -0.99266396128577028 0.10102040816326532 9.1512976091682621 0.020236145236145243 14.500000000000002 13.500000000000002 24.500000000000004 9.0666970738650363 0.93127066603684472 33.500000000000007 26.500000000000004 1.5000000000000002 29.500000000000004 38.500000000000007 48.500000000000007 1.0000000180025095e-35 8.6478545464965979 6.5000000000000009 5.9773868259792655 7.9295840231213992 0.80934205743366061 32.500000000000007 2.1678748592597095 1.5000000000000002 18.500000000000004 0.080540540540540564
decision_type=2 2 2 2 2 2 2 2 2 2 2 2 2 2 2 2 2 2 2 2 2 2 2 2 2 2 2 2 2 2
left_child=-1 2 4 -4 -2 -3 11 8 -8 -10 -11 13 -13 14 16 -16 19 24 27 20 21 26 -21 -20 -18 -26 -6 -19 -25 -17
right_child=1 5 3 -5 6 -7 7 -9 9 10 -12 12 -14 -15 15 29 17 18 23 22 -22 -23 -24 28 25 -27 -28 -29 -30 -31
leaf_value=0.020819646720228544 -0.035690130549790998 0.012792432572069027 -0.041085356435185336 0.012792432572069027 -0.017520648425152829 0.045375788609655916 0.0067159811345596822 0.012792432572069027 -0.017520648425152829 0.0067159811345596822 -0.016749035148011168 -0.017520648425152829 0.012792432572069027 -0.017520648425152829 0.012792432572069027 -0.017520648425152829 -0.017520648425152829 0.012792432572069027 -0.017520648425152829 0.0033531735502783165 -0.017520648425152829 0.0033531735502783165 0.012792432572069027 0.012792432572069027 0.012792432572069027 -0.0091875175729018033 0.0033531735502783165 -0.014794157530242194 -0.017520648425152829 0.012792432572069027
leaf_weight=12.544520819908938 2.4275038988562292 2.3368207825187701 4.5086103067706054 0.050496260984800645 25.55899469857923 4.0869098951297929 37.408186170827321 24.07438615403953 5.8147757166534602 12.924302783161695 13.057305270506729 8.7724434995252505 1.3559184739206092 10.057787160423684 24.23753081811174 5.7483370227691912 31.08097542323685 20.75637489776091 9.9209074436448663 10.120262518466005 31.618163891253062 155.11939935447208 80.886963060556809 6.3931713075071439 8.9747808971606009 11.600793554043774 3.2251547357373047 5.8593593569348732 1.7842493508742334 0.64602435391861934
leaf_count=81 9007 747 12947 5 2378 429 4449 558 619 1911 3330 1353 144 3205 4881 648 5150 4684 2851 736 4702 22767 3567 1103 1385 1928 153 295 963 11
internal_value=0.000915627 0.000433791 9.78851e-05 -0.0321825 0.000423729 0.025487 0.000648834 0.00626806 0.00063953 -0.00961297 -0.000661886 -0.000517656 -0.0175206 -1.18426e-05 0.000445222 0.0127924 -0.000711851 -0.00687971 0.00268953 0.00124335 -0.00188466 0.000925591 0.00859101 -0.0125403 -0.0150566 -0.000854387 -0.0158072 0.0127924 0.00854009 -0.0175206
internal_weight=572.951 560.407 553.983 4.55911 549.424 6.42373 546.997 93.279 69.2046 31.7964 25.9816 453.718 10.1284 443.589 433.531 30.6319 402.9 96.3706 44.7141 306.529 215.522 183.904 91.0072 18.0983 51.6565 20.5756 28.7841 26.6157 8.17742 6.39436
internal_count=96987 96906 95730 12952 82778 1176 73771 10867 10309 5860 5241 62904 1497 61407 58202 5540 52662 18359 9896 34303 30000 25298 4303 4917 8463 3313 2531 4979 2066 659
is_linear=0
shrinkage=0.05


Tree=170
num_leaves=31
num_cat=0
split_feature=7 14 21 17 12 16 14 14 16 5 14 4 5 5 5 5 1 5 14 14 5 14 5 12 12 14 4 13 14 1
split_gain=4.17744 2.91283 2.29916 4.15837 1.8422 6.61234 3.06824 2.47759 2.83237 2.45594 2.94628 2.65586 2.84263 2.64448 2.89498 5.39088 3.24483 2.62561 3.19404 2.31534 2.32572 2.17368 2.3557 1.97228 1.96513 2.40664 1.94601 1.62865 2.2451 1.62845
threshold=2.5000000000000004 1.0000000180025095e-35 1.0000000180025095e-35 1.0000000180025095e-35 4.5000000000000009 0.046620299934796793 9.5000000000000018 21.500000000000004 0.019884023590655994 7.4659323263886312 7.5000000000000009 0.7914855072463769 7.1042461505127674 7.5759899252473222 8.2360076701395872 8.6559448806043715 0.14433360869933207 7.9774587690879679 12.500000000000002 11.500000000000002 6.7367967526708386 13.500000000000002 8.7216694081246562 1.5000000000000002 14.500000000000002 9.5000000000000018 0.63427747180697625 0.17921101923340493 16.500000000000004 0.025118921069207979
decision_type=2 2 2 2 2 2 2 2 2 2 2 2 2 2 2 2 2 2 2 2 2 2 2 2 2 2 2 2 2 2
left_child=1 -1 3 4 7 24 -7 9 -9 11 29 -3 19 -12 17 26 23 18 -15 20 -13 -18 -23 -17 25 -6 -16 -19 -29 -11
right_child=-2 2 -4 -5 5 6 -8 8 -10 10 13 12 -14 14 15 16 21 27 -20 -21 -22 22 -24 -25 -26 -27 -28 28 -30 -31
leaf_value=0.022502935441203603 0.044644995858957016 -0.013893392133188102 0.022674821164692216 -0.042143965754523817 -0.0098162917521093032 -0.0098162917521093032 0.011247327582122921 0.00072588076699038823 0.011247327582122921 -0.021292980235678806 0.011247327582122921 -0.006746928989421256 -0.006746928989421256 -0.023062286500676696 -0.033453407208228148 -0.026819906657712868 -0.0097167926119052974 -0.032345943465676645 0.008654566996916831 0.011247327582122921 0.011247327582122921 -0.0097167926119052974 0.011247327582122921 -0.0097167926119052974 -0.0098162917521093032 -0.050103035023818049 0.011247327582122921 0.011247327582122921 -0.0164733229220933 0.011247327582122921
leaf_weight=13.923923202382865 4.4615932877004516 60.288109244619591 2.424078808471676 4.8412738847023311 5.1930513469269561 3.2980284038931158 15.782989959363475 72.678839423059799 25.659990469171134 2.9776800540521426 7.6378947776192936 14.900982594452218 21.021382432130849 11.467197212817153 1.706154998146302 26.228690918787837 29.132311023644434 16.794443529360255 20.911908083528033 26.305741079067047 6.8538278441992579 3.3576798480571588 34.771607760183542 3.0293729113300278 3.0685700082867688 10.99931849902441 51.262468814125896 3.2432572265861372 2.0334146786590281 66.952134827577538
leaf_count=91 119 9319 249 6666 133 23 432 30105 2287 565 1181 1584 2478 1856 430 7777 2827 3136 3401 3652 690 318 3201 329 2014 898 6740 320 221 4176
internal_value=0.00112381 0.000704646 0.000118091 -0.000180166 0.000267011 -0.0101587 0.0104882 0.0010704 0.00815668 -0.000641315 0.00197998 -0.00631663 0.000399534 -0.000972087 -0.00245507 0.00115687 -0.00597525 -0.0122133 -0.00293249 0.00804281 -0.00554786 0.000139934 0.00791215 -0.0195735 -0.0301207 -0.0376949 0.0112473 -0.0251114 -0.000600702 0.0107994
internal_weight=573.208 568.746 554.822 552.398 547.557 38.342 19.081 509.215 98.3388 410.876 281.506 129.37 69.0819 211.576 203.939 149.488 96.5197 54.4502 32.3791 48.0606 21.7548 67.2616 38.1293 29.2581 19.2609 16.1924 52.9686 22.0711 5.27667 69.9298
internal_count=97218 97099 97008 96759 90093 3500 455 86593 32392 54201 36478 17723 8404 31737 30556 21622 14452 8934 5257 5926 2274 6346 3519 8106 3045 1031 7170 3677 541 4741
is_linear=0
shrinkage=0.05


Tree=171
num_leaves=31
num_cat=0
split_feature=7 4 16 14 5 5 10 14 4 0 4 14 14 16 16 16 5 7 4 5 14 5 14 5 14 5 12 5 5 5
split_gain=2.48179 2.97655 2.7031 1.88325 1.85572 5.04195 2.21987 4.16213 2.47995 1.94104 1.93155 3.19186 2.294 3.2258 1.58893 1.26512 1.1357 1.09459 1.09012 1.65434 0.99648 0.872663 1.37138 0.864138 2.20661 1.44002 0.859742 0.811506 0.754009 0.714695
threshold=1.5000000000000002 0.93957648776925906 0.028513356562137052 57.500000000000007 8.2360076701395872 8.1662635015820513 367.73134028412625 8.5000000000000018 0.9678709677419356 -0.69051970220388947 0.65863337204800632 18.500000000000004 14.500000000000002 0.029278497805898567 0.080540540540540564 0.13921188630490958 7.9698397002827983 1.0000000180025095e-35 0.72554997608799632 8.3287557939817756 18.500000000000004 8.875702326855011 24.500000000000004 7.7173127874535714 2.5000000000000004 8.1165658364029749 1.0000000180025095e-35 7.8790375849370555 3.3158223222275827 7.1182000385728159
decision_type=2 2 2 2 2 2 2 2 2 2 2 2 2 2 2 2 2 2 2 2 2 2 2 2 2 2 2 2 2 2
left_child=3 2 -2 4 5 10 20 8 -8 -9 11 17 23 -14 -7 -5 -15 27 19 -11 -6 -21 -23 28 -25 -26 -3 -1 -12 -19
right_child=1 26 -4 15 6 14 7 9 -10 18 12 -13 13 16 -16 -17 -18 29 -20 21 -22 22 -24 24 25 -27 -28 -29 -30 -31
leaf_value=-0.047029682447940806 0.0080764265455025696 0.068200079455604939 0.029081635729402047 -0.03932305729709798 0.0080764265455025696 -0.045169049221126523 -0.023849592391066137 -0.037022333014473996 0.0043633939187202311 -0.00061281188945756175 -0.0061859233164611241 -0.0061859233164611241 -0.0061859233164611241 0.0080764265455025696 0.0080764265455025696 0.0080764265455025696 0.00094525161452072297 -0.023336776781185051 0.0043633939187202311 -0.016329469547876882 0.0043633939187202311 -0.00061281188945756175 -0.016329469547876882 0.0080764265455025696 -0.0061859233164611241 0.0080764265455025696 0.029081635729402047 -0.023336776781185051 0.0080764265455025696 -0.0061859233164611241
leaf_weight=8.5844090424943733 27.363443574381563 2.392810602188546 7.8158775987649269 3.4884448183370287 83.157899429108511 7.0920555428856442 22.390966021057469 1.8446427180178933 0.55792000865585478 1.5169002709171788 1.7080929917519814 6.2539572845735156 80.399826139100696 31.211174067426327 1.0878048476879483 0.6087042627041227 4.4613102961302493 1.9131614197594888 89.509563299487127 11.012792644456567 25.05365353632169 12.36987824184507 3.0741445552830564 6.3201511206862042 29.377107127459571 2.5825752432119762 2.0042894786411125 1.4617678778122343 93.688794365304602 2.3654848375863367
leaf_count=1781 1318 78 194 10184 7496 1170 2777 4770 26 335 488 2204 23820 1106 15 117 140 208 11949 2139 4772 1983 655 76 3952 327 58 425 12221 243
internal_value=0.00257028 0.0144932 0.00890674 0.00165965 0.00194753 -0.000861055 0.00506128 0.000650361 -0.0183908 0.00436339 0.000375065 -0.0139808 0.001609 -0.00351775 -0.0373031 -0.0285993 0.00807643 -0.0308589 0.00436339 -0.00558902 0.00807643 -0.0139085 -0.00373289 0.00605365 -0.000331199 -0.00618592 0.0492565 -0.0392774 0.00807643 -0.00739615
internal_weight=572.67 39.5764 35.1793 533.093 528.996 278.508 250.488 142.277 22.9489 119.328 270.328 20.5788 249.749 116.072 8.17986 4.09715 35.6725 14.3248 117.483 27.9737 108.212 26.4568 15.444 133.677 38.2798 31.9597 4.3971 10.0462 95.3969 4.27865
internal_count=97027 1648 1512 95379 85078 48176 36902 24634 2803 21831 46991 4861 42130 25066 1185 10301 1246 2657 17061 5112 12268 4777 2638 17064 4355 4279 136 2206 12709 451
is_linear=0
shrinkage=0.05


Tree=172
num_leaves=31
num_cat=0
split_feature=14 7 15 12 11 14 10 14 13 14 11 14 5 12 5 4 14 5 5 5 8 5 14 10 14 14 0 5 5 5
split_gain=3.68206 2.31225 1.69839 2.86963 2.07309 1.98592 1.99572 1.87758 2.20271 1.65781 6.83783 1.80216 1.64661 1.58977 3.38324 3.28548 2.22954 2.19127 3.82303 1.68041 1.45483 1.45831 1.38418 1.36653 1.33344 3.30104 1.17315 1.10857 1.10982 1.10374
threshold=1.0000000180025095e-35 2.5000000000000004 3.5000000000000004 6.5000000000000009 1.5000000000000002 26.500000000000004 14.097953027773768 17.500000000000004 0.65608801332151601 8.5000000000000018 1.0000000180025095e-35 7.5000000000000009 5.7213653196100642 1.0000000180025095e-35 6.07358232863605 0.61930641821946175 23.500000000000004 7.7708049083537345 8.1165658364029749 4.1821387123638578 1.0000000180025095e-35 8.5148622581873923 4.5000000000000009 2.1000652309460954 16.500000000000004 14.500000000000002 0.38458208642900654 7.2862315880373218 6.9325797058159599 9.1285556118802251
decision_type=2 2 2 2 2 2 2 2 2 2 2 2 2 2 2 2 2 2 2 2 2 2 2 2 2 2 2 2 2 2
left_child=-1 2 3 4 5 6 -2 8 -5 10 11 20 -13 15 19 -11 -17 -16 -19 -15 21 27 -6 -10 25 26 -20 28 -8 -14
right_child=1 -3 -4 7 22 -7 9 -9 23 13 -12 12 29 14 17 16 -18 18 24 -21 -22 -23 -24 -25 -26 -27 -28 -29 -30 -31
leaf_value=0.026747746887969898 0.0035411648641541166 0.030779320095079162 0.015503132652038133 -0.036923188740742928 0.0035411648641541166 0.0035411648641541166 -0.036917852479147216 -0.034593137730257073 0.0076896756750699556 -0.036261912106135941 0.00012464605207942805 -0.00972711663968189 -0.050146832846024926 0.00012464605207942805 0.00012464605207942805 0.00012464605207942805 -0.018068633027028255 -0.034794548076036443 -0.020134543227788883 -0.043894198234891303 -0.00972711663968189 -0.015703537399204836 0.0076896756750699556 -0.014616756532836487 0.00012464605207942805 -0.040156936967363333 0.00012464605207942805 -0.040151166626425872 -0.015703537399204836 -0.00972711663968189
leaf_weight=12.76488573104143 37.742004724265826 5.2631165332822993 6.2226192763409918 2.4872304620221275 14.696846455510238 42.177137752971703 5.7208263558168273 8.6689493563644628 3.2292267349548638 5.2905705300518084 15.7599398620423 1.4091808382163424 9.145318415385189 1.3269917248426262 26.821975340125391 189.55306581304649 15.078215554530287 11.788189541799509 6.2035754722073824 7.3527249170119831 15.887578259676955 12.222971594364024 49.314965924182616 4.4244465013034642 23.250249652037382 6.6278657584107341 12.195701051587092 12.663669832667436 3.562855948397555 2.2978340819099676
leaf_count=86 4366 117 1169 117 136 21605 1222 1989 48 1808 771 343 1769 541 4002 34620 3205 1764 1389 1730 1091 1676 3234 126 3689 956 942 1728 429 369
internal_value=0.00120023 0.000569428 0.000226945 -0.000123781 0.000575984 -0.000607346 -0.00199924 -0.0188072 -0.00341878 -0.00329187 -0.00971733 -0.0195789 -0.0359286 -0.00161087 -0.00699693 0.000124646 0.000124646 -0.00382643 -0.0104668 -0.0350609 -0.0147596 -0.02168 0.00768968 0.00768968 -0.00394093 -0.0124998 -0.00098055 -0.0306823 -0.0157035 -0.042934
internal_weight=571.151 558.386 553.123 546.9 528.09 464.078 421.901 18.8099 10.1409 384.159 78.6702 62.9102 12.8523 305.489 95.5673 209.922 204.631 86.8876 60.0656 8.67972 50.0579 34.1703 64.0118 7.65367 48.2774 25.0271 18.3993 21.9474 9.28368 11.4432
internal_count=97037 96951 96834 95665 93385 90015 68410 2280 291 64044 9398 8627 2481 54646 15013 39633 37825 12742 8740 2271 6146 5055 3370 174 6976 3287 2331 3379 1651 2138
is_linear=0
shrinkage=0.05


Tree=173
num_leaves=31
num_cat=0
split_feature=12 21 17 2 5 4 5 5 0 4 4 16 5 9 9 5 5 13 5 5 5 9 5 0 9 9 0 5 5 11
split_gain=2.89525 2.83862 4.45398 2.75213 2.82462 4.88504 2.18543 2.95082 3.87694 2.66901 2.66279 2.5007 1.66875 2.76154 1.57413 2.54571 2.13834 2.8961 3.14424 2.54663 3.58096 3.30735 2.6076 2.55628 1.73301 2.68952 2.48751 1.60641 1.51422 2.7273
threshold=16.500000000000004 1.0000000180025095e-35 1.0000000180025095e-35 1.0000000180025095e-35 4.8193488608967234 0.69586530264279634 6.858432694097508 7.195578952690652 -0.23995930085553704 0.9630991285403051 0.70283649986620289 0.15430402930402934 6.6142136781406604 23.500000000000004 39.500000000000007 7.2531084142030116 7.8960311482039094 0.21774774774774777 7.4659323263886312 8.2360076701395872 8.3647054306170894 11.500000000000002 9.1980056239386681 -0.076657907343767026 42.500000000000007 47.500000000000007 -0.10580543830245739 7.3887150439786611 5.7213653196100642 1.0000000180025095e-35
decision_type=2 2 2 2 2 2 2 2 2 2 2 2 2 2 2 2 2 2 2 2 2 2 2 2 2 2 2 2 2 2
left_child=1 2 3 -1 5 -5 9 8 -8 12 -10 14 13 28 15 -9 17 18 -17 -18 -21 22 -22 -23 -16 27 -27 -26 -6 -30
right_child=-2 -3 -4 4 6 -7 7 11 10 -11 -12 -13 -14 -15 24 16 19 -19 -20 20 21 23 -24 -25 25 26 -28 -29 29 -31
leaf_value=-0.029263969929175217 -0.041619344195448202 0.047946702816381678 -0.042267776373867416 -0.013734965781286357 0.0077602407748855601 0.024446285824688913 -0.013734965781286357 -0.013734965781286357 0.0032603102251451636 0.024446285824688913 0.024446285824688913 0.024446285824688913 -0.013734965781286357 -0.013734965781286357 0.012552536457343303 -0.013734965781286357 -0.011561005402158427 0.012552536457343303 0.0060392147900631384 0.012552536457343303 0.012552536457343303 -0.013734965781286357 -0.0094225617463998025 -0.0019338950632138488 0.012552536457343303 -0.013734965781286357 0.012552536457343303 -0.013734965781286357 -0.013734965781286357 0.0077602407748855601
leaf_weight=6.2276167977397554 2.9730716111425854 2.2314307106134939 4.901729411602445 3.3322589762246961 14.694175706477834 14.814946997503283 4.3082616553219841 8.5036878447644977 6.4390398347168221 1.8123994163397572 31.6952688578167 3.3184034705045624 13.203127957429386 21.806133665508241 10.287881806216317 20.97598675514746 52.234345901473716 26.493795300521015 34.490032910420268 27.43904381156608 22.554031326268159 24.693269723764388 12.86776843966072 141.81691340374527 1.1891428736707883 2.2857733272976466 19.532664031634344 13.982493517978581 14.574238490422433 5.5445358797442159
leaf_count=55177 1975 265 6746 261 842 966 1115 475 253 134 982 238 777 1543 619 1394 3264 1225 2041 1466 1331 5151 854 4564 62 830 911 719 833 272
internal_value=0.000919056 0.00121434 0.000945869 0.00139789 0.00179404 0.0206663 0.00111872 0.00237391 0.014784 -0.0069514 0.0202556 0.00109578 -0.0089258 -0.00353173 0.000658787 -0.000442224 0.000364438 0.00742154 -0.000474107 -0.00170849 0.000575656 -0.00186041 0.011807 -0.00482102 0.00915323 0.00102537 0.0120654 -0.013735 0.00538408 -0.0060845
internal_weight=571.223 568.25 566.019 561.117 554.89 18.1472 536.742 465.108 42.4426 71.6346 38.1343 422.665 69.8222 56.6191 419.347 372.069 363.565 81.9598 55.466 281.605 229.371 201.932 35.4218 166.51 47.278 36.9901 21.8184 15.1716 34.813 20.1188
internal_count=97285 95310 95045 88299 33122 1227 31895 27494 2350 4401 1235 25144 4267 3490 24906 21765 21290 4660 3435 16630 13366 11900 2185 9715 3141 2522 1741 781 1947 1105
is_linear=0
shrinkage=0.05


Tree=174
num_leaves=31
num_cat=0
split_feature=21 17 12 15 12 5 16 16 1 5 12 5 9 5 5 9 9 14 7 9 14 9 5 5 9 14 9 7 5 5
split_gain=2.7759 4.50937 1.8156 1.88632 2.03422 2.69214 2.54262 1.92246 1.53512 1.4837 4.54291 1.93099 2.23188 2.37685 3.72064 1.98396 2.33361 3.03611 2.49143 1.95511 3.41414 2.30901 3.55054 2.10489 2.9921 2.6816 2.49474 2.22337 2.00348 2.3505
threshold=1.0000000180025095e-35 1.0000000180025095e-35 17.500000000000004 3.5000000000000004 6.5000000000000009 7.3770169429876455 0.090097402597402607 0.036710205774114969 0.010896901892776497 5.1826093221586591 1.0000000180025095e-35 6.858432694097508 35.500000000000007 8.0342993872660688 7.2862315880373218 29.500000000000004 18.500000000000004 6.5000000000000009 1.0000000180025095e-35 31.500000000000004 26.500000000000004 24.500000000000004 7.2531084142030116 7.195578952690652 21.500000000000004 17.500000000000004 19.500000000000004 1.5000000000000002 7.5589554635715812 7.3544086179388115
decision_type=2 2 2 2 2 2 2 2 2 2 2 2 2 2 2 2 2 2 2 2 2 2 2 2 2 2 2 2 2 2
left_child=1 2 3 4 8 7 -7 -6 -1 10 -10 15 19 14 -14 16 18 -18 -11 21 -21 23 -23 25 26 -13 27 -25 29 -26
right_child=-2 -3 -4 -5 5 6 -8 -9 9 11 -12 12 13 -15 -16 -17 17 -19 -20 20 -22 22 -24 24 28 -27 -28 -29 -30 -31
leaf_value=-0.026496224564950904 0.048041047822083974 -0.04183591048686694 -0.034884633903129486 0.025293565081311503 -0.02567577250444112 -0.032717889451725983 0.014083868615994906 0.014083868615994906 0.014083868615994906 -0.011409402440154613 -0.011409402440154613 0.014083868615994906 0.014083868615994906 0.014083868615994906 -0.011409402440154613 -0.011409402440154613 -0.011409402440154613 0.014083868615994906 0.012666788041492114 -0.011409402440154613 0.014083868615994906 -0.011409402440154613 0.014083868615994906 -0.0011436517090041437 -0.011409402440154613 -0.011409402440154613 0.014083868615994906 0.014083868615994906 -0.011409402440154613 0.014083868615994906
leaf_weight=3.2619184633786054 2.3765911694463275 4.6708029972219256 2.154166044374505 5.2768109018215901 2.1663612673000925 11.713558214290968 1.1451505292206992 3.6553762329276651 15.725458439508659 16.858902138867961 8.3477499149012129 20.485934149809513 8.5294859255864157 42.611318877053236 17.989842631619467 12.603061327261456 3.1649877859490543 17.208821188321053 10.374965027267537 23.050512813556455 3.4528842255840564 6.8281696841295334 63.289451712434129 178.63833571455143 1.9524541646505884 8.094389025299277 27.504582509696775 11.945683726611604 33.787140900025406 2.5331485212018379
leaf_count=5823 272 6743 1842 434 264 724 16 51 2823 2248 1412 1719 2224 10173 4614 3880 199 2932 492 3657 1335 1248 10355 20426 369 1068 4034 341 4803 390
internal_value=0.00281891 0.00254608 0.00298676 0.00319355 0.00287417 -0.0129332 -0.0251135 0.0137074 0.00344576 0.00367742 0.0140839 0.00308294 0.0042074 0.0124108 -0.00109066 -0.00526518 0.000929857 0.0133759 -0.00852509 0.00269257 -0.0101681 0.00367841 0.0117399 0.00166055 0.000202372 0.0140839 0.00248751 0.000395519 -0.0114094 0.0140839
internal_weight=571.398 569.021 564.351 562.196 556.92 18.6804 12.8587 5.82174 538.239 534.977 24.0732 510.904 450.693 69.1306 26.5193 60.2107 47.6077 20.3738 27.2339 381.563 26.5034 355.059 70.1176 284.942 256.361 28.5803 218.089 190.584 38.2727 4.4856
internal_count=96911 96639 89896 88054 87620 1055 740 315 86565 80742 4235 76507 66756 17011 6838 9751 5871 3131 2740 49745 4992 44753 11603 33150 30363 2787 24801 20767 5562 759
is_linear=0
shrinkage=0.05


Tree=175
num_leaves=31
num_cat=0
split_feature=9 21 17 0 15 9 0 5 12 9 11 13 12 5 9 3 9 4 5 5 0 5 5 0 13 9 5 5 0 9
split_gain=2.99159 2.57711 3.83887 1.9515 1.84045 1.82182 2.14842 1.94916 1.87018 1.64655 1.76294 2.52323 1.5313 1.40898 1.3428 1.32685 1.31726 1.82523 1.7931 1.46862 1.26759 1.18837 1.02651 0.93359 0.92885 0.901189 1.29583 0.864957 0.809124 0.673499
threshold=3.5000000000000004 1.0000000180025095e-35 1.0000000180025095e-35 -1.0423631426309203 3.5000000000000004 42.500000000000007 2.4199667199604065 8.3584718107074547 7.5000000000000009 38.500000000000007 1.5000000000000002 0.83887301587301599 1.5000000000000002 8.8393799507236199 44.500000000000007 1.0000000180025095e-35 20.500000000000004 0.72554997608799632 7.9213023298174763 7.8875759322481267 1.4863494965833004 7.2194222969600093 9.1980056239386681 -0.57572895710858785 0.84681462884997327 58.500000000000007 6.883168664080153 9.2183881920843636 0.11817937237212946 31.500000000000004
decision_type=2 2 2 2 2 2 2 2 2 2 2 2 2 2 2 2 2 2 2 2 2 2 2 2 2 2 2 2 2 2
left_child=-1 2 3 -2 5 8 7 25 9 10 15 -12 -11 -10 -9 16 17 19 21 -5 -14 28 -20 -18 -15 -7 -27 -21 -19 -25
right_child=1 -3 -4 4 -6 6 -8 14 13 12 11 -13 20 24 -16 -17 23 18 22 27 -22 -23 -24 29 -26 26 -28 -29 -30 -31
leaf_value=0.047942971205421875 -0.035646250969434828 0.047545593611492354 -0.04099868175928801 -0.0061439203241418251 0.024566510318820654 -0.016719116336105861 0.013229088658854117 -0.016719116336105861 -0.016719116336105861 0.013229088658854117 0.0060241984184598698 0.013229088658854117 -0.016719116336105861 -0.016719116336105861 0.00080236488152149736 0.0060241984184598698 -0.016719116336105861 -0.0061439203241418251 0.0031095881887496131 -0.016719116336105861 0.013229088658854117 -0.0061439203241418251 -0.0061439203241418251 0.0031095881887496131 0.013229088658854117 -0.016719116336105861 0.00080236488152149736 -0.0061439203241418251 0.0031095881887496131 -0.0043287834088612809
leaf_weight=2.5424339832334217 2.4282755524054656 2.0684444768521635 4.2450569658462873 16.501350932718196 5.4077719610686463 17.565748844552221 5.0149628203871535 3.0497825533530003 8.7282664207468752 15.866898329718426 30.940243291598563 28.604726988016409 2.324175140685838 1.7032763095157855 13.359186534613398 63.126209808621752 2.6752704371228893 10.410444203517725 67.910473730118611 15.22871664335071 0.53230541616358085 27.882934736278003 27.434242246937174 114.87947732532848 1.6081188379175726 1.8483185189579661 4.8488126817119337 6.5591077870385552 31.497752361779931 33.987578874577594
leaf_count=166 13491 244 6737 1955 1033 4856 231 586 1238 3335 1209 498 277 302 4100 8420 4715 2117 6855 2076 20 2991 2622 15297 125 868 2005 788 1753 6274
internal_value=0.00212681 0.00183795 0.00158743 0.0019814 0.00220802 0.00189167 -0.00756875 -0.0116244 0.002755 0.00324007 0.00261544 0.0105915 0.0132291 -0.0159577 0.000802365 0.00145693 0.000194978 -0.0024536 -0.000148188 -0.0121397 -0.0167191 -0.00614392 0.00310959 0.00310959 0.0130062 -0.0167191 0.000802365 -0.0167191 0.00223193 0.00310959
internal_weight=570.78 568.238 566.169 561.924 559.496 554.088 45.6868 40.6718 508.402 496.362 477.639 59.545 18.7234 12.0397 16.409 418.094 354.967 203.425 165.136 38.2892 2.85648 69.7911 95.3447 151.542 3.3114 24.2629 6.69713 21.7878 41.9082 148.867
internal_count=97184 97018 96774 90037 76546 75513 12646 12415 62867 61202 57570 1707 3632 1665 4686 55863 47443 21157 16338 4819 297 6861 9477 26286 427 7729 2873 2864 3870 21571
is_linear=0
shrinkage=0.05


Tree=176
num_leaves=31
num_cat=0
split_feature=2 4 5 3 5 9 4 9 14 9 14 16 14 0 0 5 5 9 1 9 5 1 4 9 9 9 5 5 14 14
split_gain=3.28922 2.11831 3.39982 1.91492 2.03332 3.77713 2.49853 2.38609 3.33036 1.94438 1.67694 1.62698 1.4527 1.43176 1.28875 1.14822 0.969318 2.42471 2.8778 2.6901 2.27755 0.953372 0.548883 0.491367 0.43179 0.425656 2.0123 0.240708 0.0201514 0.945506
threshold=1.0000000180025095e-35 0.9678709677419356 8.5883147797559811 1.0000000180025095e-35 6.858432694097508 23.500000000000004 0.69194823867721078 10.500000000000002 4.5000000000000009 4.5000000000000009 38.500000000000007 0.064866760168302964 7.5000000000000009 0.22027858537439496 1.5772676958670611 6.7367967526708386 8.3442946791835038 35.500000000000007 0.59773450507935688 21.500000000000004 8.4355663050602896 0.78525466282317535 0.60081300813008143 29.500000000000004 39.500000000000007 29.500000000000004 9.1868023592010832 8.4694794778753977 23.500000000000004 28.500000000000004
decision_type=2 2 2 2 2 2 2 2 2 2 2 2 2 2 2 2 2 2 2 2 2 2 2 2 2 2 2 2 2 2
left_child=21 3 -3 4 5 6 -2 8 -6 -10 16 -12 -4 -5 -14 -8 22 18 19 20 -18 -1 24 -15 -9 -21 -27 -20 -11 -30
right_child=1 2 12 13 7 -7 15 10 9 28 11 -13 14 23 -16 -17 17 -19 27 25 -22 -23 -24 -25 -26 26 -28 -29 29 -31
leaf_value=-0.041666269810268136 -0.013777040297109742 0.013081210434532599 0.093938595126100075 0.0056044867734820272 0.0056044867734820272 -0.013777040297109742 0.0056044867734820272 -0.013777040297109742 0.0056044867734820272 -0.013777040297109742 -0.013777040297109742 0.0056044867734820272 0.013081210434532599 0.013081210434532599 0.060254903298223139 -0.0040862767618138575 -0.013777040297109742 0.0056044867734820272 -0.00076680155366794754 -0.013777040297109742 -0.00076680155366794754 -0.013777040297109742 0.0056044867734820272 0.009342848604007312 -0.0040862767618138575 -0.013777040297109742 -0.00076680155366794754 0.0056044867734820272 0.0056044867734820272 -0.013777040297109742
leaf_weight=4.9879607849215963 4.535698217987373 7.4703952012896462 1.0423442386090758 18.330806639780349 8.920072937558869 27.73231331394345 39.141946785366599 2.5084058477223148 3.7891950448756679 30.040899715895648 6.0820953945549254 1.6816141049494033 2.086564091212495 45.107565758724377 0.73890798146021541 4.4250589399380251 6.0770842837664523 28.706632607725624 5.2632272702176115 27.997427533453447 50.538043516120524 1.3636674014014714 167.15750155092974 14.484225268650333 0.75813394889701147 8.2276092291722289 4.7229088887252137 42.352492497768253 1.9038854927930504 2.4178695806294854
leaf_count=51945 627 640 18 990 197 3689 4414 202 220 1932 6931 151 144 742 15 242 392 1579 95 1786 3552 5407 8597 274 42 560 278 750 82 738
internal_value=0.00263292 0.00306069 0.023564 0.00259845 0.00139689 -0.0060574 0.0032354 0.00282476 -0.00764006 -0.013777 0.00424157 -0.013777 0.0584657 0.00981208 0.0242442 0.00560449 0.004788 0.00168628 -0.00214474 -0.00713809 -0.000766802 -0.0306148 0.00560449 0.0130812 -0.013777 -0.013777 -0.002683 0.00560449 -0.013777 0.00351397
internal_weight=570.593 564.241 11.3382 552.903 474.98 75.835 48.1027 399.145 47.0719 38.1518 352.073 7.76371 3.86782 77.9226 2.82547 43.567 344.309 173.885 145.179 97.5631 56.6151 6.35163 170.424 59.5918 3.26654 40.9479 12.9505 47.6157 34.3627 4.32176
internal_count=97231 39879 817 39062 37056 8972 5283 28084 3169 2972 24915 7082 177 2006 159 4656 17833 8992 7413 6568 3944 57352 8841 1016 244 2624 838 845 2752 820
is_linear=0
shrinkage=0.05


Tree=177
num_leaves=31
num_cat=0
split_feature=5 5 5 9 9 9 12 1 4 18 4 14 12 4 5 14 5 9 5 17 14 5 14 9 9 12 5 5 4 5
split_gain=2.67808 4.26005 3.03439 2.9585 4.49737 2.88007 2.83805 2.24513 2.04133 2.00558 1.72442 1.61492 2.17219 2.72756 3.01075 4.789 4.30064 2.62773 2.61331 2.2788 2.2534 1.79234 1.67897 1.57003 1.70981 1.63493 2.59159 2.46713 1.74153 1.7398
threshold=6.858432694097508 6.9910998712849777 6.7367967526708386 21.500000000000004 29.500000000000004 40.500000000000007 10.500000000000002 0.31487789289911111 0.69194823867721078 1.0000000180025095e-35 0.9768778401496927 12.500000000000002 1.0000000180025095e-35 0.79329085457271376 5.2389989711999911 22.500000000000004 3.8403037988383915 32.500000000000007 6.2703899791575219 1.0000000180025095e-35 21.500000000000004 6.5216077629755533 17.500000000000004 74.500000000000014 41.500000000000007 1.0000000180025095e-35 9.1707417265189139 7.2421490045229806 0.62178642056690847 8.1165658364029749
decision_type=2 2 2 2 2 2 2 2 2 2 2 2 2 2 2 2 2 2 2 2 2 2 2 2 2 2 2 2 2 2
left_child=2 3 8 7 -5 -6 9 -2 -1 10 23 -10 13 20 15 16 -15 19 -14 -18 -13 22 -20 24 -3 28 27 -27 -26 -29
right_child=1 6 -4 4 5 -7 -8 -9 11 -11 -12 12 18 14 -16 -17 17 -19 21 -21 -22 -23 -24 -25 25 26 -28 29 -30 -31
leaf_value=-0.023286156847643305 -0.018984226520022702 0.0014279398036891686 -0.033154231817449281 0.089271864746371804 -0.025791866695666993 0.048129727152324032 -0.026087524376918914 0.032958634551581205 -0.0087023078510701703 0.046596941295202005 0.038125238115799313 -0.011812353235360581 -0.011812353235360581 0.010598626143713779 0.010598626143713779 0.010598626143713779 0.13227447188625177 0.010598626143713779 -0.011812353235360581 0.010598626143713779 0.010598626143713779 -0.011643267032810252 0.063536160752308501 -0.027481101636223554 -0.027861644182976132 0.020117441554498187 0.020117441554498187 -0.040066628419137058 0.020117441554498187 -0.0028201095799660764
leaf_weight=10.108309851137163 3.6528336120368277 407.28982532347663 8.4568688519079824 2.871265464784301 2.0469933159993166 1.3503123270165813 7.7702425649622446 2.788456758364191 32.189978828550011 1.5827985452015116 2.3526741731038774 6.1291729466520355 14.160974829354929 1.3440174297202272 10.75668729161225 1.41549705872967 2.2170754636299543 0.28733543818361784 0.43940082837798389 0.21107133038731252 3.7180935819824299 1.5234542260905071 1.8204055900496312 3.4449665306624402 1.0747216920221969 1.9016216174832177 2.9947557676123315 4.7421459725705954 20.890399757172418 7.2701844088282996
leaf_count=3085 577 59767 1322 471 397 399 2149 175 4693 206 436 1528 3622 359 1917 687 273 273 93 559 1118 439 357 1541 411 359 691 1281 6275 1649
internal_value=0.00138349 0.00291914 -0.00624719 0.0303912 0.0522974 0.00785305 0.00209814 0.00490935 -0.00326163 0.00263736 0.00238088 -0.00033855 0.00583453 0.0148211 0.026848 0.0539863 0.079864 0.107846 -0.00731897 0.121047 -0.00565076 0.0265934 0.0480348 0.00210964 0.00239907 0.0122828 0.000432561 -0.010327 0.0201174 -0.0194732
internal_weight=568.803 474.024 94.7783 12.7099 6.26857 3.39731 461.314 6.44129 86.3215 453.544 451.961 76.2132 44.0232 26.079 16.2317 5.475 4.0595 2.71548 17.9442 2.42815 9.84727 3.78326 2.25981 449.609 446.164 38.8738 16.9087 13.914 21.9651 12.0123
internal_count=97109 76784 20325 2019 1267 796 74765 752 19003 72616 72410 15918 11225 6714 4068 2151 1464 1105 4511 832 2646 889 450 71974 70433 10666 3980 3289 6686 2930
is_linear=0
shrinkage=0.05


Tree=178
num_leaves=31
num_cat=0
split_feature=21 17 9 4 9 14 15 13 16 0 9 9 3 5 5 9 16 5 14 9 5 13 14 13 14 5 5 4 5 5
split_gain=2.56055 3.8232 2.23862 4.06077 2.40072 1.98997 1.98895 1.90989 1.81573 1.61459 1.57794 2.77855 1.6898 1.62864 1.90018 3.82453 3.11743 2.82697 2.60149 3.13582 2.15335 1.57463 1.55591 2.77875 2.00193 1.96502 1.65129 1.54405 1.53543 1.51132
threshold=1.0000000180025095e-35 1.0000000180025095e-35 5.5000000000000009 0.81774475524475532 6.5000000000000009 52.500000000000007 3.5000000000000004 0.85537087912087928 0.11583184257602865 -0.81918883441034096 42.500000000000007 38.500000000000007 1.0000000180025095e-35 4.6501859588895087 7.4659323263886312 23.500000000000004 0.027722880983750552 7.8960311482039094 22.500000000000004 12.500000000000002 7.9213023298174763 0.75201078167115909 24.500000000000004 0.02535897435897436 34.500000000000007 8.4182550812564507 8.6938534147366209 0.68449656750572097 9.1707417265189139 8.3287557939817756
decision_type=2 2 2 2 2 2 2 2 2 2 2 2 2 2 2 2 2 2 2 2 2 2 2 2 2 2 2 2 2 2
left_child=1 2 3 -1 7 6 9 -4 -7 -6 11 13 -12 27 15 16 18 -16 19 21 -19 -15 23 -22 25 29 -26 -11 -5 -24
right_child=-2 -3 4 28 5 8 -8 -9 -10 10 12 -13 -14 14 17 -17 -18 20 -20 -21 22 -23 24 -25 26 -27 -28 -29 -30 -31
leaf_value=-0.027053580763100882 0.047271854957240129 -0.040845119849162392 -0.038143243717936558 0.024551947300152185 -0.025839921488518037 -0.040237913062957945 0.024551947300152185 0.024551947300152185 0.022602935947276352 -0.011741806003555686 -0.0099512129354321268 0.013323024615589041 0.013323024615589041 -0.011741806003555686 0.013323024615589041 -0.011741806003555686 0.013323024615589041 -0.011741806003555686 -0.011741806003555686 0.0052358970393629328 0.00024071419358760637 0.0052358970393629328 -0.0089894874747799506 0.011800676590407471 -0.011741806003555686 -0.011741806003555686 0.013323024615589041 0.013323024615589041 -0.0012508167314743497 0.013323024615589041
leaf_weight=3.0499163300410137 2.1192503659331114 4.2028317281055925 5.1125262548457604 7.2664211393976057 4.1310675825998251 3.8633050269881997 3.9930480779148629 0.70026527007485118 0.79520778090227384 1.2243263097006991 41.380166959126655 19.821397100897229 5.9141930347523148 13.611088765794195 49.074214729473169 43.583596708867844 23.763259025236039 5.2036774708012663 9.1028604701787099 44.509447782567804 155.6561135134034 3.1907365154183926 7.2444465211847291 77.08451728097134 1.8002282973229728 18.305178056107252 2.683286660041631 11.666106881395534 1.3668760159453084 2.8279660787702596
leaf_count=235 276 6718 575 440 12214 11288 258 54 121 282 9648 3189 1132 1488 5120 6425 412 563 1375 5136 19561 65 829 4495 662 2382 732 1320 99 262
internal_value=0.00208162 0.00183204 0.0022191 0.0229954 0.00174224 0.00210367 0.00240528 -0.0277676 -0.0274122 0.0020941 0.00235631 0.00320018 -0.00627811 0.00228276 0.00172226 -0.00317174 0.00271451 0.00383325 -0.00285123 0.00230015 0.00179175 -0.0117418 0.00266104 0.00410352 -0.00737491 -0.0117418 0.013323 0.013323 0.0245519 0.00965874
internal_weight=574.248 572.128 567.925 11.6832 556.242 550.429 545.771 5.81279 4.65851 541.778 537.647 490.352 47.2944 470.531 457.641 137.761 94.1774 319.88 70.4141 61.3113 270.805 16.8018 265.602 232.741 32.8611 28.3776 4.48351 12.8904 8.6333 10.0724
internal_count=97356 97080 90362 774 89588 88959 77550 629 11409 77292 65078 54298 10780 51109 49507 14901 8476 34606 8064 6689 29486 1553 28923 24056 4867 3473 1394 1602 539 1091
is_linear=0
shrinkage=0.05


Tree=179
num_leaves=31
num_cat=0
split_feature=15 12 14 16 0 8 7 14 14 11 14 14 12 4 12 4 4 15 11 16 4 0 14 14 16 14 16 14 12 4
split_gain=3.54838 3.11293 2.49057 2.04499 1.94957 1.64893 3.49508 1.42572 1.28707 2.451 1.87817 2.83165 1.87203 1.5761 1.38762 1.34282 0.966144 1.24359 0.851552 0.703057 0.628409 0.570653 0.559545 0.53778 0.531054 0.51807 0.424138 0.392884 0.325516 0.304572
threshold=2.5000000000000004 6.5000000000000009 17.500000000000004 0.072299651567944254 -0.99266396128577028 1.0000000180025095e-35 1.0000000180025095e-35 39.500000000000007 18.500000000000004 1.5000000000000002 4.5000000000000009 9.5000000000000018 1.0000000180025095e-35 0.82332933173269318 1.0000000180025095e-35 0.8277715980719319 0.76651090342679129 1.0000000180025095e-35 1.0000000180025095e-35 0.13921188630490958 0.61577311577311589 -0.039054492598341796 10.500000000000002 23.500000000000004 0.051503094606542892 17.500000000000004 0.029278497805898567 23.500000000000004 1.5000000000000002 0.68016393442622958
decision_type=2 2 2 2 2 2 2 2 2 2 2 2 2 2 2 2 2 2 2 2 2 2 2 2 2 2 2 2 2 2
left_child=1 4 16 -2 -1 7 23 8 9 10 -6 19 20 24 -10 26 -3 -18 -5 -12 -13 -17 -15 -7 -14 -8 28 -27 29 -16
right_child=3 2 -4 18 5 6 25 -9 14 -11 11 12 13 22 15 21 17 -19 -20 -21 -22 -23 -24 -25 -26 27 -28 -29 -30 -31
leaf_value=-0.035752302915617144 0.014531777601640254 -0.017822375797736861 -0.038682474784460991 0.028368751603163662 -0.00053073051332026388 0.0030274465649545515 0.014531777601640254 -0.016971541795911232 0.0030274465649545515 0.0030274465649545515 -0.016971541795911232 -0.016971541795911232 -0.016971541795911232 -0.0087511361546157487 -0.016971541795911232 -0.0054306727501488503 -0.0031507626126527043 0.014531777601640254 0.054050348747200709 -0.00053073051332026388 -0.00053073051332026388 0.0030274465649545515 -0.00053073051332026388 0.0087796120832974028 -0.0087511361546157487 0.0087796120832974028 -0.0054306727501488503 0.014531777601640254 -0.016971541795911232 -0.011201107273030041
leaf_weight=2.4785149713015917 2.2747284840188504 3.9948388635384635 7.7485004351656235 2.5857082789298129 41.802940999572456 88.115974397116588 39.389406779593628 3.841510469685999 59.473778962372307 38.094256035028593 50.273175162912594 2.4012501079341737 20.521871133087192 1.6108858752668336 2.8534881921823461 2.5533109832349536 2.067409853450954 3.3433979839319363 6.3250527129857801 2.7828995630261479 95.484271787564467 14.966379161864095 16.171706223647561 14.347245573135295 4.4891918077628352 9.7410872924720042 5.9611842983249508 8.7300627065687859 5.6433528546831431 10.936068271080329
leaf_count=15663 1185 130 1555 63 1549 8798 1352 5371 13691 522 8832 771 3927 225 948 1024 136 27 541 25 18725 1646 2323 2968 94 474 203 575 1075 2803
internal_value=0.0014763 0.000893663 -0.0194763 0.0281699 0.00157222 0.00180922 0.0060443 1.05889e-05 0.000393627 -0.00158481 -0.00408891 -0.00681497 -0.00305335 -0.0118206 0.00302745 -0.00673673 -0.00145709 0.0115209 0.0422057 -0.016548 -0.000530731 0.00302745 -0.000530731 0.00302745 -0.0169715 0.0145318 -0.0138888 0.00877961 -0.0169715 -0.0112011
internal_weight=571.003 559.818 17.1541 11.1855 542.664 540.185 160.324 379.862 376.02 273.632 235.538 193.735 140.679 42.7937 102.388 42.9138 9.40565 5.41081 8.91076 53.0561 97.8855 17.5197 17.7826 102.463 25.0111 57.8606 25.3941 18.4711 19.4329 13.7896
internal_count=97221 95432 1848 1789 93584 77921 14167 63754 58383 36993 36471 34922 26065 6569 21390 7699 293 163 604 8857 19496 2670 2548 11766 4021 2401 5029 1049 4826 3751
is_linear=0
shrinkage=0.05


Tree=180
num_leaves=31
num_cat=0
split_feature=3 0 14 5 1 14 13 9 9 5 9 14 16 4 9 12 14 9 2 4 5 5 9 9 12 14 5 9 4 11
split_gain=1.90268 4.1988 4.44433 1.78067 2.62102 2.25746 3.51794 3.92685 3.03963 2.49233 2.85867 2.08369 1.77546 1.73751 1.60844 1.45057 1.38443 1.30467 1.08019 0.996304 0.91616 1.04328 0.876217 2.4654 0.874928 1.12291 0.823195 2.07434 0.791877 2.03379
threshold=1.0000000180025095e-35 1.1903766698665825 10.500000000000002 7.8683426818990627 0.924325689000557 15.500000000000002 0.81250775731726599 16.500000000000004 43.500000000000007 6.2218911826456917 47.500000000000007 35.500000000000007 0.074537037037037054 0.96571316614420077 9.5000000000000018 9.5000000000000018 15.500000000000002 13.500000000000002 1.0000000180025095e-35 0.56306818181818197 4.766488736963427 2.7377885089469012 21.500000000000004 14.500000000000002 13.500000000000002 32.500000000000007 7.2635598929023972 13.500000000000002 0.8150161030595815 1.0000000180025095e-35
decision_type=2 2 2 2 2 2 2 2 2 2 2 2 2 2 2 2 2 2 2 2 2 2 2 2 2 2 2 2 2 2
left_child=3 -2 14 4 5 6 7 26 22 20 13 15 17 -11 -3 19 -17 -13 -16 -5 21 -9 23 -7 25 -10 -1 -28 29 -21
right_child=1 2 -4 11 -6 8 -8 9 24 10 -12 12 -14 -15 18 16 -18 -19 -20 28 -22 -23 -24 -25 -26 -27 27 -29 -30 -31
leaf_value=-0.0084318371067850055 0.0048684337679478409 0.014816969699007285 0.014816969699007285 -0.027440218139747199 0.0048684337679478409 -0.00052313290865642315 -0.00052313290865642315 -0.0084318371067850055 -0.047506072633443315 -0.041046345131793997 -0.0084318371067850055 -0.013683166914770199 0.0048684337679478409 -0.0084318371067850055 0.014816969699007285 0.0048684337679478409 -0.041019087660160304 -0.044761455757378263 0.061688052483471992 -0.0040824983982586513 -0.0084318371067850055 -0.043240377643786382 -0.00052313290865642315 -0.023911720659754717 -0.00052313290865642315 -0.00052313290865642315 -0.042864987287556972 -0.0084318371067850055 0.0048684337679478409 0.0030891908341276596
leaf_weight=19.541055881999913 55.061519871243036 1.4975917373376457 18.461395708964119 1.4493945323101787 38.771729929661888 12.345698119429473 16.170546575853223 0.49783432262665739 4.8064394799075663 29.627000372453498 2.5339116482282398 1.2056065987371756 1.1851881159382172 1.0123899087557209 0.37362606130045328 1.0953759346739382 2.4646980328398058 5.2149383549399317 8.7731923350656871 107.81188170606629 7.6212233802802984 3.2554991739989418 28.904714462394168 18.132510308054862 0.44450469518051239 0.80453787748410821 6.5720045604730313 4.3667619991583706 121.06868367295283 49.922930243111296
leaf_count=3132 3949 325 4832 347 1684 2552 277 146 2975 5261 595 1234 125 164 1627 62 255 8620 93 19965 2098 1351 10852 4394 162 1509 815 493 14605 2724
internal_value=0.00202486 0.00891993 0.0247655 0.000816934 -0.0028672 -0.0059147 -0.0110548 -0.0163405 -0.000523133 -0.0263622 -0.0331891 0.00328866 -0.0209874 -0.0382669 0.0498729 0.00401062 -0.0240395 -0.0322348 0.0575747 0.00445115 -0.00843184 -0.0312588 -0.000523133 -0.0122138 -0.0338193 -0.0394343 -0.00843184 -0.0260855 0.00471442 0.00130995
internal_weight=570.994 84.1673 29.1058 486.827 195.408 156.637 91.1982 75.0277 65.4384 44.5479 33.1733 291.419 7.60573 30.6394 10.6444 283.813 3.56007 6.42054 9.14682 280.253 11.3746 3.75333 59.3829 30.4782 6.05548 5.61098 30.4798 10.9388 278.803 157.735
internal_count=97223 10826 6877 86397 38460 36776 14332 14055 22444 9615 6020 47937 9979 5425 2045 37958 317 9854 1720 37641 3595 1497 17798 6946 4646 4484 4440 1308 37294 22689
is_linear=0
shrinkage=0.05


Tree=181
num_leaves=31
num_cat=0
split_feature=21 17 7 14 15 12 14 14 16 2 14 14 9 16 9 12 9 12 14 5 14 5 14 14 9 9 5 5 9 9
split_gain=2.45038 3.76555 1.56707 1.42668 1.63344 2.66137 2.60053 4.59163 2.7806 2.29994 1.40377 3.04063 1.60202 1.35904 1.30948 1.28722 2.31529 2.0784 1.6298 1.50326 2.95987 2.38233 3.2423 1.23608 1.63975 1.49307 1.31913 2.82361 2.49492 2.0605
threshold=1.0000000180025095e-35 1.0000000180025095e-35 2.5000000000000004 57.500000000000007 2.5000000000000004 3.5000000000000004 25.500000000000004 9.5000000000000018 0.033085217010563196 1.0000000180025095e-35 7.5000000000000009 8.5000000000000018 65.500000000000014 0.13921188630490958 6.5000000000000009 1.0000000180025095e-35 13.500000000000002 2.5000000000000004 18.500000000000004 8.2741898949959971 24.500000000000004 7.7708049083537345 11.500000000000002 9.5000000000000018 43.500000000000007 13.500000000000002 6.883168664080153 7.8960311482039094 25.500000000000004 37.500000000000007
decision_type=2 2 2 2 2 2 2 2 2 2 2 2 2 2 2 2 2 2 2 2 2 2 2 2 2 2 2 2 2 2
left_child=1 2 3 4 5 9 7 -7 -9 -1 -11 -12 14 -5 -13 18 17 -17 23 21 -21 22 -18 -16 25 -25 -27 -28 -29 -30
right_child=-2 -3 -4 13 -6 6 -8 8 -10 10 11 12 -14 -15 15 16 19 -19 -20 20 -22 -23 -24 24 -26 26 27 28 29 -31
leaf_value=-0.027191973645094677 0.046893554896738548 -0.041027886379743028 0.02408619701025274 -0.038264145012812716 0.012739828427105557 -0.027324854312386057 -0.039013526439356336 -0.027889752642022571 0.0069644459900770096 0.0069644459900770096 -0.012300504167632219 -0.012300504167632219 -0.012300504167632219 0.012739828427105557 0.0069644459900770096 -0.012300504167632219 -0.012300504167632219 0.0069644459900770096 0.0069644459900770096 0.0069644459900770096 -0.012300504167632219 -0.012300504167632219 0.0069644459900770096 0.0069644459900770096 0.0069644459900770096 -0.012300504167632219 0.0069644459900770096 -0.012300504167632219 0.0069644459900770096 -0.012300504167632219
leaf_weight=5.5740656866132658 1.9608040048988176 4.2123313026149836 4.8694067701180748 3.0957629810745853 9.0425566843186953 13.361412895523243 5.9051603772377339 4.8383983966869009 16.871929746877868 111.36112619901542 15.960052705864653 9.3955019708300807 5.2949926642322671 0.66018952574813727 12.03832702708314 23.465259375348982 4.3711615586362305 3.2761059847543939 81.52005173235375 39.847263907300658 8.472098231824928 16.345795092565822 29.599282037946978 25.285180528124329 7.5286904718232099 17.235840363253374 24.638319807287189 35.768755171928206 15.941143662028482 5.2085338547767597
leaf_count=50984 257 6731 101 9938 437 201 975 362 171 3746 1188 613 459 113 961 1478 203 99 4983 1493 984 907 1894 1559 585 962 1367 2108 962 250
internal_value=0.00152059 0.00127884 0.0016719 0.00139346 0.00162716 0.00118906 -0.010906 -0.00522306 0.00696445 0.00220388 0.00259097 0.00113265 0.00217301 -0.0258838 0.00266851 0.00318506 -0.000872066 -0.0123005 0.00543803 0.0027087 0.00696445 -0.00349238 0.0046843 0.00129458 -0.000699429 -0.00280453 -0.0055856 -0.00248814 -0.00884939 0.00557608
internal_weight=562.946 560.985 556.772 551.903 548.147 539.104 40.9769 35.0717 21.7103 498.128 492.553 381.192 365.232 3.75595 359.937 350.542 125.377 26.7414 225.165 98.6356 48.3194 50.3162 33.9704 143.645 131.606 124.078 98.7926 81.5568 56.9184 21.1497
internal_count=97071 96814 90083 89982 79931 79494 1709 734 533 77785 26801 23055 21867 10051 21408 20795 7058 1577 13737 5481 2477 3004 2097 8754 7793 7208 5649 4687 3320 1212
is_linear=0
shrinkage=0.05


Tree=182
num_leaves=31
num_cat=0
split_feature=21 17 8 0 14 9 15 14 14 2 5 14 9 14 5 14 0 9 15 12 0 0 0 14 0 12 5 7 14 12
split_gain=2.26817 3.74427 2.04912 4.51988 3.39425 2.26659 4.16758 4.93652 2.05686 2.74352 1.49092 2.34797 2.51273 2.69589 1.73853 1.42792 1.38664 1.33537 1.30144 1.3865 0.940099 0.915088 0.884664 0.844528 0.769346 0.56285 0.520994 0.483882 0.462848 0.459495
threshold=1.0000000180025095e-35 1.0000000180025095e-35 1.0000000180025095e-35 2.4199667199604065 10.500000000000002 12.500000000000002 1.0000000180025095e-35 6.5000000000000009 23.500000000000004 1.0000000180025095e-35 9.1512976091682621 25.500000000000004 19.500000000000004 31.500000000000004 8.5883147797559811 19.500000000000004 2.8253796890422285 5.5000000000000009 4.5000000000000009 1.0000000180025095e-35 2.3442155803461335 -0.81918883441034096 0.42036012153708063 12.500000000000002 -0.22138013293931313 2.5000000000000004 4.2752083212963798 3.5000000000000004 10.500000000000002 1.5000000000000002
decision_type=2 2 2 2 2 2 2 2 2 2 2 2 2 2 2 2 2 2 2 2 2 2 2 2 2 2 2 2 2 2
left_child=1 2 5 4 24 6 7 -1 9 -7 11 20 14 -14 16 17 27 -9 19 -15 -10 -11 26 -5 -4 -19 -17 -13 -8 -16
right_child=-2 -3 3 23 -6 8 28 15 10 21 -12 12 13 18 29 22 -18 25 -20 -21 -22 -23 -24 -25 -26 -27 -28 -29 -30 -31
leaf_value=-0.0059570573670213942 0.046558965395104089 -0.04071904805118718 0.0038294624639862206 0.014076501966939318 0.0038294624639862206 -0.037569084264038738 -0.0059570573670213942 -0.0059570573670213942 -0.034881172325121695 -0.016869810900026257 0.0038294624639862206 -0.044128819384704449 0.0038294624639862206 -0.012449607963595795 0.0038294624639862206 -0.01722721388452909 0.0038294624639862206 -0.039298619884063968 0.0038294624639862206 -0.04392802104875497 0.0038294624639862206 0.0038294624639862206 -0.0059570573670213942 0.024323541469892417 0.014076501966939318 -0.0059570573670213942 -0.039365447995933833 -0.018082242472161999 0.0038294624639862206 -0.026459962112707548
leaf_weight=16.454201167245628 1.8847028422787833 4.0655152618442107 3.9884810141520566 9.8966013233075518 94.196965319242736 3.0182707314988866 5.2214713534267529 3.0933438663723818 9.392679426821811 1.7932923163607473 9.837178440738624 7.3542711333343487 15.573104412691466 3.2732431961239836 1.2485498614755668 0.082367158696797005 0.24089818575885136 22.085548373280293 1.4343588484553027 5.1837671265361678 0.4596004731065485 264.9171486464038 4.3629729063613922 14.286443758675885 41.510205298865912 0.77322688872845802 3.4334600691477135 0.24991850554943074 12.544522218754535 0.62653054342536041
leaf_count=1057 267 6733 1145 121 13046 27532 99 376 2340 1864 3666 2557 4017 3356 442 40 8 4497 343 6687 34 12321 370 203 1786 39 1454 1 775 242
internal_value=0.00231949 0.00208812 0.0024733 0.00715121 0.00382946 0.000507714 -0.007722 -0.0157436 0.00225144 0.00382946 -0.00650516 -0.0106932 -0.00429004 0.00382946 -0.0246289 -0.0282362 -0.0345711 -0.0337685 -0.0210774 -0.0287287 -0.031058 0.00382946 -0.00826248 0.0243235 0.0140765 -0.0378188 -0.0284974 -0.0399939 0.00382946 0.00382946
internal_weight=562.483 560.598 556.533 163.879 139.696 392.654 68.0511 50.2851 324.603 269.729 54.8741 45.0369 35.1846 25.4645 9.72017 33.8309 7.84509 25.9521 9.89137 8.45701 9.85228 266.71 7.8788 24.183 45.4987 22.8588 3.51583 7.60419 17.766 1.87508
internal_count=97418 97151 90418 16301 15977 74117 8707 7833 65410 41717 23693 20027 17653 14403 3250 6776 2566 4912 10386 10043 2374 14185 1864 324 2931 4536 1494 2558 874 684
is_linear=0
shrinkage=0.05


Tree=183
num_leaves=31
num_cat=0
split_feature=9 14 4 5 14 9 14 16 12 14 9 16 11 14 12 5 12 14 9 14 14 5 5 5 9 9 14 9 9 14
split_gain=2.95999 4.36683 3.52983 2.86167 2.76067 4.84279 2.80942 3.0063 3.00381 2.35405 4.35893 2.56568 2.13601 4.62552 6.77741 5.36041 4.44209 4.93412 2.54791 3.76123 3.5819 2.22576 2.35188 2.50693 1.83711 2.18858 1.6723 1.65485 1.61907 3.68117
threshold=5.5000000000000009 17.500000000000004 0.79935064935064948 9.1707417265189139 1.5000000000000002 22.500000000000004 21.500000000000004 0.022695081122843169 3.5000000000000004 23.500000000000004 21.500000000000004 0.087337909992372245 1.0000000180025095e-35 10.500000000000002 3.5000000000000004 8.563382745205649 1.0000000180025095e-35 11.500000000000002 22.500000000000004 4.5000000000000009 6.5000000000000009 8.875702326855011 7.4260590376104441 6.858432694097508 22.500000000000004 13.500000000000002 41.500000000000007 69.500000000000014 17.500000000000004 3.5000000000000004
decision_type=2 2 2 2 2 2 2 2 2 2 2 2 2 2 2 2 2 2 2 2 2 2 2 2 2 2 2 2 2 2
left_child=1 2 -1 -4 5 -2 12 8 26 10 -9 -11 16 14 15 18 27 -18 -14 -20 -21 22 23 -19 25 -24 -8 -6 -17 -30
right_child=4 -3 3 -5 6 -7 7 9 -10 11 -12 -13 13 -15 -16 28 17 21 19 20 -22 -23 24 -25 -26 -27 -28 -29 29 -31
leaf_value=-0.015047478350828966 0.036351171969698927 -0.034719215644397422 0.064688867027350966 0.017884764391610936 -0.0013757179546764668 -0.0051361400480788334 0.0054095649762760413 0.010188383337239704 -0.039958689671937796 0.010188383337239704 0.07915845551434067 0.044475654053651448 -0.00056854993233036201 -0.00056854993233036201 -0.00056854993233036201 0.067171092779214514 -0.046002501840625806 -0.03286945512337143 0.0012113610773719964 0.099063769435041499 0.019763312511545287 -0.00056854993233036201 -0.041667047478995523 -0.00056854993233036201 -0.050199806858113288 -0.00056854993233036201 -0.026872281464531696 -0.037655376508616695 -0.00056854993233036201 0.048543608449507503
leaf_weight=2.1176774169780392 13.226437526594966 1.7730223964972527 6.9451252077333248 1.211578705044303 246.48599107633027 13.484673811733954 69.433234726245701 2.4181552209083739 3.1807092197927878 23.455170204293612 3.1215117819901934 4.6525896471903243 16.612101195040854 68.370085091766214 14.713546963583211 6.6291276160764019 11.337629362303231 5.0508059537714924 6.7998673672545902 1.7655645464437837 4.3380478781336933 8.1619106758189428 3.0478521085196899 4.2184321598897441 5.7445443366523241 5.1659982367636985 3.2679841260796811 2.1862723255317169 2.2651401702314597 6.0983822405805768
leaf_count=167 136 226 384 80 42766 106 19972 89 1654 2960 178 433 706 4941 238 284 1852 1366 76 78 304 1391 382 864 1565 762 11914 777 19 289
internal_value=0.00114819 0.0246889 0.037111 0.050817 0.000593933 0.0159774 -0.000212244 0.00688083 0.00129116 0.0190856 0.0464612 0.0122794 -0.00207843 0.0032992 0.014397 0.0252908 -0.0044363 -0.019135 0.0121747 0.0279724 0.0534186 -0.00831008 -0.0181699 -0.00056855 -0.030483 -0.0127419 0.00361355 -0.00184422 0.0487363 0.0285112
internal_weight=567.279 12.0474 10.2744 8.1567 555.232 26.7111 528.521 109.529 75.8819 33.6474 5.53967 28.1078 418.991 127.592 59.2218 44.5082 291.399 42.7272 29.5156 12.9035 6.10361 31.3895 23.2276 9.26924 13.9584 8.21385 72.7012 248.672 14.9927 8.36352
internal_count=96959 857 631 464 96102 242 95860 37200 33540 3660 267 3393 58660 6935 1994 1756 51725 8182 1164 458 382 6330 4939 2230 2709 1144 31886 43543 592 308
is_linear=0
shrinkage=0.05


Tree=184
num_leaves=31
num_cat=0
split_feature=14 5 0 9 4 9 18 5 1 8 10 14 5 5 13 14 1 9 5 9 14 10 9 16 4 9 14 10 17 9
split_gain=1.4188 1.15908 5.33705 2.91353 2.82698 2.51731 2.12878 1.54345 6.40798 8.47227 4.49536 2.54503 2.20974 6.3368 4.91183 3.80108 3.22626 3.20687 3.04571 3.70841 3.2068 2.28465 2.26381 2.15539 1.95463 1.7188 1.70729 1.48482 1.25621 1.43944
threshold=63.500000000000007 5.1826093221586591 0.020035040909871998 42.500000000000007 0.69852141769949994 15.500000000000002 1.0000000180025095e-35 6.2703899791575219 0.51921598391613 1.0000000180025095e-35 16.702097415946639 14.500000000000002 7.0274084446110585 6.858432694097508 0.18919757226208841 20.500000000000004 0.31487789289911111 21.500000000000004 6.6142136781406604 26.500000000000004 11.500000000000002 327.08251016426567 3.5000000000000004 0.15430402930402934 0.68016393442622958 22.500000000000004 23.500000000000004 314.7550900605093 1.0000000180025095e-35 6.5000000000000009
decision_type=2 2 2 2 2 2 2 2 2 2 2 2 2 2 2 2 2 2 2 2 2 2 2 2 2 2 2 2 2 2
left_child=1 2 5 4 -4 -1 7 8 10 -10 -3 -11 13 14 15 21 17 27 19 20 -16 25 -14 -24 -19 -9 -22 -15 29 -6
right_child=-2 6 3 -5 28 -7 -8 12 9 11 -12 -13 22 16 18 -17 -18 24 -20 -21 26 -23 23 -25 -26 -27 -28 -29 -30 -31
leaf_value=-0.06259624536864794 -0.02864019031206343 -0.004033681924578549 -0.0043949710257560936 -0.0043949710257560936 0.015970868555068428 -0.0043949710257560936 0.044994259456671529 0.0037863710310188981 -0.004033681924578549 0.080006591981809511 -0.039772084527242228 0.02699985536244677 0.042088964840593796 0.013602304666484414 0.011412053570645555 0.0037863710310188981 0.055903095179887265 -0.026826334528218795 0.0037863710310188981 0.0037863710310188981 0.12952870051403842 -0.043830233823197458 -0.00071895923686058336 0.035207268280277086 0.033936278882707657 -0.023952507673347778 0.0037863710310188981 -0.035469676686220718 0.015970868555068428 0.046026746552727718
leaf_weight=2.1256480926363137 3.0696195312957562 6.3283621290593173 3.9733682851338079 1.8966959787185249 0.74660604426026722 3.3961947897182654 1.6701944213891682 3.866330168801146 6.9201618819497508 3.9826799544935056 16.238473564385004 2.1904817434806318 2.1585198957836829 1.9389428243812306 1.5081914642250906 3.6350885511724291 7.9962276041769647 0.66544350007279707 4.7969540591934674 1.3333139875740014 1.1318250169142627 9.5749395766360976 450.69037745126934 3.2139265917940056 3.8369936648268776 1.9612590807391823 0.35049856571231419 2.6740338681379399 1.057830412451948 15.368916980893117
leaf_count=1149 8740 418 569 581 32 3297 302 356 695 64 4699 87 126 231 40 1042 545 185 480 183 108 1540 66625 207 977 396 79 487 1580 1370
internal_value=0.000781122 0.000990462 0.0106298 0.0212082 0.0278761 -0.0299981 0.000460537 0.000238649 -0.00966614 0.0173368 -0.0254041 0.0580334 0.000961023 0.0113724 -0.00335382 -0.0175897 0.0344526 0.0119695 0.0251624 0.0517611 0.0772536 -0.0299541 -9.50576e-05 -0.000387743 0.0339363 -0.00407478 0.11266 -0.0160949 0.0363367 0.0412452
internal_weight=570.298 567.228 28.5653 23.0434 21.1467 5.52184 538.663 536.993 35.6602 13.0933 22.5668 6.17316 501.333 45.27 28.1584 19.0376 17.1116 9.11541 9.12078 4.32383 2.99052 15.4025 456.063 453.904 4.50244 5.82759 1.48232 4.61298 17.1734 16.1155
internal_count=97190 88450 8578 4132 3551 4446 79872 79570 5963 846 5117 151 73607 6649 4224 3334 2425 1880 890 410 227 2292 66958 66832 1162 752 187 718 2982 1402
is_linear=0
shrinkage=0.05


Tree=185
num_leaves=31
num_cat=0
split_feature=5 5 14 5 5 12 5 5 14 16 5 4 16 14 16 14 11 5 11 5 5 8 4 14 15 7 5 5 3 0
split_gain=2.79088 3.65345 3.61136 3.51469 3.098 2.39666 5.09438 4.40507 4.7661 10.6379 3.17494 2.86031 2.78249 2.60012 6.85742 5.62468 4.7568 3.13409 2.95971 2.88471 4.42833 3.92526 3.51013 2.66844 2.33922 2.24369 2.0507 3.0183 1.98133 3.41251
threshold=3.9645267917352025 4.1821387123638578 17.500000000000004 4.3628120914230282 2.7377885089469012 1.0000000180025095e-35 5.5519419209880105 5.7213653196100642 26.500000000000004 0.019884023590655994 4.8193488608967234 0.95260557053009898 0.046620299934796793 27.500000000000004 0.072299651567944254 23.500000000000004 1.0000000180025095e-35 6.9073626024224497 11.500000000000002 8.3958991122946092 9.2183881920843636 1.0000000180025095e-35 0.91704892966360874 17.500000000000004 1.0000000180025095e-35 1.0000000180025095e-35 8.6849771413309238 8.8831533859247589 1.0000000180025095e-35 1.4550864811895432
decision_type=2 2 2 2 2 2 2 2 2 2 2 2 2 2 2 2 2 2 2 2 2 2 2 2 2 2 2 2 2 2
left_child=4 2 -2 -3 25 7 10 -5 28 11 12 26 -7 15 17 16 -8 -15 23 21 -21 22 -17 -18 -20 -1 -10 -28 -9 -30
right_child=1 3 -4 5 -6 6 13 8 9 -11 -12 -13 -14 14 -16 19 18 -19 24 20 -22 -23 -24 -25 -26 -27 27 -29 29 -31
leaf_value=-0.022624383733654364 -0.0045630942954943982 -0.047540712490598928 0.11040446555262132 0.027614245673276507 -0.042688130762840351 -0.024028811282917856 -0.014150855084362635 0.00026151139507934161 -0.016905309173956162 0.071679742367192545 -0.051462610991189754 0.037143886350179851 0.054983032938146985 0.0098484282545970997 0.043975833723654371 -0.0035440195455407201 0.0071657668892072916 -0.031942965745579699 0.026386300571313127 -0.026652374904977863 0.045989457758926378 0.089931615177822347 0.055052250619996496 -0.00475246964357406 0.082155257397436288 0.049690903673589977 0.016125412124114065 -0.022396718564007458 0.0059802587387122394 0.033815242191237202
leaf_weight=1.236612709276413 1.0819012916399504 2.4828578928786547 0.55730975138794736 20.35076114242429 5.8110873353361967 1.8869656005181226 43.703771301287816 230.76623097509901 10.994040839446379 7.1981777822156792 6.7668499774008524 1.2405013366092124 0.83911170208011743 3.2910717213067135 3.4196673288897719 5.0767481855109491 108.69890623592482 19.220742962248096 0.89035683791735154 4.0385087869653935 2.60323073559357 2.6155604235018473 1.3692491864567271 23.913092926432 1.7167399558238683 1.2336475190968483 1.1535625108754164 4.2799176670232555 32.338998266227463 11.969800694667354
leaf_count=556 364 671 305 5330 2007 691 8185 38214 5369 650 1617 445 22 1658 355 952 4897 12758 156 677 335 259 145 1869 33 118 520 1990 2370 3592
internal_value=0.00238706 0.00283737 0.0615464 0.00255248 -0.02482 0.00286429 -0.00102743 0.00565402 0.00407723 0.0246008 -0.0350667 0.00260803 0.00852091 0.000589302 -0.0139793 0.00259193 1.47764e-06 -0.024279 0.00464592 0.0303403 0.00411194 0.0472452 0.0201729 0.00340377 0.0493688 0.0174021 -0.00489306 0.0161254 0.00213955 0.011699
internal_weight=562.746 554.465 1.63921 552.825 8.28135 550.343 230.051 320.292 299.941 24.8662 9.49293 17.668 2.72608 220.558 25.9315 194.626 178.923 22.5118 135.219 15.7033 6.64174 9.06156 6.446 132.612 2.6071 2.47026 16.4275 5.43348 275.075 44.3088
internal_count=97110 94429 669 93760 2681 93089 34609 58480 53150 8974 2330 8324 713 32279 14771 17508 15140 14416 6955 2368 1012 1356 1097 6766 189 674 7879 2510 44176 5962
is_linear=0
shrinkage=0.05


Tree=186
num_leaves=31
num_cat=0
split_feature=11 13 12 9 4 0 9 5 5 9 4 5 5 5 5 15 5 5 9 5 4 9 9 9 4 13 9 5 5 9
split_gain=2.2139 2.60564 3.68739 2.80702 4.01787 2.13816 1.52522 1.70533 2.50615 1.67735 1.27053 1.19965 1.07347 2.41378 2.02844 3.19303 1.489 2.01965 1.91056 1.46439 4.36242 1.69317 1.001 1.61818 1.13261 0.983941 0.968944 0.968851 0.763728 0.406279
threshold=1.5000000000000002 0.84681462884997327 4.5000000000000009 16.500000000000004 0.92172181372549034 -0.71550227415766998 65.500000000000014 7.195578952690652 7.2531084142030116 41.500000000000007 0.67700320512820522 6.4739273939629234 7.8960311482039094 8.2360076701395872 7.4659323263886312 1.0000000180025095e-35 8.3723432244328944 8.5148622581873923 32.500000000000007 9.1980056239386681 0.72554997608799632 13.500000000000002 19.500000000000004 11.500000000000002 0.713809523809524 0.86900417045507916 87.500000000000014 9.1980056239386681 7.1829590212402099 29.500000000000004
decision_type=2 2 2 2 2 2 2 2 2 2 2 2 2 2 2 2 2 2 2 2 2 2 2 2 2 2 2 2 2 2
left_child=5 -2 3 11 27 25 7 10 -9 12 28 -3 14 22 15 -10 -15 18 -18 20 -19 -21 23 -14 -25 -1 -8 -5 -7 -23
right_child=1 2 -4 4 -6 6 26 8 9 -11 -12 -13 13 16 -16 -17 17 19 -20 21 -22 29 -24 24 -26 -27 -28 -29 -30 -31
leaf_value=-0.041341706387820004 0.0041366675969928077 0.011205387273817039 0.011205387273817039 0.011205387273817039 0.07387735583518984 -0.014503728307579889 -0.014503728307579889 -0.014503728307579889 -0.014503728307579889 0.0041366675969928077 0.0041366675969928077 0.064341708610613502 -0.014503728307579889 0.0041366675969928077 0.0041366675969928077 0.0041366675969928077 -0.014503728307579889 -0.014503728307579889 0.0041366675969928077 -0.014503728307579889 0.0041366675969928077 -0.0040193188104055795 -0.014503728307579889 -0.014503728307579889 0.0041366675969928077 -0.014503728307579889 0.0041366675969928077 0.042541371554503438 -0.0049085513490399486 0.0041366675969928077
leaf_weight=4.5870516816221416 46.048115389701707 1.5337504503095285 16.614272471426375 12.464362883542432 1.8037248678510867 9.2982222416358091 4.8060673153577218 7.4729235417407827 19.329472509822157 28.437381818385802 101.0539136215948 6.3707470934750745 6.669106135906989 27.646374497315264 47.683564209087308 6.2838923341441832 19.637465727272687 16.664901249964714 2.9179830114335337 15.378472962567683 67.323894259444387 40.062793971339488 23.414840466652095 2.3177182439594608 12.940564884393096 0.6899077287921499 1.7155637694831964 1.0678600735554944 0.99733800617832535 12.169434140518204
leaf_count=19313 4726 41 1176 508 68 2345 1905 1094 3174 6671 15970 251 674 2858 5403 202 2254 3093 468 1554 8257 4637 3714 372 1355 2226 724 70 43 1806
internal_value=0.00113043 0.00847328 0.0182741 0.0328777 0.0183854 -0.000199948 0.000183398 0.000572655 -0.00121482 -0.000401402 0.00413667 0.0557725 -0.00182276 -0.00339669 0.00345852 -0.00973684 -0.00102822 -0.00309085 -0.0145037 -0.000940085 0.00345306 -0.00636822 -0.0136882 -0.00356444 0.00413667 -0.0291909 -0.0145037 0.0112054 -0.0139538 -0.00151231
internal_weight=565.402 85.9028 39.8547 23.2404 15.3359 479.499 474.222 467.7 356.351 348.878 111.349 7.9045 320.44 247.144 73.2969 25.6134 201.801 174.155 22.5554 151.599 83.9888 67.6107 45.3422 21.9274 15.2583 5.27696 6.52163 13.5322 10.2956 52.2322
internal_count=96952 6840 2114 938 646 90112 68573 65944 47586 46492 18358 292 39821 31042 8779 3376 24927 22069 2722 19347 11350 7997 6115 2401 1727 21539 2629 578 2388 6443
is_linear=0
shrinkage=0.05


Tree=187
num_leaves=31
num_cat=0
split_feature=21 17 14 16 10 13 14 5 14 12 9 12 9 14 4 4 12 5 5 9 4 2 9 5 16 14 5 5 14 9
split_gain=2.17697 3.19589 2.0019 6.49028 5.38018 7.18391 4.50263 4.12376 3.82107 3.6359 2.78014 2.67512 2.49342 2.37214 2.34227 2.33659 1.69888 1.67556 1.66608 1.65613 2.36768 1.44693 1.43209 1.30712 1.2665 1.25634 1.25551 2.94361 5.57868 2.79382
threshold=1.0000000180025095e-35 1.0000000180025095e-35 18.500000000000004 0.019884023590655994 361.48113282308151 0.83157354080262491 9.5000000000000018 8.8991585297090143 7.5000000000000009 1.0000000180025095e-35 5.5000000000000009 3.5000000000000004 12.500000000000002 2.5000000000000004 0.82160537482319673 0.92172181372549034 1.5000000000000002 8.9580409558929279 3.9645267917352025 10.500000000000002 0.88208556149732631 1.0000000180025095e-35 12.500000000000002 7.8683426818990627 0.072299651567944254 1.5000000000000002 8.1662635015820513 8.7120469130838067 11.500000000000002 12.500000000000002
decision_type=2 2 2 2 2 2 2 2 2 2 2 2 2 2 2 2 2 2 2 2 2 2 2 2 2 2 2 2 2 2
left_child=1 2 4 7 5 8 10 11 23 -5 -6 18 -12 -7 -9 -14 26 -18 -4 20 -20 -21 -16 25 -11 -1 -8 28 -28 -30
right_child=-2 -3 3 9 6 13 16 14 -10 24 12 -13 15 -15 22 -17 17 -19 19 21 -22 -23 -24 -25 -26 -27 27 -29 29 -31
leaf_value=0.011329116894295414 0.045843346247225379 -0.039964622300788129 -0.033726297814964751 0.023296937936103428 -0.00054276023366778075 0.011329116894295414 -0.00054276023366778075 -0.030403613669207238 -0.00054276023366778075 0.0095520432253846932 -0.039182579703661687 -0.038015344443723002 -0.020260828420550561 0.023296937936103428 -0.015777362984098407 -0.00054276023366778075 -0.036122770734683493 -0.00054276023366778075 -0.040616013491655764 -0.02952211203266334 0.0095520432253846932 0.0095520432253846932 0.0086014589905986632 0.011329116894295414 0.023296937936103428 -0.00054276023366778075 -0.00054276023366778075 -0.00054276023366778075 -0.00054276023366778075 -0.039366029065253084
leaf_weight=8.6703777652292064 1.6898600719687227 3.7793540531429235 1.5824139480669135 22.869424113973764 2.3648949777025328 7.0905306185595682 68.990622370730762 14.842219142694377 78.767731103346705 20.824939426846417 13.790603686169559 2.5974951585535555 37.968377168227562 36.386514070678459 1.999544066461566 7.0213203095026975 5.7823395411160154 1.5970396582188184 3.2397141380561143 1.441225087578913 1.5388193732860598 75.871100997748727 10.190616231873262 36.453332734130527 8.2253942625684413 17.716416444028255 5.8647622403004815 39.062329453159691 3.5036054053452999 19.862468268286648
leaf_count=60 260 6729 615 1233 157 48 11107 5605 12663 2877 1722 1145 5551 572 374 722 693 166 772 18936 284 8895 2779 1663 450 1146 869 5977 359 2831
internal_value=0.000967464 0.00075053 0.00109847 0.00569504 -0.000853989 0.00531657 -0.00640209 -0.00104812 -0.000187892 0.0201522 -0.0176596 0.00432035 -0.0210573 0.0228461 -0.0177239 -0.0147702 -0.00155529 -0.0234495 0.00606803 0.00723179 -0.0188464 0.00906371 -0.00115111 0.0113291 0.00955204 0.000178305 -0.00054276 -0.00728906 -0.0191911 -0.0322264
internal_weight=561.585 559.896 556.116 165.223 390.893 185.085 205.808 113.303 141.608 51.9198 61.1452 86.2708 58.7803 43.477 27.0324 44.9897 144.663 7.37938 83.6733 82.0909 4.77853 77.3123 12.1902 62.8401 29.0503 26.3868 137.284 68.2932 29.2308 23.3661
internal_count=97260 97000 90271 43965 46306 16152 30154 39405 15532 4560 8152 30647 7995 620 8758 6273 22002 859 29502 28887 1056 27831 3153 2869 3327 1206 21143 10036 4059 3190
is_linear=0
shrinkage=0.05


Tree=188
num_leaves=31
num_cat=0
split_feature=9 9 9 11 4 4 9 4 11 0 9 0 0 0 11 21 9 9 9 9 1 1 9 9 0 11 16 9 4 16
split_gain=3.14665 4.0701 2.75591 3.43243 2.85198 2.6539 2.3973 2.39 2.18598 1.30317 1.29713 1.17882 1.02056 0.977158 0.869972 0.821498 0.61591 0.598017 0.597882 1.49602 1.23327 0.691374 0.591765 1.18599 1.57384 1.89239 0.885534 0.718254 1.03715 0.459086
threshold=66.500000000000014 61.500000000000007 16.500000000000004 1.5000000000000002 0.69852141769949994 0.9678709677419356 13.500000000000002 0.70389266817838259 9.5000000000000018 1.7267104541893661 14.500000000000002 2.8253796890422285 0.088879622242401798 -0.81918883441034096 2.5000000000000004 1.0000000180025095e-35 10.500000000000002 8.5000000000000018 9.5000000000000018 12.500000000000002 0.63785969432658229 0.042051950333385678 35.500000000000007 42.500000000000007 2.4199667199604065 1.0000000180025095e-35 0.133974358974359 34.500000000000007 0.85770528683914526 0.074537037037037054
decision_type=2 2 2 2 2 2 2 2 2 2 2 2 2 2 2 2 2 2 2 2 2 2 2 2 2 2 2 2 2 2
left_child=1 2 3 4 10 13 17 -3 -2 14 16 18 -9 -4 -7 22 -1 -5 -6 20 -20 -21 26 -24 25 -25 27 -15 -29 -12
right_child=8 7 5 6 11 9 -8 12 -10 -11 29 -13 -14 15 -16 -17 -18 -19 19 21 -22 -23 23 24 -26 -27 -28 28 -30 -31
leaf_value=-0.025961016818998019 -0.040443970369963458 -0.01880894249636289 -0.030538930874188276 0.02818242622912856 0.0068704225887535955 0.008569268948951464 0.039514612092139252 0.023638183509416318 0.025995483720157704 0.044746128261975868 -0.039100805662206049 0.011274483251532545 0.07790709045432298 -0.0047995053587349748 0.026657698605463666 0.008569268948951464 -0.0064136215172894938 0.011274483251532545 -0.0064136215172894938 -0.0064136215172894938 0.0068704225887535955 0.0067360424710564068 0.0024897472626752419 -0.016928471111343862 0.0024897472626752419 -0.004908607007366058 0.0024897472626752419 -0.016928471111343862 -0.0013860463318331952 -0.0064136215172894938
leaf_weight=3.1393297561830904 6.4460762558619527 0.59552576171517957 2.3458597695082508 5.1826117716436846 37.439237337255236 6.6041488511532389 9.8165740499643999 0.32763321531729195 0.77370709230854107 2.8561376188426948 5.0548175146755048 10.301740441820582 2.2364999415967759 263.62648535345124 1.1497753700623432 1.0715598775241222 8.442886819750127 12.073031250088205 27.566720416298267 6.7371790559573119 9.7281640860037424 59.776635953860477 37.325100136143192 22.120696240698635 3.9952166230104913 9.9401575698393554 4.5820851658936581 4.242599945397159 1.8486903879893359 0.59747407879331138
leaf_count=651 3347 382 13951 298 4339 1632 693 469 117 276 963 184 399 36308 84 159 1256 744 4635 2552 601 6421 6923 6978 155 1354 234 966 292 8
internal_value=-0.000315924 0.000134047 -0.00023315 0.0045303 0.00182637 -0.00281782 0.0207226 0.0494095 -0.0310276 0.0207246 -0.0168773 0.00405008 0.0660853 -0.00358611 0.00856927 -0.00331801 -0.00641362 0.0112745 0.00246636 0.000464499 -0.00641362 0.00496391 -0.00358977 0.000394768 -0.00694372 -0.012307 -0.00465329 -0.00526184 -0.0169285 -0.0345877
internal_weight=567.944 560.725 557.565 195.856 168.784 361.709 27.0722 3.15966 7.21978 10.6101 17.2345 151.55 2.56413 351.098 7.75392 348.753 11.5822 17.2556 141.248 103.809 37.2949 66.5138 347.681 73.3812 36.0561 32.0609 274.3 269.718 6.09129 5.65229
internal_count=97371 93907 92657 23345 21610 69312 1735 1250 3464 1992 2878 18732 868 67320 1716 53369 1907 1042 18548 14209 5236 8973 53210 15410 8487 8332 37800 37566 1258 971
is_linear=0
shrinkage=0.05


Tree=189
num_leaves=31
num_cat=0
split_feature=14 12 16 16 5 9 5 4 9 9 9 2 11 14 1 9 14 5 1 12 0 5 9 9 14 14 5 5 0 4
split_gain=2.53015 2.71396 3.93056 3.45413 3.15082 2.75454 3.51083 3.52402 2.2471 2.66578 2.2038 2.14895 1.81133 2.78834 1.93403 1.71965 3.06638 4.80902 2.56778 1.8798 1.56761 1.55986 2.42536 1.38869 1.65988 2.17109 2.07038 2.53257 1.18326 1.1627
threshold=24.500000000000004 8.5000000000000018 0.019884023590655994 0.072299651567944254 8.3723432244328944 44.500000000000007 7.1182000385728159 0.7112256586483392 41.500000000000007 73.500000000000014 16.500000000000004 1.0000000180025095e-35 1.0000000180025095e-35 23.500000000000004 0.13991067062250076 16.500000000000004 9.5000000000000018 7.3436509322732038 0.85071328137897284 2.5000000000000004 -0.54435011845456238 7.195578952690652 35.500000000000007 21.500000000000004 8.5000000000000018 19.500000000000004 8.3204074935979673 9.1707417265189139 1.6981219342632818 0.74891304347826104
decision_type=2 2 2 2 2 2 2 2 2 2 2 2 2 2 2 2 2 2 2 2 2 2 2 2 2 2 2 2 2 2
left_child=11 2 4 -3 8 28 -7 -8 20 -10 29 -1 21 15 -15 16 17 -14 -17 -19 -2 -13 23 24 26 -26 -23 -28 -4 -6
right_child=1 3 5 -5 10 6 7 -9 9 -11 -12 12 13 14 -16 18 -18 19 -20 -21 -22 22 -24 -25 25 -27 27 -29 -30 -31
leaf_value=-0.031274669626997299 -0.027618005872872234 -0.041630558695764562 0.017118990106988051 0.034882716716223221 -0.024076046630982093 0.017118990106988051 0.017118990106988051 0.12582897086738104 -0.039609505801271212 0.017118990106988051 -0.020405336042988709 0.0019179398261441665 0.0019179398261441665 0.0019179398261441665 0.068755512779990077 0.0019179398261441665 0.0019179398261441665 0.049843084984976416 0.02296096517484476 0.01071137882665138 0.017118990106988051 -0.015322347574273877 0.0019179398261441665 -0.01155471526889801 0.0019179398261441665 -0.015322347574273877 0.0019179398261441665 -0.015322347574273877 0.044420777157344174 0.017118990106988051
leaf_weight=4.336327713164791 1.224597959033878 4.1436791727865048 15.655093002916152 1.2060986785800194 0.88939269804132237 0.60273194764249582 0.62669396988440018 1.4313584343276486 3.0497561348563518 0.5041530163025526 14.334101856735741 81.776259454367391 5.1431160215288427 1.1549953771318535 1.8604004372464258 79.80471898048927 28.022490151914099 11.586837041792025 14.38969630525389 4.9282903179409905 23.960010469472763 16.276234328273858 38.704044004123716 73.968571903198608 82.792723095386464 17.334836017354974 15.952675856911812 7.7733832853118647 3.7558229245842076 3.9483457311080201
leaf_count=40926 6012 2382 1779 88 433 94 103 189 3377 734 8315 7455 129 74 47 2170 880 248 232 64 5383 978 2187 4178 4965 865 863 479 199 1302
internal_value=0.00161179 0.0100744 0.0127662 -0.0216038 0.00449892 0.0297391 0.0708283 0.0972391 0.0147684 -0.0194056 -0.010864 0.000281532 0.000629974 0.00523899 0.0463841 0.00406244 0.0118198 0.0255357 0.00191794 0.039444 0.017119 -0.00140311 -0.00355586 -0.0060545 -0.00308987 0.000376404 -0.0115637 0.00024216 0.0209125 0.0160593
internal_weight=561.137 75.3318 69.9821 5.34978 47.9104 22.0717 2.66078 2.05805 28.7385 3.55391 19.1718 485.806 481.469 146.891 3.0154 143.875 49.6807 21.6582 94.1944 16.5151 25.1846 334.579 252.802 214.098 140.13 100.128 40.0023 23.7261 19.4109 4.83774
internal_count=97130 30390 27920 2470 25556 2364 386 292 15506 4111 10050 66740 25814 3844 121 3723 1321 441 2402 312 11395 21970 14515 12328 8150 5830 2320 1342 1978 1735
is_linear=0
shrinkage=0.05


Tree=190
num_leaves=31
num_cat=0
split_feature=9 12 14 5 4 8 14 5 4 9 14 14 9 14 5 14 15 11 0 14 14 5 0 9 9 15 9 14 5 4
split_gain=2.89083 2.07774 8.24161 4.74422 4.58479 3.88906 6.48994 3.84911 3.52 3.19217 3.77133 3.50163 3.33386 2.99858 2.63426 2.86025 2.63293 2.46978 2.29862 1.98261 4.47275 3.24363 2.78265 1.96384 1.79238 1.3622 1.34528 1.31898 1.31134 3.73267
threshold=3.5000000000000004 1.0000000180025095e-35 32.500000000000007 7.1587901799666662 0.69459064327485387 1.0000000180025095e-35 9.5000000000000018 5.4348382462762013 0.85770528683914526 33.500000000000007 2.5000000000000004 14.500000000000002 35.500000000000007 29.500000000000004 8.3287557939817756 41.500000000000007 1.5000000000000002 1.0000000180025095e-35 -0.33776021202191248 21.500000000000004 25.500000000000004 7.3652578699734184 2.8253796890422285 20.500000000000004 36.500000000000007 2.5000000000000004 14.500000000000002 20.500000000000004 5.7213653196100642 0.69852141769949994
decision_type=2 2 2 2 2 2 2 2 2 2 2 2 2 2 2 2 2 2 2 2 2 2 2 2 2 2 2 2 2 2
left_child=-1 2 28 -4 -5 7 17 8 -3 13 -11 12 -12 18 15 26 -15 -7 23 -8 21 -21 -22 -9 27 -26 -6 -13 29 -2
right_child=1 5 3 4 14 6 19 9 -10 10 11 24 -14 16 -16 -17 -18 -19 -20 20 22 -23 -24 -25 25 -27 -28 -29 -30 -31
leaf_value=0.044000477863907407 -0.031934284499431871 -0.053351604875967386 -0.026484671223614795 -0.011262101905222229 0.036839611061676665 0.00094967982729511624 0.00094967982729511624 -0.011574207817221474 0.00094967982729511624 -0.062109372985145829 -0.056986536286989221 -0.034603471746221803 0.00094967982729511624 -0.04342092954937856 0.039727374281950917 0.036839611061676665 0.00094967982729511624 0.042300111355294906 0.00094967982729511624 0.00094967982729511624 0.00094967982729511624 0.07209805289832219 0.066222628988493751 -0.054781715652313039 -0.043312736954178047 0.00094967982729511624 0.15976650259500821 0.00094967982729511624 0.0015123945922234381 0.019591165355517623
leaf_weight=2.9858410598972105 3.1608724870188807 6.6871811914400023 1.0874645972253336 1.2768701777008571 0.13804283599438338 1.6710015087955969 32.816446454586639 5.7322114673247579 1.8931404066456705 3.3547411875333664 1.7421725438352975 1.6094157134430123 10.711745643116044 6.3874035125832034 3.4288458388205072 0.3103449932091279 4.4406425282709279 14.057494945949655 111.24834383632515 1.2467380795524139 8.8709948891387249 3.8397814420995928 0.65537645369477182 2.4751447829166864 9.6892829713415249 1.4238911633019586 1.3524664786018545 2.4987958436695408 291.06132860627849 24.34741294927062
leaf_count=158 1343 1899 1536 953 70 156 2438 1714 842 21 121 273 799 6337 1885 1051 1283 359 7681 197 2822 421 19 1463 5754 306 515 939 47641 6139
internal_value=0.00156525 0.00126053 0.00383189 0.052156 0.0670768 -0.00233915 0.00817035 -0.00627099 -0.0370939 -0.00441308 -0.0185556 -0.0112942 0.00094968 -0.000929042 0.0849413 0.126109 -0.0249933 0.0351536 0.00094968 0.00094968 0.0192113 0.0528413 0.00094968 -0.0240981 -0.027418 -0.0370983 0.148097 0.000904386 0.00252034 0.0127581
internal_weight=562.201 559.216 326.164 7.59403 6.50657 233.052 63.1578 169.894 8.58032 161.314 31.03 27.6753 12.4539 130.284 5.2297 1.80085 10.828 15.7285 119.456 47.4293 14.6129 5.08652 9.52637 8.20736 15.2214 11.1132 1.49051 4.10821 318.57 27.5083
internal_count=97135 96977 61133 6010 4474 35844 6412 29432 2741 26691 8213 8192 920 18478 3521 1636 7620 515 10858 5897 3459 618 2841 3177 7272 6060 585 1212 55123 7482
is_linear=0
shrinkage=0.05


Tree=191
num_leaves=31
num_cat=0
split_feature=9 14 14 14 0 9 9 1 13 5 7 13 5 5 14 4 14 16 14 14 12 14 14 0 14 5 12 14 5 5
split_gain=3.17723 3.70445 2.34967 5.07654 5.85974 2.81121 2.5867 2.5505 2.85027 2.84194 2.48053 3.77516 2.68556 2.23591 2.1904 2.05762 2.00805 1.93222 1.64771 1.50528 3.15203 2.55148 2.2938 2.15915 1.89163 3.40833 1.59447 1.54746 1.521 1.68583
threshold=8.5000000000000018 4.5000000000000009 8.5000000000000018 7.5000000000000009 2.0434292262987106 76.500000000000014 15.500000000000002 0.025118921069207979 0.84277994578958759 7.4389829350645753 1.0000000180025095e-35 0.80502182347235707 7.1182000385728159 4.8193488608967234 6.5000000000000009 0.74891304347826104 1.5000000000000002 0.1502688172043011 57.500000000000007 32.500000000000007 1.0000000180025095e-35 30.500000000000004 29.500000000000004 0.48241949165751674 27.500000000000004 5.602725589693784 3.5000000000000004 38.500000000000007 8.7651264682525589 8.8831533859247589
decision_type=2 2 2 2 2 2 2 2 2 2 2 2 2 2 2 2 2 2 2 2 2 2 2 2 2 2 2 2 2 2
left_child=1 16 3 4 7 17 -6 -2 9 13 12 -12 -5 -9 -11 -8 -1 18 19 21 -21 22 24 -22 -4 -26 28 -25 -23 -30
right_child=2 -3 5 10 6 -7 15 8 -10 14 11 -13 -14 -15 -16 -17 -18 -19 -20 20 23 26 -24 27 25 -27 -28 -29 29 -31
leaf_value=0.00026339035611567689 -0.040134094257713332 0.0063649998308508982 0.001400280432572933 -0.023239193754512819 0.010122261315932614 -0.041198381354777262 0.010122261315932614 0.00044955833044564786 0.010122261315932614 0.00044955833044564786 -0.023239193754512819 0.049186691322890108 -0.058484506320190623 -0.022559512385857759 -0.022559512385857759 0.055946014087160961 0.062273601115888588 0.039797390148944602 -0.032725939633021443 0.020420046028169575 -0.029237992496675663 -0.049279816928087451 0.020420046028169575 -0.0076913389795258266 0.020420046028169575 -0.027642356760390809 0.015355757830472411 0.020420046028169575 0.020420046028169575 -0.02905238188183892
leaf_weight=1.7471056713256974 4.5045138997838867 31.266159706079179 345.05248391722307 3.1080577028687939 3.9361636524263295 2.9185092918391993 2.7548250500039995 2.3131463818940601 17.392428099756216 45.490538960486901 4.6092064962331269 1.4229259589083083 8.9101165214183293 19.945704080272662 7.9370923919395855 6.6254081644055987 4.2670684319837164 2.2441769968681902 2.5808765188151019 7.2846322109994643 4.7990085155506659 4.4157547557938406 5.7470364729201711 2.7342938280598901 1.0077766364620391 11.284213876029751 1.2651222997592411 2.224586002952492 0.40363384999182006 1.1717325958170475
leaf_count=19 945 3443 57626 638 193 1825 133 439 175 2452 476 20 1666 1650 1152 216 217 330 9817 3443 4379 1208 980 405 284 2139 71 431 50 347
internal_value=4.55706e-05 0.0139523 -0.000968359 -0.00680114 -0.00267989 0.000947508 0.0272426 -0.00699809 -0.00498493 -0.00922314 -0.030652 -0.00353048 -0.0429479 -0.0225595 -0.00279884 0.0423265 0.0468655 0.00136509 0.0010427 0.00135136 0.0154548 0.000662479 0.00128399 -0.00808609 0.00069119 -0.0178217 -0.0268259 0.0138553 -0.0366556 0.0041252
internal_weight=561.364 37.2803 524.084 128.95 110.9 395.134 13.3164 97.5834 93.0789 75.6865 18.0503 6.03213 12.0182 22.2589 53.4276 9.38023 6.01417 392.215 389.971 387.39 17.0425 370.348 363.092 9.75789 357.344 12.292 7.25624 4.95888 5.99112 1.57537
internal_count=97169 3679 93490 10155 7355 83335 542 6813 5868 5693 2800 496 2304 2089 3604 349 236 81510 81180 71363 8658 62705 61029 5215 60049 2423 1676 836 1605 397
is_linear=0
shrinkage=0.05


Tree=192
num_leaves=31
num_cat=0
split_feature=5 12 16 5 5 11 4 5 4 5 5 5 16 5 0 5 16 5 5 5 5 0 12 5 5 11 5 0 16 0
split_gain=2.16756 3.89187 5.40776 3.3202 5.17674 3.07248 3.42421 2.98295 3.05112 2.96532 2.13152 2.12018 1.74094 1.73512 1.52293 1.51513 1.81984 1.31352 2.98448 1.93255 1.8644 2.61035 2.46449 6.04731 2.5581 2.35113 2.52796 2.22746 2.16184 2.95492
threshold=7.3770169429876455 4.5000000000000009 0.091750841750841763 7.5258008835461299 7.5589554635715812 1.5000000000000002 0.67759856630824389 7.3436509322732038 0.9630991285403051 6.5688523274727517 9.2082807187888704 7.7173127874535714 0.10102040816326532 8.8906217976099366 -0.019034966202970165 7.2862315880373218 0.03109959700633276 7.2531084142030116 7.2194222969600093 6.9730213621707078 6.3771765217870842 2.8253796890422285 1.0000000180025095e-35 6.07358232863605 5.7213653196100642 4.5000000000000009 5.5519419209880105 1.6667262206639457 0.03548197574384155 0.84086196042948236
decision_type=2 2 2 2 2 2 2 2 2 2 2 2 2 2 2 2 2 2 2 2 2 2 2 2 2 2 2 2 2 2
left_child=7 3 -3 12 -5 6 13 8 15 -10 11 -7 -2 -6 -12 17 -17 18 19 20 22 -22 24 25 -1 26 27 -24 29 -26
right_child=1 2 -4 4 5 10 -8 -9 9 -11 14 -13 -14 -15 -16 16 -18 -19 -20 -21 21 -23 23 -25 28 -27 -28 -29 -30 -31
leaf_value=0.021705843360236118 -0.022649571794645388 -0.028617696411145206 0.039309327550068211 0.04726941670584496 -0.026598697616568075 0.056936505580110146 0.00079619530250559932 0.037827141190204382 0.022974919801510677 0.079159724646408816 0.0070683281986318892 0.0070683281986318892 0.029497986641159896 -0.0078760840071499475 0.049797643802883707 -0.030497468420721131 0.01733462108927902 0.022974919801510677 -0.030004080487020992 0.014592245290348294 -0.01288748972739674 0.022974919801510677 -0.052108809299860198 0.022974919801510677 -0.042086523889738964 0.017616183600552043 -0.0045148596271777867 -0.0045148596271777867 0.022974919801510677 0.0032034477167359621
leaf_weight=27.713514714796474 19.183642826037616 21.320218319237032 2.4862061123349113 5.0413853429022302 18.337018060629362 1.1569640789166467 283.24626375106004 5.9784419600587162 1.8349581226048024 2.1409291360851057 1.405064370324453 24.284457420017134 0.88964851650234678 12.288292003670906 5.2134303932434696 5.679389558903039 2.0724966825546289 5.6443942638597937 5.480217512872513 35.411011154952121 30.421002122772734 2.24400941019121 8.1369042229985187 5.3254097968097076 4.6031258649550164 2.8795820430004815 6.3246820862400446 2.4390805980829091 2.454833269082882 4.8736116613890772
leaf_count=7695 3531 2352 199 650 5306 89 47559 986 816 396 318 1563 25 3002 115 1593 76 1008 1005 5567 5322 45 2933 707 1903 351 1069 239 79 576
internal_value=0.000947559 -0.00105099 -0.0202251 0.00023028 0.00138387 0.000580841 -0.000943342 0.00580552 0.00434223 0.0428922 0.01508 0.00778555 -0.0190483 -0.0165484 0.0384173 0.00305763 -0.0171899 0.00425904 0.00318002 0.00476311 0.00107821 -0.00850297 0.00596747 -0.00614389 0.0135996 -0.0196646 -0.0266459 -0.0406409 -0.00545142 -0.016568
internal_weight=556.51 394.853 23.8064 371.046 350.973 345.931 313.872 161.658 155.679 3.97589 32.0599 25.4414 20.0733 30.6253 6.61849 151.703 7.75189 143.951 138.307 132.827 97.4158 32.665 64.7507 25.1057 39.6451 19.7802 16.9007 10.576 11.9316 9.47674
internal_count=97075 64709 2551 62158 58602 57952 55867 32366 31380 1212 2085 1652 3556 8308 433 30168 1669 28499 27491 26486 20919 5367 15552 5299 10253 4592 4241 3172 2558 2479
is_linear=0
shrinkage=0.05


Tree=193
num_leaves=31
num_cat=0
split_feature=21 12 3 0 5 5 7 14 4 12 14 14 5 5 16 5 14 11 4 14 14 16 5 5 7 5 5 13 2 14
split_gain=2.26845 2.07799 1.82161 5.2478 1.41785 1.81525 1.34923 1.31789 1.94764 3.91093 1.5221 2.7883 2.40772 3.86922 1.78661 1.91189 1.54024 1.27549 1.21719 1.28027 1.75816 1.10944 1.10247 1.00347 0.853535 0.809995 0.584524 0.578882 0.544333 0.442264
threshold=1.0000000180025095e-35 16.500000000000004 1.0000000180025095e-35 1.1903766698665825 6.858432694097508 6.7367967526708386 1.0000000180025095e-35 24.500000000000004 0.8150161030595815 1.0000000180025095e-35 1.5000000000000002 12.500000000000002 7.9926211699921064 8.6165232314057274 0.099019607843137278 8.0174301749883572 18.500000000000004 1.0000000180025095e-35 0.82583417593528829 8.5000000000000018 18.500000000000004 0.074537037037037054 8.7651264682525589 7.2194222969600093 1.0000000180025095e-35 8.6938534147366209 9.1980056239386681 1.1245195195195197 1.0000000180025095e-35 2.5000000000000004
decision_type=2 2 2 2 2 2 2 2 2 2 2 2 2 2 2 2 2 2 2 2 2 2 2 2 2 2 2 2 2 2
left_child=1 2 4 -4 5 6 18 8 9 10 -6 14 -13 -14 15 -12 -15 -7 19 -1 27 -18 23 -10 -19 -17 -9 -21 -5 -8
right_child=-2 -3 3 28 7 17 29 26 22 -11 11 12 13 16 -16 25 21 24 -20 20 -22 -23 -24 -25 -26 -27 -28 -29 -30 -31
leaf_value=-0.010342281311227986 0.045740484693386319 -0.03952513393374249 0.0029573206635311652 0.012876139802455448 -0.00096495622113233585 -0.046213783499726699 -0.0034643084257364731 0.0029573206635311652 0.0029573206635311652 -0.00096495622113233585 -0.039155433338290295 -0.00096495622113233585 -0.035760843075881829 -0.00096495622113233585 -0.00096495622113233585 -0.013399619742246936 -0.027945829441050292 -0.024491754915811698 -0.0034643084257364731 -0.041334293456169839 -0.010342281311227986 -0.00096495622113233585 0.0029573206635311652 -0.00096495622113233585 0.0029573206635311652 -0.026203616079242917 -0.016051699758434582 -0.010342281311227986 0.022794958941379732 0.0029573206635311652
leaf_weight=7.0565073303823764 1.7058797393983685 2.3308846448262548 52.348723293649527 1.2919682018982737 6.7273452753433949 3.8111442821013943 1.374052005092383 44.803012407789311 14.517151303482477 83.139225137361791 16.018082672056607 21.346820183679483 13.231293097582691 15.143093860326646 3.0610237877117461 11.549956827243479 8.2096074412020208 2.0698016679089055 19.07542029128399 10.027731557758216 7.313226776743476 0.66470645728986788 51.347903638105436 87.351558335168647 0.96429537553103717 13.724451262030923 9.588173247544999 0.56130381884577296 26.560315894006635 23.51443649404473
leaf_count=883 266 1965 3833 6511 60 939 16 17880 1608 7264 3030 4371 2864 2845 38 2183 1729 170 5955 3274 3907 8 5708 10327 39 2760 3680 26 314 2849
internal_value=7.03428e-05 -0.000150567 8.49992e-05 0.00700784 -0.0010932 -0.00731776 -0.00465003 9.9903e-05 -0.00139742 -0.00473053 -0.0116036 -0.0134998 -0.00617002 -0.0150933 -0.0228336 -0.0258343 -0.00273315 -0.0301618 -0.00988594 -0.0172203 -0.0258327 -0.0209143 0.00280062 -0.000964956 -0.00354124 -0.0162229 0.00295732 -0.0382686 0.022795 0.00295732
internal_weight=560.429 558.723 556.392 80.201 476.191 75.7679 68.9227 400.423 346.032 192.816 109.676 102.949 58.5955 37.2487 44.3535 41.2925 24.0174 6.84524 44.0342 24.9588 17.9023 8.87431 153.217 101.869 3.0341 25.2744 54.3912 10.589 27.8523 24.8885
internal_count=97302 97036 95071 10658 84413 18058 16910 66355 44795 27152 19888 19828 11817 7446 8011 7973 4582 1148 14045 8090 7207 1737 17643 11935 209 4943 21560 3300 6825 2865
is_linear=0
shrinkage=0.05


Tree=194
num_leaves=31
num_cat=0
split_feature=5 5 5 5 14 14 14 5 14 14 14 7 0 14 11 7 0 14 0 15 14 16 14 1 0 12 14 5 14 5
split_gain=2.19792 2.16043 3.59051 2.4957 2.23455 2.93441 2.12901 2.06683 2.49832 2.44172 2.04385 2.00541 1.88138 2.10876 3.29475 2.75721 5.98265 2.78053 2.59637 2.26828 1.84616 1.6526 1.55073 3.21263 1.54229 1.46889 2.50475 3.98115 2.63797 1.43047
threshold=8.2360076701395872 8.1662635015820513 8.1165658364029749 7.9698397002827983 21.500000000000004 26.500000000000004 13.500000000000002 8.262511287126868 7.5000000000000009 17.500000000000004 1.0000000180025095e-35 1.5000000000000002 -0.35785781523190391 24.500000000000004 13.500000000000002 1.0000000180025095e-35 2.0064462875111029 7.5000000000000009 1.5772676958670611 1.0000000180025095e-35 1.5000000000000002 0.080540540540540564 11.500000000000002 0.15592801283522276 -0.69051970220388947 3.5000000000000004 41.500000000000007 9.1094630449962306 45.500000000000007 7.9926211699921064
decision_type=2 2 2 2 2 2 2 2 2 2 2 2 2 2 2 2 2 2 2 2 2 2 2 2 2 2 2 2 2 2
left_child=1 2 3 12 6 29 -5 8 -2 -10 -9 21 -1 14 15 17 19 -14 -15 -17 -12 -3 23 -4 -22 26 -26 -28 -29 -6
right_child=7 11 22 4 5 -7 -8 10 9 -11 20 -13 13 18 -16 16 -18 -19 -20 -21 24 -23 -24 -25 25 -27 27 28 -30 -31
leaf_value=-0.018758606674556162 -0.012448604945188006 -0.043080695323453162 -0.020911325158535617 -0.010615475658373563 -0.015070753459035505 -0.021996627352290844 -0.041793572882674469 0.027551601240870145 0.075623821794959675 -0.0054506640268124022 -0.027143631382112815 0.029472549542300049 -0.0019116692378691358 0.0017276403243064505 0.058305177715521454 -0.0019116692378691358 0.02730621883459125 -0.010011563097757368 0.034142781518057927 0.012697274798361059 -0.027385098517245705 -0.0027476970875793733 0.0064059712641832524 0.079846696791006158 0.0027217857153427794 -0.010361335587560794 -0.012647573302454624 0.12731810134029137 -0.0088777242876780914 0.058821233049375601
leaf_weight=15.455859151657021 1.7749161283209094 7.1472617759168298 0.61165348067424874 13.964082653404608 0.40446164568766052 2.505040092336003 9.1659365646814859 6.4090028929058453 2.1064945571988578 1.1437961428200649 4.7384250024624626 0.62673016738608556 35.845578619152548 21.788182238473386 1.1678994303802017 42.724453018080567 12.072195678185379 97.138012541598982 7.6870506287377784 17.592471970277984 3.5245569988262551 0.63235081963648543 3.3785430554416962 1.8736798226618701 216.96178226105258 20.618059462907695 0.76743344064106966 0.41119140708178747 0.31196266526330874 1.7921422190038354
leaf_count=17678 72 1296 124 1592 88 1517 1612 45 246 349 69 20 2244 5895 66 3465 391 16264 808 239 10301 12 782 86 28045 1607 1144 88 552 457
internal_value=-0.000987665 -0.00394268 -0.00315322 -0.00401761 -0.0179577 0.0115707 -0.0241907 0.00236709 0.0313178 0.0525234 0.00167306 -0.0275411 -0.00240978 -0.00126452 -0.00306292 -0.00369274 0.00412276 -0.00794609 0.0110244 -0.00191167 0.000894235 -0.0349679 0.0326056 0.0561645 0.00155106 0.00208995 0.00330699 0.0531932 0.097509 0.0447572
internal_weight=552.341 293.574 285.167 279.303 27.8317 4.70164 23.13 258.768 5.02521 3.25029 253.742 8.40634 251.472 236.016 206.541 205.373 72.3891 132.984 29.4752 60.3169 247.333 7.77961 5.86388 2.48533 242.595 239.07 218.452 1.49059 0.723154 2.1966
internal_count=97154 54636 53308 52316 5266 2062 3204 42518 667 595 41851 1328 47050 29372 22669 22603 4095 18508 6703 3704 41806 1308 992 210 41737 31436 29829 1784 640 545
is_linear=0
shrinkage=0.05


Tree=195
num_leaves=31
num_cat=0
split_feature=16 14 14 16 9 11 12 12 12 4 5 9 9 4 5 9 0 14 14 14 0 0 14 12 5 11 1 5 5 5
split_gain=3.34144 2.45629 2.33333 3.77537 2.78068 2.94921 8.61907 2.71144 2.63619 2.44514 2.15507 2.7453 2.99138 3.97888 2.11382 2.01615 1.74819 1.65898 1.6898 1.63826 1.81076 1.63554 1.54087 3.47089 1.78287 1.74525 1.30686 1.47843 1.24711 1.68527
threshold=0.133974358974359 45.500000000000007 17.500000000000004 0.019884023590655994 5.5000000000000009 1.0000000180025095e-35 1.0000000180025095e-35 3.5000000000000004 1.0000000180025095e-35 0.81774475524475532 8.9089007820488906 12.500000000000002 24.500000000000004 0.82160537482319673 7.6757128033545792 33.500000000000007 0.54861747662151972 24.500000000000004 28.500000000000004 6.5000000000000009 1.218183811820982 -0.22138013293931313 10.500000000000002 2.5000000000000004 7.3544086179388115 8.5000000000000018 0.46680734182967076 6.0254102723562619 8.875702326855011 7.5759899252473222
decision_type=2 2 2 2 2 2 2 2 2 2 2 2 2 2 2 2 2 2 2 2 2 2 2 2 2 2 2 2 2 2
left_child=1 2 4 7 9 6 19 10 -5 -1 14 -12 -13 -14 15 17 -17 26 -19 20 28 -2 23 24 -7 -24 -4 -28 29 -6
right_child=21 -3 3 8 5 22 -8 -9 -10 -11 11 12 13 -15 -16 16 -18 18 -20 -21 -22 -23 25 -25 -26 -27 27 -29 -30 -31
leaf_value=-0.028272249982164932 0.014674865405787357 -0.033957341176425036 -0.028962714660610747 0.014674865405787357 -0.029539862971377423 -0.0021053106563277578 -0.033451893623679306 -0.040474198591580697 0.0067402064377844245 0.014674865405787357 -0.046051000150274246 0.0067402064377844245 -0.045080261508430225 0.0067402064377844245 0.0067402064377844245 -0.027716657518963572 0.0067402064377844245 0.0067402064377844245 -0.018860812570405873 -0.0021053106563277578 -0.0021053106563277578 0.046425270599253318 -0.0021053106563277578 -0.0021053106563277578 0.014674865405787357 0.014674865405787357 0.0067402064377844245 -0.016952675512471115 -0.035234511810010756 -0.0099213439712329977
leaf_weight=2.8570734846307442 2.1778478469350375 4.6211697810167598 12.24116215371305 27.191591230764061 10.636168140388238 11.890827853074823 26.329260253668053 3.2031636462370434 29.372586675191997 7.0708826656427846 3.8043520728952016 13.782897361656071 6.7456403388891868 4.3581562847080022 48.438980445204834 3.56073275002427 6.1277908044266951 7.0308696169035994 5.7125930443412472 159.68927039311029 14.916849904493573 5.3738402638609832 42.028607960754925 19.873354588958136 33.316664964664596 4.1921019549336043 2.5193360066068626 8.2330926557406183 7.3067010891440978 18.269972034407147
leaf_count=176 58 13691 4004 1215 1402 554 5633 517 1399 421 536 2316 2752 1275 12822 3742 1534 1341 1896 30682 1006 455 3172 297 1122 170 256 510 718 1316
internal_value=-0.000590098 -0.00107449 -0.000731286 0.00386062 -0.00307164 -0.00388303 -0.00702493 -0.000986337 0.0144667 0.0146749 0.00036496 -0.0113941 -0.00452189 -0.0231408 0.0040415 -0.00464789 0.00674021 -0.0106474 0.00366963 -0.00358211 -0.0114602 0.0304242 0.00281431 0.00786931 0.0146749 -0.00210531 -0.0184044 -0.00494264 -0.0177374 -0.0122843
internal_weight=552.874 545.322 540.701 182.323 358.378 348.45 237.148 125.759 56.5642 9.92796 122.556 28.691 24.8867 11.1038 93.8646 45.4256 9.68852 35.7371 12.7435 210.819 51.1297 7.55169 111.302 65.0808 45.2075 46.2207 22.9936 10.7524 36.2128 28.9061
internal_count=96988 96475 82784 36115 46669 46072 40757 33501 2614 597 32984 6879 6343 4027 26105 13283 5276 8007 3237 35124 4442 513 5315 1973 1676 3342 4770 766 3436 2718
is_linear=0
shrinkage=0.05


Tree=196
num_leaves=31
num_cat=0
split_feature=12 14 16 14 16 14 11 8 14 3 4 9 9 14 9 14 3 9 4 14 15 14 14 9 4 14 9 7 14 14
split_gain=2.37348 9.29483 9.04912 4.66474 6.34019 4.45562 4.32793 5.31491 4.77337 3.2522 3.15024 2.75814 2.8387 1.9742 2.51297 3.22433 1.9016 1.73826 1.71712 1.70128 1.69912 2.98002 1.63122 1.62486 2.2112 1.52533 3.29742 1.48644 1.48614 1.87506
threshold=1.0000000180025095e-35 26.500000000000004 0.019884023590655994 27.500000000000004 0.072299651567944254 23.500000000000004 1.0000000180025095e-35 1.0000000180025095e-35 11.500000000000002 1.0000000180025095e-35 0.67451088962716887 35.500000000000007 31.500000000000004 21.500000000000004 8.5000000000000018 8.5000000000000018 1.0000000180025095e-35 41.500000000000007 0.78393734643734658 32.500000000000007 1.0000000180025095e-35 9.5000000000000018 1.5000000000000002 19.500000000000004 0.7814295977011495 4.5000000000000009 23.500000000000004 1.0000000180025095e-35 8.5000000000000018 11.500000000000002
decision_type=2 2 2 2 2 2 2 2 2 2 2 2 2 2 2 2 2 2 2 2 2 2 2 2 2 2 2 2 2 2
left_child=1 5 10 6 16 9 8 25 -2 11 -3 12 18 14 15 -11 -5 23 28 -18 21 -9 -16 24 -12 -8 -27 -20 -1 -30
right_child=3 2 -4 4 -6 -7 7 20 -10 13 17 -13 -14 -15 22 -17 19 -19 27 -21 -22 -23 -24 -25 -26 26 -28 -29 29 -31
leaf_value=3.4737905715054655e-05 -0.039601434552180279 -0.035329193257487741 0.073716635760789614 -0.035954699062131466 0.038319402062960695 -0.021071675204480396 -0.0026581838902524834 0.024775837970873169 -0.0028454812562305719 0.0092964789057346647 -0.0076443057028997138 0.0092964789057346647 -0.024566841284398917 0.056229900022146798 0.046091326135800734 0.081008856329275292 -0.016098258944122684 -0.0076443057028997138 0.00038684264157479446 0.0040951221944453718 0.036122128199423967 0.010721464162191973 0.0092964789057346647 0.038928243528647648 0.0293935217178754 -0.0026581838902524834 0.010721464162191973 0.0092964789057346647 -0.027092791314614936 -0.0048232831123554655
leaf_weight=22.53953856081489 10.3829416514327 2.0588452090114577 8.2519878103430511 19.059587359258792 3.0762530469000913 17.056954281253638 26.040387595397988 12.385281301456873 40.245815439116996 1.2083093397595797 1.991396454051485 34.948088425036985 10.505760843159804 2.032216238703767 2.0770781967876237 1.9765069742861667 1.5399689027053676 2.4962801377296264 75.297166933074095 1.7975541681489628 12.399012280891837 14.996397234219783 39.413965484468463 8.8813177815841282 3.8322839136430957 52.822507601107191 37.14945905229888 38.630162616600501 11.484631832134253 41.549939153025662
leaf_count=2800 1935 1434 743 15022 381 3666 260 301 9150 199 639 9092 2947 346 28 242 212 2116 13217 475 276 1148 5421 4090 1157 3556 3163 2785 2608 7790
internal_value=0.00289971 0.00564229 0.0329237 -0.000966238 -0.0207278 0.00302821 0.0015606 0.00568806 -0.0110044 0.00455703 0.0126701 0.00213056 -0.000450946 0.0164624 0.013462 0.0506599 -0.0301292 0.0200406 0.00100796 0.00375818 0.0212148 0.0134295 0.00948166 0.026542 0.00471591 0.000228135 0.00460203 0.00486783 -0.00479835 -0.0100579
internal_weight=558.128 326.232 27.5121 231.895 25.4734 298.72 206.422 155.793 50.6288 281.663 19.2601 234.955 200.007 46.7081 44.6759 3.18482 22.3971 17.2013 189.501 3.33752 39.7807 27.3817 41.491 14.705 5.82368 116.012 89.972 113.927 75.5741 53.0346
internal_count=97199 61320 10179 35879 16090 51141 19789 8704 11085 47475 9436 41239 32147 6236 5890 441 15709 8002 29200 687 1725 1449 5449 5886 1796 6979 6719 16002 13198 10398
is_linear=0
shrinkage=0.05


Tree=197
num_leaves=31
num_cat=0
split_feature=9 7 9 4 14 5 0 14 5 12 5 14 14 4 12 9 5 5 21 9 9 9 5 5 16 14 14 5 3 5
split_gain=2.09094 4.9331 3.09068 2.59953 2.19466 1.88239 3.83795 3.01145 8.02028 6.475 2.95051 2.7854 2.73349 3.49765 2.3162 2.74874 5.75954 4.90568 1.67577 1.66151 1.55775 4.07637 3.47255 2.44468 2.31514 4.21523 2.53467 2.2403 2.87916 1.81075
threshold=53.500000000000007 1.0000000180025095e-35 62.500000000000007 0.70389266817838259 26.500000000000004 5.0165011510177271 -0.14420201709804312 18.500000000000004 3.9645267917352025 1.0000000180025095e-35 5.9773868259792655 14.500000000000002 10.500000000000002 0.87244472256987915 1.0000000180025095e-35 18.500000000000004 5.602725589693784 5.6642285820164675 1.0000000180025095e-35 12.500000000000002 12.500000000000002 14.500000000000002 8.3647054306170894 6.3771765217870842 0.020236145236145243 12.500000000000002 15.500000000000002 8.6478545464965979 1.0000000180025095e-35 6.4739273939629234
decision_type=2 2 2 2 2 2 2 2 2 2 2 2 2 2 2 2 2 2 2 2 2 2 2 2 2 2 2 2 2 2
left_child=5 4 -3 -4 -2 6 -1 12 -9 -10 11 14 13 -8 15 16 19 -17 20 -7 23 22 -22 -12 26 -26 27 28 -25 -23
right_child=1 2 3 -5 -6 10 7 8 9 -11 18 -13 -14 -15 -16 17 -18 -19 -20 -21 21 29 -24 24 25 -27 -28 -29 -30 -31
leaf_value=-0.031742750778638106 -0.042397060247615852 -0.0057221678368609089 -0.0057221678368609089 0.067376758226129638 -0.0057221678368609089 0.0046810059938220362 0.0093423933046814286 -0.0037263690243891454 0.12042813741209796 0.00099567072906420239 0.024241414448268828 -0.030545819434133509 -0.0037263690243891454 0.087685844154393899 -0.023063726361075357 -0.047875912103026871 -0.023302469415761692 0.041111105390502965 0.045072300074822949 0.092821552677366442 0.024241414448268828 -0.014445982180917655 0.0012465789129991805 -0.021368351928353502 0.00064737617749873052 0.024241414448268828 -0.025030737231054281 0.00064737617749873052 0.00064737617749873052 0.0038018054141434627
leaf_weight=2.6693946183563666 9.4434460591446641 3.3650999584751835 0.66079112658371775 2.5972938047575553 2.7399879285585476 0.78492863008068736 5.1689578331379407 1.6991185431961628 2.7426070332076051 1.652796449481684 3.1849061350280854 11.599165510021519 8.5437865043995753 1.1341961051648466 4.9177266418614627 2.604484059168044 1.7786191885879814 1.7558556144658721 1.4332914524438809 2.0075962445171172 20.096331127373105 13.183253695823167 17.753093412956787 26.839725768551943 8.2664053273038025 12.590739004101122 16.69272083635542 17.782931801035829 6.5301311350012829 344.25852536707771
leaf_count=3385 3587 587 256 508 2815 177 670 466 565 326 291 3364 1451 296 448 618 250 313 231 254 2471 2505 2157 2644 157 557 3339 2122 715 59475
internal_value=0.00282128 -0.0131508 0.0197108 0.04887 -0.0311552 0.00340332 0.0169227 0.02429 0.0513019 0.0840264 0.00275073 -0.0135295 0.0106643 0.0335159 0.00181961 0.0164633 0.0399875 -0.0110575 0.00362455 0.0758136 0.00341053 0.00477161 0.0201607 -0.00243305 -0.00424496 0.0100008 -0.00870607 -0.00300103 -0.0128865 0.00309036
internal_weight=556.478 18.8066 6.62318 3.25808 12.1834 537.671 23.6109 20.9415 6.09452 4.3954 514.06 25.4484 14.8469 6.30315 13.8492 8.93148 4.57114 4.36034 488.612 2.79252 487.179 395.291 37.8494 91.8876 88.7027 20.8571 67.8455 51.1528 33.3699 357.442
internal_count=97000 7753 1351 764 6402 89247 7159 3774 1357 891 82088 5424 2417 966 2060 1612 681 931 76664 431 76433 66608 4628 9825 9534 714 8820 5481 3359 61980
is_linear=0
shrinkage=0.05


Tree=198
num_leaves=31
num_cat=0
split_feature=12 14 16 5 3 5 5 14 9 9 5 5 12 5 9 14 16 9 9 9 14 14 9 0 9 12 14 12 9 9
split_gain=2.96055 7.35526 6.06292 4.65497 4.36577 4.12048 3.01088 2.93105 5.21169 2.37899 3.43206 2.15676 3.99031 3.94154 3.45795 3.33448 3.47639 4.6944 2.65789 2.61794 2.30056 7.88888 2.06881 3.70118 4.99276 2.989 2.64086 3.52616 2.05332 2.64577
threshold=1.0000000180025095e-35 26.500000000000004 0.019884023590655994 6.07358232863605 1.0000000180025095e-35 7.7708049083537345 4.766488736963427 10.500000000000002 37.500000000000007 24.500000000000004 8.2025820804304228 6.4739273939629234 1.5000000000000002 7.1042461505127674 28.500000000000004 5.5000000000000009 0.038192249720425932 18.500000000000004 41.500000000000007 27.500000000000004 26.500000000000004 24.500000000000004 16.500000000000004 0.56186730716163835 24.500000000000004 1.5000000000000002 3.5000000000000004 1.5000000000000002 37.500000000000007 32.500000000000007
decision_type=2 2 2 2 2 2 2 2 2 2 2 2 2 2 2 2 2 2 2 2 2 2 2 2 2 2 2 2 2 2
left_child=1 4 -3 -2 -1 11 -6 22 9 10 -9 12 14 15 -5 -13 -17 -18 20 -19 21 28 -7 24 25 -24 -25 -28 29 -15
right_child=3 2 -4 5 6 7 -8 8 -10 -11 -12 13 -14 18 -16 16 17 19 -20 -21 -22 -23 23 26 -26 -27 27 -29 -30 -31
leaf_value=-0.00090289006436047479 -0.024864708612974521 0.012261013447494147 0.062884863770714033 0.083555669753952011 0.064706342041085108 0.017361342807125972 0.011948191262988576 -0.033168742661216159 -0.042286587447890156 0.0065217201677008237 -0.0049833165703525029 -0.053730999021796483 -0.013747383354967644 0.017907765342440016 -0.019903190856530303 -0.016822475125915972 0.0059732217804573887 0.093761823004253342 -0.017663845692865388 0.0090107761871084449 -0.011175124095563694 0.11161512759373048 -0.0079009252055968742 -0.0038421291770497803 -0.0038421291770497803 -0.081034588556656434 -0.0030951308158787779 0.053655677350050869 0.070889184483019826 -0.030627507342901473
leaf_weight=249.52795929630793 21.537155611323215 19.878969926681979 7.8512663698156748 2.7561306889547263 1.960500828275143 17.847925085043698 46.604367744163483 13.254490526799144 10.536776178267017 24.753904532356273 46.593372691622108 2.8242514290859644 2.1131290210637417 26.165265364547405 0.60604099878446493 11.707008919629518 1.737644487975557 1.79849180322708 4.6090542870508662 1.6993461297461179 4.5736744932187312 1.45118009372345 2.4767581281475968 5.3633246361714546 9.1440592831540908 3.1094861172459787 4.7804966769144794 5.0955469352738874 0.72089686518756835 2.2207613081295667
leaf_count=44577 4800 9367 731 374 341 892 6312 2053 4742 5573 6820 42 352 2045 263 2713 46 45 1107 46 2169 161 282 45 379 64 327 102 132 238
internal_value=0.00106209 0.00412076 0.0282841 -0.0032798 0.0017859 -0.000935851 0.0153405 -0.00567399 -0.0107123 -0.00633184 -0.0116681 0.00941563 0.0369223 0.00631635 0.0646193 -0.01155 -0.00191586 0.0287689 0.0152683 0.063745 0.0199581 0.0248243 0.00436444 -0.00368631 -0.020869 -0.0547323 0.0131847 0.0284266 0.0169336 0.0131976
internal_weight=555.299 325.823 27.7302 229.476 298.093 207.939 48.5649 142.956 95.1385 84.6018 59.8479 64.9829 5.4753 59.5076 3.36217 19.7667 16.9425 5.23548 39.7408 3.49784 35.1318 30.5581 47.8176 29.9697 14.7303 5.58624 15.2394 9.87604 29.1069 28.386
internal_count=97140 61328 10098 35812 51230 31012 6653 21279 19188 14446 8873 9733 989 8744 637 2892 2850 137 5852 91 4745 2576 2091 1199 725 346 474 429 2415 2283
is_linear=0
shrinkage=0.05


Tree=199
num_leaves=31
num_cat=0
split_feature=21 17 16 9 7 12 4 9 9 9 13 12 4 9 4 12 0 0 13 0 13 9 9 4 12 12 16 12 9 0
split_gain=1.7955 3.03989 1.70639 1.71286 2.74444 1.25778 1.21689 1.08611 1.19532 2.03815 1.71877 3.51045 1.82285 1.53825 1.24799 1.35257 1.20616 0.971754 0.893403 0.829236 0.817785 0.782016 1.29887 1.94129 1.4567 1.22772 1.583 0.703194 0.650446 0.545961
threshold=1.0000000180025095e-35 1.0000000180025095e-35 0.15430402930402934 65.500000000000014 1.0000000180025095e-35 17.500000000000004 0.56306818181818197 38.500000000000007 16.500000000000004 17.500000000000004 0.2427642804007534 1.0000000180025095e-35 0.69459064327485387 13.500000000000002 0.64308462238398556 5.5000000000000009 2.0842530612953931 2.0434292262987106 0.65608801332151601 -0.15346642393629026 0.7166792975115458 31.500000000000004 28.500000000000004 0.75564037319762523 1.0000000180025095e-35 1.5000000000000002 0.03548197574384155 1.0000000180025095e-35 73.500000000000014 -0.65393207174173895
decision_type=2 2 2 2 2 2 2 2 2 2 2 2 2 2 2 2 2 2 2 2 2 2 2 2 2 2 2 2 2 2
left_child=1 2 3 5 -5 6 -1 8 10 16 11 12 -8 -12 -11 21 -10 -13 -17 20 -9 22 24 -24 29 26 -23 -21 -6 -16
right_child=-2 -3 -4 4 28 -7 7 19 9 14 13 17 -14 -15 15 18 -18 -19 -20 27 -22 25 23 -25 -26 -27 -28 -29 -30 -31
leaf_value=-0.026810496231582083 0.044647826466799476 -0.039518498453927464 0.022949932137007488 -0.037781471376121423 -0.012826895427158673 -0.03247389708790098 -0.012389478612601198 -0.012389478612601198 -0.012389478612601198 -0.012389478612601198 0.0066540235090420188 -0.012389478612601198 0.0066540235090420188 0.012127680521804081 -0.0055512875085235169 -0.0055512875085235169 0.012127680521804081 0.0066540235090420188 0.012127680521804081 0.012127680521804081 0.0015303228599845482 -0.0055512875085235169 -0.0055512875085235169 0.012127680521804081 -0.0055512875085235169 0.012127680521804081 0.012127680521804081 0.0023388907970165076 0.012127680521804081 0.0044405457238987289
leaf_weight=2.6865869460930289 1.3950564584956726 3.5358448253916768 3.9489802989119189 5.6240190906810295 0.75820855709343993 1.6870017251039815 8.8309139282387132 4.6494293923526575 19.714224672360164 13.041096708419898 33.833229123679757 19.72841164654756 103.55190698296337 18.196927676156065 1.4538621668589105 1.7164927789708588 2.2552932973048874 2.5800200039338952 10.226978063539717 29.803698196259575 1.6313215317968568 28.371708017425135 8.8590845415092208 19.492165495349582 62.974063830904925 6.153395810611527 10.397569167693289 19.950201737674433 1.642947477241705 102.5171741055856
leaf_count=739 259 6710 317 2939 219 1752 1591 6119 2644 3335 2651 2646 11840 1703 3884 137 130 143 463 5481 979 8343 1865 3501 8932 979 253 2670 360 13454
internal_value=0.00144252 0.00125204 0.00158766 0.00130543 -0.0203022 0.00166729 0.00183609 0.00203154 0.00124415 -0.000781486 0.00434709 0.00133453 0.00505079 0.0119735 0.000478445 0.0012869 -0.0123895 -0.0123895 0.0121277 0.00855209 -0.00764669 0.000381655 0.00175427 0.0114543 4.85891e-05 -0.0054939 -0.00555129 0.0107073 0.0121277 0.00367681
internal_weight=551.208 549.813 546.277 542.328 8.02518 534.303 532.616 529.929 473.895 287.173 186.721 134.691 112.383 52.0302 265.204 252.162 21.9695 22.3084 11.9435 56.0347 6.28075 240.219 195.296 28.3513 166.945 44.9227 38.7693 49.7539 2.40116 103.971
internal_count=97038 96779 90069 89752 3518 86234 84482 83743 68494 47920 20574 16220 13431 4354 45146 41811 2774 2789 600 15249 7098 41211 31636 5366 26270 9575 8596 8151 579 17338
is_linear=0
shrinkage=0.05


Tree=200
num_leaves=31
num_cat=0
split_feature=7 5 9 5 0 9 14 14 16 5 5 0 9 0 5 5 11 9 9 4 9 5 4 9 5 14 14 11 0 13
split_gain=2.27391 2.09757 2.45103 2.46391 2.01266 1.99684 1.67883 1.67624 5.07441 2.78546 2.17064 2.19739 2.57509 2.12718 2.02602 3.1854 2.07678 1.66067 1.6388 2.28015 1.87752 1.9624 3.88675 1.85088 3.71599 1.72997 2.30831 2.69153 2.31054 3.69536
threshold=2.5000000000000004 5.4348382462762013 11.500000000000002 5.1826093221586591 -0.0093489248246467725 5.5000000000000009 22.500000000000004 19.500000000000004 0.019884023590655994 9.1094630449962306 8.3723432244328944 0.42036012153708063 19.500000000000004 -0.039054492598341796 6.3771765217870842 6.5216077629755533 2.5000000000000004 39.500000000000007 8.5000000000000018 0.79935064935064948 46.500000000000007 7.0274084446110585 0.68016393442622958 26.500000000000004 8.0518576827789001 1.5000000000000002 8.5000000000000018 1.5000000000000002 0.11817937237212946 0.78010741854122212
decision_type=2 2 2 2 2 2 2 2 2 2 2 2 2 2 2 2 2 2 2 2 2 2 2 2 2 2 2 2 2 2
left_child=1 2 5 4 -4 -1 -6 14 10 -10 11 12 -9 -12 -3 16 -16 -15 19 -17 21 22 -20 25 -25 -23 28 -28 -27 -30
right_child=-2 7 3 -5 6 -7 -8 8 9 -11 13 -13 -14 17 15 18 -18 -19 20 -21 -22 23 -24 24 -26 26 27 -29 29 -31
leaf_value=-0.033357351460829084 0.034322973014438471 0.017935300230062932 -0.034707755399597438 -0.041544777687252232 0.0082596231020518052 0.017935300230062932 -0.017337703090976653 -0.038856292576905545 0.0018300858546192907 0.017935300230062932 -0.043314248669565826 0.0010689581038625384 -0.0075743503545435539 -0.006842838537160798 -0.045117326576176571 -0.012186493503996771 0.017935300230062932 -0.027742516217377701 -0.039743104637771552 0.017935300230062932 0.01762776286094165 0.017935300230062932 0.017935300230062932 -0.018820892007135256 0.0026503998073421865 -0.02155953337698225 0.0027529903731228662 0.017935300230062932 -0.0077630197560974923 0.017935300230062932
leaf_weight=1.0199023014520197 4.3463585284116553 23.212527782893176 4.3461413774118745 6.2184395619460693 15.041181005229193 4.7257965377070832 3.8875749258586429 7.1830108354681697 34.589868309022222 9.2363382252510728 5.9646351101921473 31.09934152896858 12.062293180317054 29.554338567411833 4.2767366950492933 5.7791107796156238 0.52406168146990229 4.1897699612954957 2.0447306029450401 19.441037342763593 18.847241972832762 10.503337193811602 19.59428440235115 31.620167350291013 52.175702932319837 16.32882397208914 120.51756343171382 16.14330374507972 34.422518979004963 8.069044140611366
leaf_count=102 120 3263 4216 1215 2856 1024 954 3609 3544 769 8940 4693 11685 4216 540 720 8 1736 337 1552 3568 114 2343 4477 7172 2645 17612 377 2729 118
internal_value=0.00186445 0.00154763 -0.0100875 -0.0158984 -0.00761725 0.017676 3.23492e-05 0.00235803 -0.0024456 0.0113467 -0.00920877 -0.0022195 -0.0162177 -0.0177979 0.00403697 0.0030866 -0.0336977 -0.0121708 0.0036765 0.015719 0.00271222 0.00175599 0.0159341 0.000646099 -0.00557815 0.00319288 0.0020417 0.00559612 -0.00617198 0.00010096
internal_weight=556.965 552.619 35.239 29.4933 23.2749 5.7457 18.9288 517.38 133.88 43.8262 90.0534 50.3446 19.2453 39.7087 383.5 360.288 4.8008 33.7441 355.487 25.2201 330.267 311.419 21.639 289.78 83.7959 205.985 195.481 136.661 58.8204 42.4916
internal_count=97254 97134 10367 9241 8026 1126 3810 86767 39192 4313 34879 19987 15294 14892 47575 44312 548 5952 43764 2272 41492 37924 2680 35244 11649 23595 23481 17989 5492 2847
is_linear=0
shrinkage=0.05


Tree=201
num_leaves=31
num_cat=0
split_feature=5 0 5 14 9 4 14 14 7 4 16 9 14 12 5 14 16 12 14 0 9 16 5 16 14 9 4 9 9 7
split_gain=3.80215 5.06099 3.01028 6.6768 3.61955 2.88303 2.5368 2.45164 2.20724 3.06344 2.16161 2.04965 1.89311 2.1333 1.86617 1.57892 2.25437 3.05718 2.40379 2.6495 2.59663 1.62679 1.55477 1.5603 1.49259 1.22676 1.12395 1.04841 1.32761 1.83357
threshold=5.0165011510177271 -0.14420201709804312 3.9645267917352025 16.500000000000004 39.500000000000007 0.88944444444444459 22.500000000000004 9.5000000000000018 1.5000000000000002 0.93957648776925906 0.028513356562137052 21.500000000000004 26.500000000000004 1.0000000180025095e-35 4.3628120914230282 22.500000000000004 0.087337909992372245 4.5000000000000009 24.500000000000004 -0.20125956758308861 27.500000000000004 0.069204980842911892 8.262511287126868 0.03548197574384155 15.500000000000002 11.500000000000002 0.56306818181818197 8.5000000000000018 13.500000000000002 1.0000000180025095e-35
decision_type=2 2 2 2 2 2 2 2 2 2 2 2 2 2 2 2 2 2 2 2 2 2 2 2 2 2 2 2 2 2
left_child=1 11 5 7 6 -3 -5 14 15 10 -10 -1 -8 -14 -4 26 17 18 20 25 22 -19 23 -17 -7 -20 -2 -28 29 -29
right_child=8 2 3 4 -6 24 12 -9 9 -11 -12 -13 13 -15 -16 16 -18 21 19 -21 -22 -23 -24 -25 -26 -27 27 28 -30 -31
leaf_value=-0.055751074585008012 -0.03145189297189422 -0.00060652152106620565 -0.00060652152106620565 0.11690072147894888 -0.00060652152106620565 0.086904717141782328 -0.00060652152106620565 -0.00060652152106620565 0.0059561384228480211 0.049919379312533527 0.028219626369581016 -0.00060652152106620565 0.082907432636950107 -0.00060652152106620565 0.05263626654549089 -0.037403782096782801 0.0059561384228480211 -0.046028477584680712 -0.016435554288421778 -0.001644722762819204 -0.045707220055836363 -0.001644722762819204 -0.001644722762819204 -0.001644722762819204 0.027423302855249576 -0.043564804619244391 0.0059561384228480211 -0.011311022390987578 0.0016678562297323643 0.0059561384228480211
leaf_weight=1.9697715098245709 1.6682406592258292 5.2724337036515889 0.90914461497777477 3.0039766010258964 0.58181185613466357 0.77807682421916957 0.84039481821309925 4.335336183169602 24.919753269657125 3.7421503998348262 6.9664689316887225 1.3300197338005544 0.85516379608452531 0.46468850919518445 3.2470308373794978 5.4190225887437027 3.8808051137784778 6.6675194413064665 0.83551918153170746 49.317609502310006 5.9562822596835749 0.64247181004611764 6.6064720568410849 0.88882563795777958 0.52237522633913613 5.8051643848061758 29.117451758502284 47.584202691496785 308.35219246026418 20.39884381270349
leaf_count=1646 468 1074 141 449 289 181 184 892 1208 122 176 2017 141 139 374 903 383 2549 1122 9217 2149 14 864 29 153 14775 2596 5932 45706 1150
internal_value=0.00137805 0.0203884 0.0295348 0.0417359 0.0790152 0.00108453 0.0910778 0.0108427 0.00047439 0.0123167 0.00651987 -0.0307478 0.0295408 0.0566507 0.0372097 -0.000404383 -0.00651834 -0.00924558 -0.0059632 -0.00164472 -0.020977 -0.0380849 -0.0071058 -0.0259149 0.0554531 -0.0312264 0.000900228 0.0011104 0.000269899 -0.00600311
internal_weight=552.879 24.1102 20.8104 14.2375 5.74604 6.57289 5.16422 8.49151 528.769 35.6284 31.8862 3.29979 2.16025 1.31985 4.15618 493.141 86.0197 82.1389 74.8289 55.9583 18.8706 7.30999 12.9143 6.30785 1.30045 6.64068 407.121 405.453 376.335 67.983
internal_count=97043 7680 4017 2609 1202 1408 913 1407 89363 1506 1384 3663 464 280 515 87857 32005 31622 29059 25114 3945 2563 1796 932 334 15897 55852 55384 52788 7082
is_linear=0
shrinkage=0.05


Tree=202
num_leaves=31
num_cat=0
split_feature=21 17 7 2 9 9 9 14 0 11 14 4 9 14 0 14 9 14 14 14 9 16 9 0 0 9 4 8 9 3
split_gain=1.87098 2.87926 1.63979 1.27769 1.20356 2.19059 2.00442 1.6654 1.97971 1.60755 1.45343 1.61649 1.23751 2.82752 2.88818 1.64919 1.08294 1.52387 1.44917 3.78001 3.15153 4.51081 2.49125 1.72123 1.55219 1.71274 0.964232 0.944487 1.55944 1.54143
threshold=1.0000000180025095e-35 1.0000000180025095e-35 2.5000000000000004 1.0000000180025095e-35 38.500000000000007 42.500000000000007 28.500000000000004 14.500000000000002 -0.10580543830245739 3.5000000000000004 23.500000000000004 0.70389266817838259 25.500000000000004 15.500000000000002 1.9065244410058804 1.5000000000000002 5.5000000000000009 11.500000000000002 8.5000000000000018 9.5000000000000018 14.500000000000002 0.020236145236145243 12.500000000000002 2.6425224776270224 1.8753126682783969 15.500000000000002 0.72431386347642512 1.0000000180025095e-35 15.500000000000002 1.0000000180025095e-35
decision_type=2 2 2 2 2 2 2 2 2 2 2 2 2 2 2 2 2 2 2 2 2 2 2 2 2 2 2 2 2 2
left_child=1 2 3 -1 6 -6 12 8 -7 -8 -9 -12 15 14 -14 -5 17 -17 24 -20 21 22 23 -21 -18 -26 -11 -22 -29 -30
right_child=-2 -3 -4 4 5 7 9 10 -10 26 11 -13 13 -15 -16 16 18 -19 19 20 27 -23 -24 -25 25 -27 -28 28 29 -31
leaf_value=-0.021242012251813984 0.044554045052613976 -0.039264925710950471 0.022667082168267932 0.011738267935728186 0.011738267935728186 -0.010086577684895718 -0.0091804790517001616 -0.010086577684895718 0.011738267935728186 0.0012788944420140129 -0.010086577684895718 0.011738267935728186 -0.010086577684895718 0.011738267935728186 0.011738267935728186 0.011738267935728186 -0.0098957241725319348 -0.010086577684895718 0.011738267935728186 -0.010086577684895718 -0.0074921649246135029 0.011738267935728186 0.0041950660288378348 0.0041950660288378348 -0.00061484266180503047 0.011738267935728186 0.011738267935728186 0.011738267935728186 -0.0033444301309664953 0.011738267935728186
leaf_weight=5.494249951336541 1.4521893426790473 3.4539623925429614 4.9938144743027797 15.307699305936692 19.823242869049864 2.76598140926217 73.794509093528177 15.615128132711108 19.658533004927449 1.8876251174569905 2.3267363832856045 6.5668684394004231 18.926237897889227 19.674314405643599 4.0330282269278532 6.9350813082564837 62.977509073447436 4.2384232356016582 15.986988641016067 32.815514500282006 110.19650604279923 23.22107911299463 19.901529784219747 3.8346971356077111 6.8676970382221025 5.9900920570362359 5.2350726313979976 6.2306170750489391 37.768204787542345 5.3668542791128848
leaf_count=54944 263 6680 102 120 1306 347 4899 1002 621 222 584 1275 892 1601 62 246 3364 300 890 3525 8941 751 1679 46 122 86 442 179 1521 79
internal_value=0.00097171 0.000780119 0.00109755 0.000809454 0.00106886 0.00730799 0.000189926 -0.000297981 0.009334 -0.006938 -0.00913129 0.00940451 0.00164457 0.00959461 -0.00584449 0.000672751 -0.000107198 0.0117383 -0.00065531 0.00115225 -0.000887574 0.00717232 -0.00334814 -0.0100866 -0.00667677 0.00866604 0.0117383 -0.00493668 0.000803305 -0.00334443
internal_weight=563.34 561.888 558.434 553.44 547.946 66.7565 481.189 46.9332 22.4245 80.9172 24.5087 8.8936 400.272 42.6336 22.9593 357.638 342.331 11.1735 331.157 255.322 239.335 79.7728 56.5517 36.6502 75.8353 12.8578 7.1227 159.562 49.3657 43.1351
internal_count=97091 96828 90148 90046 35102 5135 29967 3829 968 5563 2861 1859 24404 2555 954 21849 21729 546 21183 17611 16721 6001 5250 3571 3572 208 664 10720 1779 1600
is_linear=0
shrinkage=0.05


Tree=203
num_leaves=31
num_cat=0
split_feature=4 21 0 0 4 8 9 9 9 16 5 9 9 16 9 5 3 5 15 3 9 9 9 12 16 3 5 9 5 5
split_gain=2.19787 1.7878 1.30985 1.13343 1.07779 0.97162 0.795775 2.13533 2.17399 1.81022 1.4832 2.88917 2.56223 1.49773 2.67837 1.4612 1.4007 0.948003 1.27612 0.938102 0.846716 0.79155 1.23232 1.24354 0.716796 0.65844 0.45488 0.44294 0.380542 0.706958
threshold=0.58086312118570194 1.0000000180025095e-35 -0.81918883441034096 1.1903766698665825 0.96992311171415657 1.0000000180025095e-35 48.500000000000007 38.500000000000007 28.500000000000004 0.028513356562137052 8.6478545464965979 11.500000000000002 7.5000000000000009 0.027722880983750552 12.500000000000002 9.2183881920843636 1.0000000180025095e-35 9.2082807187888704 1.0000000180025095e-35 1.0000000180025095e-35 23.500000000000004 16.500000000000004 20.500000000000004 1.5000000000000002 0.054200940070505292 1.0000000180025095e-35 6.1750421587804452 31.500000000000004 7.9454678019233755 8.1317869045226381
decision_type=2 2 2 2 2 2 2 2 2 2 2 2 2 2 2 2 2 2 2 2 2 2 2 2 2 2 2 2 2 2
left_child=3 2 -2 -1 6 -6 7 8 10 -8 13 12 -12 14 19 -13 20 -10 27 -4 24 -16 25 -24 -17 28 -15 -19 -23 -30
right_child=1 -3 4 -5 5 -7 9 -9 17 -11 11 15 -14 26 21 16 -18 18 -20 -21 -22 22 23 -25 -26 -27 -28 -29 29 -31
leaf_value=-0.04406233446167758 -0.012917125226101648 0.044421023604766643 -0.0054376865254503852 -0.012917125226101648 0.0099731715350615119 0.023096030219020219 -0.0054376865254503852 0.0099731715350615119 -0.0054376865254503852 0.0099731715350615119 -0.0054376865254503852 -0.0054376865254503852 0.0099731715350615119 0.0062438020602012109 0.0062438020602012109 -0.0054376865254503852 0.0099731715350615119 0.0022677425048055629 0.0099731715350615119 0.0062438020602012109 0.0041240108509341252 -0.0054376865254503852 0.0062438020602012109 -0.0054376865254503852 0.0041240108509341252 0.0062438020602012109 0.0099731715350615119 -0.0054376865254503852 0.00040305776737541296 -0.0054376865254503852
leaf_weight=3.5260963950877331 4.3163883972124486 1.4702784850996966 41.14403607160375 1.749415468070765 6.4416664762193232 2.6805364883857692 16.615561161393547 37.892641770822138 64.663084124366833 8.1839560168464214 8.0401707054898015 49.275589826899704 17.630739478137912 12.350013703155126 48.614009033999992 27.262512032541053 6.3012031759608353 3.5542065165382137 2.7834659835843913 9.029195237359998 8.5266233505126348 22.189473273776457 54.784602604209795 8.9290384630330646 4.9063330986828069 6.3018819905464616 57.379840181205509 5.4955946386762662 3.6456252205516639 9.2012692378011689
leaf_count=1189 20078 263 4532 191 1203 292 7725 7362 11768 379 628 6337 1644 342 5845 3198 794 579 155 1124 1112 3817 10291 1069 71 886 1529 982 526 1259
internal_value=0.00163311 0.0019656 0.00177104 -0.0277999 0.00204175 0.018214 0.00173236 0.00216869 0.00118195 -0.00543769 0.00268973 -0.00188571 0.00997317 0.00472867 0.00251443 -0.00543769 0.00335095 -0.00543769 0.00850593 -0.00543769 -0.00172515 0.00584211 0.00185491 0.0061791 -0.00543769 -0.0047984 0.00997317 -0.00543769 -0.00543769 0.000403058
internal_weight=554.885 549.61 548.139 5.27551 543.823 9.1222 534.701 509.901 472.009 24.7995 395.512 121.943 25.6709 273.569 203.839 96.2723 46.9967 76.4964 11.8333 50.1732 40.6955 153.666 105.052 63.7136 32.1688 41.3382 69.7299 9.0498 35.0364 12.8469
internal_count=97170 95790 95527 1380 75449 1495 73954 65850 58488 8104 45004 13784 2272 31220 29349 11512 5175 13484 1716 5656 4381 23693 17848 11360 3269 6488 1871 1561 5602 1785
is_linear=0
shrinkage=0.05


Tree=204
num_leaves=31
num_cat=0
split_feature=14 12 16 16 12 4 21 17 2 16 0 14 12 14 12 12 4 8 14 4 0 4 14 0 14 1 8 14 14 4
split_gain=2.41358 8.19107 7.22684 2.84871 2.17794 1.85121 1.81656 2.11337 1.88188 1.80719 1.88963 1.52385 2.30401 2.19903 1.56241 1.2533 1.12749 1.01395 0.936985 0.783039 0.777713 1.13756 0.669734 0.667141 1.30735 0.576404 1.6701 1.00297 0.92669 0.870161
threshold=26.500000000000004 1.0000000180025095e-35 0.072299651567944254 0.019884023590655994 4.5000000000000009 0.65536398467432966 1.0000000180025095e-35 1.0000000180025095e-35 1.0000000180025095e-35 0.022695081122843169 0.19979574963655763 11.500000000000002 2.5000000000000004 5.5000000000000009 14.500000000000002 3.5000000000000004 0.78393734643734658 1.0000000180025095e-35 42.500000000000007 0.57229965156794438 2.8253796890422285 0.7632583366813982 28.500000000000004 -0.23995930085553704 7.5000000000000009 0.54901866278369138 1.0000000180025095e-35 2.5000000000000004 1.5000000000000002 0.78277721604314132
decision_type=2 2 2 2 2 2 2 2 2 2 2 2 2 2 2 2 2 2 2 2 2 2 2 2 2 2 2 2 2 2
left_child=6 3 4 5 9 -2 7 8 -1 10 -3 12 19 -14 20 -15 -12 -5 -7 -10 -13 -22 -11 -17 -25 27 -27 28 -21 -28
right_child=1 2 -4 17 -6 18 -8 -9 11 22 16 14 13 15 -16 23 -18 -19 -20 25 21 -23 -24 24 -26 26 29 -29 -30 -31
leaf_value=-0.031006901987958094 -0.028649130294231391 -0.041993946552502034 0.050632396547974801 0.033701101691805319 -0.04583235995969679 0.023708340979357281 0.043475387137526453 -0.037834205685294692 -0.015972083351338484 -0.0038023621150227935 -0.023346144254610832 -0.0044727196928181943 -0.015972083351338484 0.020957630202873168 0.020957630202873168 -0.015972083351338484 -0.0038023621150227935 0.076656676578184257 -0.0039753096696017037 0.0049162648361761666 0.00091951121452545775 0.017651992601258871 0.015568126223094048 0.020957630202873168 -0.0068058538257657038 0.0055063626177640638 0.012164639657636245 0.005197489915263441 -0.0057121812712649864 0.020957630202873168
leaf_weight=4.261400474884339 1.2436102759084011 4.8389830339786029 3.325470180319825 5.9361199516661127 5.0827454173786455 16.898986905636779 1.2502608168215363 2.9840922525545457 1.082093475779401 1.6086377606097801 3.6090699184533133 256.00911985416315 9.5616610354045424 3.4599031894467762 1.6628968982549839 2.3482277567673 5.2132817275933121 2.5720392771504521 0.75950123743837039 19.948005973943509 5.9881122819497277 11.032147951365912 3.8358731724972586 3.1464843627763894 6.3695555651793256 35.440644889837131 9.7500719763338584 91.008161211560946 11.905816637794489 16.06211519317003
leaf_count=41847 1014 10934 402 582 2637 5323 195 5545 99 58 1076 13151 108 42 162 44 1009 140 3063 152 79 126 648 49 107 841 93 7348 183 139
internal_value=-0.000244754 0.00960094 -0.00954166 0.0284755 -0.0194961 0.0161755 -0.00135825 -0.00156013 -0.00126203 -0.0105588 -0.019872 -0.000937265 0.00226217 -0.0117317 -0.0033835 0.00354499 -0.00469834 0.0512268 0.0206985 0.00419551 -0.00377985 0.00631174 0.0122673 -0.00478053 0.00236038 0.00454772 0.00847614 0.00253659 -0.00499255 0.0188229
internal_weight=548.195 54.9243 27.5141 27.4103 24.1886 18.9021 493.271 492.021 489.036 19.1058 13.6613 484.775 210.083 24.8858 274.692 15.3242 8.82235 8.50816 17.6585 185.197 273.029 17.0203 5.44451 11.8643 9.51604 184.115 61.2528 122.862 31.8538 25.8122
internal_count=97196 26886 16764 10122 16362 9400 70310 70115 64570 13725 13019 22723 9205 350 13518 242 2085 722 8386 8855 13356 205 706 200 156 8756 1073 7683 335 232
is_linear=0
shrinkage=0.05


Tree=205
num_leaves=31
num_cat=0
split_feature=5 5 9 16 4 14 14 1 14 0 1 9 4 14 9 5 9 9 9 0 4 14 5 9 9 9 4 5 7 1
split_gain=2.39876 10.3295 4.036 5.11931 7.0673 4.95594 4.83265 3.11122 2.64494 3.10228 2.43968 2.28571 3.39379 2.0948 2.55803 4.98532 3.74861 2.65872 2.58518 2.63341 2.36496 2.17358 2.12782 2.54654 2.07776 7.88211 3.6842 3.53758 4.25351 4.20024
threshold=8.6478545464965979 8.6078939075746863 29.500000000000004 0.019884023590655994 0.74431524547803629 7.5000000000000009 12.500000000000002 0.085220596771360457 33.500000000000007 1.3950038362829422 0.028133317468153844 8.5000000000000018 0.79935064935064948 24.500000000000004 52.500000000000007 6.858432694097508 36.500000000000007 20.500000000000004 17.500000000000004 -0.039054492598341796 0.7112256586483392 13.500000000000002 6.3771765217870842 22.500000000000004 23.500000000000004 20.500000000000004 0.72245564892623726 7.8683426818990627 1.0000000180025095e-35 0.12638582516731892
decision_type=2 2 2 2 2 2 2 2 2 2 2 2 2 2 2 2 2 2 2 2 2 2 2 2 2 2 2 2 2 2
left_child=1 8 10 5 -5 -4 -6 -8 11 -10 -2 12 -1 21 16 -16 17 18 19 -15 -17 24 23 -19 25 -13 -27 28 -26 -29
right_child=2 -3 3 4 6 -7 7 -9 9 -11 -12 13 -14 14 15 20 -18 22 -20 -21 -22 -23 -24 -25 27 26 -28 29 -30 -31
leaf_value=-0.018080675299228476 -0.038929241266137858 0.048228580265223933 0.014528867496081167 0.014528867496081167 0.040272520505697712 -0.015788467300811179 0.040272520505697712 0.11200826875357257 -0.037418785164534972 0.014150667785489044 -0.0079068905970649909 0.0008096804838811358 0.026537684476741197 -0.032721136256947461 -0.02999337969474615 -0.0047439171584326258 -0.032453668715187463 0.044358264025336887 -0.031672986871284621 0.024368726531970406 0.10104688233680803 -0.0057926485398281042 0.034664813457749209 -0.034509521986510694 -0.026347940134857417 -0.0080847644895299525 0.047889055484912332 -0.01662659270062377 0.008560538181930687 0.022409316865173945
leaf_weight=4.777161725238332 5.7875457053978598 10.709541589091485 7.4392673824304465 5.8238703116144261 1.8758551328501196 24.173890326598894 1.0303131857390324 4.5828399712736427 8.2220402003349573 3.6278527184158511 122.03116064325968 87.717543321435414 17.344464115813025 1.7077684748596755 0.87141622426270204 0.55517963394640935 4.2744788540476284 0.55182194296139586 4.1626580894653662 7.5817708560853161 1.5872518377382219 134.87314397484329 12.96662079345151 2.133979303365777 24.066811795782087 3.3456915572332973 13.728784121897204 9.7661083483280908 12.776772816912851 18.5322786804918
leaf_count=641 3702 1661 360 335 26 9199 166 215 12445 486 14864 9405 1381 518 358 336 1610 117 558 530 553 24383 2412 652 4455 500 1613 1549 980 1300
internal_value=-0.000208948 0.0019832 -0.00508904 0.00768264 0.0325039 -0.00344621 0.0660162 0.0943362 0.000538391 -0.0217582 -0.00960286 0.00132333 0.0165371 0.000291505 0.0114619 0.0493108 0.00670951 0.0133482 -0.00297472 0.0117134 0.080847 -0.00107532 0.0267129 -0.0106669 0.00268072 0.0070142 0.0370807 -0.00429109 -0.0143359 0.00882988
internal_weight=558.626 385.881 172.745 44.926 13.3129 31.6132 7.48901 5.61315 375.172 11.8499 127.819 363.322 22.1216 341.2 36.3929 3.01385 33.3791 29.1046 13.4522 9.28954 2.14243 304.807 15.6524 2.6858 169.934 104.792 17.0745 65.142 36.8436 28.2984
internal_count=97310 68443 28867 10301 742 9559 407 381 66782 12931 18566 53851 2022 51829 7644 1247 6397 4787 1606 1048 889 44185 3181 769 19802 11518 2113 8284 5435 2849
is_linear=0
shrinkage=0.05


Tree=206
num_leaves=31
num_cat=0
split_feature=21 20 9 9 0 2 9 9 5 5 5 0 5 16 5 9 5 5 5 5 9 5 5 0 9 9 12 5 0 9
split_gain=1.78753 1.40971 1.25421 1.6747 2.39504 1.59021 1.29197 1.24761 1.11684 1.4359 1.21927 3.54788 1.83021 2.10484 2.02929 2.36867 2.29643 3.44016 2.78962 3.10285 2.37693 1.83645 3.23515 1.71563 1.65644 3.20424 2.27791 1.55611 3.07576 1.50656
threshold=1.0000000180025095e-35 1.0000000180025095e-35 74.500000000000014 61.500000000000007 0.050096272834411738 1.0000000180025095e-35 53.500000000000007 87.500000000000014 2.7377885089469012 3.3158223222275827 5.1826093221586591 -0.14420201709804312 6.858432694097508 0.057348406988694763 7.0274084446110585 46.500000000000007 7.3436509322732038 7.3770169429876455 7.4659323263886312 7.6548404172412594 32.500000000000007 7.8683426818990627 7.8960311482039094 2.1678748592597095 35.500000000000007 43.500000000000007 4.5000000000000009 6.9533604670244555 0.69744358094895953 33.500000000000007
decision_type=2 2 2 2 2 2 2 2 2 2 2 2 2 2 2 2 2 2 2 2 2 2 2 2 2 2 2 2 2 2
left_child=1 2 3 5 -5 -1 8 -4 -7 -10 11 -11 13 -12 27 16 23 -18 -19 20 -20 -21 29 -16 -24 26 -26 28 -14 -23
right_child=-2 -3 7 4 -6 6 -8 -9 9 10 12 -13 14 -15 15 -17 17 18 19 21 -22 22 24 -25 25 -27 -28 -29 -30 -31
leaf_value=-0.02481477850030455 0.04387620849246008 -0.033663381227914506 -0.041333214345647476 -0.035087367620076387 0.022360158210228288 0.022360158210228288 -0.011800696067284759 0.0067347180725916018 -0.011800696067284759 -0.011800696067284759 -0.011615496682406948 0.021305173995239374 -0.011800696067284759 0.012999185873002403 -0.011800696067284759 0.022360158210228288 0.022360158210228288 -0.011800696067284759 0.022360158210228288 -0.011241887294510484 -0.011800696067284759 0.022360158210228288 6.0379163464798513e-05 0.01498394341731823 0.022360158210228288 -0.011800696067284759 -0.011800696067284759 0.022360158210228288 0.022360158210228288 -0.011800696067284759
leaf_weight=4.9349520341504549 1.4245011005186814 1.9446993135484252 2.4188835635050046 0.97902072940587359 5.5747276161846457 2.3701918779916005 8.9367901723726373 1.8268942709266864 1.7397592829984194 2.6384291816921204 47.040359069911574 20.31898960446415 4.2752681917336322 9.7287920032977109 37.87974466772539 10.644269036303738 4.8174978634197023 13.59359240804042 18.751136495660834 26.321654219489574 3.0257469528587526 5.4864491232037826 262.99605137958133 5.400996760610723 24.474152263228468 6.1039446033464619 1.3131954616801511 8.7451948375564807 3.9144230456731748 0.72292015369384888
leaf_count=52262 278 2553 1055 1349 1177 364 795 946 380 2144 3824 2316 374 117 2719 859 327 803 1053 1631 214 303 16741 82 1363 378 211 483 85 53
internal_value=0.00103487 0.000844108 0.001028 0.00126091 0.0223602 0.000928074 0.00121339 -0.0233092 0.00156706 0.00136874 0.00166027 0.012679 0.00112496 -0.00724517 0.00222268 0.00151808 0.000884387 0.00217476 0.00143502 0.00242241 0.0202683 0.00117736 0.00229666 -0.00987706 0.00138361 0.0119622 0.0197839 0.0186984 -8.76933e-05 0.0223602
internal_weight=550.343 548.919 546.974 542.728 6.55375 536.175 531.24 4.24578 522.303 519.933 518.193 22.9574 495.235 56.7692 438.466 421.531 410.887 367.606 362.789 349.195 21.7769 327.418 301.097 43.2807 294.887 31.8913 25.7873 16.9349 8.18969 6.20937
internal_count=97239 96961 94408 92407 2526 89881 37619 2001 36824 36460 36080 4460 31620 3941 27679 26737 25878 23077 22750 21947 1267 20680 19049 2801 18693 1952 1574 942 459 356
is_linear=0
shrinkage=0.05


Tree=207
num_leaves=31
num_cat=0
split_feature=9 14 16 9 21 17 9 1 14 9 14 9 5 5 11 14 9 5 5 9 14 1 5 14 0 5 5 2 16 9
split_gain=2.24705 1.91028 2.03972 3.19788 1.56934 2.31015 1.42645 3.88881 1.39288 2.12579 1.57161 1.38861 2.76938 3.68348 3.01313 2.31378 1.76452 1.76526 1.56679 2.83473 5.33034 3.00833 2.56081 2.69737 2.48175 2.041 1.86881 1.55443 1.44634 1.31161
threshold=8.5000000000000018 4.5000000000000009 0.03109959700633276 7.5000000000000009 1.0000000180025095e-35 1.0000000180025095e-35 7.5000000000000009 0.32862914725289943 13.500000000000002 7.5000000000000009 6.5000000000000009 48.500000000000007 7.9454678019233755 8.4031360178810086 9.5000000000000018 15.500000000000002 69.500000000000014 8.6478545464965979 7.8960311482039094 21.500000000000004 5.5000000000000009 0.25385464425199528 7.8683426818990627 1.5000000000000002 -0.52232814697533891 7.9213023298174763 7.8377010029108209 1.0000000180025095e-35 0.15430402930402934 18.500000000000004
decision_type=2 2 2 2 2 2 2 2 2 2 2 2 2 2 2 2 2 2 2 2 2 2 2 2 2 2 2 2 2 2
left_child=1 6 8 -4 5 11 7 -1 10 -10 -3 18 14 -14 -13 16 17 -15 19 22 21 -21 23 -2 -22 -20 29 -27 -29 -25
right_child=4 2 3 -5 -6 -7 -8 -9 9 -11 -12 12 13 15 -16 -17 -18 -19 25 20 24 -23 -24 26 -26 27 -28 28 -30 -31
leaf_value=-0.030362119367372455 0.021155084225903446 -0.02109300295401989 0.014482432357477865 0.079412477266003478 0.042628237354482887 -0.038044121438509909 0.064063606964877548 0.054023592367511732 0.0041742829808391656 -0.042555577807748768 0.014482432357477865 -0.035419526613966558 0.021155084225903446 -0.029724946936926157 0.021155084225903446 -0.040850254409344859 -0.030487850107825905 0.021155084225903446 -0.030198787082192105 -0.035759770116740586 -0.026912824836972056 0.0088667538206131432 0.021155084225903446 -0.00077517594023159963 0.016842493279744374 -0.035067539244229132 -0.041397606713815399 -0.0011780417970309665 0.021155084225903446 -0.01433905334460555
leaf_weight=1.892328210469713 5.9170366569887838 2.646847616169004 5.4744414663655325 1.3493653189243557 1.1359847468866053 3.0262749479306867 1.9163009360008798 1.6476630621764341 5.6022876046336005 3.0988577355401503 12.026497526982437 11.294456701537458 4.5082863453126256 0.87826686507560037 1.063563538674315 3.8163386820599499 1.4818587652730455 3.5159290400633836 5.1992103507086531 8.0097148180666391 2.5085003054909967 5.9377012300392371 3.1126832965505846 76.555381297619761 78.034167231346146 2.3440120666630255 2.4667583735526923 272.35457846107965 1.9322519984852977 22.282275513335662
leaf_count=118 51 280 145 65 241 6404 58 50 955 502 1462 4739 1686 129 151 2827 142 424 815 325 5822 150 359 9300 12881 25834 332 17068 144 3487
internal_value=0.000705569 0.0126688 0.00712612 0.0292242 -0.000141721 -0.000318069 0.0374902 0.0121628 -0.000259358 -0.0151394 0.00896731 -2.20563e-05 -0.0109413 0.00415902 -0.0273055 -0.0150907 0.00514728 0.0205887 0.000595065 0.00391286 0.0102214 -0.0174392 -0.00153301 -0.00319337 0.0151664 -0.0018215 -0.00525374 -0.00118131 -0.000765387 -0.00394605
internal_weight=553.03 35.6546 30.1983 6.82381 517.375 516.239 5.45629 3.53999 23.3745 8.70115 14.6733 513.213 26.5587 14.2007 12.358 9.69239 5.87605 4.3942 486.654 204.824 94.4901 13.9474 110.334 107.221 80.5427 281.83 101.304 276.631 274.287 98.8377
internal_count=96946 3635 3409 210 93311 93070 226 168 3199 1457 1742 86666 10098 5208 4890 3522 695 553 76568 32707 19178 475 13529 13170 18703 43861 13119 43046 17212 12787
is_linear=0
shrinkage=0.05


Tree=208
num_leaves=31
num_cat=0
split_feature=5 5 9 9 5 9 4 9 14 9 14 14 14 14 9 14 5 5 4 9 15 14 5 14 9 4 16 14 14 9
split_gain=2.90146 2.81128 2.64849 3.15768 3.90867 2.39383 2.20953 2.1784 3.0018 3.04856 2.15536 3.28687 2.78049 3.69908 2.63563 2.54398 2.6874 6.20642 4.99985 2.2245 6.66102 2.36487 2.19091 2.13979 4.67444 2.25767 2.09794 2.06077 2.04329 2.31682
threshold=6.858432694097508 6.9073626024224497 44.500000000000007 38.500000000000007 6.1221109329016938 35.500000000000007 0.68449656750572097 16.500000000000004 1.5000000000000002 22.500000000000004 29.500000000000004 33.500000000000007 32.500000000000007 30.500000000000004 25.500000000000004 27.500000000000004 9.1868023592010832 9.0666970738650363 0.93127066603684472 29.500000000000004 1.0000000180025095e-35 13.500000000000002 8.4182550812564507 4.5000000000000009 8.5000000000000018 0.81096096096096104 0.091750841750841763 4.5000000000000009 15.500000000000002 31.500000000000004
decision_type=2 2 2 2 2 2 2 2 2 2 2 2 2 2 2 2 2 2 2 2 2 2 2 2 2 2 2 2 2 2
left_child=2 6 3 5 -5 -1 -2 23 9 -9 15 12 13 -12 -15 16 17 -10 -19 27 28 -22 -14 24 25 -3 -4 -18 29 -21
right_child=1 7 26 4 -6 -7 -8 8 10 -11 11 -13 22 14 -16 -17 19 18 -20 20 21 -23 -24 -25 -26 -27 -28 -29 -30 -31
leaf_value=-0.0035250251422769296 -0.024936707134882982 -0.010093930792174173 -0.045635199885467909 0.063352396284871104 -0.027251933383792122 -0.047605401241306487 0.050038753043242873 0.050945366407444265 -0.00082000192821850108 0.0066370945956632918 0.050502636213834912 -0.0054245058961130705 0.10182756085504681 -0.044870731135663117 0.01739562436895287 -0.028282261450184927 0.044542897148212753 -0.055117209341046948 0.030605099237328817 0.035344919749501484 0.035344919749501484 0.09309453262581395 0.0017387223437014959 0.010820122577710339 -0.017918220574892511 0.053212493282488754 0.025531419609590079 -0.0015644927979202351 -0.019763030673914952 -0.00054816363553224212
leaf_weight=77.227915794394221 0.56451810940688929 1.7001116882156591 5.1437968591387735 2.6383564320626642 1.086643509166606 2.2218457480616953 4.3342960825275441 4.7954685164004358 196.32187595577466 12.896806946635477 3.3958757852005874 9.7425359513795211 1.188934311183403 1.9991883892921576 3.056030765203559 7.3914390587524386 1.6292814553021369 7.9730903495758394 1.4174889898877152 1.0710104096128832 1.8762823687138723 3.0079651277410449 0.77583489642915981 138.93136349954307 17.334924232246522 3.2083939018775709 0.57707459526136506 30.275707831240197 4.9390389063164548 6.2741153380275136
leaf_count=15250 99 78 2854 1011 397 899 576 41 32449 94 753 12501 277 329 864 1715 89 1271 157 169 27 97 234 17407 612 103 14 3888 1763 1020
internal_value=0.00272192 0.00430097 -0.00551314 -0.00303534 0.0367478 -0.00533417 0.0386362 0.00385346 0.00132496 0.0207298 4.0108e-05 0.0153931 0.0336344 0.016716 -0.0105725 -0.00119436 -0.000301035 -0.00281738 -0.0404775 0.0100929 0.0240639 0.0678187 0.0762223 0.00852309 -0.00567235 0.0332883 -0.0357258 0.00207218 0.00287117 0.0186354
internal_weight=554.997 466.102 88.8956 83.1748 3.725 79.4498 4.89881 461.203 300.028 17.6923 282.336 20.1584 10.4159 8.45109 5.05522 262.177 254.786 205.712 9.39058 49.0734 17.1684 4.88425 1.96477 161.175 22.2434 4.90851 5.72087 31.905 12.2842 7.34513
internal_count=97038 76613 20425 17557 1408 16149 675 75938 57738 135 57603 14958 2457 1946 1193 42645 40930 33877 1428 7053 3076 124 511 18200 793 181 2868 3977 2952 1189
is_linear=0
shrinkage=0.05


Tree=209
num_leaves=30
num_cat=0
split_feature=7 14 8 1 2 5 14 12 16 1 4 5 5 5 4 15 14 14 5 12 5 14 14 14 5 4 14 14 14
split_gain=2.17325 2.06337 1.76694 3.68663 2.78721 1.89473 2.96765 1.9267 1.96851 1.64641 1.56727 1.55248 1.50463 1.74805 1.2528 1.11686 1.06652 1.05361 1.34537 0.78253 0.638423 0.521146 0.498504 0.438418 0.42168 0.254123 0.164456 0.162362 0.00382364
threshold=2.5000000000000004 1.5000000000000002 1.0000000180025095e-35 0.61808954601985977 1.0000000180025095e-35 7.9213023298174763 3.5000000000000004 1.5000000000000002 0.023222109875294914 0.42211904592582367 0.67451088962716887 9.1512976091682621 7.9051397595919681 8.7351823590757451 0.722013366750209 2.5000000000000004 7.5000000000000009 15.500000000000002 7.7173127874535714 5.5000000000000009 7.7367124824959896 17.500000000000004 9.5000000000000018 7.5000000000000009 6.9910998712849777 0.9630991285403051 4.5000000000000009 4.5000000000000009 13.500000000000002
decision_type=2 2 2 2 2 2 2 2 2 2 2 2 2 2 2 2 2 2 2 2 2 2 2 2 2 2 2 2 2
left_child=1 14 4 23 -3 7 11 8 10 -2 -6 -7 -5 -14 -1 16 27 18 -12 -8 25 22 -21 26 -16 -19 -4 -9 -24
right_child=9 2 3 12 5 6 19 15 -10 -11 17 -13 13 -15 24 -17 -18 20 -20 21 -22 -23 28 -25 -26 -27 -28 -29 -30
leaf_value=-0.0069094588622568122 0.015730884084042451 -0.039764192588570467 0.00095454243449180772 0.015730884084042451 -0.020723817588487708 -0.020723817588487708 0.00095454243449180772 -0.020723817588487708 0.00095454243449180772 0.052644608852500489 -0.0034012816528740755 0.00095454243449180772 0.007271292749487946 0.015730884084042451 0.0044107126108928196 0.00095454243449180772 -0.020723817588487708 -0.013074879051372152 -0.013074879051372152 -0.020387947484152048 -0.0034012816528740755 -0.020723817588487708 -0.0055208400507588632 0.00095454243449180772 0.015730884084042451 -0.0034012816528740755 0.007271292749487946 -0.0093416163832838513 0.00095454243449180772
leaf_weight=5.9070008188864476 1.6654492892248516 3.8732406491716338 7.12763176499175 27.400716971270413 6.7517399942335024 8.8937383190786914 182.18554346711062 6.3812606049468794 33.753144474154396 3.20980648418481 38.719678559837121 2.2588272756693177 19.123077999036468 20.179041707368015 4.818973640009065 2.2427426421818373 19.658315408406452 29.6986962356732 7.5299400173789754 2.1265564101049659 4.967446676837425 5.0675699478488241 2.1623863838321995 76.006135699309198 17.46221084784338 1.2974051473593124 9.1388689995342229 3.5154901062633144 3.0085899338882882
leaf_count=62 77 46289 277 783 1492 176 15163 58 604 47 4994 71 499 488 48 574 2236 4646 629 52 573 1386 54 14488 155 236 907 54 67
internal_value=0.000767761 0.000444558 -0.000276877 0.00410544 -0.00219635 -0.00168344 0.000954542 -0.00587396 -0.00296998 0.0310172 -0.00775711 -0.0207238 0.013588 0.00727129 0.0133825 -0.0166491 -0.0196378 -0.00542594 -0.00340128 0.000954542 -0.0123902 -0.0135772 -0.00366382 0.000954542 0.0157309 -0.0130749 0.00727129 -0.00934162 0.000954542
internal_weight=556.131 551.256 523.068 158.975 364.092 360.219 205.703 154.516 122.718 4.87526 88.9649 11.1526 66.7028 39.3021 28.1882 31.7978 29.5551 82.2132 46.2496 194.551 35.9635 12.3651 7.29753 92.2726 22.2812 30.9961 16.2665 9.89675 5.17098
internal_count=97185 97061 96796 17442 79354 33065 16969 16096 13174 124 12570 247 1770 987 265 2922 2348 11078 5623 16722 5455 1559 173 15672 203 4882 1184 112 121
is_linear=0
shrinkage=0.05


Tree=210
num_leaves=31
num_cat=0
split_feature=14 0 16 14 16 12 16 4 8 14 14 2 11 12 16 11 4 14 12 14 1 4 14 14 4 1 7 14 16 8
split_gain=1.26007 3.79501 1.92208 1.64189 2.01512 2.59995 2.29769 1.69558 1.5636 1.50667 2.87616 1.16246 1.05291 1.52044 1.27627 1.12775 2.6744 2.66985 1.98055 1.11621 1.08384 1.16793 0.968321 0.895966 0.815085 0.685863 0.60497 0.602021 0.529574 0.354951
threshold=21.500000000000004 -0.08615862575720977 0.028513356562137052 22.500000000000004 0.019884023590655994 1.0000000180025095e-35 0.072299651567944254 0.81774475524475532 1.0000000180025095e-35 26.500000000000004 34.500000000000007 1.0000000180025095e-35 11.500000000000002 6.5000000000000009 0.038192249720425932 1.5000000000000002 0.67317212490479827 4.5000000000000009 1.0000000180025095e-35 17.500000000000004 0.46680734182967076 0.7914855072463769 27.500000000000004 23.500000000000004 0.69261053906723202 0.079108593163883745 1.5000000000000002 32.500000000000007 0.064866760168302964 1.0000000180025095e-35
decision_type=2 2 2 2 2 2 2 2 2 2 2 2 2 2 2 2 2 2 2 2 2 2 2 2 2 2 2 2 2 2
left_child=11 2 22 7 8 9 -7 25 27 23 -11 29 13 15 -14 16 26 -17 24 -19 -20 -22 -2 -6 -18 -3 -13 -5 -15 -1
right_child=1 3 -4 4 5 6 -8 -9 -10 10 -12 12 14 28 -16 17 18 19 20 -21 21 -23 -24 -25 -26 -27 -28 -29 -30 -31
leaf_value=-0.035991557541024774 -0.016243002142347401 -0.0035242212786918041 -0.0035242212786918041 -0.0035242212786918041 0.042192981159522282 0.0091485357657450275 0.050906838050705588 0.042593830827832635 0.0091485357657450275 0.065580114616836049 0.0091485357657450275 -0.013505532478612204 0.012550672900787719 -0.013505532478612204 0.049661924527845437 0.002785862557638524 -0.0066466835159131104 0.012550672900787719 -0.0066466835159131104 0.002785862557638524 -0.0023077994363277857 0.002785862557638524 -0.042721452790750111 0.0091485357657450275 0.002785862557638524 0.015630604730648055 -0.0066466835159131104 0.0028121572435266112 0.010525856559782795 -0.013505532478612204
leaf_weight=2.5668284461894468 5.2491241553734671 0.95827254017876651 5.349564252370782 31.969332342864618 1.130642831414663 12.130155137829204 2.7317907185206414 6.0255690916656022 16.511815090113487 5.158827703584393 1.9525499073170065 29.860410301927914 0.90851449716137667 6.8352599116333277 1.9130917822476474 15.396271587556837 9.6538637061948958 30.766092818616016 63.454848882596707 6.1279820703894066 14.461322851479052 22.405200410550606 5.5520220865140573 2.9472196728402196 233.36092248340174 5.7129424852346347 2.1992993837629902 4.5875370192743494 2.5813997665682109 0.70629411115555729
leaf_count=28993 4929 224 837 6251 50 1595 392 569 2032 185 95 2557 141 213 25 141 850 443 3979 97 264 407 16281 127 14688 714 68 3080 23 6899
internal_value=0.000527778 0.00534518 -0.0163437 0.00929528 0.00643297 0.0175401 0.00914854 0.0253598 0.000756974 0.0355377 0.0481508 -0.000655182 -0.000402172 -0.000629212 0.0257306 -0.000136388 -0.00109991 0.00667163 0.000212165 0.0125507 -0.00566472 0.00203108 -0.0289618 0.00914854 0.00265153 0.00627049 -0.0135055 -0.00352422 -0.0135055 -0.0266089
internal_weight=551.165 107.967 16.1507 91.8167 79.1199 26.0512 14.8619 12.6968 53.0687 11.1892 7.11138 443.198 439.924 437.103 2.82161 427.686 375.396 52.2903 343.336 36.8941 100.321 36.8665 10.8011 4.07786 243.015 6.67122 32.0597 36.5569 9.41666 3.27312
internal_count=97149 37361 22047 15314 13807 2444 1987 1507 11363 457 280 59788 23896 23730 166 23494 22813 681 20188 540 4650 671 21210 177 15538 938 2625 9331 236 35892
is_linear=0
shrinkage=0.05


Tree=211
num_leaves=31
num_cat=0
split_feature=12 15 2 4 11 9 11 14 9 4 14 12 9 9 9 9 14 3 11 4 16 9 9 14 14 12 12 14 4 9
split_gain=1.97493 2.14674 1.50161 1.02484 0.801646 0.895112 1.46053 1.42785 1.73776 1.59193 1.32631 1.17515 1.24859 1.95335 1.11284 2.28671 1.62761 1.02989 0.938379 0.936725 0.908794 0.851883 0.787417 1.1879 1.17375 0.774712 0.746461 0.719269 0.584895 0.44129
threshold=16.500000000000004 3.5000000000000004 1.0000000180025095e-35 0.5865817091454274 14.500000000000002 16.500000000000004 1.5000000000000002 12.500000000000002 60.500000000000007 0.9644437420986095 16.500000000000004 1.0000000180025095e-35 30.500000000000004 23.500000000000004 24.500000000000004 21.500000000000004 19.500000000000004 1.0000000180025095e-35 3.5000000000000004 0.69459064327485387 0.03109959700633276 74.500000000000014 12.500000000000002 4.5000000000000009 6.5000000000000009 1.0000000180025095e-35 4.5000000000000009 12.500000000000002 0.62178642056690847 10.500000000000002
decision_type=2 2 2 2 2 2 2 2 2 2 2 2 2 2 2 2 2 2 2 2 2 2 2 2 2 2 2 2 2 2
left_child=1 2 25 -4 5 6 10 8 9 17 22 14 13 18 15 16 -9 -7 -13 -12 -18 28 23 29 -24 -1 -15 -26 -16 -5
right_child=-2 -3 3 4 -6 7 -8 11 -10 -11 19 12 -14 26 21 -17 20 -19 -20 -21 -22 -23 24 -25 27 -27 -28 -29 -30 -31
leaf_value=-0.038254593898183073 -0.038963934795450988 0.034800592646996552 -0.011604594928008296 0.0058214075025084661 0.01787197967986115 -0.0050659453975392173 0.0095983672638216208 0.0095983672638216208 0.0095983672638216208 0.0095983672638216208 -0.0050659453975392173 -0.0050659453975392173 -0.0050659453975392173 0.0095983672638216208 -0.0050659453975392173 -0.0050659453975392173 -0.0050659453975392173 0.0022662109331412022 0.0095983672638216208 0.0058214075025084661 0.0095983672638216208 -0.0050659453975392173 -0.0050659453975392173 -0.0050659453975392173 0.0058214075025084661 -0.011604594928008296 -0.0050659453975392173 -0.0048844242722095865 0.0095983672638216208 -0.0050659453975392173
leaf_weight=3.2523753552247845 2.0730828522341644 3.7234421047851347 5.8255936182358701 9.3429537341216911 1.1027177551077318 110.15801927553366 23.140148597271036 19.959172942735677 4.2507975138141765 5.836891343798924 4.1749065408330344 24.377061186825816 28.689731494374428 19.623530587841746 1.7081144337444119 18.443831544060231 10.457361770213536 19.736648853926454 4.0558257620086797 45.440961562697339 3.5647774743410983 1.171862276876708 11.619515052712812 49.684602199262372 24.088667993111812 1.5241027750253122 3.7992232827127728 16.424359965010808 71.935673116166072 4.8334686551861514
leaf_count=38031 1963 491 597 267 146 6078 913 1230 203 278 493 2531 3110 1827 203 1294 1100 380 208 3939 54 174 553 3631 1588 18987 164 938 5509 133
internal_value=0.00101394 0.00123429 0.000943367 0.00121073 0.0014727 0.00132475 0.00408705 -0.000181887 -0.00406906 -0.00506595 0.00204445 0.00244379 -0.0022655 0.00339818 0.00541926 -0.000178588 0.00909871 -0.00506595 -0.00506595 0.00582141 -0.00506595 0.00929243 -0.00117476 -0.00486294 0.00334966 -0.0244199 0.00959837 0.00582141 0.00959837 0.00582141
internal_weight=554.019 551.946 548.223 543.446 537.621 536.518 188.75 347.769 139.982 135.732 165.609 207.786 80.5454 51.8556 127.241 52.4251 33.9813 129.895 28.4329 49.6159 14.0221 74.8156 115.994 63.861 52.1325 4.77648 23.4228 40.513 73.6438 14.1764
internal_count=97013 95050 94559 37541 36944 36798 12455 24343 6939 6736 11542 17404 7840 4730 9564 3678 2384 6458 2739 4432 1154 5886 7110 4031 3079 57018 1991 2526 5712 400
is_linear=0
shrinkage=0.05


Tree=212
num_leaves=31
num_cat=0
split_feature=5 5 5 14 1 9 14 0 14 5 14 14 9 16 14 14 1 9 3 5 0 5 5 7 9 9 9 14 0 9
split_gain=1.76744 4.2287 3.89791 2.9639 3.21455 3.52147 2.61709 4.29862 3.73577 3.18807 4.49634 3.3817 2.5099 2.48233 2.17502 3.3339 3.29221 1.96977 3.70706 3.58424 5.0479 2.5523 3.35587 4.02281 3.33541 2.92141 2.34245 3.23962 3.02312 1.89054
threshold=8.2360076701395872 8.262511287126868 8.0518576827789001 21.500000000000004 0.14675028997498982 20.500000000000004 28.500000000000004 2.8253796890422285 26.500000000000004 8.0342993872660688 18.500000000000004 4.5000000000000009 47.500000000000007 0.087337909992372245 1.0000000180025095e-35 2.5000000000000004 0.25385464425199528 26.500000000000004 1.0000000180025095e-35 7.2972862389982103 0.3051451914708781 5.0165011510177271 4.3628120914230282 1.0000000180025095e-35 29.500000000000004 73.500000000000014 28.500000000000004 17.500000000000004 2.3442155803461335 14.500000000000002
decision_type=2 2 2 2 2 2 2 2 2 2 2 2 2 2 2 2 2 2 2 2 2 2 2 2 2 2 2 2 2 2
left_child=2 3 6 4 5 -2 8 13 9 17 11 -11 -4 -8 -3 16 -16 18 -1 -20 -21 22 24 -24 -19 26 -23 -28 -29 -22
right_child=1 14 12 -5 -6 -7 7 -9 -10 10 -12 -13 -14 -15 15 -17 -18 21 19 20 29 25 23 -25 -26 -27 27 28 -30 -31
leaf_value=-2.9269605424113271e-05 -0.03916620958831963 0.030948639351170027 -0.024506298799004345 -0.023263392131807743 0.087113411287049497 0.04477418687195775 -0.028555107973906015 0.053240877090240057 0.035535771832435468 0.058884794157687728 0.11260297488464788 -0.033755903927500094 0.028990685936153577 0.015106634874828429 -0.044714878699216198 0.0041549028970409496 0.010388712092462468 0.052983880091657914 0.009810185834631252 0.009810185834631252 0.036402635299823086 -0.029984066854469079 -0.0011921757143461987 0.10015204305437708 -0.038944004295904749 0.040174250160360976 0.0022136931933485825 -0.032659803264111824 0.02295086764813508 0.085014624905984715
leaf_weight=139.93662190156829 1.2242009107458205 6.1463941478868938 22.178645366072718 0.76001899931293326 2.6002832662270521 0.48877141151842796 17.183933143376528 1.0954935671470583 7.1426697018523546 0.5679801231381133 0.53528423593525065 1.6503472929784946 1.5850145020585831 1.2291286422223482 6.0260948344130139 239.28225442688245 3.8974949962212122 0.43783615118763863 17.250660413458721 2.9315348415648241 3.5254673863983044 12.588059252497713 1.7783562204008379 1.117517095003677 2.3487134952208635 1.8957191292149662 35.113602663964912 13.963916557769609 2.1812404940937986 4.1598645838366792
leaf_count=17985 95 45 3778 260 173 145 11962 36 1455 18 144 299 508 158 129 41424 71 243 1811 222 435 1581 915 172 952 599 6101 4682 110 631
internal_value=0.00173857 0.0047261 -0.000929333 0.0459875 0.0602717 0.00243496 0.000817468 -0.0163576 0.00222244 0.00109692 0.0468197 0.000890313 -0.0199115 -0.0230276 0.00373013 0.00293781 -0.0241031 0.000377926 0.00333589 0.0196496 0.0417509 -0.00652154 0.023125 0.0535853 -0.0143218 -0.00939212 -0.0114607 -0.00642499 -0.0242463 0.0629951
internal_weight=552.823 260.426 292.398 5.07327 4.31326 1.71297 268.634 19.5086 249.125 241.983 2.75361 2.21833 23.7637 18.4131 255.352 249.206 9.92359 239.229 167.804 27.8675 10.6169 71.425 5.68242 2.89587 2.78655 65.7425 63.8468 51.2588 16.1452 7.68533
internal_count=97139 42342 54797 673 413 240 50511 12156 38355 36900 461 317 4286 12120 41669 41624 200 36439 21084 3099 1288 15355 2282 1087 1195 13073 12474 10893 4792 1066
is_linear=0
shrinkage=0.05


Tree=213
num_leaves=31
num_cat=0
split_feature=21 17 2 12 16 14 14 12 5 14 5 11 14 14 13 5 5 13 12 14 12 5 16 14 5 4 5 4 5 5
split_gain=1.61136 2.57558 1.85645 1.29432 3.9974 1.16729 1.15257 3.71208 2.99889 1.80936 2.76686 1.79103 4.28988 1.99932 1.68326 1.65086 2.16198 1.70158 2.47131 1.52374 1.30195 1.16625 1.71831 1.1053 1.51885 0.823011 0.814141 0.763422 1.05806 0.741064
threshold=1.0000000180025095e-35 1.0000000180025095e-35 1.0000000180025095e-35 4.5000000000000009 0.080540540540540564 10.500000000000002 29.500000000000004 1.0000000180025095e-35 6.9730213621707078 27.500000000000004 7.3652578699734184 1.5000000000000002 4.5000000000000009 10.500000000000002 0.87350846363682033 7.2194222969600093 7.3089978738131878 0.69685286980636862 1.0000000180025095e-35 8.5000000000000018 1.5000000000000002 9.1707417265189139 0.022695081122843169 7.5000000000000009 7.8683426818990627 0.7620499419279908 7.6967955035914128 0.67586600685192244 7.0446999326374611 9.1094630449962306
decision_type=2 2 2 2 2 2 2 2 2 2 2 2 2 2 2 2 2 2 2 2 2 2 2 2 2 2 2 2 2 2
left_child=1 2 -1 6 -5 -6 9 8 -8 11 -11 15 -13 -14 -15 20 -17 18 19 23 27 -9 -23 24 -18 29 -20 28 -4 -26
right_child=-2 -3 3 4 5 -7 7 21 -10 10 -12 12 13 14 -16 16 17 -19 26 -21 -22 22 -24 -25 25 -27 -28 -29 -30 -31
leaf_value=-0.026626346193457991 0.04315908239780241 -0.038198864181767059 -0.012338591691655833 -0.012338591691655833 0.0049611948239468226 0.022260981339549478 -0.012338591691655833 -0.012338591691655833 0.022260981339549478 0.022260981339549478 -0.012338591691655833 0.0065545595570049497 0.022260981339549478 0.0065545595570049497 0.022260981339549478 -0.012338591691655833 -0.012338591691655833 0.0065545595570049497 0.0028118332956572796 0.0028118332956572796 -0.012338591691655833 -0.012338591691655833 0.022260981339549478 -0.012338591691655833 -0.012338591691655833 0.0028118332956572796 -0.012338591691655833 0.0065545595570049497 -0.0011774517876762724 -0.003377658030150324
leaf_weight=4.7470177630084427 1.3170239041046432 3.0853619324464026 6.0678623476778721 26.235772177818944 1.6526935680303712 4.5859660192654701 1.9245596376531491 9.4641101695233338 13.427003246404636 2.860778553702402 8.1954297561896947 14.84814855881268 11.412441056920214 11.826287488933305 9.0595000558532757 11.561012896505416 10.916876885457894 39.605347738499404 6.9838877911097361 161.40352445059398 2.6950779201142714 1.1351761079331488 0.60507549516478309 7.1920559976788345 9.09984404654824 24.930959558638278 48.323153069904947 92.877555624283559 2.0837468206009362 3.4165581605193429
leaf_count=55326 266 6658 545 3071 13 270 540 4919 2331 139 368 129 135 172 123 622 456 824 393 8997 160 873 63 703 469 1097 2732 4545 133 168
internal_value=0.00153997 0.00136288 0.00165419 0.00194916 -0.0075859 0.022261 0.00256765 0.0125218 0.022261 0.00199839 -0.0123386 0.00249945 0.0116438 0.022261 0.00655456 0.00146533 -0.000303597 0.000621153 -0.000930893 0.00148502 0.00655456 -0.0096007 0.0216163 -0.00580671 -0.00194906 0.00281183 -0.0102661 0.00655456 -0.00890946 -0.00956715
internal_weight=553.54 552.223 549.137 544.39 32.4744 6.23866 511.916 26.5559 15.3516 485.36 11.0562 474.304 47.1464 32.2982 20.8858 427.157 323.433 311.872 272.267 216.96 103.724 11.2044 1.74025 55.5563 48.3642 37.4474 55.307 101.029 8.15161 12.5164
internal_count=97240 96974 90316 34990 3354 283 31636 8726 2871 22910 507 22403 559 430 295 21844 16461 15839 15015 11890 5383 5855 936 2893 2190 1734 3125 5223 678 637
is_linear=0
shrinkage=0.05


Tree=214
num_leaves=31
num_cat=0
split_feature=15 0 14 5 5 5 5 4 5 5 5 5 14 11 5 5 11 4 14 4 5 16 14 16 5 5 14 14 4 5
split_gain=1.63047 1.49502 1.18104 1.6235 3.73168 3.69611 2.59342 2.12895 1.8413 1.63333 1.60339 1.85298 1.55077 2.6636 1.89623 2.86434 1.67993 1.65888 1.93781 1.3919 2.29899 1.38626 1.30689 2.21773 1.31563 1.29661 1.28768 1.68773 4.28492 1.25705
threshold=3.5000000000000004 -0.94672432806948492 21.500000000000004 7.4947109208836489 7.2194222969600093 7.5589554635715812 6.883168664080153 0.79935064935064948 6.3771765217870842 6.07358232863605 7.1182000385728159 6.9730213621707078 9.5000000000000018 1.0000000180025095e-35 8.2360076701395872 8.3442946791835038 7.5000000000000009 0.74891304347826104 4.5000000000000009 0.82063376874697636 9.0575004844081821 0.038192249720425932 12.500000000000002 0.041600106496272639 8.0085094942477912 7.6967955035914128 1.0000000180025095e-35 12.500000000000002 0.79329085457271376 7.9542609784964418
decision_type=2 2 2 2 2 2 2 2 2 2 2 2 2 2 2 2 2 2 2 2 2 2 2 2 2 2 2 2 2 2
left_child=1 -1 3 4 6 -5 8 10 9 26 11 -8 13 17 22 -16 19 -7 -19 20 -17 -21 -14 24 25 -24 -3 -28 -29 -25
right_child=-2 2 -4 5 -6 12 7 -9 -10 -11 -12 -13 14 -15 15 16 -18 18 -20 21 -22 -23 23 29 -26 -27 27 28 -30 -31
leaf_value=-0.034413886231394845 0.028087138134616503 0.013943370256202018 0.0047998077246943771 0.013943370256202018 -0.017208228544163578 -0.014800472186599398 0.0049348620797008899 0.013943370256202018 -0.017208228544163578 0.013943370256202018 0.0049348620797008899 -0.017208228544163578 -0.017208228544163578 0.013943370256202018 0.013943370256202018 -0.0031859276080094452 0.013943370256202018 0.0061075629754752236 -0.0059602243328387306 -0.0031859276080094452 -0.017208228544163578 0.0050553913716825452 -0.017208228544163578 0.013943370256202018 -0.017208228544163578 0.00028501423988364224 -0.016840683101196567 -0.017208228544163578 0.013943370256202018 0.00028501423988364224
leaf_weight=2.174586309572077 4.1414745315905739 0.84695923607796331 102.88801080753001 6.8939195990351427 32.713659631048358 16.922160052270101 3.2880449590556982 18.186473744265641 20.096100246144488 8.3108982978028489 7.3120428017200529 7.2914187975147797 13.921397922755203 40.573172663152945 12.465638029523232 38.938668496007267 3.5265134766523252 21.210100703660828 29.004545132253497 38.901352152753134 30.628209272942513 15.946680030257992 4.2959046420605835 4.5684309673379158 6.4798513501054904 14.116056013687283 21.832450070687173 10.619052900522549 11.678932879463444 5.5906149549209658
leaf_count=16871 1192 6 25767 702 4070 2277 342 1689 2357 1080 857 870 1895 963 1478 5658 108 720 4078 5664 4357 294 688 99 1715 2877 3627 2307 2277 112
internal_value=6.06535e-05 -0.000200398 -2.57086e-06 -0.0011183 -0.00550868 0.000946459 -0.000943138 0.00986858 -0.00631972 -0.00131186 -0.00407365 -0.0169894 -0.00035617 0.00440961 -0.00307564 -9.7964e-05 -0.00258731 -0.00172824 0.00288002 -0.00383259 -0.00847947 0.00210762 -0.0114401 -0.00516822 -0.0130783 -0.00280545 -0.00523549 -0.00727857 0.00240489 0.0136483
internal_weight=555.363 551.222 549.047 446.159 142.176 303.983 109.462 36.078 73.3844 53.2883 17.8915 10.5795 297.089 107.71 189.379 140.407 127.941 67.1368 50.2146 124.415 69.5669 54.848 48.9723 35.0509 24.8918 18.412 44.9774 44.1304 22.298 10.159
internal_count=96997 95805 78934 53167 19482 33685 15412 3758 11654 9297 2069 1212 32983 8038 24945 17559 16081 7075 4798 15973 10015 5958 7386 5491 5280 3565 8217 8211 4584 211
is_linear=0
shrinkage=0.05


Tree=215
num_leaves=31
num_cat=0
split_feature=4 14 16 13 5 14 5 14 5 5 5 5 4 5 5 5 5 5 5 5 5 5 14 7 14 14 5 5 14 5
split_gain=1.70185 1.33775 3.70837 2.27483 1.77442 1.76859 2.5522 2.26313 1.72404 1.53334 1.3111 1.26598 1.37039 1.22128 3.04972 1.29714 1.68707 1.21568 1.63072 1.30725 1.11722 1.05905 1.54632 1.27654 1.30638 1.54035 1.86047 1.4417 1.05711 2.4167
threshold=0.96992311171415657 12.500000000000002 0.019884023590655994 0.83157354080262491 7.2531084142030116 19.500000000000004 8.3723432244328944 21.500000000000004 7.985358176468158 8.5883147797559811 7.9295840231213992 7.9698397002827983 0.83889506859473506 8.3371530653228429 7.2194222969600093 7.4659323263886312 7.5759899252473222 7.6757128033545792 7.9926211699921064 8.2360076701395872 8.7825332952654911 7.2194222969600093 2.5000000000000004 1.0000000180025095e-35 1.5000000000000002 6.5000000000000009 7.1587901799666662 4.6501859588895087 16.500000000000004 7.6131729442492757
decision_type=2 2 2 2 2 2 2 2 2 2 2 2 2 2 2 2 2 2 2 2 2 2 2 2 2 2 2 2 2 2
left_child=1 3 5 21 -5 13 8 -8 10 -9 -7 -4 -13 14 -3 -16 -17 -18 -19 -20 -11 23 -23 24 -1 26 27 -26 -2 -30
right_child=28 2 11 4 -6 6 7 9 -10 20 -12 12 -14 -15 15 16 17 18 19 -21 -22 22 -24 -25 25 -27 -28 -29 29 -31
leaf_value=-0.0035658538046188046 0.010465366476345814 0.0042915598175871025 0.010465366476345814 0.0014603524475133162 0.010465366476345814 -0.0041628744925835846 -0.037988725642203874 -0.03345266640161796 0.0042915598175871025 0.0042915598175871025 -0.037361582344298608 0.0042915598175871025 0.010465366476345814 0.0042915598175871025 -0.030873648457968961 0.0042915598175871025 -0.041191672511503713 0.0042915598175871025 -0.036196959741000997 -0.00013419215767251135 -0.010550453673385893 -0.018936238039368052 -0.0048436485171801068 0.0014603524475133162 -0.0035658538046188046 -0.0067400092410917645 -0.0035658538046188046 -0.049576985039738543 0.083567785127901112 0.010465366476345814
leaf_weight=3.4658832078057484 5.1619073218475915 28.923235718895967 44.055444271130682 10.050913460740047 29.867891575232989 41.506567446971417 8.6482176843603593 4.2719598911714938 11.472035324070701 4.5008482869513982 2.2432587489274729 36.499273813039963 17.48624956074309 51.606186623629583 7.4614467694100304 3.0988587387205397 2.6435400310547292 10.110699894939446 5.648803585712356 4.0517643546018007 17.844640439360319 22.408612739630371 124.07589584237348 16.422738957415731 1.0625226508136636 18.495582531928676 1.0092660238628921 6.5696202512685886 0.86885439957359301 2.959642893900309
leaf_count=45 664 7551 2703 164 527 17365 2087 2122 4812 2295 916 2126 952 10201 1848 611 447 2448 1778 854 8160 375 17491 1328 297 4749 63 895 461 657
internal_value=0.000432728 5.11728e-05 0.00224489 -0.00278511 0.00794979 -0.00160122 -0.00677844 -0.0170836 -1.05854e-05 -0.00916174 -0.00666199 0.0101843 0.00429156 0.00254784 -0.00307981 -0.0137425 -0.00776599 -0.014288 -0.00889124 -0.0225544 -0.00328384 -0.00502908 -0.00711325 0.00146035 -0.00859206 -0.0156033 -0.0319071 -0.0414793 0.0208796 0.0386507
internal_weight=544.492 535.502 302.073 233.429 39.9188 204.032 90.4875 35.2657 55.2219 26.6174 43.7498 98.041 53.9855 113.545 61.9383 33.0151 25.5537 22.4548 19.8113 9.70057 22.3455 193.51 146.485 47.0256 30.6029 27.137 8.64141 7.63214 8.9904 3.8285
internal_count=96992 95210 69276 25934 691 63495 37757 14664 23093 12577 18281 5781 3078 25738 15537 7986 6138 5527 5080 2632 10455 25243 17866 7377 6049 6004 1255 1192 1782 1118
is_linear=0
shrinkage=0.05


Tree=216
num_leaves=31
num_cat=0
split_feature=21 17 5 5 5 5 4 16 12 11 14 14 14 5 5 14 14 12 5 5 5 9 14 14 9 9 5 14 16 14
split_gain=1.50089 2.3103 1.55943 4.1696 3.18212 3.67279 1.77536 1.41782 1.3632 2.02233 3.32475 4.52169 1.59727 3.0691 2.53737 2.53668 2.97374 1.97188 3.00342 2.20134 1.74616 1.54902 1.51764 2.85154 1.22998 3.90897 4.60558 4.72894 2.31653 2.66388
threshold=1.0000000180025095e-35 1.0000000180025095e-35 7.6548404172412594 7.4659323263886312 7.4022358208472392 7.3436509322732038 0.9630991285403051 0.099019607843137278 15.500000000000002 1.5000000000000002 17.500000000000004 4.5000000000000009 15.500000000000002 7.8683426818990627 7.7173127874535714 4.5000000000000009 8.5000000000000018 1.0000000180025095e-35 8.1165658364029749 7.8377010029108209 7.985358176468158 8.5000000000000018 27.500000000000004 34.500000000000007 41.500000000000007 27.500000000000004 4.8193488608967234 26.500000000000004 0.027722880983750552 22.500000000000004
decision_type=2 2 2 2 2 2 2 2 2 2 2 2 2 2 2 2 2 2 2 2 2 2 2 2 2 2 2 2 2 2
left_child=1 2 3 4 5 6 24 -6 9 12 11 -11 13 14 -4 -15 20 -14 19 -19 -17 -16 -20 -24 25 28 -27 -28 29 -1
right_child=-2 -3 8 -5 7 -7 -8 -9 -10 10 -12 -13 17 15 21 16 -18 18 22 -21 -22 -23 23 -25 -26 26 27 -29 -30 -31
leaf_value=0.0024009952281393108 0.04245160593565981 -0.037408058910168657 0.0033190301144208514 0.021746938566181484 -0.030216353883850362 0.021746938566181484 0.021746938566181484 0.021746938566181484 -0.036626990721580682 0.0033190301144208514 0.0033190301144208514 0.021746938566181484 0.0033190301144208514 0.0033190301144208514 0.0033190301144208514 0.0033190301144208514 -0.0021400435259347063 0.0033190301144208514 0.0033190301144208514 -0.043452433911220729 -0.02401310466285839 -0.043105900478013146 -0.045497277384704687 0.0033190301144208514 0.011190899567109131 0.011190899567109131 -0.036015552819220753 0.011190899567109131 0.011190899567109131 -0.023221847956504175
leaf_weight=69.190342416640306 1.1978313210693148 2.8802630429314595 4.5573052751242349 21.820601344481247 8.7748717053259462 10.106544293339082 3.7481567611434903 0.60910024720942679 1.6173275596865995 9.1155119779868965 14.422720940384123 28.106388559470361 84.631540445128394 30.578289537056662 1.0898030781245314 2.9279770123889675 93.78191032820223 2.6329417263857504 27.741940693673769 7.1151219442590445 27.669424084839193 10.207459197009028 3.7497200727257214 1.5337884932002905 13.271684769580132 4.173295097312578 19.943024938242164 2.6894336005627784 29.222477994140718 10.860981419945572
leaf_count=9514 265 6682 375 3558 1591 1587 762 17 1283 77 2262 524 18208 1063 78 373 14834 735 4544 2174 4242 1340 1071 3902 4783 905 3933 1772 804 3844
internal_value=0.00120935 0.00104227 0.00131318 0.00489418 0.00218957 0.00387502 0.00167189 -0.024674 -0.000675819 -0.000405707 0.00863263 0.019339 -0.00199457 -0.00514235 -0.0254163 -0.00291834 -0.00663392 0.00223286 -0.00746664 -0.0304245 -0.0199041 -0.0372822 4.8051e-06 -0.0224696 0.000634861 -0.000874081 -0.0176219 -0.0271404 0.00335684 -0.00131901
internal_weight=549.968 548.77 545.89 194.411 172.59 163.206 153.099 9.38397 351.479 349.862 51.6446 37.2219 298.217 170.812 15.8546 154.958 124.379 127.405 42.7735 9.74806 30.5974 11.2973 33.0254 5.28351 149.351 136.08 26.8058 22.6325 109.274 80.0513
internal_count=97102 96837 90155 33070 29512 27904 26317 1608 57085 55802 2863 601 52939 22305 1793 20512 19449 30634 12426 2909 4615 1418 9517 4973 25555 20772 6610 5705 14162 13358
is_linear=0
shrinkage=0.05


Tree=217
num_leaves=31
num_cat=0
split_feature=21 17 12 16 14 7 14 12 13 5 5 14 12 5 5 14 5 14 12 12 13 14 4 13 5 14 5 5 14 14
split_gain=1.56321 2.24093 1.28844 4.60593 1.94481 1.25448 1.20583 2.08176 1.01782 0.774289 2.61072 2.37155 2.2704 1.59965 1.39648 1.34217 1.17901 1.10364 4.20225 2.59636 3.13314 1.80093 2.19912 1.99463 1.93732 1.59908 2.11703 2.25627 2.68624 3.40279
threshold=1.0000000180025095e-35 1.0000000180025095e-35 4.5000000000000009 0.046620299934796793 9.5000000000000018 2.5000000000000004 9.5000000000000018 14.500000000000002 0.7073549558456681 7.8875759322481267 7.9213023298174763 24.500000000000004 1.0000000180025095e-35 7.8683426818990627 7.8485421315339003 19.500000000000004 6.4269917435482302 4.5000000000000009 2.5000000000000004 1.5000000000000002 0.21207779803768345 10.500000000000002 0.713809523809524 0.73955242233741125 8.3958991122946092 11.500000000000002 9.0859976102339743 8.9420060446884797 33.500000000000007 18.500000000000004
decision_type=2 2 2 2 2 2 2 2 2 2 2 2 2 2 2 2 2 2 2 2 2 2 2 2 2 2 2 2 2 2
left_child=1 2 5 6 -5 9 -4 -8 -6 11 12 13 -11 14 -1 -16 -13 18 -12 21 -21 22 -19 24 -24 -23 27 28 29 -27
right_child=-2 -3 3 4 8 -7 7 -9 -10 10 17 16 -14 -15 15 -17 -18 19 -20 20 -22 25 23 -25 -26 26 -28 -29 -30 -31
leaf_value=0.00048402802029352972 0.042333062048594577 -0.037536365275463078 -0.0096442069419138549 -0.0096442069419138549 -0.0096442069419138549 0.021326259186099844 -0.047422791698118014 -0.0096442069419138549 0.021326259186099844 -0.003339787745474462 0.011131861589402846 -0.014206345091080642 -0.05844641363947705 0.011131861589402846 -0.040598030568035758 0.011131861589402846 0.011131861589402846 -0.033026877590836258 -0.040168565464094419 -0.02477675717120285 0.011131861589402846 0.011131861589402846 -0.019574450537084797 0.011131861589402846 -0.0019990380422109199 -0.010079166427101917 0.0060833721756769141 -0.026913270815105351 -0.041566713797766983 0.0090523713536363633
leaf_weight=176.4883528103569 1.2231532169407717 2.8817721362273678 4.5106513717764747 3.3211605965625521 2.1920238677630541 5.1632401887318329 8.7320796816281909 2.1793157557799523 11.881361706677124 4.1600589977044811 34.557021402646569 6.585691330034936 2.5984898149808942 3.7683891151859816 2.7672139932110436 0.30604464821408317 18.162172096436962 8.5079734628138777 3.1910987871233365 5.2352647213292611 23.604391794602179 13.557239799540637 10.879173311670455 4.5287702467921909 26.007933081769806 51.904685189551401 52.473093138977219 10.633542838241054 3.4316620358167702 40.477931025014641
leaf_count=24841 265 6699 124 23 64 93 873 2036 353 841 1060 3423 425 441 353 89 7587 1817 32 1368 3413 2049 1786 181 4224 8596 9834 2253 3846 8034
internal_value=0.000490823 0.000319456 0.000589586 -0.0088634 0.00863123 0.00121524 -0.0279196 -0.0365024 0.0174908 0.000937464 -0.00070679 0.0032667 -0.0293292 0.000982836 -0.000181269 -0.0291265 0.0111319 6.14279e-05 0.00791769 -0.00114566 0.0111319 -0.00300342 -0.0112656 -0.00612202 -0.0105053 -0.000560759 -0.00206209 -0.00609661 -0.00353224 -0.00168941
internal_weight=545.911 544.688 541.806 32.8166 17.3945 508.989 15.422 10.9114 14.0734 503.826 295.748 208.078 6.75855 183.33 179.562 3.07326 24.7479 288.99 37.7481 251.242 28.8397 222.402 49.9239 41.4159 36.8871 172.478 158.921 106.448 95.8143 92.3826
internal_count=97023 96758 90059 3473 440 86586 3033 2909 417 86493 49759 36734 1266 25724 25283 442 11010 48493 1092 47401 4781 42620 8008 6191 6010 34612 32563 22729 20476 16630
is_linear=0
shrinkage=0.05


Tree=218
num_leaves=31
num_cat=0
split_feature=21 17 12 11 14 16 14 13 11 14 14 14 1 13 14 14 1 12 14 14 14 16 7 14 16 14 14 1 14 7
split_gain=1.29157 2.19708 1.23167 2.36636 3.36689 2.27897 1.93968 1.58816 1.79378 1.55491 1.15188 1.01803 0.899495 0.899375 1.60815 1.52319 2.07297 1.13176 3.64044 0.723434 1.1658 0.598095 0.538723 0.586418 0.522409 0.483019 0.72944 0.807998 0.724121 0.639612
threshold=1.0000000180025095e-35 1.0000000180025095e-35 3.5000000000000004 1.5000000000000002 4.5000000000000009 0.1181455633100698 26.500000000000004 0.87350846363682033 4.5000000000000009 9.5000000000000018 15.500000000000002 18.500000000000004 0.018676580373222947 0.058540152687777118 17.500000000000004 22.500000000000004 0.85071328137897284 1.0000000180025095e-35 9.5000000000000018 18.500000000000004 16.500000000000004 0.069204980842911892 1.5000000000000002 24.500000000000004 0.064866760168302964 13.500000000000002 7.5000000000000009 0.018203131537174243 8.5000000000000018 1.5000000000000002
decision_type=2 2 2 2 2 2 2 2 2 2 2 2 2 2 2 2 2 2 2 2 2 2 2 2 2 2 2 2 2 2
left_child=1 2 3 6 -5 7 13 8 11 -6 -9 -4 -8 15 -15 17 22 25 -19 20 24 -12 23 -17 -20 26 27 -1 29 -28
right_child=-2 -3 5 4 9 -7 12 10 -10 -11 21 -13 -14 14 -16 16 -18 18 19 -21 -22 -23 -24 -25 -26 -27 28 -29 -30 -31
leaf_value=-0.029522660216663062 0.041000400892888235 -0.037215248113237516 -0.050116871446738515 0.0068707333540521361 0.020852493129174778 0.020852493129174778 -0.031692383159487386 0.0053690201754794664 -0.0082690943768988969 0.0068707333540521361 -0.0078473245501150257 -0.022679337202962647 0.0068707333540521361 0.0010560717798407495 0.0068707333540521361 -0.018277294802838295 0.0010560717798407495 0.0010560717798407495 -0.025737752957267102 -0.036042519527335191 0.0010560717798407495 0.0053690201754794664 -0.010716315893049014 -0.035819520566964795 0.0010560717798407495 0.0010560717798407495 -0.02121555537248318 0.0010560717798407495 -0.0031225171221555084 0.0010560717798407495
leaf_weight=1.2531067390482338 0.99624142613538325 2.7941306905330512 5.3555649850695799 13.201913297118152 7.0867332502439266 2.0401774557831223 1.1981836305774312 7.7229313452262458 17.826250839024397 20.242411603092251 7.306188957019911 1.9522194669009421 41.888189295697657 63.233637470417307 27.867785715698119 8.7631719091045941 6.4593612763237607 9.8515699953868552 10.812400418256404 6.4998215072016583 3.5786953687497762 1.1969558810815213 1.1190573674575706 8.1837083417813101 1.1826835675456084 112.7532231129494 9.4224568660683836 65.204829585329207 80.438951768159313 0.8865518448546944
leaf_count=526 254 6747 63 101 116 266 4866 67 2375 2405 769 466 15611 5847 4583 2783 446 822 2289 1093 667 31 81 2254 14 20309 2213 5512 13682 31
internal_value=0.000852304 0.000704585 0.000967025 0.00167119 0.0131024 -0.0070182 0.000639071 -0.0101145 -0.0177473 0.0208525 0.00205264 -0.0370896 0.00687073 -0.000513789 0.00385266 -0.00174052 -0.0134697 -0.000746304 -0.00949821 -0.0224692 -0.0149714 -0.00784732 -0.0224887 -0.0258383 -0.0224383 0.000319923 -0.00187103 0.00105607 -0.00483142 -0.0167104
internal_weight=548.319 547.323 544.529 501.128 40.5311 43.4003 460.597 41.3601 25.134 27.3291 16.2261 7.30778 43.0864 417.511 91.1014 326.41 24.5253 301.884 31.9252 22.0736 15.5738 8.50314 18.0659 16.9469 11.9951 269.959 157.206 66.4579 90.748 10.309
internal_count=97289 97035 90288 86251 2622 4037 83629 3771 2904 2521 867 529 20477 63152 10430 52722 5564 47158 4885 4063 2970 800 5118 5037 2303 42273 21964 6038 15926 2244
is_linear=0
shrinkage=0.05


Tree=219
num_leaves=31
num_cat=0
split_feature=21 17 14 12 3 14 8 1 11 13 12 15 14 14 1 12 13 14 15 7 14 14 1 14 7 14 14 15 14 14
split_gain=1.32941 2.04592 0.959184 2.58066 3.07623 2.19446 1.67312 1.44425 1.41065 3.15328 1.83345 1.29414 1.22641 2.80447 2.33409 1.49608 4.67832 3.28132 1.59429 0.982787 0.970369 3.29289 0.91051 0.86794 0.681236 1.02447 0.517397 0.387123 0.346284 0.343752
threshold=1.0000000180025095e-35 1.0000000180025095e-35 29.500000000000004 1.0000000180025095e-35 1.0000000180025095e-35 28.500000000000004 1.0000000180025095e-35 0.02464541410831288 1.5000000000000002 0.83887301587301599 4.5000000000000009 2.5000000000000004 4.5000000000000009 6.5000000000000009 0.34298016345142196 1.0000000180025095e-35 0.058540152687777118 17.500000000000004 1.0000000180025095e-35 1.0000000180025095e-35 23.500000000000004 26.500000000000004 0.030751658452354672 14.500000000000002 1.5000000000000002 25.500000000000004 27.500000000000004 2.5000000000000004 9.5000000000000018 31.500000000000004
decision_type=2 2 2 2 2 2 2 2 2 2 2 2 2 2 2 2 2 2 2 2 2 2 2 2 2 2 2 2 2 2
left_child=1 2 5 7 6 8 11 -4 12 -10 -11 29 22 14 -14 20 23 18 -18 -16 -15 24 -1 -17 25 -22 -25 -7 -20 -5
right_child=-2 -3 3 4 -6 27 -8 -9 9 10 -12 -13 13 15 19 16 17 -19 28 -21 21 -23 -24 26 -26 -27 -28 -29 -30 -31
leaf_value=-0.024889290575289658 0.040908887756459344 -0.036800655897073181 -0.027402618891461113 -0.023460554178422299 0.020622164454594513 -0.031639695853172542 0.002788389376161997 0.020622164454594513 0.0030552995868738347 0.020622164454594513 0.010955127293082692 -0.011066670183680828 -0.033516758944440603 0.0024475242065272757 -0.015461339693489774 -0.010963153836703494 -0.010476258954458244 0.0030552995868738347 -0.0037104796837922043 0.0030552995868738347 -0.014962784266191249 0.0030552995868738347 0.0030552995868738347 -0.031374019967001197 0.0030552995868738347 -0.04465327032382236 -0.010476258954458244 0.0092475509134874092 0.0030552995868738347 -0.043716929004518533
leaf_weight=3.2452135137345968 1.0265211455516681 2.6840973410786537 0.80325035541705148 2.2860289627928996 2.1519072308719833 5.2534638544061627 3.485782057972755 14.175300211449892 38.848796703400694 22.892382284800988 11.864014223538105 2.6354523133668399 11.375768608354521 223.73550569563622 6.9515937757168995 13.081187211869294 32.743261226200275 32.292833540822357 2.47081366405473 3.938085081645113 10.976815138737491 9.4346607911752454 51.185455809390987 16.833022509762717 0.43752231775215555 4.1301437257438929 0.44333546656844092 0.20673284033546213 9.6262027188604389 5.8595519371394857
leaf_count=289 251 6675 2243 558 663 1100 2187 4987 1146 254 184 1082 2131 39545 645 2176 5234 5251 35 161 2378 1606 1541 3487 45 972 143 12 189 10066
internal_value=0.000486075 0.000335441 0.000586151 0.00892955 -0.00485494 5.80672e-05 -0.0150454 0.0206222 0.000426566 0.00677689 0.018855 -0.0249217 -0.000666296 -0.00183768 -0.0186574 -0.00073704 -0.00563773 0.000970139 -0.0104763 -0.00162124 0.00139506 -0.00776313 0.0030553 -0.0219227 -0.0230584 -0.0253483 -0.029167 -0.0288998 0.0030553 -0.0358544
internal_weight=547.075 546.048 543.364 31.3973 16.4187 511.967 14.2668 14.9786 506.507 73.6052 34.7564 10.781 432.901 378.471 22.2654 356.205 107.491 77.1331 44.8403 10.8897 248.715 24.9791 54.4307 30.3575 15.5445 15.107 17.2764 5.4602 12.097 8.14558
internal_count=97236 96985 90310 21786 14556 68524 13893 7230 67412 1584 438 11706 65828 63998 2937 61061 16515 10709 5458 806 44546 5001 1830 5806 3395 3350 3630 1112 224 10624
is_linear=0
shrinkage=0.05


Tree=220
num_leaves=31
num_cat=0
split_feature=4 21 17 12 16 9 2 4 9 9 13 12 4 11 12 9 9 9 9 16 9 9 9 4 9 9 1 4 9 1
split_gain=1.46936 1.35462 1.42928 1.24271 3.48245 1.54166 1.16814 1.10228 1.01312 2.03016 1.86817 2.11695 1.08012 0.992592 0.944447 0.964681 1.11382 1.5356 0.853818 0.961608 0.93861 0.834741 1.08986 0.961578 0.809927 0.783385 0.919476 0.714429 0.680338 0.602636
threshold=0.56306818181818197 1.0000000180025095e-35 1.0000000180025095e-35 4.5000000000000009 0.091750841750841763 40.500000000000007 1.0000000180025095e-35 0.9644437420986095 16.500000000000004 19.500000000000004 0.23797590361445783 1.0000000180025095e-35 0.69852141769949994 1.0000000180025095e-35 1.5000000000000002 21.500000000000004 40.500000000000007 53.500000000000007 36.500000000000007 0.062284482758620696 25.500000000000004 28.500000000000004 35.500000000000007 0.82380174291939012 31.500000000000004 23.500000000000004 0.36603593256521777 0.7632583366813982 61.500000000000007 0.18862331731767146
decision_type=2 2 2 2 2 2 2 2 2 2 2 2 2 2 2 2 2 2 2 2 2 2 2 2 2 2 2 2 2 2
left_child=-1 2 3 6 5 -5 -2 8 10 -10 11 12 -8 -9 15 -11 18 -18 20 -20 25 -22 23 -23 -25 26 -17 -19 -29 -16
right_child=1 -3 -4 4 -6 -7 7 13 9 14 -12 -13 -14 -15 29 16 17 27 19 -21 21 22 -24 24 -26 -27 -28 28 -30 -31
leaf_value=-0.033150034538830045 -0.015862332248594315 0.041161996016639807 -0.015862332248594315 -0.015862332248594315 0.0212144891255149 0.0036002726601771645 -0.0067516655435175908 0.0087194749114523264 -0.0067516655435175908 0.0087194749114523264 0.0087194749114523264 -0.0067516655435175908 0.0050155652088705168 0.0212144891255149 -0.0067516655435175908 -0.0062882128500574832 0.0087194749114523264 -0.0067516655435175908 -0.0067516655435175908 0.0087194749114523264 0.0087194749114523264 -0.0067516655435175908 0.0087194749114523264 0.0087194749114523264 -2.6056288871818822e-05 -0.0067516655435175908 0.0087194749114523264 0.00098390468396736827 0.0087194749114523264 0.0028982561555698045
leaf_weight=2.0914598896858925 4.3318649641539642 1.1373617524477584 2.5635965786558463 25.191462807758178 2.7115512081945772 3.4195728430222507 10.509320360848504 11.072246772127981 57.937757032166701 30.864775362451837 45.502652097771715 20.10990425336422 100.77869533480043 3.4235397025149714 16.552760928067073 14.658308356796626 28.853757702041548 6.147795919023336 14.696769381907872 2.1442708387039593 29.533617341057834 31.357300870282415 5.4216519903002327 8.4292438704997057 8.794360979285555 24.031351915093182 13.448577203584135 2.3104512879799586 3.3239571107733354 16.103394818164816
leaf_count=832 54374 264 6670 2595 241 628 848 539 3533 1859 2422 1453 5787 164 1831 1343 1896 698 1082 17 1863 2176 342 446 513 1437 277 217 294 369
internal_value=0.00123308 0.00142537 0.00126698 0.00151143 -0.00800291 -0.0140139 0.0021099 0.002359 0.00194082 0.000234777 0.00495656 0.00131166 0.00439281 0.0154981 0.00217355 0.00333476 0.0019064 0.00871947 -7.47772e-05 -0.00675167 0.00137393 0.00463843 0.000662112 -0.00261662 0.00669955 -0.00384532 0.00242832 -0.00675167 0.00871947 -0.00565457
internal_weight=547.453 545.362 544.225 541.661 31.3226 28.611 510.338 506.006 491.511 314.61 176.901 131.398 111.288 14.4958 256.672 224.016 193.151 40.636 152.515 16.841 135.674 83.5362 54.0026 48.5809 17.2236 52.1382 28.1069 11.7822 5.63441 32.6562
internal_count=97010 96178 95914 89244 3464 3223 85780 31406 30703 20193 10510 8088 6635 703 16660 14460 12601 3105 9496 1099 8397 5340 3477 3135 959 3057 1620 1209 511 2200
is_linear=0
shrinkage=0.05


Tree=221
num_leaves=31
num_cat=0
split_feature=7 1 5 9 12 5 9 9 9 12 14 14 14 14 14 14 14 9 14 5 9 9 14 1 5 5 14 12 14 14
split_gain=1.37168 1.42725 1.34695 2.84838 2.33753 2.23477 1.33457 2.71947 1.44148 3.49597 2.5297 1.42113 1.38357 1.15179 2.05363 1.93666 1.7885 1.72921 1.99594 1.14577 2.73544 4.50158 3.05961 1.91779 1.46714 2.45969 2.64245 2.55641 1.30065 2.51275
threshold=2.5000000000000004 0.3924858627485126 6.858432694097508 44.500000000000007 13.500000000000002 7.0274084446110585 38.500000000000007 33.500000000000007 21.500000000000004 2.5000000000000004 16.500000000000004 4.5000000000000009 29.500000000000004 13.500000000000002 11.500000000000002 8.5000000000000018 18.500000000000004 14.500000000000002 24.500000000000004 7.1313186886651403 41.500000000000007 26.500000000000004 11.500000000000002 0.78525466282317535 7.195578952690652 7.2308620805616561 5.5000000000000009 7.5000000000000009 29.500000000000004 27.500000000000004
decision_type=2 2 2 2 2 2 2 2 2 2 2 2 2 2 2 2 2 2 2 2 2 2 2 2 2 2 2 2 2 2
left_child=2 -2 3 6 -5 -4 7 8 9 13 -11 -10 -13 14 15 -1 -15 -18 -19 20 21 22 -7 -24 -21 26 -26 -28 29 -27
right_child=1 -3 5 4 -6 19 -8 -9 11 10 -12 12 -14 16 -16 -17 17 18 -20 24 -22 -23 23 -25 25 28 27 -29 -30 -31
leaf_value=0.0046341780177960017 0.01302819021859934 0.044596797497461843 0.01302819021859934 -0.046727577186327654 0.01302819021859934 0.01302819021859934 0.01302819021859934 -0.043726589354571049 -0.025328130372237141 -0.069397621719043359 0.0079756139518824751 0.01302819021859934 -0.027509095231411668 -0.027222546173645647 0.01302819021859934 -0.027702086477977152 0.01302819021859934 -0.034748435157097475 0.01302819021859934 0.01302819021859934 0.01302819021859934 -0.06947430129622803 -0.041608154478780961 0.011075904419114241 0.01302819021859934 0.0020535547609272374 -0.055346531656564925 0.01302819021859934 0.012880050636603028 -0.023060987158798524
leaf_weight=14.447699447917563 1.8308667998335284 3.6219014474154392 17.839149459325427 5.1154342635111325 0.55300175729644241 3.9142223193039154 4.3896441163929003 2.9854441621873766 1.91724344072509 2.4705610374094245 1.2474556120032501 21.882499233226785 1.2249518235560106 8.1716761477416657 5.8791394875595406 5.6659075372267571 3.9121369159124679 3.7149811000936097 2.4589387478829394 10.03597838013968 1.2824133391320618 2.597014013796751 4.3888098397221711 2.0250084091312601 1.0307762016536788 373.14730375054319 4.3223996532283309 0.42726060667700938 25.352065044929532 9.2351210773795156
leaf_count=1538 75 50 2687 2775 72 376 1399 1568 121 50 334 4808 1299 1680 923 1293 926 731 932 1649 454 652 758 81 43 50679 944 33 16778 1754
internal_value=0.00170431 0.0246278 0.00142857 -0.00427621 -0.0356836 0.00251289 -0.0016497 -0.00350278 -0.00128889 -0.00632641 -0.0472495 0.00823932 0.0119595 -0.00191978 0.00479056 -0.00535542 -0.0112257 0.00302136 -0.0149183 0.0017062 -0.0117894 -0.0212636 -0.00407806 -0.0257241 0.00218559 0.00164108 -0.0282376 -0.043422 0.00213272 0.00138843
internal_weight=547.087 5.45277 541.634 86.0367 5.66844 455.598 80.3683 75.9786 72.9932 47.9685 3.71802 25.0247 23.1075 44.2505 25.9927 20.1136 18.2577 10.0861 6.17392 437.758 14.2075 12.9251 10.328 6.41382 423.551 413.515 5.78044 4.74966 407.734 382.382
internal_count=97462 125 97337 20449 2847 76888 17602 16203 14635 8407 384 6228 6107 8023 3754 2831 4269 2589 1663 74201 2321 1867 1215 839 71880 70231 1020 977 69211 52433
is_linear=0
shrinkage=0.05


Tree=222
num_leaves=31
num_cat=0
split_feature=5 5 14 14 12 7 4 14 4 9 9 14 14 9 5 4 14 5 14 14 5 9 9 16 9 12 9 9 4 14
split_gain=1.8018 3.50176 5.33076 3.7247 3.02445 2.01142 3.75959 1.8483 1.67941 1.6041 1.75617 2.03982 1.49654 1.41876 6.37414 3.88502 2.61362 1.40219 3.27877 3.25883 3.22299 2.66928 2.22458 2.12795 2.01125 1.87377 1.77603 2.12837 2.0241 1.69896
threshold=3.8403037988383915 5.0165011510177271 17.500000000000004 22.500000000000004 1.0000000180025095e-35 1.0000000180025095e-35 0.88944444444444459 26.500000000000004 0.73546315077755253 20.500000000000004 8.5000000000000018 4.5000000000000009 30.500000000000004 5.5000000000000009 8.6478545464965979 0.81774475524475532 11.500000000000002 9.0967049885701741 41.500000000000007 45.500000000000007 8.9993076393844991 13.500000000000002 9.5000000000000018 0.064866760168302964 51.500000000000007 1.5000000000000002 35.500000000000007 34.500000000000007 0.82160537482319673 10.500000000000002
decision_type=2 2 2 2 2 2 2 2 2 2 2 2 2 2 2 2 2 2 2 2 2 2 2 2 2 2 2 2 2 2
left_child=5 2 4 -4 9 -1 -7 -5 -9 10 -2 -12 -10 14 15 -3 -17 20 21 25 -15 22 -19 -22 26 -20 27 -23 29 -28
right_child=1 13 3 7 -6 6 -8 8 12 -11 11 -13 -14 17 -16 16 -18 18 19 -21 23 24 -24 -25 -26 -27 28 -29 -30 -31
leaf_value=-0.040704442967660445 0.038829074241178783 -0.023990894581203806 0.087811036044915025 -0.027154182003203443 -0.034961947205465381 -0.015712263732355857 0.071341121956849926 -0.019194209358112228 0.080184525161374573 0.040838418613541975 0.029130563454372149 -0.035339897407850311 0.017986044484345015 0.00017545400521795713 -0.027373368959008312 0.078299279791389065 0.018174694939415089 0.0090194963988770496 0.1257212648278748 -0.009820115192145434 -0.029320702893907757 0.0088333430961811243 -0.023840745863968633 0.023852984505120092 -0.027477201739312507 -0.0070152567251351482 0.030024220760173043 -0.036183033745324104 0.051490541207127163 -0.0083600747554935118
leaf_weight=4.21679735356929 0.94069568028771922 1.1336603179788634 3.1544373047411218 1.1307774755598532 3.0031495976427323 2.1855879726203971 0.58347514796264466 0.52203647606268067 0.88831631135508338 3.0045421660588545 0.9043660517472748 2.9746154085198668 0.45576960726339166 400.07503329853921 4.0915325208843569 4.2052289899193056 1.5173743630598435 7.7140202615755724 0.41443488261802375 0.75526879436870331 13.185974143459701 58.851837803529634 12.297621285699277 1.4062112235988014 2.7071844547417632 0.20361659760646944 1.8081642526417434 1.7718653108859133 4.3065741373479796 4.9079003937858943
leaf_count=1962 155 146 912 466 598 310 97 357 210 1152 91 918 527 70333 277 172 154 742 145 2321 2912 7498 1330 54 963 66 147 200 623 1163
internal_value=0.00137292 0.00171957 0.0234163 0.0569189 0.00117942 -0.0222105 0.00927992 0.0105684 0.0349253 0.0174415 -0.00165505 -0.0174191 0.0551663 0.000969509 0.0180019 0.0451176 0.0603403 0.000569692 0.00599059 0.0641059 -0.000693288 0.00448148 -0.0113475 -0.0229953 0.00883576 0.104682 0.0105672 0.00695183 0.0282194 0.0085579
internal_weight=545.318 538.332 16.9787 6.15134 10.8274 6.98586 2.76906 2.9969 1.86612 7.82422 4.81968 3.87898 1.34409 521.354 10.9478 6.85626 5.7226 510.406 95.7385 1.37332 414.667 94.3652 20.0116 14.5922 74.3535 0.618051 71.6463 60.6237 11.0226 6.71606
internal_count=97001 94632 5386 2472 2914 2369 407 1560 1094 2316 1164 1009 737 89246 749 472 326 88497 15198 2532 73299 12666 2072 2966 10594 211 9631 7698 1933 1310
is_linear=0
shrinkage=0.05


Tree=223
num_leaves=31
num_cat=0
split_feature=5 5 7 0 16 14 12 16 4 1 7 14 4 5 5 5 14 14 5 5 13 12 16 14 5 12 11 5 5 4
split_gain=2.03157 6.45203 2.69153 2.40393 2.21296 1.85838 3.60169 1.82913 2.4283 1.79218 1.33419 1.21803 1.2115 1.19143 1.90486 2.11423 2.13166 1.24629 1.8074 1.16023 1.31994 1.15441 2.45571 1.4624 1.50018 1.12429 1.00201 1.51706 2.01212 2.54162
threshold=6.858432694097508 7.0274084446110585 1.0000000180025095e-35 -0.14420201709804312 0.03548197574384155 18.500000000000004 1.0000000180025095e-35 0.027722880983750552 0.83409785932721725 0.4329797715955907 2.5000000000000004 14.500000000000002 0.95260557053009898 3.9645267917352025 5.1826093221586591 6.07358232863605 2.5000000000000004 5.5000000000000009 6.5216077629755533 6.6142136781406604 1.0998337615233493 6.5000000000000009 0.080540540540540564 15.500000000000002 8.2502664735436397 1.0000000180025095e-35 2.5000000000000004 8.6078939075746863 8.3647054306170894 0.713809523809524
decision_type=2 2 2 2 2 2 2 2 2 2 2 2 2 2 2 2 2 2 2 2 2 2 2 2 2 2 2 2 2 2
left_child=2 3 13 12 9 25 -7 8 -5 -4 21 -10 -2 -1 -15 16 -16 18 -17 -19 -21 26 23 24 -23 -6 27 28 -3 -30
right_child=1 10 4 7 5 6 -8 -9 11 -11 -12 -13 -14 14 15 17 -18 19 -20 20 -22 22 -24 -25 -26 -27 -28 -29 29 -31
leaf_value=-0.0370195753344345 -0.033037275683073734 -0.00083671220446462826 -0.0047261922230987935 0.0098479672683188905 0.009840370268146886 0.093307811977907329 0.009840370268146886 0.062179014922504008 0.042383743731913726 0.009840370268146886 0.024765521796459695 0.026115855500116303 0.0098479672683188905 -0.0047261922230987935 -0.0047261922230987935 -0.059382078452578181 -0.037730325311756893 -0.0047261922230987935 -0.0047261922230987935 -0.034482271779566545 -0.0047261922230987935 -0.038470868868759216 0.012233273191249365 -0.0378289440148359 -0.0053126158045019873 0.037530373550606608 0.0089835107151912327 0.0032537442962601612 -0.040360094945075281 -0.0072143730051304079
leaf_weight=4.2081624097040722 1.7918065807425616 191.10354810280717 12.737911153295501 6.7371557382739429 3.6380996897787536 1.2708763379287122 1.338592251862792 4.1933744450943768 3.1842889909767109 10.13847051477387 4.3744187412075908 1.9190393462004065 0.14868323370842507 13.048317417645192 1.1108366604494246 1.6127680607878603 14.991004628020731 10.410183501373469 1.9873259222067643 6.397446425663019 0.49990057642094132 2.4468912421361875 1.9542729726017558 6.4392044030473699 3.6959359469474293 2.8918907568586292 29.113065199695939 160.3548017918348 6.0515943715408858 36.238053414690739
leaf_count=2253 1197 34601 2809 798 56 21 78 113 225 506 94 279 66 5315 25 81 4384 2938 91 1780 70 91 138 2262 104 40 962 28835 1713 5317
internal_value=-9.4348e-05 0.00123082 -0.00708864 0.0297806 0.00432869 0.0238037 0.0529877 0.0359851 0.0225885 -0.00412295 4.58532e-06 0.0423837 -0.0162892 -0.0137811 -0.0111407 -0.0181853 -0.0312894 -0.00712571 -0.0313644 -0.00472619 -0.0249426 -0.000298975 -0.0136848 -0.0228585 -0.00531262 0.00984037 0.000192376 -0.000478737 -0.00304611 -0.0127802
internal_weight=546.028 459.746 86.2818 17.9743 32.0158 9.13946 2.60947 16.0339 11.8405 22.8764 441.772 5.10333 1.94049 54.2659 50.0578 37.0095 16.1018 20.9076 3.60009 17.3075 6.89735 437.397 14.5363 12.582 6.14283 6.52999 422.861 393.748 233.393 42.2896
internal_count=97242 76795 20447 2678 3510 195 99 1415 1302 3315 74117 504 1263 16937 14684 9369 4409 4960 172 4788 1850 74023 2595 2457 195 96 71428 70466 41631 7030
is_linear=0
shrinkage=0.05


Tree=224
num_leaves=31
num_cat=0
split_feature=9 0 14 14 7 14 9 9 9 9 14 14 15 14 12 14 9 9 14 9 12 16 14 14 12 14 3 9 9 0
split_gain=2.76646 2.90179 3.27599 2.5388 2.25109 2.10211 3.89743 2.40709 1.75698 1.76372 2.04553 2.8775 1.72966 1.41806 1.98894 1.40709 1.37278 1.35743 1.52107 5.7204 2.428 2.5329 1.7569 1.43636 3.10911 3.85309 3.46526 3.1651 2.71975 2.2773
threshold=38.500000000000007 2.8253796890422285 10.500000000000002 16.500000000000004 1.0000000180025095e-35 27.500000000000004 49.500000000000007 52.500000000000007 36.500000000000007 35.500000000000007 13.500000000000002 17.500000000000004 1.5000000000000002 6.5000000000000009 1.5000000000000002 26.500000000000004 51.500000000000007 16.500000000000004 26.500000000000004 21.500000000000004 11.500000000000002 0.038192249720425932 27.500000000000004 9.5000000000000018 3.5000000000000004 5.5000000000000009 1.0000000180025095e-35 26.500000000000004 17.500000000000004 0.59029124783816311
decision_type=2 2 2 2 2 2 2 2 2 2 2 2 2 2 2 2 2 2 2 2 2 2 2 2 2 2 2 2 2 2
left_child=8 2 4 -4 13 6 -5 -7 9 17 -11 -12 -10 14 -2 -8 -15 -1 20 22 23 -22 -20 24 25 29 27 28 -27 -19
right_child=1 -3 3 5 -6 7 15 -9 12 10 11 -13 -14 16 -16 -17 -18 18 19 -21 21 -23 -24 -25 -26 26 -28 -29 -30 -31
leaf_value=0.0025320263986841882 0.011500626677185424 0.046141410563121002 -0.014164578490767075 0.02650734168337765 0.02650734168337765 -0.029759245618358656 -0.023363903050307791 0.019786917244410382 -0.027319893783872951 -0.015760826399195238 0.076817388223318447 0.0019307597593299507 0.025077183992147409 0.015533263282775637 -0.035022029503905795 0.02650734168337765 -0.028479363630915314 -0.019712891808151924 0.016272854654010901 0.021496030708943972 -0.019857037058579597 0.070829476837266411 -0.034293859091859634 -0.0073416132056604751 -0.029841034074045814 -0.026411643569365612 0.048212744905595593 -0.018033198656311845 0.026510895585764534 0.0053921533683300819
leaf_weight=188.59262941354041 4.4070729003674405 4.1470277759744922 18.43064355555066 13.260672737895225 5.0223814913651941 5.2023625934515376 5.5077169669464174 3.1739319670767827 9.300366628392565 1.6788622339936399 1.6870380912123435 2.5561531755204214 1.0536706000066249 3.5820120331927683 3.1113726255716756 0.79119356102046356 1.1508035710778584 16.587671799868758 1.5302824473174057 20.906249655751367 0.65523864229908113 1.1212394811445845 7.1981056571618183 167.59386853038222 6.3196842836259739 2.0244091241425037 6.0224344216348973 7.3260508104742703 15.389767896807369 17.885180603517256
leaf_count=23152 276 122 3934 3745 318 4002 3476 3261 2793 311 273 979 119 715 31 268 311 1014 173 9204 120 14 3581 28970 98 399 732 1348 2680 553
internal_value=0.000538931 0.00991145 0.00687327 -0.0001891 0.0248033 0.00920207 0.0179118 -0.0108773 -0.000815412 -0.000340248 0.0247118 0.040677 -0.0202487 0.00455918 -0.00960315 -0.0139812 0.0155333 -0.000716365 -0.00298163 0.00753812 -0.0043014 0.0422759 -0.024667 -0.00482199 0.00109922 0.00450183 0.0170972 0.00794408 0.0192584 -0.00690308
internal_weight=543.216 67.7872 63.6402 46.3665 17.2736 27.9359 19.5596 8.37629 475.429 465.075 5.92205 4.24319 10.354 12.2513 7.51845 6.29891 4.73282 459.153 270.56 29.6346 240.926 1.77648 8.72839 239.149 71.5552 65.2355 30.7627 24.7402 17.4142 34.4729
internal_count=96972 20459 20337 18686 1651 14752 7489 7263 76513 73601 1563 1252 2912 1333 307 3744 1026 72038 48886 12958 35928 134 3754 35794 6824 6726 5159 4427 3079 1567
is_linear=0
shrinkage=0.05


Tree=225
num_leaves=31
num_cat=0
split_feature=9 8 5 5 9 12 9 12 9 14 14 5 14 15 11 14 14 12 14 12 5 12 14 1 5 14 14 14 14 5
split_gain=1.80128 2.96152 5.10711 3.15803 2.49048 2.05044 2.5838 3.22566 2.01862 1.98676 1.87029 1.84734 3.47797 1.76815 1.4836 2.72413 5.06792 3.93535 3.17698 2.14678 1.85847 2.03209 1.77105 1.47374 1.39195 1.9297 1.32962 1.67911 1.4953 1.10696
threshold=33.500000000000007 1.0000000180025095e-35 7.6131729442492757 5.7213653196100642 35.500000000000007 1.0000000180025095e-35 49.500000000000007 2.5000000000000004 44.500000000000007 9.5000000000000018 27.500000000000004 9.0967049885701741 16.500000000000004 2.5000000000000004 1.5000000000000002 4.5000000000000009 15.500000000000002 3.5000000000000004 7.5000000000000009 2.5000000000000004 8.4694794778753977 7.5000000000000009 7.5000000000000009 0.052199202961313217 8.3038228351506458 21.500000000000004 13.500000000000002 12.500000000000002 7.5000000000000009 8.4031360178810086
decision_type=2 2 2 2 2 2 2 2 2 2 2 2 2 2 2 2 2 2 2 2 2 2 2 2 2 2 2 2 2 2
left_child=14 5 3 -3 -5 24 7 8 29 -6 23 -4 -13 -9 -1 -16 17 18 -17 -20 21 22 -19 -11 25 26 27 28 -2 -7
right_child=1 2 11 4 9 6 -8 13 -10 10 -12 12 -14 -15 15 16 -18 20 19 -21 -22 -23 -24 -25 -26 -27 -28 -29 -30 -31
leaf_value=0.0024748917601878123 -0.00041331033470888735 0.00080100370638018438 0.00080100370638018438 0.00080100370638018438 0.00080100370638018438 0.00080100370638018438 0.00080100370638018438 -0.062914989074859734 -0.043213984249442755 0.00080100370638018438 0.00080100370638018438 0.00080100370638018438 0.061583294012146177 0.00080100370638018438 0.0065527383072122511 0.085250593258087828 0.0065527383072122511 0.011635916806441991 0.0065527383072122511 0.053889191648990802 0.0065527383072122511 0.0065527383072122511 0.065952298342475554 0.089167026247891898 0.00080100370638018438 0.00080100370638018438 -0.03666536631948495 0.00080100370638018438 -0.041649566951728653 -0.020187248482319425
leaf_weight=386.59189714125819 4.1040354240992674 1.9462094011423703 12.148244058428192 0.60168620801732675 0.58754096140637546 6.6156112134596068 6.9786298247372534 5.7394337280027221 3.2651451130236628 0.44213478660981298 0.36275148473600882 1.2671300287920519 2.8512569978850024 0.61713510783192749 11.506347178077702 4.2310754317095443 24.435775283020121 3.0869467743614205 4.9130825561819602 3.6471165125849438 7.0602165266755028 2.1905379817690118 3.3353872625848453 4.4740539914305373 19.628883765366936 5.5458415870753006 6.9979046425510196 1.0964431914760551 3.7854718295736802 5.7280943421504844
leaf_count=64158 414 583 2440 168 74 2350 3152 756 1030 243 393 190 530 261 103 58 4199 50 180 68 110 94 39 535 5591 3407 3118 320 1345 1360
internal_value=0.00234413 -0.00389239 0.0107159 0.0411052 0.0565236 -0.0091139 -0.0190718 -0.0274167 -0.0135308 0.0662528 0.0748006 0.000801004 0.0336792 -0.0550398 0.00366054 0.0106306 0.0186905 0.0330286 0.0527362 0.029429 0.0147463 0.031134 0.0449298 0.0820545 -0.00182487 -0.0121369 -0.0216964 -0.00753484 -0.0226584 -0.00302896
internal_weight=545.782 94.7836 24.681 8.41438 6.46817 70.1026 28.944 21.9654 15.6089 5.86648 5.27894 16.2666 4.11839 6.35657 450.998 64.4065 52.9001 28.4644 12.7913 8.5602 15.6731 8.61287 6.42233 4.91619 41.1586 21.5297 15.9839 8.98595 7.88951 12.3437
internal_count=97319 28260 5156 1996 1413 23104 8909 5757 4740 1245 1171 3160 720 1017 69059 4901 4798 599 306 248 293 183 89 778 14195 8604 5197 2079 1759 3710
is_linear=0
shrinkage=0.05


Tree=226
num_leaves=31
num_cat=0
split_feature=9 9 14 5 0 0 21 17 2 7 9 9 9 9 9 9 5 14 5 5 5 16 4 9 14 9 14 16 5 14
split_gain=1.35644 3.40727 2.33752 1.51353 1.56991 1.46866 1.15087 2.09582 1.07672 1.10763 0.929347 1.26409 0.961287 2.11607 1.25326 3.67147 3.00895 1.78959 1.15825 2.94495 2.51446 2.49757 1.9951 1.80431 2.89041 2.6536 2.40514 2.96082 2.29258 2.04452
threshold=65.500000000000014 61.500000000000007 8.5000000000000018 7.0908870852933346 0.088879622242401798 3.1768538210194532 1.0000000180025095e-35 1.0000000180025095e-35 1.0000000180025095e-35 1.0000000180025095e-35 53.500000000000007 52.500000000000007 48.500000000000007 47.500000000000007 42.500000000000007 40.500000000000007 7.3887150439786611 22.500000000000004 7.8960311482039094 7.8683426818990627 8.2360076701395872 0.091750841750841763 0.9630991285403051 29.500000000000004 26.500000000000004 21.500000000000004 8.5000000000000018 0.03109959700633276 5.0584652861428294 7.5000000000000009
decision_type=2 2 2 2 2 2 2 2 2 2 2 2 2 2 2 2 2 2 2 2 2 2 2 2 2 2 2 2 2 2
left_child=1 6 -2 -3 -5 -4 7 8 9 -1 11 12 13 14 15 18 -16 -17 19 22 21 -20 23 25 -25 26 28 -28 -10 -27
right_child=2 3 5 4 -6 -7 -8 -9 10 -11 -12 -13 -14 -15 16 17 -18 -19 20 -21 -22 -23 -24 24 -26 29 27 -29 -30 -31
leaf_value=-0.037865086821763011 0.021798850614791386 -0.013486865951919898 -0.040046479196233727 -0.01141533432006075 0.080762886872763492 0.026311168451623214 0.04035113530990269 -0.036061385609884131 -0.0085996942803990371 -0.0085996942803990371 -0.0085996942803990371 0.021459529147680224 -0.0085996942803990371 0.021459529147680224 0.021459529147680224 0.021459529147680224 -0.0085996942803990371 -0.0085996942803990371 -0.0085996942803990371 0.021459529147680224 0.0029229840793635656 0.021459529147680224 0.021459529147680224 -0.0085996942803990371 0.012315168223218733 -0.0085996942803990371 -0.0085996942803990371 0.011071834650557576 0.012315168223218733 0.012315168223218733
leaf_weight=3.1150898888706697 1.987692661629352 0.35689642119496001 5.0600533834088992 0.28909127884935504 1.5755701793368642 0.26777290319114389 1.0282904749119541 2.4935091014420996 3.0192815404589046 0.92056322107509903 7.8687729005814608 1.6794807202386426 5.4983021739571987 3.121600334532558 4.3513259864303135 6.8620890779129677 14.085096938144487 2.369271749350446 47.647110728149528 6.2708530554336894 230.40955622097681 2.7564316706848322 5.1357468838250488 22.746920621568282 3.8192313420095152 8.6134584528263058 57.101000632590512 23.067747449240414 31.771836693937075 37.137342317399089
leaf_count=43965 103 285 3531 405 341 6 270 6453 137 7518 703 109 574 188 374 307 788 301 3454 344 14330 66 286 1339 895 280 5202 448 1186 2648
internal_value=0.00272527 0.00303143 -0.0173409 0.0543199 0.0674757 -0.0330804 0.00271627 0.00256792 0.00281753 -0.0202321 0.0030327 0.00331627 0.00309506 0.00336203 0.00299746 0.00348774 -0.00859969 0.0214595 0.00277126 0.00568265 0.000698515 -0.00859969 0.00421346 0.00317081 -0.00859969 0.00517189 0.000927647 -0.00384181 0.0117181 0.0123152
internal_weight=542.427 535.111 7.31552 2.22156 1.86466 5.32783 532.89 531.862 529.368 4.03565 525.332 517.464 515.784 510.286 507.164 488.728 18.4364 9.23136 479.497 198.683 280.813 50.4035 192.413 187.277 26.5662 160.711 114.96 80.1687 34.7911 45.7508
internal_count=96836 93196 3640 1031 746 3537 92165 91895 85442 51483 33959 33256 33147 32573 32385 31223 1162 608 30615 12765 17850 3520 12421 12135 2234 9901 6973 5650 1323 2928
is_linear=0
shrinkage=0.05


Tree=227
num_leaves=31
num_cat=0
split_feature=21 17 12 5 9 5 9 12 15 9 11 9 0 5 5 12 5 11 16 5 5 9 5 9 5 9 16 9 0 9
split_gain=1.352 1.66564 1.35801 3.82184 4.03899 3.54049 3.01706 3.51095 2.86839 2.62287 2.71631 2.43389 2.00434 2.7936 3.33347 1.97692 2.59155 1.91157 1.78658 1.74267 1.5904 3.50359 2.61038 2.56245 2.94573 1.96933 3.1805 1.95737 3.19507 3.00072
threshold=1.0000000180025095e-35 1.0000000180025095e-35 1.0000000180025095e-35 5.6642285820164675 23.500000000000004 5.3088430155903028 16.500000000000004 6.5000000000000009 2.5000000000000004 13.500000000000002 1.0000000180025095e-35 7.5000000000000009 -0.38836647853597767 9.1868023592010832 7.7173127874535714 1.5000000000000002 6.4739273939629234 4.5000000000000009 0.087337909992372245 8.0930995798579737 5.7213653196100642 24.500000000000004 6.5216077629755533 47.500000000000007 8.9993076393844991 39.500000000000007 0.03548197574384155 42.500000000000007 1.9065244410058804 39.500000000000007
decision_type=2 2 2 2 2 2 2 2 2 2 2 2 2 2 2 2 2 2 2 2 2 2 2 2 2 2 2 2 2 2
left_child=1 2 20 4 17 -6 7 9 12 10 11 -5 -8 14 15 16 -14 -4 -9 -12 21 -1 25 27 -25 26 -22 29 -29 -24
right_child=-2 -3 3 6 5 -7 8 18 -10 -11 19 -13 13 -15 -16 -17 -18 -19 -20 -21 22 -23 23 24 -26 -27 -28 28 -30 -31
leaf_value=0.019351779479101661 0.039924468824794501 -0.035857332430694798 -0.059891306779561893 -0.004370520427580688 0.019351779479101661 -0.041559618602333752 -0.032291178083166408 -0.044803628055319532 0.019351779479101661 0.019351779479101661 0.019351779479101661 -0.032938876672910962 0.005614799052791674 0.005614799052791674 -0.01669528746057844 0.005614799052791674 -0.01930058483536214 0.0076017329091936899 0.019351779479101661 -0.0019274955463477383 -0.036234723384353233 -0.011050567263383097 -0.00024278786807951024 0.019351779479101661 -0.026648976932719934 0.019351779479101661 0.015480815765565656 -0.03349064467113954 0.019351779479101661 0.019351779479101661
leaf_weight=17.069762409556237 1.0045720221132786 2.4497751173689712 6.4199360847051121 2.4020076941005746 3.1495579702417444 1.8261756628569399 7.1199704576515606 3.7592688305148831 3.8619325384879621 23.023518866164295 14.194930915813986 9.3978243499720957 3.5084013802897998 19.671948431029705 65.506347671539061 17.007515494629388 18.500778678627285 0.97820458640853747 0.64166557352291409 16.57726769205965 11.601144177453309 10.390208736200519 245.2556172420193 11.347340527971935 2.6846332501220322 1.5765473343903966 3.264397578805073 8.3718106140984201 1.9046297201457481 8.3513585820182907
leaf_count=2242 274 6724 1040 299 1125 407 9727 586 1123 2507 952 1494 558 2009 6809 1236 2494 116 37 1262 2486 2555 39135 4344 1123 688 75 2014 111 1693
internal_value=-0.00107149 -0.00122091 -0.000997526 -0.00403969 -0.0299451 0.00483123 -0.00233968 0.00603121 -0.00668671 0.00909826 0.00146958 -0.0180133 -0.00812218 -0.00648974 -0.00988739 0.00167418 -0.00997923 -0.0511246 -0.0329034 0.00927224 0.00106511 0.0123518 -2.60578e-05 0.00114751 0.0193518 -0.0187911 -0.0246183 -1.49257e-06 -0.0203865 0.000901356
internal_weight=542.819 541.814 539.365 217.547 12.3739 4.97573 205.173 69.9965 135.177 65.5955 42.572 11.7998 131.315 124.195 104.523 39.0167 22.0092 7.39814 4.40093 30.7722 321.817 27.46 294.357 277.915 14.032 16.4421 14.8655 263.883 10.2764 253.607
internal_count=97245 96971 90247 33781 2688 1532 31093 7137 23956 6514 4007 1793 22833 13106 11097 4288 3052 1156 623 2214 56466 4797 51669 48420 5467 3249 2561 42953 2125 40828
is_linear=0
shrinkage=0.05


Tree=228
num_leaves=31
num_cat=0
split_feature=12 14 14 9 15 12 9 9 4 9 7 15 9 9 0 9 9 4 9 0 9 9 9 7 14 9 12 4 14 14
split_gain=2.02122 1.81303 5.09879 7.41879 3.52155 3.16199 3.42774 2.64893 2.60694 2.11223 2.07573 2.07147 2.18057 2.70034 1.94909 2.80248 1.48264 1.47439 1.31969 1.15101 1.07339 2.34485 1.63029 2.66473 2.21625 2.13029 2.11986 5.1679 2.07161 1.9497
threshold=15.500000000000002 26.500000000000004 27.500000000000004 28.500000000000004 1.0000000180025095e-35 1.0000000180025095e-35 11.500000000000002 11.500000000000002 0.67451088962716887 8.5000000000000018 1.5000000000000002 3.5000000000000004 19.500000000000004 34.500000000000007 0.040076858003375702 28.500000000000004 14.500000000000002 0.9548008171603678 3.5000000000000004 -0.71550227415766998 10.500000000000002 8.5000000000000018 16.500000000000004 1.5000000000000002 4.5000000000000009 15.500000000000002 1.0000000180025095e-35 0.89309523809523828 19.500000000000004 19.500000000000004
decision_type=2 2 2 2 2 2 2 2 2 2 2 2 2 2 2 2 2 2 2 2 2 2 2 2 2 2 2 2 2 2
left_child=1 18 3 4 7 6 9 -3 -5 -4 14 12 -7 -14 -8 16 -16 -9 -1 -20 21 -21 23 24 25 -22 27 28 -26 -28
right_child=-2 2 5 8 -6 11 10 17 -10 -11 -12 -13 13 -15 15 -17 -18 -19 19 20 22 -23 -24 -25 26 -27 29 -29 -30 -31
leaf_value=0.027247831339689894 -0.038844862069754828 0.017884694734117842 -0.012995999553654587 -0.010414258342244173 0.0529613890137728 -0.03494882206613123 -0.026272696099135059 -0.042954229139911641 0.10717353003208344 0.091003409046915229 0.049937814422793693 0.024834110436031769 0.0038859596220774564 -0.038262432956879332 -0.0079545361213912685 -0.0079545361213912685 0.026156189491833282 0.017884694734117842 -0.024402033262552587 0.00376039674044332 -0.012070435787341153 -0.012070435787341153 -0.00078045198833280409 0.030537147666736365 -0.012070435787341153 0.017161923315977358 0.017161923315977358 0.017161923315977358 0.0040451470984944884 -0.01006225233590032
leaf_weight=3.490511311838417 2.1632756798417168 0.40697602108320818 0.34265838536839766 0.34951136156360041 1.6555142321576566 8.1325766552200829 3.6662069827369868 3.8020135278893576 2.6953751769053724 1.1214029823361213 1.6258990678188627 2.5644308736427766 7.5471133630516061 2.991976071608633 1.0832177128395395 6.6947555698052374 7.6569383021815156 0.33893802553211561 3.7784167818419965 30.812750897788192 12.334147110026604 24.982484451948039 302.97173762315197 9.2777653283392265 34.185275697800989 2.861628893075248 27.813410334109449 14.937197438334804 6.0993574864573921 5.9951724824568364
leaf_count=137 2023 49 161 142 51 3809 5809 504 718 311 112 394 5279 4687 107 1698 924 50 11824 2333 446 2273 43142 192 4632 78 2120 1718 742 566
internal_value=0.00101064 0.00124519 0.00995982 0.0416899 0.00628307 0.00241624 0.0152847 -0.017192 0.0944383 0.0712668 0.00823229 -0.0111136 -0.0170622 -0.00142723 0.00237456 0.0103636 0.0261562 -0.0338661 0.000269184 1.46676e-05 0.000261162 -0.00618851 0.00113798 0.00622086 0.0037867 -0.0120704 0.00682532 0.000720575 -0.00907163 0.0164894
internal_weight=534.379 532.215 52.6755 9.24833 6.20344 43.4272 22.1911 4.54793 3.04489 1.46406 20.727 21.2361 18.6717 10.5391 19.1011 15.4349 8.74016 4.14095 479.54 476.049 472.271 55.7952 416.476 113.504 104.226 15.1958 89.0304 55.2218 40.2846 33.8086
internal_count=97031 95008 24805 1514 654 23291 9122 603 860 472 8650 14169 13775 9966 8538 2729 1031 554 70203 70066 58242 4606 53636 10494 10302 524 9778 7092 5374 2686
is_linear=0
shrinkage=0.05


Tree=229
num_leaves=31
num_cat=0
split_feature=9 9 12 14 11 4 5 5 5 5 0 9 9 12 9 14 0 4 14 9 12 15 14 14 5 4 9 16 5 9
split_gain=1.83474 2.92705 3.43325 4.36775 2.20658 1.82815 2.643 1.70329 2.78535 1.58133 4.39444 2.66798 2.5287 2.79974 2.32518 1.6697 1.68062 1.4475 1.32621 1.19425 1.14799 1.61468 1.82838 2.29325 2.92852 1.38778 1.23859 1.21187 1.19514 1.06971
threshold=48.500000000000007 47.500000000000007 1.0000000180025095e-35 17.500000000000004 7.5000000000000009 0.7620499419279908 7.9454678019233755 2.7377885089469012 3.6951557841279996 4.6501859588895087 -0.14420201709804312 22.500000000000004 16.500000000000004 1.0000000180025095e-35 39.500000000000007 27.500000000000004 0.020035040909871998 0.79935064935064948 23.500000000000004 11.500000000000002 3.5000000000000004 2.5000000000000004 22.500000000000004 12.500000000000002 8.4694794778753977 0.70809925093632964 3.5000000000000004 0.074537037037037054 8.9089007820488906 19.500000000000004
decision_type=2 2 2 2 2 2 2 2 2 2 2 2 2 2 2 2 2 2 2 2 2 2 2 2 2 2 2 2 2 2
left_child=1 7 3 -3 5 -2 -7 17 19 10 -10 12 13 -12 15 16 -13 -1 -4 -9 26 22 23 24 -22 -25 -11 -23 -26 -28
right_child=4 2 18 -5 -6 6 -8 8 9 20 11 14 -14 -15 -16 -17 -18 -19 -20 -21 21 27 -24 25 28 -27 29 -29 -30 -31
leaf_value=-0.0095863279088172285 -0.02997469326548002 0.10467540155445565 -0.035332421224860654 -0.019712507729283586 0.032126711486666494 -0.016384586454033158 0.007934055322629455 0.014129250894515888 -0.042243407264009256 0.029592227900410873 0.057285108907271454 -0.0047271889397925287 -0.0047271889397925287 -0.0047271889397925287 -0.0047271889397925287 -0.0047271889397925287 0.095311353571939789 0.057580579759829401 0.031735683339754565 -0.047666438532022404 -0.0003502945871998415 0.0045965919636217489 -0.034029444725811167 -0.027533681799306816 -0.065392399329154416 0.0045965919636217489 -0.0013283996013979213 0.03851531701901198 -0.014418262955656406 0.0034894585417273396
leaf_weight=0.83211519576593618 11.38125790811012 1.3813544236684259 1.0879220835900012 0.61238729196156771 1.6723363628709638 5.7225518511420415 7.097962379791511 0.48903707002705177 1.5139862270124247 2.8577314555996045 2.7934159139449517 0.23060732533395034 2.1314953997239172 0.81650442378759169 0.46004297287436191 0.27143134284142423 2.3907360862599489 1.3886733267825091 0.22577272148475902 3.1013263884539128 8.8405795062426495 0.92581890589281046 6.0594042911309307 2.8420052311557802 2.4980280883028163 9.8469078979996976 224.77472284851285 2.6620284116252151 2.8045666828802496 234.49994209992201
leaf_count=289 5548 183 110 231 362 2410 2288 144 1391 139 385 74 364 125 121 76 481 326 184 1048 158 1001 1708 65 44 241 29527 340 54 47654
internal_value=0.000688703 0.00134668 0.0423952 0.0726466 -0.0120522 -0.0162586 -0.00279448 0.00100143 0.000772249 0.00111961 0.0193639 0.032789 0.00873561 0.035785 0.0625089 0.0762292 0.0858489 0.0372511 -0.0150714 -0.038005 0.000693469 -0.00772537 -0.0113201 -0.00515326 -0.0189555 0.00459659 0.00137327 0.0205132 -0.0449973 0.00113378
internal_weight=544.213 518.339 3.30744 1.99374 25.8741 24.2018 12.8205 515.031 512.81 509.22 10.6082 9.09423 5.74142 3.60992 3.35282 2.89277 2.62134 2.22079 1.31369 3.59036 498.612 36.4793 32.8915 26.8321 14.1432 12.6889 462.132 3.58785 5.30259 459.275
internal_count=97071 86463 708 414 10608 10246 4698 85755 85140 83948 3017 1626 874 510 752 631 555 615 294 1192 80931 3611 2270 562 256 306 77320 1341 98 77181
is_linear=0
shrinkage=0.05


Tree=230
num_leaves=31
num_cat=0
split_feature=5 5 5 4 14 14 13 9 14 8 5 14 13 4 9 5 14 5 9 9 9 5 16 5 14 14 9 4 5 14
split_gain=3.00789 4.97688 2.50422 2.86473 2.06049 2.94589 2.18828 1.99457 2.1827 1.90285 2.36386 2.28907 2.99976 1.89611 1.85455 3.52178 2.81618 2.35153 3.06018 2.93699 2.21986 2.65587 2.16793 2.5471 2.30311 1.86175 1.8348 2.01731 1.62443 2.74028
threshold=8.6478545464965979 8.6078939075746863 8.4355663050602896 0.7914855072463769 16.500000000000004 8.5000000000000018 0.22791304347826088 29.500000000000004 1.0000000180025095e-35 1.0000000180025095e-35 8.7120469130838067 29.500000000000004 0.78010741854122212 0.90501253132832093 31.500000000000004 9.1868023592010832 11.500000000000002 8.8991585297090143 33.500000000000007 45.500000000000007 69.500000000000014 8.7351823590757451 0.022695081122843169 9.2082807187888704 17.500000000000004 14.500000000000002 31.500000000000004 0.87821357943309175 5.0165011510177271 3.5000000000000004
decision_type=2 2 2 2 2 2 2 2 2 2 2 2 2 2 2 2 2 2 2 2 2 2 2 2 2 2 2 2 2 2
left_child=1 2 28 -4 5 6 -5 9 -9 10 -2 12 13 -11 15 16 -10 18 25 -20 21 -21 24 -24 -19 -16 27 -7 29 -1
right_child=7 -3 3 4 -6 26 -8 8 14 11 -12 -13 -14 -15 17 -17 -18 22 19 20 -22 -23 23 -25 -26 -27 -28 -29 -30 -31
leaf_value=-0.033670720875637286 -0.037089380983914524 0.035487799797303064 -0.029639910426751973 -0.013739605787936282 -0.013739605787936282 0.0059354670438911969 0.030685418690469923 0.052683471260255958 0.040647140587638013 -0.0043492596436496347 -0.0082700505513386043 0.044409571759413145 0.030982553136373072 0.013316646746361719 -0.01155333967939106 0.051582363088019383 -0.037358699935317569 -0.005676475981817938 -0.018863153573208651 -0.0055667066105925941 -0.024457078339799085 0.079314852215990744 -0.0048954516697694486 0.033718926775966974 -0.043639357635705034 0.093548989862202836 -0.011581864446032212 0.068594830832186621 0.0033680408504404703 0.021337197243764334
leaf_weight=1.6083857774783634 6.9646667206654902 11.327777560364778 11.021567134688441 3.0844311775690603 5.5845872367831353 2.2336861400201542 1.8689435038513691 1.3257007962092746 0.80360445502446909 24.574309864779256 80.807272475204513 1.9804740918332289 5.3415585125430871 7.1068470133066048 0.29358855777263559 3.8480605654294777 2.4024457866696594 10.963133643174393 5.143180231155041 1.2330487929576754 0.64991054751681065 1.6141192333220713 3.0209400800563335 4.6709720219114388 5.6300779154819329 0.74145123096946008 1.3005654647815843 2.8604639329887505 315.15129287893831 22.82202249260331
leaf_count=130 1312 1697 2085 240 1209 306 48 8 120 2206 13867 615 133 404 104 574 494 2069 1281 357 212 502 147 236 3844 213 157 321 54751 7517
internal_value=0.0017539 0.00422571 0.00316851 -0.010968 0.0021607 0.0145379 -0.0130751 -0.0037759 0.00552823 -0.00690222 -0.0109489 0.00225038 -0.00111353 -0.00434926 0.00278638 0.0243695 -0.012791 -0.0022656 0.0174835 0.00401193 0.034368 0.0506627 -0.010514 0.0105147 -0.0203056 0.072709 0.0348028 0.0466023 0.00436101 0.0165341
internal_weight=547.979 378.864 367.536 27.9542 16.9327 11.3481 4.95337 169.115 42.3402 126.775 87.7719 39.0032 37.0227 31.6812 41.0145 7.05411 3.20605 33.9604 9.6753 8.64026 3.49708 2.84717 24.2851 7.69191 16.5932 1.03504 6.39472 5.09415 339.582 24.4304
internal_count=97159 68461 66764 4366 2281 1072 288 28698 10161 18537 15179 3358 2743 2610 10153 1188 614 8965 2669 2352 1071 859 6296 383 5913 317 784 627 62398 7647
is_linear=0
shrinkage=0.05


Tree=231
num_leaves=31
num_cat=0
split_feature=1 14 16 12 9 0 0 5 5 5 14 14 9 8 5 4 5 9 9 9 4 4 4 12 5 5 0 4 4 7
split_gain=1.71276 1.41338 4.32253 4.20395 5.48803 2.53061 2.48829 2.3046 2.25684 2.24755 5.26189 3.36617 5.67782 4.03507 4.10063 3.95443 3.21066 3.07667 4.73813 2.91195 2.58531 2.45588 2.16706 2.4201 2.29993 2.03486 2.52553 2.05627 1.9594 1.92723
threshold=0.010896901892776497 18.500000000000004 0.022695081122843169 1.0000000180025095e-35 14.500000000000002 0.16911247487971823 -0.20125956758308861 2.7377885089469012 4.5848686467653996 6.3771765217870842 14.500000000000002 12.500000000000002 15.500000000000002 1.0000000180025095e-35 5.6642285820164675 0.69852141769949994 6.858432694097508 46.500000000000007 51.500000000000007 42.500000000000007 0.96571316614420077 0.84178433889602056 0.7632583366813982 1.5000000000000002 7.7708049083537345 7.0274084446110585 0.020035040909871998 0.8622844827586208 0.7955767350928642 1.0000000180025095e-35
decision_type=2 2 2 2 2 2 2 2 2 2 2 2 2 2 2 2 2 2 2 2 2 2 2 2 2 2 2 2 2 2
left_child=-1 7 6 4 5 -4 -3 28 -9 10 11 13 -13 14 -10 -14 20 19 21 25 -11 -19 -20 24 -24 26 -18 -28 -2 -15
right_child=1 2 3 -5 -6 -7 -8 8 9 16 -12 12 15 29 -16 -17 17 18 22 -21 -22 -23 23 -25 -26 -27 27 -29 -30 -31
leaf_value=-0.035628142669995297 -0.010814221783795645 -0.018238337792678291 0.010026186131025818 0.0060082590325188359 0.016687329150331356 0.093227388065380334 -3.9525869824909255e-06 -0.018238337792678291 -0.018238337792678291 -0.018238337792678291 -0.018238337792678291 -0.015841981272266322 -0.018238337792678291 0.017758902866357153 0.017758902866357153 0.096612723949994511 -0.018238337792678291 0.018737962157457825 -0.018238337792678291 -0.018238337792678291 0.052962882976586682 0.088543429977427063 -0.00068471117670426272 -0.00068471117670426272 0.056005259968257573 -0.0032263027161555055 0.01009865513261767 0.058153267407292424 0.068611691721983684 0.067568312420000637
leaf_weight=2.5641519136094066 0.86153751879441998 9.7564172899548094 1.5039533798385516 26.163340692678844 21.616661505553111 3.2177178333949996 97.534781537147865 8.6022315744055486 8.177971795658328 14.779351414337722 7.9749555016303466 1.8295212016855646 0.5037378038291539 3.8390404817516801 6.5920832577376123 3.3390589127127441 2.161740122000082 3.5940678746501389 5.133291124187279 9.7334512164366043 0.5602330032006656 1.8168709946257875 1.1820176481419364 2.2415408099441265 3.424491357323177 280.49588716793482 6.8743067175955712 2.7408897847708431 1.0763233446582487 2.5781934358328726
leaf_count=6283 171 18724 86 2901 968 75 19659 2457 1533 1894 1805 245 163 442 925 557 487 660 1066 1051 89 242 256 44 614 32609 432 222 192 92
internal_value=-0.00107818 -0.000848533 0.00308469 0.0146978 0.0291065 0.0731101 -0.00268131 -0.00250575 -0.00284117 -0.00215422 0.00975936 0.020393 0.0515596 0.0101012 -0.00470808 0.0802939 -0.00341938 -0.00223191 0.0176377 -0.00343062 -0.0182383 0.0523323 -0.00085525 0.0168689 0.0381811 -0.002348 0.0171863 0.0279849 0.0416388 0.0402259
internal_weight=542.47 539.906 159.793 52.5017 26.3383 4.72167 107.291 380.113 378.175 369.573 34.8346 26.8596 5.67232 21.1873 14.7701 3.8428 334.738 319.399 17.3923 302.006 15.3396 5.41094 11.9813 6.84805 4.60651 292.273 11.7769 9.6152 1.93786 6.41723
internal_count=96944 90661 42413 4030 1129 161 38383 48248 47885 45428 5762 3957 965 2992 2458 720 39666 37683 2882 34801 1983 902 1980 914 870 33750 1141 654 363 534
is_linear=0
shrinkage=0.05


Tree=232
num_leaves=31
num_cat=0
split_feature=12 11 5 16 12 7 15 0 5 5 11 5 5 5 5 5 0 5 5 5 5 5 5 5 5 5 5 5 5 5
split_gain=1.79581 2.87509 3.57369 2.70194 1.02849 1.71554 0.982147 0.958386 0.951909 1.53049 1.27838 1.17882 1.30712 2.75899 2.13866 1.4187 1.11088 0.799421 0.815449 0.767967 1.76564 1.60727 1.49607 2.41064 1.92264 1.78092 1.32493 1.1977 0.820519 2.19018
threshold=3.5000000000000004 1.5000000000000002 9.2183881920843636 0.091750841750841763 1.5000000000000002 1.0000000180025095e-35 1.5000000000000002 -0.99266396128577028 9.1980056239386681 8.9186856446669385 12.500000000000002 8.8274865801820344 8.4571981819796935 8.2201844860181552 7.8586165216758213 6.858432694097508 -0.38836647853597767 7.5258008835461299 7.2862315880373218 6.3771765217870842 6.858432694097508 7.0274084446110585 8.2360076701395872 8.6324788521322411 8.1662635015820513 8.1054133261468646 8.0518576827789001 8.676653388352717 9.2183881920843636 9.1094630449962306
decision_type=2 2 2 2 2 2 2 2 2 2 2 2 2 2 2 2 2 2 2 2 2 2 2 2 2 2 2 2 2 2
left_child=1 4 -3 8 7 17 -5 -1 9 11 -11 12 13 14 15 -2 -10 18 -6 -9 -21 -22 24 -24 25 26 -23 -25 29 -29
right_child=3 2 -4 6 5 -7 -8 19 16 10 -12 -13 -14 -15 -16 -17 -18 -19 -20 20 21 22 23 27 -26 -27 -28 28 -30 -31
leaf_value=-0.029871225373122891 -0.025805943081600002 0.0083964755590589159 0.051584282304102939 0.0075489281448850535 -0.035969753389778446 0.0079749268451132869 0.040782566481746378 0.0068552806007489316 -0.036423918313124318 -0.061425500229469812 0.0075489281448850535 0.0075489281448850535 -0.036838069358397271 0.0075489281448850535 -0.047101200882175426 0.0041296120511400474 0.0075489281448850535 -0.0314446732746093 -0.0075235146322693031 -0.014216349086327133 0.0079749268451132869 -0.0020832116977317918 0.0079749268451132869 -0.014216349086327133 -0.014216349086327133 0.0079749268451132869 -0.014216349086327133 -0.002984410704020606 -0.0032624295765088171 0.0079749268451132869
leaf_weight=1.4589779882710434 5.8031844133288528 32.553536423906621 4.750443188751432 0.53790409350767676 1.9912248764856015 4.27961927068361 3.0034433176169841 56.219582889505091 0.48599046980302762 1.9582815957392079 0.5217621964529825 1.4298801829236243 4.6471914146700319 4.4384351825610784 4.0606147204459822 8.9151747427624723 5.2106084435417861 7.1214046802516577 0.67867787501154442 16.696326368342397 15.170690700135308 134.17840073814909 71.629891272970553 9.9742696024991329 5.0398238923203271 6.6210250234128116 5.8002240979326407 51.467208019396821 68.84755155124094 12.427981021204458
leaf_count=12534 648 2353 358 6 1402 887 358 12438 129 115 173 132 426 384 518 901 423 3109 308 2957 1964 20137 9649 1519 950 980 1230 9058 9437 1702
internal_value=0.00110692 0.00192679 0.0150993 -0.00883111 0.000850537 -0.0120044 0.0280535 0.00127304 -0.0129556 -0.0162559 -0.0482135 -0.0120482 -0.0149709 -0.00925362 -0.0188573 -0.0085643 0.00513109 -0.023022 -0.00752351 0.00143853 0.000657832 0.00137168 0.000456428 0.00313934 -0.00333167 -0.00170811 -0.00343547 -0.00082357 0.000502434 0.00454686
internal_weight=547.919 506.907 37.304 41.0125 469.603 14.0709 3.54135 455.532 37.4711 31.7745 2.48004 29.2945 27.8646 23.2174 18.779 14.7184 5.6966 9.79131 2.6699 454.073 397.853 381.157 365.986 214.347 151.639 146.6 139.979 142.717 132.743 63.8952
internal_count=97185 92972 2711 4213 90261 5706 364 84555 3849 3297 288 3009 2877 2451 2067 1549 552 4819 1710 72021 59583 56626 54662 31365 23297 22347 21367 21716 20197 10760
is_linear=0
shrinkage=0.05


Tree=233
num_leaves=31
num_cat=0
split_feature=5 5 9 4 4 9 5 12 12 4 5 4 4 9 9 9 9 12 12 5 5 5 12 5 9 5 5 9 9 5
split_gain=1.59738 3.27222 2.53567 3.28743 3.28738 2.81757 2.02167 2.86292 2.33377 4.14646 2.33396 2.24144 2.2406 2.24027 2.62404 2.17217 2.96602 2.29001 3.2747 3.54952 2.81233 1.87308 3.96753 3.04838 4.57146 1.84219 3.038 1.89453 2.71497 1.73546
threshold=6.858432694097508 7.0274084446110585 21.500000000000004 0.68016393442622958 0.8622844827586208 15.500000000000002 8.6324788521322411 1.5000000000000002 1.0000000180025095e-35 0.63188142770719913 8.6245654929586504 0.76651090342679129 0.70561974789915971 42.500000000000007 16.500000000000004 34.500000000000007 37.500000000000007 1.5000000000000002 7.5000000000000009 7.2531084142030116 7.2972862389982103 7.3887150439786611 1.5000000000000002 8.06128801777216 40.500000000000007 7.4260590376104441 7.6131729442492757 23.500000000000004 26.500000000000004 9.1980056239386681
decision_type=2 2 2 2 2 2 2 2 2 2 2 2 2 2 2 2 2 2 2 2 2 2 2 2 2 2 2 2 2 2
left_child=-1 2 4 -4 5 -2 8 -8 9 -3 -11 13 -12 14 -9 17 -17 -10 19 -19 -21 22 -18 24 -23 -22 -27 -28 -29 -16
right_child=1 6 3 -5 -6 -7 7 11 15 10 12 -13 -14 -15 29 16 21 18 -20 20 25 23 -24 -25 -26 26 27 28 -30 -31
leaf_value=-0.0056632180138463765 0.011292338883156637 -0.036190560180925757 -0.026978956569753267 0.050533142536914794 0.03799931069374804 -0.04465404901269325 -0.00643950867518088 0.0075927684516092055 -0.0055419913804210831 0.0080110871457571651 -0.013675912657868794 0.020966654491046663 0.080742116261459329 0.0075927684516092055 -0.055014026251336293 -0.050880029357739158 0.063883429983353293 -0.029404234344220771 -0.024142951329511261 0.0808724150810501 -0.013431514116713922 0.040308073234721492 -0.024138949756517526 0.0087422231498720734 -0.05866027775393684 0.06378100116062782 0.0036036438096690715 0.066604438344286934 0.0054930236911669497 -0.004088855537660723
leaf_weight=84.856175976459781 3.9218454962147025 4.3145646254031353 0.97343080518817071 7.7017665586974999 3.4997165984768799 3.1248781024339678 139.42230236439684 3.9456264258690243 52.259495568762873 153.37238681725728 0.39556286769106819 18.216473134472608 1.0399422690907156 2.0878642794394855 3.7412858949464862 3.9206058555217878 1.6078521675163977 2.9393726645810139 4.9553826539727188 0.96400219133170395 3.6187766499087983 0.72948755736547166 1.7402111509841232 6.0000281846856751 4.384553958539982 2.79201746817819 15.296285788652314 2.5348010313412024 4.1516908536042365 2.8513565523373927
leaf_count=20360 309 1733 273 1392 335 346 25276 317 7518 25926 41 2139 162 388 627 851 595 406 1004 109 265 279 306 1575 1309 282 1392 264 535 505
internal_value=0.000596239 0.0017696 0.0214342 0.0399461 0.00406609 -0.0154146 0.000858268 -0.00338727 0.00356799 0.00739938 0.00883873 0.0101792 0.0576694 -0.00578112 -0.0188954 -0.00209859 -0.0172762 0.00117481 0.010496 0.0163762 0.0217775 -0.00546487 0.0231029 -0.0152675 -0.0402593 0.0170881 0.0218941 0.0140304 0.0343111 -0.036428
internal_weight=541.36 456.504 19.2216 8.6752 10.5464 7.04672 437.282 170.265 267.017 159.122 154.808 30.8426 1.43551 12.6261 10.5383 107.895 18.3827 89.5118 37.2523 32.2969 29.3576 14.4621 3.34806 11.1141 5.11404 28.3936 24.7748 21.9828 6.68649 6.59264
internal_count=96819 76459 2655 1665 990 655 73804 29252 44552 27862 26129 3976 203 1837 1449 16690 4915 11775 4257 3253 2847 4064 901 3163 1588 2738 2473 2191 799 1132
is_linear=0
shrinkage=0.05


Tree=234
num_leaves=31
num_cat=0
split_feature=12 5 5 4 16 4 14 5 1 14 5 1 5 5 12 14 5 14 5 14 5 14 5 5 5 5 14 5 5 14
split_gain=1.92078 1.29996 2.38919 2.12012 2.11019 1.90913 2.42338 2.06744 2.67543 1.74669 1.73453 3.81199 3.11918 1.69852 1.75605 1.6664 3.18083 2.77745 2.44922 2.7423 2.28568 1.6268 1.57593 2.60781 2.12849 1.52467 1.50977 2.10777 1.39859 2.25641
threshold=15.500000000000002 6.9533604670244555 7.195578952690652 0.69261053906723202 0.15430402930402934 0.95260557053009898 15.500000000000002 7.1313186886651403 0.81553436000826585 20.500000000000004 4.8193488608967234 0.78525466282317535 6.1221109329016938 6.9730213621707078 1.5000000000000002 21.500000000000004 9.1707417265189139 35.500000000000007 8.8831533859247589 22.500000000000004 7.2308620805616561 32.500000000000007 7.2531084142030116 7.2194222969600093 7.2075794951354686 7.4260590376104441 13.500000000000002 5.4348382462762013 8.6849771413309238 26.500000000000004
decision_type=2 2 2 2 2 2 2 2 2 2 2 2 2 2 2 2 2 2 2 2 2 2 2 2 2 2 2 2 2 2
left_child=1 3 5 -1 15 6 13 8 -8 -9 -5 26 -13 -3 -15 22 17 18 20 -20 -17 -11 23 24 -4 -22 27 -12 -27 -30
right_child=-2 2 4 10 -6 -7 7 9 -10 21 11 12 -14 14 -16 16 -18 -19 19 -21 25 -23 -24 -25 -26 28 -28 -29 29 -31
leaf_value=-0.024774840305301252 -0.038588602368712782 -0.018690925031722528 -0.033308140556997816 0.012272181218171509 0.040292951022181146 0.055883038407844379 -0.032446850971409279 0.033343669723262276 0.024325121852791162 -0.032219378212140853 -0.013229743007872092 0.035516168824137336 0.00092869292374858365 0.031471208286644015 -0.016154154014642645 -0.044177373804136763 0.020440440742714797 -0.027852092018437087 0.020440440742714797 -0.038514242981906394 0.020440440742714797 0.031875448379783719 -0.00048174071660890961 -0.047864058850847026 0.020440440742714797 0.0020776817507728021 -0.013229743007872092 0.00092869292374858365 -0.020238072475494025 0.020440440742714797
leaf_weight=10.29198314190455 2.1040637780865827 1.6301187226677054 1.1291289436855996 16.762299433348403 2.3747046058988408 1.6416161196553947 6.935219490348798 2.3385000265416229 1.9920594437135148 1.7394155281006081 4.8214490464940836 8.2491317514186466 9.5266686107097467 15.805599534261775 1.5706910226172102 1.0166573871192657 17.340346393947925 6.2054431941488692 0.53289234571707211 4.75731206851151 6.3283622158062363 0.60722169330756504 318.06221987579352 3.5045241293616982 1.7565876667385965 38.482139213484061 25.462068758806367 19.895298726487681 2.9138949993275665 2.7866816748357905
leaf_count=3597 2041 124 195 5245 277 216 1930 292 138 313 1044 543 506 1849 72 204 5113 9538 176 1193 1135 327 41430 603 188 7194 7817 2693 617 501
internal_value=0.000632875 0.000858218 0.00200116 -0.00441792 0.000917631 0.0144879 0.0108043 -0.00513111 -0.0186044 0.0192982 -0.00168465 -0.00525541 0.0141173 0.0219033 0.0265214 0.00058793 0.00698689 0.00144696 0.00507327 -0.0245582 0.00852506 -0.0110652 -0.00101363 -0.0238398 0.0101455 0.0104229 -0.0122599 -0.000761928 0.00601768 0.0204404
internal_weight=538.564 536.46 441.451 95.0089 407.191 34.2604 32.6188 13.6124 8.92728 4.68514 84.7169 67.9546 17.7758 19.0064 17.3763 404.816 80.3637 63.0234 56.8179 5.2902 51.5277 2.34664 324.452 6.39024 2.88572 50.5111 50.1788 24.7167 44.1827 5.70058
internal_count=97111 95070 73625 21445 68364 5261 5045 3000 2068 932 17848 12603 1049 2045 1921 68087 25671 20558 11020 1369 9651 640 42416 986 383 9447 11554 3737 8312 1118
is_linear=0
shrinkage=0.05


Tree=235
num_leaves=31
num_cat=0
split_feature=12 9 9 1 9 9 16 7 12 9 9 9 9 12 0 9 0 9 16 7 9 3 12 12 9 9 9 0 1 9
split_gain=1.37938 1.17928 1.96363 1.7758 1.72791 1.48747 2.34439 1.62746 1.10397 0.858555 1.0205 1.14898 3.98262 2.00948 1.61838 1.16387 1.55975 1.44457 0.876068 0.817294 0.684252 0.659645 1.3889 1.26749 1.83147 1.62161 0.926665 1.13858 1.0036 0.812871
threshold=16.500000000000004 12.500000000000002 5.5000000000000009 0.5646102873689961 9.5000000000000018 9.5000000000000018 0.027722880983750552 1.0000000180025095e-35 1.5000000000000002 87.500000000000014 76.500000000000014 61.500000000000007 65.500000000000014 3.5000000000000004 0.088879622242401798 53.500000000000007 2.8253796890422285 52.500000000000007 0.03109959700633276 1.0000000180025095e-35 73.500000000000014 1.0000000180025095e-35 1.5000000000000002 4.5000000000000009 16.500000000000004 39.500000000000007 28.500000000000004 -0.57572895710858785 0.88619835133492997 51.500000000000007
decision_type=2 2 2 2 2 2 2 2 2 2 2 2 2 2 2 2 2 2 2 2 2 2 2 2 2 2 2 2 2 2
left_child=1 2 -1 4 -4 -5 7 -7 -6 10 11 15 14 19 -13 17 18 21 -17 -14 -21 26 -23 24 -24 -26 28 29 -3 -28
right_child=-2 9 3 5 8 6 -8 -9 -10 -11 -12 12 13 -15 -16 16 -18 -19 -20 20 -22 22 23 -25 25 -27 27 -29 -30 -31
leaf_value=0.013542479722732294 -0.036090864720411737 -0.0030846054327438822 -0.0051205272956367709 -0.0051205272956367709 -0.024693939797398676 -0.0051205272956367709 0.044621680288525783 0.021329978847969982 -0.0051205272956367709 0.029841379792487317 -0.031340003361050577 -0.012504787835546717 -0.03698438854453686 0.03742604052475889 0.075233410194794237 -0.036781572541185574 0.023676069850111572 0.038956366285199079 -0.0012699262054740486 -0.013180980239650062 0.034832349176803987 0.0030880655684004804 0.0030880655684004804 0.0030880655684004804 0.057467182229746838 0.0030880655684004804 -0.041561570512314711 0.0030880655684004804 0.0030880655684004804 -0.011874226477055744
leaf_weight=11.949205367959221 1.6306255319370837 199.51065845729943 22.990271404206396 13.131147708429127 25.879615630256808 7.9741469574255479 3.2778314255701835 5.9799754742489313 7.1626343708794584 1.6237219407507826 1.4063651386751406 0.32874463735060944 2.4735726280354133 0.85840143979203265 1.9425038005761051 4.46728345170993 1.1917442896228747 1.539547099440141 2.6532308419045876 1.0863622072192809 0.17771376081145707 51.657407328518502 0.97855632462233 3.1041592532092182 4.3416935469567761 0.97412785298229199 2.3210080791550918 104.49438391004969 50.967018376580199 0.045928575773473201
leaf_count=856 1973 38543 3546 696 4875 679 76 143 632 999 858 570 1410 41 451 2791 19 481 106 232 56 7528 101 116 391 74 8273 18587 1873 154
internal_value=2.70822e-05 0.000203803 -0.0047161 -0.00736747 -0.0125711 0.00233006 0.0122258 0.00214096 -0.0199753 0.00131634 0.00114227 0.00131888 0.0202567 -0.00811163 0.0625935 0.000968712 -0.0165205 0.00135332 -0.0253352 -0.0242622 0.00597252 0.0011224 0.00588093 0.0226171 0.0343834 0.046188 0.000295197 0.00308807 -0.00142467 -0.0268365
internal_weight=538.12 536.489 98.3448 86.3956 56.0325 30.3631 17.232 13.9541 33.0423 438.144 436.52 435.114 6.8673 4.59605 2.27125 428.247 8.31226 419.934 7.12051 3.73765 1.26408 418.395 61.0559 9.39854 6.29438 5.31582 357.339 106.861 250.478 2.36694
internal_count=97130 95157 11503 10647 9053 1594 898 822 5507 83654 82655 81797 2760 1739 1021 79037 2916 76121 2897 1698 288 75640 8210 682 566 465 67430 27014 40416 8427
is_linear=0
shrinkage=0.05


Tree=236
num_leaves=31
num_cat=0
split_feature=16 9 5 9 5 14 5 9 5 5 14 9 9 5 14 9 14 5 11 5 5 5 9 12 1 1 5 9 5 5
split_gain=1.64413 1.70568 3.01917 5.32101 3.3581 2.10202 2.0381 1.60424 2.07184 4.15862 2.47918 2.51545 3.13225 2.22906 2.12931 1.82368 1.79494 1.68757 3.49228 1.74777 2.11025 1.68848 1.5669 1.43061 1.81489 1.40319 1.37763 1.29829 1.63916 1.95399
threshold=0.15430402930402934 32.500000000000007 8.6078939075746863 35.500000000000007 8.4182550812564507 27.500000000000004 8.3723432244328944 24.500000000000004 7.4659323263886312 6.9910998712849777 37.500000000000007 30.500000000000004 26.500000000000004 7.9295840231213992 24.500000000000004 25.500000000000004 12.500000000000002 8.3584718107074547 1.0000000180025095e-35 8.4031360178810086 8.6625806092035749 8.06128801777216 29.500000000000004 1.0000000180025095e-35 0.40234289343203067 0.043954111992086688 4.4390688177658832 58.500000000000007 5.9277437422963599 4.5157882460901222
decision_type=2 2 2 2 2 2 2 2 2 2 2 2 2 2 2 2 2 2 2 2 2 2 2 2 2 2 2 2 2 2
left_child=1 7 4 -4 6 25 27 -1 9 23 11 12 15 -10 -14 -11 -13 18 21 -19 -21 -15 -20 24 26 -5 -9 28 29 -3
right_child=-2 2 3 5 -6 -7 -8 8 13 10 -12 16 14 17 -16 -17 -18 19 22 20 -22 -23 -24 -25 -26 -27 -28 -29 -30 -31
leaf_value=-0.00054938925846417981 0.030053453834085388 -0.026368686956735499 -0.03033090729263889 -0.027250622865800857 -0.045071883666895934 -0.023694553834965659 0.014882494547415224 -0.0024555063863466817 0.014882494547415224 -0.036256894492173085 0.014882494547415224 0.014882494547415224 -0.070882877587444923 -0.006382685230384798 0.011686430622412149 0.014882494547415224 -0.030712783706722892 0.014882494547415224 0.014882494547415224 -0.019409984983908977 0.008731616596707327 -0.042320669210823503 -0.006382685230384798 0.014882494547415224 0.014882494547415224 0.014882494547415224 -0.03146076939020364 0.0088023933272134321 -0.01707953543243932 0.014882494547415224
leaf_weight=338.12538526674109 3.5020498304111234 2.336523600528607 7.1400543552592799 1.5385256337713205 6.0486031155394349 2.6861566101380268 2.3701477136689837 0.6530274452163719 12.898349681063562 1.4417660144899804 0.48580117648134624 0.68064628507522762 5.3063278174868174 3.4256731367170214 0.59672068685767943 2.2069708511423869 1.2663726771427262 2.5416449411484328 3.7484193422210401 7.6368609089417978 28.261151407562693 5.923428415621629 1.7885206811226906 7.5201972925361806 4.6471931975993357 24.034072939790576 5.74386213433786 6.8884115137030895 43.490416132984933 5.5949953970489332
leaf_count=47875 350 1051 1652 1223 1580 2568 615 493 2127 275 428 125 769 831 168 289 323 407 385 1528 5279 1264 196 1524 480 3467 1886 3721 11991 2110
internal_value=-3.67468e-05 -0.000288465 -0.00607052 0.00562963 -0.0122688 0.0148825 -0.00832124 0.00108016 0.00672119 -0.00396299 -0.0257951 -0.0323678 -0.0422248 0.0116354 -0.0620524 -0.00369924 0.0139086 0.00394164 -0.00991374 0.00942255 0.00238104 -0.0276479 0.0148825 0.0107293 -0.00364754 0.0148825 -0.0197935 -0.0106042 -0.0133222 0.00688571
internal_weight=540.528 537.026 102.128 35.3988 66.7291 28.2588 60.6805 434.898 96.7729 30.5489 11.9846 11.4988 9.55179 66.224 5.90305 3.64874 1.94702 53.3257 14.886 38.4397 35.898 9.3491 5.53694 18.5643 11.0441 25.5726 6.39689 58.3103 51.4219 7.93152
internal_count=96980 96630 29978 8910 21068 7258 19488 66652 18777 6760 2377 1949 1501 12017 937 564 448 9890 2676 7214 6807 2095 581 4383 2859 4690 2379 18873 15152 3161
is_linear=0
shrinkage=0.05


Tree=237
num_leaves=31
num_cat=0
split_feature=9 5 5 12 4 14 12 5 9 9 14 14 14 1 12 5 5 12 14 14 9 5 5 5 5 9 5 1 14 5
split_gain=1.28456 2.15182 4.1574 5.08347 3.49273 3.23683 2.92718 2.72204 4.56233 3.41616 3.78917 2.5379 2.15404 2.30976 3.02491 2.28972 2.20785 1.94144 1.81909 2.32857 1.78133 4.67721 1.96867 1.81491 5.10426 4.80348 3.26433 2.99228 2.18982 2.2665
threshold=20.500000000000004 7.5589554635715812 7.4659323263886312 1.0000000180025095e-35 0.67451088962716887 18.500000000000004 8.5000000000000018 7.17165691362215 44.500000000000007 21.500000000000004 5.5000000000000009 7.5000000000000009 5.5000000000000009 0.05701985717684447 1.5000000000000002 8.875702326855011 8.563382745205649 7.5000000000000009 15.500000000000002 20.500000000000004 21.500000000000004 9.1980056239386681 8.0342993872660688 8.3584718107074547 8.4031360178810086 24.500000000000004 8.3442946791835038 0.070623396801847649 29.500000000000004 7.8140156039444237
decision_type=2 2 2 2 2 2 2 2 2 2 2 2 2 2 2 2 2 2 2 2 2 2 2 2 2 2 2 2 2 2
left_child=17 2 4 18 5 -2 7 8 9 -6 -11 -12 13 15 16 -3 -15 -1 -4 -20 21 22 -14 26 25 -25 28 -26 -22 -30
right_child=1 12 3 -5 6 -7 -8 -9 -10 10 11 -13 20 14 -16 -17 -18 -19 19 -21 23 -23 -24 24 27 -27 -28 -29 29 -31
leaf_value=0.0012019628781639953 -0.04090178256891646 -0.033384745936508677 0.10757088698499098 -0.0056531358988383702 -0.0031660719240490542 -0.0031660719240490542 0.05685214915021012 -0.0031660719240490542 -0.0031660719240490542 -0.0031660719240490542 0.074763959778950048 0.027147187225087827 -0.002930276276649952 0.016441835583330133 0.0051966685596072414 0.0051966685596072414 0.055776785450738067 -0.02672297661734226 -0.024355246963711191 0.056160290950481952 -0.0090565324842743697 -0.031486812374118177 0.055325820130931361 -0.023701828402673951 -0.021374660441734174 0.070872206612037345 -0.05691012415466995 0.0035982202278567865 0.066318386201119434 0.00019714404903248798
leaf_weight=269.42815180248999 6.4508556904754624 4.1701414803640118 1.7766287879196618 2.6255936380603089 4.1529717637863532 3.4431644840792615 2.5201527248664197 20.900718803710788 6.795333170346793 4.4638284172460763 2.5591980547353606 35.561996844183227 1.8170473896483352 9.6554601153675339 5.6942424310873312 1.5555288916734751 6.1507093364261882 5.371177300807175 0.82657427100139091 1.05710963650381 45.332626883430748 2.3359328828187245 4.6833263730908357 1.2964603188090666 13.284714161410873 3.8051167109398421 2.3304507411752402 73.847201032852922 1.0291478278734292 3.6037469472738621
leaf_count=35036 1508 154 321 498 694 1890 514 4252 3039 293 376 9392 416 281 54 65 251 1037 167 308 9275 397 1093 192 8918 1005 385 11647 762 2888
internal_value=0.0029805 0.00539838 0.0115303 0.0479322 0.00837992 -0.0183384 0.0120063 0.00975437 0.015699 0.0222443 0.0268903 0.0321732 0.00218999 0.0148837 0.0222005 -0.0118071 0.0341564 0.000561233 0.0793349 0.0246356 -0.000145273 0.0204489 0.040822 -0.00153623 0.00268256 0.0468926 -0.00888757 -0.00040864 -0.00557505 0.0240511
internal_weight=548.525 273.726 93.1341 6.28591 86.8482 9.89402 76.9542 74.434 53.5333 46.738 42.585 38.1212 180.592 27.2261 21.5004 5.72567 15.8062 274.799 3.66031 1.88368 153.366 8.83631 6.50037 144.529 92.2335 5.10158 52.296 87.1319 49.9655 4.63289
internal_count=97108 61035 23252 1294 21958 3398 18560 18046 13794 10755 10061 9768 37783 805 586 219 532 36073 796 475 36978 1906 1509 35072 21762 1197 13310 20565 12925 3650
is_linear=0
shrinkage=0.05


Tree=238
num_leaves=31
num_cat=0
split_feature=9 5 5 5 9 12 5 5 12 5 0 5 5 9 4 4 5 5 0 5 5 9 5 5 0 5 5 9 9 5
split_gain=2.00418 2.94928 2.88535 2.02338 8.10477 2.00269 2.64605 2.50457 2.50208 2.16403 3.11005 1.92824 3.79961 3.48705 2.23068 1.76754 1.7738 4.26235 2.46181 3.05895 4.41888 1.72022 1.70472 2.41356 1.46787 1.38494 3.48171 6.05461 5.81726 5.25895
threshold=16.500000000000004 5.5519419209880105 2.7377885089469012 5.7213653196100642 23.500000000000004 1.0000000180025095e-35 4.6501859588895087 5.1430373795373736 5.5000000000000009 4.8727598972618367 0.62025204502751063 9.1980056239386681 9.1094630449962306 6.5000000000000009 0.72554997608799632 0.97234964322120299 8.4031360178810086 9.1868023592010832 2.4199667199604065 8.9089007820488906 8.5883147797559811 29.500000000000004 8.3584718107074547 8.3442946791835038 1.7267104541893661 8.3287557939817756 8.3514090506481669 11.500000000000002 11.500000000000002 8.9993076393844991
decision_type=2 2 2 2 2 2 2 2 2 2 2 2 2 2 2 2 2 2 2 2 2 2 2 2 2 2 2 2 2 2
left_child=11 2 21 4 -3 6 -4 9 -7 -8 -11 12 25 -14 -15 16 22 18 19 20 -18 -2 23 -5 -17 -1 28 29 -27 -28
right_child=1 3 5 15 -6 8 7 -9 -10 10 -12 -13 13 14 -16 24 17 -19 -20 -21 -22 -23 -24 -25 -26 26 27 -29 -30 -31
leaf_value=0.0020839789193428187 0.056080648470736773 0.088475646988945333 -0.037470941770867752 0.0010805600808435423 -0.032068072573978916 -0.052920808102147436 -0.0073504901459880215 -0.020934307181977356 0.014426490200463224 -0.0071871318330704939 0.080943014894673967 -0.0071316262616934398 -0.027896234482594401 -0.014540351170998967 0.085330712918982851 0.010823581401667727 -0.030702120694158452 0.0047354499400648177 0.0098519573017038387 -0.033421311606485059 -0.0033317550524074864 -0.018287461640722057 0.010823581401667727 -0.038323265835525172 0.055321644205590693 -0.024491338611107551 0.037095217810132697 -0.0064967054807643981 0.11260684598786273 -0.03537423364928681
leaf_weight=106.50273894840774 1.1087025349111197 1.8088366156509885 5.0674389823802839 169.59254827983091 2.0033263046564116 6.6978768144311394 2.7677681392372033 4.7109539890982433 1.2302874336064631 1.3969626106114676 1.5606087741061854 29.183994905541795 0.55080003019247614 0.3555612623799792 2.4248738987791967 4.8454327562842527 16.714416471876461 54.844487562706036 9.447641449024557 18.59497769023767 34.426687405747657 0.6222075501434573 7.5687868932250231 2.9767857900311574 1.4834905351253835 0.7662869297605529 18.65526469145107 27.72008635613463 1.0422779268380962 2.0656630413745907
leaf_count=13452 268 211 2362 35188 559 2380 677 1142 185 705 258 3588 26 73 314 960 3687 9838 303 4854 7914 220 1490 505 177 90 1889 3313 151 343
internal_value=0.000383233 -0.00186037 -0.0180094 -0.000555859 0.0316288 -0.0229114 -0.0111833 0.00374127 -0.0420246 0.0241387 0.0480184 0.0045139 0.00666803 0.0529353 0.0720913 -0.00103587 -0.0015972 -0.00593106 -0.0132859 -0.0165155 -0.00984539 0.0324402 0.00164227 0.000183973 0.0232444 0.00535545 0.0121133 0.00877985 0.0664808 0.0285748
internal_weight=538.738 349.47 25.1628 324.307 3.81216 23.4319 15.5037 10.4363 7.92816 5.72534 2.95757 189.268 160.084 3.33124 2.78044 320.495 314.166 134.028 79.1837 69.7361 51.1411 1.73091 180.138 172.569 6.32892 156.752 50.2496 48.441 1.80856 20.7209
internal_count=97122 73883 8197 65686 770 7709 5144 2782 2565 1640 963 23239 19651 413 387 64916 63779 26596 16758 16455 11601 488 37183 35693 1137 19238 5786 5545 241 2232
is_linear=0
shrinkage=0.05


Tree=239
num_leaves=31
num_cat=0
split_feature=14 0 14 11 12 14 0 1 11 14 0 14 21 17 14 12 14 3 14 0 11 14 14 14 15 1 0 16 14 14
split_gain=1.44242 2.994 2.6777 1.87089 1.83262 2.94327 2.25084 1.40345 1.39587 1.52721 1.52524 1.2892 1.01112 1.27443 0.97536 0.873803 2.02666 1.33383 1.61209 1.12228 0.973168 3.05551 2.20516 1.58942 2.18932 1.36594 1.29315 0.835803 0.731306 2.25496
threshold=7.5000000000000009 2.0434292262987106 8.5000000000000018 1.0000000180025095e-35 2.5000000000000004 4.5000000000000009 0.009723355574636881 0.017320137117767153 1.0000000180025095e-35 1.5000000000000002 1.1903766698665825 2.5000000000000004 1.0000000180025095e-35 1.0000000180025095e-35 6.5000000000000009 1.0000000180025095e-35 32.500000000000007 1.0000000180025095e-35 9.5000000000000018 2.1678748592597095 2.5000000000000004 15.500000000000002 11.500000000000002 9.5000000000000018 1.0000000180025095e-35 0.059516892878573299 -0.039054492598341796 0.090097402597402607 26.500000000000004 22.500000000000004
decision_type=2 2 2 2 2 2 2 2 2 2 2 2 2 2 2 2 2 2 2 2 2 2 2 2 2 2 2 2 2 2
left_child=1 4 3 -2 7 -6 -7 -1 9 -9 14 -10 13 15 -11 16 17 28 -19 -20 22 -22 23 -17 -25 26 27 -24 29 -4
right_child=2 -3 12 -5 5 6 -8 8 11 10 -12 -13 -14 -15 -16 20 -18 18 19 -21 21 -23 25 24 -26 -27 -28 -29 -30 -31
leaf_value=-0.030986385440766418 -0.030770103766058179 0.026217770915140288 0.00044424339287649792 0.0033081576702411603 -0.03841674839389278 -0.024019977907950005 0.014454812101106433 0.0080446547847363714 0.0080446547847363714 -0.012406946975648345 0.0080446547847363714 0.014454812101106433 0.038167691280525773 -0.03290094087957935 -0.00062513687092088867 -6.0940144438889278e-05 0.019186444140516241 0.019186444140516241 0.0046018553232962528 0.019186444140516241 0.019186444140516241 -6.0940144438889278e-05 -0.04285013045285458 -0.039184512232101669 -6.0940144438889278e-05 -6.0940144438889278e-05 -0.0074864989083269278 -0.019409626872981291 0.0046018553232962528 -0.017592692288145469
leaf_weight=1.6331475267117515 10.967297446879231 14.542766457583637 162.27961354959234 5.8000815478371797 5.6547932437988475 3.3305732756498401 4.3548575656604953 17.284216906038637 16.429062631438686 25.25339814563722 9.7326344031835088 15.077877278997219 0.76169049785312282 1.886559865409082 7.9210240013487683 5.7509060867782891 8.2605055750050251 3.3936349115156181 32.423091108720655 4.3873338161465645 15.354611005095647 22.038278613274542 5.3991026271372684 10.285847799980273 3.8312031111563547 85.23451790781121 9.1235449030818891 0.98542556810571102 17.586354629818061 18.393835338889403
leaf_count=617 2681 590 29642 330 67 53 68 179 121 3175 1069 540 189 5781 1537 613 5773 376 4317 675 298 3702 10783 1490 68 13341 1432 19 3409 4258
internal_value=0.00091968 0.00570582 -0.000458336 -0.0194592 0.00269185 -0.0139992 0.00632144 0.00520068 0.00617249 0.0016345 -0.00402582 0.0144548 0.000369466 0.000205197 -0.00929493 0.000440226 0.00229593 0.00135876 0.00954445 0.00460186 -0.0024537 0.00451016 -0.00463204 -0.0194288 -0.0280014 -0.00155162 -0.0149121 -0.0313328 -0.000340737 -0.00147877
internal_weight=545.358 121.214 424.143 16.7674 106.672 13.3402 7.68543 93.3314 91.6982 60.1913 42.9071 31.5069 407.376 406.614 33.1744 404.728 246.724 238.464 40.2041 36.8104 158.003 37.3929 120.611 19.868 14.1171 100.743 15.5081 6.38453 198.26 180.673
internal_count=97193 8016 89177 3011 7426 188 121 7238 6621 5960 5781 661 86166 85977 4712 80196 48450 42677 5368 4992 31746 4000 27746 2171 1558 25575 12234 10802 37309 33900
is_linear=0
shrinkage=0.05


Tree=240
num_leaves=31
num_cat=0
split_feature=14 15 5 0 5 9 5 9 9 14 5 11 4 5 1 9 9 14 14 1 13 14 11 9 14 9 9 0 7 7
split_gain=1.25776 1.361 1.17192 3.98106 2.34958 1.46763 1.35913 4.20863 1.1274 2.03875 1.81912 2.21743 2.03859 1.44996 1.65716 1.28601 1.09265 0.850517 0.788696 2.077 1.97805 3.0634 2.3563 1.44022 1.77449 3.07733 3.03941 4.57037 2.33588 1.92778
threshold=51.500000000000007 3.5000000000000004 5.1826093221586591 -0.14420201709804312 3.5218722167826155 21.500000000000004 5.4348382462762013 16.500000000000004 7.5000000000000009 19.500000000000004 9.1707417265189139 1.5000000000000002 0.79935064935064948 8.3584718107074547 0.58082253941258999 8.5000000000000018 42.500000000000007 13.500000000000002 29.500000000000004 0.052972495596330119 0.83498308840681135 14.500000000000002 1.0000000180025095e-35 38.500000000000007 10.500000000000002 14.500000000000002 23.500000000000004 -0.42975748482698484 1.5000000000000002 1.0000000180025095e-35
decision_type=2 2 2 2 2 2 2 2 2 2 2 2 2 2 2 2 2 2 2 2 2 2 2 2 2 2 2 2 2 2
left_child=1 2 3 5 -5 -1 7 17 9 10 12 -12 -8 14 -14 -10 -6 -4 20 -20 23 22 -22 24 25 29 27 -27 -28 -17
right_child=-2 -3 6 4 16 -7 8 -9 15 -11 11 -13 13 -15 -16 18 -18 -19 19 -21 21 -23 -24 -25 -26 26 28 -29 -30 -31
leaf_value=-0.053301926457445505 -0.026015551064430549 0.035318242675037699 0.018964467860097419 -0.0066537323160739716 0.018964467860097419 -0.0066537323160739716 -0.023595420088934168 -0.046043680373213609 0.018964467860097419 -0.042093636405982959 -0.049113846223065347 0.018964467860097419 -0.0047989336668482763 0.018964467860097419 0.018964467860097419 -0.026385328181094254 -0.0066537323160739716 -0.018692935470696597 -0.019876063073876762 0.016864981848661195 0.0052826942121033046 0.0052826942121033046 0.018964467860097419 0.0052826942121033046 0.00190028634424923 -0.052384613794617778 -0.017296279993399971 0.0052826942121033046 0.0052826942121033046 -0.0011863144580106016
leaf_weight=2.0408874927361498 2.8193765879659614 2.2069084850118079 1.4251779295536828 4.885305972819654 18.783067750104696 1.3836375670516643 3.8240921487458861 4.148144000454522 10.136353304056682 2.7506524501986851 2.5516454326634626 0.47554080744157534 5.7365573410934285 5.5018593939003031 2.3010826638346771 22.420556799929955 1.3635740504491867 0.9399052659633752 3.7571338466548267 21.638931700313606 3.1024196292014485 25.868304574801186 35.72907112984285 47.223905421416021 218.76641935574764 2.5455903984770876 30.440540778257969 44.206522544089239 2.0139429739410835 11.372938250168771
leaf_count=1788 12153 292 145 840 3243 2044 412 913 993 372 323 4 452 352 104 3011 489 135 4010 5160 240 1169 528 12338 35769 1438 3890 3960 69 623
internal_value=0.00261212 0.00280957 0.00261069 0.012314 0.0189645 -0.0322719 0.002045 -0.0190811 0.00235626 -0.00820209 -0.00187612 -0.0322365 0.00488417 0.0139976 -0.0029575 0.00288214 0.0189645 0.0189645 0.00247742 0.0108824 0.00197295 0.00998247 0.0189645 0.000582922 -0.000727822 -0.00578784 -0.000338832 0.00528269 -0.0121451 -0.0181826
internal_weight=542.36 539.541 537.334 28.4565 25.0319 3.42453 508.877 6.51323 502.364 23.1414 20.3908 3.02719 17.3636 13.5395 8.03764 479.223 20.1466 2.36508 469.086 25.3961 443.69 64.6998 38.8315 378.99 331.767 113 79.2066 46.7521 32.4545 33.7935
internal_count=97259 85106 84814 8404 4572 3832 76410 1193 75217 2019 1647 327 1320 908 556 73198 3732 280 72205 9170 63035 1937 768 61098 48760 12991 9357 5398 3959 3634
is_linear=0
shrinkage=0.05


Tree=241
num_leaves=31
num_cat=0
split_feature=12 14 5 5 12 1 9 9 9 16 14 16 5 14 12 16 5 5 5 5 9 9 9 9 9 9 9 9 9 9
split_gain=1.66742 1.7985 1.76957 2.67214 3.57654 3.24492 2.69247 4.36039 2.53679 1.99852 1.44581 2.50695 2.36871 1.57468 1.3519 2.70332 1.2744 2.78295 1.245 2.01132 1.81702 1.98139 2.20148 1.19395 1.26373 1.16101 1.1101 1.10857 1.08313 0.988599
threshold=15.500000000000002 24.500000000000004 6.2703899791575219 7.8960311482039094 1.0000000180025095e-35 0.030252151691210188 25.500000000000004 36.500000000000007 11.500000000000002 0.072299651567944254 34.500000000000007 0.026266508969051847 8.9580409558929279 36.500000000000007 11.500000000000002 0.041600106496272639 2.7377885089469012 3.3158223222275827 8.8831533859247589 8.6849771413309238 19.500000000000004 26.500000000000004 39.500000000000007 29.500000000000004 21.500000000000004 33.500000000000007 8.5000000000000018 7.5000000000000009 52.500000000000007 30.500000000000004
decision_type=2 2 2 2 2 2 2 2 2 2 2 2 2 2 2 2 2 2 2 2 2 2 2 2 2 2 2 2 2 2
left_child=1 14 -3 5 10 -4 8 -8 27 26 11 18 -12 -14 16 -16 23 -18 19 20 -5 -22 -23 24 -1 -13 -6 -7 -9 -20
right_child=-2 2 3 4 9 6 7 28 -10 -11 12 25 13 -15 15 -17 17 -19 29 -21 21 22 -24 -25 -26 -27 -28 -29 -30 -31
leaf_value=0.0018187348179878342 -0.036366994321004466 -0.012721888983283351 -0.031223562623357459 -0.027007659356240984 0.0062336416927002971 0.00039145186989933135 0.077617309807052295 0.00039145186989933135 0.00039145186989933135 0.030663123072666443 -0.041013908626160729 0.028434436118986495 -0.020559688038909316 0.050482393497802994 -0.023212553494532544 0.059940198635211252 -0.051710337732738934 0.000818557783855776 0.0058591094101413449 0.028434436118986495 0.028434436118986495 -0.035917623075588982 0.027549306681627653 -0.016169959821958218 0.072044747819951654 0.071378381960950144 -0.022157433867618509 0.06995909088975745 0.03465222083312873 -0.032616255597889915
leaf_weight=1.095774256179481 1.8336435250294005 7.1590031702093588 1.4588536581957239 2.6472769134125027 0.80583684497742325 0.27749839373791729 5.0561292406728153 2.562669298579749 8.7687142396740665 1.4774106321019633 1.8149730657006551 3.3686175787397579 0.58509743300680817 0.96292124596197937 0.88908816713956129 1.5921145188622174 1.5352543062558641 465.46945462402448 4.0709024725820191 1.7403317161924858 1.7363183535233018 2.1050719043153099 1.4967353976271622 0.5010546132998569 0.74668508432614533 2.2912429764601256 14.746546834900412 1.2229938329085142 1.6225374318455577 1.5772443595853927
leaf_count=263 2046 4075 2991 312 249 63 1412 1127 1845 219 1875 136 125 912 111 11 475 65630 734 355 348 545 583 137 119 71 8696 187 864 753
internal_value=0.00190816 0.00210461 0.00955104 0.0122669 0.00466631 0.0263865 0.0320065 0.0503755 0.0124727 -0.0124915 0.0166634 0.0214282 -0.0112192 0.0261002 0.000989012 0.0320353 0.000757125 0.00053575 0.0096155 0.0197462 0.00123708 0.0172954 -0.00928841 0.0315175 0.0456123 0.0472534 -0.0181958 0.0569083 0.00884276 -0.00817507
internal_weight=543.218 541.384 69.5549 62.3959 41.4265 20.9694 19.5105 9.24134 10.2692 17.0298 24.3967 21.0337 3.36299 1.54802 471.829 2.4812 469.348 467.005 15.3739 9.72573 7.9854 5.33813 3.60181 2.34351 1.84246 5.65986 15.5524 1.50049 4.18521 5.64815
internal_count=97269 95223 28477 24402 15913 8489 5498 3403 2095 9164 6749 3837 2912 1037 66746 122 66624 66105 3630 2143 1788 1476 1128 519 382 207 8945 250 1991 1487
is_linear=0
shrinkage=0.05


Tree=242
num_leaves=31
num_cat=0
split_feature=9 14 9 0 5 14 14 4 14 5 5 5 5 5 0 5 14 5 14 14 14 0 9 9 5 9 9 5 5 0
split_gain=1.73465 3.4945 4.12229 2.62499 2.25048 2.99238 7.23572 8.34927 3.45189 2.00294 2.63093 3.93707 3.26499 4.09672 4.61941 3.1574 4.02931 2.41526 3.77035 3.38994 3.19359 2.13733 1.96609 1.52121 1.58085 1.51379 2.30729 1.47797 2.2752 1.45843
threshold=38.500000000000007 33.500000000000007 42.500000000000007 -0.4494327510946079 9.2183881920843636 22.500000000000004 20.500000000000004 0.79935064935064948 10.500000000000002 5.8776694374807281 7.3319954157571532 7.9295840231213992 8.4182550812564507 8.3584718107074547 0.098615947036778021 8.6165232314057274 11.500000000000002 8.0085094942477912 17.500000000000004 23.500000000000004 4.5000000000000009 -0.067800700093452335 41.500000000000007 51.500000000000007 8.875702326855011 44.500000000000007 51.500000000000007 2.7377885089469012 3.3158223222275827 0.31640577806315701
decision_type=2 2 2 2 2 2 2 2 2 2 2 2 2 2 2 2 2 2 2 2 2 2 2 2 2 2 2 2 2 2
left_child=27 2 3 -2 5 6 8 -8 -5 -4 21 -12 13 17 -15 -14 23 18 20 -19 -13 -11 -10 -17 -25 -18 -27 -1 -29 -21
right_child=1 -3 9 4 -6 -7 7 -9 22 10 11 12 15 14 -16 16 25 19 -20 29 -22 -23 -24 24 -26 26 -28 28 -30 -31
leaf_value=0.03341375112737676 -0.032800014184747879 -0.040660249758893596 -0.027114777663511586 0.064212519408441443 0.00087383902446921404 0.00087383902446921404 0.00087383902446921404 0.19614910419919238 0.00087383902446921404 -0.023159269642920716 -0.032976432361963369 -0.017833675028491366 -0.045887271042018597 -0.020352409047250171 0.12685033874727977 0.056326589307460477 -0.048648552938117193 -0.024134016702347244 -0.028048462499158572 -0.011228280542466619 0.10556686956007062 0.040463977778148412 0.047477681958815354 0.041974846561046178 -0.021538368156874255 0.020286666906556727 -0.027439185795926455 -0.049065834590171928 -0.00014021096445402775 0.069282982308915261
leaf_weight=2.2563790766708953 0.79390793564448614 2.4814391935007043 4.0961511306462617 4.0538196728139173 2.6356469252787056 2.9426988343248004 0.46634431487291184 0.60542146666739427 5.5696185946458172 0.91718649439007993 6.282019386335377 0.36178672878304707 2.7265313889356575 0.40944605215872687 0.83104837189421232 2.8903190478831666 1.3935701170385062 4.9138725858292673 0.60391002894721157 0.46333929647471428 1.0649817091461953 6.6018990944953648 1.4843522863620817 0.56627152509781842 1.6272660542936135 4.2644967837934455 3.8930046742341347 1.388263234140594 472.5674803536707 0.80309591483501208
leaf_count=558 924 5073 1541 340 346 631 126 88 914 1026 1779 5 628 148 159 214 361 925 254 256 180 1301 284 56 118 1005 1554 563 75729 140
internal_value=0.000901014 0.00845003 0.0109791 0.0301354 0.0345477 0.0417189 0.0519473 0.140422 0.032518 0.00254513 0.00611619 -0.000254666 0.00832174 0.0304332 0.0908654 -0.00471747 0.00539694 0.0124295 0.0490718 -0.00476754 0.0798214 0.0308956 0.00859238 0.0375231 0.00286735 -0.0136389 -0.00299874 -0.000156688 -0.000386523 0.0478695
internal_weight=541.956 65.7434 63.262 18.5518 17.7579 15.1223 12.1796 1.07177 11.1078 44.7102 40.614 33.095 26.8129 9.45148 1.24049 17.3615 14.6349 8.21099 2.03068 6.18031 1.42677 7.51909 7.05397 5.08386 2.19354 9.55107 8.1575 476.212 473.956 1.26644
internal_count=97226 20376 15303 3653 2729 2383 1752 214 1538 11650 10109 7782 6003 2067 307 3936 3308 1760 439 1321 185 2327 1198 388 174 2920 2559 76850 76292 396
is_linear=0
shrinkage=0.05


Tree=243
num_leaves=31
num_cat=0
split_feature=16 5 5 5 5 12 8 4 3 4 12 12 4 11 5 12 5 12 13 5 1 5 5 4 4 4 5 5 5 5
split_gain=1.42827 1.26619 2.8453 1.64696 1.58499 5.01732 3.2183 1.78778 1.45618 1.4199 1.40067 4.68095 1.61074 1.29953 1.24416 1.19858 3.75281 1.14114 1.03946 1.76339 1.84775 1.43288 3.88911 1.75023 1.70268 1.2668 1.1124 1.01392 0.962701 0.724565
threshold=0.15430402930402934 8.9420060446884797 9.1094630449962306 8.8393799507236199 9.1980056239386681 1.0000000180025095e-35 1.0000000180025095e-35 0.9678709677419356 1.0000000180025095e-35 0.7632583366813982 1.5000000000000002 2.5000000000000004 0.90331744868035202 1.5000000000000002 8.8991585297090143 7.5000000000000009 7.3770169429876455 1.0000000180025095e-35 0.17921101923340493 5.9773868259792655 0.45480861531338962 8.4355663050602896 8.5148622581873923 0.91445993031358896 0.74891304347826104 0.60081300813008143 6.6592365889323561 8.6849771413309238 8.6245654929586504 6.6592365889323561
decision_type=2 2 2 2 2 2 2 2 2 2 2 2 2 2 2 2 2 2 2 2 2 2 2 2 2 2 2 2 2 2
left_child=1 3 10 15 5 -4 -7 8 13 14 12 -12 -3 -6 17 18 29 -5 21 -20 26 25 23 -23 27 -1 -21 28 -24 -17
right_child=-2 2 4 9 7 6 -8 -9 -10 -11 11 -13 -14 -15 -16 16 -18 -19 19 20 -22 22 24 -25 -26 -27 -28 -29 -30 -31
leaf_value=-0.026911236708090442 0.029160033830248296 -0.031706345741347154 0.014853435311398811 0.0043336172078114457 -0.010984334637209863 -0.060284739272733014 0.014853435311398811 0.014853435311398811 0.00521372569318333 0.014853435311398811 0.014853435311398811 -0.04822473344416936 0.0082398996842112434 -0.0010657204259079747 -0.029641863272234965 -0.012524186811254398 -0.041286260111188494 -0.029355761458870019 0.0026841587519904498 0.0097087855553096344 0.014853435311398811 -0.046566940467285219 -0.036632609562091557 0.0026841587519904498 0.0026841587519904498 0.001957232311729461 0.0026841587519904498 -0.035951060509072326 -0.0079125665317302581 0.014853435311398811
leaf_weight=2.8659363268761799 3.3972855342035464 15.007287757474165 6.4835590958768972 3.4120139955068707 61.092101575333913 2.7336506407399384 1.7045468861572315 2.0263539764709995 11.086416729056053 11.228366140120214 1.4118218757273546 2.0639413019746371 2.5678679413588261 10.403153599695768 2.5323854288000121 1.7840246247196758 5.0702739157088672 1.6252539027731243 12.391767535987126 4.1412388251522989 34.562494149329723 6.8699641756293186 2.1661286433941296 1.7464910735584451 28.499846253429951 231.87900680869723 66.392255517362969 3.8116698729160134 3.5780538728965894 2.1939006823740783
leaf_count=1300 364 3125 1036 683 10729 519 103 222 1560 2027 280 290 603 868 544 444 1331 420 2579 855 1602 1251 697 233 4672 46053 10665 1016 801 411
internal_value=0.000777548 0.000546837 -0.00404971 0.00180906 -0.000309562 0.0148534 -0.0336861 -0.0026997 -0.00442598 0.0148534 -0.0202389 0.00711559 -0.0257405 -0.00734517 -0.0061862 0.00112082 -0.0159412 0.00433362 0.00154673 0.00547529 0.00977783 -0.000106977 -0.0080125 -0.0364231 -0.000811978 0.00149213 0.00456414 -0.0185093 -0.00791257 0.0148534
internal_weight=546.729 543.332 116.581 426.751 95.5298 10.9218 4.4382 84.608 82.5817 18.798 21.0509 3.47576 17.5752 71.4953 7.56965 407.953 9.0482 5.03727 398.905 117.488 105.096 281.417 46.6722 8.61646 38.0557 234.745 70.5335 9.55585 5.74418 3.97793
internal_count=97283 96919 19335 77584 15037 1658 622 13379 13157 3674 4298 570 3728 11597 1647 73910 2186 1103 71724 15701 13122 56023 8670 1484 7186 47353 11520 2514 1498 855
is_linear=0
shrinkage=0.05


Tree=244
num_leaves=31
num_cat=0
split_feature=12 16 16 4 11 14 10 14 14 14 10 14 7 0 10 14 14 9 9 9 9 9 9 9 14 0 14 7 9 9
split_gain=1.5571 3.85163 2.28139 2.00584 1.74489 3.76753 7.43634 3.26683 1.55531 1.18695 2.29738 1.55909 2.1802 1.26351 1.03642 1.03384 1.28457 2.5279 1.90928 2.355 1.90399 1.56016 1.06369 0.990022 1.97988 2.24376 1.45218 1.00277 1.31405 0.968515
threshold=4.5000000000000009 0.091750841750841763 0.036710205774114969 0.713809523809524 1.5000000000000002 4.5000000000000009 353.65536088579472 10.500000000000002 23.500000000000004 4.5000000000000009 397.92131650723792 6.5000000000000009 1.0000000180025095e-35 0.13867108535254161 1.8727889504366029 7.5000000000000009 12.500000000000002 41.500000000000007 24.500000000000004 17.500000000000004 5.5000000000000009 88.500000000000014 12.500000000000002 11.500000000000002 26.500000000000004 2.8253796890422285 18.500000000000004 1.5000000000000002 13.500000000000002 74.500000000000014
decision_type=2 2 2 2 2 2 2 2 2 2 2 2 2 2 2 2 2 2 2 2 2 2 2 2 2 2 2 2 2 2
left_child=4 2 14 -4 9 -6 7 -7 -5 10 -1 12 -11 -12 -2 22 17 -17 19 20 -18 -19 -13 -22 26 -26 27 28 -25 -20
right_child=1 -3 3 8 5 6 -8 -9 -10 11 13 15 -14 -15 -16 16 18 21 29 -21 23 -23 -24 24 25 -27 -28 -29 -30 -31
leaf_value=0.0053346928767813257 -0.018946733557498863 0.039954284713776954 -0.018946733557498863 0.011986777646130632 0.0053346928767813257 0.061671235038033317 0.0053346928767813257 0.023027067069979021 -0.0059715162145792021 -0.02275238659183379 -0.039548362974493476 -0.023496032162030014 0.0053346928767813257 -0.005777180478887145 -0.043318446945130318 -0.0032257080870606784 -0.029879201708840217 -0.041635164126218524 0.0053346928767813257 -0.0093719696888696809 0.0053346928767813257 0.0053346928767813257 0.0053346928767813257 -0.026907852659274506 -0.036294784457980588 0.0053346928767813257 0.0053346928767813257 0.0053346928767813257 -0.0030552844956361238 -0.023289109274880634
leaf_weight=40.107293471148296 2.2516218634905334 2.4890150186292876 4.578119572041035 10.219351582458328 14.703959926284368 9.0541301907596807 6.9205720401239423 16.758591474287869 2.5740547712885009 16.101212764929873 3.1334533154358715 4.5124980386351607 6.4944374390743169 8.1932837267522682 8.0054919289973423 93.380843417885899 3.2329563385067095 5.7865873426371754 107.34753070966462 67.150158640679479 26.877302684432948 0.14313696554927435 12.229982213247125 7.0993001185488565 6.3320165977020215 0.83639951911754895 20.248438682418509 3.9018373358012459 21.218471566587141 2.1167293054461416
leaf_count=983 182 289 114 97 144 139 2330 615 297 2660 569 564 593 462 2652 16459 338 1611 34935 13786 3984 46 1856 1163 2782 8 2562 95 2977 1828
internal_value=0.000634254 -0.0102227 -0.0159807 -0.00434828 0.00130215 0.0103255 0.0231061 0.0383765 0.0070037 0.000343844 0.00533469 -0.000618691 -0.0130922 -0.0168891 -0.0335452 0.000150554 -0.000600696 -0.0054243 0.00121131 -0.00235943 0.00293294 -0.0345857 0.00533469 0.00448651 -0.00117112 -0.0240823 0.00235097 -0.00582201 -0.00974899 0.00533469
internal_weight=533.999 30.1177 27.6286 17.3715 503.881 47.4373 32.7333 25.8127 12.7934 456.444 51.434 405.01 22.5957 11.3267 10.2571 382.414 365.672 99.3106 266.361 156.897 89.7467 5.92972 16.7425 86.5138 59.6365 7.16842 52.468 32.2196 28.3178 109.464
internal_count=97120 3631 3342 508 93489 3228 3084 754 394 90261 2014 88247 3253 1031 2834 84994 82574 18116 64458 27695 13909 1657 2420 13571 9587 2790 6797 4235 4140 36763
is_linear=0
shrinkage=0.05


Tree=245
num_leaves=31
num_cat=0
split_feature=21 17 9 12 14 12 9 0 11 14 14 14 9 9 12 9 9 9 9 12 13 9 14 14 14 14 14 9 9 14
split_gain=1.00528 1.81826 0.929865 2.01196 1.55892 3.50795 3.53076 1.64937 1.5845 1.5525 1.46639 2.47897 2.70278 2.71699 1.98521 1.62024 2.08616 1.6055 2.35739 2.2261 1.97313 1.57912 1.4526 1.38979 1.75782 1.34956 2.41374 1.56753 2.02384 1.76197
threshold=1.0000000180025095e-35 1.0000000180025095e-35 21.500000000000004 7.5000000000000009 27.500000000000004 1.0000000180025095e-35 16.500000000000004 2.8253796890422285 1.5000000000000002 4.5000000000000009 20.500000000000004 14.500000000000002 23.500000000000004 30.500000000000004 4.5000000000000009 42.500000000000007 23.500000000000004 33.500000000000007 35.500000000000007 5.5000000000000009 0.31041458150098172 71.500000000000014 2.5000000000000004 12.500000000000002 2.5000000000000004 10.500000000000002 4.5000000000000009 12.500000000000002 18.500000000000004 6.5000000000000009
decision_type=2 2 2 2 2 2 2 2 2 2 2 2 2 2 2 2 2 2 2 2 2 2 2 2 2 2 2 2 2 2
left_child=1 2 3 4 8 6 -6 -7 25 -10 11 12 -4 14 22 16 -12 -15 23 20 -20 -17 -14 24 -19 26 -1 -28 -29 -30
right_child=-2 -3 10 -5 5 7 -8 -9 9 -11 15 -13 13 17 -16 21 -18 18 19 -21 -22 -23 -24 -25 -26 -27 27 28 29 -31
leaf_value=0.0067136490155874405 0.038621253562002161 -0.034998848226952532 0.020427157424680355 -0.027881062068608201 0.020427157424680355 -0.042794486783685165 -0.029734250908059163 0.01885687269451769 0.0067136490155874405 0.020427157424680355 -0.0085361008800284577 -0.0055777093977003242 -0.020296316349196829 0.020427157424680355 -0.042258818763971445 -0.012698092166425238 0.018092490309082779 0.020020087892021584 0.0036692855273409764 -0.03032157647688313 0.020427157424680355 0.020427157424680355 0.0019358511757459427 0.013185168189242195 -0.051109082058448642 0.0036125448593198489 -0.019734742884135622 0.003057654809503743 0.0067136490155874405 -0.035898571755718388
leaf_weight=28.810216938758458 0.90900045994567236 2.2636743869165903 16.625847923541187 5.1178909543896216 4.3725667450100882 6.976609313578706 3.0342248107949672 0.6786736134381498 6.9297470014134914 22.26921113399203 8.0044480289509448 64.313971433824236 8.3195295873820196 12.926607904481896 2.4644225926022036 11.126946034628416 49.349837965397342 0.53169041199725997 25.781398788861225 2.3030304058484026 10.854932534935413 1.6850632233835074 34.064000760571844 1.2680771943691977 2.9726179164756559 144.34392072548417 23.108768611774849 29.419536324450291 2.2730846711592658 6.1915995570734594
leaf_count=1211 268 6643 2127 1082 1229 4352 1127 12 60 458 2130 13031 87 1595 53 7115 15579 8 4258 69 466 1655 5469 276 599 17855 3043 3719 333 1258
internal_value=0.00236576 0.00223306 0.00245513 0.000485813 0.00110519 -0.0140253 0.0100425 -0.0357817 0.00202036 0.0127999 0.004655 0.00226614 0.00654821 0.00328436 -0.00583834 0.0107467 0.0142936 0.0104839 0.00537549 0.0095849 0.0128325 -0.00501648 -0.00279538 -0.0246808 -0.0382683 0.000627401 -0.00415767 -0.0097538 -0.00331463 -0.023445
internal_weight=539.291 538.382 536.118 283.526 278.408 15.0621 7.40679 7.65528 263.346 29.199 252.592 182.426 118.112 101.486 44.848 70.1663 57.3543 56.6384 43.7117 38.9394 36.6363 12.812 42.3835 4.77239 3.50431 234.147 89.8032 60.993 37.8842 8.46468
internal_count=97167 96899 90256 35739 34657 6720 2356 4364 27937 518 54517 28038 15007 12880 5609 26479 17709 7271 5676 4793 4724 8770 5556 883 607 27419 9564 8353 5310 1591
is_linear=0
shrinkage=0.05


Tree=246
num_leaves=31
num_cat=0
split_feature=5 5 5 14 14 14 0 14 2 7 5 5 12 12 14 0 12 5 5 14 5 14 14 14 7 5 14 14 0 5
split_gain=1.5279 2.82425 4.26862 3.14947 5.08695 4.97363 3.04303 2.59823 2.49374 2.13141 1.95967 1.93561 5.11982 1.82619 1.76803 1.7007 1.69296 1.35181 2.44248 1.33341 1.26251 1.66185 1.2586 1.09682 1.03297 1.18391 1.00955 0.979966 0.901923 0.876624
threshold=7.3200360497405788 7.4022358208472392 7.4659323263886312 9.5000000000000018 3.5000000000000004 10.500000000000002 2.4199667199604065 23.500000000000004 1.0000000180025095e-35 2.5000000000000004 7.5589554635715812 7.2194222969600093 1.5000000000000002 3.5000000000000004 30.500000000000004 -0.71550227415766998 1.5000000000000002 7.6967955035914128 7.7173127874535714 24.500000000000004 7.3544086179388115 17.500000000000004 30.500000000000004 27.500000000000004 1.5000000000000002 6.883168664080153 4.5000000000000009 6.5000000000000009 0.24231270689837867 7.7534739351795627
decision_type=2 2 2 2 2 2 2 2 2 2 2 2 2 2 2 2 2 2 2 2 2 2 2 2 2 2 2 2 2 2
left_child=9 3 -3 4 -2 16 7 13 -4 11 23 24 22 20 -9 -12 -5 19 -19 -17 21 28 -13 26 -1 -26 -10 -14 -7 -20
right_child=1 2 8 5 -6 6 -8 14 10 -11 15 12 27 -15 -16 17 -18 18 29 -21 -22 -23 -24 -25 25 -27 -28 -29 -30 -31
leaf_value=-0.0015488871323200907 0.042880807184569249 -0.029638986187517022 -0.036517479883329998 0.13604785403937933 -0.046087634073085533 -0.01379994441384607 0.072577648640608589 0.039091738180181322 -0.010033999339403131 0.048088405637930647 -0.015863807555773796 -0.037928119460016847 -0.018972825727048073 0.039091738180181322 -0.022080447549105715 -0.0056872286356306895 0.0053619867717942075 0.047372776334488415 -0.0056872286356306895 0.029312085775589615 -0.038015216745362644 -0.029549686539815691 0.019905460111064917 -0.015863807555773796 0.0068450083516186479 0.022918891791170591 0.032449293966762875 0.022918891791170591 0.039091738180181322 0.005112786023073787
leaf_weight=123.49645504789345 1.8898245092568675 8.4640808723952414 2.7020329813811363 0.59777294264404091 2.6535229703835057 0.37179636152131779 1.2525122453516813 1.4725872494409489 1.1323886097525218 1.134179999092338 3.5603614813494451 10.817745573456701 0.96277222223579828 0.21779605909250666 0.60357023496419504 13.069204789906506 0.39416153191996273 2.4099697223646208 3.1381844367497242 2.0468993158465301 3.2350539471181037 0.90722505001713205 0.41835276526330822 0.75244767771619159 6.4193209241818732 2.4721303460341915 10.30597836968809 1.868822899666952 0.87440912592410314 328.88272939750277
leaf_count=27263 28 1657 37654 98 326 160 31 250 23 32 6635 2138 14 9 525 487 6 106 193 159 591 184 441 257 310 123 488 406 115 16265
internal_value=0.00278417 0.00441748 0.00354689 0.0253738 -0.00802119 0.0399934 0.0213543 0.00560583 0.00438843 -0.00154275 0.00478986 -0.00225062 -0.0192313 -0.0127567 0.0390917 0.00407029 0.11288 0.00448935 0.00519401 -0.00568723 -0.0220127 0.00645916 -0.034324 0.0237437 -0.000315591 0.0152389 0.0277749 0.0229189 0.0341582 0.00474652
internal_weight=538.524 390.935 376.464 14.4702 4.54335 9.92688 8.93495 7.68244 368 147.59 365.298 146.456 14.0677 5.60628 2.07616 353.107 0.991934 349.547 334.431 15.1161 5.38848 2.15343 11.2361 12.1908 132.388 8.89145 11.4384 2.8316 1.24621 332.021
internal_count=96974 66247 63924 2323 354 1969 1865 1834 62267 30727 24613 30695 2999 1059 775 23845 104 17210 16564 646 1050 459 2579 768 27696 433 511 420 275 16458
is_linear=0
shrinkage=0.05


Tree=247
num_leaves=31
num_cat=0
split_feature=9 0 14 12 14 15 0 5 4 9 5 5 14 4 12 14 5 0 5 12 5 5 5 14 14 4 9 15 14 14
split_gain=1.5474 2.24308 1.82678 2.09526 1.97911 2.41166 2.01674 2.52296 1.46444 1.4189 2.80095 2.14804 3.13264 3.65848 3.76427 2.98401 1.89985 1.81576 1.78122 1.70466 1.62569 2.97471 4.981 3.7313 5.04946 2.48642 2.03857 5.40317 3.9228 3.64775
threshold=38.500000000000007 2.8253796890422285 10.500000000000002 1.5000000000000002 24.500000000000004 1.0000000180025095e-35 2.4199667199604065 7.3770169429876455 0.86978260869565227 16.500000000000004 9.1980056239386681 8.9293472785914059 8.5000000000000018 0.86851709565885526 1.5000000000000002 21.500000000000004 8.8991585297090143 -0.58656668999891992 2.7377885089469012 7.5000000000000009 9.1868023592010832 8.9089007820488906 8.875702326855011 19.500000000000004 15.500000000000002 0.63665315576143622 29.500000000000004 1.0000000180025095e-35 23.500000000000004 23.500000000000004
decision_type=2 2 2 2 2 2 2 2 2 2 2 2 2 2 2 2 2 2 2 2 2 2 2 2 2 2 2 2 2 2
left_child=9 2 3 -2 6 8 7 -4 -6 10 11 16 -13 14 -14 -15 19 -11 -19 -1 21 22 25 24 -24 -20 -22 28 -28 -29
right_child=1 -3 4 -5 5 -7 -8 -9 -10 17 -12 12 13 15 -16 -17 -18 18 20 -21 26 -23 23 -25 -26 -27 27 29 -30 -31
leaf_value=0.004165888317494904 0.020511779351434445 0.037391633047705423 0.004374013110606402 -0.011233619006083592 -0.025579452689419153 0.020511779351434445 0.020511779351434445 -0.020857121401999835 0.0051056387569037159 -0.030064029800279793 -0.012118048143606381 0.062364506907561859 -0.037743509311555894 0.014313079783286432 0.014313079783286432 0.097170282771310679 -0.033746108866379652 0.039085642001799419 -0.016691938751806187 -0.031734925682527719 -0.0013126473502187673 -0.016691938751806187 0.010757168626731617 -0.016691938751806187 0.1437479381319656 -0.0030761166133939344 -0.016192123720584466 0.11156794489515501 0.036957627710485753 0.036957627710485753
leaf_weight=144.51149220518852 12.488312686369456 4.389407911887246 8.6662198204559271 4.8579478411920709 4.719450408921146 5.149417608542592 1.5133665217063015 21.817263050369434 1.4350613084598078 5.5144713744403466 30.226538390210862 2.7590065154045069 4.841358629926388 2.5170992177122575 1.2531707374114374 0.64782132876462117 2.5347275527540196 1.4623391479165651 8.0602057963246789 2.3925640343431942 34.244940426950507 17.504987130208065 1.6768066990243822 0.86015629507801339 0.52793232284875546 206.9694319015905 7.4172253321885346 1.7517683671612752 1.121881814124208 0.90574473765991559
leaf_count=17421 1581 122 3312 98 5500 1930 114 6327 1397 15068 3606 308 746 268 140 137 255 265 1985 489 3781 2690 242 202 95 27426 963 41 381 104
internal_value=-0.000736444 0.00644214 0.00363193 0.0168605 -0.00192838 0.0152351 -0.00826989 -0.0117638 -0.0103005 -0.00172107 0.00160739 0.00423571 0.0237266 0.00725724 -0.015282 0.0439082 0.00252088 -0.00393415 -0.00331985 0.00337058 -0.00367829 -0.00534693 -0.00349316 0.0513841 0.0775202 -0.00450958 0.00490186 0.0224582 0.000606635 0.0733086
internal_weight=544.738 65.0364 60.647 17.3463 43.3008 11.3039 31.9968 30.4835 6.15451 479.702 191.684 161.457 12.0185 9.25945 6.09453 3.16492 149.439 288.018 282.503 146.904 281.041 235.6 218.095 3.0649 2.20474 215.03 45.4416 11.1966 8.53911 2.65751
internal_count=96994 20381 20259 1679 18580 8827 9753 9639 6897 76613 23370 19764 1599 1291 886 405 18165 53243 38175 17910 37910 32640 29950 539 337 29411 5270 1489 1344 145
is_linear=0
shrinkage=0.05


Tree=248
num_leaves=31
num_cat=0
split_feature=14 9 12 7 14 14 5 5 5 5 5 14 9 4 9 16 14 5 5 14 7 5 12 4 12 9 5 9 14 5
split_gain=1.31287 1.48066 4.42972 3.55281 3.48327 3.1751 3.16763 3.39832 1.92857 1.60346 2.79379 1.32589 1.28184 1.2547 1.30798 1.011 0.90391 0.885463 1.9328 1.87524 4.93936 1.9238 1.77112 2.53411 1.90453 2.62556 1.81226 1.75993 1.64866 2.5594
threshold=7.5000000000000009 30.500000000000004 2.5000000000000004 1.0000000180025095e-35 4.5000000000000009 2.5000000000000004 8.262511287126868 8.7651264682525589 9.0666970738650363 4.6501859588895087 5.3088430155903028 1.0000000180025095e-35 42.500000000000007 0.83735465116279084 15.500000000000002 0.15430402930402934 57.500000000000007 5.8233965048167171 7.1587901799666662 8.5000000000000018 1.0000000180025095e-35 8.6324788521322411 1.0000000180025095e-35 0.8622844827586208 1.5000000000000002 17.500000000000004 6.2703899791575219 25.500000000000004 23.500000000000004 5.3726901768364668
decision_type=2 2 2 2 2 2 2 2 2 2 2 2 2 2 2 2 2 2 2 2 2 2 2 2 2 2 2 2 2 2
left_child=1 2 9 6 -4 -5 11 -8 -9 13 -11 -3 -7 -1 -15 16 17 28 22 20 -20 -22 23 26 -24 -26 -19 -27 29 -2
right_child=15 3 4 5 -6 12 7 8 -10 10 -12 -13 -14 14 -16 -17 -18 18 19 -21 21 -23 24 -25 25 27 -28 -29 -30 -31
leaf_value=0.0058823938909081446 0.007569509379668566 -0.011629156625831657 -0.054021273338069546 0.024713359241582918 0.0006241160800510517 0.096061591824628256 -0.051772366387883829 0.024713359241582918 -0.018295857656737562 -0.040784993665804098 0.0074708876716949096 0.024713359241582918 0.024713359241582918 0.036222219810969951 0.10493349790985836 0.032326886229623326 -0.027848341726134491 0.0037717691705283309 -0.041346358038423327 0.00017758869172930291 0.016172345646404705 -0.012587006196009311 0.016172345646404705 0.016172345646404705 -0.039161273722231965 0.016172345646404705 -0.0171717282678738 -0.019418039687716531 -0.028683920015867056 -0.023359937495286906
leaf_weight=1.8576381355136953 20.961145613370608 1.9983766470104471 4.5955470710341597 3.4014229153981423 6.0431960689020343 2.0881595030659814 3.1218153739523578 1.2848640817555863 2.3410304992480633 2.1303705028840332 79.609432324158206 6.4375177821320904 0.99360199392822313 0.64407586539891759 0.36154598784924019 1.4352580510967516 1.8902588291107907 4.7226526601907635 7.8123341769803556 311.64012755240526 2.3939611048981533 2.2600189602680985 17.128849267652871 11.394116279906028 2.9058556143065726 3.0344654139992144 17.504459846375994 2.7535039512148387 6.1921897946679101 8.6255311838330027
leaf_count=241 6295 12 50 28 91 151 184 79 132 367 5850 599 72 108 95 333 10452 1162 1776 55082 241 173 2708 2133 271 251 3740 431 2627 1561
internal_value=0.00150554 0.00617084 0.00339745 0.0176742 -0.0255941 0.0458925 0.00353421 -0.0203801 0.011997 0.0072995 0.00573547 0.0227955 0.0787195 0.038907 0.066562 0.000203567 1.78051e-05 0.000209375 0.000917756 -0.000611219 -0.0188791 0.0161723 0.00912639 0.00126861 0.0161723 -0.00704771 -0.00862881 0.012469 -0.00720297 -0.00191641
internal_weight=539.563 116.909 95.2418 21.6668 10.6387 6.48318 15.1836 6.74771 3.62589 84.6031 81.7398 8.43589 3.08176 2.86326 1.00562 422.655 421.219 419.329 383.55 324.106 12.4663 4.65398 59.4439 33.6212 25.8227 8.69382 22.2271 5.78797 35.7789 29.5867
internal_count=97295 8059 6802 1257 141 251 1006 395 211 6661 6217 611 223 444 203 89236 88903 78451 67968 57272 2190 414 10696 7035 3661 953 4902 682 10483 7856
is_linear=0
shrinkage=0.05


Tree=249
num_leaves=31
num_cat=0
split_feature=14 12 3 16 4 0 11 16 12 4 14 14 14 10 7 0 4 14 15 14 14 14 14 12 0 12 0 7 0 4
split_gain=1.13496 2.94216 3.60738 2.38946 2.13015 1.86982 1.1712 1.75815 0.929907 0.888635 0.878901 0.718812 0.680997 8.52391 4.36041 1.97481 1.32897 2.06454 1.05548 3.01111 2.68549 0.943414 1.20214 0.955271 0.719231 0.657621 0.553623 0.451228 0.377606 0.364167
threshold=32.500000000000007 1.0000000180025095e-35 1.0000000180025095e-35 0.074537037037037054 0.69459064327485387 2.8253796890422285 11.500000000000002 0.036710205774114969 2.5000000000000004 0.70983870967741947 45.500000000000007 1.5000000000000002 8.5000000000000018 367.73134028412625 1.0000000180025095e-35 0.22027858537439496 0.90883116883116888 5.5000000000000009 1.0000000180025095e-35 19.500000000000004 22.500000000000004 23.500000000000004 30.500000000000004 1.0000000180025095e-35 2.8253796890422285 6.5000000000000009 -0.20125956758308861 1.5000000000000002 -0.59754733540628024 0.56306818181818197
decision_type=2 2 2 2 2 2 2 2 2 2 2 2 2 2 2 2 2 2 2 2 2 2 2 2 2 2 2 2 2 2
left_child=6 4 3 5 27 -3 11 -8 9 -4 28 -1 13 14 15 -13 17 -15 20 -20 25 -22 23 -23 -24 29 -25 -2 -6 -14
right_child=1 2 8 -5 10 -7 7 -9 -10 -11 -12 12 18 16 -16 -17 -18 -19 19 -21 21 22 24 26 -26 -27 -28 -29 -30 -31
leaf_value=0.0074576047019794716 -0.026956825636317707 -0.044859953741765095 0.012657401589829205 0.012657401589829205 0.012382745305517393 -0.010285938872631168 0.011742018653627243 0.049341517048441898 0.012657401589829205 0.077426762169151023 0.012382745305517393 -0.007097814745461878 -0.021794257251637125 -0.041329623473454438 0.011742018653627243 0.0034420923067838304 -0.007097814745461878 -0.01646223609407263 0.0012848025266161129 0.011742018653627243 -0.027522129248472922 -0.011499726011703551 -0.035201523557158519 -0.026665389566708497 0.0012848025266161129 -0.023091229364193513 0.0012848025266161129 0.012382745305517393 0.049319552727143251 0.0012848025266161129
leaf_weight=26.660718945233384 1.1182922052338442 6.4337617391588502 0.21043027188693553 1.354200020956341 0.19110942202473769 0.3658557958115124 1.2968556673222327 2.7294536926492583 0.52087075539293426 0.8523714394802937 0.47164953555466116 15.567566343911265 0.7167117988856252 12.749487753308584 20.335174189503505 28.48575315678454 8.8389412276972035 21.26087258912969 79.488962923230702 35.804781314529237 7.3488633985716652 23.293408005082824 4.6362537732769615 1.1103925300369617 0.43438688700553019 1.8288408191729093 12.975347045438863 0.2436983023662832 6.724365099791612 212.46324977486893
leaf_count=261 1215 12982 88 229 768 11 346 46 240 233 2594 1751 406 1536 830 1709 1082 3860 1783 1421 2128 6363 1602 1399 8 139 2244 19 1382 48159
internal_value=0.000294806 0.0121409 -0.00667805 -0.0208687 0.0316224 -0.0332293 -0.00015052 0.0238687 0.0461835 0.0637698 0.0414588 -0.000384651 -0.000828068 -0.00432708 0.00715508 -0.00485783 -0.0213507 -0.0258267 0.000167872 0.00414038 -0.00157078 -0.0119109 -0.00863705 -0.00513304 -0.0293669 0.000868168 0.0012848 -0.0166933 0.046919 0.00118056
internal_weight=536.513 18.4866 9.73749 8.15382 8.74911 6.79962 518.026 4.02631 1.58367 1.0628 7.38712 514 487.339 107.238 64.3885 44.0533 42.8493 34.0104 380.101 115.294 264.807 49.7987 42.4498 37.3791 5.07064 215.009 14.0857 1.36199 6.91547 213.18
internal_count=96834 19761 13783 13222 5978 12993 77073 392 561 321 4744 76681 76420 10768 4290 3460 6478 5396 65652 3204 62448 13744 11616 10006 1610 48704 3643 1234 2150 48565
is_linear=0
shrinkage=0.05


Tree=250
num_leaves=31
num_cat=0
split_feature=14 4 14 9 5 5 0 9 9 9 4 5 4 9 9 5 14 16 14 5 5 5 4 5 0 5 9 13 14 9
split_gain=1.38538 4.43054 3.20502 7.37926 1.79277 2.57068 4.62346 2.19624 4.49738 2.02382 1.84554 1.84091 4.53163 4.03728 3.04893 2.49442 2.15877 2.10937 1.91677 1.75428 6.7145 1.7242 2.41255 2.39416 2.5441 2.04672 1.74491 1.71036 1.64404 2.54071
threshold=26.500000000000004 0.67451088962716887 27.500000000000004 30.500000000000004 6.858432694097508 6.9910998712849777 -0.028967250590607462 15.500000000000002 29.500000000000004 3.5000000000000004 0.68449656750572097 5.7213653196100642 0.7914855072463769 19.500000000000004 21.500000000000004 4.5157882460901222 10.500000000000002 0.042644117112202222 18.500000000000004 9.1094630449962306 9.1868023592010832 8.3287557939817756 0.95260557053009898 7.6131729442492757 0.12860817748758913 4.766488736963427 28.500000000000004 0.19805095136180165 17.500000000000004 14.500000000000002
decision_type=2 2 2 2 2 2 2 2 2 2 2 2 2 2 2 2 2 2 2 2 2 2 2 2 2 2 2 2 2 2
left_child=4 -2 3 -3 7 6 -6 28 11 -7 -8 12 13 -9 16 18 -14 -13 -16 21 -21 22 23 25 -25 -4 -24 -12 -1 -30
right_child=1 2 19 -5 5 9 10 8 -10 -11 27 17 14 -15 15 -17 -18 -19 -20 20 -22 -23 26 24 -26 -27 -28 -29 29 -31
leaf_value=-0.02650252953075434 -0.032460287690686478 0.00438159087518958 0.027255284191769615 0.093759700172818733 -0.03688369794517269 0.03711702190222093 -0.00062399692428583009 0.016402195028636032 -0.024301108866708519 -0.00077888995328681456 0.023422730486758532 -0.012333825717547721 0.060918415536610759 -0.031833561063121046 0.12140893598924248 0.02206321703346123 0.016402195028636032 0.023812919236751065 0.016402195028636032 0.1104760833843558 -0.0005952496403739359 -0.010061132846371335 0.027255284191769615 -0.010061132846371335 0.027255284191769615 -0.010061132846371335 0.089233414737267813 0.073048230020697366 0.019512652482956236 -0.045591061714778558
leaf_weight=19.37910487433675 5.2563237797257889 6.434639066390444 1.1716549782125927 2.6964833158019701 1.8812674634498314 2.5552943903167025 0.78005105236570393 2.4096657056395561 14.848570832300878 389.81959396882098 6.7779626636865924 14.810030311911079 1.9205989348874917 5.8299110436172441 1.3139803350247805 2.4014394127241303 3.4446442372636739 4.4333589689158535 0.22461845738803266 0.83606121567811342 5.2141352099602045 10.79418059265498 1.1022713781542268 1.8921487261275149 5.8954143780238155 11.017728640515314 0.78127850067039606 2.4842151180673682 4.8137344633084913 1.0226399728458089
leaf_count=2838 4032 644 874 659 650 98 105 518 5071 53452 590 2463 333 1282 324 634 832 102 122 313 3108 5421 376 3228 1111 6653 449 104 617 131
internal_value=-0.000203151 0.00738474 0.012338 0.0374249 -0.00105401 0.000283204 0.0222251 -0.00800201 -0.00197778 -0.000438369 0.0356357 0.00743707 0.0186924 -0.00805974 0.0408641 0.0697473 0.0164022 -0.00324126 0.106164 0.00562608 0.0282463 0.000720286 0.0090205 0.00270978 0.0228322 -0.0100611 0.0518008 0.042554 -0.0197925 0.00310502
internal_weight=534.243 53.0923 47.836 9.13112 481.151 404.298 11.9235 76.8523 51.6368 392.375 10.0422 36.7882 17.5449 8.23958 9.30528 3.94004 5.36524 19.2434 1.5386 38.7049 6.0502 32.6547 21.8605 19.9769 7.78756 12.1894 1.88355 9.26218 25.2155 5.83637
internal_count=97134 26868 22836 1303 70266 54999 1449 15267 11681 53550 799 6610 4045 1800 2245 1080 1165 2565 446 21533 3421 18112 12691 11866 4339 7527 825 694 3586 748
is_linear=0
shrinkage=0.05


Tree=251
num_leaves=31
num_cat=0
split_feature=21 17 2 11 14 11 14 5 5 5 16 14 9 5 11 5 5 9 5 5 9 5 9 14 14 15 5 5 14 5
split_gain=1.02606 1.90292 1.67198 1.08321 0.847907 2.69715 2.33077 1.90006 2.52954 2.06038 2.0304 1.70607 3.33351 2.02283 1.80765 1.50625 1.49272 2.41086 1.93061 2.41856 1.91312 2.00501 1.81962 3.88073 3.26239 2.70501 2.4215 2.93162 1.66665 1.55909
threshold=1.0000000180025095e-35 1.0000000180025095e-35 1.0000000180025095e-35 2.5000000000000004 9.5000000000000018 1.0000000180025095e-35 4.5000000000000009 4.5157882460901222 6.858432694097508 3.6951557841279996 0.062284482758620696 13.500000000000002 16.500000000000004 8.1165658364029749 8.5000000000000018 7.1829590212402099 9.0967049885701741 13.500000000000002 8.9089007820488906 8.875702326855011 46.500000000000007 8.4031360178810086 21.500000000000004 26.500000000000004 27.500000000000004 1.0000000180025095e-35 7.5099103843036312 8.4462683677604886 25.500000000000004 7.2531084142030116
decision_type=2 2 2 2 2 2 2 2 2 2 2 2 2 2 2 2 2 2 2 2 2 2 2 2 2 2 2 2 2 2
left_child=1 2 3 -1 5 -4 -7 9 10 -6 -9 12 13 -10 -14 -13 18 -18 19 20 22 -22 24 -24 25 26 -17 -28 -19 -25
right_child=-2 -3 4 -5 7 6 -8 8 11 -11 -12 15 14 -15 -16 16 17 28 -20 -21 21 -23 23 29 -26 -27 27 -29 -30 -31
leaf_value=-0.039887412716607479 0.038020614140732767 -0.035533133651849493 0.00026748588595797927 -0.011758099049203299 -0.011758099049203299 0.0069999189686805159 0.019963399572908633 -0.011758099049203299 -0.0077556495818802019 0.019963399572908633 0.015951382336375532 0.017026764062331012 -0.011758099049203299 0.017656458323990289 0.019963399572908633 -0.011758099049203299 -0.011758099049203299 0.019963399572908633 -0.011758099049203299 0.019963399572908633 0.019963399572908633 -0.011758099049203299 -0.011758099049203299 -0.011758099049203299 -0.011758099049203299 0.019963399572908633 0.011043041131381881 -0.011758099049203299 -0.0030311757052386462 0.019963399572908633
leaf_weight=3.9322746589531326 0.97715632129620544 2.3760082293606493 95.695917983677646 0.33067790401037189 4.4316114434041065 28.522368906531483 31.353846288358909 43.502736183089837 11.464267744464449 5.5110307564409595 6.0212954182861713 20.436435559399797 52.175309682133957 20.91011386262835 1.7029543151293172 6.727622612277627 8.0016560881285823 33.949112388079811 11.437464733595332 4.1317896679311152 7.4684024044308881 2.499693219623623 52.840576061091269 0.63334553659660642 8.993975259364559 17.508260117552709 21.783834887268313 11.398488595477827 9.7094778384471265 14.445374852572057
leaf_count=54667 253 6760 5470 274 377 273 702 4039 704 409 114 1554 2833 1086 50 422 743 1398 1263 331 860 324 2528 118 2651 225 1331 666 1808 2887
internal_value=0.00204148 0.00190619 0.00213735 -0.025926 0.00240981 0.00550442 0.0137324 0.00112393 0.000509392 0.0199634 -0.00988747 0.00215335 -0.00382012 0.00869489 -0.0113615 0.00438135 0.00308528 0.0103869 0.000675929 0.00237212 0.000921101 0.0199634 -0.000715189 -0.00642323 0.00513107 0.00994766 0.00212268 0.00853337 0.0150061 0.0153341
internal_weight=540.873 539.896 537.52 4.26295 533.257 155.572 59.8762 377.685 367.742 9.94264 49.524 318.218 86.2526 32.3744 53.8783 231.966 211.529 51.6602 159.869 148.431 144.3 9.9681 134.331 67.9193 66.4122 57.4182 39.9099 33.1823 43.6586 15.0787
internal_count=97120 96867 90107 54941 35166 6445 975 28721 27935 786 4153 23782 4673 1790 2883 19109 17555 3949 13606 12343 12012 1184 10828 5533 5295 2644 2419 1997 3206 3005
is_linear=0
shrinkage=0.05


Tree=252
num_leaves=31
num_cat=0
split_feature=21 14 14 9 14 0 14 9 9 7 5 12 5 14 9 15 5 9 5 11 4 3 0 9 9 4 5 14 15 0
split_gain=0.942394 0.917787 2.16471 2.90825 1.76239 1.04604 0.850162 2.24541 2.05262 1.6621 1.53853 3.5035 2.44511 1.95834 1.43612 1.38729 1.30976 1.67648 1.51888 1.24134 0.954457 0.838718 1.75642 1.02095 2.27616 2.21787 2.12306 1.33391 1.77514 1.4435
threshold=1.0000000180025095e-35 37.500000000000007 33.500000000000007 16.500000000000004 57.500000000000007 1.5772676958670611 24.500000000000004 11.500000000000002 13.500000000000002 1.5000000000000002 8.0429434668414448 1.0000000180025095e-35 8.3647054306170894 28.500000000000004 50.500000000000007 2.5000000000000004 7.985358176468158 31.500000000000004 5.602725589693784 11.500000000000002 0.74891304347826104 1.0000000180025095e-35 0.65156153849918896 43.500000000000007 46.500000000000007 0.94151846785225735 6.9533604670244555 21.500000000000004 1.0000000180025095e-35 1.1640371025519469
decision_type=2 2 2 2 2 2 2 2 2 2 2 2 2 2 2 2 2 2 2 2 2 2 2 2 2 2 2 2 2 2
left_child=1 2 6 5 -3 -4 19 -8 -9 10 13 12 14 -10 -12 -13 17 18 -15 21 -14 23 -23 27 25 -25 -26 -1 29 -29
right_child=-2 4 3 -5 -6 -7 7 8 9 -11 11 15 20 16 -16 -17 -18 -19 -20 -21 -22 22 -24 24 26 -27 -28 28 -30 -31
leaf_value=0.00049846372844261004 0.036635889789269231 0.018660146735344073 -0.02145750169408223 -0.046523108208843054 -0.022163659778303688 0.018660146735344073 0.018660146735344073 -0.033276558516382643 0.0099585754624114189 0.018660146735344073 -0.040939221961810185 -0.036035520248633622 -0.016986115026629348 0.0099585754624114189 0.0099585754624114189 0.0099585754624114189 0.0099585754624114189 0.0069037269993363001 -0.047959660681989341 0.018660146735344073 0.0099585754624114189 0.0018184966706798181 0.0092262833857450037 -0.042548584063086682 -0.036956911274377363 0.0018184966706798181 0.0018184966706798181 -0.029761856079615002 0.0018184966706798181 -0.0086374116405564024
leaf_weight=335.45880001225748 0.82950191619420266 7.5934554477297507 0.86115859269352657 4.2041607976916566 1.9234610785420043 0.63466453633009223 4.0181110943917693 2.8035563410137447 13.567284222729429 3.6980933488412111 2.8577090409983188 8.3644319880083877 3.7735415128036029 0.63261484793338052 0.21405969233410349 0.62195434392197135 0.70560860705108996 2.9578395016244485 3.9272616124897013 2.8102884895270099 8.0192058304085077 32.239237063798555 38.780270855305389 6.7282351795651065 2.6676644816750494 0.83489955798813742 18.666793523569709 12.273119523230667 8.1151389745473335 7.2131420877331029
leaf_count=45478 262 6435 364 1898 10404 16 420 342 3064 150 471 1906 998 247 131 34 111 1124 758 228 1428 2153 6603 1303 1364 147 4478 4024 245 516
internal_value=0.000807703 0.000684404 0.00039214 -0.0278493 0.0153104 0.0186601 0.000753217 0.00650807 0.00219745 0.00483414 0.001257 -0.00738723 0.00754627 0.00995858 -0.0293897 -0.0303711 -0.0133367 -0.0214053 -0.0377073 4.68824e-05 0.00995858 -0.00020758 0.00475324 -0.00111625 -0.00999766 -0.0317765 -0.00119992 -0.000383817 -0.0107493 -0.0190933
internal_weight=537.995 537.166 527.649 5.69998 9.51692 1.49582 521.949 56.1613 52.1432 49.3396 45.6415 23.8509 14.8645 21.7906 3.07177 8.98639 8.22332 7.51772 4.55988 465.788 11.7927 462.977 71.0195 391.958 28.8976 7.56313 21.3345 363.06 27.6014 19.4863
internal_count=97102 96840 80001 2278 16839 380 77723 11184 10764 10422 10272 4968 3028 5304 602 1940 2240 2129 1005 66539 2426 66311 8756 57555 7292 1450 5842 50263 4785 4540
is_linear=0
shrinkage=0.05


Tree=253
num_leaves=31
num_cat=0
split_feature=14 9 9 9 9 5 4 9 14 9 9 14 11 9 12 5 5 9 9 9 14 9 5 5 5 5 12 5 16 9
split_gain=1.3581 2.16198 2.26589 2.14022 2.0153 1.98543 3.18 1.48482 1.60839 1.60211 3.64833 2.04639 2.70637 2.26502 2.05248 1.83606 3.5548 5.80367 3.7683 3.68275 3.18598 2.62709 3.72195 3.42343 3.83948 2.16967 2.05568 1.96048 1.873 1.89281
threshold=2.5000000000000004 28.500000000000004 24.500000000000004 31.500000000000004 41.500000000000007 8.4031360178810086 0.74891304347826104 3.5000000000000004 7.5000000000000009 19.500000000000004 18.500000000000004 8.5000000000000018 1.0000000180025095e-35 12.500000000000002 7.5000000000000009 8.4107407910519232 8.2502664735436397 35.500000000000007 29.500000000000004 41.500000000000007 11.500000000000002 24.500000000000004 8.262511287126868 8.3121805008413769 8.3723432244328944 8.3584718107074547 1.5000000000000002 8.5317122536680507 0.084219858156028379 21.500000000000004
decision_type=2 2 2 2 2 2 2 2 2 2 2 2 2 2 2 2 2 2 2 2 2 2 2 2 2 2 2 2 2 2
left_child=1 2 5 -3 -5 6 -1 8 -2 10 11 12 -9 -14 -13 16 -11 18 20 -19 -18 22 -22 -23 26 -21 -25 28 29 -17
right_child=7 3 -4 4 -6 -7 -8 9 -10 15 -12 14 13 -15 -16 27 17 19 -20 25 21 23 -24 24 -26 -27 -28 -29 -30 -31
leaf_value=-0.029362446606730472 0.062731912452116262 0.033144083596059887 -0.05092209455871103 -0.027146750069325588 0.015173397338817935 -0.027270513865610069 0.016564948339186102 -0.015958931086832859 -0.0024227791643752468 0.0052021680009698102 -0.023208401831429522 0.0046312328863317587 0.026139671653096948 -0.0039823609087338355 -0.026092982948468624 -0.0013616027362303941 0.053258734816986578 0.11362647915713163 -0.031899286787136306 -0.0079778652157130783 0.056726084117765398 -0.027330662315379367 -0.038657827389617934 0.10713919239103327 -0.017582819913593058 0.059355212364992076 -0.011732355212259842 0.0019304724825598566 0.025551963321699962 -0.040064491957793907
leaf_weight=4.5528237647963072 1.1011937795556144 4.5600076741793591 2.8811449939184959 4.4248125379272079 4.9116358814499108 8.2710572147898329 10.748515456160019 33.437928256841701 1.5948676342459291 138.60306338665953 16.021583713793348 157.09594541832644 8.1318439509054787 9.0449933768472857 4.6438673439324694 1.9134155281752763 4.1493367757016149 1.7263712131814362 3.2173766894173914 2.1246729918579494 0.35708814473719019 1.0623001432438743 3.9686526904156381 1.1909073058614015 0.79561330149579124 1.2462073732780252 0.21757375621405106 94.424623727154028 1.1260687508183753 6.9111437248567995
leaf_count=77 39 37 52 51 44 149 183 4731 119 36675 3206 23058 277 329 836 240 392 494 792 751 40 225 690 254 171 384 34 20957 18 1989
internal_value=0.00164577 -0.00706599 -0.0152583 0.00850638 -0.00556927 -0.00900431 0.00193659 0.00237003 0.0339619 0.00212808 -0.000934766 0.000846622 -0.0078327 0.00799421 0.00359417 0.00478083 0.00815208 0.027323 0.00984607 0.0685856 0.0228909 0.00202697 -0.0216111 0.0310593 0.058948 0.0247996 0.0915295 -0.00037249 -0.0204067 -0.0282752
internal_weight=534.457 40.35 26.4535 13.8965 9.33645 23.5724 15.3013 494.107 2.69606 491.411 228.376 212.355 50.6148 17.1768 161.74 263.034 158.659 20.0561 14.9588 5.09725 11.7415 7.59214 4.32574 3.26639 2.20409 3.37088 1.40848 104.375 9.95063 8.82456
internal_count=97294 593 461 132 95 409 260 96701 158 96543 32437 29231 5337 606 23894 64106 40902 4227 2598 1629 1806 1414 730 684 459 1135 288 23204 2247 2229
is_linear=0
shrinkage=0.05


Tree=254
num_leaves=31
num_cat=0
split_feature=7 9 9 9 9 14 9 9 14 11 13 9 14 14 14 9 14 9 9 14 14 15 13 9 14 14 0 9 14 14
split_gain=1.49368 1.25144 1.21393 1.15337 0.814522 1.73993 0.772069 0.967573 2.31668 1.36283 2.77408 1.93371 3.9579 1.45075 1.77951 2.20752 1.42595 1.22801 1.13656 2.09122 2.50035 1.11826 0.949232 0.840367 0.785024 1.91655 1.6592 0.754704 0.751175 0.734178
threshold=2.5000000000000004 8.5000000000000018 61.500000000000007 7.5000000000000009 74.500000000000014 12.500000000000002 53.500000000000007 38.500000000000007 27.500000000000004 1.5000000000000002 0.87350846363682033 31.500000000000004 12.500000000000002 18.500000000000004 16.500000000000004 15.500000000000002 17.500000000000004 30.500000000000004 34.500000000000007 15.500000000000002 26.500000000000004 1.5000000000000002 0.1282804232804233 24.500000000000004 16.500000000000004 10.500000000000002 2.0842530612953931 12.500000000000002 38.500000000000007 10.500000000000002
decision_type=2 2 2 2 2 2 2 2 2 2 2 2 2 2 2 2 2 2 2 2 2 2 2 2 2 2 2 2 2 2
left_child=1 3 6 -1 -4 -6 7 9 24 11 -11 13 21 14 15 29 27 -15 19 -14 -21 -13 23 -18 25 -9 -27 -16 -10 -3
right_child=-2 2 4 -5 5 -7 -8 8 28 10 -12 12 18 17 16 -17 22 -19 -20 20 -22 -23 -24 -25 -26 26 -28 -29 -30 -31
leaf_value=0.00022491963617116291 0.024512191105560667 -0.013785072656927229 0.011847006034588492 0.011847006034588492 0.011847006034588492 -0.035199591455962409 -0.016848480285772457 0.011847006034588492 -0.031372865483995503 0.00058615244365509275 0.011847006034588492 -0.03901162234396853 0.00058615244365509275 0.00058615244365509275 0.00058615244365509275 0.00058615244365509275 -0.0070714177774813597 -0.030333697366118378 0.00058615244365509275 -0.041313679866395586 0.00058615244365509275 0.00058615244365509275 0.00058615244365509275 -0.036858073479324273 0.011847006034588492 -0.018013720461551391 0.011847006034588492 -0.029116507078619333 0.011687799287428953 -0.0038708039302906951
leaf_weight=24.609219945710208 4.8849929270154453 42.802452851111639 5.8786204097744967 9.3997324825613742 1.4949702452258864 2.0881843579501265 7.4213864273106642 12.113243155401507 4.2179411425718163 35.484968213367665 24.821631680361861 12.238169749045024 3.2521886423171535 93.18494287617176 1.8631667655536173 128.36100997435517 8.0890370873730735 3.0980964685269319 13.088791807627443 7.2988840767354741 2.7338249906575811 0.40135512640699822 3.8450343445210811 2.1682724291099467 15.503581211985759 12.04312427427203 2.0859611774021678 14.20798484409738 0.70439589476239906 34.390632844701145
leaf_count=2474 124 4996 2609 1208 160 2017 2998 1235 1636 3741 1325 2126 693 21430 234 20359 1231 949 4583 1962 1385 11 390 570 4624 2614 138 2123 2526 4621
internal_value=-0.000540958 -0.000818179 -0.00146173 0.00832067 0.011847 -0.0107735 -0.00183127 -0.00156343 0.00520383 -0.00230596 0.00461212 -0.00343981 -0.0138287 -0.00218119 -0.00452221 -0.00281877 -0.015664 0.000586152 -0.00242454 -0.0141211 -0.0268723 -0.0357023 -0.00361867 -0.014729 0.00916669 0.0024414 -0.0101819 -0.0254026 -0.0242778 -0.00947411
internal_weight=533.776 528.891 494.882 34.009 9.46178 3.58315 485.42 477.999 46.6682 431.33 60.3066 371.024 39.0132 332.011 235.728 205.554 30.1735 96.283 26.3737 13.2849 10.0327 12.6395 14.1023 10.2573 41.7459 26.2423 14.1291 16.0712 4.92234 77.1931
internal_count=97092 96968 93286 3682 4786 2177 88500 85502 12773 72729 5066 67663 10760 56903 34524 29976 4548 22379 8623 4040 3347 2137 2191 1801 8611 3987 2752 2357 4162 9617
is_linear=0
shrinkage=0.05


Tree=255
num_leaves=31
num_cat=0
split_feature=5 4 5 4 5 5 7 5 4 5 5 5 1 5 7 5 5 4 5 4 5 4 5 1 7 4 5 1 5 4
split_gain=1.0888 1.71784 1.6907 1.25616 1.0206 4.79733 1.97091 1.1756 3.72018 3.30855 3.60224 3.25326 2.953 2.07133 2.35715 2.20827 1.64077 1.55412 1.36329 2.03808 1.09968 1.29288 1.06161 2.14391 0.936062 1.85349 2.15313 0.878188 0.839249 0.726431
threshold=9.2183881920843636 0.9678709677419356 9.1868023592010832 0.83889506859473506 8.2360076701395872 8.1662635015820513 1.5000000000000002 8.3723432244328944 0.74431524547803629 8.3584718107074547 8.3514090506481669 9.0575004844081821 0.11257914354897262 8.3371530653228429 1.5000000000000002 8.3442946791835038 8.5989774254172051 0.71892556179775291 9.1512976091682621 0.78059477963200696 8.1317869045226381 0.7914855072463769 8.262511287126868 0.15116986965726464 1.0000000180025095e-35 0.9235637779941579 8.5883147797559811 0.924325689000557 8.4462683677604886 0.56306818181818197
decision_type=2 2 2 2 2 2 2 2 2 2 2 2 2 2 2 2 2 2 2 2 2 2 2 2 2 2 2 2 2 2
left_child=2 -2 4 27 5 20 -7 9 11 10 13 16 -11 14 22 -15 17 -9 24 -20 29 -22 23 -6 -10 28 -27 -4 -26 -1
right_child=1 -3 3 -5 7 6 -8 8 18 12 -12 -13 -14 15 -16 -17 -18 -19 19 -21 21 -23 -24 -25 25 26 -28 -29 -30 -31
leaf_value=-0.028381390704242504 -0.005880509232263775 0.034963333097649568 -0.011107133128331628 0.04663453707279875 -0.022234942669297139 -0.044844726638215454 0.024774015991330903 -0.033592011394751396 0.0026471754641400752 -0.0077907999215670876 -0.042317979854716373 -0.049836544536478504 0.067712401858988316 0.069549719821160649 0.048221903841373391 0.0032454159089739263 -0.0019122008131423548 -0.0019122008131423548 -0.0019122008131423548 0.051394608757924488 -0.010699885409100806 0.040002685423241396 -0.0072579986386191748 0.023575874274383471 0.0229896189874115 0.0229896189874115 0.063782552749117566 0.024919469529764163 0.0081188746838824176 0.00042227911886125939
leaf_weight=1.2065370028918199 78.191406533361999 1.6742647913954432 2.7629626746144136 2.6122074752840945 1.9250552810366475 6.9320404455420421 0.52285744005030199 7.3723892573120207 65.716617590144494 1.5680758664248049 2.5426009427777663 3.7678521815498121 3.3900368795627855 1.841145773788752 1.7343053743697954 2.4353622230189558 21.776130588952412 3.6339593353665123 0.71808869058327163 2.8899606161555766 1.3914763814252626 2.6270468663736892 16.273077259038701 2.9200142380241232 2.7524139170666393 1.8829952049272822 3.3853692863935976 0.62169481473756594 19.205179565522144 274.56801215005976
leaf_count=436 12505 216 652 289 411 1322 17 1723 12268 375 329 1144 291 340 69 335 5115 595 87 362 282 385 2614 243 270 118 262 47 1827 52305
internal_value=0.000751667 -0.0046025 0.00168725 0.0260837 0.00130919 -0.000502129 -0.0376093 0.00439578 0.00221797 0.0124691 0.00544537 -0.011175 0.0465336 0.0112672 0.00453553 0.0395622 -0.00538778 -0.0213014 0.00735062 0.0340362 0.000616985 0.0238124 -0.00107016 0.017399 0.0059634 0.0135906 0.0378604 0.0032044 0.00811887 0.000194173
internal_weight=540.841 79.8657 460.975 5.99686 454.979 287.248 7.4549 167.731 133.101 34.6297 29.6716 36.5503 4.95811 27.129 22.8525 4.27651 32.7825 11.0063 96.5506 3.60805 279.793 4.01852 21.1181 4.84507 92.9426 27.226 5.26836 3.38466 21.9576 275.775
internal_count=97234 12721 84513 988 83525 54747 1339 28778 23771 5007 4341 8577 666 4012 3337 675 7433 2318 15194 449 53408 667 3268 654 14745 2477 380 699 2097 52741
is_linear=0
shrinkage=0.05


Tree=256
num_leaves=31
num_cat=0
split_feature=14 8 12 1 12 1 9 14 9 12 9 11 14 14 12 9 0 14 12 12 14 14 8 14 14 12 9 14 14 14
split_gain=1.05974 3.56965 1.41273 0.96529 0.837246 2.74139 2.73055 1.94263 1.57591 1.3779 1.18026 1.13319 3.00503 2.3935 1.04621 0.835592 2.70973 1.30222 2.47279 1.50204 1.23635 1.1829 1.66267 1.14439 3.11645 2.12339 1.70443 2.33372 2.15769 2.06518
threshold=37.500000000000007 1.0000000180025095e-35 2.5000000000000004 0.061343247220703237 3.5000000000000004 0.88619835133492997 28.500000000000004 7.5000000000000009 54.500000000000007 7.5000000000000009 22.500000000000004 2.5000000000000004 4.5000000000000009 15.500000000000002 2.5000000000000004 17.500000000000004 -0.54435011845456238 8.5000000000000018 1.5000000000000002 1.0000000180025095e-35 27.500000000000004 4.5000000000000009 1.0000000180025095e-35 3.5000000000000004 9.5000000000000018 1.5000000000000002 24.500000000000004 23.500000000000004 20.500000000000004 19.500000000000004
decision_type=2 2 2 2 2 2 2 2 2 2 2 2 2 2 2 2 2 2 2 2 2 2 2 2 2 2 2 2 2 2
left_child=4 -2 3 -3 11 6 7 -6 -8 10 -9 14 -13 -14 15 17 -17 18 21 -19 -21 -1 -23 25 -25 -18 27 -26 29 -28
right_child=1 2 -4 -5 5 -7 8 9 -10 -11 -12 12 13 -15 -16 16 23 19 -20 20 -22 22 -24 24 26 -27 28 -29 -30 -31
leaf_value=-0.00036680078787617172 -0.0050391390552117759 0.025269453324256442 0.025269453324256442 0.089372428180110888 -0.042923443427749682 0.031881149047200012 0.0098962731871030524 0.0094017469866518738 -0.033511623397246323 -0.029578792127313625 -0.021433300498275167 0.0069547274773347281 0.056807538729775231 0.0069547274773347281 -0.032156862546477261 -0.034656444016079598 -0.001090435085521257 0.0069547274773347281 0.0069547274773347281 -0.00032388634785261239 -0.03122741791448734 -0.02463035547889874 -0.0001609762778785591 0.0069547274773347281 -0.0036574907514650605 -0.017932968535643058 -0.0013535232546204891 -0.017932968535643058 0.0069547274773347281 -0.017932968535643058
leaf_weight=23.590557465549182 6.8706419111389874 0.25511897196571487 0.81232341408690434 1.5709099261331401 6.3118042157148038 2.9863845100853714 8.688755181290615 8.2789296146347642 1.1442207808527189 5.570846144364622 3.6649541795104588 4.2885719841287928 4.762288484394956 3.3459757669786541 1.5823460105548282 5.1898484123870494 26.138084620588646 86.397770243299306 4.5751771141322015 42.510917728485538 2.5051250605681608 17.40394500430034 11.168370436896796 40.708274391787199 66.524427950304243 5.6817279272363512 76.846847240307397 15.995215053299487 46.89841433761876 6.4897949443238749
leaf_count=1078 14282 1301 698 579 89 92 357 152 77 453 56 48 67 74 438 12769 450 11678 91 4649 534 3338 726 5523 8882 41 14194 2020 11030 1390
internal_value=-0.000255571 0.0154678 0.055578 0.0768287 -0.00056671 -0.00775369 -0.0120886 -0.0209837 0.00941271 -0.011186 -0.000984806 -1.74298e-05 0.0143262 0.0371216 -0.000416721 -0.00024496 -0.00192394 0.00234355 -0.00394013 0.0050658 -0.0026849 -0.00873306 -0.0153946 -0.00120949 -7.16618e-05 -0.00999463 -0.002815 -0.00839071 0.000754901 -0.00419636
internal_weight=538.759 9.50899 2.63835 1.82603 529.25 36.6459 33.6595 23.8265 9.83298 17.5147 11.9439 492.604 12.3968 8.10826 480.207 478.624 290.473 188.152 56.7381 131.414 45.016 52.1629 28.5723 285.283 253.463 31.8198 212.755 82.5196 130.235 83.3366
internal_count=97156 16860 2578 1880 80296 1276 1184 750 434 661 208 79020 189 141 78831 78393 56299 22094 5233 16861 5183 5142 4064 43530 43039 491 37516 10902 26614 15584
is_linear=0
shrinkage=0.05


Tree=257
num_leaves=31
num_cat=0
split_feature=12 16 9 9 14 16 9 9 4 14 9 14 4 9 14 14 12 14 9 14 14 14 0 14 1 9 12 14 12 4
split_gain=1.92569 2.36772 1.15 2.69928 1.6436 1.48167 1.37533 1.05447 1.60312 1.04256 0.995287 4.68005 3.62895 0.959572 3.93787 3.40719 1.40775 1.2727 1.08688 4.26252 2.31255 1.79744 2.8921 2.12755 2.37353 1.79209 1.76484 1.59958 1.58238 1.45083
threshold=3.5000000000000004 0.1181455633100698 50.500000000000007 32.500000000000007 17.500000000000004 0.048900047824007663 19.500000000000004 87.500000000000014 0.79425508521165489 20.500000000000004 5.5000000000000009 11.500000000000002 0.81774475524475532 10.500000000000002 26.500000000000004 30.500000000000004 2.5000000000000004 43.500000000000007 14.500000000000002 18.500000000000004 27.500000000000004 9.5000000000000018 1.9708689465148201 3.5000000000000004 0.048284186986213458 28.500000000000004 1.0000000180025095e-35 1.0000000180025095e-35 1.5000000000000002 0.6839856050382368
decision_type=2 2 2 2 2 2 2 2 2 2 2 2 2 2 2 2 2 2 2 2 2 2 2 2 2 2 2 2 2 2
left_child=7 2 3 5 -5 9 -7 10 -9 -2 11 12 -1 14 16 -16 -12 -17 19 27 -21 22 23 28 -25 -24 -22 -15 -20 -26
right_child=1 -3 -4 4 -6 6 -8 8 -10 -11 13 -13 -14 18 15 17 -18 -19 21 20 26 -23 25 24 29 -27 -28 -29 -30 -31
leaf_value=-0.017525395673535421 -0.0088399265455052552 0.035376284298739104 0.011133602630309929 -0.058519780371313015 -0.0012675965859793737 -0.0068415726029193271 0.011133602630309929 -0.016555204125449131 0.061355412862423991 -0.036219072273834668 -0.011495979539251487 -0.02841869274016371 0.051450106767384846 -0.042171102797432268 0.086276593389139192 -0.030616182022189811 0.032455797447643722 0.034761058482529479 -0.00065610143191753741 0.038265123930212863 0.019383811932012385 -0.0017422627766672417 0.040540076815347451 -0.017999837611097497 -0.0020073173113928726 0.014779969344033382 -0.036839171609145564 0.0019447901260076666 -0.025023034689664311 0.014779969344033382
leaf_weight=2.0280031934107665 11.983714983506621 1.743315224998695 2.7652065482947128 4.0686799028699161 1.7253158646194604 6.3552817084419058 5.9795293222705368 0.5239563913855807 0.70312120369408149 4.5461699821150878 42.93368139983636 3.4879049306277912 6.1945526610745674 1.1317503489553917 1.0826750586807059 1.1129405179194689 0.95407885603981313 0.18975630790862386 28.045781246691149 12.615101289179622 2.37357906097759 270.24931241853437 9.2914549948500262 5.8750075155813866 4.5202210444310813 3.9754221806524574 1.3984926890848326 55.928539120143455 7.7620553963934062 35.506202673626376
leaf_count=128 333 307 408 105 790 106 98 635 313 2111 5023 412 287 7 100 295 34 498 639 1439 632 65837 529 2374 988 235 1022 6559 66 4814
internal_value=0.000408957 -0.010124 -0.0131091 -0.0156504 -0.0441673 -0.00863899 0.00432337 0.00125619 0.0355921 -0.0180065 0.00110001 0.0149132 0.0343824 0.000736447 -0.00603485 0.0461849 -0.00983875 -0.0101329 0.00146281 0.00696913 0.0286428 0.000339481 0.0062194 0.00255961 0.00959489 0.0270003 -0.00481251 0.00035852 -0.00647444 0.0139852
internal_weight=537.051 39.1672 37.4239 34.6587 5.794 28.8647 12.3348 497.884 1.22708 16.5299 496.657 11.7105 8.22256 484.946 46.2731 2.38537 43.8878 1.3027 438.673 73.4475 16.3872 365.225 94.9761 81.7093 45.9014 13.2669 3.77207 57.0603 35.8078 40.0264
internal_count=97124 4258 3951 3543 895 2648 204 92866 948 2444 91918 827 415 91091 5950 893 5057 793 85141 9659 3093 75482 9645 8881 8176 764 1654 6566 705 5802
is_linear=0
shrinkage=0.05


Tree=258
num_leaves=31
num_cat=0
split_feature=12 21 14 14 0 16 9 16 5 5 5 5 5 5 5 9 13 0 14 13 5 5 9 14 9 9 14 0 14 11
split_gain=1.3472 1.09756 1.04673 2.08081 1.98972 1.32836 1.00496 0.691795 0.688021 2.65683 1.9544 3.18084 1.59055 1.49443 1.97702 1.44706 2.1364 1.40233 1.38379 1.26258 1.18668 1.35928 1.43685 1.0678 0.986101 1.77558 1.17982 1.48275 1.44315 1.55536
threshold=15.500000000000002 1.0000000180025095e-35 37.500000000000007 35.500000000000007 0.26226888956510114 0.023222109875294914 3.5000000000000004 0.18230694037145653 8.858389624012359 8.875702326855011 8.5883147797559811 8.4355663050602896 8.5148622581873923 8.3584718107074547 8.3514090506481669 6.5000000000000009 0.93620104841196439 1.4550864811895432 2.5000000000000004 0.83157354080262491 8.8991585297090143 8.9580409558929279 23.500000000000004 3.5000000000000004 9.5000000000000018 13.500000000000002 21.500000000000004 -0.43980300081039381 9.5000000000000018 7.5000000000000009
decision_type=2 2 2 2 2 2 2 2 2 2 2 2 2 2 2 2 2 2 2 2 2 2 2 2 2 2 2 2 2 2
left_child=1 2 3 6 5 -4 -1 8 10 -10 11 13 19 14 -8 16 -11 -14 -12 -13 -17 22 23 -22 -23 -26 27 -27 -29 -30
right_child=-2 -3 4 -5 -6 -7 7 -9 9 15 18 12 17 -15 -16 20 -18 -19 -20 -21 21 24 -24 -25 25 26 -28 28 29 -31
leaf_value=0.018018676298987176 -0.036073464284799087 0.036971982902639554 -0.035564248848347087 -0.042566751185535268 0.018018676298987176 0.0014050642401538624 -0.00092556597605310915 0.018018676298987176 -0.044872809523113059 -0.045681495082427116 -0.017072503945750422 -0.037604581697287018 -0.017388779333589465 0.0083488718733417521 -0.041484542638140859 0.0083488718733417521 0.0083488718733417521 0.0083488718733417521 0.0083488718733417521 0.0030077831798552531 0.0083488718733417521 0.0083488718733417521 0.0027366100520693879 -0.046447061410509215 -0.019851872043744737 -0.036763020442551565 0.0083488718733417521 0.0083488718733417521 -0.0097206262330183837 0.0083488718733417521
leaf_weight=3.2706596446496397 1.7215141677916097 0.9169150544976209 2.4137152743612647 2.0281595050253136 4.8861408750790361 1.451097460283904 294.24615960268954 1.1592623833712412 2.9570539656872361 3.2848064567965589 4.4913961977399586 10.170681320643327 6.6195814380869233 22.070759124688038 2.0365326554042431 4.6069586336814146 0.4964889824259443 2.7715336172113894 44.501791485338913 2.1391155579583474 0.58164852218760543 7.0305167655085361 3.3085179767073214 3.8447619314365511 13.07459780291981 2.2328492735327918 17.122508274196775 21.321393396459825 45.107860313099081 1.16892553155776
leaf_count=131 2019 258 12884 1005 1558 656 47752 78 521 281 49 1543 1134 2672 263 790 13 205 6830 60 15 717 703 613 1562 2390 3419 1478 5445 32
internal_value=-0.000981137 -0.00079988 -0.00093463 -0.00123575 0.015301 -0.0152085 -0.000992974 -0.00119621 -0.00132093 -0.00451423 -0.000276667 -0.00163202 -0.0197148 -0.000341513 -0.00134296 -0.00319185 -0.0301804 -0.00355274 0.00834887 -0.0308515 -0.00209359 -0.00346662 -0.0224423 -0.0382983 -0.00190064 -0.00337524 -0.00070022 -0.00366391 -0.00205063 -0.00697144
internal_weight=533.034 531.312 530.395 521.645 8.75095 3.86481 519.616 516.346 515.186 126.139 389.048 340.054 21.7009 318.353 296.283 123.182 3.7813 9.39112 48.9932 12.3098 119.401 114.794 7.73493 4.42641 107.059 100.028 86.9535 69.831 67.5982 46.2768
internal_count=97076 95057 94799 79701 15098 13540 78696 78565 78487 17979 60508 53629 2942 50687 48015 17458 294 1339 6879 1603 17164 16374 1331 628 15043 14326 12764 9345 6955 5477
is_linear=0
shrinkage=0.05


Tree=259
num_leaves=31
num_cat=0
split_feature=7 12 9 0 5 5 5 5 9 5 4 9 0 0 5 5 9 9 5 5 5 9 4 9 5 9 5 5 5 9
split_gain=0.990398 0.804019 2.03047 1.72904 1.4803 1.57124 1.43406 1.35692 2.19047 1.18438 1.04628 1.00848 0.95667 0.842013 0.812866 2.71326 1.85528 2.64781 2.57284 2.96083 2.54314 2.46001 2.13512 1.57473 1.9374 1.46725 1.31805 1.16233 1.16102 1.15271
threshold=2.5000000000000004 3.5000000000000004 31.500000000000004 1.6667262206639457 8.8393799507236199 8.4571981819796935 8.2502664735436397 7.0446999326374611 13.500000000000002 6.3771765217870842 0.76651090342679129 13.500000000000002 -0.99266396128577028 -0.12548748025071962 7.8586165216758213 8.3723432244328944 11.500000000000002 32.500000000000007 8.4694794778753977 8.6478545464965979 9.2183881920843636 7.5000000000000009 0.74891304347826104 29.500000000000004 8.0823930816000971 33.500000000000007 7.9378040381484167 7.8377010029108209 8.5317122536680507 64.500000000000014
decision_type=2 2 2 2 2 2 2 2 2 2 2 2 2 2 2 2 2 2 2 2 2 2 2 2 2 2 2 2 2 2
left_child=1 12 3 4 5 6 7 9 -9 -3 -6 -7 -1 -4 27 23 21 18 -18 -20 -21 28 25 -16 26 -19 -25 -14 -17 -26
right_child=-2 2 13 -5 10 11 -8 8 -10 -11 -12 -13 14 -15 15 16 17 22 19 20 -22 -23 -24 24 29 -27 -28 -29 -30 -31
leaf_value=-0.029215148503230561 0.022198017003239312 -0.031447075762179207 -0.016856281926078864 0.012012906181360958 -0.029161309210792248 -0.0049126685927757194 -0.0024713223428747115 -0.0024713223428747115 -0.052098041919000727 -0.0024713223428747115 -0.0024713223428747115 -0.066686722013091948 0.00077469755779340714 0.012012906181360958 0.012012906181360958 0.012012906181360958 -0.013345720126233482 0.0018910088581550232 0.012012906181360958 -0.013035940619655947 0.0031508516823858649 0.012012906181360958 0.012012906181360958 -0.013345720126233482 -0.013345720126233482 -0.013345720126233482 0.012012906181360958 -0.013345720126233482 -0.013345720126233482 0.012012906181360958
leaf_weight=1.3914463985338432 5.0457462950726031 2.5401319358813996 1.7157456119022061 3.5272881375149145 2.9361606557304176 1.0497131241145319 2.6291967341176123 1.7711423872503926 5.0376018876204398 1.6452408092900439 4.3409268460931116 2.1589613844845417 199.96755093932131 8.4946149425554704 66.983008054946481 2.1483401392961259 13.243862930296016 1.009430366508467 18.078297440006622 48.394114489691219 47.079287575208582 19.835274997846 24.09792679210841 3.7153091400873581 11.778984746482362 11.601769616749833 7.5709704651451375 3.3747813508177833 7.8371777670076881 0.72412192612614568
leaf_count=15400 131 323 486 233 276 53 213 175 688 164 375 216 33621 991 8222 92 1770 218 2340 7663 6219 2141 4793 914 2251 3855 1771 517 706 288
internal_value=0.0020624 0.0018278 -0.00510535 -0.0120665 -0.0169556 -0.0249053 -0.0152757 -0.0248165 -0.0371432 -0.00247132 -0.00247132 -0.0524465 0.00237391 0.0120129 0.00252371 0.00424634 0.000880882 -0.00123316 -0.00466148 -0.00143605 -0.00510408 0.0120129 0.010418 0.0113263 -0.000885842 -0.00823089 0.0120129 0.00010795 -0.0119247 -0.0133457
internal_weight=531.724 526.678 37.8467 27.6364 24.1091 16.832 13.6233 10.9941 6.80874 4.18537 7.27709 3.20867 488.832 10.2104 487.44 284.098 193.325 163.505 126.796 113.552 95.4734 29.8208 36.7091 90.7724 23.7894 12.6112 11.2863 203.342 9.98552 12.5031
internal_count=97105 96974 4193 2716 2483 1832 1563 1350 863 487 651 269 92781 1477 77381 43243 29797 26858 17992 16222 13882 2939 8866 13446 5224 4073 2685 34138 798 2539
is_linear=0
shrinkage=0.05


Tree=260
num_leaves=31
num_cat=0
split_feature=5 5 14 5 9 5 14 5 4 5 9 9 16 14 9 9 9 14 0 14 14 14 5 5 12 9 5 5 14 14
split_gain=2.46703 5.41988 3.90068 3.61507 3.98409 2.5266 2.26992 3.29515 2.93604 2.26141 2.40928 2.0485 2.54927 1.93387 1.69697 1.66908 3.72955 4.02841 2.17339 2.16276 2.44354 1.59461 1.53441 2.72507 2.24614 2.37143 1.52457 3.93215 2.04011 2.09357
threshold=8.6938534147366209 8.5989774254172051 25.500000000000004 8.6324788521322411 9.5000000000000018 8.5483116900581226 24.500000000000004 8.7120469130838067 0.69852141769949994 8.7996099934525915 25.500000000000004 14.500000000000002 0.022695081122843169 26.500000000000004 9.5000000000000018 40.500000000000007 42.500000000000007 10.500000000000002 2.6425224776270224 4.5000000000000009 21.500000000000004 1.5000000000000002 8.5148622581873923 8.4355663050602896 1.0000000180025095e-35 22.500000000000004 8.2360076701395872 8.1662635015820513 34.500000000000007 18.500000000000004
decision_type=2 2 2 2 2 2 2 2 2 2 2 2 2 2 2 2 2 2 2 2 2 2 2 2 2 2 2 2 2 2
left_child=1 5 3 4 -3 22 7 -2 -8 10 -10 -11 -13 -12 -4 21 19 -18 -19 -17 -21 -9 23 26 25 -24 27 -1 29 -28
right_child=6 2 14 -5 -6 -7 8 15 9 11 13 12 -14 -15 -16 16 17 18 -20 20 -22 -23 24 -25 -26 -27 28 -29 -30 -31
leaf_value=0.00074418597187878846 -0.051471252005431505 -0.020635883255336919 0.036909450946713114 0.012951887261705076 0.066601657918296642 -0.027014007736906539 -0.030393887969696689 -0.034123582012680814 -0.0061926636439608692 0.044025314762279485 -0.0061926636439608692 -0.0061926636439608692 0.030565299386672559 0.10264772721017501 -0.036078809853918613 -0.022413242792161579 0.031597810506980913 -0.036831527048884233 0.022637892294440062 0.092745656601325832 -0.014465666674464726 -0.0071767389285496185 0.070433738105705912 -0.022381168586716297 -0.010501382071644291 -0.018215431513976588 0.0044233910470005506 -0.033977233697511315 -0.038343829153053392 0.026845679883877833
leaf_weight=275.6461124507403 3.2700074907766057 1.0691463092844111 0.14870612828144603 13.08116814354514 7.5345386416803422 7.391687577134177 2.8662825265666383 4.8816480079403837 0.49844410808805228 2.4191027300075811 0.25275425211657399 8.3812895388113002 4.1737272666971412 0.93551910375231273 2.8161663798666154 0.25083848869689918 4.1223984806533718 5.9187390042368406 1.2428911937749942 1.4523246979238136 0.37023090105685685 112.00369707847585 1.961515645718918 11.729636976210655 2.0235971192293505 0.54708182736999322 37.992592395682777 7.4017995237744563 1.2408002563997786 13.624497484660649
leaf_count=53367 446 61 41 1863 886 1369 1894 57 290 908 56 4576 534 316 1178 4 262 1799 19 296 53 15262 172 2007 273 227 3977 1334 1497 2211
internal_value=-0.000453546 0.00168594 0.0238914 0.0312144 0.054741 0.000101592 -0.00580083 -0.00813376 0.00976927 0.0180086 0.0606219 0.00971398 0.000342692 0.0846427 -0.0240322 -0.00666179 0.0095692 -0.0034351 -0.0250015 0.0584324 0.0735579 -0.00858208 0.000745604 0.000328897 0.0268714 0.0514194 0.001186 -0.000280212 0.00889681 0.0107396
internal_weight=537.249 384.209 24.6497 21.6849 8.60368 359.559 153.04 133.513 19.5271 16.6608 1.68672 14.9741 12.555 1.18827 2.96487 130.243 13.3574 11.284 7.16163 2.07339 1.82256 116.885 352.168 347.635 4.53219 2.5086 335.906 283.048 52.8579 51.6171
internal_count=97235 70463 4029 2810 947 66434 26772 18198 8574 6680 662 6018 5110 372 1219 17752 2433 2080 1818 353 349 15319 65065 64393 672 399 62386 54701 7685 6188
is_linear=0
shrinkage=0.05


Tree=261
num_leaves=31
num_cat=0
split_feature=14 10 0 9 14 9 9 5 9 9 14 10 5 5 5 14 7 5 5 9 16 5 9 9 9 5 7 0 5 14
split_gain=2.1217 6.02643 3.60073 2.46231 1.99659 1.96343 2.76438 2.06614 2.94671 1.8511 1.89755 1.35745 1.07348 1.05709 1.87188 2.08832 5.92392 3.73752 2.00901 1.88073 1.96898 2.5372 2.16634 2.48079 1.80639 4.46884 2.00387 1.78365 1.62204 1.73493
threshold=7.5000000000000009 397.92131650723792 1.1903766698665825 16.500000000000004 3.5000000000000004 18.500000000000004 5.5000000000000009 8.1317869045226381 24.500000000000004 29.500000000000004 5.5000000000000009 15.479772871216472 4.5848686467653996 6.1750421587804452 6.6142136781406604 8.5000000000000018 1.0000000180025095e-35 8.6324788521322411 6.858432694097508 31.500000000000004 0.03548197574384155 6.5216077629755533 26.500000000000004 9.5000000000000018 12.500000000000002 5.5519419209880105 1.5000000000000002 -0.08615862575720977 5.5519419209880105 14.500000000000002
decision_type=2 2 2 2 2 2 2 2 2 2 2 2 2 2 2 2 2 2 2 2 2 2 2 2 2 2 2 2 2 2
left_child=1 2 3 12 -4 6 -3 -7 -9 11 -11 -6 -1 24 19 16 -16 -18 -17 20 21 22 23 -15 25 27 28 -2 -26 -30
right_child=13 5 4 -5 9 7 -8 8 -10 10 -12 -13 -14 14 15 18 17 -19 -20 -21 -22 -23 -24 -25 26 -27 -28 -29 29 -31
leaf_value=0.0016779309289072675 -0.017222777466228321 0.0016779309289072675 0.019409137807362992 0.0016779309289072675 0.049630179990335525 0.0016779309289072675 -0.027772219570766782 0.0016779309289072675 -0.048280247164392054 0.11393228438698021 0.019409137807362992 0.019409137807362992 0.019409137807362992 0.027236567888613041 -0.041033807078757006 -0.024401157429903456 0.056596028960151257 -0.0092484044738063795 0.00053564937309435003 -0.016216538616227748 0.055543827906719405 0.032674124711196233 0.032674124711196233 -0.041587661415400982 -0.02563985584261393 -0.03253768360909403 0.016961246293998932 0.051530471621404651 -4.8450986388590136e-05 -0.023228515301851917
leaf_weight=0.80066189808940436 0.65303767520583722 2.2192641490219129 9.6399973681618594 37.025522918138336 4.9764116444857773 7.5830867600786842 18.885061772369681 3.018187492303241 4.0463356838095024 0.89157062625235883 0.50596065355057362 4.995430238712288 24.582389335925427 1.0407932742104984 9.2683614481486511 7.2719265939557536 2.5506544933978139 2.3529498313505428 341.44789498904652 2.4864236361332805 3.0071697787211633 1.8565998841927465 0.58364553240608064 3.5923318295622266 19.700686975634198 2.4913225707753099 4.1626089494059206 3.864575668447741 5.2051309907565138 7.2308033690826505
leaf_count=76 625 105 208 1483 282 1207 2300 395 510 41 75 307 1081 97 1966 2061 264 174 68240 1015 71 361 262 950 8670 342 211 596 882 2436
internal_value=0.000652467 0.00650946 0.0138234 0.00755035 0.0312679 -0.0104676 -0.0199428 0.00167793 -0.0237763 0.0455668 0.0895043 0.0318126 0.0194091 -0.00102581 -0.000163424 -0.000842869 -0.0190022 0.022537 -5.26495e-05 0.0180726 0.0272305 0.00980442 -0.0105839 -0.0240364 -0.00832986 0.0135604 -0.0128068 0.0402718 -0.0170581 -0.00256676
internal_weight=537.937 119.17 83.4179 62.4086 21.0094 35.7519 21.1043 14.6476 7.06452 11.3694 1.39753 9.97184 25.3831 418.767 375.459 362.892 14.172 4.9036 348.72 12.567 10.0805 7.07337 5.21677 4.63313 43.3082 7.00894 36.2992 4.51761 32.1366 12.4359
internal_count=97293 8070 3553 2640 913 4517 2405 2112 905 705 116 589 1157 89223 75461 72705 2404 438 70301 2756 1741 1670 1309 1047 13762 1563 12199 1221 11988 3318
is_linear=0
shrinkage=0.05


Tree=262
num_leaves=31
num_cat=0
split_feature=12 14 15 14 14 14 11 4 11 14 14 9 12 0 9 16 9 7 9 9 9 4 9 9 14 12 7 4 9 9
split_gain=1.13705 4.31263 2.49297 2.20782 1.58295 2.90308 3.9886 4.0628 2.60403 6.39556 2.82516 2.39066 3.31454 1.82386 1.72092 1.38549 1.33344 3.41581 1.72227 1.66096 2.74067 1.64335 1.56163 2.18709 1.36889 2.33484 1.35312 1.21045 1.21004 2.89181
threshold=2.5000000000000004 4.5000000000000009 2.5000000000000004 25.500000000000004 4.5000000000000009 2.5000000000000004 1.0000000180025095e-35 0.7620499419279908 1.5000000000000002 9.5000000000000018 12.500000000000002 19.500000000000004 1.5000000000000002 0.36230018864117258 41.500000000000007 0.072299651567944254 12.500000000000002 1.0000000180025095e-35 23.500000000000004 21.500000000000004 18.500000000000004 0.8457573354480572 30.500000000000004 31.500000000000004 6.5000000000000009 1.0000000180025095e-35 1.5000000000000002 0.87244472256987915 50.500000000000007 33.500000000000007
decision_type=2 2 2 2 2 2 2 2 2 2 2 2 2 2 2 2 2 2 2 2 2 2 2 2 2 2 2 2 2 2
left_child=4 -2 3 28 5 11 7 -7 10 -10 16 -1 14 27 -13 -4 17 21 19 20 -18 -6 26 -24 -22 -26 -20 -9 29 -3
right_child=1 2 15 -5 8 6 -8 13 9 -11 -12 12 -14 -15 -16 -17 18 -19 22 -21 24 -23 23 -25 25 -27 -28 -29 -30 -31
leaf_value=0.014541305798290091 -0.044880241718026848 0.0028121651914191532 0.013702101437239664 -0.032097410280769442 -0.037808501681611512 -0.033274302453479052 0.053665782025380131 -0.0050643743538394091 0.066483529228650556 0.0093284699398301831 0.0021385379310059987 -0.00749145430438008 -0.043409316707586382 0.030358831267729702 0.027547736861309888 0.050253045000960561 0.0036586194789410666 0.0066872949662935988 -0.02500278405931607 0.0093284699398301831 0.0093284699398301831 -0.0099809617797441044 0.0093284699398301831 -0.010921531782179562 -0.039375008395507928 0.0093284699398301831 0.0093284699398301831 0.012961350858275628 0.013702101437239664 -0.03429693746568914
leaf_weight=16.420217445727701 5.4982887708320041 29.350157266406768 0.85745127085010553 5.464992245690552 12.259765912143054 3.5359653622301748 6.2659738568308958 2.5197652926024134 4.4393713857161847 10.81723051778283 265.76375980794899 14.176879548411312 4.6164577262825324 5.9306099541609001 3.5567535667505572 3.0304182005957045 40.367528228996662 11.569234389857682 18.370322295958662 8.9289580947590803 2.0346843463948963 10.439307513149059 2.0619520199366006 20.103750367665612 8.7612628318754542 2.266251874214503 0.94384091820302174 1.4772909253838404 2.484503252670037 5.3622048354307017
leaf_count=321 67 809 1145 3396 2299 518 122 291 99 1504 63601 189 34 371 36 431 5927 809 3886 1555 347 1543 423 4623 1803 454 65 202 90 191
internal_value=0.000225304 -0.00672062 -0.00136427 -0.00512764 0.000994676 0.00862636 0.0237308 0.00705188 -8.85178e-05 0.0195331 -0.000876158 0.000536517 -0.00993466 0.0231456 0.000631557 0.0325318 -0.00665111 -0.0150689 -0.00375589 0.00151067 -0.0028794 -0.0259718 -0.0115225 -0.00223789 -0.0219079 -0.0285204 -0.0215433 -0.00443613 -0.000428642 -0.00372013
internal_weight=529.675 52.048 46.5497 42.6619 477.627 58.4999 19.7296 13.4636 419.127 15.2566 403.871 38.7703 22.3501 9.92767 17.7336 3.88787 138.107 34.2683 103.839 62.3587 53.4297 22.6991 41.4799 22.1657 13.0622 11.0275 19.3142 3.99706 37.1969 34.7124
internal_count=97151 6129 6062 4486 91022 2084 1504 1382 88938 1603 87335 580 259 864 225 1576 23734 4651 19083 10086 8531 3842 8997 5046 2604 2257 3951 493 1090 1000
is_linear=0
shrinkage=0.05


Tree=263
num_leaves=31
num_cat=0
split_feature=5 5 5 0 3 4 0 4 5 5 4 0 5 5 5 5 5 5 15 0 4 5 5 11 1 5 5 0 5 4
split_gain=1.22202 3.94418 1.80292 3.08452 2.04992 1.1132 2.2925 1.06203 0.985021 1.47626 0.810221 0.662231 0.60775 0.572541 2.17817 1.72858 0.928718 1.96851 1.99911 1.04054 0.919685 0.913487 2.62147 1.41229 2.02446 1.72135 1.25208 1.59687 1.49845 1.4207
threshold=3.8403037988383915 2.7377885089469012 4.8193488608967234 -0.27925531041710955 1.0000000180025095e-35 0.97067423460612334 2.8253796890422285 0.7955767350928642 4.5848686467653996 4.1821387123638578 0.75773524720893148 0.16911247487971823 4.7120821938271709 7.5589554635715812 7.3436509322732038 7.5930074047347764 7.2194222969600093 7.2308620805616561 1.0000000180025095e-35 1.2483025026890977 0.90883116883116888 8.2360076701395872 8.0085094942477912 1.0000000180025095e-35 0.19473149532735479 7.9620658971818896 8.4355663050602896 -0.58656668999891992 8.5148622581873923 0.81096096096096104
decision_type=2 2 2 2 2 2 2 2 2 2 2 2 2 2 2 2 2 2 2 2 2 2 2 2 2 2 2 2 2 2
left_child=1 7 3 -2 8 13 -7 -1 9 11 12 -5 -10 14 16 20 -4 -18 19 -19 -15 22 23 24 25 -17 27 -23 29 -28
right_child=2 -3 5 4 -6 6 -8 -9 10 -11 -12 -13 -14 15 -16 21 17 18 -20 -21 -22 26 -24 -25 -26 -27 28 -29 -30 -31
leaf_value=-0.013145447306834441 -0.04133692633704826 -0.047039190488423428 0.00096193531769400383 -0.0078258141953537926 0.060206636032653041 0.0087622575042558756 0.074891931124900751 0.039348259551418539 0.018993720990393096 -0.0078258141953537926 0.03670812859834649 0.03670812859834649 -0.0078258141953537926 -0.04161504704132267 0.0087622575042558756 -0.026032692709670679 -0.050383804099975539 -0.025846061068608289 0.0087622575042558756 -0.0034214487952093416 0.0087622575042558756 -0.033421798150559678 -0.016438045565151913 0.0087622575042558756 0.0023821298065125401 -0.0069814320034613788 -0.034707178311124742 0.0087622575042558756 0.00029772007966936178 -0.00064509984873734614
leaf_weight=0.87528972422523965 1.0516636545747253 3.8645228576436921 108.44373464930391 0.42792549972721827 2.3679023231443361 7.9723275725605145 0.49019317213242164 1.74638191340955 0.86480471390814295 4.5312438155319796 1.8792652607685338 1.7195312340322741 0.95535309708202476 2.8620445415938316 32.631164720231823 15.793130332449666 1.7339617418265358 8.1030164860412679 3.598124122557123 4.1312374145936692 0.67664795229438812 1.3067206566153675 31.053675593112871 19.740200825835075 26.919892639532691 3.0863994112113451 5.1534464104329327 49.238185314623706 185.31226989936022 6.1688627064323782
leaf_count=319 1613 1656 20808 182 280 1451 21 339 112 875 427 370 120 540 5259 5033 331 2562 335 431 113 2141 5939 2311 2855 1090 1132 5469 32216 835
internal_value=0.000638757 -0.0194237 0.000921351 0.0181286 0.0256853 0.00042554 0.017417 0.0230319 0.0132096 0.000754485 0.03075 0.02921 0.00127931 0.000107547 0.0025869 -0.00102912 -0.000798656 -0.0111339 -0.00409732 -0.0156052 -0.0316855 -0.000622564 -0.00471936 0.000996724 -0.003998 -0.016345 0.000990956 0.00792822 -0.00082336 -0.0177072
internal_weight=534.699 6.48619 528.213 13.7977 12.746 514.415 8.46252 2.62167 10.3781 6.6787 3.69942 2.14746 1.82016 505.953 158.641 347.311 126.01 17.5663 15.8324 12.2343 3.53869 343.773 96.5933 65.5396 45.7994 18.8795 247.179 50.5449 196.635 11.3223
internal_count=97165 2314 94851 3979 2366 90872 1472 658 2086 1427 659 552 232 89400 29726 59674 24467 3659 3328 2993 653 59021 17228 11289 8978 6123 41793 7610 34183 1967
is_linear=0
shrinkage=0.05


Tree=264
num_leaves=31
num_cat=0
split_feature=9 9 16 5 5 5 16 9 12 4 5 5 5 0 4 9 9 4 5 1 1 7 4 0 4 9 9 12 5 9
split_gain=1.14924 1.52433 3.70263 1.95919 1.15556 4.18428 1.8608 1.19684 0.837443 0.816984 1.02843 0.807522 2.95098 1.32087 1.12386 0.852094 3.82863 2.82876 2.16717 2.26466 2.04484 1.51278 1.64608 1.48927 2.68913 2.14289 1.45301 1.43868 1.31946 1.27156
threshold=7.5000000000000009 8.5000000000000018 0.03109959700633276 8.6478545464965979 8.1165658364029749 8.4265301642911705 0.041600106496272639 6.5000000000000009 1.5000000000000002 0.87244472256987915 7.7863301594301992 4.2752083212963798 3.9645267917352025 -0.039054492598341796 0.79329085457271376 35.500000000000007 36.500000000000007 0.68016393442622958 7.9454678019233755 0.42211904592582367 0.043954111992086688 1.5000000000000002 0.78611556982343511 0.7661993606387113 0.82998795664391822 47.500000000000007 58.500000000000007 13.500000000000002 7.6344860539739399 48.500000000000007
decision_type=2 2 2 2 2 2 2 2 2 2 2 2 2 2 2 2 2 2 2 2 2 2 2 2 2 2 2 2 2 2
left_child=4 2 3 8 6 7 -1 -6 9 -2 -11 12 14 -14 -3 -13 17 -17 19 26 29 -22 -23 -21 -25 28 27 -18 -26 -20
right_child=1 11 -4 -5 5 -7 -8 -9 -10 10 -12 15 13 -15 -16 16 18 -19 20 23 21 22 -24 24 25 -27 -28 -29 -30 -31
leaf_value=-0.029358395546774576 -0.037318305939058563 -0.024025827410417172 0.076841465797282585 0.031169882678334926 0.061669654219575057 -0.014980359454292078 0.01323898457258825 0.00023785007638684448 0.020120527131256845 -0.018774686366284769 0.025109352003852298 -5.1854581612141778e-05 -0.0096956074504951362 0.067834284106207052 0.012774401778206275 -0.024861934091811668 -0.031669671954422128 0.052256655314941704 -0.043025526305121402 -0.0057871851366148724 0.0092384966204875196 0.026202304891523483 0.074222560428509401 0.0054949971756678255 0.092099816055578113 0.02568141959010771 -0.0057871851366148724 -0.0057871851366148724 0.02568141959010771 -0.0056789487749011229
leaf_weight=9.5044068012375664 2.1828087514502368 2.6325073004583128 1.274585835923516 3.2253136845793051 1.913866675395183 9.6945203444761301 2.7424936132174471 1.0998911408610184 0.79997397047736729 1.6092446372229008 1.1978770924715716 407.55300141142567 0.40235627444531052 1.7779712778528844 3.8770795591735805 0.83010191446407944 14.772021007382822 5.474156376169617 2.3315041018873894 2.3820476939708888 37.361782972910419 1.2031732210252806 1.5508146300417136 7.259174774719666 1.7330933816592735 1.6983915291184528 2.8353161688498849 0.37496799904056466 0.67740823821441143 0.98336625250209397
leaf_count=1187 385 1216 65 390 140 960 65 89 67 177 108 65912 503 470 1310 263 6658 1252 2267 419 7917 73 55 715 157 169 2270 174 44 1706
internal_value=0.00106409 0.00158553 0.0197563 0.00481889 -0.00920267 0.00145816 -0.0195401 0.0448947 -0.0122889 -0.0199763 -0.000231067 0.001171 0.0154669 0.054977 -0.00332538 0.000885917 0.00552101 0.0400887 0.00213338 -0.00766088 0.00930088 0.0125609 0.0431661 0.00733682 0.0167772 0.0458678 -0.0189112 -0.0265122 0.0744113 -0.0239188
internal_weight=532.955 508 10.2898 9.01522 24.9552 12.7083 12.2469 3.01376 5.7899 4.98993 2.80712 497.71 8.68991 2.18033 6.50959 489.02 81.4673 6.30426 75.1631 31.7324 43.4306 40.1158 2.75399 13.7501 11.3681 4.10889 17.9823 15.147 2.4105 3.31487
internal_count=97183 94742 1192 1127 2441 1189 1252 229 737 670 285 93550 3499 973 2526 90051 24139 1515 22624 10606 12018 8045 128 1504 1085 370 9102 6832 201 3973
is_linear=0
shrinkage=0.05


Tree=265
num_leaves=31
num_cat=0
split_feature=15 0 12 9 9 9 14 14 14 7 14 9 14 9 14 9 9 9 14 14 11 9 12 11 9 14 16 9 9 9
split_gain=1.01834 0.883802 0.818338 2.26821 2.31377 2.24934 1.86661 1.56857 1.50057 1.4382 1.43295 3.00543 2.26238 3.12026 2.20967 1.80973 1.16903 2.02848 2.36686 1.96093 1.18851 1.01977 0.967307 2.08969 0.959876 2.00681 0.95253 2.06492 0.944589 2.29224
threshold=3.5000000000000004 -0.99266396128577028 1.0000000180025095e-35 13.500000000000002 14.500000000000002 21.500000000000004 32.500000000000007 15.500000000000002 7.5000000000000009 1.5000000000000002 12.500000000000002 24.500000000000004 14.500000000000002 35.500000000000007 27.500000000000004 27.500000000000004 34.500000000000007 21.500000000000004 5.5000000000000009 1.5000000000000002 7.5000000000000009 49.500000000000007 4.5000000000000009 8.5000000000000018 23.500000000000004 10.500000000000002 0.020236145236145243 10.500000000000002 28.500000000000004 32.500000000000007
decision_type=2 2 2 2 2 2 2 2 2 2 2 2 2 2 2 2 2 2 2 2 2 2 2 2 2 2 2 2 2 2
left_child=1 -1 5 9 -5 7 8 -3 -7 -4 24 -12 -13 15 21 -14 17 18 -6 -19 -18 -15 28 -24 25 -10 27 -9 -21 -30
right_child=-2 2 3 4 16 6 -8 26 10 -11 11 12 13 14 -16 -17 20 19 -20 22 -22 -23 23 -25 -26 -27 -28 -29 29 -31
leaf_value=-0.029476723323805083 0.025363289749761715 0.0028927180754977199 -0.013639709534304502 0.013045377130585435 0.013045377130585435 0.0075478186598875799 0.013045377130585435 -0.014306666124857918 0.013045377130585435 0.013045377130585435 -0.014306666124857918 0.013045377130585435 0.0039124682892011861 0.013045377130585435 -0.014306666124857918 -0.014306666124857918 -0.01156854361707319 -0.014306666124857918 -0.0098333270089429603 0.013045377130585435 0.013045377130585435 -0.009455582627279125 -0.014306666124857918 0.013045377130585435 -0.014306666124857918 -0.014306666124857918 0.013045377130585435 0.0091654071487595312 -0.011879382042597872 0.013045377130585435
leaf_weight=1.4117611157776071 3.2294211757061921 112.98060234072545 43.416398542591196 7.7533015007077202 9.3286447803639003 25.203337771025872 5.0735115327364602 5.6235739055200602 3.2519761654746189 3.0636763850325215 16.617428937810701 11.926371398642457 13.992715679599085 17.62107716484298 3.6813055974362205 21.603109677873817 30.835102333629948 3.4426393102621651 47.114653700145141 33.628215277726554 2.1650067168093292 5.0714385294443209 7.2241835303034332 3.5849737453918351 23.406878845116353 1.9265352093343606 16.06928798199533 35.749204352901188 12.582793812582169 5.6266470744312747
leaf_count=15637 1173 14042 3651 776 145 2132 2724 816 504 92 2810 2557 2177 4132 1178 4786 7116 23 5765 4852 577 2830 167 665 5417 362 455 6338 2159 890
internal_value=0.000923506 0.000727465 0.000863391 -0.001559 0.00123084 0.00245222 -0.00202102 0.00636195 -0.00333173 -0.0111793 -0.00567771 -0.00251261 0.0022165 -0.00218608 0.01062 -0.0117054 -0.000539085 0.00172413 -0.00518809 0.00761681 -0.00874618 0.0130454 0.00991886 -0.00342835 -0.0143067 0.0063336 0.0130192 0.00528544 0.0127142 0.00155217
internal_weight=534.206 530.976 529.565 209.766 163.286 319.798 149.376 170.423 144.302 46.4801 119.099 90.5134 73.896 61.9696 26.3738 35.5958 155.533 122.533 56.4433 66.0895 33.0001 22.6925 62.6468 10.8092 28.5854 5.17851 57.4421 41.3728 51.8377 18.2094
internal_count=96948 95775 80138 26878 23135 53260 31609 21651 28885 3743 26753 20470 17660 15103 8140 6963 22359 14666 5910 8756 7693 6962 8733 832 6283 866 7609 7154 7901 3049
is_linear=0
shrinkage=0.05


Tree=266
num_leaves=31
num_cat=0
split_feature=14 14 9 14 16 9 9 9 9 14 14 7 12 9 11 9 7 9 14 9 9 7 14 16 14 7 16 9 14 7
split_gain=1.73514 1.74547 1.70535 2.57237 1.74271 3.23754 2.14565 1.60192 1.46766 1.49318 1.32656 3.53752 4.13664 2.22487 1.18576 2.91857 1.13486 1.10445 1.08826 1.06304 1.96413 4.14935 3.11836 2.21775 1.65519 1.91281 2.25269 1.33976 2.21559 1.37544
threshold=1.0000000180025095e-35 1.5000000000000002 8.5000000000000018 8.5000000000000018 0.03109959700633276 7.5000000000000009 7.5000000000000009 21.500000000000004 6.5000000000000009 16.500000000000004 4.5000000000000009 1.0000000180025095e-35 1.5000000000000002 15.500000000000002 1.0000000180025095e-35 5.5000000000000009 1.0000000180025095e-35 13.500000000000002 9.5000000000000018 10.500000000000002 11.500000000000002 1.0000000180025095e-35 23.500000000000004 0.054200940070505292 27.500000000000004 1.0000000180025095e-35 0.036710205774114969 13.500000000000002 5.5000000000000009 1.5000000000000002
decision_type=2 2 2 2 2 2 2 2 2 2 2 2 2 2 2 2 2 2 2 2 2 2 2 2 2 2 2 2 2 2
left_child=-1 7 3 14 6 -6 8 17 9 -5 11 12 -4 -13 15 -3 -17 -2 -8 24 21 22 23 -21 25 -12 -27 28 -22 -30
right_child=1 2 10 4 5 -7 18 -9 -10 -11 19 13 -14 -15 -16 16 -18 -19 -20 20 27 -23 -24 -25 -26 26 -28 -29 29 -31
leaf_value=0.020418833651110815 -0.016161447739818369 0.034075045883940169 -0.0012369233665776803 -0.024078575067390209 0.010580107320557593 0.075480231034777356 0.010580107320557593 -0.030895669058112026 0.010580107320557593 0.010580107320557593 -0.021989259622681803 -0.0012369233665776803 -0.039564566504900166 0.029666775858306495 0.051851969758081998 -0.024832594491995336 0.020100860245750102 0.019678273798208135 -0.036925845451858112 -0.030704531110748452 0.039052186478853022 0.048296047798316068 0.022980154329990048 0.022980154329990048 0.033026277425182958 -0.0066753560308258509 0.040161155983505364 0.0039891729489527142 -0.013371979209262436 0.020040725634794275
leaf_weight=13.346147286152698 3.1650081112166486 2.6275238243479162 14.746154444854826 5.45516049997787 3.9297480912937308 1.3019336817642395 0.4396986264273427 6.2961990369440173 3.7663232709119256 2.0081512151862171 13.34394639292737 4.216839991830283 10.473614239890592 8.3548670105074034 4.091509803525696 3.1974513128220678 1.2279593088660474 3.463632457460335 4.4372087084470877 6.1418316667354684 1.5042651003136622 6.459281082920028 1.2446743610490782 1.2666435392311539 1.3622370423887549 4.7603000712367693 2.4671508085521054 363.59407757604998 27.783252281431036 2.5584792539330001
leaf_count=89 49 208 1272 603 115 58 67 70 645 441 2145 121 99 233 105 532 117 49 765 1243 126 365 410 35 602 416 33 81333 4665 84
internal_value=0.00325177 0.00276882 0.0032466 0.014157 0.00352591 0.0260431 -0.00488292 -0.0147145 0.0073434 -0.0109118 0.00246456 -0.00640713 -0.0169961 0.0145222 0.032546 0.0162981 -0.0109576 0.00269039 -0.0294946 0.00325278 0.00383027 0.0209594 -0.00233574 -0.0185616 -0.00725239 -0.011327 0.00863855 0.00312444 -0.00656937 -0.010005
internal_weight=529.031 515.685 502.76 32.4827 21.3382 5.23168 16.1065 12.9248 11.2296 7.46331 470.278 37.7915 25.2198 12.5717 11.1444 7.05293 4.42541 6.62864 4.87691 432.486 410.553 15.1124 8.65315 7.40848 21.9336 20.5714 7.22745 395.44 31.846 30.3417
internal_count=97095 97006 96838 3656 2694 173 2521 168 1689 1044 93182 1725 1371 354 962 857 649 98 832 91457 88261 2053 1688 1278 3196 2594 449 86208 4875 4749
is_linear=0
shrinkage=0.05


Tree=267
num_leaves=31
num_cat=0
split_feature=2 9 9 0 9 14 11 14 0 14 16 9 14 9 9 9 14 14 14 14 0 11 9 14 14 9 14 14 9 14
split_gain=1.76888 0.909029 1.13492 1.12628 0.792036 1.57863 2.82708 2.08315 3.09155 1.64262 1.85656 1.74531 2.19565 5.09701 2.55953 2.26386 1.69706 1.65694 1.36343 1.32436 2.73219 2.55405 3.01218 1.36403 1.31684 1.31316 1.25079 2.35924 1.27013 1.34549
threshold=1.0000000180025095e-35 53.500000000000007 52.500000000000007 3.1768538210194532 16.500000000000004 25.500000000000004 14.500000000000002 38.500000000000007 0.26226888956510114 21.500000000000004 0.03548197574384155 35.500000000000007 18.500000000000004 44.500000000000007 47.500000000000007 36.500000000000007 20.500000000000004 14.500000000000002 57.500000000000007 25.500000000000004 2.8253796890422285 1.5000000000000002 14.500000000000002 20.500000000000004 24.500000000000004 34.500000000000007 10.500000000000002 7.5000000000000009 14.500000000000002 12.500000000000002
decision_type=2 2 2 2 2 2 2 2 2 2 2 2 2 2 2 2 2 2 2 2 2 2 2 2 2 2 2 2 2 2
left_child=-1 2 4 -3 19 6 9 -7 -9 11 24 16 14 -14 15 -13 25 -17 -10 21 -21 23 -23 26 -11 -6 27 -2 -28 -30
right_child=1 3 -4 -5 5 7 -8 8 18 10 -12 12 13 -15 -16 17 -18 -19 -20 20 -22 22 -24 -25 -26 -27 28 -29 29 -31
leaf_value=-0.027034655449755987 0.0051860458911466289 -0.01244260767287713 0.033987841025800138 0.026124748473039111 0.00046943234549614568 -0.012066545021858142 0.060768588025631169 -0.01244260767287713 0.064296721803984644 -0.0022324608083738491 0.031277633592158259 0.027258118266574111 0.031277633592158259 -0.01244260767287713 0.030993907521845783 0.0028275875538529473 -0.01244260767287713 -0.01244260767287713 0.017445850417871462 0.0088508737482942083 0.065907313070982007 0.010590084069280248 0.05031277078791481 -0.01244260767287713 0.018296291162060375 -0.01244260767287713 0.010590084069280248 -0.01244260767287713 0.010590084069280248 -0.010664266583464733
leaf_weight=4.2470121143841189 39.549529061234352 15.793087011323223 1.8565109559676773 1.1457077641971416 198.66287422556843 37.786921146035183 1.0475130273698585 2.0487284151472513 2.2989829486887179 16.753696261698686 6.4555067963374304 4.719648238431545 4.9111870397755402 2.5184941414227069 6.2742448757217053 21.205265138525196 8.1690281087148815 8.0694979133986617 0.65071290518881131 13.172850681871749 1.6051299442406151 15.396299274408195 4.9991834197953713 14.760243350194285 5.1230366476183908 3.2493187047748497 53.97293210625503 22.78405872724943 4.972866028148931 15.832355347927658
leaf_count=57372 1994 1878 140 15 10710 2472 101 5379 361 1248 103 219 278 115 388 1015 432 517 849 3532 20 278 93 814 341 276 3413 1936 261 808
internal_value=0.00187038 0.00214944 0.0025277 -0.0089319 0.00234933 0.000870386 0.00221197 -0.00797873 0.019784 0.00178668 0.0129986 0.000508927 0.00903962 0.0312776 0.00406963 -0.00164338 -0.00146159 -0.0070493 0.0473343 0.00493965 0.0188325 0.00364604 0.0198219 0.00135827 0.00531495 -0.000313756 0.00294021 -0.00227408 0.00725939 -0.00316919
internal_weight=540.032 535.785 518.847 16.9388 516.99 329.945 287.159 42.7853 4.99842 286.112 28.3322 257.78 47.6983 7.42968 40.2687 33.9944 210.081 29.2748 2.9497 187.045 14.778 172.267 20.3955 151.872 21.8767 201.912 137.112 62.3336 74.7782 20.8052
internal_count=97358 39986 38093 1893 37953 24804 15743 9061 6589 15642 1692 13950 2532 393 2139 1751 11418 1532 1210 13149 3552 9597 371 9226 1589 10986 8412 3930 4482 1069
is_linear=0
shrinkage=0.05


Tree=268
num_leaves=31
num_cat=0
split_feature=9 9 0 14 14 8 9 4 7 0 15 21 17 9 9 14 7 12 9 14 12 14 14 4 14 9 4 9 14 0
split_gain=1.36954 3.53289 1.90099 1.7983 1.6581 1.39192 1.35814 2.51837 1.22825 1.60121 0.985841 0.894815 1.13658 0.882125 1.57051 1.80252 2.42244 1.43547 1.40986 1.43149 1.2799 1.26557 1.88905 1.67813 1.85097 1.25827 1.4059 1.93735 1.18753 3.24187
threshold=38.500000000000007 36.500000000000007 2.4199667199604065 10.500000000000002 11.500000000000002 1.0000000180025095e-35 42.500000000000007 0.76490327674694047 1.0000000180025095e-35 0.63450791714358246 1.5000000000000002 1.0000000180025095e-35 1.0000000180025095e-35 26.500000000000004 25.500000000000004 12.500000000000002 1.5000000000000002 1.5000000000000002 35.500000000000007 13.500000000000002 8.5000000000000018 26.500000000000004 8.5000000000000018 0.82998795664391822 31.500000000000004 31.500000000000004 0.76953601953601958 28.500000000000004 30.500000000000004 1.5772676958670611
decision_type=2 2 2 2 2 2 2 2 2 2 2 2 2 2 2 2 2 2 2 2 2 2 2 2 2 2 2 2 2 2
left_child=1 11 3 8 -5 -4 7 -6 9 -2 -3 12 13 14 28 16 17 -16 20 -20 21 22 -15 24 -23 26 27 -24 -1 -30
right_child=2 10 5 4 6 -7 -8 -9 -10 -11 -12 -13 -14 18 15 -17 -18 -19 19 -21 -22 23 25 -25 -26 -27 -28 -29 29 -31
leaf_value=0.0010249122287786234 -0.015169286173739272 -0.032635026596516362 0.016985426879017995 -0.034676074008613215 -0.016533322181759624 0.050254805128165839 -0.0053617020202342096 0.016985426879017995 0.016985426879017995 0.0087822292565495341 0.013664223853499163 0.035720769896599981 -0.032169495609653841 0.0036431987987400175 -0.040189294306188589 0.017779225446374513 0.017779225446374513 -0.0041369567818630567 -0.017743988870214986 0.017779225446374513 0.017779225446374513 0.0042151682311475057 -0.0095907689948057616 0.017779225446374513 -0.036150279852322824 -0.024073689636980831 0.00045228542443605837 -0.036323196074949153 -0.028192612063150671 0.017779225446374513
leaf_weight=335.77228364745002 7.576976080364604 9.520457854769969 3.1689108366626888 2.5399025374913426 4.9819350191395966 3.6271895526006119 26.82634648609195 7.7896538287914154 6.3264095119166077 3.9095927741141168 0.74210764265660678 0.74394468194441188 1.7570298419769859 19.56962262105867 3.9351137454339087 10.100785248361488 0.55977401903146518 0.9125061872491641 2.1118294836762734 4.9933625536602904 2.3456785222597309 3.8796173884495584 6.1275334569236284 4.183609822723156 2.7076399820089136 19.846069171134559 20.350002460377254 8.048150472199266 9.6118634176566484 3.4098445818999599
leaf_count=37469 892 2737 257 510 1985 71 13966 2074 325 397 126 231 5508 1343 573 1846 14 22 308 1170 584 827 1272 1489 2434 4182 3466 1888 8890 291
internal_value=0.000250968 -0.000703263 0.00689872 0.00381014 -0.001886 0.0301607 0.00101956 0.0138393 0.0166687 0.000579032 -0.0283711 -2.721e-05 -0.000162319 3.00939e-05 0.00114701 0.0162169 -0.00976929 -0.0260531 -0.00425771 0.0157925 -0.00605486 -0.00721335 -0.0095435 0.00823476 -0.00934889 -0.0142698 -0.00811527 -0.0196338 0.000432521 -0.0138263
internal_weight=537.976 471.229 66.7469 59.9508 42.1378 6.7961 39.5979 12.7716 17.813 11.4866 10.2626 460.966 460.222 458.465 364.302 15.5082 5.40739 4.84762 94.1631 7.10519 87.0579 84.7122 73.9414 10.7709 6.58726 54.3718 34.5257 14.1757 348.794 13.0217
internal_count=97147 76670 20477 20149 18535 328 18025 4059 1614 1289 2863 73807 73576 68068 49105 2455 609 595 18963 1478 17485 16901 12151 4750 3261 10808 6626 3160 46650 9181
is_linear=0
shrinkage=0.05


Tree=269
num_leaves=31
num_cat=0
split_feature=5 5 5 5 5 7 16 5 0 4 4 14 14 5 14 4 0 4 5 14 14 16 4 14 13 5 5 0 0 16
split_gain=1.55084 2.90314 1.60527 5.45802 4.08591 4.43338 2.07615 2.00187 3.22983 1.94244 1.92666 1.76514 1.41043 1.22588 3.8549 1.82196 1.78839 1.40896 1.25263 3.41275 2.11109 1.15361 1.08139 1.03116 1.92037 1.90315 1.40074 1.36404 0.940121 0.920328
threshold=8.1662635015820513 8.2025820804304228 8.6078939075746863 8.6165232314057274 8.4355663050602896 1.5000000000000002 0.084219858156028379 8.3958991122946092 0.37378966624900595 0.80934205743366061 0.9678709677419356 12.500000000000002 34.500000000000007 8.1165658364029749 11.500000000000002 0.95670914542728647 2.1678748592597095 0.7914855072463769 8.0930995798579737 21.500000000000004 23.500000000000004 0.062284482758620696 0.713809523809524 7.5000000000000009 0.57179395515112141 8.3371530653228429 8.3723432244328944 1.4550864811895432 1.7267104541893661 0.062284482758620696
decision_type=2 2 2 2 2 2 2 2 2 2 2 2 2 2 2 2 2 2 2 2 2 2 2 2 2 2 2 2 2 2
left_child=13 -2 4 -4 5 7 -6 11 21 -7 12 23 -5 18 17 16 -16 -15 -1 -20 -21 -9 -10 25 29 27 -27 -3 -12 -25
right_child=1 2 3 10 6 9 -8 8 22 -11 28 -13 -14 14 15 -17 -18 -19 19 20 -22 -23 -24 24 -26 26 -28 -29 -30 -31
leaf_value=0.0033650836564022672 -0.043618158401793755 -0.034612617043978472 0.061974793269155261 -0.0016117534234058148 -0.026939426708898418 0.022244032092332805 0.023782245477030829 -0.041103264757183823 -0.0010553662207124642 0.072051453562473153 0.015643562829552655 -0.017802597356068768 0.015643562829552655 0.00021450049234149208 -0.048360773010946399 0.032913235793306635 0.0010565276118976398 0.074275666863719933 -0.042674027517741006 0.086497658288450741 -0.01569357198962372 -0.0010553662207124642 0.022244032092332805 -0.015784731403782153 0.022244032092332805 0.022244032092332805 -0.025592133280750037 0.010683801581598691 0.056474588299151224 0.0084954297671605596
leaf_weight=264.46072091708743 3.1090876257659366 4.7639589199475285 2.6503439518107816 162.07645152673865 23.841296134578503 1.196577614138959 1.4379418138250901 2.250559713923336 1.3248340822137832 2.3699450457497733 2.3355728754172556 22.162786231049552 4.6461857489999252 0.82401597102102586 2.3087141631546055 0.70703212581031483 0.24651482444187411 2.0061312282027757 3.2023361328131155 0.0979098761406475 0.46951420075640726 1.0382188744843004 6.6221764493948285 5.5837130992254043 2.345074788430793 2.0910837403835107 0.74889588904761684 1.7885970957158859 1.298782373221911 1.3955860555252
leaf_count=51677 669 284 344 23699 4228 73 44 1050 160 62 470 4801 5826 95 703 61 18 125 413 38 223 13 417 1136 84 119 77 60 84 33
internal_value=0.000864239 -0.00192231 -0.0012428 0.00148008 -0.00700844 0.000649412 -0.0232591 -0.00342635 0.014449 0.0479144 0.000182751 -0.00856708 -0.000697046 0.00347311 0.0240195 -0.0125093 -0.0308002 0.0583982 0.00291895 -0.0225223 0.0458744 -0.0243548 0.022244 0.00271702 0.0137929 -0.00854766 0.0210629 -0.0224709 0.0319842 -0.00525317
internal_weight=531.401 257.078 253.969 173.007 80.9612 55.682 25.2792 52.1155 11.2358 3.56652 170.357 40.8797 166.723 274.323 6.09241 3.26226 2.55523 2.83015 268.23 3.76976 0.567424 3.28878 7.94701 18.7169 9.32437 9.39254 2.83998 6.55256 3.63436 6.9793
internal_count=97086 43733 43064 30423 12641 8369 4272 8234 1640 135 30079 6594 29525 53353 1002 782 721 220 52351 674 261 1063 577 1793 1253 540 196 344 554 1169
is_linear=0
shrinkage=0.05


Tree=270
num_leaves=31
num_cat=0
split_feature=21 17 9 13 9 14 14 9 14 14 14 14 9 14 14 14 14 9 14 11 9 9 9 4 14 14 9 11 0 9
split_gain=0.969508 1.4987 0.816558 2.64177 2.48835 2.4849 2.36922 2.64622 1.82662 3.40139 3.12704 1.93608 1.81381 1.78107 1.75786 2.71471 2.0542 1.79304 1.68082 1.67571 1.64969 1.53018 1.42693 1.47217 1.10855 1.09571 3.49961 2.14847 1.71864 1.5096
threshold=1.0000000180025095e-35 1.0000000180025095e-35 16.500000000000004 0.84277994578958759 23.500000000000004 21.500000000000004 19.500000000000004 28.500000000000004 11.500000000000002 12.500000000000002 8.5000000000000018 1.5000000000000002 12.500000000000002 4.5000000000000009 2.5000000000000004 7.5000000000000009 11.500000000000002 28.500000000000004 2.5000000000000004 3.5000000000000004 62.500000000000007 32.500000000000007 11.500000000000002 0.78805704099821761 17.500000000000004 15.500000000000002 25.500000000000004 1.0000000180025095e-35 -0.24966117246217837 44.500000000000007
decision_type=2 2 2 2 2 2 2 2 2 2 2 2 2 2 2 2 2 2 2 2 2 2 2 2 2 2 2 2 2 2
left_child=1 2 3 12 8 6 14 -8 10 -10 11 -4 22 18 17 -16 20 -6 -14 -11 -17 -19 23 -1 -21 28 -27 -28 -18 -30
right_child=-2 -3 4 -5 5 -7 7 -9 9 19 -12 -13 13 -15 15 16 25 21 -20 24 -22 -23 -24 -25 -26 26 27 -29 29 -31
leaf_value=-0.012166600730257125 0.03668430913124212 -0.03398366126129012 0.015684026636528618 0.018372199154327133 -0.036377985053007364 0.012129370504676135 0.0082249071312287519 -0.032768170448846209 -0.040546955919003647 -0.0088721591413285332 0.017248800058846225 -0.014578640637538484 0.0074715307961039619 0.0089179532086457354 0.018788026814995761 -0.013337821380866217 -0.022621624972443567 0.018788026814995761 -0.037271646448468608 0.018788026814995761 0.018788026814995761 -0.013973468272280779 -0.017225549750540241 0.0041375693378305047 0.0047547251213778978 -0.034086316907254208 -0.0030649612470207196 0.018788026814995761 0.01788253068198048 -0.004721709101482916
leaf_weight=18.5747813123279 0.89945272440218005 2.0638336872959817 5.8564009737383484 25.527231610281774 4.5694667164125375 54.018201995148388 5.6670986158057977 9.7964688723152431 7.3739338089822004 69.984209598896769 19.007358947936837 23.485488539190555 3.5346780908075734 73.489932031462217 23.623375253830091 29.298254684286352 2.7643310741127598 4.1824131172361367 3.3321508707153953 1.5124172702489875 1.2403592520938662 8.4596737815081706 15.24105225254152 46.319778318865701 3.6864622577570572 5.7865173954310185 21.543968775690931 7.0341922742724128 30.868095749072381 7.103467535352137
leaf_count=2789 262 6751 49 1655 54 22513 767 2647 978 13350 2640 2544 78 9510 2047 5033 2499 37 261 46 206 79 2028 4895 701 844 6239 761 3915 1039
internal_value=0.00102005 0.000891744 0.00109022 0.00375332 -0.000344672 0.002949 -0.000168978 -0.0181579 -0.0057594 -0.010237 0.00193871 -0.00822062 0.00132874 0.00659702 0.0018404 0.00386301 0.000374587 -0.0127279 -0.0162181 -0.00677103 -0.0103585 -0.00213961 -0.00397028 -0.000642992 0.0183816 0.00481782 -0.00174697 0.00573214 0.010265 0.0131782
internal_weight=535.845 534.946 532.882 186.02 346.862 215.956 161.938 15.4636 130.906 82.557 48.3492 29.3419 160.492 80.3568 146.474 129.263 105.639 17.2116 6.86683 75.1831 30.5386 12.6421 80.1356 64.8946 5.19888 75.1006 34.3647 28.5782 40.7359 37.9716
internal_count=97217 96955 90204 21216 68988 48680 26167 3414 20308 15075 5233 2593 19561 9849 22753 22583 20536 170 339 14097 5239 116 9712 7684 747 15297 7844 7000 7453 4954
is_linear=0
shrinkage=0.05


Tree=271
num_leaves=31
num_cat=0
split_feature=5 5 5 4 12 12 12 4 11 12 5 4 7 5 11 5 16 5 5 5 7 11 4 13 16 5 4 5 5 4
split_gain=1.30565 5.00117 1.80114 4.39116 1.78374 1.07967 1.01378 1.68083 1.92275 1.43768 2.98254 2.09607 2.18134 1.05611 1.65961 1.01004 1.3879 0.984017 2.69335 1.19101 1.74529 1.17908 2.73142 1.35774 1.3027 1.29707 0.825163 0.804148 5.73552 4.65025
threshold=8.5883147797559811 8.6324788521322411 8.6078939075746863 0.87244472256987915 1.0000000180025095e-35 3.5000000000000004 2.5000000000000004 0.9644437420986095 4.5000000000000009 1.5000000000000002 9.0759511565307438 0.73896820246593131 1.0000000180025095e-35 9.2183881920843636 1.5000000000000002 8.4970700557207621 0.064866760168302964 3.5218722167826155 4.1821387123638578 2.7377885089469012 1.0000000180025095e-35 2.5000000000000004 0.60081300813008143 0.87822872662719387 0.077677224736048281 4.3628120914230282 0.72554997608799632 9.0859976102339743 9.1980056239386681 0.86497211497211512
decision_type=2 2 2 2 2 2 2 2 2 2 2 2 2 2 2 2 2 2 2 2 2 2 2 2 2 2 2 2 2 2
left_child=15 2 3 4 -2 -4 9 8 -8 27 11 -11 -13 -12 -15 17 -17 19 -19 20 -1 22 -20 -23 -25 -24 -6 -3 29 -29
right_child=1 6 5 -5 26 -7 7 -9 -10 10 13 12 -14 14 -16 16 -18 18 21 -21 -22 23 25 24 -26 -27 -28 28 -30 -31
leaf_value=-0.024993890179165076 -0.043554526925712357 -0.002166595800426962 0.053418474002853114 0.059083276732343495 -0.020511114638826058 -0.0089136981357085792 -0.032328694883272648 0.038203385434106285 0.00112435881396929 -0.0076657591461382762 -0.03220587133471195 0.02642184284795351 0.099552835315103255 -0.022350428075977161 0.023056299779185791 -0.021531632868776223 0.020237752560994391 0.03738933444096959 -0.040865157658449357 -0.041240688101103901 0.039705053745582058 0.0039044932479829243 -0.020679062417313744 0.013074861452478801 0.050934946101053695 -0.00011434020281862541 0.017937675916589565 0.00505996933379327 -3.293883043224817e-05 0.067959758027451245
leaf_weight=1.3681501786882102 2.2272786391363284 58.845294320218329 6.8275758518319662 1.5960683728433194 0.61310958092826673 0.47518323657698136 6.4072929253516753 0.79835419655796513 10.070371812771553 1.201796392869708 1.1083863728438244 2.6263205973898498 1.1984623030186865 2.1752374321501975 4.6866205407261532 9.7256191037536137 1.6101693540258555 3.8670309697785106 3.2503218977917063 2.115409428626549 0.87477268904740402 20.536740987801522 2.1324623917369072 9.4401770885510796 2.1287433319503171 293.19424649796031 0.54374403475003419 5.9942632561869669 69.976639719072011 5.1136868208661781
leaf_count=552 325 11772 950 136 85 45 805 51 1123 347 242 465 92 662 224 1960 39 1671 1589 992 111 2033 644 548 182 55833 136 1432 11640 616
internal_value=0.00140372 0.0048205 0.0343768 0.00863476 -0.0232079 0.0487775 0.00249919 -0.0086626 -0.0129892 0.00380821 0.0190978 0.0456422 0.0605094 -0.000864849 0.00765017 -0.000385159 -0.014439 0.000126009 0.000465101 -0.0211321 0.00470214 -7.81189e-05 -0.0010674 0.00887639 0.0222452 -0.000492967 0.0179377 0.00226266 0.00546433 0.037238
internal_weight=532.73 182.486 12.283 4.9802 3.38413 7.30276 170.203 17.276 16.4777 152.927 12.9968 5.02658 3.82478 7.97024 6.86186 350.244 11.3358 338.908 334.55 4.35833 2.24292 330.683 298.577 32.1057 11.5689 295.327 1.15685 139.93 81.0846 11.108
internal_count=97302 31148 1677 682 546 995 29471 1979 1928 27492 2032 904 557 1128 886 66154 1999 64155 62500 1655 663 60829 58066 2763 730 56477 221 25460 13688 2048
is_linear=0
shrinkage=0.05


Tree=272
num_leaves=31
num_cat=0
split_feature=9 4 9 9 9 9 9 9 16 0 0 9 9 9 9 4 9 0 9 0 1 4 0 16 4 7 16 9 7 4
split_gain=0.902273 1.2922 0.847311 1.09339 1.74067 1.29896 2.14538 2.30207 3.81997 1.93709 1.74726 1.54042 1.16365 1.02134 0.9896 1.12756 1.04276 0.961462 0.951069 0.947153 0.853507 0.822403 0.803453 0.761482 0.718733 0.698955 0.696009 0.679857 0.750638 0.672784
threshold=76.500000000000014 0.83409785932721725 73.500000000000014 65.500000000000014 61.500000000000007 53.500000000000007 47.500000000000007 48.500000000000007 0.029278497805898567 2.0434292262987106 0.030081969494015304 33.500000000000007 35.500000000000007 57.500000000000007 10.500000000000002 0.68583234946871319 8.5000000000000018 2.8253796890422285 59.500000000000007 0.088879622242401798 0.065837195866608814 0.94654761904761908 -0.0093489248246467725 0.15430402930402934 0.9644437420986095 1.0000000180025095e-35 0.080540540540540564 4.5000000000000009 1.0000000180025095e-35 0.88589511754068728
decision_type=2 2 2 2 2 2 2 2 2 2 2 2 2 2 2 2 2 2 2 2 2 2 2 2 2 2 2 2 2 2
left_child=2 -2 3 4 5 6 11 10 9 21 -8 14 -13 26 15 -1 27 -14 22 -6 -4 -9 -15 24 -16 -21 -7 28 -17 -19
right_child=1 -3 20 -5 19 13 7 8 -10 -11 -12 12 17 18 23 16 -18 29 -20 25 -22 -23 -24 -25 -26 -27 -28 -29 -30 -31
leaf_value=-0.03321798223762034 -0.0381628537876171 0.012893154581286363 -0.013853830515342275 -0.023052209678823134 -0.013278554536654698 -0.037524583141292096 -0.014908647924876459 -0.041931681460004692 0.04906693259361828 0.016485763086519983 0.068321220082174935 -0.018811399891782175 -0.0035225916478590969 -0.018111491845210839 0.0033480680653302148 -0.017266982429908966 -0.0087666943684462997 0.010197049946474093 -0.018626666760531103 0.016819778533074457 0.047551232561119275 -0.0081458929981769925 0.033221965488285717 0.02750867744038793 0.015622673583886219 0.066328369346760827 0.013186203766099545 0.0072851454381547658 0.01197389282624424 0.043750899656371661
leaf_weight=1.9090160475460027 2.2081188432209156 1.3773263105354656 0.28370309925810377 3.2783998979282378 0.35352571297391877 3.6742642119970124 0.38990979430155759 3.4904083254689913 2.4658114230560386 1.5488410599227789 2.3973202762435903 11.599623279139449 52.735917735983151 0.3426353385254971 368.40665503333514 3.4021171270178447 25.713371786175344 1.2449218829278828 1.9783691532223313 1.193062292215018 0.91220674605324348 0.45973923562610242 1.6514085616340708 2.4270879897444493 10.103578869647093 1.013407268233095 0.28385548962978635 29.419681912293072 1.8364749068459785 1.1546506974291331
leaf_count=536 1455 459 159 1423 571 1668 384 2455 107 105 333 3429 13444 363 59777 302 3099 60 610 390 213 228 338 265 1770 87 8 3075 62 27
internal_value=0.00209503 -0.0200154 0.00228004 0.00214854 0.00234709 0.00210832 0.00242824 0.0235568 0.0073011 -0.0160954 0.0558158 0.00193752 -0.00509337 -0.0168164 0.00300524 -0.00280332 -0.00131598 -0.00192362 0.00166736 0.0372103 0.033309 -0.0327775 0.0212982 0.00395976 0.00373667 0.0469181 -0.0319618 0.00430262 -0.01093 0.0239167
internal_weight=539.255 3.58545 535.67 534.474 531.196 528.636 520.705 10.752 7.9648 5.49899 2.78723 509.953 66.7351 7.93053 443.218 62.2807 60.3716 55.1355 3.97241 2.56 1.19591 3.95015 1.99404 380.937 378.51 2.20647 3.95812 34.6583 5.23859 2.39957
internal_count=97202 1914 95288 94916 93493 92445 89458 3612 2895 2788 717 85846 16960 2987 68886 7074 6538 13531 1311 1048 372 2683 701 61812 61547 477 1676 3439 364 87
is_linear=0
shrinkage=0.05


Tree=273
num_leaves=31
num_cat=0
split_feature=5 5 5 1 9 9 7 9 12 0 9 3 9 5 5 4 12 5 5 9 5 1 5 9 5 5 5 5 5 5
split_gain=1.07203 2.85334 2.65172 6.90923 2.18465 2.41432 1.50214 1.35604 2.11636 3.30632 3.63382 2.03402 1.35119 3.42856 3.41692 7.36428 5.72149 2.34561 3.12039 3.35081 5.65867 3.31377 2.84751 3.72004 3.15112 2.70846 2.58623 2.19338 4.77435 1.9671
threshold=8.2360076701395872 8.1662635015820513 8.2502664735436397 0.15116986965726464 69.500000000000014 62.500000000000007 1.5000000000000002 34.500000000000007 1.0000000180025095e-35 2.3442155803461335 58.500000000000007 1.0000000180025095e-35 11.500000000000002 8.3584718107074547 9.1980056239386681 0.77560556933053604 1.0000000180025095e-35 8.3647054306170894 8.5883147797559811 24.500000000000004 8.4107407910519232 0.54901866278369138 8.3584718107074547 14.500000000000002 8.3442946791835038 8.3287557939817756 8.3371530653228429 9.1868023592010832 8.6938534147366209 8.4265301642911705
decision_type=2 2 2 2 2 2 2 2 2 2 2 2 2 2 2 2 2 2 2 2 2 2 2 2 2 2 2 2 2 2
left_child=1 7 3 -2 5 12 -3 -1 -9 10 11 -10 13 -4 15 -15 -17 22 19 29 -21 27 23 25 26 -14 -25 28 -20 -19
right_child=2 6 4 -5 -6 -7 -8 8 9 -11 -12 -13 17 14 -16 16 -18 18 21 20 -22 -23 -24 24 -26 -27 -28 -29 -30 -31
leaf_value=0.0011704190946948288 -0.046534053734732517 -0.03639183784867276 -0.030087129998676868 0.08364266525414682 -0.039088951399483915 0.046535721635280837 0.022884704205988291 0.00077451406268725037 -0.046161146016893043 0.03820626193204197 0.0048223315217716086 0.0048223315217716086 0.012619161922705596 -0.023774941247461222 -0.0054830953751942449 0.062561171688956835 0.008446040087611224 -0.04700305376860342 0.0042555094983341589 0.043725767611808485 -0.021566881126716481 0.012120874088997745 0.06087476656980563 0.0017179709577774473 -0.035196783385507684 0.10306884983702741 0.055479054036643743 0.0041434960232408563 -0.02124549335877772 -0.012749905958043463
leaf_weight=228.98276071567534 0.7670781860932715 6.9111869169626052 3.6477053094498038 2.0086640053741576 2.1061429960049045 2.166337534442845 0.54904290328113337 25.094699298047033 11.517790409370207 1.2188294451434547 2.3241541053771462 1.5975232446758134 2.3695400280089483 5.0097062407430739 12.142320716587617 10.838383047019763 7.7081265922242883 7.471711919640831 14.503171292803584 4.5198410957804054 7.3514015903934933 50.110221530562285 1.9954321765281964 15.044118700870573 3.9747676965582164 0.63001349156411368 1.642444268501891 46.570837283167577 35.084112930417746 10.413129712396083
leaf_count=38412 204 1345 370 121 1107 628 19 9335 4006 77 1245 314 223 671 1498 1053 632 1104 3265 875 2208 3271 273 2320 548 105 260 10131 9825 1575
internal_value=0.000883589 -0.00124583 0.00326697 0.0448715 0.00261591 0.00313569 -0.02984 -0.000350993 -0.00852697 -0.0217894 -0.0285616 -0.0392598 0.00255495 0.0109086 0.0158033 0.0265521 0.040667 0.000879438 -0.00120714 -0.0156869 0.00475833 0.00182506 0.0147034 0.00849897 -4.30344e-05 0.052637 0.00984723 -0.00360986 -0.0108295 -0.028791
internal_weight=526.271 278.196 248.075 2.77574 245.299 243.193 7.46023 270.736 41.753 16.6583 15.4395 13.1153 241.027 39.3462 35.6985 23.5562 18.5465 201.681 176.024 29.7561 11.8712 146.268 25.6563 23.6609 20.6613 2.99955 16.6866 96.1581 49.5873 17.8848
internal_count=97020 54753 42267 325 41942 40835 1364 53389 14977 5642 5565 4320 40207 4224 3854 2356 1685 35983 32254 5762 3083 26492 3729 3456 3128 328 2580 23221 13090 2679
is_linear=0
shrinkage=0.05


Tree=274
num_leaves=31
num_cat=0
split_feature=14 12 5 5 9 16 9 9 14 7 5 4 5 9 5 5 12 9 5 5 14 12 5 14 16 14 9 12 15 9
split_gain=1.50402 2.09397 2.00897 6.55993 2.05813 1.51859 1.48553 2.72836 2.25852 3.984 1.83366 1.79951 4.01717 1.65345 1.61351 2.78119 2.2778 1.87503 1.98967 1.55053 1.47555 1.41266 1.35986 1.86433 1.26782 1.50246 1.40592 2.8193 2.2662 1.78234
threshold=18.500000000000004 7.5000000000000009 4.766488736963427 3.9645267917352025 10.500000000000002 0.084219858156028379 36.500000000000007 38.500000000000007 10.500000000000002 1.0000000180025095e-35 6.9325797058159599 0.83889506859473506 9.2082807187888704 41.500000000000007 2.7377885089469012 4.5848686467653996 1.5000000000000002 12.500000000000002 3.8403037988383915 7.195578952690652 17.500000000000004 1.5000000000000002 8.3442946791835038 5.5000000000000009 0.087337909992372245 45.500000000000007 10.500000000000002 1.0000000180025095e-35 1.0000000180025095e-35 14.500000000000002
decision_type=2 2 2 2 2 2 2 2 2 2 2 2 2 2 2 2 2 2 2 2 2 2 2 2 2 2 2 2 2 2
left_child=6 2 3 -2 -5 -3 14 -8 9 21 -11 19 -13 -14 -1 16 17 18 -16 -10 -19 22 -9 -24 25 26 27 28 -4 -28
right_child=1 5 24 4 -6 -7 7 8 11 10 -12 12 13 -15 15 -17 -18 20 -20 -21 -22 -23 23 -25 -26 -27 29 -29 -30 -31
leaf_value=0.03869360516607076 -0.033631737936022414 -0.031641616599030337 -0.018323132014029183 -0.015754432903593768 0.076716010793945619 0.024167521255907667 -0.03676815693596 0.016234714443795119 -0.0072999569452676001 0.016234714443795119 0.053538400259943067 -0.0072999569452676001 -0.0072999569452676001 0.089042291431543505 0.057974685670297982 0.0019860784192705177 -0.076226972789144226 -0.033390631743320423 -0.015881388580126526 -0.031620198598283904 0.031407710894371318 -0.027540210146927563 0.01578144977058759 -0.041512037633087043 0.033545409065375183 -0.031856503901230238 0.019385594048669665 -0.033858915894457851 0.019385594048669665 0.0051095341354175181
leaf_weight=1.8980213241986792 1.7323662513547322 4.8359285551002804 3.3954450494090889 0.34624718832299128 3.4004029091787515 0.75425837137663609 5.9817150699408321 4.9651373725434969 3.7120345554106988 1.033637206502134 5.2192054956421998 5.5784240402327887 0.27472444426916798 0.721847681550571 0.77126279365677231 316.72485918434541 0.85026573522304705 5.0562557044233927 1.2072108639777068 11.96809244757719 0.22406984068106783 4.1679476269191573 1.9650850180150885 1.9553815458771167 3.1111917005941896 1.7053256737905247 14.157513745699474 5.3132590182621016 1.970310970154969 116.87229298311013
leaf_count=316 1097 2620 554 82 1268 115 1233 820 1128 58 270 1367 36 142 171 39372 63 1543 262 2962 104 71 49 404 381 11359 1990 577 54 26483
internal_value=0.00206573 0.00614651 0.00730088 0.0346469 0.0666516 -0.021587 0.000335651 -0.00782844 -0.00289728 0.00936161 0.0391445 -0.0134772 0.00767533 0.0695611 0.00154388 0.00120873 -0.0260381 -0.0116412 0.0227079 -0.0222752 -0.0260778 -0.00667506 0.00490796 -0.0154234 0.0060504 0.00522578 0.00589213 -0.0108583 0.0136584 0.0073292
internal_weight=531.87 157.595 152.004 5.47902 3.74665 5.59019 374.275 47.5432 41.5615 19.3064 6.25284 22.2551 6.575 0.996572 326.732 324.834 8.10906 7.2588 1.97847 15.6801 5.28033 13.0536 8.8856 3.92047 146.525 143.414 141.709 10.679 5.36576 131.03
internal_count=96951 46580 43845 2447 1350 2735 50371 8540 7307 1672 328 5635 1545 178 41831 41515 2143 2080 433 4090 1647 1344 1273 453 41398 41017 29658 1185 608 28473
is_linear=0
shrinkage=0.05


Tree=275
num_leaves=31
num_cat=0
split_feature=5 9 12 16 14 14 14 14 9 5 9 15 9 9 14 3 12 5 16 5 8 5 9 14 5 5 9 14 9 5
split_gain=1.27466 1.89834 3.80526 3.45314 2.37457 2.03014 1.72626 2.20874 2.04849 1.44232 1.74769 1.42225 1.4102 1.31982 1.09769 2.04341 3.43977 1.81939 1.5875 1.51173 1.3001 1.02551 3.73744 1.56551 1.00765 1.02829 1.00669 0.987941 1.35511 1.71872
threshold=5.0165011510177271 26.500000000000004 1.5000000000000002 0.036710205774114969 22.500000000000004 27.500000000000004 18.500000000000004 10.500000000000002 41.500000000000007 5.3088430155903028 11.500000000000002 1.5000000000000002 39.500000000000007 32.500000000000007 32.500000000000007 1.0000000180025095e-35 1.0000000180025095e-35 8.6938534147366209 0.074537037037037054 7.1587901799666662 1.0000000180025095e-35 8.3287557939817756 16.500000000000004 44.500000000000007 5.3726901768364668 5.4348382462762013 16.500000000000004 1.0000000180025095e-35 20.500000000000004 4.4390688177658832
decision_type=2 2 2 2 2 2 2 2 2 2 2 2 2 2 2 2 2 2 2 2 2 2 2 2 2 2 2 2 2 2
left_child=1 2 3 5 6 27 7 13 -9 10 -2 -12 -8 -3 24 16 19 -17 20 -16 -18 -21 -23 -24 -11 26 -26 -1 -29 -30
right_child=9 4 -4 -5 -6 -7 12 8 -10 14 11 -13 -14 -15 15 17 18 -19 -20 21 -22 22 23 -25 25 -27 -28 28 29 -31
leaf_value=0.028461529550712412 0.024294467059241789 0.068950053990918692 -0.048347417182718462 0.056653631933815854 -0.013067558036982852 0.028461529550712412 0.092719650760829608 -0.033971679033668156 0.03592801579630827 0.033106918375828208 -0.043351253534625746 0.017083292031023111 -0.00884715454540232 -0.010737236544050104 -0.02312381528474583 0.026714930887137903 -0.041289875920389137 0.082630801525276076 0.023935198987053381 0.026714930887137903 -0.0027723499699568695 0.026714930887137903 -0.045986317619082756 0.024934800211135331 0.0086814904277717798 0.0010193480923596449 -0.0468168136865326 -0.023362707890901391 0.028461529550712412 -0.01972320529012889
leaf_weight=0.47783186644665399 0.90338490194062515 1.1836339299277359 2.0631849257881631 2.4692666124710732 1.7655950777178757 0.85396891902917182 1.3038233627968336 1.8099209853448885 0.70993929743792694 1.4325393713133951 4.0783000671476088 0.63567777800562897 0.2103159434640246 0.36696810257467394 0.80886458461515243 1.2208559503829968 4.4087108916050397 1.2022359847717323 0.95253950121241349 2.6999945621213328 1.2735849053885315 1.058278348904196 2.4997321990374535 0.31505798140858576 0.87869771023861121 488.51980665804899 1.1828383268601781 7.4114807430742058 1.93761132769032 1.860550079762447
leaf_count=4 220 177 362 85 1234 465 279 719 348 260 1713 54 193 277 1008 554 10418 240 218 1921 1860 456 764 1140 73 68233 202 2592 590 459
internal_value=0.00168406 0.0126149 0.00288249 0.0125038 0.0321697 0.000269427 0.0462842 0.0200891 -0.00966601 0.00114125 -0.0220581 -0.0336382 0.0807043 0.0532754 0.00144035 0.0137701 0.00493828 0.0484916 -0.0196807 0.0267149 -0.0294799 0.0267149 -0.0012728 -0.0335927 0.00100127 0.000840364 -0.0280525 -0.00776231 -0.0119384 0.0105773
internal_weight=538.495 24.4241 17.0739 15.0107 7.3502 12.5414 5.5846 4.07046 2.51986 514.071 5.61736 4.71398 1.51414 1.5506 508.454 16.4399 14.0168 2.42309 6.63484 7.38193 5.6823 6.57306 3.87307 2.81479 492.014 490.581 2.06154 11.6875 11.2096 3.79816
internal_count=97118 7784 4557 4195 3227 4110 1993 1521 1067 89334 1987 1767 472 454 87347 18579 17785 794 12496 5289 12278 4281 2360 1904 68768 68508 275 3645 3641 1049
is_linear=0
shrinkage=0.05


Tree=276
num_leaves=31
num_cat=0
split_feature=21 17 9 14 5 5 13 5 14 5 5 5 5 5 5 5 14 13 9 0 9 5 5 5 5 16 14 14 5 5
split_gain=1.01979 1.44073 0.928042 1.74653 2.47624 2.69676 1.65422 1.54564 2.5063 1.36186 1.49469 1.87567 1.89108 2.55961 1.8286 2.74118 2.22419 2.06231 1.50457 1.36983 1.51297 1.40543 3.23578 1.33991 1.2951 1.21705 1.19179 3.27766 1.19121 2.84854
threshold=1.0000000180025095e-35 1.0000000180025095e-35 20.500000000000004 2.5000000000000004 8.0823930816000971 7.2531084142030116 1.0000000180025095e-35 4.5848686467653996 20.500000000000004 4.8193488608967234 5.1003242759222021 5.602725589693784 6.0254102723562619 6.3771765217870842 6.858432694097508 7.0608104706189101 20.500000000000004 0.83887301587301599 18.500000000000004 2.8253796890422285 16.500000000000004 7.4947109208836489 7.3652578699734184 6.9730213621707078 7.8140156039444237 0.042644117112202222 33.500000000000007 38.500000000000007 8.6324788521322411 8.7351823590757451
decision_type=2 2 2 2 2 2 2 2 2 2 2 2 2 2 2 2 2 2 2 2 2 2 2 2 2 2 2 2 2 2
left_child=1 2 7 4 5 -4 26 8 -1 -9 -11 -12 18 -14 16 23 17 -15 -13 21 -21 22 25 -16 -8 -17 -5 -28 -23 -30
right_child=-2 -3 3 6 -6 -7 24 9 -10 10 11 12 13 14 15 19 -18 -19 -20 20 -22 28 -24 -25 -26 -27 27 -29 29 -31
leaf_value=-0.03700034199895897 0.036907224305184831 -0.033764713450387542 -0.021565413125888697 0.0020974516055904452 -0.028410209676344264 0.018793621922182632 0.017850668391388536 0.018793621922182632 0.018793621922182632 -0.034010527035632898 0.018793621922182632 -0.03696558581853681 0.018793621922182632 -0.037886297106201498 -0.0058625053254292335 -0.01015797170601637 0.018793621922182632 0.016708252724877453 0.017740617960408874 0.018793621922182632 0.005063498792319451 0.0027079783560416746 -0.036997124585279532 0.018793621922182632 0.0056236860924508501 0.005063498792319451 -0.048064321905842623 0.0056236860924508501 -0.029778960752530666 -0.0018284898055597469
leaf_weight=5.5649687753651724 0.95018771296918103 2.0192793773010171 4.8676768081877544 157.24741827015919 9.3323768624595669 6.8028048075912011 31.272118412480097 1.5660173428763062 1.3631855073427912 2.3781790049155225 6.6730560810464103 5.0158621918027384 6.6899679421059082 8.5906794233433157 5.3071092126065178 17.083456490114266 1.9894422789417365 1.5078258923458623 0.94481490196471885 9.9800715165401908 3.4445457334950325 92.232192726624078 8.5055385959620917 6.7652268229377341 49.18647658547809 4.7398342614214917 3.2992685868965728 2.0262374191552226 9.5948523045364009 66.450570593441853
leaf_count=629 270 6757 60 34880 100 61 6739 247 304 355 856 722 818 938 580 2765 417 26 162 175 70 11274 1138 565 9800 103 1176 4180 1386 9616
internal_value=0.000813498 0.00068002 0.000874438 0.00296988 -0.0105467 0.00485274 0.00417643 -0.00120584 -0.0229538 -0.000539219 -0.000968327 -0.000529403 -0.00129454 -0.000555813 -0.00153931 -0.000476213 -0.0197062 -0.0289637 -0.0269913 -0.0018509 0.0130451 -0.00291809 -0.0126434 0.0187936 0.00999321 -0.0019465 0.00125416 -0.020041 -0.00110095 -0.00569581
internal_weight=533.391 532.441 530.422 264.034 21.0029 11.6705 243.032 266.387 6.92815 259.459 257.893 255.515 248.842 242.881 236.191 224.103 12.0879 10.0985 5.96068 212.031 13.4246 198.606 30.3288 12.0723 80.4586 21.8233 162.573 5.32551 168.278 76.0454
internal_count=97169 96899 90142 56996 221 121 56775 33146 933 32213 31966 31611 30755 29871 29053 27672 1381 964 884 26527 245 26282 4006 1145 16539 2868 40236 5356 22276 11002
is_linear=0
shrinkage=0.05


Tree=277
num_leaves=31
num_cat=0
split_feature=14 9 9 12 12 14 7 11 16 9 9 14 13 13 9 9 9 0 12 16 11 12 14 14 9 16 7 4 9 0
split_gain=1.42792 2.21087 1.94101 1.82398 1.81727 1.76356 1.59276 1.5864 1.53619 1.4602 1.56664 1.46951 1.41411 1.35413 1.23828 2.58195 2.21924 2.15948 1.87714 1.81638 1.68548 2.23136 1.67792 1.49876 1.35823 1.35541 1.28748 1.25526 1.15736 3.77946
threshold=21.500000000000004 48.500000000000007 47.500000000000007 1.0000000180025095e-35 8.5000000000000018 17.500000000000004 1.0000000180025095e-35 11.500000000000002 0.072299651567944254 7.5000000000000009 11.500000000000002 30.500000000000004 0.80120384015197788 0.80502182347235707 35.500000000000007 34.500000000000007 43.500000000000007 0.45744136699351562 4.5000000000000009 0.10840188014101058 4.5000000000000009 3.5000000000000004 20.500000000000004 1.5000000000000002 9.5000000000000018 0.048900047824007663 1.5000000000000002 0.85028735632183916 18.500000000000004 2.3442155803461335
decision_type=2 2 2 2 2 2 2 2 2 2 2 2 2 2 2 2 2 2 2 2 2 2 2 2 2 2 2 2 2 2
left_child=1 2 7 5 9 -4 -3 14 -6 -2 11 -11 -9 -8 15 20 18 -18 23 -17 21 22 24 -16 -1 -22 -24 -19 29 -12
right_child=4 6 3 -5 8 -7 13 12 -10 10 28 -13 -14 -15 16 19 17 27 -20 -21 25 -23 26 -25 -26 -27 -28 -29 -30 -31
leaf_value=0.007469945283880338 -0.028527902339089747 -0.028854025835675309 0.078724140324646627 -0.017159326915817046 -0.038319722270397913 -0.013481447078419296 -0.010277598492737051 0.017803652294726906 0.022661567030395964 0.041497898897744523 -0.0099113054026609762 -0.0080486060244130669 0.064330181353610821 0.033735967596936846 -0.018679358539547657 -0.047239945999944785 -0.03981275097667851 -0.011581588409989886 -0.031726471100618374 0.017803652294726906 0.007469945283880338 -0.02865269108449997 -0.023536706680538772 0.017803652294726906 -0.00069520893571558629 0.017803652294726906 0.007469945283880338 0.017803652294726906 0.010370305985822881 0.046745426346119924
leaf_weight=41.131327767651896 1.7037769916996683 9.9198591954369721 1.1514463601008622 0.56120538822142396 2.8702734447432472 0.34374244931700548 5.636894859603216 1.0767769682133796 0.66424190157340479 5.3167013276272419 20.975574169056134 1.5841428774472204 1.2413496814842799 1.3739942433917347 2.0532705897931072 3.5336114469462241 3.1388871988333431 4.2424634389740277 1.1385954049183045 0.22217325179371972 8.5069078649867134 6.0098566802662381 11.056808106683773 27.635422955165268 291.34850370990034 6.9097203133096619 1.1091366835653378 2.1700158651665333 67.986049625086935 2.4010879710694999
leaf_count=3999 448 3706 172 97 2492 83 817 115 83 526 5497 924 32 42 18 926 1103 444 35 3 229 81 1806 5340 40550 74 33 163 27306 64
internal_value=0.00155182 0.00028117 0.00102222 0.0407231 0.00679595 0.0606187 -0.0169097 0.000726311 -0.0243893 0.00812919 0.00904578 0.030545 0.0351606 0.00148269 0.000446686 -0.000469854 0.00864976 -0.0115569 0.0150769 -0.0370739 5.66871e-06 -0.000725398 -0.000156921 0.0178037 0.000534734 0.0156653 -0.0176639 0.00577942 0.00710877 -0.00241302
internal_weight=535.014 431.512 414.581 2.05639 103.502 1.49519 16.9307 412.525 3.53452 99.9673 98.2636 6.90084 2.31813 7.01089 410.207 369.828 40.3787 9.55137 30.8273 3.75578 366.072 350.656 344.646 29.6887 332.48 15.4166 12.1659 6.41248 91.3627 23.3767
internal_count=97208 59868 55303 352 37340 255 4565 54951 2575 34765 34317 1450 147 859 54804 47701 7103 1710 5393 929 46772 46469 46388 5358 44549 303 1839 607 32867 5561
is_linear=0
shrinkage=0.05


Tree=278
num_leaves=31
num_cat=0
split_feature=5 5 14 11 14 5 9 9 5 9 5 4 14 5 5 15 9 5 5 14 14 4 9 5 5 9 5 14 14 14
split_gain=1.70911 2.47672 3.06274 3.20582 2.6669 3.148 4.10472 3.62127 3.38022 2.66169 5.18714 2.43678 2.40431 2.0802 2.30052 2.28389 1.94368 1.82753 1.82438 1.76819 2.15257 1.69906 1.94511 2.82285 2.81959 2.76225 2.53988 2.20613 1.8079 2.76321
threshold=7.6548404172412594 7.5258008835461299 26.500000000000004 13.500000000000002 30.500000000000004 6.4269917435482302 23.500000000000004 23.500000000000004 7.0274084446110585 14.500000000000002 7.5589554635715812 0.9644437420986095 27.500000000000004 7.4022358208472392 7.3436509322732038 1.5000000000000002 31.500000000000004 7.4947109208836489 5.602725589693784 22.500000000000004 6.5000000000000009 0.9644437420986095 17.500000000000004 6.2703899791575219 6.9730213621707078 41.500000000000007 6.9533604670244555 4.5000000000000009 5.5000000000000009 15.500000000000002
decision_type=2 2 2 2 2 2 2 2 2 2 2 2 2 2 2 2 2 2 2 2 2 2 2 2 2 2 2 2 2 2
left_child=1 2 3 13 5 7 -7 12 -8 -3 19 -12 -4 14 21 17 -16 -15 -14 20 -11 22 24 28 27 -25 -27 -1 -24 -30
right_child=-2 9 4 -5 -6 6 8 -9 -10 10 11 -13 18 15 16 -17 -18 -19 -20 -21 -22 -23 23 25 -26 26 -28 -29 29 -31
leaf_value=0.014617387278316503 -0.0020750262165560645 0.047333161832993055 -0.01846310507711444 0.064395147952237358 -0.001414066075910611 0.0017576272961246546 0.14417203783252211 -0.037436765981078639 0.034640202356771198 -0.010402884619096019 -0.029757829297000743 0.039886700398124135 0.092348134388054004 -0.032648832690328047 0.031730136118270559 0.031730136118270559 -0.010784311724579205 0.0039137051655148336 -0.011536337094335096 -0.010704304423916882 0.076180474517401162 0.031114032329052618 -0.024921023347245115 -0.02049581289468734 0.014617387278316503 -0.033840535805301067 0.014617387278316503 -0.0094208156711432789 0.014617387278316503 -0.0098799254955323282
leaf_weight=5.8539939696398724 342.1384245837084 5.4669079014338449 0.64604754387119312 0.9002566721464963 7.1549801880539112 2.2078262155996526 0.78665574951332962 1.9794521252866841 2.7154438513657624 0.6312690843569716 6.3179890696221719 0.61689715256125044 0.72571139882120383 10.86569366517835 7.518533303446473 0.62655373886445964 2.7661030988440416 2.7101966633310903 0.29413735312527933 0.78148378691980713 2.4223534231691701 3.0221801874442908 3.6205983466828711 36.876389479234945 19.602284274954172 1.8037698951081882 4.8425875061151373 30.31786091655124 15.17948481297333 12.454043099530962
leaf_count=286 58733 395 83 56 7626 285 263 594 526 26 1293 95 149 1613 817 21 370 457 57 238 290 814 297 5959 1845 614 1066 4771 3590 3859
internal_value=4.12201e-05 0.00380923 0.00202054 -0.00016463 0.0218672 0.03809 0.0584101 0.000539125 0.0858021 0.0219008 0.00606647 -0.0193166 0.0427794 -0.000934876 0.000917691 -0.0185257 0.0225977 -0.0239027 0.0715086 0.0464679 0.0601306 -0.000907105 -0.00187926 -0.0071097 0.00513495 -0.0152061 0.0129854 -0.00362305 0.00428676 0.00885031
internal_weight=533.846 191.708 175.471 158.961 16.5103 9.35527 5.70993 3.64535 3.5021 16.2369 10.77 6.93489 1.6659 158.06 143.858 14.2024 10.2846 13.5759 1.01985 3.83511 3.05362 133.573 130.551 74.7769 55.7741 43.5227 6.64636 36.1719 31.2541 27.6335
internal_count=97088 38355 36018 26435 9583 1957 1074 883 789 2337 1942 1388 289 26379 24288 2091 1187 2070 206 554 316 23101 22287 15385 6902 7639 1680 5057 7746 7449
is_linear=0
shrinkage=0.05


Tree=279
num_leaves=31
num_cat=0
split_feature=21 5 5 4 12 8 15 5 13 9 11 9 9 5 13 5 9 5 5 5 9 9 13 9 1 9 5 9 7 5
split_gain=0.893139 0.898573 1.42015 1.04871 0.739063 1.29378 1.54736 1.61035 1.03972 0.998348 0.971555 0.895174 2.58292 1.22157 0.658294 0.638786 2.35304 1.55415 2.65917 1.24557 1.34316 1.04683 1.10618 1.57393 1.58273 0.992089 1.5656 0.969507 0.831772 0.819899
threshold=1.0000000180025095e-35 3.3158223222275827 2.7377885089469012 0.88944444444444459 3.5000000000000004 1.0000000180025095e-35 1.5000000000000002 6.7367967526708386 0.72003110419906691 9.5000000000000018 2.5000000000000004 26.500000000000004 42.500000000000007 7.2075794951354686 0.83887301587301599 9.1980056239386681 29.500000000000004 9.1094630449962306 9.0666970738650363 9.2183881920843636 5.5000000000000009 25.500000000000004 0.40599727520435974 13.500000000000002 0.056206372236230456 5.5000000000000009 6.3198989676170809 46.500000000000007 1.5000000000000002 5.1826093221586591
decision_type=2 2 2 2 2 2 2 2 2 2 2 2 2 2 2 2 2 2 2 2 2 2 2 2 2 2 2 2 2 2
left_child=1 2 3 -1 10 6 7 -6 -7 -9 15 -11 13 -13 -12 17 19 18 25 -17 -21 22 23 -22 -25 26 -3 -18 -20 -27
right_child=-2 4 -4 -5 5 8 -8 9 -10 11 14 12 -14 -15 -16 16 27 -19 28 20 21 -23 -24 24 -26 29 -28 -29 -30 -31
leaf_value=-0.016324855115934806 0.035958201220181056 -0.03877207176745838 -0.046954856916989168 0.018604263626729536 -0.052798519308483782 0.00044651468857575611 0.00044651468857575611 -0.042195107681181454 0.018604263626729536 -0.0083951615593550934 0.0085145191155449034 -0.0083951615593550934 -0.0083951615593550934 -0.055689583679990134 0.018604263626729536 -0.034121418248314897 0.0085145191155449034 0.0085145191155449034 -0.036997643162838788 -0.040481304913646932 -0.021241279096181051 -0.021195066691676128 0.0085145191155449034 -0.029761368605191553 0.0017286892662665488 0.0085145191155449034 0.0085145191155449034 -0.016663297688681977 0.0085145191155449034 0.00089418810576691202
leaf_weight=2.0197148578819788 0.86165243687309967 1.7158312388931429 1.4706773578167824 0.57502070876125788 1.8859061224686744 1.4971417891524632 7.4014251011180923 1.4404955458883275 7.1850678521193458 11.233575479823914 5.6876368301253688 0.87326146993632292 2.4310285789019304 4.3582459367430033 6.4082733410618857 3.1630717584002914 14.904021437428812 9.1703116177233692 4.6610040949133227 1.6302741543086074 9.8499457536532855 6.4262547809271373 9.25776580404772 3.0036538245670981 25.174118444928467 19.40112950212341 7.8985774971397404 3.5837476710441925 0.2631398185949364 352.38012251665288
leaf_count=510 262 139 669 166 264 199 1584 60 485 756 291 53 267 421 149 405 2918 1581 1260 130 1534 1184 1097 1334 2590 7370 501 1387 10 67377
internal_value=0.00137488 0.00125033 -0.0197173 0.00448822 0.00145067 -0.00515028 -0.0100796 -0.0172368 0.0109726 -0.0116191 0.00198201 -0.00839516 -0.024806 -0.0461036 0.015423 0.00160607 -0.00253708 0.00241701 0.00156624 -0.00761503 -0.00552133 -0.00373971 -0.000977644 -0.00505714 0.00113436 0.0020773 0.00851452 0.00851452 -0.0316863 0.00148926
internal_weight=527.812 526.95 4.06541 2.59474 522.885 38.3061 29.6239 22.2225 8.68221 20.3366 484.579 18.8961 7.66254 5.23151 12.0959 472.483 76.9929 395.49 386.32 58.5051 55.342 53.7117 47.2855 38.0277 28.1778 381.396 9.61441 18.4878 4.92414 371.781
internal_count=96953 96691 1345 676 95346 4089 3405 1821 684 1557 91257 1497 741 474 440 90817 12579 78238 76657 8274 7869 7739 6555 5458 3924 75387 640 4305 1270 74747
is_linear=0
shrinkage=0.05


Tree=280
num_leaves=31
num_cat=0
split_feature=14 10 14 0 9 9 9 10 7 14 9 9 14 14 5 5 14 9 5 14 5 14 5 9 14 9 14 0 14 14
split_gain=2.09902 7.74703 2.45148 3.32455 2.47149 2.08753 3.7158 1.91322 1.87203 2.61563 1.63739 3.12926 1.7547 1.48063 1.28824 5.41941 4.25899 5.61488 4.22794 2.46332 2.23024 1.88002 2.04758 1.57211 1.937 1.87875 2.58491 3.44929 2.15473 2.97892
threshold=7.5000000000000009 343.40593725439845 6.5000000000000009 -0.13456647294283694 12.500000000000002 15.500000000000002 5.5000000000000009 397.92131650723792 1.0000000180025095e-35 1.5000000000000002 32.500000000000007 16.500000000000004 3.5000000000000004 1.5000000000000002 8.3442946791835038 8.2360076701395872 12.500000000000002 12.500000000000002 8.1662635015820513 8.5000000000000018 8.3584718107074547 34.500000000000007 8.9580409558929279 25.500000000000004 30.500000000000004 29.500000000000004 14.500000000000002 2.1678748592597095 21.500000000000004 30.500000000000004
decision_type=2 2 2 2 2 2 2 2 2 2 2 2 2 2 2 2 2 2 2 2 2 2 2 2 2 2 2 2 2 2
left_child=1 2 8 -4 -5 6 -3 -8 13 -10 11 12 -11 -1 15 18 17 -17 23 -16 -21 -22 -23 24 -2 26 27 -25 -28 -30
right_child=14 5 3 4 -6 -7 7 -9 9 10 -12 -13 -14 -15 19 16 -18 -19 -20 20 21 22 -24 25 -26 -27 28 -29 29 -31
leaf_value=0.015133108359953943 -0.0014954664726630742 0.0018803658479418868 0.0018803658479418868 0.027540012486405325 0.070222920425483532 -0.00098898618546181395 0.0018803658479418868 -0.041256406064735643 0.015133108359953943 0.015133108359953943 0.075870399979131475 0.015133108359953943 0.067941429694002492 0.0018803658479418868 -0.032584010531742924 -0.025597006139119746 0.0096227823265523024 0.082086971037432455 -0.042566215407050668 -0.034608660482430088 -0.0029692815886780363 -0.010421772824076475 0.044255442523587478 -0.023902895474286714 -0.029568881001575592 0.00067895382054846071 0.042960838529191192 0.048774625318826488 -0.013383284715007363 0.049169665957148889
leaf_weight=13.984763364635169 132.43218057375111 2.0947292873606811 1.523608228486182 1.5351404697239539 5.8315639116099192 20.754712184658047 1.5567233308765906 13.164566844395949 6.7444899517868206 1.7831437720487864 1.8857726263913708 6.5134241797431969 4.3330432706452484 33.458291943057588 6.3243202863603747 1.0523736457266775 13.212041162620322 4.3305747544775386 4.9026091994270464 4.3926401857653437 163.45784088098162 2.2785354285501276 3.4125593454918999 5.797596152634358 5.4519238114402802 50.404567018060561 9.1190046259970376 1.1635176909767322 5.3726005175249147 1.7307338226663658
leaf_count=121 19181 103 354 121 416 2816 116 1687 50 38 51 223 141 1813 1225 113 2636 567 1205 587 26258 3695 3780 1423 4987 19600 1514 52 955 1227
internal_value=0.000673828 0.00661503 0.0155756 0.039126 0.0531997 -0.0118149 -0.0243709 -0.035161 0.0120105 0.0240238 0.0385772 0.0278507 0.0530976 0.00624237 -0.000987472 0.0014488 0.026629 0.0603226 -0.000827711 -0.00416053 -0.00294395 -0.00192308 0.0240785 0.000335706 -0.0028104 0.0061893 0.0176462 -0.00715446 0.0280858 0.00604479
internal_weight=530 115.164 77.5932 8.89031 7.3667 37.5707 16.816 14.7213 68.7029 21.2599 14.5154 12.6296 6.11619 47.4431 414.836 234.97 18.595 5.38295 216.375 179.866 173.542 169.149 5.69109 211.472 137.884 73.588 23.1835 6.96111 16.2223 7.10333
internal_count=97055 8050 3328 891 537 4722 1906 1803 2437 503 453 402 179 1934 89005 53460 3316 680 50144 35545 34320 33733 7475 48939 24168 24771 5171 1475 3696 2182
is_linear=0
shrinkage=0.05


Tree=281
num_leaves=31
num_cat=0
split_feature=15 9 5 5 5 4 9 11 9 5 5 9 9 5 0 0 9 11 9 0 12 5 12 5 5 5 11 9 5 5
split_gain=0.808337 0.697972 1.26002 2.0988 1.41851 2.20249 1.47615 1.18643 1.06612 2.48571 1.86144 2.09123 2.04003 3.57517 2.19055 1.60011 1.92612 1.39652 1.37256 1.79557 1.19979 1.25694 1.19841 1.13694 1.09467 3.95786 2.17249 1.93441 1.69414 1.3633
threshold=3.5000000000000004 8.5000000000000018 7.5422201253100836 8.2360076701395872 9.1707417265189139 0.79935064935064948 7.5000000000000009 1.5000000000000002 20.500000000000004 6.0254102723562619 7.5589554635715812 29.500000000000004 35.500000000000007 7.9454678019233755 1.1366386165625462 -0.14420201709804312 12.500000000000002 3.5000000000000004 21.500000000000004 -0.43980300081039381 7.5000000000000009 8.8393799507236199 4.5000000000000009 9.2183881920843636 7.9051397595919681 7.8010235647367727 1.0000000180025095e-35 31.500000000000004 8.1054133261468646 8.3038228351506458
decision_type=2 2 2 2 2 2 2 2 2 2 2 2 2 2 2 2 2 2 2 2 2 2 2 2 2 2 2 2 2 2
left_child=1 2 -1 -4 5 -5 7 -6 9 15 11 22 18 14 -14 -3 -17 -13 19 -12 -11 -22 -10 -15 25 26 -20 -26 -29 -30
right_child=-2 8 3 4 6 -7 -8 -9 10 20 12 17 13 23 -16 16 -18 -19 24 -21 21 -23 -24 -25 27 -27 -28 28 29 -31
leaf_value=0.011099778606248703 0.022589502391179697 -0.049689805489425101 -0.02577821508017691 -0.031979495262985089 -0.045281308489422196 0.011099778606248703 0.011099778606248703 0.010184967400205082 0.011099778606248703 -0.0010672901298062365 -0.041445883649505022 -0.0051872402184493238 -0.037579678132516142 0.011099778606248703 0.011099778606248703 0.011099778606248703 -0.020820539157284372 0.011099778606248703 -0.035667917699129907 0.011099778606248703 -0.04268655740492544 0.010029876603211941 -0.020767864365240075 -0.0047407960687408171 -0.0055511795903473854 0.011099778606248703 0.011099778606248703 -0.052726257455774972 0.011099778606248703 -0.020330325521031832
leaf_weight=11.936160481939167 2.8548505944627314 2.7216642780474585 5.7168913618684227 2.292275091563627 2.4105168317071271 8.8803764579411091 1.87023485070722 0.90534015787488886 45.855322381280416 205.31696877606555 0.67102598113592726 38.491638654067799 5.761441115645594 35.596793532685979 2.6726347359717693 4.2037471450212278 14.6077638913639 4.0071591406949656 6.3805058477464609 10.374958683697965 2.4299421488281037 1.2079342411407195 2.5978190204791636 10.877739200729307 76.044193856866457 6.8045507358359592 1.8317178825377594 3.1274612968284172 1.6174456077684443 12.416470305330106
leaf_count=1261 1176 2294 654 328 412 719 218 25 8953 26531 662 13411 2077 9820 362 633 1903 347 1196 1340 450 170 239 2925 13819 1133 277 616 367 2890
internal_value=-0.000224631 -0.000389945 0.00643429 -0.00212426 0.00715091 0.0110998 -0.0141379 -0.0312862 -0.000870273 -0.00335033 0.00129024 0.00704735 -0.00173909 0.00616443 -0.022139 -0.0191315 -0.0124254 -0.00145953 -0.0053987 0.0107307 -0.00164067 -0.026794 0.0110998 0.0110998 -0.00712816 0.00513165 -0.0228027 -0.00913691 -0.0238452 -0.01433
internal_weight=532.484 529.629 34.0118 22.0756 16.3587 11.1727 5.18609 3.31586 495.617 230.488 265.129 90.9519 174.177 54.9086 8.43408 21.5332 18.8115 42.4988 119.268 11.046 208.955 3.63788 48.4531 46.4745 108.222 15.0168 8.21222 93.2056 17.1614 14.0339
internal_count=97208 96032 3617 2356 1702 1047 655 437 92415 31981 60434 22950 37484 15184 2439 4830 2536 13758 22300 2002 27151 620 9192 12745 20298 2606 1473 17692 3873 3257
is_linear=0
shrinkage=0.05


Tree=282
num_leaves=31
num_cat=0
split_feature=14 5 14 14 5 9 11 14 14 9 12 4 0 5 14 12 5 12 15 9 5 9 5 4 9 5 5 0 5 4
split_gain=1.01002 1.01188 3.01179 2.42834 2.31045 1.55211 1.76837 1.51612 1.47942 2.22668 1.82891 2.10138 1.40928 1.36331 3.29549 2.39172 1.75129 2.82429 1.60545 1.25523 1.16891 3.13007 2.73364 3.70527 2.55806 4.50906 3.16153 3.42542 2.65888 5.36803
threshold=1.0000000180025095e-35 9.0967049885701741 41.500000000000007 45.500000000000007 9.0666970738650363 16.500000000000004 1.0000000180025095e-35 34.500000000000007 32.500000000000007 19.500000000000004 1.0000000180025095e-35 0.74087396749267265 2.8253796890422285 9.0479285069202113 14.500000000000002 1.0000000180025095e-35 8.9420060446884797 1.5000000000000002 1.0000000180025095e-35 14.500000000000002 8.5883147797559811 11.500000000000002 8.8153422116823812 0.78393734643734658 25.500000000000004 8.7492440971210339 8.7492440971210339 2.3442155803461335 8.7120469130838067 0.76820431247790755
decision_type=2 2 2 2 2 2 2 2 2 2 2 2 2 2 2 2 2 2 2 2 2 2 2 2 2 2 2 2 2 2
left_child=-1 4 -3 -4 7 6 -6 8 13 -10 11 -11 -9 16 15 -15 20 18 -18 -19 -2 22 -22 -24 25 28 27 -26 -23 -30
right_child=1 2 3 -5 5 -7 -8 12 9 10 -12 -13 -14 14 -16 -17 17 19 -20 -21 21 24 23 -25 26 -27 -28 -29 29 -31
leaf_value=0.013512450648711384 -0.0012117375733377118 0.0033655300113590589 0.091421897863128959 -0.010963159798127618 -0.030194057764852924 -0.049803647220288683 0.036454693903485991 -0.024535269147386327 -0.020125738684777714 -0.0051887349643196827 -0.0072264879224081579 0.084113982651496375 0.02942594488993024 -0.013760476952711818 -0.023171685254765081 0.097337746297465139 -0.040949477869263659 0.056848980872130972 0.0052702295633221914 -0.0069905236664287275 0.0085512977579909506 -0.0011663854958228873 -0.022233459891903201 0.079593941836377191 -0.015469775431972289 -0.031015739839599439 0.03229396781860449 0.046748989049397859 -0.033403205941022779 0.089086556172820339
leaf_weight=13.428934264724374 331.60751995615544 89.349575646268931 0.74167459239492817 0.57954412552885515 1.0527132691214536 2.9902258595841431 0.9372446926545307 9.1214417691841128 1.2960937501297838 0.74041858388614024 1.0591127518380288 1.5378148053507628 0.52413967064785616 0.36891719978871085 1.0057379827821931 0.70905697895204867 6.9489093908435944 0.61463240169450628 2.1855464668942659 1.1060941185601221 6.9287024213695059 13.861048566276514 0.679014754863147 2.9313868840285977 10.727025781521776 12.0103870237142 10.251262288500127 1.7322503355790093 0.7564603327150502 1.4237745150817316
leaf_count=93 52731 12917 211 2321 188 756 47 15286 245 221 415 295 29 169 289 68 1676 26 75 85 605 1712 109 234 2148 2041 1984 57 146 188
internal_value=0.000464978 9.978e-05 0.00486507 0.0611362 -0.000925637 -0.031786 0.00289031 -0.000485209 -2.06958e-06 0.0254453 0.043703 0.0623614 -0.0191143 -0.000354423 0.0327665 0.0709916 -0.00060588 -0.0195398 -0.0304619 0.0283261 -3.45025e-05 0.00625095 0.0297584 0.0597745 0.000889785 -0.0090737 0.0130602 -0.00398866 0.00821068 0.0494474
internal_weight=529.207 515.778 90.6708 1.32122 425.107 4.98018 1.98996 420.127 410.481 4.63344 3.33735 2.27823 9.64558 405.848 2.08371 1.07797 403.764 10.8552 9.13446 1.72073 392.909 61.3013 10.5391 3.6104 50.7622 28.0517 22.7105 12.4593 16.0413 2.18023
internal_count=97367 97274 15449 2532 81825 991 235 80834 65519 1176 931 516 15315 64343 526 237 63817 1862 1751 111 61955 9224 948 343 8276 4087 4189 2205 2046 334
is_linear=0
shrinkage=0.05


Tree=283
num_leaves=31
num_cat=0
split_feature=5 5 5 4 9 9 5 5 12 14 14 14 11 5 12 14 5 14 11 4 9 14 5 9 14 14 14 9 9 9
split_gain=1.09714 2.58138 3.37199 3.44354 2.77696 2.36875 2.32758 3.5305 5.30422 3.07363 2.64492 2.56209 2.19645 1.96413 2.08423 1.95562 1.94586 2.44895 3.23133 1.94184 1.91838 1.78844 3.28164 2.59285 1.68995 1.79528 1.65503 1.55679 1.9093 1.50266
threshold=7.7173127874535714 7.4659323263886312 7.5589554635715812 0.65536398467432966 14.500000000000002 8.5000000000000018 7.8683426818990627 7.8960311482039094 1.0000000180025095e-35 8.5000000000000018 15.500000000000002 11.500000000000002 13.500000000000002 7.4022358208472392 1.0000000180025095e-35 13.500000000000002 7.6967955035914128 25.500000000000004 1.0000000180025095e-35 0.86706827309236967 58.500000000000007 18.500000000000004 7.7863301594301992 21.500000000000004 18.500000000000004 29.500000000000004 27.500000000000004 25.500000000000004 32.500000000000007 25.500000000000004
decision_type=2 2 2 2 2 2 2 2 2 2 2 2 2 2 2 2 2 2 2 2 2 2 2 2 2 2 2 2 2 2
left_child=1 12 3 -3 5 -4 10 8 11 -10 -2 29 13 -1 -15 -16 17 18 -6 -20 -9 22 23 -12 -22 -26 -5 -23 -29 -8
right_child=6 2 4 26 16 -7 7 20 9 -11 21 -13 -14 14 15 -17 -18 -19 19 -21 24 27 -24 -25 25 -27 -28 28 -30 -31
leaf_value=0.0014066502302134171 -0.030305169539364008 -0.033839617679036364 -0.025234088718063541 0.048559492044662825 -0.044093666582512604 0.042329640931161955 -0.024699626868679825 -0.0018247057316758105 0.037851267008497058 -0.040171309974443563 0.10675484113136201 0.095326931326168998 0.047708246871199692 -0.040306258656135747 0.023895805030922534 -0.024856110940988871 0.026408272287219394 0.026305094702443202 -0.0099536096657406453 0.055976066855138867 0.038678849463435014 -0.028449544572587932 -0.021034472198243202 -0.013465999670334579 -0.032670241938851582 0.033238617143062872 0.0046510176192252591 0.043384770067029156 -0.023245118530107748 0.04190334930668959
leaf_weight=156.2527142511733 12.945416517545938 0.90107363780396355 0.96436083627213776 10.748449735071741 7.0064304944803499 4.554456150596252 0.87209981054638708 301.1810676148188 1.1146401434416477 2.2431541656650893 0.56461911980591029 2.0095062625622404 1.4571881503929933 4.9080620545835227 1.6059603177095598 1.8358369974519062 1.8703830371620149 1.5366195243198042 0.70294053409315871 0.81473316111305394 4.4795207397455661 3.2046974765887057 0.89687906464473599 0.34740948923763426 1.6598811364349333 0.72590360386601549 0.73275175570449924 1.4850296718956317 1.0573909813914495 0.58247077555620308
leaf_count=32388 1505 204 84 1293 1176 359 122 50354 16 358 56 447 719 1063 99 457 290 602 101 51 779 734 268 99 1048 1095 504 339 691 60
internal_value=0.00029228 0.0032561 0.0165433 0.0354296 0.00194786 0.0284636 -0.00144344 -0.000355416 0.0328205 -0.0115288 -0.01736 0.0687617 0.00078435 8.33632e-05 -0.0221816 0.00692005 -0.0115699 -0.0203796 -0.0306737 0.0241864 -0.00119394 0.00576822 0.0388003 0.0778683 0.0231916 -0.00872244 0.0431417 -0.00883838 0.0169342 0.00817685
internal_weight=531.262 195.892 29.8322 12.3823 17.4499 5.51882 335.37 314.868 6.82187 3.35779 20.5014 3.46408 166.06 164.603 8.34986 3.4418 11.9311 10.0607 8.5241 1.51767 308.046 7.55603 1.80891 0.912029 6.86531 2.38578 11.4812 5.74712 2.54242 1.45457
internal_count=97361 39390 4664 2001 2663 443 57971 54279 1003 374 3692 629 34726 34007 1619 556 2220 1930 1328 152 53276 2187 423 155 2922 2143 1797 1764 1030 182
is_linear=0
shrinkage=0.05


Tree=284
num_leaves=31
num_cat=0
split_feature=14 5 5 4 5 14 0 5 7 5 14 4 14 14 5 14 5 4 5 14 0 14 7 5 14 5 11 5 5 4
split_gain=0.987901 3.28701 2.94832 1.83087 1.01969 2.55694 3.14426 2.19105 6.47005 3.17436 2.93994 3.02064 2.86858 2.37109 2.1769 2.20788 2.17407 1.96348 2.35077 1.5047 2.08088 1.62291 1.96843 1.18823 1.15253 1.2681 1.1467 1.63786 7.36246 3.44455
threshold=1.5000000000000002 8.7825332952654911 6.8032140040850324 0.74891304347826104 8.8274865801820344 34.500000000000007 2.8253796890422285 8.6559448806043715 1.0000000180025095e-35 8.6078939075746863 14.500000000000002 0.9235637779941579 16.500000000000004 21.500000000000004 8.8831533859247589 19.500000000000004 8.875702326855011 0.74431524547803629 8.7216694081246562 36.500000000000007 0.098615947036778021 25.500000000000004 1.0000000180025095e-35 9.2183881920843636 32.500000000000007 8.2360076701395872 1.0000000180025095e-35 5.9773868259792655 6.6142136781406604 0.72554997608799632
decision_type=2 2 2 2 2 2 2 2 2 2 2 2 2 2 2 2 2 2 2 2 2 2 2 2 2 2 2 2 2 2
left_child=1 2 -1 -4 5 7 -7 9 12 24 11 -10 -9 -11 15 -6 -17 -12 -19 21 -21 -16 -23 -24 26 -26 -2 -28 29 -29
right_child=4 -3 3 -5 14 6 -8 8 10 13 17 -13 -14 -15 19 16 -18 18 -20 20 -22 22 23 -25 25 -27 27 28 -30 -31
leaf_value=-0.015586043178316826 -0.0030810776172384056 -0.021592084801508926 0.0023412875059740245 0.03819991486518623 0.039538098981373428 -0.036532444022435974 0.045413959798658338 -0.047971897449249568 -0.0048858373931876435 0.030996168224682832 -0.0032345557562539146 0.05760718575664129 -0.0058660341655346728 -0.020781983101685809 0.0026044733512275682 -0.024063859898760066 0.047589687181705233 0.03441130754695676 0.10853808407900614 -0.018956856027950116 0.053563823906720778 -0.028108423268430899 -0.0074307918944349505 0.029728551182907421 0.0012778882994309959 0.056487948305519037 0.00016198964470151274 0.004270681574038186 0.003408420963980903 0.080721093771446428
leaf_weight=4.3233688308827771 233.36330547566968 5.7315386870614011 5.1752650165290133 11.458980049395903 6.7662659410807446 7.8421684974902615 0.48512897409636924 9.7776242982176935 3.21882344523351 11.858045853790143 1.087199850273237 0.94263530854277622 6.9754318716802564 1.9397874028227295 104.29738557610017 3.0834284027701533 0.44162571068943623 1.0120776848848438 1.0834431751745794 0.86389896546808076 1.982514814124215 8.5237753684124282 0.86031864853498463 2.5600532263379137 2.5309616447559615 0.82417167396920366 12.52800710145925 2.2914756379450401 76.509973819289712 3.815423902470684
leaf_count=53 46686 65 39 100 1081 13815 26 1828 276 1228 144 35 1514 393 14906 764 141 100 111 3120 786 2079 154 264 813 147 1299 93 4764 316
internal_value=0.00026791 0.00946478 0.0185548 0.027809 -0.000233445 -0.00154484 -0.0274013 -0.000890197 -0.0151549 0.000145095 0.0219866 -0.00488584 -0.0317583 0.0228044 0.00358132 0.0245682 -0.00655385 0.0517135 0.0720572 0.0015782 0.0323473 0.00055528 -0.0161573 0.0132468 -0.000862687 0.0246963 -0.00119788 0.00340506 0.00797626 0.0566721
internal_weight=534.154 26.6892 20.9576 16.6342 507.465 378.086 8.3273 369.758 24.0972 345.661 7.34418 4.16146 16.7531 13.7978 129.379 10.2913 3.52505 3.18272 2.09552 119.088 2.84641 116.242 11.9441 3.42037 331.863 3.35513 328.508 95.1449 82.6169 6.1069
internal_count=97140 257 192 139 96883 73588 13841 59747 4008 55739 666 311 3342 1621 23295 1986 905 355 211 21309 3906 17403 2497 418 54118 960 53158 6472 5173 409
is_linear=0
shrinkage=0.05


Tree=285
num_leaves=31
num_cat=0
split_feature=21 5 5 4 5 11 4 16 14 14 4 0 11 5 7 5 5 14 14 4 14 13 4 5 13 7 4 14 14 5
split_gain=0.780386 0.700919 2.67703 2.74376 2.54794 2.2966 1.92353 1.49376 1.34008 2.31386 2.36003 1.90267 1.56423 1.78988 3.26383 1.90917 1.64906 1.46424 1.52722 1.69343 1.16907 2.05307 1.80174 1.15143 1.13665 1.09733 1.08155 1.07451 0.905525 0.893655
threshold=1.0000000180025095e-35 9.1512976091682621 9.0666970738650363 0.93127066603684472 9.1980056239386681 1.5000000000000002 0.78059477963200696 0.028513356562137052 30.500000000000004 26.500000000000004 0.67451088962716887 2.8253796890422285 1.0000000180025095e-35 8.6478545464965979 1.0000000180025095e-35 8.9993076393844991 8.6078939075746863 6.5000000000000009 17.500000000000004 0.84178433889602056 23.500000000000004 0.085744355274463446 0.61577311577311589 8.8831533859247589 0.46566358263932389 1.5000000000000002 0.74431524547803629 14.500000000000002 11.500000000000002 7.3436509322732038
decision_type=2 2 2 2 2 2 2 2 2 2 2 2 2 2 2 2 2 2 2 2 2 2 2 2 2 2 2 2 2 2
left_child=1 2 8 -4 6 7 -3 24 9 12 -11 25 13 20 15 17 -14 -15 -19 -20 22 29 -1 -12 27 -10 -18 -6 -9 -22
right_child=-2 4 3 -5 5 -7 -8 28 11 10 23 -13 16 14 -16 -17 26 18 19 -21 21 -23 -24 -25 -26 -27 -28 -29 -30 -31
leaf_value=-0.029932136172450871 0.034734904141747354 -0.03552732573175682 -0.034098708049293831 0.018265835616623663 -0.0034638918648987301 0.018265835616623663 0.018265835616623663 0.0018929667561031708 -0.020977605871904084 -0.0307906913089755 0.018265835616623663 0.018265835616623663 0.003187995054630373 -0.0089712653982961573 0.0026289662610965428 -0.0089712653982961573 0.0026289662610965428 -0.043356469022128426 -0.039570145867612302 -0.0089712653982961573 -0.040685959208797681 0.0026289662610965428 0.0024145071326531994 -0.0062624278461759185 0.0018929667561031708 0.00096706942258951436 0.018265835616623663 -0.016678022388040351 0.008697400284076312 -0.010807234388853721
leaf_weight=3.396172524147743 0.80778766477578656 2.1857577710357523 8.5808165695803478 1.4027394049788871 24.38408208957992 10.655581380061561 4.2935272506252886 3.6014848082049893 16.264253431093216 1.5978485810421741 19.783518061677572 1.3701784001605108 95.344560620584616 4.2982111791060396 11.940204473825586 3.8482004688387397 6.233779406071565 12.740131621118623 3.6473443869722351 2.6288801873611192 4.0499133741901669 2.4688955713727401 213.80825253810792 1.2553168461444091 9.0599850390124157 1.348019031917828 14.976816681103172 22.287126775395564 12.810743209483233 6.899889092362173
leaf_count=1619 259 463 1789 195 4203 964 532 74 17638 608 3337 40 5654 447 1316 1052 433 3222 1217 523 1366 602 38530 218 1653 254 809 6119 346 1551
internal_value=0.00191273 0.00179677 0.000967285 -0.023411 0.00580935 0.00254464 0.0182658 -0.000871035 0.00158933 0.00220221 0.0173905 -0.0110629 0.00126955 -0.000825387 -0.0105757 -0.0205715 0.00608332 -0.0278252 -0.033845 -0.0112326 0.000866329 -0.0129282 0.00177388 0.0182658 -0.00491147 -0.0163317 0.0182658 -0.00882075 0.0086974 -0.0242434
internal_weight=527.97 527.162 437.884 9.98356 89.2783 82.799 6.47929 72.1434 427.9 408.918 22.6367 18.9825 386.281 269.726 39.103 27.1628 116.555 23.3146 19.0164 6.27622 230.623 13.4187 217.204 21.0388 55.7312 17.6123 21.2106 46.6712 16.4122 10.9498
internal_count=97033 96774 82420 1984 14354 13359 995 12395 80436 62504 4163 17932 58341 51445 7777 6461 6896 5409 4962 1740 43668 3519 40149 3555 11975 17892 1242 10322 420 2917
is_linear=0
shrinkage=0.05


Tree=286
num_leaves=31
num_cat=0
split_feature=5 5 1 12 9 5 9 9 14 14 9 9 14 14 9 5 5 9 12 5 5 9 5 5 5 9 5 5 9 14
split_gain=2.00552 4.15274 4.72481 6.0634 2.33299 3.71864 3.03373 1.78208 2.67925 3.5253 1.71593 1.69609 2.38418 2.64196 2.10313 2.18786 3.90839 3.68808 1.8263 4.79804 2.5598 4.32522 3.85432 2.77735 4.95914 2.89392 2.73926 2.47379 2.46792 2.146
threshold=8.7651264682525589 8.6938534147366209 0.58082253941258999 1.0000000180025095e-35 11.500000000000002 9.1980056239386681 6.5000000000000009 29.500000000000004 29.500000000000004 25.500000000000004 20.500000000000004 19.500000000000004 10.500000000000002 1.5000000000000002 5.5000000000000009 5.602725589693784 5.3088430155903028 14.500000000000002 1.5000000000000002 7.4260590376104441 7.3544086179388115 6.5000000000000009 7.2972862389982103 8.1054133261468646 8.1662635015820513 13.500000000000002 8.4265301642911705 7.6967955035914128 12.500000000000002 18.500000000000004
decision_type=2 2 2 2 2 2 2 2 2 2 2 2 2 2 2 2 2 2 2 2 2 2 2 2 2 2 2 2 2 2
left_child=1 11 -3 -4 5 6 -2 8 9 -6 -10 12 13 -1 -15 16 17 -16 20 -20 22 26 -14 -23 25 -25 -22 -21 -29 -26
right_child=4 2 3 -5 7 -7 -8 -9 10 -11 -12 -13 18 14 15 -17 -18 -19 19 27 21 23 -24 24 29 -27 -28 28 -30 -31
leaf_value=0.015598085741096127 -0.0049370227626523051 -0.051235947672723506 -0.015597482353978804 0.083994697473325552 -0.00026024217479284816 0.0018806709434963942 0.05675348978718299 0.012499575823575153 0.055618826771268642 -0.03933828587027962 0.0030623457160593387 0.0031074711438605156 0.0086802994231616245 0.015280591049193121 -0.048603374422234516 -0.020491816821393255 0.063809428074179483 0.029755102270486441 -0.044008935838082214 0.054255348604916355 0.077572309852914731 -0.017691259259476004 0.067323951083647693 -0.016425503545303768 -0.012991136397981315 0.093316024224903232 -0.011916040346464086 0.021117027466712818 -0.031310980439131726 0.017217088164167237
leaf_weight=7.4990184265187727 2.4273522814692114 7.0056174358101639 1.6265508434335063 1.0197322136982618 70.363086327474889 12.39876892928919 7.2623672096495966 34.883345647384772 2.2612234966977089 5.2882602380295785 3.2023981337219993 202.9714293498231 35.099880055100016 4.7067360844548594 2.3070895183427629 49.564828241005898 1.3241770943600384 1.8513473461327974 6.4431429377877398 1.3833014999798914 1.5888489290471164 26.570929215423973 2.0999248151002794 0.45958084538461008 15.357685125195077 1.27398575611312 0.92543917616740135 3.7483688981756131 3.2774688564673511 8.1904187804950066
leaf_count=75 184 1812 147 86 9818 1517 915 8631 1427 629 1471 47119 6047 232 660 5285 129 470 1198 191 174 3822 325 95 1736 166 67 427 804 1435
internal_value=0.000991646 -0.000859919 -0.031647 0.020041 0.00614031 0.0206681 0.0422834 0.0032209 -0.000873001 -0.00346949 0.0300535 1.07445e-05 -0.00360548 -0.0109003 -0.0144278 -0.0171953 0.01117 -0.0147125 0.00106318 -0.01463 0.00373919 -0.00317758 0.0136665 -0.00669432 0.0050968 0.0688569 0.050616 0.0101653 -0.00419399 -0.00221087
internal_weight=524.382 386.296 9.6519 2.64628 138.087 22.0885 9.68972 115.998 81.115 75.6513 5.46362 376.644 173.672 67.2532 59.7542 55.0474 5.48261 4.15844 106.419 14.8523 91.5667 54.3669 37.1998 51.8526 25.2817 1.73357 2.51429 8.40914 7.02584 23.5481
internal_count=97094 72502 2045 233 24592 2616 1099 21976 13345 10447 2898 70457 23338 6851 6776 6544 1259 1130 16487 2620 13867 7495 6372 7254 3432 261 241 1422 1231 3171
is_linear=0
shrinkage=0.05


Tree=287
num_leaves=31
num_cat=0
split_feature=5 4 12 5 5 0 0 5 4 5 5 5 5 12 12 0 5 5 5 5 5 4 5 4 5 0 5 16 12 5
split_gain=1.74799 3.0119 2.04404 3.29614 2.46477 1.31056 1.30105 1.12033 0.993071 0.867777 4.03755 1.69343 2.1145 2.6165 1.7211 1.43273 1.30709 1.18797 1.37728 1.37726 1.45875 1.6817 1.63767 1.07937 0.984874 1.74187 0.944255 0.894243 0.890016 0.878898
threshold=5.7213653196100642 0.69194823867721078 1.0000000180025095e-35 3.8403037988383915 4.8193488608967234 -0.27925531041710955 -0.56522668413689447 5.9773868259792655 0.82380174291939012 8.6478545464965979 8.6078939075746863 8.5483116900581226 8.5148622581873923 1.0000000180025095e-35 1.0000000180025095e-35 0.32737048795521267 8.4970700557207621 8.6849771413309238 8.6938534147366209 8.7351823590757451 8.8490741178320658 0.74891304347826104 8.8274865801820344 0.82998795664391822 8.6324788521322411 2.4199667199604065 8.6403465325435764 0.064866760168302964 1.0000000180025095e-35 9.2082807187888704
decision_type=2 2 2 2 2 2 2 2 2 2 2 2 2 2 2 2 2 2 2 2 2 2 2 2 2 2 2 2 2 2
left_child=1 -1 3 -3 5 -4 -5 -2 -7 10 11 12 16 15 27 -14 -9 -11 28 -20 21 22 -21 -16 -12 26 -26 -13 -19 -22
right_child=7 2 4 6 -6 8 -8 9 -10 17 24 14 13 -15 23 -17 -18 18 19 20 29 -23 -24 -25 25 -27 -28 -29 -30 -31
leaf_value=-0.022323874248837361 -0.016727475511417692 -0.0033997285548262261 -0.0033997285548262261 -0.0033997285548262261 -0.0033997285548262261 0.017617333479314375 0.034368672044671929 0.0011015641301924579 0.05897484633371769 -0.019559525761103119 0.038315407862009015 -0.040259465348723017 -0.012236443027764228 -0.0073467593741502182 -0.015093572193896282 0.069924476153242848 -0.033722939063268967 0.046977610844683305 -0.022238028072040103 -0.037404608878514232 -0.0079977624838469021 0.023422812693311229 0.0051331701701433086 0.030741827231424802 -0.029890797124520307 0.046121622794970063 0.012022984061394543 0.0087949373530758438 -0.0056262032938173973 0.00043639664779211105
leaf_weight=5.1943395093878726 8.7801371760061766 4.396219131327828 0.39605595431396512 0.54387634693137243 7.3168382648437955 2.3619274413815656 20.234381898807669 291.32129685444448 2.0237795401769745 8.7193780426872518 7.9985834801125275 5.128315748407827 0.31763108103814319 2.2674996284973759 1.7579385441006254 2.1537005523823609 1.7200623368900085 1.3681843611511788 7.1206831222813767 2.127700022504825 48.547124745288386 10.358578207188996 1.4728105162803329 1.4978647971763619 1.7477274019547622 0.96326448122272257 1.8341772204214521 0.72093750721251115 0.92498390781815931 81.766290168752505
leaf_count=2029 1675 1339 723 1514 1588 440 3906 50427 439 1684 988 1015 239 273 390 164 336 231 1321 569 9638 1775 276 249 328 13 343 11 109 13050
internal_value=0.000877987 0.010488 0.0155244 0.0233819 -0.00136206 0.0294204 0.0318273 2.65083e-05 0.0386344 0.000365816 0.00187725 0.000695873 0.0013745 0.0314336 -0.0194383 0.0588817 0.000783162 -0.00260026 -0.00151785 -0.00219965 -0.00106437 0.013739 -0.0131565 0.00826208 0.0285945 0.00766297 -0.0104883 -0.033812 0.0304938 -0.00274265
internal_weight=533.082 42.4674 37.2731 25.1745 12.0986 4.78176 20.7783 490.615 4.38571 481.835 319.429 306.885 297.78 4.73883 9.10506 2.47133 293.041 162.406 153.686 151.393 144.273 13.9591 3.60051 3.2558 12.5438 4.54517 3.5819 5.84925 2.29317 130.313
internal_count=97082 11978 9949 6759 3190 1602 5420 85104 879 83429 54776 53104 51439 676 1665 403 50763 28653 26969 26629 25308 2620 845 639 1672 684 671 1026 340 22688
is_linear=0
shrinkage=0.05


Tree=288
num_leaves=31
num_cat=0
split_feature=14 14 16 12 4 9 11 9 11 0 9 14 9 9 14 14 12 13 14 9 12 0 16 9 14 4 3 9 11 16
split_gain=0.863763 1.2696 2.64465 3.05093 2.10906 1.34408 2.21151 1.64521 2.50516 2.00722 1.90425 3.00835 1.70603 2.45124 1.83828 1.86323 1.57594 1.33866 1.31422 1.93573 1.16626 1.54254 1.32612 0.943183 2.69248 2.1772 1.69543 2.31431 1.56954 1.38721
threshold=51.500000000000007 26.500000000000004 0.022695081122843169 1.5000000000000002 0.70853559870550165 31.500000000000004 7.5000000000000009 35.500000000000007 3.5000000000000004 2.8253796890422285 42.500000000000007 8.5000000000000018 43.500000000000007 45.500000000000007 18.500000000000004 12.500000000000002 1.5000000000000002 0.72003110419906691 13.500000000000002 38.500000000000007 1.0000000180025095e-35 -0.17207928750646775 0.072299651567944254 10.500000000000002 18.500000000000004 0.79935064935064948 1.0000000180025095e-35 5.5000000000000009 1.0000000180025095e-35 0.074537037037037054
decision_type=2 2 2 2 2 2 2 2 2 2 2 2 2 2 2 2 2 2 2 2 2 2 2 2 2 2 2 2 2 2
left_child=1 5 3 4 -3 23 7 8 16 10 18 -12 -13 -14 15 -15 -7 -8 19 -9 21 -4 -22 24 25 -1 27 -27 -29 -26
right_child=-2 2 20 -5 -6 6 17 9 -10 -11 11 12 13 14 -16 -17 -18 -19 -20 -21 22 -23 -24 -25 29 26 -28 28 -30 -31
leaf_value=-0.015358906911998163 -0.02496003233329018 -0.021644451323699007 0.011911120147718258 -0.039951502189516298 0.011715927851876223 -0.016780853332348643 0.013081545358162206 -0.031602427847270423 0.013081545358162206 0.013081545358162206 0.0038409794109252856 -0.057307724893048077 0.0038409794109252856 -0.03701027912863316 -0.045538607076372035 0.002846987184269437 -0.058422335370813754 0.053537755243504986 0.0038409794109252856 0.0038409794109252856 0.011911120147718258 0.04550890484955724 0.046755489323429947 0.0026013660801162139 -0.037050120635493705 0.01787837490758018 0.033322256454795605 -0.0041989332969612657 0.01787837490758018 0.01462934301131903
leaf_weight=14.648828855325631 2.221678768690821 4.8815641480233607 0.82450956866614422 3.1982665318363379 24.08798803345428 19.901829072006429 0.7199258563050529 5.4916000405178265 1.3429512309085101 4.6135350804579494 10.735801220190067 2.3789837696920157 3.6344482806259775 3.5687103884406515 6.1114112741232693 7.8287685039026655 1.9177330847924157 2.0318243294532294 16.207411282306111 8.5245392919994156 6.839356329279779 7.5388357838528481 1.9023080154802299 322.11408535712178 6.9041751414727051 8.1473930990848675 4.2263933043759598 15.912119845052759 6.9152186078422337 0.99642216550273577
leaf_count=1802 12102 2792 187 2375 8213 4773 82 915 23 129 640 564 1062 986 3486 2664 184 83 4142 934 682 242 226 43912 753 351 647 1920 294 28
internal_value=0.000856569 0.00101332 0.00856928 -3.32016e-05 0.00555984 0.000212954 -0.00507453 -0.0065399 -0.0177794 -0.00257225 -0.00539959 -0.0133056 -0.0231779 -0.0169231 -0.0252742 -0.0116115 -0.0228405 0.032703 0.003701 -0.0109855 0.0238554 0.036455 0.0119111 0.00154528 -0.00428925 0.000229078 0.00696104 0.00243449 -0.00419893 -0.029621
internal_weight=526.369 524.147 49.2728 32.1678 28.9696 474.874 95.0095 92.2577 23.1625 69.0952 64.4817 34.2581 23.5223 21.1433 17.5089 11.3975 21.8196 2.75175 30.2236 14.0161 17.105 8.36335 8.74166 379.865 57.7506 49.85 35.2011 30.9747 22.8273 7.9006
internal_count=97193 85091 14717 13380 11005 70374 20667 20502 4980 15522 15393 9402 8762 8198 7136 3650 4957 165 5991 1849 1337 429 908 49707 5795 5014 3212 2565 2214 781
is_linear=0
shrinkage=0.05


Tree=289
num_leaves=31
num_cat=0
split_feature=14 12 16 16 11 5 1 5 12 9 5 12 5 11 5 9 9 9 5 14 14 9 14 14 5 9 14 9 14 14
split_gain=1.17918 2.14574 2.57993 1.54077 1.35322 1.25473 2.02145 1.28043 1.22709 1.19896 2.10673 3.8312 3.11833 2.20568 2.19843 2.89471 2.0528 2.02931 3.30533 2.28175 1.86154 1.70209 1.95079 1.64713 1.64365 1.52218 2.13698 1.41462 1.46705 1.39932
threshold=29.500000000000004 1.0000000180025095e-35 0.019884023590655994 0.072299651567944254 14.500000000000002 8.0253231408654848 0.078019294706023243 4.0810090810162878 4.5000000000000009 28.500000000000004 7.2308620805616561 1.5000000000000002 8.5883147797559811 3.5000000000000004 6.1221109329016938 58.500000000000007 42.500000000000007 40.500000000000007 7.9620658971818896 21.500000000000004 5.5000000000000009 44.500000000000007 19.500000000000004 11.500000000000002 7.4659323263886312 53.500000000000007 8.5000000000000018 29.500000000000004 14.500000000000002 13.500000000000002
decision_type=2 2 2 2 2 2 2 2 2 2 2 2 2 2 2 2 2 2 2 2 2 2 2 2 2 2 2 2 2 2
left_child=4 2 5 8 9 7 -7 -2 -3 -1 14 17 13 -13 21 23 20 18 24 -20 -14 22 -11 -16 29 -19 -27 -25 -29 -12
right_child=1 3 -4 -5 -6 6 -8 -9 -10 10 11 12 16 -15 15 -17 -18 25 19 -21 -22 -23 -24 27 -26 26 -28 28 -30 -31
leaf_value=0.00081649194970004335 0.026131347016669568 -0.0019074449184831419 0.046657386558458656 0.030907827680712832 0.035647769857808334 -0.027228444882045472 0.026131347016669568 -0.022781033955215562 -0.036618687337108227 0.017508999447567498 0.01690332664348778 -0.053980107544200497 -0.028789509416360205 -0.0032556587334920473 -0.054672955397029349 0.017508999447567498 -0.02724827895110828 0.017508999447567498 -0.016455667021035004 0.013184808791848249 0.017508999447567498 -0.027453355635481069 -0.023685977453020909 0.017508999447567498 0.017508999447567498 0.017508999447567498 -0.020516883640880029 0.0096340772212109831 -0.037169576289325067 -0.033557984849225272
leaf_weight=371.88727543636219 0.11218783354402884 9.9038367576877402 5.4391423519218725 1.6254578172856771 1.5839630437003496 1.1457210210539299 4.9338504896541053 4.0425291690778522 2.485119727016353 7.2635739072412679 1.6114709311580093 6.5637717172763832 1.3270655027590681 3.1784896589815617 5.6980990777109382 1.7452574328315211 2.8098663439322991 22.713399122127615 30.221081747745188 7.3914557607840825 3.7950747384174974 3.2041944367791748 2.3979975019143467 1.4110368878348234 9.9806619744699656 2.519027898763623 6.1788615540793899 1.743304373990213 5.9236948959817255 2.1519490638845582
leaf_count=46464 175 12194 568 357 216 2186 1316 3328 2538 1894 332 476 14 112 716 546 194 4837 5558 1782 266 1387 947 198 1854 159 3130 489 2033 646
internal_value=0.000134178 0.00964986 0.0217955 -0.00448048 -0.000445139 0.00560531 0.0188731 -0.0137043 -0.0110852 -0.000629771 -0.00474707 -0.00124429 -0.0217131 -0.0392745 -0.0162842 -0.0278089 0.00183842 0.00333364 -0.0027991 -0.0104402 0.017509 -0.000546785 0.0101146 -0.0350177 0.0174017 0.0131375 -0.00457896 -0.0184797 -0.0266438 -0.0129383
internal_weight=532.988 29.6878 15.6734 14.0144 503.301 10.2343 6.07957 4.15472 12.389 501.717 129.829 100.442 17.6743 9.74226 29.3872 16.5214 7.93201 82.7679 51.3566 37.6125 5.12214 12.8658 9.66157 14.7761 13.7441 31.4113 8.69789 9.07804 7.667 3.76342
internal_count=96912 22662 7573 15089 74250 7005 3502 3503 14732 74034 27570 19360 1062 588 8210 3982 474 18298 10172 7340 280 4228 2841 3436 2832 8126 3289 2720 2522 978
is_linear=0
shrinkage=0.05


Tree=290
num_leaves=31
num_cat=0
split_feature=5 5 0 9 9 9 9 5 14 5 14 1 9 14 14 1 14 12 9 14 5 1 5 9 14 9 11 0 5 14
split_gain=1.27889 3.16105 1.93787 3.15668 1.88148 1.84536 3.92554 1.28708 2.67692 3.50504 2.74365 3.80341 4.14651 2.34548 1.84657 3.48341 2.79616 3.0024 1.80996 1.48512 3.98389 1.41612 1.36586 3.3593 1.73833 2.13719 1.35589 1.31884 1.08747 1.07932
threshold=4.5848686467653996 4.0810090810162878 -0.039054492598341796 12.500000000000002 10.500000000000002 25.500000000000004 29.500000000000004 6.3771765217870842 14.500000000000002 6.2218911826456917 12.500000000000002 0.11600436710985521 16.500000000000004 19.500000000000004 18.500000000000004 0.37431456601919805 23.500000000000004 1.0000000180025095e-35 23.500000000000004 9.5000000000000018 5.4348382462762013 0.026111098452691165 5.9277437422963599 14.500000000000002 5.5000000000000009 17.500000000000004 1.0000000180025095e-35 0.98757153184991786 5.3726901768364668 13.500000000000002
decision_type=2 2 2 2 2 2 2 2 2 2 2 2 2 2 2 2 2 2 2 2 2 2 2 2 2 2 2 2 2 2
left_child=1 2 -1 4 -4 -5 -7 8 10 14 19 -12 -13 18 -10 27 17 28 -11 21 -21 -2 23 -23 25 -25 -24 -16 -17 -9
right_child=7 -3 3 5 -6 6 -8 29 9 13 11 12 -14 -15 15 16 -18 -19 -20 20 -22 22 26 24 -26 -27 -28 -29 -30 -31
leaf_value=-0.036847835680882977 -0.030315030771811469 -0.039339005884173321 -0.0097738748917521583 -0.010187784520999065 0.09325444234339178 0.080065494831195627 -0.010187784520999065 -0.0049124088137607611 -0.032667005416403432 0.098283275614065316 -0.022205917363555254 0.019885676467313332 0.095975655493937356 -0.0096281542813364991 -0.035308476711697116 0.095419782521454874 -1.613634752585108e-05 -1.613634752585108e-05 -0.010748427527093589 -0.051676940214572746 0.016359214367182278 -0.0049290199201957726 -0.0049290199201957726 0.056485885659853297 0.066721229474239516 -0.0049290199201957726 0.031129162894834764 -1.613634752585108e-05 0.0085886183598429915 -0.00011085153453908132
leaf_weight=1.1979681001432139 0.6381956623600108 6.5726686047427165 0.3670513133410489 3.7418670681599906 0.6716383468751701 0.84933267934911771 1.1272807073466991 223.43278371828558 6.9299120630255464 0.65500234757973774 1.195657454095566 2.0504121396304527 2.5825016182982381 0.95124690565592118 5.4197700405661902 1.3221492993961881 2.7635658497437134 1.1987552665855217 0.26049949690536778 2.483065878489696 4.7725914825953168 2.2166631502172987 2.7896744733643564 0.71747828063144004 3.7258943258509589 2.1431032700699006 1.6600439411658952 1.6429794981027042 0.68102399199960917 244.68272543113943
leaf_count=1549 289 2000 127 603 82 123 496 25123 1712 85 563 134 314 424 3814 84 424 111 115 691 693 385 311 31 550 145 41 287 103 55643
internal_value=-0.00202764 -0.0161719 0.00522469 0.0164723 0.0699107 -0.00219516 0.0313927 -0.00159966 0.00604919 -0.00681074 0.0163253 0.0439852 0.0619773 0.0454605 -0.0136357 -0.00190557 0.0241253 0.0512648 0.0778442 0.00705972 -0.0103637 0.0162452 0.020457 0.0308931 0.0476863 0.0120328 -0.00206966 -0.0241576 0.0785891 -0.00240823
internal_weight=531.444 14.5278 7.95514 6.75717 1.03869 5.71848 1.97661 516.916 48.8002 21.8249 26.9753 5.82857 4.63291 1.86675 19.9582 13.0282 5.96549 3.20193 0.915502 21.1467 7.25566 13.8911 13.2529 8.80314 6.58648 2.86058 4.44972 7.06275 2.00317 468.116
internal_count=97052 4980 2980 1431 209 1222 619 92072 11306 7159 4147 1011 448 624 6535 4823 722 298 200 3136 1384 1752 1463 1111 726 176 352 4101 187 80766
is_linear=0
shrinkage=0.05


Tree=291
num_leaves=31
num_cat=0
split_feature=5 5 7 16 9 9 9 5 0 5 9 0 9 9 0 12 9 4 9 16 14 14 14 9 9 9 14 0 14 5
split_gain=0.893672 3.02568 2.32615 2.36442 2.15008 2.13597 3.41787 2.82708 1.85596 1.81445 3.10615 1.49086 1.02234 1.41046 1.3919 0.909133 0.866426 1.27854 1.00421 0.812278 0.891414 1.61416 1.06169 2.7048 1.57594 1.94515 1.39372 0.894453 1.25714 0.871616
threshold=6.9533604670244555 6.9910998712849777 1.0000000180025095e-35 0.03548197574384155 12.500000000000002 28.500000000000004 15.500000000000002 5.4920946662844674 -0.067800700093452335 6.9730213621707078 24.500000000000004 1.4550864811895432 41.500000000000007 44.500000000000007 1.5772676958670611 1.0000000180025095e-35 87.500000000000014 0.79425508521165489 74.500000000000014 0.15430402930402934 45.500000000000007 32.500000000000007 27.500000000000004 24.500000000000004 34.500000000000007 52.500000000000007 26.500000000000004 1.1096890006090476 29.500000000000004 8.6694386812606492
decision_type=2 2 2 2 2 2 2 2 2 2 2 2 2 2 2 2 2 2 2 2 2 2 2 2 2 2 2 2 2 2
left_child=2 8 5 11 -5 6 7 -1 -2 -10 -11 -4 -7 -14 -15 -6 18 -18 19 20 21 22 26 27 -25 -26 29 -24 -29 -3
right_child=1 16 3 4 15 12 -8 -9 9 10 -12 -13 13 14 -16 -17 17 -19 -20 -21 -22 -23 23 24 25 -27 -28 28 -30 -31
leaf_value=-0.0022881691005881876 -0.020771292993182356 0.0021194739629758837 -0.0022881691005881876 0.062937288564749547 0.011750477121246067 -0.036987499580076542 -0.0022881691005881876 -0.039879791342227126 0.01261235641603725 0.10521386036655081 0.01261235641603725 0.011750477121246067 -0.0022881691005881876 -0.049367512924317528 -0.0022881691005881876 0.037418223443920068 -0.017084796129341152 0.050761546113731765 -0.031420235774132207 0.026912326751973765 -0.025442765346089025 0.013778078642210177 -0.039656590998651015 0.013778078642210177 -0.034777137859877516 0.013778078642210177 0.013778078642210177 -0.023013669745358439 0.013778078642210177 -0.0028078500451606324
leaf_weight=6.6886237017411103 0.66671173010786322 249.57983117210108 17.374864121242016 1.8958364062709714 4.9766029737584176 8.3748860321841203 25.764078010232879 10.245002329904535 2.5466208053976507 1.2063584403513234 0.89990655531892105 8.3049665869784786 0.91981078993847987 2.2025705444912096 1.3055758155428518 2.6846144682640443 0.46772268141529483 0.95665552997263603 1.4284835019313948 1.9640988766554972 2.2511558115835433 11.862019667629509 5.8039548171848327 6.0534893886924674 3.1312612635221058 1.1047462265564716 8.3534907654804993 1.4394688198462975 2.0607138976029091 138.85113147639606
leaf_count=2077 338 33131 3094 30 70 4004 7164 1659 174 75 92 413 571 2316 226 99 569 257 829 278 10625 4435 1076 1018 1075 486 1118 118 124 19575
internal_value=0.000383269 0.00131539 -0.00410817 0.00583839 0.025767 -0.0104147 -0.00476373 -0.0244622 0.0356653 0.045996 0.0721075 -0.00226609 -0.0275504 -0.00617552 -0.0305995 0.0117505 0.000814841 0.0306252 0.000646781 0.000824948 0.000643831 0.000839916 0.000277088 -0.0107936 0.00675069 -0.0161416 0.00084953 -0.0289681 -0.00637075 0.000355433
internal_weight=531.365 440.628 90.7374 35.2369 9.55705 55.5005 42.6977 16.9336 5.3196 4.65289 2.10626 25.6798 12.8028 4.42796 3.50815 7.66122 435.308 1.42438 433.884 432.455 430.491 428.24 416.378 19.5936 10.2895 4.23601 396.784 9.30414 3.50018 388.431
internal_count=97116 75393 21723 3706 199 18017 10900 3736 679 341 167 3507 7117 3113 2542 169 74714 826 73888 73059 72781 62156 57721 3897 2579 1561 53824 1318 242 52706
is_linear=0
shrinkage=0.05


Tree=292
num_leaves=31
num_cat=0
split_feature=14 12 16 0 5 5 0 5 5 12 14 15 14 5 5 11 14 5 5 14 12 11 14 15 5 5 0 5 5 5
split_gain=1.34165 1.70416 4.83515 2.42733 1.20989 3.04309 1.38211 1.51216 1.37356 1.80792 1.79023 1.36792 1.35542 1.33302 2.96219 2.31831 1.30792 3.16145 4.50878 1.98198 2.28726 2.12345 1.71697 2.53381 1.63984 1.58728 1.55609 1.36838 1.87291 1.48338
threshold=24.500000000000004 1.5000000000000002 0.074537037037037054 1.6981219342632818 7.4659323263886312 7.3887150439786611 -0.5330614214858248 7.3770169429876455 7.5759899252473222 1.0000000180025095e-35 15.500000000000002 1.5000000000000002 5.5000000000000009 7.2194222969600093 7.145405932206768 3.5000000000000004 14.500000000000002 4.5157882460901222 3.9645267917352025 13.500000000000002 3.5000000000000004 4.5000000000000009 20.500000000000004 1.0000000180025095e-35 6.0254102723562619 7.0774997693339765 0.16911247487971823 4.9226670919283917 6.2218911826456917 6.9730213621707078
decision_type=2 2 2 2 2 2 2 2 2 2 2 2 2 2 2 2 2 2 2 2 2 2 2 2 2 2 2 2 2 2
left_child=4 -2 3 -3 5 6 -1 13 9 10 12 -7 -6 14 16 -15 19 18 -18 21 27 25 -19 24 -24 -8 -20 -21 -29 -30
right_child=1 2 -4 -5 8 11 7 -9 -10 -11 -12 -13 -14 15 -16 -17 17 22 26 20 -22 -23 23 -25 -26 -27 -28 28 29 -31
leaf_value=-0.030415849533693924 0.010985422650217394 -0.031968060873030307 0.046814146379313831 0.012179806691529767 -0.014467454282943219 -0.036677209407901312 -0.0057692427968417878 0.034207872697269624 0.00097124616671753837 -0.0076930785029936753 0.00073958851208429804 0.020856883837695406 0.055327522025726696 -0.015733179994372345 0.02543750241414406 0.033322147123207892 -0.015216067324393213 -0.015733179994372345 -0.0083517405694368257 -0.015733179994372345 -0.015733179994372345 0.040164469066782622 0.010585356482448398 0.034795071329412439 -0.015733179994372345 0.018534420671450683 0.084134911802325393 0.069274041341814543 -0.015733179994372345 0.033577049661967298
leaf_weight=3.133697344556821 57.265128371929876 9.5958462476901598 2.2084937085310221 1.4379594428160078 0.38784128506381232 7.9264719703156725 51.470414557136451 1.9767881999214285 301.89135977335354 4.2223932468959902 3.2198103862704102 0.52237382507155405 4.1606664911255393 16.894258984322281 9.5905820742168526 1.5374600497307245 2.720060317441038 25.941048026232693 0.3490279224893128 0.49612127615409818 0.660944478586316 1.9856830473872822 2.0548846557367124 3.3668647365866491 4.1039322715366779 4.5571826051946109 1.5454515114183776 2.5163238902039211 1.0769666300461724 1.5714793528040898
leaf_count=5595 21351 8413 399 255 62 1347 5892 166 40776 423 434 15 650 2369 1018 43 701 3760 202 230 13 57 674 114 861 417 323 271 210 145
internal_value=0.000901414 0.00727276 -0.00842635 -0.0224545 -8.90824e-05 -0.00383428 -0.00193423 -0.00105051 0.00165959 0.0175813 0.0306295 -0.0312891 0.0478414 -0.00182919 0.000231972 -0.0139341 -0.00230248 -0.00927696 0.0260555 0.00211815 0.0266337 -0.000959408 -0.0144625 0.00516936 -0.0136244 -0.00309563 0.0700971 0.037827 0.0450502 0.00935588
internal_weight=530.388 70.5074 13.2423 11.0338 459.88 145.998 137.549 134.415 313.882 11.9907 7.76832 8.44885 4.54851 132.439 114.007 18.4317 104.416 40.0813 4.61454 64.3351 6.32184 58.0133 35.4667 9.52568 6.15882 56.0276 1.89448 5.66089 5.16477 2.64845
internal_count=97186 30418 9067 8668 66768 24423 23061 17466 42345 1569 1146 1362 712 17300 14888 2412 13870 6635 1226 7235 869 6366 5409 1649 1535 6309 525 856 626 355
is_linear=0
shrinkage=0.05


Tree=293
num_leaves=31
num_cat=0
split_feature=9 9 5 5 9 9 9 5 1 5 9 14 4 5 4 14 5 5 5 3 5 14 9 7 0 5 5 5 0 14
split_gain=1.13508 1.63716 1.52248 1.21473 0.972369 3.88157 3.0433 1.96729 1.98306 3.61777 3.22125 2.43108 2.06615 1.83918 2.90536 1.81659 4.04813 2.63705 2.41895 3.40083 2.15694 1.86832 1.82533 2.11395 1.77898 2.01291 1.77153 2.95202 2.70148 2.47755
threshold=65.500000000000014 62.500000000000007 8.8831533859247589 7.0908870852933346 12.500000000000002 16.500000000000004 17.500000000000004 4.1821387123638578 0.49135702463691588 8.3584718107074547 6.5000000000000009 6.5000000000000009 0.81096096096096104 6.3198989676170809 0.79935064935064948 12.500000000000002 9.0378901379635064 9.0666970738650363 8.3647054306170894 1.0000000180025095e-35 8.9993076393844991 30.500000000000004 15.500000000000002 1.0000000180025095e-35 2.8253796890422285 7.9620658971818896 9.1868023592010832 9.1512976091682621 -0.26986618893664871 7.5000000000000009
decision_type=2 2 2 2 2 2 2 2 2 2 2 2 2 2 2 2 2 2 2 2 2 2 2 2 2 2 2 2 2 2
left_child=1 4 3 -3 7 15 -7 -1 9 10 -9 12 -10 14 -13 16 20 18 19 24 -6 22 -20 -24 25 -17 27 -8 -28 -30
right_child=-2 2 -4 -5 5 6 26 8 11 -11 -12 13 -14 -15 -16 17 -18 -19 21 -21 -22 -23 23 -25 -26 -27 28 -29 29 -31
leaf_value=0.039376637260472823 -0.016897422529428125 -0.010533362198512475 -0.016061889034597439 0.074043057138104246 0.023125477844484134 -0.018928361446737839 0.00038660156789300067 -0.0021126405625439232 -0.0021126405625439232 -0.0021126405625439232 -0.030346581635029214 -0.0021126405625439232 0.043766528105867668 -0.0021126405625439232 0.058225180847562077 -0.016128349068013297 -0.014272695181292153 0.0270956106497455 -0.036625653726308861 0.039000298907240043 0.089849372039586928 0.030344192571278086 -0.018175465322579097 0.05995280172582218 0.018580689960032693 0.0059393728962302888 -0.027825428771302604 -0.045694622759320791 0.035906793781146425 0.0072938985717082841
leaf_weight=1.6891691075192046 7.1331583435995745 0.25588831029096926 0.44808950185733909 0.9734824106758424 33.580671115469499 18.477118937863963 263.91205164303022 5.9776630396419277 2.5009440924422952 27.390059424900869 24.623101659508677 1.1824396203787757 5.29023365014109 23.104414184945199 2.2604846122249 17.207719777303407 6.7054217743523159 9.9009662772656366 7.7985366160862633 5.4483928561949133 0.42053700086762447 0.80503534745400962 1.5241176262825318 0.36160316141013016 1.1783610032298373 5.5672685341581305 3.4639337105876384 2.5216743257333283 8.63710170642298 39.128070086686648
leaf_count=464 3648 213 151 390 3582 3148 56930 678 122 4053 4613 62 168 1426 113 2933 796 1334 787 490 56 493 248 51 19 849 3657 409 361 5051
internal_value=0.00165012 0.00193521 0.0409473 0.0596105 0.00173127 0.00274516 0.000259063 -0.00285007 -0.00403625 -0.00961365 -0.0218961 0.00538837 0.0281862 -0.0020827 0.0300728 0.0118756 0.0195976 0.00530094 -0.00063884 0.00676284 0.0264942 -0.0201688 -0.0268149 0.0123903 -0.00183892 -0.00670194 0.00143101 -0.000218769 0.00985115 0.013098
internal_weight=529.468 522.335 1.67746 1.22937 520.657 426.639 336.14 94.0185 92.3293 57.9908 30.6008 34.3385 7.79118 26.5473 3.44292 90.4986 40.7066 49.792 39.891 29.4017 34.0012 10.4893 9.68426 1.88572 23.9533 22.775 317.663 266.434 51.2291 47.7652
internal_count=97295 93647 754 603 92893 81194 69556 11699 11235 9344 5291 1891 290 1601 175 11638 4434 7204 5870 4291 3638 1579 1086 299 3801 3782 66408 57339 9069 5412
is_linear=0
shrinkage=0.05


Tree=294
num_leaves=31
num_cat=0
split_feature=5 14 14 7 9 13 5 14 9 14 4 14 9 9 14 14 14 14 14 14 5 4 14 15 14 16 14 11 9 10
split_gain=1.38839 2.93163 3.41568 3.3794 2.38372 3.92557 2.70147 2.59927 2.34554 7.34524 2.37279 2.20741 2.83838 1.80526 1.60652 2.12265 1.6298 2.54103 1.52937 1.48621 1.45502 1.23442 1.22982 1.13752 1.08381 1.0396 1.35085 1.00832 1.57507 2.09157
threshold=9.0134975601397489 38.500000000000007 25.500000000000004 1.5000000000000002 16.500000000000004 0.84681462884997327 9.1868023592010832 1.0000000180025095e-35 18.500000000000004 11.500000000000002 0.9678709677419356 21.500000000000004 20.500000000000004 41.500000000000007 1.5000000000000002 14.500000000000002 11.500000000000002 9.5000000000000018 15.500000000000002 45.500000000000007 9.2183881920843636 0.70853559870550165 5.5000000000000009 2.5000000000000004 8.5000000000000018 0.038192249720425932 17.500000000000004 1.5000000000000002 16.500000000000004 351.62011385585834
decision_type=2 2 2 2 2 2 2 2 2 2 2 2 2 2 2 2 2 2 2 2 2 2 2 2 2 2 2 2 2 2
left_child=27 2 4 23 5 -2 7 -6 9 -8 11 13 -13 14 -10 16 17 -16 -15 21 -19 -3 -7 -4 -9 -17 -27 -1 29 -29
right_child=1 19 3 -5 6 22 8 24 10 -11 -12 12 -14 18 15 25 -18 20 -20 -21 -22 -23 -24 -25 -26 26 -28 28 -30 -31
leaf_value=-0.00072276406208313766 -0.021542836093789253 -0.011218210648830685 -0.046118652942738494 0.039790026381403706 0.047490268409120621 0.051179781030503857 0.084775846383147502 -0.052294983627509443 -0.042489777992307652 -0.016025659348729973 0.045785982127558592 -0.040469163931909469 0.022577202845792042 0.022577202845792042 0.010625231228943632 -0.029392219745609734 0.022577202845792042 0.021859706853917846 -0.019517325988298386 -0.012223063196197335 -0.047589455389257712 0.069515078106919731 0.0022907768653996031 -0.0010555862516773817 -0.014751868837815174 -0.014610692924849976 0.022577202845792042 0.027329906908766573 0.0027079017441760007 0.0027079017441760007
leaf_weight=361.08288683800885 29.038046143626048 0.27919934437261362 9.0569430225898433 0.64338941636197056 0.4202711284160604 1.4879370552662283 2.4964095218977027 2.1411400605079498 2.4004198266484336 3.1977106911310784 1.9442184834701937 0.97318689166570393 3.7281372982183711 4.3461635785826038 7.5143668281517702 8.577547225797387 5.5236089911802528 0.31998826130347913 1.5103381196994403 0.65772541801362638 2.8659472275169264 1.4391165874119449 2.8690984870190732 0.47883730121248014 8.5929104039875011 2.2033385366266875 2.09290045103171 15.364524012323047 43.876548833140873 2.5996349546736601
leaf_count=73578 3562 111 2164 40 2 14 264 245 21 425 163 72 850 428 753 1787 868 39 449 2735 496 350 116 25 1961 58 48 734 4203 572
internal_value=-0.000997821 -0.0060633 -0.00747997 -0.0336404 -0.00433088 -0.0148541 0.00159132 -0.0196087 0.00664278 0.03423 0.00239134 -0.000631576 0.0225772 -0.00502432 -0.00982889 -0.00581232 0.00613468 -0.00552607 0.018481 0.0399707 -0.0370583 0.057096 0.0254236 -0.0419012 -0.0260591 -0.0202252 0.000170834 0.000292627 0.00613857 0.0184249
internal_weight=529.722 106.799 104.423 10.1792 94.2437 33.3951 60.8486 11.1543 49.6943 5.69412 44.0002 42.0559 4.70132 37.3546 31.4981 29.0977 16.2239 10.7003 5.8565 2.37604 3.18594 1.71832 4.35704 9.53578 10.7341 12.8738 4.29624 422.924 61.8407 17.9642
internal_count=97133 18046 14850 2229 12621 3692 8929 2208 6721 689 6032 5869 922 4947 4070 4049 2156 1288 877 3196 535 461 130 2189 2206 1893 106 79087 5509 1306
is_linear=0
shrinkage=0.05


Tree=295
num_leaves=31
num_cat=0
split_feature=5 14 5 14 14 5 14 16 9 5 4 5 9 0 7 9 14 9 9 5 5 5 9 5 4 5 5 0 9 9
split_gain=1.08164 2.71728 2.5358 2.36157 3.73845 3.32554 2.85709 2.84807 2.82631 2.19222 6.40635 2.23156 4.3968 3.12573 2.77923 2.62298 2.47251 3.50654 2.12308 2.06919 2.86068 2.05529 2.04592 5.20619 4.32303 3.05224 2.02539 3.10743 2.44639 2.34043
threshold=8.8274865801820344 18.500000000000004 8.8153422116823812 18.500000000000004 36.500000000000007 8.8490741178320658 17.500000000000004 0.074537037037037054 14.500000000000002 8.6849771413309238 0.74891304347826104 7.8960311482039094 26.500000000000004 2.8253796890422285 1.5000000000000002 11.500000000000002 20.500000000000004 21.500000000000004 24.500000000000004 3.9645267917352025 4.766488736963427 8.6324788521322411 20.500000000000004 8.4694794778753977 0.7632583366813982 8.3514090506481669 6.2703899791575219 0.62025204502751063 25.500000000000004 24.500000000000004
decision_type=2 2 2 2 2 2 2 2 2 2 2 2 2 2 2 2 2 2 2 2 2 2 2 2 2 2 2 2 2 2
left_child=1 2 -1 5 7 -2 -7 -5 -8 11 -11 13 15 19 -14 -13 17 21 -19 -3 -21 -17 25 -24 -25 -18 27 -22 -29 -28
right_child=3 9 -4 4 -6 6 8 -9 -10 10 -12 12 14 -15 -16 16 22 18 -20 20 26 -23 23 24 -26 -27 29 28 -30 -31
leaf_value=-0.0011606779273390514 0.061751295192062211 -0.034374696393974169 -0.048938381428802295 -0.011781585741096539 0.043248496083858994 0.0064768438134260005 -0.011868739479626697 0.039168123139363992 0.065015071498520316 -0.033505952196317391 0.065002023518835592 -0.022028246790313857 -0.026338905704234323 0.047177951444068805 0.039827125831405311 0.068652101316887329 0.013198668757660754 -0.038322877602448228 0.034653178041073283 0.027577190164995498 -0.037921315998094715 -0.015920161062213431 -0.0037048027857364977 -0.01758432672585053 0.12976752709672487 -0.038422854330559322 -0.00021053094670217795 0.027577190164995498 -0.013565362900216191 0.02207903028445202
leaf_weight=281.07894986525719 2.1182459892527268 1.8101657776690263 1.8059897292932863 36.125318030136555 2.8892749611411537 83.044725697185697 1.305346310787171 1.9910679428485298 3.0900809224024215 1.7071681544481965 4.0393498694860455 4.4341390966553176 17.349964702572667 4.6152110335497118 0.85623384117866308 4.4322351021980948 6.0419808627040634 1.4430149209842968 0.7298424009447898 4.2195714143588239 5.1278880067316361 0.4457050965847883 4.2521182001106004 0.40763307628372991 0.65999074310542483 3.9004490610872153 24.681969328896571 3.7781965684680472 2.5312499350711732 21.491842008456217
leaf_count=38298 356 1115 186 6907 4374 10885 123 73 702 615 1130 714 6953 122 102 422 1324 162 105 1345 3530 47 1369 193 264 1026 5184 386 587 8490
internal_value=0.00232296 0.00103182 -0.00163701 0.0062587 -0.0036194 0.0107716 0.00885231 -0.00818687 0.0442144 0.00733922 0.0351087 0.00563457 -0.00298121 0.01127 -0.0213155 0.00981699 0.0168189 0.0392805 -0.0106147 0.00797643 0.00974367 0.0595308 0.0046647 0.0270901 0.0922124 -0.00871328 0.00576148 -0.0123422 0.0107906 0.0104124
internal_weight=532.405 401.841 282.885 130.564 41.0057 89.5584 87.4402 38.1164 4.39543 118.956 5.74652 113.209 44.9533 68.2561 18.2062 26.7471 22.313 7.0508 2.17286 63.6409 61.8307 4.87794 15.2622 5.31974 1.06762 9.94243 57.6111 11.4373 6.30945 46.1738
internal_count=97089 73669 38484 23420 11354 12066 11710 6980 825 35185 1745 33440 12681 20759 7055 5626 4912 736 267 20637 19522 469 4176 1826 457 2350 18177 4503 973 13674
is_linear=0
shrinkage=0.05


Tree=296
num_leaves=31
num_cat=0
split_feature=5 9 14 14 14 16 12 5 12 5 5 14 9 0 5 5 5 14 5 5 14 5 5 0 0 9 9 5 5 5
split_gain=1.89401 1.01554 3.17334 1.47298 3.69652 3.59699 2.82956 1.70896 2.18545 1.54343 5.01287 1.96139 1.84026 1.73909 1.42685 1.37024 1.51448 1.94135 3.32832 2.70109 2.3187 2.2854 1.81303 2.60044 1.8038 1.78237 1.85824 3.29576 2.94703 1.74219
threshold=3.8403037988383915 10.500000000000002 3.5000000000000004 18.500000000000004 16.500000000000004 0.020236145236145243 1.0000000180025095e-35 8.9781952735392849 3.5000000000000004 7.6757128033545792 7.5258008835461299 11.500000000000002 7.5000000000000009 2.6425224776270224 5.3088430155903028 4.0810090810162878 6.858432694097508 18.500000000000004 5.9277437422963599 5.5519419209880105 29.500000000000004 4.766488736963427 6.9073626024224497 0.69744358094895953 0.24231270689837867 14.500000000000002 23.500000000000004 5.8233965048167171 5.7213653196100642 6.3198989676170809
decision_type=2 2 2 2 2 2 2 2 2 2 2 2 2 2 2 2 2 2 2 2 2 2 2 2 2 2 2 2 2 2
left_child=-1 2 -2 4 9 -5 -7 8 -6 10 12 -12 14 -11 -4 -3 17 18 19 -17 21 24 23 -18 -19 -21 28 -28 -27 -23
right_child=1 15 3 5 7 6 -8 -9 -10 13 11 -13 -14 -15 -16 16 22 20 -20 25 -22 29 -24 -25 -26 26 27 -29 -30 -31
leaf_value=-0.025563871408089189 0.024188065033825465 0.038672095862763156 -0.029871854212993817 -0.047245583585487007 0.066470695213440345 0.042196049176102444 -0.020585369263706257 -0.019134887952984306 -0.011594413779716428 -0.021851471158063168 0.10090014458925765 0.001461727407210664 -0.027234980675430471 0.017885734802314344 0.021047153870793325 -0.0093019596938935904 -0.011166555119743956 -0.0058651516908725353 -0.024935863440567918 -0.021052034859086965 -0.023763220070907712 -0.0073949468899403726 0.002723208013817896 0.055241645343596685 0.071326879556528763 0.08335093531531132 -0.030961853777104253 0.047530170182044605 -0.00090025545222166775 0.028013204636842672
leaf_weight=5.6009480394920947 7.2488148439892361 1.5607345259541592 0.85467184023263865 6.2147612678520527 2.4908912050836989 2.0328001442285313 3.2366775320244869 0.6092569270072089 0.85208718487410795 20.798998323379013 0.63474052315905172 0.75468260333127546 5.6285395318175233 2.3890278235558062 4.8901035377816697 17.912851348290932 1.9324277618868553 0.84452511803715724 20.64116171240812 1.1621172369400463 3.6288608346104061 8.428986315755763 391.03538112108987 2.8256675620250462 1.7779118475082212 1.9674161596362867 2.0671594972018288 1.3781667870649696 1.5637516283986768 4.5719737085379384
leaf_count=2328 208 616 143 1681 297 61 265 80 6 2769 56 51 919 53 380 4125 469 438 3235 132 3538 2477 70418 145 282 153 420 164 194 1013
internal_value=0.00105672 0.00139072 -0.00475646 -0.00922323 -0.00441044 -0.0242529 0.00607485 0.0363018 0.0484847 -0.00974744 0.00403624 0.070105 -0.00904856 -0.0171872 0.010166 0.00217729 0.00197063 -0.00499365 -0.0104416 0.00153985 0.00808239 0.0164637 0.00314064 0.0310156 0.0517114 0.023809 0.0329842 0.00406488 0.0540763 0.00616829
internal_weight=527.536 521.935 58.6361 51.3872 39.903 11.4842 5.26948 3.95224 3.34298 35.9508 12.7627 1.38942 11.3733 23.188 5.74478 463.299 461.738 65.9449 46.6926 26.0515 19.2523 15.6234 395.793 4.7581 2.62244 8.13861 6.97649 3.44533 3.53117 13.001
internal_count=97116 94788 6969 6761 4754 2007 326 383 303 4371 1549 107 1442 2822 523 87819 87203 16171 8423 5188 7748 4210 71032 614 720 1063 931 584 347 3490
is_linear=0
shrinkage=0.05


Tree=297
num_leaves=31
num_cat=0
split_feature=21 17 9 9 0 12 0 9 9 9 9 9 15 14 9 14 14 16 9 9 9 12 12 14 12 14 14 9 9 14
split_gain=0.804352 1.54408 0.755853 1.1479 1.27716 1.08569 1.02135 1.3919 1.06881 0.992572 0.97804 1.50588 1.17486 0.950156 0.927134 2.46024 1.85488 1.18887 0.90479 0.730439 0.759397 2.80221 1.35358 1.7505 0.729506 0.716621 1.29068 0.66739 0.762724 1.80341
threshold=1.0000000180025095e-35 1.0000000180025095e-35 38.500000000000007 42.500000000000007 -0.54435011845456238 16.500000000000004 -0.076657907343767026 58.500000000000007 76.500000000000014 53.500000000000007 36.500000000000007 35.500000000000007 1.5000000000000002 27.500000000000004 32.500000000000007 29.500000000000004 7.5000000000000009 0.10582306830907055 52.500000000000007 48.500000000000007 44.500000000000007 1.0000000180025095e-35 1.0000000180025095e-35 21.500000000000004 14.500000000000002 15.500000000000002 24.500000000000004 9.5000000000000018 10.500000000000002 1.5000000000000002
decision_type=2 2 2 2 2 2 2 2 2 2 2 2 2 2 2 2 2 2 2 2 2 2 2 2 2 2 2 2 2 2
left_child=1 2 5 4 -4 10 -5 9 -9 18 11 14 25 -6 24 16 -16 -18 19 20 21 -8 -22 -24 27 -12 -27 -1 29 -29
right_child=-2 -3 3 6 13 -7 7 8 -10 -11 12 -13 -14 -15 15 -17 17 -19 -20 -21 22 -23 23 -25 -26 26 -28 28 -30 -31
leaf_value=0.0075288307586954678 0.035021124450433198 -0.033694038049881928 -0.028534756619536406 -0.016436779496552457 0.018541672782189125 -0.033489629342630001 -0.0054669629847136185 0.018541672782189125 -0.0054669629847136185 -0.0054669629847136185 -0.03247964951276882 0.018541672782189125 0.018541672782189125 -0.0049965419186736417 0.018541672782189125 0.018541672782189125 -0.027631545599289473 0.018541672782189125 0.018541672782189125 -0.0054669629847136185 0.018541672782189125 0.018541672782189125 -0.0054669629847136185 0.018541672782189125 0.018541672782189125 -0.00042533892648104616 -0.035164507697003029 0.018541672782189125 0.0017043468569077251 -0.016455133146788935
leaf_weight=46.797373683178762 0.86205053261664844 2.0061265720999009 0.62393363332484142 5.1476398787630719 18.077277439174399 1.202682533138385 4.5299000802224461 8.4850213885940757 2.6583418582897584 3.0097248528518312 4.1018397194177361 6.9329130188745003 0.9941546174473509 1.6295949507107241 2.3363240601027 1.6880102780589812 12.65719486285013 0.76849059210508208 1.5430060307885458 5.5696830211727493 5.6821326893955284 2.9705079151490281 3.1393920834379974 0.84036553592250118 0.98253395902429375 2.9899344969816184 1.7481318794017964 1.2637655166909088 364.89967650783876 12.845888191160496
leaf_count=4672 266 6752 1335 7338 2370 1441 574 1836 955 1015 768 1445 77 726 210 1177 3347 19 214 1212 917 351 225 318 142 870 885 11 54095 1636
internal_value=0.00218191 0.00206222 0.00226223 0.00731799 0.0168332 0.00154891 0.00260051 0.00550285 0.0185417 -0.000750065 0.00171261 0.00206483 -0.013146 0.0185417 0.00166147 -0.009323 -0.0167014 -0.0237493 0.00568016 0.00163092 0.00749523 -0.00419867 0.0161154 -0.00546696 0.00213133 -0.0193924 -0.00437655 0.00195862 0.00125285 -0.00976375
internal_weight=528.984 528.122 526.115 63.9065 20.3308 462.209 43.5757 38.4281 11.1434 27.2847 461.006 451.172 9.83406 19.7069 444.239 17.45 15.762 13.4257 24.275 22.732 17.1623 7.50041 9.66189 3.97976 426.789 8.83991 4.73807 425.807 379.009 14.1097
internal_count=97199 96933 90181 19386 4431 70795 14955 7617 2791 4826 69354 66754 2600 3096 65309 4753 3576 3366 3811 3597 2385 925 1460 543 60556 2523 1755 60414 55742 1647
is_linear=0
shrinkage=0.05


Tree=298
num_leaves=31
num_cat=0
split_feature=21 17 5 5 0 14 5 14 14 5 14 5 5 5 14 14 5 5 14 14 12 5 11 14 5 5 5 16 11 14
split_gain=0.860328 1.27866 0.706852 1.56503 0.68534 0.64467 0.54238 2.35886 1.84198 1.74405 1.48171 1.52483 1.09399 0.713951 0.582984 0.534147 0.532589 0.49266 0.464406 0.427406 1.11883 1.31349 1.22197 1.4799 1.27827 1.11881 1.74152 0.776356 0.676203 1.58365
threshold=1.0000000180025095e-35 1.0000000180025095e-35 2.7377885089469012 3.3158223222275827 -0.99266396128577028 16.500000000000004 5.1826093221586591 22.500000000000004 17.500000000000004 5.5519419209880105 9.5000000000000018 4.3628120914230282 3.9645267917352025 5.7213653196100642 5.5000000000000009 15.500000000000002 5.8233965048167171 5.1003242759222021 2.5000000000000004 4.5000000000000009 1.5000000000000002 7.8140156039444237 1.0000000180025095e-35 1.5000000000000002 9.1707417265189139 7.8790375849370555 7.1587901799666662 0.1502688172043011 1.5000000000000002 17.500000000000004
decision_type=2 2 2 2 2 2 2 2 2 2 2 2 2 2 2 2 2 2 2 2 2 2 2 2 2 2 2 2 2 2
left_child=1 2 5 -4 -5 -1 7 8 10 -8 11 -6 15 14 -11 -12 18 -14 -15 20 22 -22 24 -24 25 26 -18 28 -21 -30
right_child=-2 -3 3 4 6 -7 9 -9 -10 13 12 -13 17 16 -16 -17 19 -19 -20 27 21 -23 23 -25 -26 -27 -28 -29 29 -31
leaf_value=0.017245544407692683 0.034437093789363209 -0.033052636398381824 -0.043119464833803259 -0.026685949084631951 -0.013156495975012597 -0.018750139802659563 -0.013156495975012597 -0.013156495975012597 0.017245544407692683 -0.0130413003296335 0.017245544407692683 0.017245544407692683 -0.013156495975012597 0.017245544407692683 0.017245544407692683 -0.013156495975012597 0.0036279318249619256 0.017245544407692683 -0.013156495975012597 2.2667626198272358e-05 0.011306151804493292 -0.013156495975012597 0.0036279318249619256 0.017245544407692683 -0.013156495975012597 0.0036279318249619256 -0.013156495975012597 0.017245544407692683 0.0090253652559874123 0.0029995492463410905
leaf_weight=1.8226939782520042 0.82560701464990316 1.9006829503591678 1.0881100884472505 1.3506077216351275 2.302425632212084 0.5886193967020289 8.6229849349191436 3.7344221839074967 4.424248510557617 0.91596397065859392 1.6972636579152989 3.9723540072814103 6.2953580922296624 0.35031772940419559 3.8885605847954139 0.43512507763944075 5.2525723531480271 0.66900221331752607 3.4399651263879605 362.88617901903319 4.9327634614819535 8.7609653040126414 9.0113846971362346 5.6385681127358103 5.06452034312042 17.950219489116535 7.8631962414474401 2.470510288989316 34.903529215200251 19.004425436815154
leaf_count=181 262 6734 352 14415 182 247 1554 1023 588 26 158 328 872 4 757 52 220 111 545 62465 45 78 56 89 251 631 286 314 683 3484
internal_value=0.00017185 5.3995e-05 0.00023497 8.18632e-05 0.000252935 0.0172455 0.000372957 0.00763219 0.0151574 1.74616e-05 -0.000218242 0.0169978 -0.0126009 0.000473459 0.0172455 0.0172455 0.000265211 -0.0131565 -0.0131565 0.000432273 -0.00332659 -0.0131565 0.000242829 0.0119569 -0.004701 0.000549152 -0.0112251 0.00101685 0.000805186 0.00597643
internal_weight=532.063 531.238 529.337 526.926 525.837 2.41131 524.487 23.5302 19.7958 500.957 15.3715 6.27478 9.09675 492.334 4.80452 2.13239 487.529 6.96436 3.79028 483.739 64.4742 13.6937 50.7805 14.65 36.1305 31.066 13.1158 419.265 416.794 53.908
internal_count=96993 96731 89997 89569 89217 428 74802 3314 2291 71488 1703 510 1193 69934 783 210 69151 983 549 68602 1656 123 1533 145 1388 1137 506 66946 66632 4167
is_linear=0
shrinkage=0.05


Tree=299
num_leaves=31
num_cat=0
split_feature=9 9 14 14 5 5 14 5 5 14 9 5 11 0 9 5 0 7 14 14 14 5 5 5 11 9 5 12 14 7
split_gain=1.76203 2.03816 4.04918 6.77171 1.55727 3.36305 1.72417 1.68121 2.93258 3.65485 1.61416 2.04012 1.86247 1.50898 1.50828 1.70199 2.51002 1.48385 1.42232 1.40534 1.66154 1.25607 1.6357 1.17854 0.948607 1.67573 1.84914 1.61994 2.38137 1.52584
threshold=42.500000000000007 41.500000000000007 13.500000000000002 22.500000000000004 7.2862315880373218 6.858432694097508 16.500000000000004 7.9295840231213992 7.9926211699921064 17.500000000000004 44.500000000000007 8.4031360178810086 1.0000000180025095e-35 -0.067800700093452335 50.500000000000007 8.3584718107074547 1.9065244410058804 2.5000000000000004 20.500000000000004 28.500000000000004 3.5000000000000004 6.1221109329016938 5.8776694374807281 8.4031360178810086 1.5000000000000002 31.500000000000004 7.8140156039444237 1.5000000000000002 15.500000000000002 1.0000000180025095e-35
decision_type=2 2 2 2 2 2 2 2 2 2 2 2 2 2 2 2 2 2 2 2 2 2 2 2 2 2 2 2 2 2
left_child=1 24 -3 -4 5 6 21 -6 9 -9 11 12 -10 -7 15 16 -12 -8 -15 20 -16 22 -2 -21 27 -26 -27 -1 -29 -28
right_child=4 2 3 -5 7 13 17 8 10 -11 14 -13 -14 18 19 -17 -18 -19 -20 23 -22 -23 -24 -25 25 26 29 28 -30 -31
leaf_value=0.00089602479923993686 -0.0028632597946530759 -0.021289131819798246 0.10158558038842691 -0.028673505453607886 -0.03483007275099366 -0.019642997958891812 -0.048577717720954296 0.085857111629736124 -0.028083324751577585 -0.027145615809245439 -0.042554583291400237 -0.055675450985811607 0.042683002217617221 0.013631702427952487 0.016645157818125794 0.02329030089952085 0.045173762003706749 0.02361477506436338 0.069649304647031535 0.045260259640597648 -0.03216697771121977 -0.023870439105226657 0.073152469183074581 -0.0181655827060564 0.0035066551677641086 0.044757684809645662 0.0035066551677641086 -0.045826094631338153 -0.00087522202618402515 0.04333071351241382
leaf_weight=400.65112336728896 1.5251577850717395 1.7668966601504497 1.8841543690864457 0.97724251827503383 6.7908297169140068 0.60845971925067477 2.9105164523236913 0.76100634526688071 1.0418533014291451 0.58043425112600744 1.8899267761514713 2.9930134415895395 0.72427454385069712 3.1390797894950992 1.5044985648128184 5.9707807044783294 0.22740366252401134 0.2427523867736453 1.6041781239860027 0.70073839396218207 7.9162775444567615 0.88851567325059466 0.21484794640673488 0.55620268583970756 58.082212660529621 4.5998192817332875 3.8347314716927769 3.628943604920436 8.2161845375217109 1.4146796480681585
leaf_count=69777 568 209 374 482 2678 826 2385 142 221 338 533 691 49 382 13 1751 23 3 417 491 2735 239 83 1201 4662 435 505 708 3994 126
internal_value=0.000734936 0.00159907 0.0315174 0.0611939 -0.00887327 0.00677047 -0.0182927 -0.0144139 -0.00770735 0.0462506 -0.0125445 -0.0357792 0.00587651 0.0324648 -0.00514003 0.0104332 -0.0216638 -0.0386723 0.0414054 -0.0168197 -0.0235224 0.0100755 0.0297952 0.0215808 0.00124597 0.00667547 0.0247451 0.000337843 -0.0171421 0.00350666
internal_weight=527.847 485.056 4.62829 2.8614 42.7907 11.1335 5.78179 31.6572 24.8664 1.34144 23.525 4.75914 1.76613 5.35172 18.7658 8.08811 2.11733 3.15327 4.74326 10.6777 9.42078 2.62852 1.74001 1.25694 480.428 67.9314 9.84923 412.496 11.8451 5.24941
internal_count=97041 81272 1065 856 15769 4903 3278 10866 8188 480 7708 961 270 1625 6747 2307 556 2388 799 4440 2748 890 651 1692 80207 5728 1066 74479 4702 631
is_linear=0
shrinkage=0.05


end of trees

feature_importances:
recipient_prior_txns=1462
log_mins_since_incoming=1413
sender_history_count=1208
amount_zscore=542
recipient_inflow_count_24h=518
hour_unusual=437
report_rate=421
first_time_senders_24h=254
balance_share=248
amount_edits=222
recipient_age_days=170
report_count=153
recipient_outflow_ratio_24h=152
is_first_time_recipient=145
claim_mismatch_on_recipient=132
is_round_amount=130
on_call=123
sms_claims_credit=86
ledger_confirms_credit=48
sms_mentions_recipient=20
sms_official_sender=12
hesitation_secs=7
claim_ledger_mismatch=7

parameters:
[boosting: gbdt]
[objective: binary]
[metric: binary_logloss]
[tree_learner: serial]
[device_type: cpu]
[data_sample_strategy: bagging]
[data: ]
[valid: ]
[num_iterations: 300]
[learning_rate: 0.05]
[num_leaves: 31]
[num_threads: 1]
[seed: 42]
[deterministic: 0]
[force_col_wise: 0]
[force_row_wise: 0]
[histogram_pool_size: -1]
[max_depth: -1]
[min_data_in_leaf: 40]
[min_sum_hessian_in_leaf: 0.001]
[bagging_fraction: 0.8]
[pos_bagging_fraction: 1]
[neg_bagging_fraction: 1]
[bagging_freq: 1]
[bagging_seed: 400]
[bagging_by_query: 0]
[feature_fraction: 0.8]
[feature_fraction_bynode: 1]
[feature_fraction_seed: 30056]
[extra_trees: 0]
[extra_seed: 12879]
[early_stopping_round: 0]
[early_stopping_min_delta: 0]
[first_metric_only: 0]
[max_delta_step: 0]
[lambda_l1: 0]
[lambda_l2: 1]
[linear_lambda: 0]
[min_gain_to_split: 0]
[drop_rate: 0.1]
[max_drop: 50]
[skip_drop: 0.5]
[xgboost_dart_mode: 0]
[uniform_drop: 0]
[drop_seed: 17869]
[top_rate: 0.2]
[other_rate: 0.1]
[min_data_per_group: 100]
[max_cat_threshold: 32]
[cat_l2: 10]
[cat_smooth: 10]
[max_cat_to_onehot: 4]
[top_k: 20]
[monotone_constraints: 1,1,1,1,1,0,1,1,1,0,-1,1,0,1,0,1,1,0,0,0,0,1,0]
[monotone_constraints_method: basic]
[monotone_penalty: 0]
[feature_contri: ]
[forcedsplits_filename: ]
[refit_decay_rate: 0.9]
[cegb_tradeoff: 1]
[cegb_penalty_split: 0]
[cegb_penalty_feature_lazy: ]
[cegb_penalty_feature_coupled: ]
[path_smooth: 0]
[interaction_constraints: ]
[verbosity: -1]
[saved_feature_importance_type: 0]
[use_quantized_grad: 0]
[num_grad_quant_bins: 4]
[quant_train_renew_leaf: 0]
[stochastic_rounding: 1]
[linear_tree: 0]
[max_bin: 255]
[max_bin_by_feature: ]
[min_data_in_bin: 3]
[bin_construct_sample_cnt: 200000]
[data_random_seed: 175]
[is_enable_sparse: 1]
[enable_bundle: 1]
[use_missing: 1]
[zero_as_missing: 0]
[feature_pre_filter: 1]
[pre_partition: 0]
[two_round: 0]
[header: 0]
[label_column: ]
[weight_column: ]
[group_column: ]
[ignore_column: ]
[categorical_feature: ]
[forcedbins_filename: ]
[precise_float_parser: 0]
[parser_config_file: ]
[objective_seed: 16083]
[num_class: 1]
[is_unbalance: 0]
[scale_pos_weight: 1]
[sigmoid: 1]
[boost_from_average: 1]
[reg_sqrt: 0]
[alpha: 0.9]
[fair_c: 1]
[poisson_max_delta_step: 0.7]
[tweedie_variance_power: 1.5]
[lambdarank_truncation_level: 30]
[lambdarank_norm: 1]
[label_gain: ]
[lambdarank_position_bias_regularization: 0]
[eval_at: ]
[multi_error_top_k: 1]
[auc_mu_weights: ]
[num_machines: 1]
[local_listen_port: 12400]
[time_out: 120]
[machine_list_filename: ]
[machines: ]
[gpu_platform_id: -1]
[gpu_device_id: -1]
[gpu_device_id_list: ]
[gpu_use_dp: 0]
[num_gpu: 1]

end of parameters

pandas_categorical:[]
