tree
version=v4
num_class=1
num_tree_per_iteration=1
label_index=0
max_feature_idx=30
objective=binary sigmoid:1
feature_names=s_amount_zscore s_balance_share s_hour_unusual s_log_mins_since_credit s_hesitation_secs s_amount_edits s_on_call s_history_count s_new_device s_round_amount r_age_days r_sim_age_days r_kyc_level r_wallets_per_nid r_shared_device_wallets r_first_time_senders_24h r_inflow_count_24h r_outflow_ratio_24h r_median_hold_mins r_cashout_agents_7d r_dormant_days r_report_count r_report_rate r_prior_txns r_sim_swap_recent i_first_time_recipient i_amount_vs_recipient_typical i_same_amount_inflows_24h i_mutual_contacts i_geo_mismatch i_sms_claim_mismatch
monotone_constraints=1 1 1 -1 1 1 1 -1 1 1 -1 -1 -1 1 1 1 0 1 -1 0 1 1 1 -1 1 1 1 1 -1 1 1
feature_infos=[-3:6.9959050062818662] [0.00063839761088160514:0.99888307768813756] [0.0097999498408889597:0.99572520052853097] [1.3751171873698027:9.3000000000000007] [1:117.39237819321374] [0:8] [0:1] [1:2767] [0:1] [0:1] [1:2000] [1.8565606410003963:4000] [0:2] [1:5] [0:3] [0:25] [0:50] [5.8626268055615164e-05:0.99511143111930189] [1.1236103269381723:10080] [0:12] [0:206.07422236228663] [0:10] [0:0.8571428571428571] [0:5000] [0:1] [0:1] [-2.9014052240562287:3.890057547270878] [0:12] [0:16] [0:1] [0:1]
tree_sizes=992 1008 1022 1020 1017 1013 1017 1018 1008 1022 1006 1014 1011 1010 1012 1010 1019 1020 1024 1010 1014 1005 1017 1019 1014 1016 1016 1006 1021 1018 1025 1015 1004 1026 1013 1015 1012 1012 1012 1024 1012 1018 1009 1023 1019 1029 1021 1021 1010 1011 1020 1008 1008 1019 1026 1010 1021 1017 1017 1019 1011 1020 1028 1017 1023 1015 1004 1019 1011 1014 1026 1017 1018 1023 1023 1020 1017 1018 1009 1025 1017 1016 1020 1023 1002 1009 1027 1017 1018 1018 1034 1019 1031 1024 1007 1022 1018 1020 1023 1016 1025 1022 1013 1012 1028 1021 1015 1022 1027 1030 1023 1011 999 1022 1017 1022 1017 1010 1028 1011 1020 1021 1013 1006 1023 1024 1024 1021 1023 1024 1014 1021 1019 1006 1019 1019 1029 1025 1033 1030 1016 1031 1013 1018 1010 1012 1012 1024 1016 1024 1032 1021 1013 1011 1009 1033 1023 1023 1023 1030 1025 1021 1019 1018 1027 1030 1016 1013 1010 1018 1013 1010 1026 1020 1020 1019 1016 1021 1027 1020 1020 1031 1009 1015 1027 1015 1014 1030 1032 1014 1033 1012 1028 1017 1020 1025 1020 1036 1021 1020 1017 1027 1030 1018 1022 1017 1032 1033 1016 1023 1032 1032 1009 1022 1015 1014 1017 1041 1021 1021 1019 1013 1039 1023 1018 1021 1015 1013 1027 1025 1023 1006 1024 1020 1011 1029 1026 1021 1012 1022 1038 1034 1012 1028 1024 1034 1020 1040 1016 1013 1011 1025 1017 1015 1019 1018 1012 1017 1020 1022 1015 1024 1020 1017 1024 1023 1024 1012 1017 1026 1021 1024 1024 1024 1025 1020 1017 1024 1023 1031 1026 1025 1020 1013 1012 1025 1019 1023 1016 1011 1022 1021 1015 1014 1018 1021 1010 1031 1025 1019 1013 1017 1018 1017 1003 1012 1029 1022 1024 1023 1033 1031 1023 1016 1022 1017 1019 1027 1012 1020 1024 1036 1019 1017 1017 1010 1026 1025 1025 1022 1034 1034 1024 1027 1017 1027 1023 910 1021 1018 1020 1023 1025 1026 1021 1019 1021 1011 1017 1025 1016 1018 1024 1022 1017 1018 1021 1020 1032 1029 1028 1025 1018 1022 1014 1017 1019 1023 1023 1027 1009 1018 1018 1013 1021 913 1037 1028 1026 1020 1025 1020 910 1028 1018 1014 1024 1021 1022 907 1021 1020 1031 1026 1024 1014 1034 1023 1034 1018 1016 1033 1026 1013 1018 1010 1027 1012 1016 1023 1011 1020 1026 1019 1026 1025 1019 1041 1017 1023 1024 1021 1031 1021 1019 1012 1016 1018 1017 1028 1013 1015 915 1015 1022 1019 1026 1016 1030 1023 1031 1022 1022 1011 1028 1015 1019 1026 1026 1025

Tree=0
num_leaves=8
num_cat=0
split_feature=30 13 22 9 25 25 1
split_gain=5896.43 2282.7 2147.35 1411.16 666.582 632.231 589.858
threshold=1.0000000180025095e-35 1.5000000000000002 0.0064585650723025592 1.0000000180025095e-35 1.0000000180025095e-35 1.0000000180025095e-35 0.26788943567890811
decision_type=2 2 2 2 2 2 2
left_child=1 5 4 -2 -3 -1 -7
right_child=3 2 -4 -5 -6 6 -8
leaf_value=-2.9787305670175579 -2.790309213605465 -2.9269339794124343 -2.790309213605465 -2.4999792537847734 -2.8679837457137944 -2.9620636434311574 -2.9269339794124343
leaf_weight=2096.6974736899137 34.864999562501907 367.31749539077282 107.49249865114689 48.164999395608902 307.98999613523483 893.99748878180981 710.21999108791351
leaf_count=44141 734 7733 2263 1014 6484 18821 14952
internal_value=-2.94465 -2.95117 -2.88954 -2.62944 -2.91974 -2.96432 -2.9454
internal_weight=4566.74 4483.71 782.8 83.03 675.307 3700.91 1604.22
internal_count=96142 94394 16480 1748 14217 77914 33773
is_linear=0
shrinkage=1


Tree=1
num_leaves=8
num_cat=0
split_feature=25 13 22 18 22 18 22
split_gain=2669.04 3274.56 1940.85 974.473 693.294 217.67 203.67
threshold=1.0000000180025095e-35 1.5000000000000002 0.0066115883111489962 93.803739215807909 0.0061068844633400477 50.871120535086568 0.0091047250621718711
decision_type=2 2 2 2 2 2 2
left_child=6 4 3 -3 5 -2 -1
right_child=1 2 -4 -5 -6 -7 -8
leaf_value=-0.031678666935849947 0.03630306098515719 0.19517347562070339 0.30402894679629272 0.069782801239922421 0.069782801239922421 0.0028233207303919672 0.0028233207303919672
leaf_weight=2241.0025809518993 132.35848684608936 70.455380145460367 75.832365289330482 273.91140883788466 184.11094943434 1334.617431845516 256.0133697502315
leaf_count=48095 2754 1356 1367 5335 3821 27989 5354
internal_value=-1.96849e-05 0.0334633 0.131762 0.086318 0.00780394 0.00282332 -0.0278167
internal_weight=4568.3 2071.29 420.199 344.367 1651.09 1466.98 2497.02
internal_count=96071 42622 8058 6691 34564 30743 53449
is_linear=0
shrinkage=0.04


Tree=2
num_leaves=8
num_cat=0
split_feature=18 9 9 6 4 21 6
split_gain=2148.16 1136.04 1018.16 616.391 571.893 254.226 174.427
threshold=63.246426962133341 1.0000000180025095e-35 1.0000000180025095e-35 1.0000000180025095e-35 8.1450832141594134 1.0000000180025095e-35 1.0000000180025095e-35
decision_type=2 2 2 2 2 2 2
left_child=1 -1 6 5 -3 -4 -2
right_child=2 4 3 -5 -6 -7 -8
leaf_value=0.033463700247522141 -0.030971645619734187 0.089605728177897123 -0.0049338419937687691 0.033463700247522141 0.2021163867909419 0.015748940096410591 -0.0052298677057882603
leaf_weight=296.0685652308166 1972.4989855811 87.998454701155424 995.87631924822927 372.40691175684333 123.87216777354479 185.98817879334092 540.60927972197533
leaf_count=6115 41903 1770 21109 7664 2348 3595 11486
internal_value=-2.96063e-05 0.0767042 -0.00977684 0.0156092 0.145748 -0.00196582 -0.0254769
internal_weight=4575.32 507.939 4067.38 1554.27 211.871 1181.86 2513.11
internal_count=95990 10233 85757 32368 4118 24704 53389
is_linear=0
shrinkage=0.04


Tree=3
num_leaves=8
num_cat=0
split_feature=30 13 18 25 25 22 6
split_gain=4410.1 1846.91 1442.78 727.655 547.852 543.291 491.702
threshold=1.0000000180025095e-35 1.5000000000000002 96.522921468434546 1.0000000180025095e-35 1.0000000180025095e-35 0.0061068844633400477 1.0000000180025095e-35
decision_type=2 2 2 2 2 2 2
left_child=1 4 -3 -2 -1 -4 -6
right_child=3 2 5 -5 6 -7 -8
leaf_value=-0.033554139626755339 0.11065963977728131 0.11065963977728131 0.013029660809586287 0.2943449798654893 -0.017233114776071059 0.063922391358272435 0.013029660809586287
leaf_weight=1964.9295390211046 39.773092173039913 169.95657851174474 583.90708627924323 81.962819494307041 1262.351160146296 108.80550955235958 359.55819856375456
leaf_count=44000 666 2848 11807 1135 26525 1739 7336
internal_value=-1.74945e-05 -0.0067554 0.0454659 0.228075 -0.0194066 0.0171851 -0.00216644
internal_weight=4571.24 4449.51 862.669 121.736 3586.84 692.713 1621.91
internal_count=96056 94255 16394 1801 77861 13546 33861
is_linear=0
shrinkage=0.04


Tree=4
num_leaves=8
num_cat=0
split_feature=30 13 25 25 0 25 0
split_gain=3272.81 1765.34 1280 604.524 469.779 465.254 339.789
threshold=1.0000000180025095e-35 1.5000000000000002 1.0000000180025095e-35 1.0000000180025095e-35 0.97802826656525521 1.0000000180025095e-35 0.41834400716447734
decision_type=2 2 2 2 2 2 2
left_child=1 3 -3 -1 -5 -2 -4
right_child=5 2 6 4 -6 -7 -8
leaf_value=-0.033621432276498463 0.088691385524441627 0.012849875372077206 0.05077063044825942 -0.016974030118874599 0.012849875372077206 0.22973595212891962 0.088691385524441627
leaf_weight=1904.5527744852006 42.770317405462265 430.80779770389199 182.29591460898519 877.84833031147718 725.65291731059551 99.44888037443161 283.76119210198522
leaf_count=43960 649 8775 3053 18590 15195 1080 4638
internal_value=0.000657485 -0.00563136 0.0441466 -0.0184469 -0.000326628 0.183014 0.0886914
internal_weight=4547.14 4404.92 896.865 3508.05 1603.5 142.219 466.057
internal_count=95940 94211 16466 77745 33785 1729 7691
is_linear=0
shrinkage=0.04


Tree=5
num_leaves=8
num_cat=0
split_feature=30 21 18 6 9 13 1
split_gain=2515.07 1589.19 829.614 454.857 405.375 178.798 154.965
threshold=1.0000000180025095e-35 1.5000000000000002 63.246426962133341 1.0000000180025095e-35 1.0000000180025095e-35 1.5000000000000002 0.23143846118189507
decision_type=2 2 2 2 2 2 2
left_child=1 2 6 -4 -2 -3 -1
right_child=4 5 3 -5 -6 -7 -8
leaf_value=0.0047063274582509048 0.070569461875941139 0.030255459391451793 -0.027187478796112496 0.0047063274582509048 0.18931165302414654 0.070569461875941139 0.028883687173114327
leaf_weight=226.91821982339025 54.830565236508846 213.16152748838067 2773.3243725895882 814.76802302524447 113.78878077119589 101.40453916788101 247.75365150347352
leaf_count=4457 741 4593 61747 17429 1033 1402 4610
internal_value=-1.16649e-06 -0.00599125 -0.0128021 -0.019471 0.14713 0.0705695 0.0288837
internal_weight=4545.95 4377.33 4062.76 3588.09 168.619 314.566 474.672
internal_count=96012 94238 88243 79176 1774 5995 9067
is_linear=0
shrinkage=0.04


Tree=6
num_leaves=8
num_cat=0
split_feature=30 22 6 9 4 9 13
split_gain=2062.32 1499.6 610.053 376.08 365.356 319.94 245.315
threshold=1.0000000180025095e-35 0.0096308434330942393 1.0000000180025095e-35 1.0000000180025095e-35 10.035986122498464 1.0000000180025095e-35 1.5000000000000002
decision_type=2 2 2 2 2 2 2
left_child=1 2 6 -3 -4 -2 -1
right_child=5 3 4 -5 -6 -7 -8
leaf_value=-0.029403760634696387 0.060709317335245976 0.021316798036962736 -0.0047608028843517313 0.060709317335245976 0.021316798036962736 0.16269936914689953 -0.0047608028843517313
leaf_weight=2348.9294387586415 57.449693836271763 288.77020078524947 465.98092860355973 225.2112032584846 428.29316906630993 125.58084682375193 581.40520326420665
leaf_count=54835 732 5734 9875 4002 8945 999 10978
internal_value=-0.000420325 -0.0060984 -0.0147581 0.0573917 0.0140442 0.127517 -0.0235658
internal_weight=4521.62 4338.59 3824.61 513.981 894.274 183.031 2930.33
internal_count=96100 94369 84633 9736 18820 1731 65813
is_linear=0
shrinkage=0.04


Tree=7
num_leaves=8
num_cat=0
split_feature=25 22 6 9 4 30 22
split_gain=2141.6 1673.4 1097.48 541.791 317.099 189.829 182.335
threshold=1.0000000180025095e-35 0.0063092110500756323 1.0000000180025095e-35 1.0000000180025095e-35 10.035986122498464 1.0000000180025095e-35 0.018957771787960469
decision_type=2 2 2 2 2 2 2
left_child=6 2 5 -3 -4 -2 -1
right_child=1 3 4 -5 -6 -7 -8
leaf_value=-0.030137826108229716 0.0010539864464669012 0.061189740969692111 0.031121863708079504 0.15600873986041791 0.061189740969692111 0.031121863708079504 0.0010539864464669012
leaf_weight=2084.6753212884068 1335.9187742061913 160.67551238462329 235.75528915598989 179.18336617201567 229.51473896950483 65.294552348554134 206.88950683176517
leaf_count=49257 28489 2769 4461 2402 3897 522 4178
internal_value=0.000535588 0.0285987 0.0134735 0.108906 0.0611897 0.00105399 -0.0264907
internal_weight=4497.91 2206.34 1866.48 339.859 465.27 1401.21 2291.56
internal_count=95975 42540 37369 5171 8358 29011 53435
is_linear=0
shrinkage=0.04


Tree=8
num_leaves=8
num_cat=0
split_feature=25 13 14 4 18 0 22
split_gain=1936.97 1659.53 892.633 528.15 314.992 306.998 171.844
threshold=1.0000000180025095e-35 1.5000000000000002 1.0000000180025095e-35 11.982481474761949 96.522921468434546 1.0411010018373312 0.0091047250621718711
decision_type=2 2 2 2 2 2 2
left_child=6 3 4 -2 -3 -5 -1
right_child=1 2 -4 5 -6 -7 -8
leaf_value=-0.030144668978876622 0.00011400836368440804 0.11101095695058305 0.16858787127981104 0.019090307209719021 0.0456779351887256 0.0456779351887256 0.00011400836368440804
leaf_weight=1974.1637093536556 1073.1133963428438 106.08657805621624 143.11489976942539 297.42392971366644 316.12485126405954 325.24807361885905 263.93314177915454
leaf_count=48113 22421 1228 1871 6099 4913 6153 5406
internal_value=0.000247922 0.0263016 0.0850094 0.00634652 0.053434 0.0380666 -0.0260736
internal_weight=4499.21 2261.11 565.326 1695.79 422.211 622.672 2238.1
internal_count=96204 42685 8012 34673 6141 12252 53519
is_linear=0
shrinkage=0.04


Tree=9
num_leaves=8
num_cat=0
split_feature=25 9 19 6 16 18 22
split_gain=1753.85 1439.07 998.538 576.796 488.098 208.731 171.344
threshold=1.0000000180025095e-35 1.0000000180025095e-35 2.5000000000000004 1.0000000180025095e-35 15.500000000000002 48.375502190342402 0.0091047250621718711
decision_type=2 2 2 2 2 2 2
left_child=6 5 3 -3 -4 -2 -1
right_child=1 2 4 -5 -6 -7 -8
leaf_value=-0.029808021960656052 0.029101768949568098 0.029101768949568098 0.16791453989517238 0.092826731372940952 0.029101768949568098 -0.00070243872258320963 -0.00070243872258320963
leaf_weight=1921.0798263512552 132.56377433612943 619.16948690637946 157.51434640213847 245.22896207869053 23.355737254023552 1141.9424349479377 261.36753405630589
leaf_count=48138 2220 11203 2195 3629 428 22931 5342
internal_value=5.44905e-05 0.0242194 0.058906 0.0400657 0.142129 -0.000702439 -0.0256243
internal_weight=4502.22 2319.77 1045.27 864.398 180.87 1274.51 2182.45
internal_count=96086 42606 17455 14832 2623 25151 53480
is_linear=0
shrinkage=0.04


Tree=10
num_leaves=8
num_cat=0
split_feature=25 18 9 1 1 4 18
split_gain=1637.51 1404.2 721.032 414.051 407.295 194.09 152.126
threshold=1.0000000180025095e-35 53.190054905192575 1.0000000180025095e-35 0.25919102415508277 0.22029310144292055 9.8428284388398879 108.54835501763901
decision_type=2 2 2 2 2 2 2
left_child=6 3 -3 -2 -4 -5 -1
right_child=1 2 4 5 -6 -7 -8
leaf_value=-0.0011037120834372139 0.054735152354694908 -0.0011037120834372139 0.018399992293921263 0.097285186073511415 0.054735152354694908 0.17752961593664679 -0.029878058599718493
leaf_weight=346.57245956361294 149.29668638110161 1125.142401818186 387.88386270031333 70.745043024420738 545.20536765828729 105.21087944880128 1781.9222042635083
leaf_count=8021 2186 22640 6767 1020 8747 1229 45433
internal_value=0.00025182 0.0229785 0.010559 0.0989113 0.0379037 0.139835 -0.025186
internal_weight=4511.98 2383.48 2058.23 325.253 933.089 175.956 2128.49
internal_count=96043 42589 38154 4435 15514 2249 53454
is_linear=0
shrinkage=0.04


Tree=11
num_leaves=8
num_cat=0
split_feature=30 13 25 1 0 4 4
split_gain=1517.39 1269.88 542.306 441.506 362.664 224.276 42.0208
threshold=1.0000000180025095e-35 1.5000000000000002 1.0000000180025095e-35 0.27077350851190668 0.95841230646311149 7.7031871834734114 6.5870021482391978
decision_type=2 2 2 2 2 2 2
left_child=1 3 -3 -1 -5 -2 -4
right_child=5 2 6 4 -6 -7 -8
leaf_value=-0.030421728355892474 0.046615013115259514 0.0082188290885702175 0.027416921101914866 -0.015736162144717961 0.0082188290885702175 0.12314901475997653 0.046615013115259514
leaf_weight=1870.8851683810353 58.219919435679913 391.70018650591373 192.16838746517897 727.34889208525419 724.22037533298135 164.18411811441183 391.12755411118269
leaf_count=44864 561 8707 2684 17110 15899 1202 4985
internal_value=-0.00047927 -0.00584976 0.0340689 -0.0176312 -0.0010506 0.0990798 0.046615
internal_weight=4519.85 4297.45 974.996 3322.45 1451.57 222.404 583.296
internal_count=96012 94249 16376 77873 33009 1763 7669
is_linear=0
shrinkage=0.04


Tree=12
num_leaves=8
num_cat=0
split_feature=25 6 1 13 4 13 30
split_gain=1464.06 1281.96 950.562 589.993 556.205 143.806 115.037
threshold=1.0000000180025095e-35 1.0000000180025095e-35 0.32635860975521186 1.5000000000000002 13.74815490335404 1.5000000000000002 1.0000000180025095e-35
decision_type=2 2 2 2 2 2 2
left_child=5 3 6 -2 -4 -1 -3
right_child=1 2 4 -5 -6 -7 -8
leaf_value=-0.030186607211229153 -0.0020703819294242585 0.035794702321607801 0.078517781870792058 0.035794702321607801 0.17997315458899396 -0.0034905715680997687 0.078517781870792058
leaf_weight=1645.814070366323 1305.3913430459797 309.45543584227562 159.60746669769287 476.60942655429244 136.77776804193854 404.56388408690691 44.510814309120178
leaf_count=44413 26864 5247 2348 6013 1745 8805 254
internal_value=-0.000128761 0.0208209 0.0684278 0.00316159 0.121241 -0.0249617 0.0357947
internal_weight=4482.73 2432.35 650.351 1782 296.385 2050.38 353.966
internal_count=95689 42471 9594 32877 4093 53218 5501
is_linear=0
shrinkage=0.04


Tree=13
num_leaves=8
num_cat=0
split_feature=25 22 6 27 4 11 22
split_gain=1352.26 1078.19 695.505 300.736 212.699 189.536 160.418
threshold=1.0000000180025095e-35 0.0061068844633400477 1.0000000180025095e-35 1.5000000000000002 9.9360038752719557 151.00835750065502 0.0091047250621718711
decision_type=2 2 2 2 2 2 2
left_child=6 2 -2 5 -4 -3 -1
right_child=1 3 4 -5 -6 -7 -8
leaf_value=-0.028827105893741677 -0.0024549403407027959 0.10386023363694755 0.019907867176316853 0.14898943472339052 0.0422706746933365 0.0422706746933365 -0.0024549403407027959
leaf_weight=1765.205356542021 1508.053089812398 70.203527327626944 267.32400303333998 71.049662161618471 298.90191076695919 280.62893294170499 249.55794657021761
leaf_count=48097 29083 765 4384 724 3928 3670 5384
internal_value=-0.000120244 0.0195218 0.00751198 0.0770294 0.0422707 0.058731 -0.0244316
internal_weight=4510.92 2496.16 2074.28 421.882 566.226 350.832 2014.76
internal_count=96035 42554 37395 5159 8312 4435 53481
is_linear=0
shrinkage=0.04


Tree=14
num_leaves=8
num_cat=0
split_feature=19 22 13 16 0 4 6
split_gain=1296.97 678.181 611.417 517.927 373.834 294.372 247.344
threshold=2.5000000000000004 0.0096308434330942393 1.5000000000000002 4.5000000000000009 1.1493105453796426 8.6500566467859432 1.0000000180025095e-35
decision_type=2 2 2 2 2 2 2
left_child=1 4 5 -3 -1 -2 -6
right_child=2 3 -4 -5 6 -7 -8
leaf_value=-0.027200129294112321 -0.0093844660364105267 0.012677280435503677 0.10994019765122096 0.11095206775888507 -0.013595895741515367 0.055675751787345587 0.0080703772488134127
leaf_weight=1931.1277063190937 206.88183393701911 444.72683663293719 193.50439663231373 97.347450193017721 968.30756988376379 224.67362801730633 415.73146974667907
leaf_count=45406 4827 7327 2424 1278 22318 4492 7761
internal_value=-0.00038033 -0.00907939 0.0525992 0.0320158 -0.0158751 0.0249806 8.33781e-06
internal_weight=4482.3 3857.24 625.06 542.074 3315.17 431.555 1384.04
internal_count=95833 84090 11743 8605 75485 9319 30079
is_linear=0
shrinkage=0.04


Tree=15
num_leaves=8
num_cat=0
split_feature=18 25 22 0 1 4 1
split_gain=1241.79 680.577 532.876 510.054 277.859 155.416 149.37
threshold=71.626811961285782 1.0000000180025095e-35 0.0061068844633400477 0.5279467515777283 0.28012883859145804 8.1450832141594134 0.21604612938303913
decision_type=2 2 2 2 2 2 2
left_child=2 -2 4 -3 -1 -6 -5
right_child=1 3 -4 6 5 -7 -8
leaf_value=0.019732452537269705 -0.027714417604810235 -0.010704622152296275 0.11662249266354756 0.0045139151924867152 0.041068707621815213 0.073372241980125874 0.019732452537269705
leaf_weight=287.87185489758849 1715.2099915258586 865.83736248314381 137.46918511018157 473.36121935769916 98.662384264171124 171.28000687807798 723.9209335334599
leaf_count=5570 47813 16488 1487 8774 1836 2446 11519
internal_value=-9.81112e-05 -0.00917075 0.0486357 0.00630517 0.030122 0.062405 0.0197325
internal_weight=4473.61 3778.33 695.283 2063.12 557.814 269.942 1197.28
internal_count=95933 84594 11339 36781 9852 4282 20293
is_linear=0
shrinkage=0.04


Tree=16
num_leaves=8
num_cat=0
split_feature=13 18 6 22 14 9 1
split_gain=1199.9 692.762 519.318 301.355 200.661 178.288 158.756
threshold=1.5000000000000002 99.498610627681941 1.0000000180025095e-35 0.0066115883111489962 1.0000000180025095e-35 1.0000000180025095e-35 0.30139880359623666
decision_type=2 2 2 2 2 2 2
left_child=2 4 5 -3 -2 -1 -4
right_child=1 3 6 -5 -6 -7 -8
leaf_value=-0.030497428828515607 0.060177425444226502 0.011468376605093337 -0.0051485836549897595 0.051450503862354939 0.13642036299068433 -0.0085032671319061302 0.011468376605093337
leaf_weight=1484.9797443039715 205.92127104848623 653.03727353736758 449.84430562332273 171.30056479945779 88.841363865882158 990.70649491995573 436.1442207954824
leaf_count=39046 2287 12078 9525 1805 796 22570 8175
internal_value=-0.00040159 0.0352892 -0.0123525 0.0160217 0.0868793 -0.0217655 0.0114684
internal_weight=4480.78 1119.1 3361.67 824.338 294.763 2475.69 885.989
internal_count=96282 16966 79316 13883 3083 61616 17700
is_linear=0
shrinkage=0.04


Tree=17
num_leaves=8
num_cat=0
split_feature=30 19 25 22 16 4 25
split_gain=1207.23 960.813 491.052 462.586 347.38 157.836 73.0057
threshold=1.0000000180025095e-35 2.5000000000000004 1.0000000180025095e-35 0.0063092110500756323 18.500000000000004 7.7031871834734114 1.0000000180025095e-35
decision_type=2 2 2 2 2 2 2
left_child=1 2 -1 -4 6 -2 -3
right_child=5 4 3 -5 -6 -7 -8
leaf_value=-0.028675752173443425 0.039890716378906579 0.0032665842061515055 -0.00788444407620492 0.039890716378906579 -0.038155424233865816 0.10335032067692021 0.039890716378906579
leaf_weight=1641.4942213706672 62.025033596903086 192.23966291919351 1651.6883588694036 330.74491101875901 84.434408223256469 183.84233663231134 308.83287241309881
leaf_count=47112 570 5187 31779 4093 1696 1197 4413
internal_value=0.000266579 -0.00484995 -0.0125657 0.000850806 0.0398907 0.0846314 0.0398907
internal_weight=4455.3 4209.43 3623.93 1982.43 585.507 245.867 501.073
internal_count=96047 94280 82984 35872 11296 1767 9600
is_linear=0
shrinkage=0.04


Tree=18
num_leaves=8
num_cat=0
split_feature=9 11 19 30 0 29 25
split_gain=1126.06 835.734 545.929 287.705 265.036 238.319 208.279
threshold=1.0000000180025095e-35 108.22223188193537 2.5000000000000004 1.0000000180025095e-35 0.80392597987167036 1.0000000180025095e-35 1.0000000180025095e-35
decision_type=2 2 2 2 2 2 2
left_child=4 5 3 -3 -1 -2 -6
right_child=1 2 -4 -5 6 -7 -8
leaf_value=-0.03029511857589693 0.050282544272008664 0.0022019948315786676 0.050282544272008664 0.050282544272008664 -0.017231865546116939 0.1307454913727201 0.0022019948315786676
leaf_weight=1319.5235870312899 142.2431781347841 1311.1065731998533 279.27320465072989 96.403812997043133 540.36055933684111 112.72266404703259 632.68249600753188
leaf_count=32695 2452 27737 4135 568 15615 1547 11355
internal_value=-0.000304933 0.0224693 0.0120184 0.00220199 -0.0180653 0.0885467 -0.00416861
internal_weight=4434.32 1941.75 1686.78 1407.51 2492.57 254.966 1173.04
internal_count=96104 36439 32440 28305 59665 3999 26970
is_linear=0
shrinkage=0.04


Tree=19
num_leaves=8
num_cat=0
split_feature=15 16 16 16 18 18 6
split_gain=1127.83 1006.42 707.891 657.765 412.078 275.548 158.395
threshold=2.5000000000000004 13.500000000000002 4.5000000000000009 4.5000000000000009 131.02979978823888 93.803739215807909 1.0000000180025095e-35
decision_type=2 2 2 2 2 2 2
left_child=3 2 4 5 -2 -1 -7
right_child=1 -3 -4 -5 -6 6 -8
leaf_value=0.0099621359353757894 0.10700812534872053 0.015816543721054663 0.15391828135408667 0.015816543721054663 0.026524078275706284 -0.02822309890609867 -0.0061972087808880175
leaf_weight=499.86251344531775 137.77305360883474 257.02334919944406 131.76572394929826 494.08663081936538 360.47312722168863 1884.8373565468937 653.5477516874671
leaf_count=8877 1949 5398 1828 9796 7797 47039 13241
internal_value=0.000858942 0.0409218 0.0741544 -0.00928871 0.0504468 -0.0170241 -0.0223566
internal_weight=4419.37 887.035 630.012 3532.33 498.246 3038.25 2538.39
internal_count=95925 16972 11574 78953 9746 69157 60280
is_linear=0
shrinkage=0.04


Tree=20
num_leaves=8
num_cat=0
split_feature=13 9 6 15 4 9 16
split_gain=1071.12 549.067 481.427 308.468 156.175 156.089 145.694
threshold=1.5000000000000002 1.0000000180025095e-35 1.0000000180025095e-35 1.5000000000000002 9.9360038752719557 1.0000000180025095e-35 3.5000000000000004
decision_type=2 2 2 2 2 2 2
left_child=2 -2 5 6 -4 -1 -3
right_child=1 3 4 -5 -6 -7 -8
leaf_value=-0.029923418789741921 0.010434878385269719 0.035510917917816048 -0.0054394832461495887 0.099712963808191793 0.010434878385269719 -0.0090146024606276923 0.068471830797152605
leaf_weight=1388.0057449154556 582.097397364676 272.63693673163652 422.29313877038658 201.11339432746172 459.13419160433114 985.94526427052915 96.956958465278149
leaf_count=38853 9962 3868 9192 1991 8420 22547 1085
internal_value=-0.000179221 0.0327881 -0.0119184 0.060587 0.0104349 -0.0213138 0.0372307
internal_weight=4408.18 1152.8 3255.38 570.707 881.427 2373.95 369.594
internal_count=95918 16906 79012 6944 17612 61400 4953
is_linear=0
shrinkage=0.04


Tree=21
num_leaves=8
num_cat=0
split_feature=14 15 25 4 16 16 4
split_gain=1023.04 510.17 495.11 419.51 281.38 252.442 179.733
threshold=1.0000000180025095e-35 1.5000000000000002 1.0000000180025095e-35 8.1450832141594134 14.500000000000002 4.5000000000000009 8.1450832141594134
decision_type=2 2 2 2 2 2 2
left_child=2 5 -1 -4 6 -2 -3
right_child=1 4 3 -5 -6 -7 -8
leaf_value=-0.026526065691278626 0.014506975044547741 0.050553406134823162 -0.011350712722479698 0.014506975044547741 0.050553406134823162 0.050553406134823162 0.13423081477342616
leaf_weight=1497.0674952361733 526.4196916166693 79.784019060432911 876.82216274365783 1121.0160045586526 47.086171578615904 108.99840814992785 145.29634901508689
leaf_count=43840 11659 1508 16527 17844 958 1795 1863
internal_value=0.00063023 0.0382288 -0.00921489 0.00382464 0.0830773 0.0180295 0.107943
internal_weight=4402.49 907.585 3494.91 1997.84 272.167 635.418 225.08
internal_count=95994 17783 78211 34371 4329 13454 3371
is_linear=0
shrinkage=0.04


Tree=22
num_leaves=8
num_cat=0
split_feature=19 30 16 16 0 6 25
split_gain=1020.09 598.941 460.059 480.906 452.066 399.555 323.977
threshold=2.5000000000000004 1.0000000180025095e-35 18.500000000000004 4.5000000000000009 0.95841230646311149 1.0000000180025095e-35 1.0000000180025095e-35
decision_type=2 2 2 2 2 2 2
left_child=1 4 3 6 -1 -6 -2
right_child=2 -3 -4 -5 5 -7 -8
leaf_value=-0.025133461065346165 -0.0069610259556124382 0.059712827452582606 -0.038502157998709138 0.12259898018626937 -0.010121837445165141 0.023955426953540072 0.061309435822287352
leaf_weight=1884.5619937311858 171.52808608114719 187.97478552162647 85.679285572841763 130.46865027956665 1144.17283523269 505.46557675302029 296.7707006521523
leaf_count=46908 4625 1348 1696 1607 26944 9161 3863
internal_value=0.000243364 -0.00804006 0.0447576 0.0571082 -0.011802 0.00348771 0.0366807
internal_weight=4406.62 3722.18 684.447 598.767 3534.2 1649.64 468.299
internal_count=96152 84361 11791 10095 83013 36105 8488
is_linear=0
shrinkage=0.04


Tree=23
num_leaves=8
num_cat=0
split_feature=25 1 29 11 18 15 30
split_gain=950.812 794.124 609.296 363.625 187.436 152.114 54.3679
threshold=1.0000000180025095e-35 0.22029310144292055 1.0000000180025095e-35 168.08455567442982 71.626811961285782 2.5000000000000004 1.0000000180025095e-35
decision_type=2 2 2 2 2 2 2
left_child=5 6 4 -4 -3 -1 -2
right_child=1 2 3 -5 -6 -7 -8
leaf_value=-0.027539377907866595 -0.0033337871395335227 0.041702349106579453 0.12585203780765747 0.048259554309153102 0.01584848782372196 -0.0033337871395335227 0.01584848782372196
leaf_weight=1505.0983757302165 1031.529010862112 186.50538609549403 125.83013864979148 435.35656276717782 736.46628369018435 286.82071907259524 71.244642838835716
leaf_count=45650 19833 1977 1361 6472 12484 7814 394
internal_value=8.37106e-05 0.0155744 0.0350308 0.0675562 0.0158485 -0.0222419 -0.00333379
internal_weight=4378.85 2586.93 1484.16 561.187 922.972 1791.92 1102.77
internal_count=95985 42521 22294 7833 14461 53464 20227
is_linear=0
shrinkage=0.04


Tree=24
num_leaves=8
num_cat=0
split_feature=22 15 1 4 16 30 13
split_gain=892.708 599.404 568.252 392.358 235.872 124.3 58.7339
threshold=0.010016722408026759 2.5000000000000004 0.25919102415508277 8.1450832141594134 4.5000000000000009 1.0000000180025095e-35 1.5000000000000002
decision_type=2 2 2 2 2 2 2
left_child=2 4 5 -4 -2 6 -1
right_child=1 -3 3 -5 -6 -7 -8
leaf_value=-0.030715165080307416 0.01662094029784749 0.10635153602972544 -0.0073518190425697341 0.01662094029784749 0.063097122587727539 -0.0073518190425697341 -0.016932587087895676
leaf_weight=1383.5271645486355 427.80834050290287 161.56966589391232 730.62518490850925 1043.3180990852416 105.35529144480824 89.622327979654074 435.32412955909967
leaf_count=39525 7068 1631 17532 20455 1198 672 7866
internal_value=-6.95824e-05 0.0411851 -0.00794325 0.00833464 0.0198427 -0.0230383 -0.0265134
internal_weight=4377.15 694.733 3682.42 1773.94 533.164 1908.47 1818.85
internal_count=95947 9897 86050 37987 8266 48063 47391
is_linear=0
shrinkage=0.04


Tree=25
num_leaves=8
num_cat=0
split_feature=18 25 14 0 13 0 9
split_gain=921.315 500.161 426.515 372.967 169.957 73.8928 65.9721
threshold=90.870060480706485 1.0000000180025095e-35 1.0000000180025095e-35 0.38621390939431538 1.5000000000000002 0.65941692736303947 1.0000000180025095e-35
decision_type=2 2 2 2 2 2 2
left_child=2 -2 4 -3 -1 -4 -5
right_child=1 3 5 6 -6 -7 -8
leaf_value=0.013610246599180909 -0.026856422807944924 -0.011515074341107902 0.050298997884340002 0.0010475861290365029 0.049956732854567878 0.099502251305929157 0.013610246599180909
leaf_weight=441.80951575934887 1458.0139299314469 737.98201793804765 87.317880030721426 604.85689926147461 212.5516416952014 147.57628724165261 671.4453434497118
leaf_count=8944 46491 14624 1302 11658 2087 1617 9183
internal_value=0.000223946 -0.00909748 0.036318 0.00382627 0.0191273 0.0814707 0.0136102
internal_weight=4361.55 3472.3 889.255 2014.28 654.361 234.894 1276.3
internal_count=95906 81956 13950 35465 11031 2919 20841
is_linear=0
shrinkage=0.04


Tree=26
num_leaves=8
num_cat=0
split_feature=9 15 16 16 16 1 25
split_gain=884.427 634.626 362.218 336.888 308.591 232.33 164.228
threshold=1.0000000180025095e-35 1.5000000000000002 16.500000000000004 4.5000000000000009 3.5000000000000004 0.24829387715284659 1.0000000180025095e-35
decision_type=2 2 2 2 2 2 2
left_child=5 3 4 -2 -3 -1 -7
right_child=1 2 -4 -5 -6 6 -8
leaf_value=-0.028173093678625919 0.0018371583897877463 0.049153475960229197 0.029543480049719437 0.029543480049719437 0.11867763219107712 -0.015621506343706284 0.0018371583897877463
leaf_weight=1228.9063379876316 1166.5088915079832 342.57630426622927 98.151338040828705 233.94554651528597 156.09877989441156 487.49784826673567 643.74848428368568
leaf_count=33052 23992 5339 1840 3622 1627 15394 11155
internal_value=0.000342351 0.0198789 0.054051 0.00503594 0.0728217 -0.0162046 -0.00306992
internal_weight=4357.43 1997.28 596.826 1400.45 498.675 2360.15 1131.25
internal_count=96021 36420 8806 27614 6966 59601 26549
is_linear=0
shrinkage=0.04


Tree=27
num_leaves=8
num_cat=0
split_feature=0 18 15 4 13 1 16
split_gain=849.241 688.497 355.523 280.321 196.191 140.389 74.2899
threshold=0.57775170104838092 118.61697977039397 1.5000000000000002 8.0815235030723951 1.5000000000000002 0.26510742336142656 4.5000000000000009
decision_type=2 2 2 2 2 2 2
left_child=4 3 6 -2 -1 -5 -3
right_child=1 2 -4 5 -6 -7 -8
leaf_value=-0.027989408223210003 0.026751041229136466 -0.002428558389853053 0.026751041229136466 0.048741228041434013 -0.002428558389853053 0.089490842901759168 0.012161241419641707
leaf_weight=1384.2802485823631 223.24370970577002 1181.5620879717171 459.61659079603851 154.23729025945067 490.27350743860006 264.40389270894229 194.9772222507745
leaf_count=38167 3991 28299 8588 2377 7837 2861 3835
internal_value=2.79723e-05 0.0153699 0.00281654 0.0506855 -0.020227 0.0707314 -0.00242856
internal_weight=4352.59 2478.04 1836.16 641.885 1874.55 418.641 1376.54
internal_count=95955 49951 40722 9229 46004 5238 32134
is_linear=0
shrinkage=0.04


Tree=28
num_leaves=8
num_cat=0
split_feature=19 9 11 1 14 6 1
split_gain=827.409 498.116 388.719 316.968 194.074 153.087 124.711
threshold=2.5000000000000004 1.0000000180025095e-35 168.08455567442982 0.250943210134775 1.0000000180025095e-35 1.0000000180025095e-35 0.23624221609003584
decision_type=2 2 2 2 2 2 2
left_child=1 6 -3 -2 -4 -5 -1
right_child=3 2 4 5 -6 -7 -8
leaf_value=-0.030576735456401587 0.010208589163844475 0.049337772507214162 -0.0057562630248550132 0.042363800771980077 0.024558475897092348 0.097638585050659657 -0.010443341799782969
leaf_weight=991.25140991620719 324.0490736477077 301.56552782468498 1060.4906339552253 246.98395929299295 291.57192580960691 136.34558008424938 999.36152918078005
leaf_count=28207 6251 4774 21805 3947 4997 1521 24345
internal_value=0.000573418 -0.00713826 0.00905922 0.0398478 -0.000220821 0.0640069 -0.0205717
internal_weight=4351.62 3644.24 1653.63 707.379 1352.06 383.33 1990.61
internal_count=95847 84128 31576 11719 26802 5468 52552
is_linear=0
shrinkage=0.04


Tree=29
num_leaves=8
num_cat=0
split_feature=21 0 1 10 6 11 30
split_gain=797.037 548.854 405.036 201.927 120.093 100.537 75.5707
threshold=1.5000000000000002 0.51284147753290188 0.25919102415508277 73.451184922340119 1.0000000180025095e-35 263.92385605559963 1.0000000180025095e-35
decision_type=2 2 2 2 2 2 2
left_child=1 -1 6 -2 -4 -5 -3
right_child=3 2 4 5 -6 -7 -8
leaf_value=-0.024259612634436066 0.087203833726838612 -0.0089974730989920999 0.0058171321388654348 0.058481551467186033 0.020631737376722969 0.020631737376722969 0.0058171321388654348
leaf_weight=1595.097630046308 138.26791371963918 975.20209906809032 777.10195220261812 93.484246987849474 455.55569483339787 252.12444952502847 67.870110228657722
leaf_count=41814 1479 24693 15982 1079 6860 3773 450
internal_value=-0.000253746 -0.00634393 0.00626467 0.0476074 0.0206317 0.0297593 -0.00899747
internal_weight=4354.7 3870.83 2275.73 483.877 1232.66 345.609 1043.07
internal_count=96130 89799 47985 6331 22842 4852 25143
is_linear=0
shrinkage=0.04


Tree=30
num_leaves=8
num_cat=0
split_feature=14 9 13 1 6 1 6
split_gain=784.058 393.562 353.502 212.095 134.007 105.718 101.848
threshold=1.0000000180025095e-35 1.0000000180025095e-35 1.5000000000000002 0.24347275725470724 1.0000000180025095e-35 0.21604612938303913 1.0000000180025095e-35
decision_type=2 2 2 2 2 2 2
left_child=1 6 4 -3 -2 -4 -1
right_child=2 3 5 -5 -6 -7 -8
leaf_value=-0.027225186250953919 0.011398500096136114 -0.0079223726842476746 0.039334317230241819 0.011398500096136114 0.039334317230241819 0.081781177036488031 -0.0079223726842476746
leaf_weight=1347.0185918658972 437.771917514503 695.06467204727232 113.53998798877001 863.77042522653937 190.74572597816586 214.64074781537056 478.38389382883906
leaf_count=38303 11025 14978 1535 14370 3263 2063 10591
internal_value=3.37217e-05 -0.00901782 0.0318148 0.00572885 0.0138215 0.0648471 -0.0215736
internal_weight=4340.94 3384.24 956.698 1558.84 628.518 328.181 1825.4
internal_count=96128 78242 17886 29348 14288 3598 48894
is_linear=0
shrinkage=0.04


Tree=31
num_leaves=8
num_cat=0
split_feature=13 17 0 15 25 16 0
split_gain=764.744 366.027 364.111 239.148 215.015 131.668 100.212
threshold=1.5000000000000002 0.61201581111353598 0.85882048788855692 1.5000000000000002 1.0000000180025095e-35 15.500000000000002 -0.014299314820060201
decision_type=2 2 2 2 2 2 2
left_child=2 3 -1 -2 -4 6 -3
right_child=1 5 4 -5 -6 -7 -8
leaf_value=-0.024867036710320877 0.0079268866879948479 0.038484350995323262 -0.011182745028679561 0.038484350995323262 0.0079268866879948479 0.038484350995323262 0.090352805660361885
leaf_weight=1502.9796025715768 622.81743399426341 57.423099681735039 606.79561757482588 270.90325550548732 990.3484974000603 36.955831168219447 213.35363962873816
leaf_count=43042 10119 879 19443 3072 16440 493 2296
internal_value=-0.000303337 0.0266582 -0.0108044 0.0133785 0.00250155 0.0635902 0.0774243
internal_weight=4301.58 1201.45 3100.12 893.721 1597.14 307.733 270.777
internal_count=95784 16859 78925 13191 35883 3668 3175
is_linear=0
shrinkage=0.04


Tree=32
num_leaves=8
num_cat=0
split_feature=4 27 18 23 6 13 1
split_gain=734.865 573.15 448.559 179.422 156.602 156.169 115.823
threshold=8.5770027462519547 2.5000000000000004 121.89376185898824 176.50000000000003 1.0000000180025095e-35 1.5000000000000002 0.20360798287407758
decision_type=2 2 2 2 2 2 2
left_child=5 2 6 -3 -4 -1 -2
right_child=1 3 4 -5 -6 -7 -8
leaf_value=-0.024531453445408177 0.01883917550207365 0.093384566835617883 -0.001261001917650637 0.040087120598750615 0.01883917550207365 -0.001261001917650637 0.040087120598750615
leaf_weight=1470.1113458313048 173.37327763065696 187.5703337136656 1020.326961196959 56.261275198310614 487.13859791867435 544.67073777504265 375.19373496994376
leaf_count=41728 3182 2775 25660 1065 8700 8510 4573
internal_value=-0.00017587 0.0152445 0.00820104 0.0719732 -0.001261 -0.0177665 0.0389394
internal_weight=4314.65 2299.86 2056.03 243.832 1507.47 2014.78 548.567
internal_count=96193 45955 42115 3840 34360 50238 7755
is_linear=0
shrinkage=0.04


Tree=33
num_leaves=8
num_cat=0
split_feature=25 29 11 6 14 15 4
split_gain=717.341 602.201 375.609 202.044 162.256 119.104 85.9398
threshold=1.0000000180025095e-35 1.0000000180025095e-35 258.38016290004515 1.0000000180025095e-35 1.0000000180025095e-35 2.5000000000000004 8.2821557010421554
decision_type=2 2 2 2 2 2 2
left_child=5 3 6 -2 -4 -1 -3
right_child=1 2 4 -5 -6 -7 -8
leaf_value=-0.026158153170577056 -0.0043480003887635477 0.048464916648531066 0.017323860029730881 0.017323860029730881 0.048464916648531066 -0.0043480003887635477 0.092894771412689869
leaf_weight=1371.9329270143062 1166.6935343202204 95.398144910112023 533.22127191908658 495.29890079796314 177.65641489252448 282.71612935885787 180.21623238921165
leaf_count=45531 21873 1425 8954 6231 2229 7763 1822
internal_value=-0.000500317 0.0123943 0.0369811 -0.00233342 0.0210605 -0.0210903 0.0758693
internal_weight=4303.13 2648.48 986.492 1661.99 710.878 1654.65 275.614
internal_count=95828 42534 14430 28104 11183 53294 3247
is_linear=0
shrinkage=0.04


Tree=34
num_leaves=8
num_cat=0
split_feature=19 11 0 25 16 15 16
split_gain=710.055 505.463 323.251 240.013 204.638 245.851 171.607
threshold=3.5000000000000004 108.22223188193537 0.69595379344036956 1.0000000180025095e-35 15.500000000000002 1.5000000000000002 3.5000000000000004
decision_type=2 2 2 2 2 2 2
left_child=1 6 -3 -4 5 -2 -1
right_child=4 2 3 -5 -6 -7 -8
leaf_value=0.014889780936127488 0.031677417797595454 -0.02520242752460734 -0.012774485305522281 0.010245974149282281 -0.033933289764715838 0.098293710346289156 0.065899815638372036
leaf_weight=329.31682581081986 279.88860381767154 1506.2872632667422 681.29726457223296 1188.3936230316758 39.419303817674518 131.88422259129584 151.39381675049663
leaf_count=6995 4848 40693 21307 17882 766 1371 2256
internal_value=-0.000399513 -0.0059941 -0.0114784 -0.000346543 0.0465149 0.0548382 0.0319703
internal_weight=4307.88 3856.69 3375.98 1869.69 451.192 411.773 480.711
internal_count=96118 89133 79882 39189 6985 6219 9251
is_linear=0
shrinkage=0.04


Tree=35
num_leaves=8
num_cat=0
split_feature=14 4 1 1 29 9 18
split_gain=708.325 354.17 274.595 264.129 179.046 62.9983 62.3602
threshold=1.0000000180025095e-35 8.1450832141594134 0.21184007522304013 0.25919102415508277 1.0000000180025095e-35 1.0000000180025095e-35 66.049926233075567
decision_type=2 2 2 2 2 2 2
left_child=1 5 -2 -3 6 -1 -4
right_child=2 3 4 -5 -6 -7 -8
leaf_value=-0.030606546908585757 0.010410849191908393 -0.01030392993352066 0.049920930360100951 0.010410849191908393 0.071438800064086344 -0.013526777785248282 0.028403060656115559
leaf_weight=837.36277943849564 373.28074613772333 835.87180993519723 77.847899420186877 1020.5664504636079 258.17966447398067 628.75798457302153 278.42630719579756
leaf_count=25083 8313 20615 766 18689 3472 13989 5405
internal_value=5.37045e-05 -0.00879831 0.02962 0.00281515 0.0463953 -0.023423 0.0284031
internal_weight=4310.29 3322.56 987.735 1856.44 614.454 1466.12 356.274
internal_count=96332 78376 17956 39304 9643 39072 6171
is_linear=0
shrinkage=0.04


Tree=36
num_leaves=8
num_cat=0
split_feature=9 15 16 16 0 16 1
split_gain=642.877 423.002 274.721 266.947 210.331 205.943 117.067
threshold=1.0000000180025095e-35 1.5000000000000002 15.500000000000002 4.5000000000000009 0.87723481877522747 3.5000000000000004 0.26206516295173454
decision_type=2 2 2 2 2 2 2
left_child=4 3 5 -2 -1 -3 -6
right_child=1 2 -4 -5 6 -7 -8
leaf_value=-0.027138790058598948 0.000426816814651525 0.039669078500221937 0.02301969405557221 0.02301969405557221 -0.014825640867921168 0.093781498543713065 0.000426816814651525
leaf_weight=1122.3749566450715 1167.5103572420776 368.93335259705782 102.75309698469937 247.32788769900799 518.67246769927442 174.26019101962447 573.88870767503977
leaf_count=33672 23865 5304 1843 3624 14012 1591 11957
internal_value=-0.000129128 0.0159109 0.0424645 0.00357485 -0.0150573 0.0584102 -0.00251249
internal_weight=4275.72 2060.78 645.947 1414.84 2214.94 543.194 1092.56
internal_count=95868 36227 8738 27489 59641 6895 25969
is_linear=0
shrinkage=0.04


Tree=37
num_leaves=8
num_cat=0
split_feature=19 30 13 0 16 16 17
split_gain=649.943 499.658 375.139 240.725 186.414 188.526 157.785
threshold=3.5000000000000004 1.0000000180025095e-35 1.5000000000000002 1.170472329402765 18.500000000000004 3.5000000000000004 0.46458117380207237
decision_type=2 2 2 2 2 2 2
left_child=1 2 3 -1 5 -2 -4
right_child=4 -3 6 -5 -6 -7 -8
leaf_value=-0.028653089129440902 0.031637979949730735 0.050813710497394186 -0.0029434795737174235 -0.0042987006232522327 -0.034331315683748947 0.089810126030836046 0.020671410781621047
leaf_weight=1396.3882565721869 288.45708764344454 224.38323247432709 568.49055478535593 1214.0073470193893 37.608823163434863 133.38265622965991 415.11958011984825
leaf_count=43974 4774 1510 9278 28711 766 1399 5699
internal_value=-0.000358674 -0.00580486 -0.00947089 -0.0173863 0.044063 0.0516854 0.0114994
internal_weight=4277.84 3818.39 3594.01 2610.4 459.449 421.84 983.61
internal_count=96111 89172 87662 72685 6939 6173 14977
is_linear=0
shrinkage=0.04


Tree=38
num_leaves=8
num_cat=0
split_feature=1 15 23 18 22 27 0
split_gain=610.819 478.193 387.343 307.167 146.157 122.665 63.1348
threshold=0.22029310144292055 2.5000000000000004 168.50000000000003 134.50061327273639 0.0096308434330942393 1.5000000000000002 0.35460629129378174
decision_type=2 2 2 2 2 2 2
left_child=4 3 5 -2 6 -3 -1
right_child=1 2 -4 -5 -6 -7 -8
leaf_value=-0.033421378710090925 0.023071692539676746 0.054579921362294156 0.023071692539676746 -0.0026792162953507637 -0.0026792162953507637 0.11205128987271878 -0.016370247334923153
leaf_weight=611.75298057869077 483.65361973643303 340.34044197015464 175.3910277094692 1402.1792097613215 287.28904455713928 82.456950357183814 881.89507656544447
leaf_count=19449 7283 4837 3168 32788 4663 745 22956
internal_value=-0.000167546 0.0126306 0.0434741 0.00266927 -0.017989 0.0681184 -0.0235297
internal_weight=4264.96 2484.02 598.188 1885.83 1780.94 422.797 1493.65
internal_count=95889 48821 8750 40071 47068 5582 42405
is_linear=0
shrinkage=0.04


Tree=39
num_leaves=8
num_cat=0
split_feature=19 25 6 16 15 16 14
split_gain=629.964 369.178 330.048 321.831 333.648 181.685 143.147
threshold=2.5000000000000004 1.0000000180025095e-35 1.0000000180025095e-35 18.500000000000004 2.5000000000000004 3.5000000000000004 1.0000000180025095e-35
decision_type=2 2 2 2 2 2 2
left_child=1 -1 6 4 5 -2 -3
right_child=3 2 -4 -5 -6 -7 -8
leaf_value=-0.023654770584313891 0.0089557290212677696 -0.010365655167465331 0.026603649261942409 -0.038613745065830908 0.088790397416612196 0.056595824261183793 0.0095516563068592485
leaf_weight=1368.2486831787974 365.04262987338006 1138.4298402499408 643.62076837569475 82.306859217584133 169.77808290719986 134.81499979831278 339.23325338959694
leaf_count=47616 6818 23137 8078 1711 1589 1661 5301
internal_value=-0.000360349 -0.0075357 0.00292346 0.0326001 0.0417926 0.0244013 -0.00750034
internal_weight=4241.48 3489.53 2121.28 751.943 669.636 499.858 1477.66
internal_count=95911 84132 36516 11779 10068 8479 28438
is_linear=0
shrinkage=0.04


Tree=40
num_leaves=8
num_cat=0
split_feature=4 15 16 16 16 22 0
split_gain=590.511 505.648 316.04 296.067 268.448 129.032 64.5702
threshold=8.1450832141594134 1.5000000000000002 15.500000000000002 4.5000000000000009 4.5000000000000009 0.0077021949772592456 0.51284147753290188
decision_type=2 2 2 2 2 2 2
left_child=5 3 4 -2 -3 6 -1
right_child=1 2 -4 -5 -6 -7 -8
leaf_value=-0.031964832587421915 -0.0024729251296584176 0.039197883708653188 0.020050748222952781 0.020050748222952781 0.10056115768616751 -0.0024729251296584176 -0.014947475892960528
leaf_weight=670.0860104765743 1394.9085858277977 472.71836000308394 121.66724730283022 282.08422831073403 153.52439659833908 301.74026991799474 823.44653897918761
leaf_count=21404 32226 7463 2407 4745 1462 4957 21107
internal_value=-0.000232041 0.0126218 0.0397362 0.000365326 0.0555853 -0.0175676 -0.0227443
internal_weight=4220.18 2424.9 747.91 1676.99 626.243 1795.27 1493.53
internal_count=95771 48303 11332 36971 8925 47468 42511
is_linear=0
shrinkage=0.04


Tree=41
num_leaves=8
num_cat=0
split_feature=21 1 25 10 30 4 18
split_gain=598.159 465.713 310.839 139.591 117.805 107.243 78.0499
threshold=1.5000000000000002 0.25919102415508277 1.0000000180025095e-35 92.370064458423258 1.0000000180025095e-35 8.1450832141594134 90.870060480706485
decision_type=2 2 2 2 2 2 2
left_child=1 4 -3 -2 -1 -4 -5
right_child=3 2 5 6 -6 -7 -8
leaf_value=-0.024171750092988095 0.070523904926513364 -0.0062234386586687189 0.0056383094029826466 0.047678450188777789 -0.0062234386586687189 0.017500057464634011 0.017500057464634011
leaf_weight=1680.1783059723675 160.49444722011685 677.43768161162734 438.04311377555132 90.161516526713967 103.60668755322695 849.78997328691185 250.45227628387511
leaf_count=49427 1635 21683 7811 833 762 10237 3839
internal_value=-4.00168e-05 -0.00556023 0.00785637 0.0405603 -0.0203032 0.0175001 0.024833
internal_weight=4250.16 3749.06 1965.27 501.108 1783.78 1287.83 340.614
internal_count=96227 89920 39731 6307 50189 18048 4672
is_linear=0
shrinkage=0.04


Tree=42
num_leaves=8
num_cat=0
split_feature=14 0 19 1 15 16 16
split_gain=564.044 317.02 250.748 206.234 162.742 93.9593 90.2584
threshold=1.0000000180025095e-35 0.4802114804937922 2.5000000000000004 0.24093573435378268 2.5000000000000004 18.500000000000004 14.500000000000002
decision_type=2 2 2 2 2 2 2
left_child=1 -1 4 -3 -2 -4 -6
right_child=2 3 5 -5 6 -7 -8
leaf_value=-0.024594390193911235 0.0084668446057141744 -0.011710944593179671 0.071466363671717159 0.0084668446057141744 0.064051911137617032 0.0084668446057141744 0.027501752009683213
leaf_weight=1229.2037714738399 588.3188149407506 815.03480240236968 195.91702489927411 1174.9089101925492 158.48173766769469 15.669432140886782 33.269830228760839
leaf_count=35999 12792 21025 2116 21204 1968 299 627
internal_value=-0.000579104 -0.00871206 0.0256457 0.0011725 0.0147607 0.0632993 0.0465367
internal_weight=4210.8 3219.15 991.657 1989.94 780.07 211.586 191.752
internal_count=96030 78228 17802 42229 15387 2415 2595
is_linear=0
shrinkage=0.04


Tree=43
num_leaves=8
num_cat=0
split_feature=11 18 29 6 29 16 10
split_gain=582.14 396.906 244.058 215.638 88.1887 86.3671 74.5583
threshold=108.22223188193537 93.803739215807909 1.0000000180025095e-35 1.0000000180025095e-35 1.0000000180025095e-35 15.500000000000002 54.422472780765425
decision_type=2 2 2 2 2 2 2
left_child=2 5 -1 4 -3 -2 -4
right_child=1 3 6 -5 -6 -7 -8
leaf_value=0.015458409537652443 0.015458409537652443 -0.026469172620888885 0.10101078669892186 0.0010792361047921818 -0.0096738273226327273 0.0010792361047921818 0.047555021330280861
leaf_weight=314.89310162700713 708.61982716061175 1320.5329265445471 70.629707153886557 826.83510960824788 686.99825248960406 98.588381683453918 178.17848065122962
leaf_count=6568 10825 38589 754 16218 18568 1869 2781
internal_value=-0.000328807 -0.00621307 0.0371299 -0.0132999 -0.0204269 0.0154584 0.0660462
internal_weight=4205.28 3641.57 563.701 2834.37 2007.53 807.208 248.808
internal_count=96172 86069 10103 73375 57157 12694 3535
is_linear=0
shrinkage=0.04


Tree=44
num_leaves=8
num_cat=0
split_feature=11 25 29 0 0 1 6
split_gain=547.258 353.175 276.719 246.214 69.5585 68.2546 61.1161
threshold=156.92005396833341 1.0000000180025095e-35 1.0000000180025095e-35 0.67794260774735926 0.16031981722512448 0.14582533974110526 1.0000000180025095e-35
decision_type=2 2 2 2 2 2 2
left_child=2 -2 6 -3 -4 -5 -1
right_child=1 3 4 5 -6 -7 -8
leaf_value=0.01191294940968066 -0.023610991482307248 -0.010419698406307921 0.035216446775401498 0.00074662550168636986 0.070146302606276953 0.01191294940968066 0.035216446775401498
leaf_weight=280.19387600198388 1287.8107396932319 835.85290155932307 79.844508011825383 278.34634842537344 236.74302430078387 1049.1075148209929 125.97156126797199
leaf_count=6708 46197 17432 1575 5284 3027 13641 1948
internal_value=-0.00046571 -0.00711304 0.0309389 0.00277159 0.0585199 0.0119129 0.0119129
internal_weight=4173.87 3451.12 722.753 2163.31 316.588 1327.45 406.165
internal_count=95812 82554 13258 36357 4602 18925 8656
is_linear=0
shrinkage=0.04


Tree=45
num_leaves=8
num_cat=0
split_feature=30 22 6 29 4 29 4
split_gain=533.116 489.267 306.909 114.227 100.189 80.8479 62.9961
threshold=1.0000000180025095e-35 0.0061068844633400477 1.0000000180025095e-35 1.0000000180025095e-35 13.397506179173327 1.0000000180025095e-35 8.5770027462519547
decision_type=2 2 2 2 2 2 2
left_child=1 2 3 -1 -4 -3 -2
right_child=6 5 4 -5 -6 -7 -8
leaf_value=-0.025291632867880814 0.024288453284188456 0.0068218489563234485 -0.0059482828024257197 -0.006221096000742529 0.0068218489563234485 0.024288453284188456 0.063968260707063157
leaf_weight=1457.2565759913996 76.167984139174223 433.77986019197851 529.31136704236269 776.71131603233516 413.50877488031983 297.02068214304745 203.20661937072873
leaf_count=43922 647 6963 11770 21094 6857 3704 1139
internal_value=2.74552e-05 -0.00384258 -0.0106448 -0.0187184 0.00682185 0.0242885 0.0524195
internal_weight=4186.96 3907.59 3176.79 2233.97 942.82 730.801 279.375
internal_count=96096 94310 83643 65016 18627 10667 1786
is_linear=0
shrinkage=0.04


Tree=46
num_leaves=8
num_cat=0
split_feature=22 6 15 29 17 4 1
split_gain=496.905 371.365 262.923 145.616 121.851 111.864 54.3502
threshold=0.010899263483012593 1.0000000180025095e-35 2.5000000000000004 1.0000000180025095e-35 0.54619885043611227 8.6500566467859432 0.21395633366400083
decision_type=2 2 2 2 2 2 2
left_child=1 3 4 -1 -2 -3 -5
right_child=2 5 -4 6 -6 -7 -8
leaf_value=-0.022789363520732117 0.011354922385436197 -0.0020437560306375401 0.068400098618585078 -0.012428572660133471 0.04149213023204839 0.011354922385436197 -0.0020437560306375401
leaf_weight=1522.48001814913 385.31909748353064 386.50021725520492 192.28748000413179 347.70304076932371 158.82637061737478 662.04030884802341 495.66090416815132
leaf_count=45224 6079 8936 1591 10837 2093 10416 10990
internal_value=-0.000208621 -0.00665412 0.029364 -0.0154424 0.0145842 0.0113549 -0.00206778
internal_weight=4150.82 3414.38 736.433 2365.84 544.145 1048.54 843.364
internal_count=96166 86403 9763 67051 8172 19352 21827
is_linear=0
shrinkage=0.04


Tree=47
num_leaves=8
num_cat=0
split_feature=25 6 1 13 5 10 30
split_gain=521.766 381.156 307.979 212.76 148.908 102.337 54.4483
threshold=1.0000000180025095e-35 1.0000000180025095e-35 0.38801146221002775 1.5000000000000002 1.0000000180025095e-35 62.333709528899846 1.0000000180025095e-35
decision_type=2 2 2 2 2 2 2
left_child=5 3 6 -2 -4 -1 -3
right_child=1 2 4 -5 -6 -7 -8
leaf_value=-0.0038442716789009023 -0.0038442716789009023 0.016392283543005454 0.037342798402147763 0.016392283543005454 0.086259746532445197 -0.023607804620004932 0.037342798402147763
leaf_weight=243.34882984869182 1201.3575526867062 401.79569589160383 230.79085644707084 589.06283640116453 170.91477859765291 1243.4698467971757 65.950264364480972
leaf_count=8264 26848 5713 2187 6129 1458 45296 302
internal_value=0.000309455 0.0109071 0.0324716 0.000312976 0.0582933 -0.0185957 0.0163923
internal_weight=4146.69 2659.87 869.452 1790.42 401.706 1486.82 467.746
internal_count=96197 42637 9660 32977 3645 53560 6015
is_linear=0
shrinkage=0.04


Tree=48
num_leaves=8
num_cat=0
split_feature=27 18 16 0 16 25 4
split_gain=514.202 387.753 222.323 209.826 161.033 145.4 113.088
threshold=2.5000000000000004 121.89376185898824 15.500000000000002 0.41834400716447734 3.5000000000000004 1.0000000180025095e-35 8.0815235030723951
decision_type=2 2 2 2 2 2 2
left_child=1 6 4 -3 -2 -5 -1
right_child=2 3 -4 5 -6 -7 -8
leaf_value=0.0027477433412926569 0.036623409028246269 -0.026579357915351712 0.018282472405465398 -0.015099870520219494 0.094772256553856946 0.0027477433412926569 0.018282472405465398
leaf_weight=350.83418611250818 239.75274881534278 997.60450238455087 76.102479635737836 619.95573735889047 121.02810819447041 1121.6539875753224 594.02593660820276
leaf_count=7489 4753 32240 1709 22560 1367 17749 8172
internal_value=0.000471923 -0.00443176 0.0409967 -0.0120482 0.05816 -0.00362038 0.0175436
internal_weight=4120.96 3684.07 436.883 2739.21 360.781 1741.61 944.86
internal_count=96039 88210 7829 72549 6120 40309 15661
is_linear=0
shrinkage=0.04


Tree=49
num_leaves=8
num_cat=0
split_feature=9 17 16 0 16 15 4
split_gain=509.533 341.236 195.893 168.212 130.36 142.112 101.827
threshold=1.0000000180025095e-35 0.59280407283884673 3.5000000000000004 0.71304004042978419 14.500000000000002 2.5000000000000004 7.890365247273647
decision_type=2 2 2 2 2 2 2
left_child=3 2 -2 -1 5 -3 -5
right_child=1 4 -4 6 -6 -7 -8
leaf_value=-0.026525788932332275 0.00011111494818482282 0.03593649236410637 0.022785736627537672 -0.015061977157590412 0.022785736627537672 0.08560922956782252 0.00011111494818482282
leaf_weight=924.24683745857328 1100.4423370398581 342.54901404492557 408.713962033391 457.15168116334826 59.051592949777842 134.83621160499752 683.77232457511127
leaf_count=31512 22328 5824 5952 13127 1088 1183 14961
internal_value=4.46394e-05 0.0141598 0.00432279 -0.0139376 0.0412487 0.0514351 -0.00359817
internal_weight=4110.76 2045.59 1509.16 2065.17 536.437 477.385 1140.92
internal_count=95975 36375 28280 59600 8095 7007 28088
is_linear=0
shrinkage=0.04


Tree=50
num_leaves=8
num_cat=0
split_feature=18 29 4 6 24 4 11
split_gain=478.973 289.579 185.366 109.295 100.069 95.4918 86.2965
threshold=93.803739215807909 1.0000000180025095e-35 8.1450832141594134 1.0000000180025095e-35 1.0000000180025095e-35 7.9526941701547047 222.66072483747169
decision_type=2 2 2 2 2 2 2
left_child=2 3 -1 -2 6 -3 -4
right_child=1 5 4 -5 -6 -7 -8
leaf_value=0.0082270273767217333 -0.023225094748044132 -0.0044927337248126193 0.057894606247708438 -0.0044927337248126193 0.084369300808091949 0.0082270273767217333 0.023039208476367708
leaf_weight=344.80794264189899 1388.8956063762307 461.90363291744143 140.28887403942645 612.11592305637896 59.832103868946433 695.410629555583 413.64954998344183
leaf_count=6823 42935 12957 1399 12103 499 13829 5610
internal_value=-0.000319266 -0.00784391 0.024298 -0.0170241 0.0378514 0.00803865 0.0314199
internal_weight=4116.9 3158.33 958.578 2001.01 613.771 1157.31 553.938
internal_count=96155 81824 14331 55038 7508 26786 7009
is_linear=0
shrinkage=0.04


Tree=51
num_leaves=8
num_cat=0
split_feature=13 0 22 1 19 16 16
split_gain=494.756 262.52 211.917 170.773 124.57 69.3279 57.0636
threshold=1.5000000000000002 0.57775170104838092 0.0064585650723025592 0.2868997320183046 1.5000000000000002 17.500000000000004 3.5000000000000004
decision_type=2 2 2 2 2 2 2
left_child=1 -1 4 -3 -2 -6 -4
right_child=2 3 6 -5 5 -7 -8
leaf_value=-0.024551684716686985 0.0058613309291125808 -0.012129044029290187 0.032980289891319445 0.0058613309291125808 0.0297126457824755 0.0058613309291125808 0.070955342898990692
leaf_weight=1097.7088638320565 601.48894421383739 809.94391534198076 202.56041959673166 953.56678396463394 263.68095877952874 37.928753299638629 116.18493292853236
leaf_count=38095 10793 22690 1731 17996 3166 515 690
internal_value=-0.00019309 -0.00929062 0.0210133 0.000293597 0.0108655 0.0297126 0.0485598
internal_weight=4083.06 2861.22 1221.84 1763.51 903.099 301.61 318.745
internal_count=95676 78781 16895 40686 14474 3681 2421
is_linear=0
shrinkage=0.04


Tree=52
num_leaves=8
num_cat=0
split_feature=19 15 16 16 16 15 16
split_gain=451.322 315.603 261.884 252.864 248.704 215.918 186.758
threshold=2.5000000000000004 2.5000000000000004 16.500000000000004 15.500000000000002 3.5000000000000004 2.5000000000000004 4.5000000000000009
decision_type=2 2 2 2 2 2 2
left_child=1 4 5 6 -1 -2 -3
right_child=2 3 -4 -5 -6 -7 -8
leaf_value=-0.019813322596000361 0.0214645986190567 0.019516799057560603 -0.038154259739359146 0.0017522332750929727 0.0017522332750929727 0.072759619151942193 0.072892485713555444
leaf_weight=2065.1685294210911 492.58821872156113 442.92010716162622 77.913856887258589 162.35648292675614 535.05894927307963 176.67882672697306 132.8751469347626
leaf_count=58490 8460 8415 1720 3659 12285 1573 1507
internal_value=-0.000133519 -0.00643986 0.0277559 0.0164926 -0.0129882 0.0358777 0.0328683
internal_weight=4085.56 3338.38 747.181 738.152 2600.23 669.267 575.795
internal_count=96109 84356 11753 13581 70775 10033 9922
is_linear=0
shrinkage=0.04


Tree=53
num_leaves=8
num_cat=0
split_feature=1 17 29 23 18 22 0
split_gain=455.683 374.239 209.767 150.102 144.086 112.862 57.4649
threshold=0.22029310144292055 0.59280407283884673 1.0000000180025095e-35 206.50000000000003 144.70226225948775 0.0039408905247790777 0.38621390939431538
decision_type=2 2 2 2 2 2 2
left_child=5 2 -2 4 -3 6 -1
right_child=1 3 -4 -5 -6 -7 -8
leaf_value=-0.032318182127969414 -0.0027747774972003759 0.076196038921479692 0.019377014887157058 0.019377014887157058 0.033926449058124468 -0.0027747774972003759 -0.0148203680995151
leaf_weight=517.43001663032919 1120.855690243654 187.93877230770886 702.95514183305204 115.13964390940964 329.31670388020575 314.81066771689802 778.23099297378212
leaf_count=19661 25319 1941 12751 2189 6562 5435 22312
internal_value=5.07143e-05 0.0108777 0.00162097 0.0371331 0.0484759 -0.0164273 -0.0220022
internal_weight=4066.68 2456.21 1823.81 632.395 517.255 1610.47 1295.66
internal_count=96170 48762 38070 10692 8503 47408 41973
is_linear=0
shrinkage=0.04


Tree=54
num_leaves=8
num_cat=0
split_feature=24 9 29 0 17 4 1
split_gain=459.093 379.062 234.915 132.381 94.9109 73.4025 58.1984
threshold=1.0000000180025095e-35 1.0000000180025095e-35 1.0000000180025095e-35 1.1275683922919744 0.58556721969605363 8.0815235030723951 0.2868997320183046
decision_type=2 2 2 2 2 2 2
left_child=1 3 4 -1 -3 -2 -5
right_child=5 2 -4 6 -6 -7 -8
leaf_value=-0.025953738503912707 0.023877835573338474 -0.0034859354175674536 0.023877835573338474 -0.015387475895233376 0.010779883743190532 0.065910422431612645 -0.0034859354175674536
leaf_weight=1006.179157259874 81.630011130124331 857.31503848172724 754.37171773053706 426.35805218014866 302.53356725070626 170.76414982508868 473.4535503629595
leaf_count=34825 2121 17808 11733 12502 5064 2498 9595
internal_value=3.85797e-05 -0.00346803 0.00908251 -0.0160544 -0.00231807 0.0512237 -0.00482121
internal_weight=4072.61 3820.21 1914.22 1905.99 1159.85 252.394 899.812
internal_count=96146 91527 34605 56922 22872 4619 22097
is_linear=0
shrinkage=0.04


Tree=55
num_leaves=8
num_cat=0
split_feature=4 27 16 15 16 23 13
split_gain=450.728 371.109 278.786 195.664 182.115 125.972 98.6637
threshold=8.1450832141594134 2.5000000000000004 3.5000000000000004 2.5000000000000004 16.500000000000004 172.50000000000003 1.5000000000000002
decision_type=2 2 2 2 2 2 2
left_child=6 2 3 -2 -4 -3 -1
right_child=1 5 4 -5 -6 -7 -8
leaf_value=-0.022354274322844963 -0.0025541933292797915 0.068811004636700077 0.028920616173173576 0.028920616173173576 -0.0025541933292797915 0.028920616173173576 -0.0025541933292797915
leaf_weight=1165.3753014691174 1255.9246997805312 228.47153826151043 500.12891147378832 289.0688748350367 82.532716257497668 60.479621686041355 474.46974963508546
leaf_count=39629 30527 2967 7863 4354 1666 1123 8026
internal_value=2.7614e-05 0.0109948 0.00510596 -0.00255419 0.0285004 0.0527353 -0.0161032
internal_weight=4056.45 2416.61 2127.66 1544.99 582.662 288.951 1639.85
internal_count=96155 48500 44410 34881 9529 4090 47655
is_linear=0
shrinkage=0.04


Tree=56
num_leaves=8
num_cat=0
split_feature=14 6 19 29 27 16 5
split_gain=455.189 221.933 166.298 117 113.889 106.789 59.8339
threshold=1.0000000180025095e-35 1.0000000180025095e-35 1.5000000000000002 1.0000000180025095e-35 1.5000000000000002 17.500000000000004 1.0000000180025095e-35
decision_type=2 2 2 2 2 2 2
left_child=1 3 4 -1 -2 -4 -3
right_child=2 6 5 -5 -6 -7 -8
leaf_value=-0.021742484344609424 0.0081953310018273769 -0.0031787908805489696 0.05438223057359913 -0.0031787908805489696 0.049349831010901297 0.0081953310018273769 0.0081953310018273769
leaf_weight=1330.2309201890603 550.35247157793492 585.17470298986882 304.69688365515321 782.0202519018203 102.82393766380847 27.927202099002898 357.42614711914212
leaf_count=40912 11896 11222 3873 19784 1467 571 6028
internal_value=0.00026534 -0.00736909 0.0237598 -0.0145529 0.0117107 0.0463883 0.00819533
internal_weight=4040.65 3054.85 985.8 2112.25 653.176 332.624 942.601
internal_count=95753 77946 17807 60696 13363 4444 17250
is_linear=0
shrinkage=0.04


Tree=57
num_leaves=8
num_cat=0
split_feature=25 14 6 13 4 20 4
split_gain=440.954 301.619 189.789 103.149 95.9596 63.776 58.6356
threshold=1.0000000180025095e-35 1.0000000180025095e-35 1.0000000180025095e-35 1.5000000000000002 6.7218379554110523 23.466455185407046 12.292108737414152
decision_type=2 2 2 2 2 2 2
left_child=3 2 -2 -1 -3 -6 -4
right_child=1 4 6 -5 5 -7 -8
leaf_value=-0.024786032943385022 -0.0044792046275629266 0.016597132111728606 0.0060589637420828393 -0.0044792046275629266 0.035054979270168159 0.080381709989072472 0.016597132111728606
leaf_weight=1046.5664972783998 1307.3468399923295 187.23398997075856 319.28583240881562 355.2700599450618 444.53251892141998 56.406470080837607 322.33321167528629
leaf_count=44462 26665 2992 4644 8816 4807 487 2970
internal_value=-0.000267644 0.00936137 0.00127342 -0.0183198 0.0319208 0.0416322 0.0165971
internal_weight=4038.98 2637.14 1948.97 1401.84 688.173 500.939 641.619
internal_count=95843 42565 34279 53278 8286 5294 7614
is_linear=0
shrinkage=0.04


Tree=58
num_leaves=8
num_cat=0
split_feature=11 0 25 10 27 4 9
split_gain=438.397 260.76 165.764 144.15 78.019 65.6921 64.901
threshold=156.92005396833341 0.65941692736303947 1.0000000180025095e-35 39.990370779945586 1.5000000000000002 7.4139082469819551 1.0000000180025095e-35
decision_type=2 2 2 2 2 2 2
left_child=3 6 -3 -1 -5 -4 -2
right_child=1 2 5 4 -6 -7 -8
leaf_value=0.060227102429460597 -0.028368829915774368 -0.0087365837254472205 0.0010061430380098274 0.010748869801466877 0.038953122203385843 0.010748869801466877 -0.010230439087680425
leaf_weight=160.95651110354811 705.57154496386647 640.29249198269099 404.00872334837914 462.41805074270815 99.726882294751704 954.34314145892859 595.40151333529502
leaf_count=2233 26761 22388 7357 9664 1391 11705 14631
internal_value=-0.000145533 -0.00634458 0.00273583 0.0278423 0.0176791 0.0107489 -0.020209
internal_weight=4022.72 3299.62 1998.64 723.101 562.145 1358.35 1300.97
internal_count=96130 82842 41450 13288 11055 19062 41392
is_linear=0
shrinkage=0.04


Tree=59
num_leaves=8
num_cat=0
split_feature=9 17 15 0 23 25 18
split_gain=411.218 276.719 167.948 139.253 107.045 91.0377 81.5322
threshold=1.0000000180025095e-35 0.62038116032167534 2.5000000000000004 0.5279467515777283 190.50000000000003 1.0000000180025095e-35 131.02979978823888
decision_type=2 2 2 2 2 2 2
left_child=3 2 -2 -1 6 -5 -3
right_child=1 4 -4 5 -6 -7 -8
leaf_value=-0.026241421619729866 -0.00015567072315566865 0.072991863820409245 0.021495326869572978 -0.015305814478027528 0.021495326869572978 -0.00015567072315566865 0.035495929231587973
leaf_weight=757.45426925923675 1192.5820428999141 148.99299452174455 377.19094275310636 455.54022099543363 86.578655289486051 742.15793973393738 251.605578484945
leaf_count=28901 24709 1282 4754 17755 1531 12880 4210
internal_value=0.000167353 0.0126225 0.00435631 -0.0129338 0.0386343 -0.00437021 0.0494965
internal_weight=4012.1 2056.95 1569.77 1955.15 487.177 1197.7 400.599
internal_count=96022 36486 29463 59536 7023 30635 5492
is_linear=0
shrinkage=0.04


Tree=60
num_leaves=8
num_cat=0
split_feature=21 0 1 10 28 30 18
split_gain=405.801 307.391 208.397 99.423 63.7698 54.2374 52.3391
threshold=1.5000000000000002 0.51284147753290188 0.28012883859145804 76.650731645387069 2.5000000000000004 1.0000000180025095e-35 71.626811961285782
decision_type=2 2 2 2 2 2 2
left_child=1 -1 5 -2 -4 -3 -5
right_child=3 2 4 6 -6 -7 -8
leaf_value=-0.021123673091749579 0.058232428575587449 -0.0087704865866799313 0.01371394102116899 0.039026670330177808 0.0024717272172445292 0.0024717272172445292 0.01371394102116899
leaf_weight=1241.2108583459631 158.45295920222998 923.95187096856534 976.06872368324548 83.557200714945793 280.55966142937541 76.025074122473598 267.9037667484954
leaf_count=41929 1513 26006 13855 708 7631 499 4078
internal_value=-0.000332449 -0.00521966 0.0035827 0.0326475 0.0137139 -0.00877049 0.0198209
internal_weight=4007.73 3497.82 2256.61 509.914 1256.63 999.977 351.461
internal_count=96219 89920 47991 6299 21486 26505 4786
is_linear=0
shrinkage=0.04


Tree=61
num_leaves=8
num_cat=0
split_feature=13 6 17 16 29 16 4
split_gain=398.561 231.415 200.148 132.093 92.0041 81.8181 68.4248
threshold=1.5000000000000002 1.0000000180025095e-35 0.60796689186975583 3.5000000000000004 1.0000000180025095e-35 17.500000000000004 11.982481474761949
decision_type=2 2 2 2 2 2 2
left_child=1 4 3 -2 -1 -4 -3
right_child=2 6 5 -5 -6 -7 -8
leaf_value=-0.023599404249781252 0.0048818281086327013 -0.0059829628424392187 0.054372519688902131 0.02617481886591767 -0.0059829628424392187 0.02617481886591767 0.0048818281086327013
leaf_weight=1180.4717385601252 623.0950489230454 434.1444652909413 305.03541862592101 262.18739575520158 689.21629385929555 37.022703291848302 461.70607148762792
leaf_count=41564 10233 10352 3213 2974 19966 506 7271
internal_value=-0.000350759 -0.00876676 0.0185304 0.00828078 -0.0168478 0.0440689 0.00488183
internal_weight=3992.88 2765.54 1227.34 885.282 1869.69 342.058 895.851
internal_count=96079 79153 16926 13207 61530 3719 17623
is_linear=0
shrinkage=0.04


Tree=62
num_leaves=8
num_cat=0
split_feature=14 0 25 13 6 1 0
split_gain=357.927 219.065 158.499 133.754 64.1507 53.1229 36.7258
threshold=1.0000000180025095e-35 0.17445425852414306 1.0000000180025095e-35 1.5000000000000002 1.0000000180025095e-35 0.15477321173071398 0.056355574386367659
decision_type=2 2 2 2 2 2 2
left_child=1 -1 -3 4 -2 -4 -5
right_child=3 2 5 6 -6 -7 -8
leaf_value=-0.024124251787720055 0.0066346451528343439 -0.012170414090902927 -0.002767884469034291 0.024054021718577446 0.024054021718577446 0.0066346451528343439 0.046652424841675963
leaf_weight=852.49297091085464 412.37479697726667 696.62790500745177 330.57457254268229 84.227458249777555 219.6091061225161 1095.2403119923547 286.49874062277377
leaf_count=29838 10980 26439 6972 1105 3271 14825 2490
internal_value=-0.00015421 -0.00712539 -0.000216576 0.0203947 0.00894866 0.00663465 0.0391594
internal_weight=3977.65 2974.94 2122.44 1002.71 631.984 1425.81 370.726
internal_count=95920 78074 48236 17846 14251 21797 3595
is_linear=0
shrinkage=0.04


Tree=63
num_leaves=8
num_cat=0
split_feature=11 18 25 10 4 6 16
split_gain=404.95 278.937 144.658 123.721 95.7328 77.03 69.3967
threshold=108.22223188193537 93.803739215807909 1.0000000180025095e-35 39.990370779945586 6.7218379554110523 1.0000000180025095e-35 15.500000000000002
decision_type=2 2 2 2 2 2 2
left_child=3 6 -3 -1 -4 -5 -2
right_child=1 2 4 5 -6 -7 -8
leaf_value=0.063488774419023855 0.012686122103692195 -0.024163757171228713 -0.014337163147829068 0.012686122103692195 0.00051772839432566052 0.041641387596542956 0.00051772839432566052
leaf_weight=131.98710721544921 706.86480134446174 933.29955894034356 512.61459536850452 302.88616851903498 1146.8448017956689 147.27957290690392 96.30310982093215
leaf_count=1595 10852 41662 12227 6561 19355 1913 1897
internal_value=7.50158e-05 -0.00523321 -0.0116507 0.0306055 -0.00451057 0.019794 0.0126861
internal_weight=3978.08 3395.93 2592.76 582.153 1659.46 450.166 803.168
internal_count=96062 85993 73244 10069 31582 8474 12749
is_linear=0
shrinkage=0.04


Tree=64
num_leaves=8
num_cat=0
split_feature=24 29 10 6 11 18 4
split_gain=376.125 298.977 168.689 151.692 81.7382 57.082 56.3113
threshold=1.0000000180025095e-35 1.0000000180025095e-35 82.940574790674717 1.0000000180025095e-35 258.38016290004515 93.803739215807909 7.1338299792989774
decision_type=2 2 2 2 2 2 2
left_child=1 3 -3 5 -4 -1 -2
right_child=6 2 4 -5 -6 -7 -8
leaf_value=-0.010645578193588651 0.020805273127978245 0.020805273127978245 0.010690508393020973 -0.0011875405176032083 -0.0011875405176032083 -0.024545043797009902 0.056655290164678761
leaf_weight=350.2416308671236 66.301785146817565 387.14247413072735 266.16111232154071 724.17674282100052 764.79028432723135 1183.3139781542122 188.95766775682569
leaf_count=6768 1856 6700 4529 13520 18879 40844 2804
internal_value=-0.00054298 -0.00385244 0.0104966 -0.0128717 0.000575744 -0.0201036 0.045463
internal_weight=3931.09 3675.83 1418.09 2257.73 1030.95 1533.56 255.259
internal_count=95900 91240 30108 61132 23408 47612 4660
is_linear=0
shrinkage=0.04


Tree=65
num_leaves=8
num_cat=0
split_feature=30 18 0 4 13 16 4
split_gain=387.895 328.978 197.887 109.51 70.8117 42.3369 34.3063
threshold=1.0000000180025095e-35 50.871120535086568 0.97802826656525521 8.6500566467859432 1.5000000000000002 15.500000000000002 8.0156995463733498
decision_type=2 2 2 2 2 2 2
left_child=1 5 4 -4 -3 -1 -2
right_child=6 2 3 -5 -6 -7 -8
leaf_value=0.021143919252928151 0.021143919252928151 -0.02559796496132773 -0.0094815594345661735 0.0062624065247944517 -0.0094815594345661735 0.0062624065247944517 0.053898085787462531
leaf_weight=520.94030586164445 64.383556133136153 991.15299119148403 656.89232033211738 1035.7662683278322 425.96225913148373 43.493250291794538 200.7554642893374
leaf_count=7239 590 40773 18048 19087 8239 771 1175
internal_value=-5.26506e-05 -0.00347396 -0.00861911 0.000627466 -0.0195906 0.0211439 0.0457618
internal_weight=3939.35 3674.21 3109.77 1692.66 1417.12 564.434 265.139
internal_count=95922 94157 86147 37135 49012 8010 1765
is_linear=0
shrinkage=0.04


Tree=66
num_leaves=8
num_cat=0
split_feature=19 27 15 23 15 0 18
split_gain=356.882 249.2 196.218 165.877 114.259 107.474 82.424
threshold=2.5000000000000004 2.5000000000000004 2.5000000000000004 360.50000000000006 1.5000000000000002 0.73100471700127223 165.6090891975135
decision_type=2 2 2 2 2 2 2
left_child=1 2 5 4 6 -1 -2
right_child=3 -3 -4 -5 -6 -7 -8
leaf_value=-0.025738322367989234 0.036176207254828521 0.026461408613291628 0.0084500945063814576 -0.027398123724777578 0.05376464590246674 -0.0078097561316127816 0.0050203828259878427
leaf_weight=892.30230692028999 149.1875731786713 334.64163202419877 605.3630406325683 78.483202914707363 231.43647992797196 1347.188534877263 278.98821519222111
leaf_count=34173 1751 6498 11610 1801 2337 31858 5869
internal_value=0.00013367 -0.00569876 -0.00956122 0.0249984 0.0315488 -0.0150359 0.0185878
internal_weight=3917.59 3179.5 2844.85 738.095 659.612 2239.49 428.176
internal_count=95897 84139 77641 11758 9957 66031 7620
is_linear=0
shrinkage=0.04


Tree=67
num_leaves=8
num_cat=0
split_feature=18 29 1 6 20 22 9
split_gain=347.9 258.215 120.236 105.489 100.641 75.96 47.0593
threshold=50.871120535086568 1.0000000180025095e-35 0.21395633366400083 1.0000000180025095e-35 22.899012868400458 0.0091047250621718711 1.0000000180025095e-35
decision_type=2 2 2 2 2 2 2
left_child=4 3 -3 6 5 -1 -2
right_child=1 2 -4 -5 -6 -7 -8
leaf_value=0.011905618062285961 -0.027661442090906169 -0.0025707075464013298 0.010963393420872315 -0.0025707075464013298 0.067748227025323557 0.044054373306133161 -0.012446214301379379
leaf_weight=430.50910198036581 699.49912885203958 455.3593518268317 806.50478050298989 653.04988268390298 76.509881091304123 119.41544006578624 654.67419878300279
leaf_count=6719 28821 13644 15031 12957 744 941 16751
internal_value=5.79567e-05 -0.00519501 0.00894 -0.0140814 0.0271218 0.0203605 -0.0204508
internal_weight=3895.52 3269.09 1261.86 2007.22 626.434 549.925 1354.17
internal_count=95608 87204 28675 58529 8404 7660 45572
is_linear=0
shrinkage=0.04


Tree=68
num_leaves=8
num_cat=0
split_feature=17 15 16 16 15 16 27
split_gain=332.437 229.668 182.394 295.258 179.982 127.764 57.1838
threshold=0.59280407283884673 1.5000000000000002 14.500000000000002 4.5000000000000009 2.5000000000000004 3.5000000000000004 1.5000000000000002
decision_type=2 2 2 2 2 2 2
left_child=1 5 3 4 -2 6 -1
right_child=2 -3 -4 -5 -6 -7 -8
leaf_value=-0.022277466138147368 0.0068151395571113471 0.0068151395571113471 0.0068151395571113471 0.072334421736802407 0.053242088531090789 -0.0034762322785162948 -0.0034762322785162948
leaf_weight=1450.02200347092 517.87070264946669 817.45232590474188 137.75811160262674 193.687225388363 156.49532827083021 444.238470220007 172.35684291645885
leaf_count=44976 12983 15534 3184 2430 2056 10355 4335
internal_value=0.000427751 -0.00648346 0.0201137 0.029999 0.0169603 -0.0137676 -0.019602
internal_weight=3889.88 2884.07 1005.81 868.053 674.366 2066.62 1622.38
internal_count=95853 75200 20653 17469 15039 59666 49311
is_linear=0
shrinkage=0.04


Tree=69
num_leaves=8
num_cat=0
split_feature=19 4 6 23 15 5 17
split_gain=354.626 212.459 200.345 160.455 138.235 135.702 86.1647
threshold=2.5000000000000004 7.9526941701547047 1.0000000180025095e-35 291.50000000000006 2.5000000000000004 1.0000000180025095e-35 0.59280407283884673
decision_type=2 2 2 2 2 2 2
left_child=1 -1 -3 4 6 -4 -2
right_child=3 2 5 -5 -6 -7 -8
leaf_value=-0.01838462767016669 0.0082472750316494817 -0.0069854181977455692 0.0063333924722454851 -0.023592108264294854 0.060105224111737007 0.040587037151628737 0.03980037996674092
leaf_weight=1226.6869860868901 343.31804149411619 1214.3802827335894 422.52414877153933 88.237463243305683 187.90415670536458 283.67426306288689 127.07266878895462
leaf_count=41026 6434 32288 6814 2025 1651 4118 1687
internal_value=0.000442891 -0.00545217 0.00286032 0.0250391 0.0318131 0.0196522 0.0194955
internal_weight=3893.8 3147.27 1920.58 746.532 658.295 706.198 470.391
internal_count=96043 84246 43220 11797 9772 10932 8121
is_linear=0
shrinkage=0.04


Tree=70
num_leaves=8
num_cat=0
split_feature=11 1 4 29 0 28 9
split_gain=328.129 208.204 142.037 129.647 56.2206 47.6994 45.3287
threshold=156.92005396833341 0.22029310144292055 8.1450832141594134 1.0000000180025095e-35 0.071244563499077443 2.5000000000000004 1.0000000180025095e-35
decision_type=2 2 2 2 2 2 2
left_child=3 4 -3 -1 -2 -4 -6
right_child=1 2 5 -5 6 -7 -8
leaf_value=0.0096296332165732683 -0.031110447319413141 -0.0075702373237856247 0.0096296332165732683 0.042270128174742252 -0.021654694727812035 0.0010296979463938216 -0.0075702373237856247
leaf_weight=392.51062898337841 364.98772402340546 675.48287769220769 991.43263315595686 337.6644186321646 438.6787839080207 269.11707151867449 405.78445612732321
leaf_count=8783 15474 19469 14640 4620 16139 7792 9256
internal_value=0.000457305 -0.00516634 0.00297389 0.0244256 -0.0181144 0.00962963 -0.0121989
internal_weight=3875.66 3145.48 1936.03 730.175 1209.45 1260.55 844.463
internal_count=96173 82770 41901 13403 40869 22432 25395
is_linear=0
shrinkage=0.04


Tree=71
num_leaves=8
num_cat=0
split_feature=30 21 0 25 4 27 16
split_gain=331.867 282.178 210.84 166.073 33.4742 25.3733 10.6615
threshold=1.0000000180025095e-35 1.5000000000000002 0.071244563499077443 1.0000000180025095e-35 7.526730836329711 1.5000000000000002 18.500000000000004
decision_type=2 2 2 2 2 2 2
left_child=1 2 5 -4 -2 -1 -3
right_child=4 6 3 -5 -6 -7 -8
leaf_value=-0.027943049440453196 0.020096927819073941 0.020096927819073941 -0.012966598451216199 0.0064124451313776736 0.050779393824126898 -0.012966598451216199 0.0064124451313776736
leaf_weight=685.91433432139456 57.051403919234872 428.78325554355979 769.2037207391113 1571.9034318411723 202.72282594256103 120.83665480697528 24.976243576966226
leaf_count=27685 550 5493 31466 25524 1202 3692 504
internal_value=0.000298236 -0.0028992 -0.00727204 -0.00116212 0.0430931 -0.0247711 0.0200969
internal_weight=3861.39 3601.62 3147.86 2341.11 259.774 806.751 453.759
internal_count=96116 94364 88367 56990 1752 31377 5997
is_linear=0
shrinkage=0.04


Tree=72
num_leaves=8
num_cat=0
split_feature=22 1 27 25 16 16 15
split_gain=324.388 224.444 169.018 143.143 101.05 49.3745 42.4108
threshold=0.0063092110500756323 0.22029310144292055 1.5000000000000002 1.0000000180025095e-35 4.5000000000000009 18.500000000000004 2.5000000000000004
decision_type=2 2 2 2 2 2 2
left_child=1 -1 4 -3 6 -5 -2
right_child=2 3 -4 5 -6 -7 -8
leaf_value=-0.019277521892086417 0.0089337674378195259 -0.0081533054119441659 0.061129216953412495 0.0089337674378195259 0.037539412354082508 0.00039023101293768017 0.034095602215688546
leaf_weight=1156.8444321989082 373.33890368044376 592.23733317386359 143.41715812403709 1220.4491841131821 146.60765369236469 99.516658161766827 114.11602303571999
leaf_count=42063 7044 23339 1331 17905 1385 1690 1145
internal_value=0.00040957 -0.00545077 0.0233183 0.00297091 0.0139496 0.00893377 0.00893377
internal_weight=3846.53 3069.05 777.48 1912.2 634.063 1319.97 487.455
internal_count=95902 84997 10905 42934 9574 19595 8189
is_linear=0
shrinkage=0.04


Tree=73
num_leaves=8
num_cat=0
split_feature=24 11 6 29 1 1 4
split_gain=335.65 286.486 157.717 75.0766 71.7252 44.5858 38.1568
threshold=1.0000000180025095e-35 123.34118522996634 1.0000000180025095e-35 1.0000000180025095e-35 0.39485032247758084 0.17936250950011665 6.3612544947931449
decision_type=2 2 2 2 2 2 2
left_child=1 6 3 -3 -4 -2 -1
right_child=5 2 4 -5 -6 -7 -8
leaf_value=0.0059720198715831601 0.019979032100330651 -0.020408115176898504 -0.0046868150895897874 -0.0046868150895897874 0.0059720198715831601 0.052834496420098014 0.019979032100330651
leaf_weight=147.60411193221807 69.772856077179313 1253.8467686786316 515.6895556980744 763.24498470406979 469.86135485209525 193.6037356974557 438.99226094409823
leaf_count=3666 1833 42324 11052 20367 7072 2837 6885
internal_value=0.000237724 -0.00300835 -0.00803499 -0.0144198 0.00504619 0.0429664 0.019979
internal_weight=3852.62 3589.24 3002.64 2017.09 985.551 263.377 586.596
internal_count=96036 91366 80815 62691 18124 4670 10551
is_linear=0
shrinkage=0.04


Tree=74
num_leaves=8
num_cat=0
split_feature=14 9 17 1 18 1 4
split_gain=325.752 167.083 116.878 80.7553 79.4679 59.156 37.126
threshold=1.0000000180025095e-35 1.0000000180025095e-35 0.67995759012481549 0.22029310144292055 165.6090891975135 0.25359968336904892 7.6414489879219714
decision_type=2 2 2 2 2 2 2
left_child=1 5 4 -3 -2 -1 -7
right_child=2 3 -4 -5 -6 6 -8
leaf_value=-0.025520487764568646 0.029881331403936385 -0.0070080352781016608 0.047100259056515985 0.0064547427406721879 0.0064547427406721879 -0.017194260082739193 -0.0070080352781016608
leaf_weight=642.0191386602819 275.67246514093131 514.31310516223311 191.00137110427022 943.93065156135708 521.54375130217522 269.48241809569299 482.05244123283774
leaf_count=27533 3660 13786 2626 15578 11695 9694 11551
internal_value=4.87521e-05 -0.00681418 0.0197237 0.00265102 0.0126624 -0.0166671 -0.00886803
internal_weight=3840.02 2851.8 988.218 1458.24 797.216 1393.55 751.535
internal_count=96123 78142 17981 29364 15355 48778 21245
is_linear=0
shrinkage=0.04


Tree=75
num_leaves=8
num_cat=0
split_feature=19 30 13 6 16 17 17
split_gain=296.86 247.075 193.645 109.138 100.246 85.7983 80.6227
threshold=3.5000000000000004 1.0000000180025095e-35 1.5000000000000002 1.0000000180025095e-35 18.500000000000004 0.47397877750741596 0.43498251462795645
decision_type=2 2 2 2 2 2 2
left_child=1 2 3 -1 6 -4 -2
right_child=4 -3 5 -5 -6 -7 -8
leaf_value=-0.019470514364116873 0.017088053405159783 0.037039607926146599 -0.0022921682960384926 -0.0022921682960384926 -0.032852247650422717 0.015220808799895459 0.052064171365982674
leaf_weight=1452.6971308332868 227.32917828857899 212.38911038823426 532.98188429418951 735.14213324990124 30.238821251317859 407.31728515774012 213.63075773045421
leaf_count=56418 3656 1496 9476 16046 766 5483 2563
internal_value=0.000499383 -0.00372127 -0.00659799 -0.0131049 0.0298769 0.00852059 0.0348116
internal_weight=3811.73 3340.53 3128.14 2187.84 471.199 940.299 440.96
internal_count=95904 88919 87423 72464 6985 14959 6219
is_linear=0
shrinkage=0.04


Tree=76
num_leaves=8
num_cat=0
split_feature=27 0 18 23 6 18 9
split_gain=284.232 222.559 157.611 129.234 87.4538 75.0517 33.4604
threshold=2.5000000000000004 0.16031981722512448 121.89376185898824 170.50000000000003 1.0000000180025095e-35 190.51627805093742 1.0000000180025095e-35
decision_type=2 2 2 2 2 2 2
left_child=1 6 -3 5 -4 -2 -1
right_child=3 2 4 -5 -6 -7 -8
leaf_value=-0.028442870668145659 0.066332454925337597 0.012911277626115348 -0.0093532222926508719 0.012911277626115348 0.004239818979443347 0.028583229045021554 -0.012477527068091852
leaf_weight=460.87523572240025 139.21107899397612 697.19392292248085 1147.9633045606315 110.70197314117104 617.42315277457237 194.31572665926069 428.68039235286415
leaf_count=21309 1470 9940 34413 2446 10703 3904 11782
internal_value=6.81511e-05 -0.0039444 0.0022669 0.029767 -0.00443164 0.0442552 -0.0209733
internal_weight=3796.36 3352.14 2462.58 444.229 1765.39 333.527 889.556
internal_count=95967 88147 55056 7820 45116 5374 33091
is_linear=0
shrinkage=0.04


Tree=77
num_leaves=8
num_cat=0
split_feature=13 6 16 16 15 9 0
split_gain=289.062 170.952 138.129 209.052 126.29 69.7466 40.7059
threshold=1.5000000000000002 1.0000000180025095e-35 3.5000000000000004 18.500000000000004 2.5000000000000004 1.0000000180025095e-35 1.1493105453796426
decision_type=2 2 2 2 2 2 2
left_child=1 5 4 -4 -2 -1 -3
right_child=2 6 3 -5 -6 -7 -8
leaf_value=-0.022860709516932837 0.0045230335804242313 -0.0051270636531217254 0.050172846942557608 0.0045230335804242313 0.036563622646743496 -0.0065860763060042182 0.0045230335804242313
leaf_weight=845.65973299741745 616.40161846671253 357.65351291745901 336.49202210549265 64.383788191713393 190.54566769115627 852.46682010684162 534.91707854252309
leaf_count=38734 10869 9527 3387 899 1853 22599 8080
internal_value=0.00024782 -0.00728387 0.0163299 0.0352279 0.00662552 -0.0147772 0.00452303
internal_weight=3798.52 2590.7 1207.82 400.876 806.947 1698.13 892.571
internal_count=95948 78940 17008 4286 12722 61333 17607
is_linear=0
shrinkage=0.04


Tree=78
num_leaves=8
num_cat=0
split_feature=4 27 15 16 16 21 16
split_gain=280.094 229.778 190.164 107.233 85.0052 69.3352 68.5717
threshold=8.1450832141594134 2.5000000000000004 2.5000000000000004 4.5000000000000009 12.500000000000002 1.5000000000000002 14.500000000000002
decision_type=2 2 2 2 2 2 2
left_child=5 2 3 -2 -3 -1 -4
right_child=1 4 6 -5 -6 -7 -8
leaf_value=-0.017738401744512081 -0.0025514804358885983 0.05248732221353887 0.022220123286403385 0.0098343214252573936 0.022220123286403385 -0.0025514804358885983 0.0098343214252573936
leaf_weight=1258.8436558945104 1247.1274730963632 259.59948444180191 434.33761737402529 276.36859862040728 39.954525137320161 187.96354009304196 77.331751415506005
leaf_count=44636 32265 3302 5633 4692 764 2892 1674
internal_value=5.67814e-05 0.00861495 0.00371223 -0.00255148 0.040728 -0.0137179 0.0222201
internal_weight=3781.53 2334.72 2035.17 1523.5 299.554 1446.81 511.669
internal_count=95858 48330 44264 36957 4066 47528 7307
is_linear=0
shrinkage=0.04


Tree=79
num_leaves=8
num_cat=0
split_feature=25 24 11 5 9 1 4
split_gain=267.848 201.833 203.664 85.6224 70.1811 30.5912 28.8926
threshold=1.0000000180025095e-35 1.0000000180025095e-35 191.73716236368912 1.0000000180025095e-35 1.0000000180025095e-35 0.1563968679750237 5.420123243311294
decision_type=2 2 2 2 2 2 2
left_child=4 2 6 -4 -1 -6 -2
right_child=1 -3 3 -5 5 -7 -8
leaf_value=-0.02368012247876794 0.011444784330820001 0.045736728904647118 -0.0036996538627580011 0.011254773433666264 -0.014083557371413785 -0.0036996538627580011 0.025011226521392371
leaf_weight=669.53931653965265 93.894721063785255 194.5959299588576 1195.7427496118471 623.5675795506686 169.0200056033209 394.07679203338921 438.84102268889546
leaf_count=34442 1732 2256 22976 10575 6794 12054 5122
internal_value=0.000215759 0.00761961 0.00428572 -0.00212166 -0.0150189 -0.00448699 0.0250112
internal_weight=3779.28 2546.64 2352.05 1819.31 1232.64 563.097 532.736
internal_count=95951 42661 40405 33551 53290 18848 6854
is_linear=0
shrinkage=0.04


Tree=80
num_leaves=8
num_cat=0
split_feature=29 10 17 11 16 16 15
split_gain=277.65 246.841 121.532 107.24 72.4955 64.2832 44.1572
threshold=1.0000000180025095e-35 59.664143542197998 0.56017837846745622 269.71325959289157 3.5000000000000004 3.5000000000000004 2.5000000000000004
decision_type=2 2 2 2 2 2 2
left_child=2 4 5 -3 -2 6 -1
right_child=1 3 -4 -5 -6 -7 -8
leaf_value=-0.023120574810197591 0.027066856103501929 0.023053973705394862 0.0025851567818245703 0.0025851567818245703 0.066068671104175192 -0.0059984222061745321 -0.0059984222061745321
leaf_weight=988.48773328587413 239.71289251977578 319.43759645987302 675.72409670799971 812.42537090694532 124.57637972943485 399.10693450784311 210.76627305382863
leaf_count=34069 4578 5319 15979 20411 1496 9462 4517
internal_value=0.000315613 0.0136469 -0.00847655 0.00429477 0.0418132 -0.014582 -0.019539
internal_weight=3770.24 1496.15 2274.09 1131.86 364.289 1598.36 1199.25
internal_count=95831 31804 64027 25730 6074 48048 38586
is_linear=0
shrinkage=0.04


Tree=81
num_leaves=8
num_cat=0
split_feature=16 16 15 27 18 29 25
split_gain=269.913 631.657 369.755 122.048 119.093 85.3698 80.7689
threshold=18.500000000000004 4.5000000000000009 2.5000000000000004 1.5000000000000002 131.02979978823888 1.0000000180025095e-35 1.0000000180025095e-35
decision_type=2 2 2 2 2 2 2
left_child=1 2 3 -1 -3 -6 -4
right_child=-2 4 6 -5 5 -7 -8
leaf_value=-0.015887844852426076 -0.041472879270507093 0.060264997452021615 0.0054990086373818067 0.0054990086373818067 0.0086186598834749936 0.042427877479755412 0.033189348864943249
leaf_weight=2007.3485148362815 219.42456560023129 231.43024288676679 174.59295735368505 275.67836292926222 258.22094955807552 209.52341552916914 401.2137059411034
leaf_count=63050 5373 2400 5231 6212 6116 3246 4433
internal_value=0.000584053 0.0032867 -0.00507904 -0.0123087 0.0370824 0.0245908 0.0233067
internal_weight=3777.43 3558.01 2858.83 2283.03 699.175 467.744 575.807
internal_count=96061 90688 78926 69262 11762 9362 9664
is_linear=0
shrinkage=0.04


Tree=82
num_leaves=8
num_cat=0
split_feature=22 6 17 0 4 27 16
split_gain=259.48 193.258 121.49 89.9825 70.5968 54.0294 51.0645
threshold=0.0061068844633400477 1.0000000180025095e-35 0.5495145875707147 0.38621390939431538 13.563493553560415 1.5000000000000002 2.5000000000000004
decision_type=2 2 2 2 2 2 2
left_child=1 3 5 -1 -3 -2 -5
right_child=2 4 -4 6 -6 -7 -8
leaf_value=-0.024765827807911141 0.0076254769503623799 -0.0024865221225998102 0.042190364110797934 -0.013822364114394208 0.0076254769503623799 0.025605432308015215 -0.0024865221225998102
leaf_weight=641.22188497753814 437.75318374857306 535.26024281512946 262.43851630762219 790.94603291433305 482.83177268318832 86.569666230119765 517.3841637657024
leaf_count=29667 7232 11983 2923 24015 7003 891 12257
internal_value=0.000201122 -0.00522461 0.0204756 -0.0125985 0.00762548 0.0090205 -0.00649261
internal_weight=3754.41 2967.64 786.761 1949.55 1018.09 524.323 1308.33
internal_count=95971 84925 11046 65939 18986 8123 36272
is_linear=0
shrinkage=0.04


Tree=83
num_leaves=8
num_cat=0
split_feature=30 1 29 13 18 0 1
split_gain=266.529 262.039 173.038 94.2697 66.3079 27.782 23.4822
threshold=1.0000000180025095e-35 0.25919102415508277 1.0000000180025095e-35 1.5000000000000002 71.626811961285782 -0.074512370717767382 0.11018899069953987
decision_type=2 2 2 2 2 2 2
left_child=1 3 4 -1 -3 -4 -2
right_child=6 2 5 -5 -6 -7 -8
leaf_value=-0.022256178967738176 0.018158506864982164 0.0074994365327723592 0.0074994365327723592 -0.0041854578365040944 -0.0041854578365040944 0.018158506864982164 0.043798632782980275
leaf_weight=1015.1259676702321 28.664838498458266 257.09098230022937 144.69408042635769 479.76993070263416 910.46439642598853 676.86685196682811 226.6476428732276
leaf_count=43649 272 3255 3854 8842 24473 10217 1496
internal_value=0.000301258 -0.00263445 0.00686447 -0.0152354 -0.00315963 0.0181585 0.0389515
internal_weight=3739.32 3484.01 1989.12 1494.9 1167.56 821.561 255.312
internal_count=96058 94290 41799 52491 27728 14071 1768
is_linear=0
shrinkage=0.04


Tree=84
num_leaves=8
num_cat=0
split_feature=19 16 16 16 15 15 15
split_gain=267.415 179.693 169.994 299.79 172.72 126.29 106.905
threshold=2.5000000000000004 16.500000000000004 3.5000000000000004 18.500000000000004 2.5000000000000004 1.5000000000000002 2.5000000000000004
decision_type=2 2 2 2 2 2 2
left_child=2 6 4 5 -1 -4 -2
right_child=1 -3 3 -5 -6 -7 -8
leaf_value=-0.016731443285598002 0.017200016491078031 -0.037789803292325501 0.0090257526549293345 -0.0405724812596467 0.011759147615876514 0.045658223680337472 0.052943605886910217
leaf_weight=1736.3676943317987 469.6649548006244 64.985371487680823 468.24718060344458 144.39447346096858 415.27799197705463 216.81616440648213 187.59661264531314
leaf_count=58150 8430 1748 11396 3625 7987 2925 1574
internal_value=1.8337e-05 0.021684 -0.00528566 0.0100165 -0.0112037 0.0211097 0.0280426
internal_weight=3703.35 722.247 2981.1 829.458 2151.65 685.063 657.262
internal_count=95835 11752 84083 17946 66137 14321 10004
is_linear=0
shrinkage=0.04


Tree=85
num_leaves=8
num_cat=0
split_feature=18 9 12 16 0 0 20
split_gain=248.806 142.334 140.49 72.2481 58.9871 57.4197 46.8311
threshold=134.50061327273639 1.0000000180025095e-35 1.5000000000000002 4.5000000000000009 -0.074512370717767382 0.30696231341497798 19.063727797461194
decision_type=2 2 2 2 2 2 2
left_child=2 5 3 -1 -3 -2 -4
right_child=1 4 6 -5 -6 -7 -8
leaf_value=0.02257457466194385 -0.028616392753509832 -0.0066580047249364671 0.0048983867372806205 0.059664087359230504 0.0048983867372806205 -0.0099858737794293311 0.01914423912960295
leaf_weight=327.83227105438709 389.28981922520325 264.65939451754093 601.36069317488 116.35800541238859 1072.2366322940215 843.70948734786361 89.030057061463594
leaf_count=5589 20698 8411 11378 1132 20333 27287 1245
internal_value=0.000582253 -0.00630554 0.0161023 0.0333901 0.0027349 -0.0160509 0.00489839
internal_weight=3704.48 2569.9 1134.58 444.19 1336.9 1233 690.391
internal_count=96073 76729 19344 6721 28744 47985 12623
is_linear=0
shrinkage=0.04


Tree=86
num_leaves=8
num_cat=0
split_feature=14 0 4 24 11 25 20
split_gain=265.507 148.444 113.349 102.103 89.5676 52.8035 41.1021
threshold=1.0000000180025095e-35 -0.043451182515838092 7.472910485368252 1.0000000180025095e-35 258.38016290004515 1.0000000180025095e-35 19.985836886067851
decision_type=2 2 2 2 2 2 2
left_child=1 -1 -3 4 -2 -4 -6
right_child=3 2 5 -5 6 -7 -8
leaf_value=-0.023188279823940987 0.033924706168247803 -0.012019864291791931 -0.0032273863649544517 0.05874545459509873 0.0063151783377769655 0.0063151783377769655 0.020119942253012387
leaf_weight=602.52423714986071 249.42046049470082 691.64495659433305 423.92372671375051 82.247806722298265 562.31331591587514 1024.4927112497389 72.126653397455812
leaf_count=25168 3653 23157 15863 933 12059 13909 1204
internal_value=0.000532569 -0.00582509 -0.000851449 0.0184554 0.014091 0.00556509 0.00631518
internal_weight=3708.69 2742.59 2140.06 966.108 883.86 1448.42 634.44
internal_count=95946 78097 52929 17849 16916 29772 13263
is_linear=0
shrinkage=0.04


Tree=87
num_leaves=8
num_cat=0
split_feature=4 16 16 27 17 17 9
split_gain=249.596 205.821 347.308 207.115 92.6099 88.1879 54.1131
threshold=6.7218379554110523 4.5000000000000009 15.500000000000002 1.5000000000000002 0.60796689186975583 0.411723429151861 1.0000000180025095e-35
decision_type=2 2 2 2 2 2 2
left_child=6 3 5 4 -2 -3 -1
right_child=1 2 -4 -5 -6 -7 -8
leaf_value=-0.024340872866161847 -0.0044477321763865584 0.023893951516487301 -0.0044477321763865584 0.031624117840599639 0.013588192832106542 0.057964199396541405 -0.0064264500386284886
leaf_weight=561.91260941280052 1310.4974416270852 253.4369003251195 126.88494196627289 280.21169888414443 372.97386476071551 274.25574776157737 529.00056082569063
leaf_count=24612 35313 4086 3001 4510 7779 3248 13715
internal_value=0.000198703 0.00689571 0.026137 0.000381847 -0.00444773 0.0423499 -0.0157912
internal_weight=3709.17 2618.26 654.578 1963.68 1683.47 527.693 1090.91
internal_count=96264 57937 10335 47602 43092 7334 38327
is_linear=0
shrinkage=0.04


Tree=88
num_leaves=8
num_cat=0
split_feature=19 9 10 25 16 27 17
split_gain=259.268 186.671 130.402 81.6026 81.4192 67.2815 65.5232
threshold=3.5000000000000004 1.0000000180025095e-35 54.422472780765425 1.0000000180025095e-35 15.500000000000002 1.5000000000000002 0.62465286372178708
decision_type=2 2 2 2 2 2 2
left_child=1 3 -3 -1 5 -2 -4
right_child=4 2 6 -5 -6 -7 -8
leaf_value=-0.025475531919657759 0.023457719994213779 0.026219938907385987 -0.0039779241687426551 -0.0063437036543098659 -0.031191172888100218 0.06310355284376791 0.012955839633519289
leaf_weight=568.37589198863134 363.85061588324606 372.17978659085929 1013.3080608416349 955.67370365932584 27.240358112379909 83.664366077631712 307.76288567297161
leaf_count=32277 5516 5967 22492 23219 750 752 5040
internal_value=0.000612822 -0.00348588 0.0056424 -0.0135982 0.0278876 0.0320869 -0.00030826
internal_weight=3692.06 3217.3 1693.25 1524.05 474.755 447.515 1321.07
internal_count=96013 88995 33499 55496 7018 6268 27532
is_linear=0
shrinkage=0.04


Tree=89
num_leaves=8
num_cat=0
split_feature=10 25 16 4 16 21 1
split_gain=236.617 172.384 127.913 99.2021 72.6918 62.1986 41.2471
threshold=54.422472780765425 1.0000000180025095e-35 3.5000000000000004 7.8239912321593748 20.500000000000004 1.5000000000000002 0.25919102415508277
decision_type=2 2 2 2 2 2 2
left_child=2 -2 5 -3 -4 -1 -5
right_child=1 3 4 6 -6 -7 -8
leaf_value=0.0073936574754029129 -0.018443213384190388 -0.0081658551863574187 0.050195993978018112 -0.00038609885547725319 0.0073936574754029129 0.039412883677383978 0.0073936574754029129
leaf_weight=446.39726557675749 981.14041652018204 624.39917099196464 231.42766423290595 455.11148584447801 21.363512624520808 88.026047100313008 827.87047113012522
leaf_count=12081 45752 15116 3190 9085 550 911 9206
internal_value=0.000399267 -0.00490983 0.0196971 0.0021115 0.0425852 0.00828739 0.00739366
internal_weight=3675.74 2888.52 787.214 1907.38 252.791 534.423 1282.98
internal_count=95891 79159 16732 33407 3740 12992 18291
is_linear=0
shrinkage=0.04


Tree=90
num_leaves=8
num_cat=0
split_feature=1 29 12 22 9 5 0
split_gain=226.024 173.168 118.091 72.2225 64.7262 63.8589 27.9359
threshold=0.22029310144292055 1.0000000180025095e-35 1.0000000180025095e-35 0.0054995463252344003 1.0000000180025095e-35 1.0000000180025095e-35 0.21916397772224985
decision_type=2 2 2 2 2 2 2
left_child=4 5 -3 -4 -1 -2 -6
right_child=1 2 3 -5 6 -7 -8
leaf_value=-0.021750546070331396 -0.0027124563975400168 0.053410593223891703 0.0093506749774344457 0.033863104370604039 -0.012930275158870968 0.0093506749774344457 -0.0027124563975400168
leaf_weight=664.41960199922323 878.8229258605279 138.45396579289809 652.21364740794525 184.34117799624801 207.96244439482689 483.28544339397922 460.37317758705467
leaf_count=30522 21675 1855 12742 1890 6990 10532 10021
internal_value=8.82235e-05 0.00757594 0.0203531 0.0143156 -0.0130008 -0.00165174 -0.00411
internal_weight=3669.87 2337.12 975.009 836.555 1332.76 1362.11 668.336
internal_count=96227 48694 16487 14632 47533 32207 17011
is_linear=0
shrinkage=0.04


Tree=91
num_leaves=8
num_cat=0
split_feature=11 16 16 15 29 28 6
split_gain=249.235 149.896 200.25 136.487 94.8659 35.2085 33.9095
threshold=191.73716236368912 18.500000000000004 2.5000000000000004 2.5000000000000004 1.0000000180025095e-35 1.0000000180025095e-35 1.0000000180025095e-35
decision_type=2 2 2 2 2 2 2
left_child=4 2 3 -2 6 -6 -1
right_child=1 -3 -4 -5 5 -7 -8
leaf_value=0.0070821042915520495 -0.017132910234724838 -0.040828756407319811 0.0070821042915520495 0.0070821042915520495 0.049202369876446855 0.022692281781558368 0.020406784171573714
leaf_weight=274.46428967453539 1379.289352868218 169.24823798146099 960.8163807336241 339.03806980838999 146.01693116500974 239.20667331665754 153.25138368271291
leaf_count=7926 47081 4706 22156 6439 1462 3916 2280
internal_value=0.000176237 -0.00540875 -0.00302767 -0.011484 0.019573 0.0337315 0.0070821
internal_weight=3661.33 2848.39 2679.14 1718.33 812.939 385.224 427.716
internal_count=95966 80382 75676 53520 15584 5378 10206
is_linear=0
shrinkage=0.04


Tree=92
num_leaves=8
num_cat=0
split_feature=24 29 10 5 11 13 17
split_gain=251.644 195.837 113.833 94.9423 53.2049 46.0178 34.4351
threshold=1.0000000180025095e-35 1.0000000180025095e-35 56.875930176440541 1.0000000180025095e-35 269.71325959289157 1.5000000000000002 0.50923861807396797
decision_type=2 2 2 2 2 2 2
left_child=1 3 -3 5 -4 -1 -2
right_child=6 2 4 -5 -6 -7 -8
leaf_value=-0.022588964580590204 0.021939094968725904 0.01676781197284264 0.0085299636104937508 -0.0014804812723162376 -0.0014804812723162376 -0.0094906011008294103 0.053415408853393312
leaf_weight=925.25352953607216 149.76453728694469 344.13505132636055 305.42785587068647 686.66137786721811 740.05138489510864 404.00429225433618 110.82056720135733
leaf_count=34995 3047 5644 5080 19284 19467 7010 1552
internal_value=-0.000328182 -0.00326895 0.00824923 -0.0112102 0.000292115 -0.0175007 0.0368046
internal_weight=3666.12 3405.53 1389.61 2015.92 1045.48 1329.26 260.585
internal_count=96079 91480 30191 61289 24547 42005 4599
is_linear=0
shrinkage=0.04


Tree=93
num_leaves=8
num_cat=0
split_feature=14 18 12 20 17 11 1
split_gain=231.98 125.384 87.1683 73.4056 71.9609 41.3458 35.7396
threshold=1.0000000180025095e-35 121.89376185898824 1.0000000180025095e-35 19.985836886067851 0.49911997808796277 258.38016290004515 0.29049657913158278
decision_type=2 2 2 2 2 2 2
left_child=1 -1 -2 5 6 -4 -3
right_child=2 4 3 -5 -6 -7 -8
leaf_value=0.0055237595850911063 0.045474653074131427 -0.02381957710132734 0.017487898333352209 0.028590519154102205 -0.0029078795641564138 0.0055237595850911063 -0.010156260549299143
leaf_weight=752.52324777748436 136.72983607836068 620.20946471625939 199.47507959231734 97.409397176466882 658.58978322800249 527.9906642222777 646.85815796675161
leaf_count=14118 2040 26806 2991 1493 19463 11430 17770
internal_value=0.000175937 -0.00587897 0.0169265 0.0117064 -0.0113395 0.00638528 -0.0169784
internal_weight=3639.79 2678.18 961.605 824.875 1925.66 727.466 1267.07
internal_count=96111 78157 17954 15914 64039 14421 44576
is_linear=0
shrinkage=0.04


Tree=94
num_leaves=8
num_cat=0
split_feature=16 16 27 17 17 18 18
split_gain=227.116 395.908 216.802 127.35 100.423 60.2676 52.6102
threshold=18.500000000000004 4.5000000000000009 1.5000000000000002 0.59280407283884673 0.49911997808796277 224.39165352360152 278.72799251514408
decision_type=2 2 2 2 2 2 2
left_child=1 2 3 -1 6 -4 -3
right_child=-2 4 5 -5 -6 -7 -8
leaf_value=-0.013869041900416962 -0.041132843689253233 0.03159117415147631 0.041418631162138633 0.0073928355126677281 0.04743344371709949 0.0090439893237205631 0.0034882794179255149
leaf_weight=1810.7918113027699 190.44748626323417 187.00020319782197 160.39351313235238 548.97728960914537 280.47760891215876 216.06532373372465 238.39024205412716
leaf_count=58131 5344 2689 2145 13573 3718 5186 5303
internal_value=0.000260913 0.0026637 -0.00425053 -0.00876664 0.029151 0.0235523 0.0162841
internal_weight=3632.54 3442.1 2736.23 2359.77 705.868 376.459 425.39
internal_count=96089 90745 79035 71704 11710 7331 7992
is_linear=0
shrinkage=0.04


Tree=95
num_leaves=8
num_cat=0
split_feature=21 1 6 16 0 4 25
split_gain=211.94 183.841 109.925 51.4206 50.5185 39.6414 26.8246
threshold=1.5000000000000002 0.22029310144292055 1.0000000180025095e-35 2.5000000000000004 0.38621390939431538 6.5870021482391978 1.0000000180025095e-35
decision_type=2 2 2 2 2 2 2
left_child=1 4 3 -3 -1 -2 -6
right_child=5 2 -4 -5 6 -7 -8
leaf_value=-0.028201826301943164 0.010019733722517923 -0.006876569041430595 0.010019733722517923 0.0026958397140012746 -0.019270712795221995 0.03093074495471853 -0.006876569041430595
leaf_weight=401.51243226509541 126.92128870496526 760.1231434145011 760.69683427549899 490.74851525947452 244.16073985304683 362.06703110039234 469.08715848997235
leaf_count=20867 2173 22881 11394 11147 13357 4068 10242
internal_value=-0.000161356 -0.0040133 0.00321358 -0.00462805 -0.0169667 0.0240528 -0.0103396
internal_weight=3615.32 3126.33 2011.57 1250.87 1114.76 488.988 713.248
internal_count=96129 89888 45422 34028 44466 6241 23599
is_linear=0
shrinkage=0.04


Tree=96
num_leaves=8
num_cat=0
split_feature=14 16 16 12 19 19 11
split_gain=222.444 122.102 165.055 90.7929 62.9566 60.9243 35.0863
threshold=1.0000000180025095e-35 16.500000000000004 2.5000000000000004 1.0000000180025095e-35 2.5000000000000004 2.5000000000000004 103.4136703769375
decision_type=2 2 2 2 2 2 2
left_child=1 2 5 -2 6 -1 -5
right_child=3 -3 -4 4 -6 -7 -8
leaf_value=-0.015316161579228854 0.0453458080861881 -0.040185821150777006 0.0053607999489999102 0.027712634706975731 0.028260060784963407 0.0053183579872344115 0.0053607999489999102
leaf_weight=1316.057310457807 139.4032062292099 145.74684163788334 920.11263503367081 103.09217853005975 182.16669276915491 271.45687032165006 539.50976976053789
leaf_count=46494 2023 4499 21659 1421 2131 5466 12416
internal_value=0.000174668 -0.00580811 -0.00365834 0.0165297 0.0111743 -0.0117766 0.0053608
internal_weight=3617.55 2653.37 2507.63 964.172 824.769 1587.51 642.602
internal_count=96109 78118 73619 17991 15968 51960 13837
is_linear=0
shrinkage=0.04


Tree=97
num_leaves=8
num_cat=0
split_feature=18 29 20 9 10 13 11
split_gain=206.577 174.155 64.2553 60.1776 58.5814 42.793 29.7149
threshold=43.746109097745837 1.0000000180025095e-35 22.899012868400458 1.0000000180025095e-35 104.77725304910511 1.5000000000000002 269.71325959289157
decision_type=2 2 2 2 2 2 2
left_child=2 3 5 -2 -3 -1 -6
right_child=1 4 -4 -5 6 -7 -8
leaf_value=0.0095200887651998561 -0.01930734370553553 0.0095200887651998561 0.056423062444603843 -0.0047064022221263453 0.0041977229963019802 0.031827297275755492 -0.0021208924662308704
leaf_weight=284.38016976602376 868.82296956749633 392.92735860915855 70.126493006944656 946.86787106143311 240.21418889751658 178.87727445550263 629.98636805918068
leaf_count=5125 37462 7226 661 22056 4307 1404 17756
internal_value=0.000149239 -0.00385221 0.0228924 -0.0117606 0.00751877 0.0167316 -0.00112464
internal_weight=3612.2 3078.82 533.384 1815.69 1263.13 463.257 870.201
internal_count=95997 88807 7190 59518 29289 6529 22063
is_linear=0
shrinkage=0.04


Tree=98
num_leaves=8
num_cat=0
split_feature=19 16 16 30 0 17 5
split_gain=212.435 229.241 150.769 128.791 111.379 99.0465 82.4122
threshold=1.5000000000000002 18.500000000000004 4.5000000000000009 1.0000000180025095e-35 0.80392597987167036 0.70395784178997356 1.0000000180025095e-35
decision_type=2 2 2 2 2 2 2
left_child=3 2 5 4 -1 -2 -6
right_child=1 -3 -4 -5 6 -7 -8
leaf_value=-0.01933385349009864 0.0050099100684398556 -0.03933096008217133 0.047100653819215542 0.028060318785104715 -0.0086013125830854634 0.042984117073792974 0.0098063999499580379
leaf_weight=902.77606918150559 640.98962412914261 103.51137531828135 250.68578583700582 155.94813854806125 906.98761517973617 123.55663706408814 502.57098500849679
leaf_count=38653 14787 3178 2860 1188 22491 1804 10964
internal_value=0.000515638 0.0148981 0.0207569 -0.00603701 -0.00844752 0.0116226 -0.0013881
internal_weight=3587.03 1118.74 1015.23 2468.28 2312.33 764.546 1409.56
internal_count=95925 22629 19451 73296 72108 16591 33455
is_linear=0
shrinkage=0.04


Tree=99
num_leaves=8
num_cat=0
split_feature=20 11 0 7 1 17 22
split_gain=226.562 224.451 115.312 89.5543 52.809 28.8669 13.2105
threshold=36.456266606353473 156.92005396833341 -0.059179117900394103 15.500000000000002 0.21604612938303913 0.56747824679046233 0.035842754367934229
decision_type=2 2 2 2 2 2 2
left_child=1 4 6 -4 -1 -2 -3
right_child=5 2 3 -5 -6 -7 -8
leaf_value=0.0055372687167489151 0.026579039263019789 -0.02548399982606616 0.0055372687167489151 -0.0077792920271806797 0.022722908021774887 0.06712143322567922 -0.012920590808186772
leaf_weight=237.72598292585462 82.508973107673228 505.19310732046142 503.37168432073668 1664.2076450292952 459.60497443284839 63.408303920645267 62.093947378918529
leaf_count=6144 2096 23897 11814 42995 6824 845 1261
internal_value=0.000210895 -0.00192591 -0.00709814 -0.00285303 0.0181727 0.0473717 -0.0229882
internal_weight=3578.11 3432.2 2734.87 2167.58 697.331 145.917 567.287
internal_count=95876 92935 79967 54809 12968 2941 25158
is_linear=0
shrinkage=0.04


Tree=100
num_leaves=8
num_cat=0
split_feature=12 16 18 25 16 17 17
split_gain=211.483 172.496 211.409 108.304 83.2501 39.8952 23.5365
threshold=1.0000000180025095e-35 16.500000000000004 179.95460603557353 1.0000000180025095e-35 4.5000000000000009 0.59280407283884673 0.28356770837507134
decision_type=2 2 2 2 2 2 2
left_child=4 2 6 -4 5 -1 -2
right_child=1 -3 3 -5 -6 -7 -8
leaf_value=0.011041255154277769 0.0012443946872756422 -0.040473010782378041 -0.021498333628358811 -0.0017495985727434755 0.052131746183555157 0.037339409695361744 0.011041255154277769
leaf_weight=251.95574857620522 325.13823892595246 177.35901027871296 668.37240614136681 1293.5156956701539 125.13010387169197 89.550742906983942 641.18248688103631
leaf_count=7092 6957 5415 36159 26172 1518 1742 10974
internal_value=0.000533907 -0.00326373 -0.000879924 -0.00855247 0.0253462 0.014328 0.0110413
internal_weight=3572.2 3105.57 2928.21 1961.89 466.637 341.506 966.321
internal_count=96029 85677 80262 62331 10352 8834 17931
is_linear=0
shrinkage=0.04


Tree=101
num_leaves=8
num_cat=0
split_feature=17 6 20 12 29 4 29
split_gain=212.927 121.781 91.1589 79.1777 75.6657 62.5703 32.123
threshold=0.64935472038076603 1.0000000180025095e-35 29.854429506847605 1.5000000000000002 1.0000000180025095e-35 13.74815490335404 1.0000000180025095e-35
decision_type=2 2 2 2 2 2 2
left_child=1 4 3 6 -1 -3 -2
right_child=2 5 -4 -5 -6 -7 -8
leaf_value=-0.016696181126393404 0.020088747849514439 -0.0012390081271991644 0.062480932716530477 0.0080475041520496563 -0.0012390081271991644 0.0080475041520496563 0.038814791162763353
leaf_weight=1088.4376267639454 145.18133512279019 511.56237945891917 64.133281986229122 403.99029091652483 767.57194606075063 460.71388928312808 123.74690888868645
leaf_count=42193 3190 11356 872 9635 20468 6690 1704
internal_value=0.00105061 -0.00395341 0.0200484 0.0151486 -0.00994284 0.00746483 0.03213
internal_weight=3565.34 2828.29 737.052 672.919 1856.01 972.276 268.928
internal_count=96108 80707 15401 14529 62661 18046 4894
is_linear=0
shrinkage=0.04


Tree=102
num_leaves=8
num_cat=0
split_feature=15 16 16 16 18 27 0
split_gain=208.59 170.345 143.111 133.261 75.5459 74.6299 51.0103
threshold=1.5000000000000002 13.500000000000002 4.5000000000000009 3.5000000000000004 190.51627805093742 1.5000000000000002 -0.014299314820060201
decision_type=2 2 2 2 2 2 2
left_child=2 3 5 4 -2 6 -1
right_child=1 -3 -4 -5 -6 -7 -8
leaf_value=-0.027960894873034419 0.03061596287250164 0.0038908888949241282 0.0038908888949241282 0.04565697975934984 0.0038908888949241282 0.0038908888949241282 -0.011149200953215572
leaf_weight=371.89706262527034 250.67686878610402 171.35655412799679 466.17101662419736 302.02316343644634 420.31598115386441 243.72895972477272 1319.4363033277914
leaf_count=19454 3370 5408 9071 3403 9994 5762 39486
internal_value=0.000247355 0.0142292 -0.00644747 0.023964 0.0136726 -0.0119299 -0.0149884
internal_weight=3545.61 1144.37 2401.23 973.016 670.993 1935.06 1691.33
internal_count=95948 22175 73773 16767 13364 64702 58940
is_linear=0
shrinkage=0.04


Tree=103
num_leaves=8
num_cat=0
split_feature=13 29 18 4 16 19 16
split_gain=206.554 103.374 91.6748 55.6462 44.8586 43.8829 40.6927
threshold=1.5000000000000002 1.0000000180025095e-35 162.37857381049596 13.397506179173327 15.500000000000002 1.5000000000000002 3.5000000000000004
decision_type=2 2 2 2 2 2 2
left_child=1 3 4 -1 6 -4 -2
right_child=2 -3 5 -5 -6 -7 -8
leaf_value=-0.019645065340487912 0.024090417292044874 0.0037060727511194743 0.0040233340262443261 -0.0047151382309538661 0.016728650359119634 0.016728650359119634 0.052227298878445828
leaf_weight=845.56309302267618 267.08495054906234 978.16979985265061 472.67594302073121 575.0016099056229 36.878218665719032 223.09597374033183 139.61224301718175
leaf_count=36656 2781 25745 9636 16470 571 2923 996
internal_value=0.000377029 -0.00628138 0.014328 -0.0131363 0.0283324 0.00512494 0.0347709
internal_weight=3538.08 2398.73 1139.35 1420.56 443.575 695.772 406.697
internal_count=95778 78871 16907 53126 4348 12559 3777
is_linear=0
shrinkage=0.04


Tree=104
num_leaves=8
num_cat=0
split_feature=30 0 5 13 14 25 4
split_gain=196.597 173.656 121.841 65.8205 50.2473 29.036 25.3127
threshold=1.0000000180025095e-35 0.95841230646311149 1.0000000180025095e-35 1.5000000000000002 1.0000000180025095e-35 1.0000000180025095e-35 8.5770027462519547
decision_type=2 2 2 2 2 2 2
left_child=1 3 4 5 -3 -1 -2
right_child=6 2 -4 -5 -6 -7 -8
leaf_value=-0.028326820757221278 0.016162795702228134 -0.0036901377182630554 0.016162795702228134 -0.0036901377182630554 0.0070351173315724514 -0.013236162774825056 0.042442102495038603
leaf_weight=351.3028501519002 68.658208500593901 904.88228282378986 697.47113820910454 456.7291927584447 325.59866070700809 554.13856405997649 175.05281843617558
leaf_count=25697 647 22400 13539 8984 5267 18435 1116
internal_value=0.000503002 -0.002107 0.00560927 -0.0129895 -0.00209256 -0.0193367 0.0344326
internal_weight=3533.83 3290.12 1927.95 1362.17 1230.48 905.441 243.711
internal_count=96085 94322 41206 53116 27667 44132 1763
is_linear=0
shrinkage=0.04


Tree=105
num_leaves=8
num_cat=0
split_feature=20 11 4 29 4 0 25
split_gain=198.342 204.601 106.858 76.7676 55.1283 25.2203 22.8554
threshold=36.456266606353473 191.73716236368912 8.0815235030723951 1.0000000180025095e-35 7.472910485368252 0.30696231341497798 1.0000000180025095e-35
decision_type=2 2 2 2 2 2 2
left_child=1 4 5 -4 -1 -3 -2
right_child=6 2 3 -5 -6 -7 -8
leaf_value=0.0049177260549356826 0.021478415077446852 -0.026517465694169875 -0.0082695699829758943 0.0049177260549356826 0.021478415077446852 -0.012402761752152949 0.053430231267331318
leaf_weight=244.80980264162645 37.270115867257118 316.65174045902677 984.21191792422906 669.09583076322451 527.81222987547517 640.14907833561301 111.69135078648105
leaf_count=6627 1584 17311 26479 13000 8474 21317 1376
internal_value=0.00066844 -0.00137953 -0.00673627 -0.000555601 0.0165717 -0.0173 0.0443364
internal_weight=3531.69 3382.73 2610.11 1653.31 772.622 956.801 148.961
internal_count=96168 93208 78107 39479 15101 38628 2960
is_linear=0
shrinkage=0.04


Tree=106
num_leaves=8
num_cat=0
split_feature=19 15 12 18 25 23 1
split_gain=192.47 144.601 142.431 96.1495 45.8975 39.808 36.6481
threshold=3.5000000000000004 2.5000000000000004 1.5000000000000002 270.55473170793181 1.0000000180025095e-35 513.50000000000011 0.17762353453559418
decision_type=2 2 2 2 2 2 2
left_child=1 3 -3 -1 -5 6 -2
right_child=5 2 -4 4 -6 -7 -8
leaf_value=0.0019010838247526408 0.0068054028226303279 0.033735562768875321 0.0019010838247526408 -0.024813325196565535 -0.0092577864979073044 -0.023287753926214679 0.03346501699433993
leaf_weight=916.65538180759177 116.53336458140984 291.73294305754825 490.85844214376993 465.21107779769227 901.37035647686571 19.412082589929923 332.94845027057454
leaf_count=22975 2463 4446 10718 29719 21297 625 3959
internal_value=0.000746447 -0.00292832 0.0118124 -0.00801026 -0.014695 0.024333 0.0268517
internal_weight=3534.72 3065.83 782.591 2283.24 1366.58 468.894 449.482
internal_count=96202 89155 15164 73991 51016 7047 6422
is_linear=0
shrinkage=0.04


Tree=107
num_leaves=8
num_cat=0
split_feature=17 29 12 6 0 22 10
split_gain=175.943 119.574 90.0446 47.7318 35.0437 33.0727 32.8521
threshold=0.58556721969605363 1.0000000180025095e-35 1.5000000000000002 1.0000000180025095e-35 0.17445425852414306 0.013921188630490957 54.422472780765425
decision_type=2 2 2 2 2 2 2
left_child=1 3 6 -1 -3 -4 -2
right_child=2 4 5 -5 -6 -7 -8
leaf_value=-0.018141717229427517 0.047545887586653637 -0.0042562481704039468 0.0043710035211717941 -0.0042562481704039468 0.0043710035211717941 0.016609020170657893 0.020602265824670469
leaf_weight=958.63615350495093 106.12695158272982 250.52142948564142 493.20498615177348 512.05471915192902 801.59047366026789 98.449164520483464 288.36012512259185
leaf_count=39011 1445 9116 12945 10968 15378 1104 5976
internal_value=5.08815e-05 -0.00555049 0.0142925 -0.0128835 0.004371 0.004371 0.028847
internal_weight=3508.94 2522.8 986.141 1470.69 1052.11 591.654 394.487
internal_count=95943 74473 21470 49979 24494 14049 7421
is_linear=0
shrinkage=0.04


Tree=108
num_leaves=8
num_cat=0
split_feature=22 16 16 6 29 0 17
split_gain=193.048 150.888 160.133 77.9438 70.764 40.0981 29.3608
threshold=0.0096308434330942393 18.500000000000004 2.5000000000000004 1.0000000180025095e-35 1.0000000180025095e-35 0.071244563499077443 0.56017837846745622
decision_type=2 2 2 2 2 2 2
left_child=1 2 3 -1 6 -4 -2
right_child=4 -3 5 -5 -6 -7 -8
leaf_value=-0.015913670060703006 0.0073828765068660838 -0.040263570484950204 -0.011985978562636548 0.0022006666789608927 0.032807522092581046 0.0073828765068660838 0.020104085706701205
leaf_weight=1076.5348470918834 267.52928767818958 164.23220310010947 204.30984780751169 581.14214014681056 316.21532884892076 769.18520209519193 128.58469308586791
leaf_count=44353 4985 5301 8176 12580 3568 15496 1594
internal_value=0.000538094 -0.0042115 -0.00181728 -0.0095881 0.0189772 0.00738288 0.00740065
internal_weight=3507.73 2795.4 2631.17 1657.68 712.329 973.495 396.114
internal_count=96053 85906 80605 56933 10147 23672 6579
is_linear=0
shrinkage=0.04


Tree=109
num_leaves=8
num_cat=0
split_feature=24 27 25 2 9 15 23
split_gain=194.394 148.414 126.488 76.7943 35.7432 22.1827 21.9458
threshold=1.0000000180025095e-35 2.5000000000000004 1.0000000180025095e-35 0.51696055237675165 1.0000000180025095e-35 1.5000000000000002 246.50000000000003
decision_type=2 2 2 2 2 2 2
left_child=1 2 4 -4 -1 -2 -3
right_child=5 6 3 -5 -6 -7 -8
leaf_value=-0.025663415530465673 0.021104512143004576 0.014932041131850413 -0.0075686076322398791 0.0043971694046955022 -0.0096121019789432022 0.047461546570173853 0.0043971694046955022
leaf_weight=484.43877947330475 156.60583674581721 325.85684176394716 1144.1619741129689 778.40009586978704 436.92020361777395 99.150750577449799 65.388327949214727
leaf_count=30686 3411 5492 22495 14072 16728 1209 1902
internal_value=-0.000166831 -0.00285984 -0.0061377 -0.000275121 -0.0182366 0.0327239 0.014932
internal_weight=3490.92 3235.17 2843.92 1922.56 921.359 255.757 391.245
internal_count=95995 91375 83981 36567 47414 4620 7394
is_linear=0
shrinkage=0.04


Tree=110
num_leaves=8
num_cat=0
split_feature=13 0 10 1 2 29 30
split_gain=185.998 108.745 81.8194 70.0732 40.3784 30.7197 24.1939
threshold=1.5000000000000002 0.4802114804937922 73.451184922340119 0.30139880359623666 0.52183145991905733 1.0000000180025095e-35 1.0000000180025095e-35
decision_type=2 2 2 2 2 2 2
left_child=1 -1 5 6 -4 -2 -3
right_child=2 3 4 -5 -6 -7 -8
leaf_value=-0.01936313152542685 0.018832066120587604 -0.009983155155058588 0.0035943225855464811 0.0035943225855464811 0.017698487902514357 0.043505410276411673 -0.0031944162847560532
leaf_weight=697.02400188823231 151.30267106229439 661.46269362047315 471.59530311776325 921.87036752188578 357.82658467255533 151.35616679582745 62.776571564376354
leaf_count=36272 2248 24280 7976 18021 5295 1414 441
internal_value=0.000186552 -0.00624237 0.013431 -0.000603179 0.00676448 0.0308997 -0.00998316
internal_weight=3475.21 2343.13 1132.08 1646.11 829.422 302.659 724.239
internal_count=95947 79014 16933 42742 13271 3662 24721
is_linear=0
shrinkage=0.04


Tree=111
num_leaves=8
num_cat=0
split_feature=16 15 16 27 27 17 4
split_gain=189.371 343.511 171.051 97.4575 90.7411 58.4112 5.52958
threshold=18.500000000000004 2.5000000000000004 4.5000000000000009 1.5000000000000002 1.5000000000000002 0.58556721969605363 5.2996490340653084
decision_type=2 2 2 2 2 2 2
left_child=1 2 3 -1 5 -3 -4
right_child=-2 4 6 -5 -6 -7 -8
leaf_value=-0.012885672820114984 -0.040447643297565117 0.011060440958091024 -0.0063006694230492554 0.011060440958091024 0.053815264345008801 0.036403965661611241 0.011060440958091024
leaf_weight=1772.2374131474644 158.94055967521854 446.97955263359472 86.402888822834939 269.24139500758611 146.37053649965674 174.50165619608015 423.20847063604742
leaf_count=63162 5346 8149 2509 6251 1424 2190 7224
internal_value=0.000869635 0.00296383 -0.0041163 -0.00947134 0.0262372 0.0189927 0.0110604
internal_weight=3477.88 3318.94 2551.09 2041.48 767.852 621.481 509.611
internal_count=96255 90909 79146 69413 11763 10339 9733
is_linear=0
shrinkage=0.04


Tree=112
num_leaves=8
num_cat=0
split_feature=16 15 16 27 18 7 1
split_gain=177.978 324.076 162.492 82.7789 78.1359 36.2324 12.562
threshold=18.500000000000004 2.5000000000000004 4.5000000000000009 1.5000000000000002 190.51627805093742 15.500000000000002 0.14582533974110526
decision_type=2 2 2 2 2 2 2
left_child=1 2 3 -1 6 -6 -3
right_child=-2 4 -4 -5 5 -7 -8
leaf_value=-0.012951246815534818 -0.040316299322525263 0.027123544685789935 0.01028829537547256 0.01028829537547256 0.027123544685789935 0.01028829537547256 0.04485903749879875
leaf_weight=1755.6969451559708 153.96834198501892 56.844597817398608 521.20404439698905 274.10604699212126 115.00156480120495 337.4190616607666 253.92321285139769
leaf_count=63099 5306 885 9830 6197 1949 6361 2368
internal_value=0.000367371 0.00237302 -0.00448659 -0.00976293 0.0250632 0.0139626 0.0402845
internal_weight=3468.16 3314.2 2551.01 2029.8 763.188 452.421 310.768
internal_count=95995 90689 79126 69296 11563 8310 3253
is_linear=0
shrinkage=0.04


Tree=113
num_leaves=8
num_cat=0
split_feature=24 11 0 19 9 0 15
split_gain=184.224 151.066 101.691 69.2636 31.0836 19.0181 18.6568
threshold=1.0000000180025095e-35 108.22223188193537 0.35460629129378174 1.5000000000000002 1.0000000180025095e-35 -0.1957123847943352 1.5000000000000002
decision_type=2 2 2 2 2 2 2
left_child=1 5 4 -4 -3 -1 -2
right_child=6 2 3 -5 -6 -7 -8
leaf_value=0.0040701998518367019 0.020921514277089198 -0.027055631204505215 -0.0072852721054367381 0.0040701998518367019 -0.010339585258491135 0.014613476072327337 0.045201241845952346
leaf_weight=93.51969162421301 156.97433972591534 371.06234831060283 1331.3589993114583 593.35122715565376 371.56031034141779 421.27971020713449 102.49620208377019
leaf_count=2687 3386 22598 35764 11098 12334 6842 1221
internal_value=7.42542e-05 -0.00260704 -0.00647308 -0.00158966 -0.0189405 0.0146135 0.031834
internal_weight=3441.6 3182.13 2667.33 1924.71 742.623 514.799 259.471
internal_count=95930 91323 81794 46862 34932 9529 4607
is_linear=0
shrinkage=0.04


Tree=114
num_leaves=8
num_cat=0
split_feature=16 16 18 17 17 6 1
split_gain=174.977 266.778 140.113 78.8137 64.6355 57.4363 36.5859
threshold=18.500000000000004 4.5000000000000009 183.13225697123184 0.46149235596048693 0.71929021353225697 1.0000000180025095e-35 0.15189469868931729
decision_type=2 2 2 2 2 2 2
left_child=1 2 4 6 -1 -4 -3
right_child=-2 3 5 -5 -6 -7 -8
leaf_value=0.0050441601366469444 -0.040147852357520622 -0.010303841482538387 -0.015187920762848242 0.038459365696420583 0.035247619057255215 -5.7902902572169458e-05 0.01798812465621567
leaf_weight=736.52402753802016 149.51925033866428 87.502446494996548 1120.8326336066239 323.9347127918154 125.10673832497559 593.03734704712406 311.16005329601467
leaf_count=16137 5357 2508 47717 4262 1706 13399 4933
internal_value=0.000773159 0.00274407 -0.00330214 0.024045 0.0097837 -0.00989951 0.0116781
internal_weight=3447.62 3298.1 2575.5 722.597 861.631 1713.87 398.662
internal_count=96019 90662 78959 11703 17843 61116 7441
is_linear=0
shrinkage=0.04


Tree=115
num_leaves=8
num_cat=0
split_feature=1 13 6 24 10 1 0
split_gain=167.973 146.354 93.8797 57.9585 58.2528 28.273 26.203
threshold=0.15477321173071398 1.5000000000000002 1.0000000180025095e-35 1.0000000180025095e-35 52.065313947839094 0.53017516701693024 0.65941692736303947
decision_type=2 2 2 2 2 2 2
left_child=6 2 -2 4 -3 -4 -1
right_child=1 3 5 -5 -6 -7 -8
leaf_value=-0.023062491723171125 -0.0044618028182891838 0.032750543120827695 0.0024017854433651766 0.049975577577007727 0.0092653737050195362 0.0092653737050195362 -0.0084437355115000046
leaf_weight=345.6302477766294 1066.6003812542185 181.67830280773342 349.7518009962514 80.684067085385323 589.30241421004757 335.01926579419523 481.01793623529375
leaf_count=18322 38713 1938 6702 692 8583 5609 15422
internal_value=0.000842889 0.00583498 -0.000800565 0.0193313 0.0155255 0.00926537 -0.0147586
internal_weight=3429.68 2603.04 1751.37 851.665 770.981 684.771 826.648
internal_count=95981 62237 51024 11213 10521 12311 33744
is_linear=0
shrinkage=0.04


Tree=116
num_leaves=8
num_cat=0
split_feature=19 1 5 16 4 17 18
split_gain=168.774 116.196 94.9338 92.9819 77.3437 58.701 42.9099
threshold=2.5000000000000004 0.22029310144292055 1.0000000180025095e-35 15.500000000000002 19.840335806932945 0.58917548208891335 134.50061327273639
decision_type=2 2 2 2 2 2 2
left_child=1 -1 6 5 -4 -2 -3
right_child=3 2 4 -5 -6 -7 -8
leaf_value=-0.015396653086354191 0.013061957076643189 0.0044408685434810429 0.0050437809225999577 -0.034152766332121658 0.035528799323623898 0.039151242700540767 -0.0067864612308261062
leaf_weight=958.2696557121817 452.41656563477591 350.64219065057114 460.81640578689985 42.848717733751982 179.74348480161279 200.61695642536506 782.17277991003357
leaf_count=41589 7804 5556 10856 1742 3065 2266 23118
internal_value=0.000240095 -0.00425136 0.00182373 0.0176815 0.0140126 0.0215464 -0.00513089
internal_weight=3427.53 2731.64 1773.37 695.882 640.56 653.034 1132.81
internal_count=95996 84184 42595 11812 13921 10070 28674
is_linear=0
shrinkage=0.04


Tree=117
num_leaves=8
num_cat=0
split_feature=30 21 1 0 13 4 16
split_gain=160.75 150.861 137.532 64.3391 31.805 21.1787 4.68779
threshold=1.0000000180025095e-35 1.5000000000000002 0.28012883859145804 1.170472329402765 1.5000000000000002 9.7441715874789292 12.500000000000002
decision_type=2 2 2 2 2 2 2
left_child=1 2 4 -4 -1 -2 -3
right_child=5 6 3 -5 -6 -7 -8
leaf_value=-0.020316347739874913 0.014890805365678848 0.014890805365678848 -0.0068104444059665908 0.0046222954847944435 -0.0068104444059665908 0.040199964563738401 0.0046222954847944435
leaf_weight=805.2659874400124 75.944205399602652 418.51355616236106 610.81885134172626 948.17148776957765 388.49931362317875 154.2730931378901 21.69190142233856
leaf_count=43243 720 5498 20295 16284 8621 1007 543
internal_value=0.000295391 -0.00207238 -0.00564621 0.00218288 -0.0158038 0.031854 0.0148908
internal_weight=3423.18 3192.96 2752.76 1558.99 1193.77 230.217 440.205
internal_count=96211 94484 88443 36579 51864 1727 6041
is_linear=0
shrinkage=0.04


Tree=118
num_leaves=8
num_cat=0
split_feature=14 0 6 18 10 29 27
split_gain=167.471 103.701 74.3807 64.2532 57.1612 44.3096 13.7833
threshold=1.0000000180025095e-35 -0.10539174792612542 1.0000000180025095e-35 43.746109097745837 157.8945623784372 1.0000000180025095e-35 1.5000000000000002
decision_type=2 2 2 2 2 2 2
left_child=1 6 5 -2 -5 -3 -1
right_child=3 2 -4 4 -6 -7 -8
leaf_value=-0.02446020089133465 0.037374286917881756 -0.010859469322654851 0.0054395139767692306 0.023778353897717527 0.0054395139767692306 -0.00063193422177336206 -0.010859469322654851
leaf_weight=393.10785958822817 164.35598721541464 733.33595514390618 733.8104546898976 296.011815759819 464.91250240942463 553.33996846131049 76.21897414769046
leaf_count=21082 1575 27854 12741 5393 11029 13625 2782
internal_value=0.000923666 -0.0044814 -0.000510712 0.0153604 0.0101824 -0.00670338 -0.0212082
internal_weight=3415.09 2489.81 2020.49 925.28 760.924 1286.68 469.327
internal_count=96081 78084 54220 17997 16422 41479 23864
is_linear=0
shrinkage=0.04


Tree=119
num_leaves=8
num_cat=0
split_feature=20 10 16 16 4 18 0
split_gain=159.394 153.709 97.083 106.868 50.2294 14.8821 6.20227
threshold=36.456266606353473 52.065313947839094 16.500000000000004 3.5000000000000004 7.526730836329711 312.2815150881558 0.014292935603683856
decision_type=2 2 2 2 2 2 2
left_child=1 4 3 -3 -1 -2 -6
right_child=5 2 -4 -5 6 -7 -8
leaf_value=0.0045079668383600667 0.050946018421956833 -0.0094786195338164916 -0.039152240284489104 0.0045079668383600667 0.011905261436023001 0.020138666700245025 0.019302556033685934
leaf_weight=242.33112879353575 84.172686279052868 1788.4010157785378 123.68721587955952 637.59317422891036 88.774222647771239 62.320026649162173 379.43730008695275
leaf_count=7368 1228 59716 4753 12872 2782 1734 5880
internal_value=0.000529357 -0.00135938 -0.00594944 -0.00410285 0.0149654 0.0399645 0.0193026
internal_weight=3406.72 3260.22 2549.68 2425.99 710.543 146.493 468.212
internal_count=96333 93371 77341 72588 16030 2962 8662
is_linear=0
shrinkage=0.04


Tree=120
num_leaves=8
num_cat=0
split_feature=14 4 20 5 11 17 7
split_gain=164.677 91.7076 67.4941 66.3648 61.3206 29.6815 24.761
threshold=1.0000000180025095e-35 7.890365247273647 20.546737598633865 1.0000000180025095e-35 258.38016290004515 0.45553412119912379 14.500000000000002
decision_type=2 2 2 2 2 2 2
left_child=1 -1 4 5 -2 -3 -6
right_child=2 3 -4 -5 6 -7 -8
leaf_value=-0.015222912506076816 0.026876628742609144 -0.0071573941894785918 0.043085875611442441 0.0050842169276331187 0.01598042283512113 -0.00063516285151534509 0.0050842169276331187
leaf_weight=857.66770102130249 244.96534698177129 579.1869452460669 109.97169964201748 588.6126865260303 130.31000612163916 439.9291978715919 446.4324266272597
leaf_count=37739 3549 16989 1648 13272 2514 10160 10255
internal_value=0.000675623 -0.0047424 0.0149108 0.000908124 0.0106674 -0.00635454 0.00508422
internal_weight=3397.08 2465.4 931.679 1607.73 821.708 1019.12 576.742
internal_count=96126 78160 17966 40421 16318 27149 12769
is_linear=0
shrinkage=0.04


Tree=121
num_leaves=8
num_cat=0
split_feature=27 15 16 16 15 16 6
split_gain=157.94 118.741 102.345 74.3087 71.9718 44.9666 36.6543
threshold=1.5000000000000002 1.5000000000000002 13.500000000000002 3.5000000000000004 1.5000000000000002 2.5000000000000004 1.0000000180025095e-35
decision_type=2 2 2 2 2 2 2
left_child=1 3 4 6 5 -2 -1
right_child=2 -3 -4 -5 -6 -7 -8
leaf_value=-0.018331593513319155 0.0078898136759710021 0.0078898136759710021 0.0078898136759710021 -0.00049469793201278422 0.049847351873059866 0.033691100781626397 -0.0048471787505859013
leaf_weight=952.33978262799792 191.44619454001077 847.04813261772506 88.978276694659144 505.57261255243793 175.17114431317896 128.38754490762949 498.92060643713921
leaf_count=43158 4719 17108 3241 11603 1856 2085 12090
internal_value=0.000498104 -0.00345977 0.0192394 -0.00887921 0.0297302 0.0175348 -0.0137608
internal_weight=3387.86 2803.88 583.983 1956.83 495.005 319.834 1451.26
internal_count=95860 83959 11901 66851 8660 6804 55248
is_linear=0
shrinkage=0.04


Tree=122
num_leaves=8
num_cat=0
split_feature=16 27 17 29 16 25 17
split_gain=154.655 225.24 137.326 65.9732 63.2022 38.051 36.7103
threshold=16.500000000000004 1.5000000000000002 0.5495145875707147 1.0000000180025095e-35 4.5000000000000009 1.0000000180025095e-35 0.73006816914032513
decision_type=2 2 2 2 2 2 2
left_child=1 2 3 -1 6 -4 -3
right_child=-2 4 5 -5 -6 -7 -8
leaf_value=-0.014378848811094807 -0.039321443377036816 0.01234679876422826 0.0016161801749668421 0.00064946891521321798 0.050220548569779408 0.01234679876422826 0.046205435018720944
leaf_weight=1110.547241745051 139.68006646516733 310.4756227012258 253.38057616376318 800.37949388590641 128.94767632940784 568.22624913463369 51.19696696754545
leaf_count=42052 5361 6521 10780 20559 1374 8500 643
internal_value=0.000429544 0.0022685 -0.00224259 -0.00811372 0.0269362 0.0113461 0.0175067
internal_weight=3362.83 3223.15 2732.53 1910.93 490.62 821.607 361.673
internal_count=95790 90429 81891 62611 8538 19280 7164
is_linear=0
shrinkage=0.04


Tree=123
num_leaves=8
num_cat=0
split_feature=30 16 16 15 4 4 10
split_gain=151.574 129.632 190.737 110.086 18.9463 18.6173 1.84554
threshold=1.0000000180025095e-35 18.500000000000004 4.5000000000000009 2.5000000000000004 5.1373315332752938 9.7441715874789292 52.065313947839094
decision_type=2 2 2 2 2 2 2
left_child=1 2 3 -1 -4 6 -2
right_child=5 -3 4 -5 -6 -7 -8
leaf_value=-0.009766113948504216 0.027413703804832702 -0.039135560347290453 -0.0051582322766769708 0.011018721724453139 0.015091059903638465 0.039736347706026937 0.015091059903638465
leaf_weight=1834.7702123597264 21.357684459537268 129.85285757691599 102.67857948527671 514.4166317647323 551.14755463623442 150.14643264189363 55.627454878762364
leaf_count=68106 166 5316 2705 9333 8552 1007 561
internal_value=0.00083781 -0.00149144 0.000260814 -0.00518731 0.0150911 0.0316736 0.0150911
internal_weight=3360 3132.87 3003.01 2349.19 653.826 227.132 76.9851
internal_count=95746 94012 88696 77439 11257 1734 727
is_linear=0
shrinkage=0.04


Tree=124
num_leaves=8
num_cat=0
split_feature=16 15 16 27 25 18 25
split_gain=149.507 250.295 115.637 61.1138 58.4658 49.3636 30.5714
threshold=18.500000000000004 2.5000000000000004 3.5000000000000004 1.5000000000000002 1.0000000180025095e-35 186.68413521582349 1.0000000180025095e-35
decision_type=2 2 2 2 2 2 2
left_child=1 2 4 5 -1 -3 -4
right_child=-2 3 6 -5 -6 -7 -8
leaf_value=-0.018990081864364836 -0.039516095712137808 0.030468854750205662 -0.0059805250330287494 0.045231486727313419 -0.0036793129395721949 0.0094770598882125238 0.0094770598882125238
leaf_weight=593.60551016358659 129.86806715955026 243.17942605586722 201.70185658265837 145.43875316018239 1196.8178817522712 381.52968436572701 471.77823210274801
leaf_count=37956 5356 2726 7709 1391 27238 7537 6204
internal_value=0.000979243 0.00272219 -0.0035165 0.0224706 -0.0088328 0.0165425 0.00947706
internal_weight=3363.92 3234.05 2463.9 770.148 1790.42 624.709 673.48
internal_count=96117 90761 79107 11654 65194 10263 13913
is_linear=0
shrinkage=0.04


Tree=125
num_leaves=8
num_cat=0
split_feature=19 24 6 4 20 10 11
split_gain=164.317 89.0182 75.8504 82.7642 73.3903 88.1759 36.4645
threshold=1.5000000000000002 1.0000000180025095e-35 1.0000000180025095e-35 16.654257298589567 23.890708873212933 143.63066687014174 246.51694418268139
decision_type=2 2 2 2 2 2 2
left_child=1 2 -1 -4 5 -2 -7
right_child=4 -3 3 -5 -6 6 -8
leaf_value=-0.012908907664726924 0.025610413914257602 0.022630210057731217 -0.0050329164009423159 0.0076303705040126077 0.043562974832034834 0.013114358981476146 -0.0051241593032100288
leaf_weight=1378.4380477534141 351.19534793426283 161.2486777275335 462.11401371052489 288.21192400669679 108.76117576868273 145.34341375646181 458.90841931337491
leaf_count=54313 6116 3423 10916 4575 1671 2561 12359
internal_value=0.00086724 -0.00516787 -0.00736947 0.00284307 0.0137811 0.00997481 0.000618304
internal_weight=3354.22 2290.01 2128.76 750.326 1064.21 955.447 604.252
internal_count=95934 73227 69804 15491 22707 21036 14920
is_linear=0
shrinkage=0.04


Tree=126
num_leaves=8
num_cat=0
split_feature=24 11 9 0 5 1 0
split_gain=146.811 123.842 94.5626 44.0567 40.3111 21.0141 14.9825
threshold=1.0000000180025095e-35 108.22223188193537 1.0000000180025095e-35 0.69595379344036956 1.0000000180025095e-35 0.15189469868931729 -0.21108320063021371
decision_type=2 2 2 2 2 2 2
left_child=1 6 3 -3 -4 -2 -1
right_child=5 2 4 -5 -6 -7 -8
leaf_value=0.0045504704021448262 0.014033314901089014 -0.023216065724413704 -0.0044790808547214367 -0.0071671247474596033 0.0045504704021448262 0.035454786140303715 0.014033314901089014
leaf_weight=87.225073588313535 54.176055697258562 432.56706597749144 878.57274739025161 754.82065300736576 501.31788757862523 206.79229930718429 418.52620468498208
leaf_count=2624 1500 26913 20875 24097 9812 3100 6919
internal_value=0.00116266 -0.00132189 -0.00493237 -0.0131588 0.00219019 0.0293885 0.0140333
internal_weight=3334 3073.03 2567.28 1187.39 1379.89 260.968 505.751
internal_count=95840 91240 81697 51010 30687 4600 9543
is_linear=0
shrinkage=0.04


Tree=127
num_leaves=8
num_cat=0
split_feature=29 10 18 28 5 1 1
split_gain=141.989 128.327 70.9198 53.9472 42.3555 40.8992 18.2578
threshold=1.0000000180025095e-35 47.514249551750545 121.89376185898824 1.0000000180025095e-35 1.0000000180025095e-35 0.29420132623413081 0.19770565309231086
decision_type=2 2 2 2 2 2 2
left_child=2 5 -1 6 -4 -2 -3
right_child=1 3 4 -5 -6 -7 -8
leaf_value=0.0019469872129018401 0.017428850919533299 0.0093924228918541575 -0.01689514137138335 0.0019469872129018401 -0.0047921258791384673 0.04369732027549094 0.017428850919533299
leaf_weight=566.20186063158326 149.7464039218612 100.36054531275295 875.45112383039668 690.88883387972601 473.22294339234941 187.81762189092115 290.0334508724045
leaf_count=11613 3225 2815 36123 19805 16542 2316 3822
internal_value=0.000718262 0.010269 -0.00637507 0.00343896 -0.0115312 0.0314187 0.0168379
internal_weight=3333.72 1418.85 1914.88 1081.28 1348.67 337.564 390.394
internal_count=96261 31983 64278 26442 52665 5541 6637
is_linear=0
shrinkage=0.04


Tree=128
num_leaves=8
num_cat=0
split_feature=17 6 1 21 16 27 9
split_gain=147.507 103.489 63.6717 57.2945 44.548 35.7778 35.1917
threshold=0.70883893615424498 1.0000000180025095e-35 0.40215362190943865 1.5000000000000002 12.500000000000002 1.5000000000000002 1.0000000180025095e-35
decision_type=2 2 2 2 2 2 2
left_child=1 3 -3 6 5 -2 -1
right_child=4 2 -4 -5 -6 -7 -8
leaf_value=-0.018327932299966144 0.019851516718348776 -0.0006268586573880536 0.0088280046986719419 -0.0006268586573880536 0.0088280046986719419 0.048677263097372088 -0.0063639870407564535
leaf_weight=748.3999470944982 363.19489815970883 505.77691110991873 502.17418093653396 250.59114063251764 45.342369929654524 87.145615085959435 816.6629140409641
leaf_count=39156 7759 11805 7351 4042 1821 970 22975
internal_value=0.000655256 -0.00289821 0.00733379 -0.00858751 0.0205542 0.0263658 -0.0121011
internal_weight=3319.29 2823.61 1007.95 1815.65 495.683 450.341 1565.06
internal_count=95879 85329 19156 66173 10550 8729 62131
is_linear=0
shrinkage=0.04


Tree=129
num_leaves=8
num_cat=0
split_feature=18 1 29 6 9 20 28
split_gain=141.355 116.193 86.9178 39.6561 34.0172 24.416 20.017
threshold=32.773539184691224 0.21395633366400083 1.0000000180025095e-35 1.0000000180025095e-35 1.0000000180025095e-35 23.332750272817098 1.5000000000000002
decision_type=2 2 2 2 2 2 2
left_child=5 4 3 -3 -2 -1 -4
right_child=1 2 6 -5 -6 -7 -8
leaf_value=0.018349204719283349 -0.020826688244643982 -0.004838738955914375 0.010714310910364209 0.0033435756273712714 -0.0058400492450631936 0.047142100659096964 0.0033435756273712714
leaf_weight=327.55474488530308 475.47293385036755 657.34268031385727 561.55745280371048 440.19053738284856 505.67087123729289 53.749172920826823 294.83560036937706
leaf_count=4821 28035 23450 7844 7613 15729 480 7913
internal_value=0.000923684 -0.00208029 0.00356211 -0.00402716 -0.0132396 0.0235089 0.0107143
internal_weight=3316.37 2935.07 1953.93 1097.53 981.144 381.304 856.393
internal_count=95885 90584 46820 31063 43764 5301 15757
is_linear=0
shrinkage=0.04


Tree=130
num_leaves=8
num_cat=0
split_feature=19 0 11 7 12 18 10
split_gain=141.226 100.355 86.1403 55.9937 49.2563 40.0439 26.5609
threshold=2.5000000000000004 -0.14954112220366539 228.43530563033357 15.500000000000002 1.5000000000000002 437.13649620093292 49.611406238820258
decision_type=2 2 2 2 2 2 2
left_child=1 -1 5 -4 6 -3 -2
right_child=4 2 3 -5 -6 -7 -8
leaf_value=-0.020172720460294963 0.048594355524619666 0.023152865433090489 0.0045408346213810201 -0.0087556314444876288 0.0072538576339314089 0.0045408346213810201 0.02011595301762048
leaf_weight=464.50313063315116 76.863658274058253 309.34960353374481 366.22550013032742 1257.4598006450105 392.7005694184918 244.51656896807253 212.46070367202628
leaf_count=24657 819 5252 10104 38351 7673 5794 3321
internal_value=0.000697226 -0.00350393 0.000127723 -0.00452548 0.0167873 0.0136072 0.0290524
internal_weight=3324.08 2642.05 2177.55 1623.69 682.025 553.866 289.324
internal_count=95971 84158 59501 48455 11813 11046 4140
is_linear=0
shrinkage=0.04


Tree=131
num_leaves=8
num_cat=0
split_feature=16 16 27 25 17 25 17
split_gain=137.098 192.315 114.826 78.177 64.7544 30.8965 27.5552
threshold=18.500000000000004 4.5000000000000009 1.5000000000000002 1.0000000180025095e-35 0.45255866600670042 1.0000000180025095e-35 0.45255866600670042
decision_type=2 2 2 2 2 2 2
left_child=1 2 3 -1 5 -3 -4
right_child=-2 4 6 -5 -6 -7 -8
leaf_value=-0.01764720379543807 -0.039014991783759452 -0.0082723184713624793 0.0066083690566464586 -0.001268660370192122 0.033137777061453239 0.016017158053660118 0.028528393090489136
leaf_weight=686.02095746644773 124.18080321187153 112.48139310767874 202.2868491972331 1417.9025021586567 330.96473255939782 268.57110848836601 171.04105307813734
leaf_count=41633 5365 3943 4574 30136 4396 3335 2730
internal_value=0.000597511 0.00225703 -0.0030261 -0.00666739 0.0204254 0.00881905 0.0171333
internal_weight=3313.45 3189.27 2477.25 2103.92 712.017 381.053 373.328
internal_count=96112 90747 79073 71769 11674 7278 7304
is_linear=0
shrinkage=0.04


Tree=132
num_leaves=8
num_cat=0
split_feature=25 2 4 10 7 7 0
split_gain=137.164 128.893 54.0514 48.2117 45.5466 34.8573 21.3735
threshold=1.0000000180025095e-35 0.51696055237675165 6.7218379554110523 86.226119982859061 12.500000000000002 10.500000000000002 1.1051702030563366
decision_type=2 2 2 2 2 2 2
left_child=3 5 -3 -1 -4 -2 -5
right_child=1 2 4 6 -6 -7 -8
leaf_value=-0.0026977824204986053 0.0077021439342407792 0.0077021439342407792 0.043228786891408522 -0.023609052491875712 0.017698484416777627 -0.0026977824204986053 -0.010042983731723115
leaf_weight=226.64874815847725 205.54781852685846 240.46958357677795 141.65938624227419 374.41424265969545 565.96980427065864 1130.0142801753245 410.55291613400914
leaf_count=9812 3511 6225 1810 26619 8415 22623 17125
internal_value=0.000684846 0.00611283 0.0173091 -0.0115084 0.0233405 -0.00190486 -0.0167293
internal_weight=3295.28 2283.66 948.099 1011.62 707.629 1335.56 784.967
internal_count=96140 42584 16450 53556 10225 26134 43744
is_linear=0
shrinkage=0.04


Tree=133
num_leaves=8
num_cat=0
split_feature=1 19 15 16 15 27 16
split_gain=139.255 117.159 76.6482 75.382 73.565 30.2993 26.234
threshold=0.15477321173071398 1.5000000000000002 2.5000000000000004 16.500000000000004 1.5000000000000002 1.5000000000000002 15.500000000000002
decision_type=2 2 2 2 2 2 2
left_child=-1 2 5 4 -3 -2 -4
right_child=1 3 6 -5 -6 -7 -8
leaf_value=-0.013904444182588937 -0.0042017558678449944 0.012252601641894841 0.018803408246132042 -0.0042017558678449944 0.038235416749176569 0.004903884140883572 0.004903884140883572
leaf_weight=759.22067286178935 1107.416444483446 504.66456380393356 399.2753745066002 50.8539742405992 269.7082831740845 186.87393109290861 35.237693903734908
leaf_count=33790 36582 10107 5894 1965 2783 3702 1299
internal_value=0.00102579 0.00550093 -0.000439701 0.0178025 0.0216743 -0.00420176 0.0140095
internal_weight=3313.25 2554.03 1728.8 825.227 774.373 1294.29 434.513
internal_count=96122 62332 47477 14855 12890 40284 7193
is_linear=0
shrinkage=0.04


Tree=134
num_leaves=8
num_cat=0
split_feature=14 16 17 20 11 16 7
split_gain=140.942 75.5095 91.3905 63.4833 54.5247 38.6134 23.6598
threshold=1.0000000180025095e-35 16.500000000000004 0.45553412119912379 28.972392831733373 258.38016290004515 3.5000000000000004 13.500000000000002
decision_type=2 2 2 2 2 2 2
left_child=1 2 5 4 -2 -1 -6
right_child=3 -3 -4 -5 6 -7 -8
leaf_value=-0.013979712880235629 0.025595947747504812 -0.038123909519340679 0.0047385727375169988 0.047619580673579708 0.015167260242510906 -0.002481512376167888 0.0047385727375169988
leaf_weight=991.51858651847579 256.17890701023862 92.151916942326352 944.64260181249119 72.447935699252412 120.98187904292718 352.15333752334118 463.0198957300745
leaf_count=39702 3708 4469 25568 1000 2317 8285 10884
internal_value=0.000663384 -0.00446416 -0.00294868 0.0139413 0.0105113 -0.0097016 0.00473857
internal_weight=3293.1 2380.47 2288.31 912.629 840.181 1343.67 584.002
internal_count=95933 78024 73555 17909 16909 47987 13201
is_linear=0
shrinkage=0.04


Tree=135
num_leaves=8
num_cat=0
split_feature=24 0 19 7 23 20 22
split_gain=126.025 106.208 94.7572 67.2628 41.5671 19.9604 18.1283
threshold=1.0000000180025095e-35 -0.10539174792612542 1.5000000000000002 14.500000000000002 246.50000000000003 34.529416456813102 0.013590051405177458
decision_type=2 2 2 2 2 2 2
left_child=1 6 3 -3 -4 -2 -1
right_child=5 2 4 -5 -6 -7 -8
leaf_value=-0.020895486468243876 0.021556044253092065 0.011218297640915705 0.012671360746925302 -0.0075745375229271982 -0.0075745375229271982 0.05748824516988478 -0.0075745375229271982
leaf_weight=450.44767445418984 238.38902234216221 383.96035122987814 704.72369923419319 1307.3770146064926 81.502659232355654 24.286184666212648 103.78651163890027
leaf_count=25531 4452 9971 12439 38516 2706 222 2388
internal_value=0.0008158 -0.00152198 0.00203713 -0.00330999 0.0126714 0.0268647 -0.0171862
internal_weight=3294.47 3031.8 2477.56 1691.34 786.226 262.675 554.234
internal_count=96225 91551 63632 48487 15145 4674 27919
is_linear=0
shrinkage=0.04


Tree=136
num_leaves=8
num_cat=0
split_feature=21 1 6 12 30 2 9
split_gain=136.909 103.214 77.0617 34.999 34.5154 23.1958 19.0969
threshold=1.5000000000000002 0.25919102415508277 1.0000000180025095e-35 1.0000000180025095e-35 1.0000000180025095e-35 0.57088041725432215 1.0000000180025095e-35
decision_type=2 2 2 2 2 2 2
left_child=1 4 5 -2 6 -3 -1
right_child=3 2 -4 -5 -6 -7 -8
leaf_value=-0.021243901269993152 0.043495640685483318 -0.0048261425543651617 0.0084602120957798597 0.014440432817817841 -0.0048261425543651617 0.0019339678970866161 -0.0102788764285584
leaf_weight=510.2972303625429 76.759722836781293 698.88994032656774 689.95220798812807 381.82520991354249 86.517826961819082 325.32162856380455 520.47903986484744
leaf_count=31719 777 20703 10322 5480 762 8759 17659
internal_value=9.60258e-05 -0.00320783 0.00295887 0.0201283 -0.0126112 -0.00459228 -0.0157316
internal_weight=3290.04 2831.46 1714.16 458.585 1117.29 1024.21 1030.78
internal_count=96181 89924 39784 6257 50140 29462 49378
is_linear=0
shrinkage=0.04


Tree=137
num_leaves=8
num_cat=0
split_feature=12 20 9 0 15 0 22
split_gain=139.363 95.5588 74.7177 38.8589 36.138 27.3345 21.2562
threshold=1.0000000180025095e-35 23.890708873212933 1.0000000180025095e-35 1.1275683922919744 1.5000000000000002 -0.21108320063021371 0.0039408905247790777
decision_type=2 2 2 2 2 2 2
left_child=4 2 3 -2 6 -4 -1
right_child=1 -3 5 -5 -6 -7 -8
leaf_value=0.0091168906989414385 -0.020916114304256956 0.0091168906989414385 -0.0061735087908016155 -0.0062503810203949741 0.036517196836162294 0.0017455627836147959 0.02431867099652615
leaf_weight=210.1718536762055 532.3037969423458 255.12331122811884 214.63569069933146 645.89408825756982 150.54234252730384 1179.9523847245146 78.863891124725342
leaf_count=7067 30327 5868 7803 19335 2109 22181 1114
internal_value=0.000411199 -0.00286803 -0.00562577 -0.0129966 0.0211018 0.000649535 0.0121201
internal_weight=3267.49 2827.91 2572.79 1178.2 439.578 1394.59 289.036
internal_count=95804 85514 79646 49662 10290 29984 8181
is_linear=0
shrinkage=0.04


Tree=138
num_leaves=8
num_cat=0
split_feature=17 29 20 22 25 28 12
split_gain=128.505 83.2243 56.6825 53.5855 34.1588 32.3434 24.7923
threshold=0.60796689186975583 1.0000000180025095e-35 27.389071772938038 0.016997303543913714 1.0000000180025095e-35 1.0000000180025095e-35 1.5000000000000002
decision_type=2 2 2 2 2 2 2
left_child=1 4 3 6 -1 -3 -2
right_child=2 5 -4 -5 -6 -7 -8
leaf_value=-0.020097507072240669 0.015308672360214706 0.0043082136594226337 0.043016124709985164 0.026309131061006776 -0.0066039653184209362 -0.0035951776322886986 0.0043082136594226337
leaf_weight=446.11448443471454 247.21646427735686 370.69658819236793 82.66361943911761 144.44032438099384 928.01933952071704 654.69229155965149 376.05228459916543
leaf_count=29577 5541 6217 1201 1536 22029 19036 11070
internal_value=4.24676e-05 -0.00469606 0.0133125 0.00960214 -0.0110982 0.00390786 0.00430821
internal_weight=3249.9 2399.52 850.373 767.709 1374.13 1025.39 623.269
internal_count=96207 76859 19348 18147 51606 25253 16611
is_linear=0
shrinkage=0.04


Tree=139
num_leaves=8
num_cat=0
split_feature=20 10 25 29 6 18 17
split_gain=130.95 133.938 86.5911 61.1844 47.7471 28.4277 11.3161
threshold=40.311837829201671 52.065313947839094 1.0000000180025095e-35 1.0000000180025095e-35 1.0000000180025095e-35 183.13225697123184 0.49589590629508518
decision_type=2 2 2 2 2 2 2
left_child=1 3 5 -1 -4 -3 -2
right_child=6 2 4 -5 -6 -7 -8
leaf_value=0.0046818756502141415 0.021088551089664627 -0.0079443974146264171 -0.0055836744964270638 0.019557843375425776 0.0046818756502141415 -0.021494120803181516 0.051433743059799253
leaf_weight=367.94249173509888 57.904232930624858 266.79754840838723 1051.1086863130331 339.14918439066969 600.94543751096353 520.91573073237669 65.153668570332229
leaf_count=10541 1442 10526 25407 5662 7307 34441 849
internal_value=0.000943946 -0.000697329 -0.00514582 0.0145096 7.94122e-05 -0.0159682 0.039813
internal_weight=3269.92 3146.86 2439.77 707.092 1652.05 787.713 123.058
internal_count=96175 93884 77681 16203 32714 44967 2291
is_linear=0
shrinkage=0.04


Tree=140
num_leaves=8
num_cat=0
split_feature=4 7 10 15 9 18 14
split_gain=126.188 103.382 70.897 38.5372 30.1388 20.006 19.1535
threshold=6.7218379554110523 15.500000000000002 101.7587368750094 1.5000000000000002 1.0000000180025095e-35 32.773539184691224 1.0000000180025095e-35
decision_type=2 2 2 2 2 2 2
left_child=4 3 -3 6 -1 -4 -2
right_child=1 2 5 -5 -6 -7 -8
leaf_value=-0.019304765937040499 0.010320507686423838 0.010320507686423838 0.003603964550933471 0.03353147811636055 -0.0045317963274362286 -0.0031125785845568942 0.022759228180796488
leaf_weight=436.44846233678982 280.29091430874541 500.1633603728842 146.42749643186107 207.7821106123738 453.41949916863814 1110.8438780433498 111.39823102741502
leaf_count=24635 8147 10193 1898 3089 13669 32545 1902
internal_value=0.000841368 0.00568626 0.000758872 0.0198821 -0.0119114 -0.00311258 0.011987
internal_weight=3246.77 2356.91 1757.43 599.471 889.868 1257.27 391.689
internal_count=96078 57774 44636 13138 38304 34443 10049
is_linear=0
shrinkage=0.04


Tree=141
num_leaves=8
num_cat=0
split_feature=18 25 22 5 12 10 29
split_gain=132.326 77.7265 62.2103 55.645 34.6885 22.524 20.0428
threshold=124.95970269120998 1.0000000180025095e-35 0.0096308434330942393 1.0000000180025095e-35 1.5000000000000002 110.93090813210785 1.0000000180025095e-35
decision_type=2 2 2 2 2 2 2
left_child=2 5 4 6 -1 -2 -3
right_child=1 3 -4 -5 -6 -7 -8
leaf_value=0.018138684323537792 -0.0078260385371246334 -0.0078260385371246334 0.031523374031457781 0.0039135630061696621 0.0039135630061696621 -0.020285275962090871 -0.0013283476446450527
leaf_weight=308.09220466855913 181.45653890864924 569.22844913741574 209.2825161931105 556.69245414296165 468.91521203331649 517.40752793429419 433.25367448735051
leaf_count=5408 9441 15305 2005 10524 10701 34790 7621
internal_value=0.000508358 -0.00483092 0.012658 0.000160957 0.0072408 -0.015813 -0.00657026
internal_weight=3244.33 2258.04 986.29 1559.17 777.007 698.864 1002.48
internal_count=95795 77681 18114 33450 16109 44231 22926
is_linear=0
shrinkage=0.04


Tree=142
num_leaves=8
num_cat=0
split_feature=16 15 16 18 17 16 29
split_gain=130.317 191.577 91.7713 55.9327 50.6642 27.845 16.6607
threshold=18.500000000000004 2.5000000000000004 4.5000000000000009 82.650893908442526 0.411723429151861 4.5000000000000009 1.0000000180025095e-35
decision_type=2 2 2 2 2 2 2
left_child=1 2 3 -1 6 -6 -3
right_child=-2 4 -4 -5 5 -7 -8
leaf_value=0.0057931286553283565 -0.038868431533268383 0.0084400862834794425 0.0084400862834794425 -0.01097409892491802 0.022283136329635883 0.048248825737058104 0.019580025741951654
leaf_weight=400.12510098796338 116.72077988833189 204.95756279747002 510.12740525067784 1450.8543777263258 281.50913163041696 98.688817442394793 164.97294353833422
leaf_count=7929 5434 4277 9737 61319 4113 913 2255
internal_value=0.000899535 0.00251121 -0.00309936 -0.00733788 0.0199795 0.0300869 0.00907315
internal_weight=3227.96 3111.24 2361.11 1850.98 750.128 380.198 369.931
internal_count=95977 90543 78985 69248 11558 5026 6532
is_linear=0
shrinkage=0.04


Tree=143
num_leaves=8
num_cat=0
split_feature=30 21 1 6 13 1 10
split_gain=119.672 111.556 94.0323 54.0846 31.7397 14.2014 6.69348
threshold=1.0000000180025095e-35 1.5000000000000002 0.31375170899927585 1.0000000180025095e-35 1.5000000000000002 0.095272922473644786 199.81094302790271
decision_type=2 2 2 2 2 2 2
left_child=1 2 4 -4 -1 -2 -7
right_child=5 -3 3 -5 -6 6 -8
leaf_value=-0.017406819002377449 0.013462068758088357 0.013462068758088357 -0.0051977696581206991 0.0043944073956485395 -0.0051977696581206991 0.040320061968736803 0.022981813380792575
leaf_weight=804.35844475321937 21.535073138773441 424.55908495699987 806.9668272449635 575.20438823243603 393.04156784061342 106.46507924050093 93.408679340034723
leaf_count=45580 234 6007 24644 8810 9162 757 785
internal_value=0.000667754 -0.00146257 -0.00467325 0.00243463 -0.0128302 0.0283867 0.0325016
internal_weight=3225.54 3004.13 2579.57 1382.17 1197.4 221.409 199.874
internal_count=95979 94203 88196 33454 54742 1776 1542
is_linear=0
shrinkage=0.04


Tree=144
num_leaves=8
num_cat=0
split_feature=16 27 15 25 16 11 28
split_gain=120.334 169.956 114.481 61.265 39.271 20.0454 13.9952
threshold=18.500000000000004 1.5000000000000002 2.5000000000000004 1.0000000180025095e-35 2.5000000000000004 85.870251931559665 2.5000000000000004
decision_type=2 2 2 2 2 2 2
left_child=1 2 3 -1 5 -3 -4
right_child=-2 4 6 -5 -6 -7 -8
leaf_value=-0.017326297081848931 -0.038899622408734208 0.03725359002226513 0.010414939580082844 -0.002252897039017676 0.035784949740748834 0.010414939580082844 0.0016982281687987211
leaf_weight=621.90887118759565 111.01386174245272 37.699837449239567 478.86865074606612 1371.5265444738325 213.21358431060798 237.58966851118021 132.6285756949801
leaf_count=41637 5381 527 6745 30120 2836 5301 3505
internal_value=0.000232927 0.00175809 -0.00232828 -0.00701848 0.0231582 0.0124671 0.0104149
internal_weight=3204.45 3093.44 2604.93 1993.44 488.503 275.29 611.497
internal_count=96052 90671 82007 71757 8664 5828 10250
is_linear=0
shrinkage=0.04


Tree=145
num_leaves=8
num_cat=0
split_feature=16 16 27 19 17 4 19
split_gain=116.623 184.43 96.8551 73.6348 49.1337 27.2231 23.0223
threshold=17.500000000000004 4.5000000000000009 1.5000000000000002 1.5000000000000002 0.43796859801519911 9.4645402589624243 1.5000000000000002
decision_type=2 2 2 2 2 2 2
left_child=1 2 3 -1 6 -4 -3
right_child=-2 4 5 -5 -6 -7 -8
leaf_value=-0.011548483247868519 -0.038352493084613734 0.0017657341267990436 0.0044237651236618122 0.0044237651236618122 0.030648061281213685 0.023952382862942167 0.019991409301289023
leaf_weight=1426.8701598276384 108.18853555154055 241.27084213984199 141.62086021597497 602.06373854714911 342.04872760619037 225.16466386709362 124.14370583859272
leaf_count=56833 5386 5353 3953 15037 4649 3294 1652
internal_value=0.000650662 0.00212928 -0.00318623 -0.00661721 0.019923 0.0154647 0.00933476
internal_weight=3211.37 3103.18 2395.72 2028.93 707.463 366.786 365.415
internal_count=96157 90771 79117 71870 11654 7247 7005
is_linear=0
shrinkage=0.04


Tree=146
num_leaves=8
num_cat=0
split_feature=11 0 7 19 6 4 2
split_gain=115.308 90.8766 67.284 40.1904 35.8394 29.0856 18.2983
threshold=108.22223188193537 0.071244563499077443 14.500000000000002 1.5000000000000002 1.0000000180025095e-35 17.815243802742064 0.53772011478716319
decision_type=2 2 2 2 2 2 2
left_child=4 -2 -3 -4 6 -6 -1
right_child=1 2 3 -5 5 -7 -8
leaf_value=0.0078773308188113973 -0.016419403111786923 0.0078773308188113973 -0.0074106029816670121 0.002469704903620632 0.020435861452123793 0.049965579192857927 0.020435861452123793
leaf_weight=203.64237605128437 557.57989277888555 484.67604035965633 1111.757627457846 521.01957412471529 120.26676354696974 75.71077941544354 136.48547108983621
leaf_count=4936 30079 11245 34003 10628 1647 724 2766
internal_value=0.00120714 -0.00220453 0.0015982 -0.00293792 0.0179592 0.0312363 0.00963545
internal_weight=3211.14 2675.03 2117.45 1632.78 536.105 195.978 340.128
internal_count=96028 85955 55876 44631 10073 2371 7702
is_linear=0
shrinkage=0.04


Tree=147
num_leaves=8
num_cat=0
split_feature=20 12 13 6 29 25 21
split_gain=110.228 112.435 75.4794 59.1208 16.9577 10.0832 6.81293
threshold=40.311837829201671 1.0000000180025095e-35 2.5000000000000004 1.0000000180025095e-35 1.0000000180025095e-35 1.0000000180025095e-35 1.0000000180025095e-35
decision_type=2 2 2 2 2 2 2
left_child=1 4 3 -3 6 -2 -1
right_child=5 2 -4 -5 -6 -7 -8
leaf_value=0.0071246918864763869 0.0181286968892025 -0.01173973717227742 0.0071246918864763869 0.00015208493678643632 0.0181286968892025 0.0435382091178406 0.012626694387839444
leaf_weight=164.64890710252803 27.033148692687973 1442.0706468159333 385.8516996242106 825.96333908871748 195.70003249077126 91.207216580398381 62.558806028449908
leaf_count=5734 1182 60139 6269 17228 3454 1098 931
internal_value=0.000716789 -0.000795094 -0.0038651 -0.00682052 0.0181145 0.0370525 0.00712469
internal_weight=3195.03 3076.79 2653.89 2268.03 422.908 118.24 227.208
internal_count=96035 93755 83636 77367 10119 2280 6665
is_linear=0
shrinkage=0.04


Tree=148
num_leaves=8
num_cat=0
split_feature=16 15 16 16 1 18 17
split_gain=108.767 159.391 80.4453 50.9477 36.4925 35.4072 29.1341
threshold=18.500000000000004 2.5000000000000004 2.5000000000000004 4.5000000000000009 0.19195824018870192 30.734990725477157 0.58556721969605363
decision_type=2 2 2 2 2 2 2
left_child=1 2 5 6 -4 -1 -3
right_child=-2 3 4 -5 -6 -7 -8
leaf_value=0.0074807596501210803 -0.038060191684569512 0.0074807596501210803 -0.0074830508959568501 0.035267621321640012 0.0074807596501210803 -0.011084931237896204 0.025161074426637158
leaf_weight=144.98212129832245 101.16610334860161 395.89120505284518 259.38453245349228 193.78722140612081 646.79325226368383 1271.6451989130583 171.56115019577555
leaf_count=2651 5320 7622 9933 1937 13059 53343 2159
internal_value=0.000816967 0.00221115 -0.00300822 0.0179697 0.00625713 -0.00893733 0.011554
internal_weight=3185.21 3084.04 2322.81 761.24 906.178 1416.63 567.452
internal_count=96024 90704 78986 11718 22992 55994 9781
is_linear=0
shrinkage=0.04


Tree=149
num_leaves=8
num_cat=0
split_feature=13 0 5 29 18 6 4
split_gain=111.903 87.7824 71.8454 41.138 32.824 18.033 13.5006
threshold=2.5000000000000004 -0.13449114726470648 1.0000000180025095e-35 1.0000000180025095e-35 274.82277493040516 1.0000000180025095e-35 9.2848857395986979
decision_type=2 2 2 2 2 2 2
left_child=1 6 3 -3 -2 -4 -1
right_child=4 2 5 -5 -6 -7 -8
leaf_value=-0.024527832884475798 0.028848897438569585 -0.0082403491222597155 0.0019833177436596947 0.0019833177436596947 0.0082625884116402197 0.0082625884116402197 -0.010211524587572914
leaf_weight=230.63573783810716 240.59447407303378 811.46284061274491 463.40186113398522 612.38939707167447 247.91221549245529 350.74964230507612 231.02705859707203
leaf_count=15702 2824 28259 14714 14035 4565 5298 10559
internal_value=0.00115956 -0.00204844 0.00125131 -0.00429595 0.0185736 0.00826259 -0.017732
internal_weight=3188.17 2699.67 2238 1423.85 488.507 814.152 461.663
internal_count=95956 88567 62306 42294 7389 20012 26261
is_linear=0
shrinkage=0.04


Tree=150
num_leaves=8
num_cat=0
split_feature=13 25 22 5 20 9 17
split_gain=107.367 69.399 58.5886 44.7647 34.7986 23.2705 18.386
threshold=1.5000000000000002 1.0000000180025095e-35 0.016161682120935095 1.0000000180025095e-35 12.257590537080622 1.0000000180025095e-35 0.46149235596048693
decision_type=2 2 2 2 2 2 2
left_child=1 5 4 6 -2 -1 -3
right_child=2 3 -4 -5 -6 -7 -8
leaf_value=-0.021986279886070596 0.0035424402623545647 -0.0070814091219574314 0.028693991957050628 0.0035424402623545647 0.0174271606988399 -0.0070814091219574314 -0.0011768335590904028
leaf_weight=342.48442302912008 685.25303893419914 542.20260900375433 231.12895972793922 528.84121708828025 140.02905129361898 322.73964310088195 389.35481210029684
leaf_count=28949 12984 14491 1956 10919 2086 15651 9080
internal_value=0.000950611 -0.00422836 0.0113132 0.000670158 0.00616033 -0.014833 -0.00589611
internal_weight=3182.03 2125.62 1056.41 1460.4 825.282 665.224 931.557
internal_count=96116 79090 17026 34490 15070 44600 23571
is_linear=0
shrinkage=0.04


Tree=151
num_leaves=8
num_cat=0
split_feature=19 30 0 17 22 25 9
split_gain=110.389 89.5354 76.527 65.3038 24.7622 24.8415 18.677
threshold=3.5000000000000004 1.0000000180025095e-35 -0.16546489849007193 0.64043370247817588 0.016438479553233656 1.0000000180025095e-35 1.0000000180025095e-35
decision_type=2 2 2 2 2 2 2
left_child=1 2 -1 -4 5 -2 -3
right_child=4 6 3 -5 -6 -7 -8
leaf_value=-0.019324694473090515 -0.0029842813858087665 0.010010987267525938 -0.0047760952697471779 0.010010987267525938 0.037822383195479377 0.020287888663926654 0.032495334529541155
leaf_weight=432.23880917683709 98.78376319736708 53.704507173970342 1660.003251437447 461.23122793226503 84.849800388328731 251.45370983378962 127.23874204419553
leaf_count=25698 3204 666 51757 10183 769 3007 840
internal_value=0.000772004 -0.00222727 -0.00418777 -0.00102716 0.0192482 0.0138234 0.0242097
internal_weight=3169.5 2734.42 2553.47 2121.23 435.087 350.237 180.943
internal_count=96124 89144 87638 61940 6980 6211 1506
is_linear=0
shrinkage=0.04


Tree=152
num_leaves=8
num_cat=0
split_feature=16 27 16 25 16 1 4
split_gain=106.901 146.983 92.0137 54.9034 37.8992 23.3756 18.0122
threshold=18.500000000000004 1.5000000000000002 4.5000000000000009 1.0000000180025095e-35 2.5000000000000004 0.14582533974110526 5.5781324567993993
decision_type=2 2 2 2 2 2 2
left_child=1 2 3 -1 -3 -4 -6
right_child=-2 4 5 -5 6 -7 -8
leaf_value=-0.015584081335486536 -0.037992330359159922 0.011411488089488876 -0.0082099728289373123 -0.0012805925432492445 0.010159587518478468 0.010159587518478468 0.038916212450065601
leaf_weight=614.94998277234845 99.511386572965421 274.5419483652804 113.80334540782496 1378.5793713971507 34.555358648765832 455.08422323781997 185.18918141024187
leaf_count=41691 5362 5772 3230 30138 703 7013 2178
internal_value=0.00084429 0.00222839 -0.00165023 -0.00574859 0.0219694 0.0101596 0.0340893
internal_weight=3156.21 3056.7 2562.42 1993.53 494.286 568.888 219.745
internal_count=96087 90725 82072 71829 8653 10243 2881
is_linear=0
shrinkage=0.04


Tree=153
num_leaves=8
num_cat=0
split_feature=19 27 23 4 18 20 10
split_gain=104.635 63.5068 62.7692 47.5469 47.0152 33.9854 30.3708
threshold=1.5000000000000002 1.5000000000000002 373.50000000000006 7.1338299792989774 148.26503261859889 24.369037534918665 52.065313947839094
decision_type=2 2 2 2 2 2 2
left_child=1 4 3 -2 -1 -5 -3
right_child=2 6 -4 5 -6 -7 -8
leaf_value=0.0015134945695557318 -0.00079976751043265388 0.030746924275954508 -0.02384770942131734 0.015590025315596402 -0.011959497725575086 0.043837455725891629 0.0038569866042464178
leaf_weight=539.78208499366883 262.21212028921582 80.919748335378245 68.033892960869707 611.98202547850087 1234.4090269465232 72.303276624646969 271.87907162541524
leaf_count=12562 8008 1308 3254 10565 52889 864 6564
internal_value=0.000448958 -0.0045911 0.0109572 0.0136822 -0.0076751 0.0191631 0.0107021
internal_weight=3141.52 2126.99 1014.53 946.497 1774.19 684.285 352.799
internal_count=96014 73323 22691 19437 65451 11429 7872
is_linear=0
shrinkage=0.04


Tree=154
num_leaves=8
num_cat=0
split_feature=16 15 16 18 18 17 4
split_gain=100.789 162.987 77.3182 52.715 46.2606 26.9156 22.1606
threshold=16.500000000000004 2.5000000000000004 3.5000000000000004 190.51627805093742 30.734990725477157 0.55660128924881325 5.5781324567993993
decision_type=2 2 2 2 2 2 2
left_child=1 2 4 -3 -1 -5 -4
right_child=-2 3 6 5 -6 -7 -8
leaf_value=0.0072498830045676366 -0.037616690601961364 0.03054712534406279 -0.0096319081943318161 0.0072498830045676366 -0.010384959657894417 0.01970919887873461 0.0072498830045676366
leaf_weight=169.94235575012863 96.88063220330514 304.19242375646718 118.66300613316707 303.9917208889965 1469.9946300178999 143.50000852602534 524.2481718211202
leaf_count=3097 5457 3261 3958 6360 61994 1995 9842
internal_value=0.000564421 0.00190294 -0.0034292 0.017929 -0.00803989 0.00887127 0.00724988
internal_weight=3131.41 3034.53 2282.85 751.684 1639.94 447.492 642.911
internal_count=95964 90507 78891 11616 65091 8355 13800
is_linear=0
shrinkage=0.04


Tree=155
num_leaves=8
num_cat=0
split_feature=24 29 28 5 18 10 17
split_gain=98.6666 92.9879 55.8867 51.5777 20.1242 20.0346 19.4639
threshold=1.0000000180025095e-35 1.0000000180025095e-35 1.0000000180025095e-35 1.0000000180025095e-35 88.190383446888731 52.065313947839094 0.41441485769598524
decision_type=2 2 2 2 2 2 2
left_child=1 3 -3 4 -1 -4 -2
right_child=6 2 5 -5 -6 -7 -8
leaf_value=-0.0069579057872526254 0.01122101579056816 0.01122101579056816 0.005288908674788817 -0.00064319844099052675 -0.016664614589653196 -0.00064319844099052675 0.034031888157271255
leaf_weight=261.64187145186588 116.65729303425178 473.232983700349 190.24953165557235 590.62321697291918 783.37968214123975 587.54613864223938 134.9704477803316
leaf_count=5754 2532 7962 3772 19325 36163 18500 2130
internal_value=0.000522552 -0.00160388 0.00657532 -0.00786172 -0.0132726 -0.000643198 0.0240459
internal_weight=3138.3 2886.67 1251.03 1635.64 1045.02 777.796 251.628
internal_count=96138 91476 30234 61242 41917 22272 4662
is_linear=0
shrinkage=0.04


Tree=156
num_leaves=8
num_cat=0
split_feature=12 16 17 28 10 2 17
split_gain=99.5744 85.0518 107.978 40.5261 34.7437 24.0716 18.1416
threshold=1.0000000180025095e-35 16.500000000000004 0.47090742377690226 1.5000000000000002 38.256884818667771 0.44604154536466689 0.51576490989183876
decision_type=2 2 2 2 2 2 2
left_child=4 2 3 -2 -1 -4 -6
right_child=1 -3 5 -5 6 -7 -8
leaf_value=0.037550063067630091 -0.0023668444549683819 -0.037377416948424252 0.00023998829993672144 -0.015649151367083228 0.0079974136145217999 0.0079974136145217999 0.023825966003355365
leaf_weight=103.29968378855847 955.01256947859656 95.70387840596959 464.4445123123005 591.99018042755779 209.49084771273192 596.39206335553899 122.98569018044509
leaf_count=1627 24190 5389 12515 29590 6245 14032 2529
internal_value=0.000678314 -0.00220212 -0.000773385 -0.00751744 0.0181969 0.00799741 0.0112631
internal_weight=3139.32 2703.54 2607.84 1547 435.776 1060.84 332.477
internal_count=96117 85716 80327 53780 10401 26547 8774
is_linear=0
shrinkage=0.04


Tree=157
num_leaves=8
num_cat=0
split_feature=14 0 11 10 7 22 15
split_gain=110.246 62.0681 49.9047 40.4946 27.2643 21.5978 14.9404
threshold=1.0000000180025095e-35 -0.10539174792612542 258.38016290004515 308.1148328915794 14.500000000000002 0.0029027637344118643 1.5000000000000002
decision_type=2 2 2 2 2 2 2
left_child=1 -1 -3 5 -4 6 -2
right_child=3 2 4 -5 -6 -7 -8
leaf_value=-0.017979530109764916 0.012502910013963151 0.004653710213616654 -0.00025902196162222999 0.004653710213616654 -0.0086883361993454859 0.034135504179335391 0.024439149044194669
leaf_weight=390.99295883066952 235.12723958352581 500.58901604707353 289.92004081024788 363.38563188060652 1068.9103227728046 130.50613045017235 136.41171115310863
leaf_count=23873 6103 10909 8299 8534 35011 1409 1904
internal_value=0.000964592 -0.00370607 -0.000624568 0.0130135 -0.00517175 0.0203521 0.0147428
internal_weight=3115.84 2250.41 1859.42 865.431 1358.83 502.045 371.539
internal_count=96042 78092 54219 17950 43310 9416 8007
is_linear=0
shrinkage=0.04


Tree=158
num_leaves=8
num_cat=0
split_feature=4 5 6 1 18 9 18
split_gain=95.8578 85.0881 57.6861 99.1058 46.6942 21.7426 13.5954
threshold=6.7218379554110523 1.0000000180025095e-35 1.0000000180025095e-35 0.71648145229447879 134.50061327273639 1.0000000180025095e-35 105.41272079657867
decision_type=2 2 2 2 2 2 2
left_child=5 4 6 -4 -2 -1 -3
right_child=1 2 3 -5 -6 -7 -8
leaf_value=-0.017220707949597725 0.0070617372044999103 0.016866949840832667 0.016866949840832667 0.058896850044500307 -0.0028160665881429383 -0.0042983084641572177 0.0070617372044999103
leaf_weight=407.4708047399763 461.44120355579071 139.38172566122375 270.54565881169401 102.20571918971837 956.97372134099714 433.67304452857934 328.19894775166176
leaf_count=24623 7871 2260 4120 1176 30906 13753 11225
internal_value=0.000762747 0.00505488 0.01506 0.0266722 -0.000936539 -0.010687 0.00706174
internal_weight=3099.89 2258.75 840.332 372.751 1418.41 841.144 467.581
internal_count=95934 57558 18781 5296 38777 38376 13485
is_linear=0
shrinkage=0.04


Tree=159
num_leaves=8
num_cat=0
split_feature=24 6 1 29 28 18 14
split_gain=96.379 89.5725 73.7117 54.8304 19.5407 18.248 15.6028
threshold=1.0000000180025095e-35 1.0000000180025095e-35 0.548787644633559 1.0000000180025095e-35 1.0000000180025095e-35 90.870060480706485 1.0000000180025095e-35
decision_type=2 2 2 2 2 2 2
left_child=1 3 -3 5 -5 -1 -2
right_child=6 2 -4 4 -6 -7 -8
leaf_value=-0.0056563673066038697 0.016184186944280369 0.0010859415057668214 0.011842898170375166 0.0010859415057668214 -0.0056563673066038697 -0.015681474109221504 0.038880257017282725
leaf_weight=264.24907920008991 171.94781628670171 646.15826546074823 403.8216446575243 299.46541250194423 506.12436447280925 744.47161295037949 78.906812657369301
leaf_count=6593 3656 14352 6313 6037 17213 40964 959
internal_value=0.00126263 -0.000854298 0.00839648 -0.0062246 0.00108594 -0.0123987 0.0245401
internal_weight=3115.15 2864.29 1049.98 1814.31 805.59 1008.72 250.855
internal_count=96087 91472 20665 70807 23250 47557 4615
is_linear=0
shrinkage=0.04


Tree=160
num_leaves=8
num_cat=0
split_feature=0 20 11 7 29 22 18
split_gain=105.068 84.7217 92.8776 49.6133 36.7007 18.5019 10.4793
threshold=-0.10539174792612542 40.311837829201671 258.38016290004515 14.500000000000002 1.0000000180025095e-35 0.0040747033560612775 137.94713748931841
decision_type=2 2 2 2 2 2 2
left_child=5 2 4 -4 -2 6 -1
right_child=1 -3 3 -5 -6 -7 -8
leaf_value=-0.012384821267568985 0.0064129242227784324 0.038603202094964796 0.0064129242227784324 -0.0054237092847685131 0.020657284897194216 -0.0054237092847685131 -0.02407696630065877
leaf_weight=135.12242705910467 352.98076959373429 100.03273712820373 391.83786991483066 1385.6956765395589 343.69436837779358 126.89022809651215 271.57068433472887
leaf_count=5213 8727 1613 9983 41953 4733 3227 20639
internal_value=0.000890516 0.00425007 0.00271137 -0.00215394 0.0149798 -0.0150975 -0.0193459
internal_weight=3107.82 2574.24 2474.21 1777.53 696.675 533.583 406.693
internal_count=96088 67009 65396 51936 13460 29079 25852
is_linear=0
shrinkage=0.04


Tree=161
num_leaves=8
num_cat=0
split_feature=30 1 6 13 4 28 1
split_gain=104.867 91.0969 82.7733 40.5842 39.7491 23.5692 12.8284
threshold=1.0000000180025095e-35 0.25359968336904892 1.0000000180025095e-35 1.5000000000000002 19.575331539145626 1.0000000180025095e-35 0.09242021451081138
decision_type=2 2 2 2 2 2 2
left_child=1 3 5 -1 -4 -3 -2
right_child=6 2 4 -5 -6 -7 -8
leaf_value=-0.01630634199163759 0.012871609876543845 0.0049002205829751363 0.0049002205829751363 -0.00318486752531976 0.012871609876543845 -0.00318486752531976 0.031123527189792374
leaf_weight=708.01586270850385 19.179245086852461 399.76733827136923 488.63714699423872 385.67606690851972 250.51896585244685 667.56303262338042 192.07949996180832
leaf_count=43129 219 8235 7971 8800 3016 23286 1554
internal_value=0.000609033 -0.00141129 0.00410091 -0.0104706 0.0128716 -0.00307117 0.0271545
internal_weight=3111.44 2900.18 1806.49 1093.69 739.156 1067.33 211.259
internal_count=96210 94437 42508 51929 10987 31521 1773
is_linear=0
shrinkage=0.04


Tree=162
num_leaves=8
num_cat=0
split_feature=30 1 6 13 1 2 4
split_gain=97.6343 85.1531 77.5274 35.1592 33.7572 22.0319 15.9373
threshold=1.0000000180025095e-35 0.27077350851190668 1.0000000180025095e-35 1.5000000000000002 0.56715232630657264 0.51696055237675165 9.0415331172381048
decision_type=2 2 2 2 2 2 2
left_child=1 3 5 -1 -4 -3 -2
right_child=6 2 4 -5 -6 -7 -8
leaf_value=-0.015145495095190043 0.012262079519286919 -0.0028896418513797394 0.00468621883395359 -0.0028896418513797394 0.012262079519286919 0.00468621883395359 0.033201750781706667
leaf_weight=745.51286202576011 62.873921416234225 593.60765507211909 298.50910681020468 413.80893261893652 410.25712756230496 413.82602113240864 147.45544635364786
leaf_count=44887 673 18118 4252 9167 6252 11583 1081
internal_value=0.000410534 -0.00155052 0.00410104 -0.00988032 0.0122621 -0.00288964 0.0260747
internal_weight=3085.85 2875.52 1716.2 1159.32 708.766 1007.43 210.329
internal_count=96013 94259 40205 54054 10504 29701 1754
is_linear=0
shrinkage=0.04


Tree=163
num_leaves=8
num_cat=0
split_feature=19 12 28 29 2 21 4
split_gain=92.0077 65.2789 53.4052 43.6542 35.11 27.4967 23.2193
threshold=3.5000000000000004 1.5000000000000002 1.0000000180025095e-35 1.0000000180025095e-35 0.51492325533503291 1.5000000000000002 8.6500566467859432
decision_type=2 2 2 2 2 2 2
left_child=1 2 3 -1 -3 6 -2
right_child=5 4 -4 -5 -6 -7 -8
leaf_value=0.0082005606033714144 -0.0011999661322647074 -0.012386066618925171 -0.00087341973194486394 0.031401194523224318 -0.00087341973194486394 0.040021364108640579 0.019859858862238577
leaf_weight=204.38130673335399 124.58114982035477 884.31472863513045 722.71607944229618 181.57967791217379 657.28226829518098 66.637358528329059 239.01901640743017
leaf_count=4940 3173 33445 25829 2668 22161 617 3184
internal_value=0.000897757 -0.0019083 0.00546568 0.0172745 -0.00721252 0.0178338 0.0128051
internal_weight=3080.51 2650.27 1108.68 385.961 1541.6 430.238 363.6
internal_count=96017 89043 33437 7608 55606 6974 6357
is_linear=0
shrinkage=0.04


Tree=164
num_leaves=8
num_cat=0
split_feature=9 12 0 18 28 17 2
split_gain=92.651 59.9948 47.648 41.2061 24.817 21.9272 15.7778
threshold=1.0000000180025095e-35 1.0000000180025095e-35 0.87723481877522747 50.871120535086568 2.5000000000000004 0.57857988154050455 0.54478915820232843
decision_type=2 2 2 2 2 2 2
left_child=2 6 -1 -3 -4 -5 -2
right_child=1 3 4 5 -6 -7 -8
leaf_value=-0.01642120094344279 0.014679935636936639 0.014081917018268355 -0.00014725231739531831 -0.00014725231739531831 -0.0087935612854991973 0.0072123905160890248 0.036501521832108891
leaf_weight=527.74721058830619 148.86258067237213 251.27830490493216 647.41857722017448 842.59529069205746 195.08000562596135 351.57052849559113 100.58194045745768
leaf_count=33546 2575 2955 16552 22502 9304 6794 1505
internal_value=0.000588158 0.00682336 -0.00711786 0.00361715 -0.00116592 0.000342864 0.0245467
internal_weight=3065.13 1694.89 1370.25 1445.44 842.499 1194.17 249.445
internal_count=95733 36331 59402 32251 25856 29296 4080
is_linear=0
shrinkage=0.04


Tree=165
num_leaves=8
num_cat=0
split_feature=10 25 29 2 2 11 18
split_gain=91.9474 67.4594 58.0363 52.2313 24.2747 17.1036 16.0257
threshold=54.422472780765425 1.0000000180025095e-35 1.0000000180025095e-35 0.51696055237675165 0.54012009189033072 368.27131251758982 93.803739215807909
decision_type=2 2 2 2 2 2 2
left_child=2 5 -1 6 -4 -2 -3
right_child=1 3 4 -5 -6 -7 -8
leaf_value=0.0051276117985715785 -0.0057752603228815192 -9.988396620355944e-05 0.015103125078196446 0.0051276117985715785 0.037157144448869757 -0.017312300882842465 -0.0057752603228815192
leaf_weight=364.21159840037581 239.04836158175021 253.48020475776866 197.26407345733605 678.67342896165792 147.03114920598455 492.51517563388916 702.06232977006584
leaf_count=10882 11940 3475 3614 12865 2195 33729 17084
internal_value=0.000756818 -0.00303764 0.0132929 0.00149412 0.0250786 -0.0130446 -0.00532738
internal_weight=3074.29 2365.78 708.507 1634.22 344.295 731.564 955.543
internal_count=95784 79093 16691 33424 5809 45669 20559
is_linear=0
shrinkage=0.04


Tree=166
num_leaves=8
num_cat=0
split_feature=18 5 21 20 14 4 11
split_gain=88.9484 52.3474 47.7044 33.4592 30.6525 22.4789 22.1087
threshold=131.02979978823888 1.0000000180025095e-35 1.5000000000000002 21.630597704378875 1.0000000180025095e-35 12.292108737414152 145.45697466406713
decision_type=2 2 2 2 2 2 2
left_child=2 4 3 6 -2 -3 -1
right_child=1 5 -4 -5 -6 -7 -8
leaf_value=0.011169030310741989 -0.01242677428110724 -0.0025062458578342739 0.030826916829519428 0.018818060509990287 -0.0025062458578342739 0.0035200001114936942 0.0035200001114936942
leaf_weight=146.82395432051271 987.77769544895273 384.85973223671317 150.29221092339139 103.21377007849514 354.01994234940503 380.09597755095456 569.01762897218578
leaf_count=2137 43038 15672 1599 1512 9508 8678 13676
internal_value=0.000844706 -0.00376977 0.0108098 0.0068092 -0.00853249 0.00352 0.00352
internal_weight=3076.1 2106.75 969.348 819.055 1341.8 764.956 715.842
internal_count=95820 76896 18924 17325 52546 24350 15813
is_linear=0
shrinkage=0.04


Tree=167
num_leaves=8
num_cat=0
split_feature=13 16 16 27 11 17 17
split_gain=96.1069 64.8867 91.0437 52.2262 24.2115 15.7424 7.49064
threshold=2.5000000000000004 16.500000000000004 3.5000000000000004 1.5000000000000002 258.38016290004515 0.59670167727288592 0.34646077221970001
decision_type=2 2 2 2 2 2 2
left_child=1 2 3 -1 6 -6 -2
right_child=4 -3 -4 -5 5 -7 -8
leaf_value=-0.0093118157499936655 0.020182793667614617 -0.036525825901832724 0.0071807042037135361 0.0071807042037135361 0.0071807042037135361 0.020182793667614617 0.037705345581290822
leaf_weight=1519.2493394706398 53.605446191737428 77.041854912473354 721.44067626667675 277.78225011471659 224.49793563014828 98.798536197980866 91.912914210930467
leaf_count=62374 745 5066 14873 6206 4355 1281 947
internal_value=0.000460087 -0.0025683 -0.00138916 -0.00637149 0.0169297 0.0102859 0.0300797
internal_weight=3064.33 2595.51 2518.47 1797.03 468.815 323.296 145.518
internal_count=95847 88519 83453 68580 7328 5636 1692
is_linear=0
shrinkage=0.04


Tree=168
num_leaves=8
num_cat=0
split_feature=16 17 16 21 18 16 4
split_gain=92.7842 120.434 74.352 53.8507 46.7192 16.2782 9.80777
threshold=16.500000000000004 0.64935472038076603 4.5000000000000009 1.5000000000000002 361.37432080230707 1.5000000000000002 5.2996490340653084
decision_type=2 2 2 2 2 2 2
left_child=1 2 3 -1 5 -3 -4
right_child=-2 4 6 -5 -6 -7 -8
leaf_value=-0.0084591004282226784 -0.037188674094696492 0.018078097681339746 -0.0073297837048946334 0.0080924126758326071 0.0080924126758326071 0.03521783695991814 0.0080924126758326071
leaf_weight=1583.9242770351702 88.012520169315394 126.03340106678661 86.304371121223085 237.51072451216169 284.55557191662956 205.81621968548279 448.64164487132803
leaf_count=63842 5448 2489 2507 3967 7478 2960 7255
internal_value=0.00111095 0.00236573 -0.00177117 -0.00572864 0.017956 0.0280638 0.00809241
internal_weight=3060.8 2972.79 2356.38 1821.44 616.405 331.85 534.946
internal_count=95946 90498 77571 67809 12927 5449 9762
is_linear=0
shrinkage=0.04


Tree=169
num_leaves=8
num_cat=0
split_feature=19 16 0 7 27 1 11
split_gain=83.6115 72.6795 51.8556 50.9015 49.6249 40.4382 33.8689
threshold=1.5000000000000002 17.500000000000004 -0.18007951561094712 10.500000000000002 1.5000000000000002 0.17762353453559418 134.53141136719782
decision_type=2 2 2 2 2 2 2
left_child=2 4 -1 -4 5 -2 -5
right_child=1 -3 3 6 -6 -7 -8
leaf_value=-0.018726692017976027 -0.0079003374268254122 -0.034312318430813678 0.014268711676121634 0.0048865902935004528 0.031169630567485184 0.012908148816257526 -0.0074553071839346709
leaf_weight=327.08037352701649 192.14976982760709 47.345361017098185 264.30187666416168 266.7917694740463 170.93248725775629 583.43884506437462 1201.7463075647829
leaf_count=20970 6911 3212 6969 5196 2112 10502 40237
internal_value=0.00022515 0.0096976 -0.00436987 -0.00156806 0.0122347 0.00771797 -0.00449553
internal_weight=3053.79 993.866 2059.92 1732.84 946.521 775.589 1468.54
internal_count=96109 22737 73372 52402 19525 17413 45433
is_linear=0
shrinkage=0.04


Tree=170
num_leaves=8
num_cat=0
split_feature=20 10 16 17 20 29 28
split_gain=98.8757 77.4805 51.4439 53.1931 26.8381 17.3707 12.3534
threshold=24.369037534918665 38.256884818667771 18.500000000000004 0.49911997808796277 61.962507220857781 1.0000000180025095e-35 1.5000000000000002
decision_type=2 2 2 2 2 2 2
left_child=1 5 3 -3 6 -1 -2
right_child=4 2 -4 -5 -6 -7 -8
leaf_value=0.0034427331611627944 0.024811717783818396 -0.0080859628192029541 -0.036485219918943219 0.0034427331611627944 0.05196991558005707 0.011328733678060688 0.011328733678060688
leaf_weight=277.99451783904806 151.99620849778876 1371.324904111214 67.502347640169319 794.24356081080623 38.045131078455597 263.05620940634981 80.044678566046059
leaf_count=8374 2803 51027 4645 21017 615 4485 2950
internal_value=0.00114458 -0.00113827 -0.00444327 -0.00328138 0.0237957 0.0113287 0.01722
internal_weight=3044.21 2774.12 2233.07 2165.57 270.086 541.051 232.041
internal_count=95916 89548 76689 72044 6368 12859 5753
is_linear=0
shrinkage=0.04


Tree=171
num_leaves=8
num_cat=0
split_feature=24 10 16 28 1 15 17
split_gain=83.6597 82.1144 48.7841 62.7121 18.4123 13.48 9.59883
threshold=1.0000000180025095e-35 54.422472780765425 16.500000000000004 1.5000000000000002 0.2868997320183046 1.5000000000000002 0.50240448501462887
decision_type=2 2 2 2 2 2 2
left_child=1 4 3 -3 -1 6 -2
right_child=5 2 -4 -5 -6 -7 -8
leaf_value=0.0035208397213766641 0.011413202148941551 0.0022609373787365115 -0.035875017585613109 -0.011990027335523859 0.011413202148941551 0.03507021433413373 0.024741269437555388
leaf_weight=284.77777508273721 86.984872097731568 1283.6975163685856 65.968363461317495 790.642387532047 367.499861850054 93.507648608647287 63.286218745401129
leaf_count=9507 2316 31200 4617 39588 6499 1209 1045
internal_value=0.00141673 -0.000579474 -0.00437152 -0.00320234 0.0114132 0.0234059 0.0144123
internal_weight=3036.36 2792.59 2140.31 2074.34 652.278 243.779 150.271
internal_count=95981 91411 75405 70788 16006 4570 3361
is_linear=0
shrinkage=0.04


Tree=172
num_leaves=8
num_cat=0
split_feature=14 0 18 20 29 5 14
split_gain=87.9026 53.963 42.7545 33.3004 30.2716 22.4205 18.6318
threshold=1.0000000180025095e-35 -0.10539174792612542 231.49571426892609 33.02132576124739 1.0000000180025095e-35 1.0000000180025095e-35 1.5000000000000002
decision_type=2 2 2 2 2 2 2
left_child=1 -1 -3 4 -2 -4 -6
right_child=3 2 5 -5 6 -7 -8
leaf_value=-0.01715006636456114 0.0041656508548588798 0.0041656508548588798 -0.0088362956431348692 0.039209163582478251 0.010997703449022957 -0.00080118378610437302 0.024252349846010244
leaf_weight=366.58933065627934 433.652483349666 737.57102325640153 684.77467834949493 56.043922248762101 225.45856592431664 410.74241452792194 138.74929099110886
leaf_count=23840 11246 16503 25355 761 3897 12113 2136
internal_value=0.000873954 -0.00335868 -0.000522525 0.01169 0.00929554 -0.00576802 0.0178298
internal_weight=3053.58 2199.68 1833.09 853.904 797.86 1095.52 364.208
internal_count=95851 77811 53971 18040 17279 37468 6033
is_linear=0
shrinkage=0.04


Tree=173
num_leaves=8
num_cat=0
split_feature=1 7 18 4 11 28 14
split_gain=85.1473 80.8736 53.0003 30.3312 17.6189 17.553 15.0075
threshold=0.15029207910663125 14.500000000000002 190.51627805093742 9.0415331172381048 339.72781805788884 1.0000000180025095e-35 1.0000000180025095e-35
decision_type=2 2 2 2 2 2 2
left_child=4 3 -3 -2 -1 -5 -4
right_child=1 2 6 5 -6 -7 -8
leaf_value=-0.0035924496470214453 0.0089652619981136425 0.0089652619981136425 -0.0035924496470214453 0.036018990898892836 -0.016493788963821247 0.016853061356317145 0.0026864061755460982
leaf_weight=218.8846647986793 213.05048700835323 686.99179803207517 821.27507277863333 136.87711048417259 420.27074629545677 223.2406543768011 302.85983961774036
leaf_count=8358 6921 13420 29770 1695 24191 4687 6654
internal_value=0.00109408 0.0045744 0.000400612 0.0175299 -0.0117593 0.0247409 -0.00359245
internal_weight=3023.45 2384.29 1811.13 573.168 639.155 360.118 1124.13
internal_count=95696 63147 49844 13303 32549 6382 36424
is_linear=0
shrinkage=0.04


Tree=174
num_leaves=8
num_cat=0
split_feature=21 14 0 28 11 0 10
split_gain=88.8691 71.6415 42.2159 35.5437 24.0838 13.382 12.8365
threshold=1.5000000000000002 1.0000000180025095e-35 -0.10539174792612542 1.5000000000000002 293.12137222924844 0.80392597987167036 92.370064458423258
decision_type=2 2 2 2 2 2 2
left_child=1 2 -1 -4 -2 -3 -6
right_child=4 5 3 -5 6 -7 -8
leaf_value=-0.01956676304601641 0.029671313366061512 0.00063991998497739627 0.00063991998497739627 -0.011469324993681267 0.019679215623242995 0.0075459018187874396 0.0075459018187874396
leaf_weight=308.22759171825601 152.06264868122526 248.05894750915468 1006.7495592592168 568.14882457198109 85.970616520149633 466.84716570843011 192.59712151915301
leaf_count=22512 1654 8514 24412 26224 1054 7953 3504
internal_value=0.000643983 -0.00216529 -0.00626606 -0.00355591 0.0172571 0.0075459 0.00968712
internal_weight=3028.66 2598.03 1883.13 1574.9 430.63 714.906 278.568
internal_count=95827 89615 73148 50636 6212 16467 4558
is_linear=0
shrinkage=0.04


Tree=175
num_leaves=8
num_cat=0
split_feature=11 0 1 17 10 12 27
split_gain=80.3059 67.3298 58.2468 46.1195 36.8922 10.8635 6.70224
threshold=81.64552111910217 -0.52206576701478979 0.1563968679750237 0.45855089258680809 54.422472780765425 1.0000000180025095e-35 2.5000000000000004
decision_type=2 2 2 2 2 2 2
left_child=4 6 -3 -4 -1 -6 -2
right_child=1 2 3 -5 5 -7 -8
leaf_value=0.036739208871387395 -0.022150107473983667 -0.0092417095752558159 -0.001701033508613535 0.0082076016651092439 0.023277223157128421 0.0082076016651092439 -0.0092417095752558159
leaf_weight=108.10288662300445 240.84067848336417 498.47711090452503 1032.9514937805943 813.80809600336943 56.492766852956265 244.76949134212919 36.26766482135281
leaf_count=1435 16292 24680 28817 17420 917 5455 1372
internal_value=0.00137813 -0.00121649 0.00101759 0.00432893 0.0176317 0.00981524 -0.019501
internal_weight=3031.71 2622.35 2345.24 1846.76 409.365 301.262 277.108
internal_count=96388 88581 70917 46237 7807 6372 17664
is_linear=0
shrinkage=0.04


Tree=176
num_leaves=8
num_cat=0
split_feature=18 11 0 28 19 27 22
split_gain=94.585 65.3212 53.9888 39.3885 21.3991 8.42438 7.22531
threshold=32.773539184691224 98.845937622904714 -0.10539174792612542 1.0000000180025095e-35 1.5000000000000002 1.5000000000000002 0.019672342621259033
decision_type=2 2 2 2 2 2 2
left_child=4 -2 6 -4 5 -1 -3
right_child=1 2 3 -5 -6 -7 -8
leaf_value=0.0089618245911473899 0.0089618245911473899 -0.021255862647017808 0.0022265698244578244 -0.0065391926822249025 0.031660120415462782 0.026811673355831307 -0.01004624687068695
leaf_weight=193.1889513337519 419.99295240815263 296.63008042168804 677.62522773246747 1192.3204690126004 139.21674891444854 39.281178841483779 68.027809325605631
leaf_count=3376 8625 23074 14426 42730 1487 480 1851
internal_value=0.00098715 -0.0016838 -0.00450868 -0.00172219 0.0196074 0.0113815 -0.0183703
internal_weight=3026.28 2654.6 2234.6 1869.95 371.687 232.47 364.658
internal_count=96049 90706 82081 57156 5343 3856 24925
is_linear=0
shrinkage=0.04


Tree=177
num_leaves=8
num_cat=0
split_feature=16 15 16 16 25 14 19
split_gain=83.0019 114.182 60.6534 37.0331 30.6507 25.8275 23.5909
threshold=16.500000000000004 2.5000000000000004 2.5000000000000004 4.5000000000000009 1.0000000180025095e-35 1.0000000180025095e-35 1.5000000000000002
decision_type=2 2 2 2 2 2 2
left_child=1 2 5 6 -4 -1 -3
right_child=-2 3 4 -5 -6 -7 -8
leaf_value=-0.010889265893026183 -0.036731830729361301 0.0068700178516713341 -0.0069797643674566305 0.031385995724567739 0.0068700178516713341 0.0015612647999469506 0.022135886496781838
leaf_weight=978.11764860933181 79.749042680836283 364.34051407407969 252.2420923904283 178.58109266962856 624.99251271598041 361.9319866783917 184.89342353586107
leaf_count=45959 5420 7506 12985 1835 10075 10046 2233
internal_value=0.00116985 0.002317 -0.00220926 0.0159493 0.00592689 -0.00753986 0.0104586
internal_weight=3024.85 2945.1 2217.28 727.815 877.235 1340.05 549.234
internal_count=96059 90639 79065 11574 23060 56005 9739
is_linear=0
shrinkage=0.04


Tree=178
num_leaves=8
num_cat=0
split_feature=27 17 2 28 10 9 11
split_gain=81.8686 67.1769 35.0393 32.1033 26.6185 18.6605 16.7476
threshold=2.5000000000000004 0.47090742377690226 0.46059382133843707 1.0000000180025095e-35 47.514249551750545 1.0000000180025095e-35 234.34419570505406
decision_type=2 2 2 2 2 2 2
left_child=1 3 -3 -1 -2 -5 -6
right_child=4 2 -4 5 6 -7 -8
leaf_value=-0.0012324122093183515 0.034719498145118467 -0.0012324122093183515 0.0074137936743165879 -0.017755522441656065 0.022644976983320998 -0.0066269607837383306 0.0074137936743165879
leaf_weight=522.55038664181484 94.405394284403883 506.70687540975632 587.07778022129787 464.7928954862291 87.157262388500385 529.35416940343566 210.13561383000342
leaf_count=12759 1262 15413 15424 28117 1253 16375 5346
internal_value=0.000296012 -0.00228259 0.00524563 -0.00771046 0.0171102 -0.0119549 0.0105705
internal_weight=3002.18 2610.48 1093.78 1516.7 391.698 994.147 297.293
internal_count=95949 88088 30837 57251 7861 44492 6599
is_linear=0
shrinkage=0.04


Tree=179
num_leaves=8
num_cat=0
split_feature=17 6 4 7 22 17 28
split_gain=73.197 47.8976 34.0034 33.8876 31.1036 21.5387 17.1659
threshold=0.62038116032167534 1.0000000180025095e-35 16.449564128339393 10.500000000000002 0.0021563348584607376 0.82280975911484056 1.5000000000000002
decision_type=2 2 2 2 2 2 2
left_child=1 4 -3 -2 6 -5 -1
right_child=3 2 -4 5 -6 -7 -8
leaf_value=-0.0068285236756507484 0.02960431717671419 -0.00130422419177221 0.0045119876613501251 0.0045119876613501251 -0.00130422419177221 0.018577627983759636 -0.017474482110685089
leaf_weight=676.19654922641348 129.33293376088841 501.1330769554479 336.78179322893266 473.84469188179355 349.36313002952375 150.7526647708728 389.81261125783203
leaf_count=25044 2506 12034 5317 12312 7547 3241 27802
internal_value=0.000968847 -0.00264811 0.00451199 0.0116721 -0.00712044 0.00755094 -0.0108477
internal_weight=3007.22 2253.29 837.915 753.93 1415.37 624.597 1066.01
internal_count=95803 77744 17351 18059 60393 15553 52846
is_linear=0
shrinkage=0.04


Tree=180
num_leaves=8
num_cat=0
split_feature=30 5 22 28 1 9 23
split_gain=86.9391 70.0251 63.0007 44.1334 17.5676 14.8484 2.78405
threshold=1.0000000180025095e-35 1.5000000000000002 0.0029027637344118643 1.5000000000000002 0.40215362190943865 1.0000000180025095e-35 106.50000000000001
decision_type=2 2 2 2 2 2 2
left_child=1 2 3 -1 -3 -2 -7
right_child=5 4 -4 -5 -6 6 -8
leaf_value=-0.0022649501007847047 0.012500157729143152 0.0046541123579213915 0.0046541123579213915 -0.014914131032199483 0.012500157729143152 0.037175839752007681 0.022661801417314834
leaf_weight=1217.9193731443956 59.122255536727607 154.69468597735977 579.40904692001641 686.13597998418845 175.58659274782985 109.92967518162914 31.863501182757318
leaf_count=36112 717 6036 10433 38501 3285 794 224
internal_value=0.00104204 -0.000811817 -0.00319193 -0.00687725 0.0125002 0.0258121 0.0328234
internal_weight=3014.66 2813.75 2483.46 1904.06 330.281 200.915 141.793
internal_count=96102 94367 85046 74613 9321 1735 1018
is_linear=0
shrinkage=0.04


Tree=181
num_leaves=8
num_cat=0
split_feature=24 5 6 29 13 12 20
split_gain=75.8969 75.6049 45.4004 43.0927 17.9314 12.9646 12.4558
threshold=1.0000000180025095e-35 1.0000000180025095e-35 1.0000000180025095e-35 1.0000000180025095e-35 1.5000000000000002 1.5000000000000002 32.274078822226578
decision_type=2 2 2 2 2 2 2
left_child=1 3 -3 4 -1 -5 -2
right_child=6 2 -4 5 -6 -7 -8
leaf_value=-0.015410086667620232 0.017433028663712796 0.0008376638028353867 0.010450859116732172 0.0008376638028353867 -0.0053592593186882814 -0.0053592593186882814 0.046764401955047372
leaf_weight=651.50187997118337 220.65071527345572 582.8318005335168 424.14650101016741 343.62086530018132 324.04719435190782 425.66762325935997 22.549028008710593
leaf_count=34866 4365 21693 7198 7835 7000 12794 250
internal_value=0.000934371 -0.000990391 0.00769145 -0.00601612 -0.0115562 0.000837664 0.0218921
internal_weight=2995.02 2751.82 1006.98 1744.84 975.549 769.288 243.2
internal_count=96001 91386 28891 62495 41866 20629 4615
is_linear=0
shrinkage=0.04


Tree=182
num_leaves=8
num_cat=0
split_feature=16 27 16 1 16 1 21
split_gain=77.9596 107.083 65.2149 41.4658 26.2287 13.8194 13.0624
threshold=18.500000000000004 1.5000000000000002 4.5000000000000009 0.1563968679750237 2.5000000000000004 0.14425839060428769 1.5000000000000002
decision_type=2 2 2 2 2 2 2
left_child=1 2 3 -1 6 -4 -3
right_child=-2 4 5 -5 -6 -7 -8
leaf_value=-0.016058877512908621 -0.036636982426627412 0.0088440532855335371 -0.0057417615896062004 -0.001823105284855494 0.029471993390536383 0.0088440532855335371 0.028990347876370341
leaf_weight=412.7010827845661 76.03911239845911 222.81231696775649 105.53808840923011 1466.3239252675558 209.99846438516397 452.2353427716298 44.690432974603027
leaf_count=25590 5428 5325 3193 46141 2836 7070 439
internal_value=0.000894741 0.00199594 -0.00142206 -0.00501825 0.0191102 0.00884405 0.0102069
internal_weight=2990.34 2914.3 2436.8 1879.03 477.501 557.773 267.503
internal_count=96022 90594 81994 71731 8600 10263 5764
is_linear=0
shrinkage=0.04


Tree=183
num_leaves=8
num_cat=0
split_feature=4 5 6 4 13 0 2
split_gain=77.8136 76.8283 44.1786 81.3564 43.7128 16.8291 15.933
threshold=6.5870021482391978 1.0000000180025095e-35 1.0000000180025095e-35 20.634516182848404 1.5000000000000002 0.37065318378914974 0.59049237886138617
decision_type=2 2 2 2 2 2 2
left_child=5 4 6 -4 -2 -1 -3
right_child=1 2 3 -5 -6 -7 -8
leaf_value=-0.01870045636701784 -0.002725024339039235 0.0064361008123741074 0.015251250190473341 0.047511724881983838 0.0064361008123741074 -0.0058855044563313396 0.015251250190473341
leaf_weight=239.28538413572824 914.26717839541379 324.58237350324634 232.38316631305497 146.33350831223652 458.95623527746648 525.28481980937067 137.66503311798442
leaf_count=17418 32550 10060 3539 1855 7095 19640 3738
internal_value=0.000836013 0.00463577 0.0140802 0.0240664 -0.001208 -0.0100858 0.0064361
internal_weight=2978.76 2214.19 840.964 378.717 1373.22 764.57 462.247
internal_count=95895 58837 19192 5394 39645 37058 13798
is_linear=0
shrinkage=0.04


Tree=184
num_leaves=8
num_cat=0
split_feature=7 9 0 18 4 25 5
split_gain=75.6562 66.4289 36.8657 33.1275 26.5808 21.9083 12.756
threshold=8.5000000000000018 1.0000000180025095e-35 0.30696231341497798 274.82277493040516 9.4645402589624243 1.0000000180025095e-35 1.0000000180025095e-35
decision_type=2 2 2 2 2 2 2
left_child=4 2 -2 -3 -1 -4 -5
right_child=1 3 5 6 -6 -7 -8
leaf_value=0.008055799596182649 -0.020667016324956967 0.008055799596182649 -0.012549564160374779 -0.0022735033099044138 0.026770238723933821 -0.0022735033099044138 0.0032064858201603175
leaf_weight=149.29208806221141 293.92051128682215 656.93233863543719 284.80417381913867 506.43082224845421 211.80424525297713 595.82985664275475 300.68455003295094
leaf_count=5313 23248 11774 17778 14376 4041 12965 6682
internal_value=0.000785809 -0.00158678 -0.00863491 0.0040879 0.0176984 -0.00443211 -0.00164283
internal_weight=2999.7 2638.6 1174.55 1464.05 361.096 880.634 807.115
internal_count=96177 86823 53991 32832 9354 30743 21058
is_linear=0
shrinkage=0.04


Tree=185
num_leaves=8
num_cat=0
split_feature=19 8 12 4 16 17 1
split_gain=77.2644 60.6077 48.8186 38.3535 34.241 30.7529 23.9198
threshold=2.5000000000000004 1.0000000180025095e-35 1.0000000180025095e-35 16.876372816052573 16.500000000000004 0.49271249109637311 0.53017516701693024
decision_type=2 2 2 2 2 2 2
left_child=1 2 -1 -3 -2 -4 -5
right_child=4 3 5 6 -6 -7 -8
leaf_value=0.0082913336846390379 0.015294286122179961 0.0082913336846390379 -0.010531744627849218 0.026570780539760308 -0.028167383290669017 -9.508403794731429e-05 0.069977122823293283
leaf_weight=307.71237627055962 611.5890541995177 106.89771223330172 1145.580558873713 30.233782257302664 21.455763968813699 741.96311981801409 25.764491866575554
leaf_count=8524 10074 3915 47790 876 1696 22671 415
internal_value=0.00111319 -0.00222952 -0.0040086 0.0205913 0.0134061 -0.00645138 0.0448502
internal_weight=2991.2 2358.15 2195.26 162.896 633.045 1887.54 55.9983
internal_count=95961 84191 78985 5206 11770 70461 1291
is_linear=0
shrinkage=0.04


Tree=186
num_leaves=8
num_cat=0
split_feature=6 4 1 2 0 0 30
split_gain=70.7778 147.419 117.695 51.4208 23.5218 16.7431 13.9225
threshold=1.0000000180025095e-35 19.575331539145626 0.70388484066381996 0.51696055237675165 2.0495636462703164 -0.50407031261224267 1.0000000180025095e-35
decision_type=2 2 2 2 2 2 2
left_child=3 6 -3 5 -4 -1 -2
right_child=1 2 4 -5 -6 -7 -8
leaf_value=-0.022642193010494128 0.0022828975955273018 0.016278629322634981 0.038713797135155263 0.0022828975955273018 0.076362289526678909 -0.0076923021586214118 0.016278629322634981
leaf_weight=131.96951580990572 694.76102067553438 228.71951936418191 46.529672218021005 777.74833030143054 73.191007327288389 970.17647139524342 55.668369030347094
leaf_count=9907 16002 3840 665 28416 644 35956 437
internal_value=0.000627233 0.00864789 0.0302744 -0.0040821 0.061149 -0.00966988 0.0022829
internal_weight=2978.76 1098.87 348.44 1879.89 119.721 1102.15 750.429
internal_count=95867 21588 5149 74279 1309 45863 16439
is_linear=0
shrinkage=0.04


Tree=187
num_leaves=8
num_cat=0
split_feature=8 13 25 0 18 5 9
split_gain=72.1318 62.2 37.3121 37.0191 26.747 25.1084 18.9005
threshold=1.0000000180025095e-35 1.5000000000000002 1.0000000180025095e-35 1.8742163474776774 274.82277493040516 1.0000000180025095e-35 1.0000000180025095e-35
decision_type=2 2 2 2 2 2 2
left_child=1 2 6 -2 -3 -4 -1
right_child=3 4 5 -5 -6 -7 -8
leaf_value=-0.021278372659395334 0.010665148218594734 0.010665148218594734 -0.0067861983122048369 0.039861862873892692 0.00092110680744912415 0.00092110680744912415 -0.0077988270599691038
leaf_weight=278.37475207902025 113.62701250944519 443.9804380601272 811.30551885912428 97.353847017278895 474.13746561226435 482.70880282949656 281.15761186822783
leaf_count=27290 4072 5946 22140 1786 9851 10247 14720
internal_value=0.000542469 -0.00120678 -0.00541638 0.0225371 0.00725859 -0.00164783 -0.0139498
internal_weight=2982.65 2771.66 1853.55 210.981 918.118 1294.01 559.532
internal_count=96052 90194 74397 5858 15797 32387 42010
is_linear=0
shrinkage=0.04


Tree=188
num_leaves=8
num_cat=0
split_feature=12 20 6 10 9 4 22
split_gain=73.3354 55.6972 39.9291 27.4717 26.3429 21.1728 13.8586
threshold=1.0000000180025095e-35 13.226133503788162 1.0000000180025095e-35 38.256884818667771 1.0000000180025095e-35 17.105529532891858 0.00041788579127189734
decision_type=2 2 2 2 2 2 2
left_child=3 2 4 -1 -2 -4 -5
right_child=1 -3 5 6 -6 -7 -8
leaf_value=0.03327738414496377 -0.014792803776926169 0.0070623591888783182 -0.0037028939192573964 0.0070623591888783182 -0.0037028939192573964 0.001286238325809741 0.021506884325449033
leaf_weight=101.20381703879684 610.58236049080733 389.65365611616289 487.8070767094614 243.85260996420402 746.84484014136251 310.17685586726293 85.769533420796506
leaf_count=1621 36592 10920 11827 7552 21494 4820 1231
internal_value=0.000831288 -0.00177104 -0.00448988 0.0158958 -0.00869203 0.00128624 0.00973638
internal_weight=2975.89 2545.06 2155.41 430.826 1357.43 797.984 329.622
internal_count=96057 85653 74733 10404 58086 16647 8783
is_linear=0
shrinkage=0.04


Tree=189
num_leaves=8
num_cat=0
split_feature=30 20 13 1 4 10 18
split_gain=76.1822 65.0555 54.8374 54.4042 12.4531 11.1667 4.13482
threshold=1.0000000180025095e-35 24.369037534918665 1.5000000000000002 0.31795732194532084 8.5770027462519547 436.21838379420223 278.72799251514408
decision_type=2 2 2 2 2 2 2
left_child=1 2 3 -1 -2 -4 -6
right_child=4 -3 5 -5 6 -7 -8
leaf_value=-0.015529008232884787 0.011346049240326622 0.011346049240326622 0.0040195563851392656 -0.0017405247717602896 0.038563466523295425 -0.0017405247717602896 0.020708140506616943
leaf_weight=740.87825702904956 54.840489559806883 252.99501303501893 584.78418267995585 927.3659705123282 66.536901513813064 248.73889799322933 77.452089095022529
leaf_count=45551 628 6270 9996 27191 555 5147 571
internal_value=0.000579708 -0.00118186 -0.00330694 -0.00750061 0.023874 0.00401956 0.0300702
internal_weight=2953.59 2754.76 2501.77 1668.24 198.829 833.523 143.989
internal_count=95909 94155 87885 72742 1754 15143 1126
is_linear=0
shrinkage=0.04


Tree=190
num_leaves=8
num_cat=0
split_feature=24 2 25 18 9 17 5
split_gain=71.9369 65.4928 39.7048 30.0522 17.7419 11.0649 10.5683
threshold=1.0000000180025095e-35 0.51696055237675165 1.0000000180025095e-35 183.13225697123184 1.0000000180025095e-35 0.41441485769598524 1.0000000180025095e-35
decision_type=2 2 2 2 2 2 2
left_child=1 3 -3 -1 -5 -2 -4
right_child=5 2 6 4 -6 -7 -8
leaf_value=0.00025393325069199112 0.011048139539579529 0.00025393325069199112 0.005448022306491428 -0.016310832770299374 -0.0052792649224749459 0.02950756927108807 0.010642111362290865
leaf_weight=557.73253616504371 111.65554269647691 374.1281130061252 509.04373029991984 425.50586942711379 534.00808224431239 131.27308131044265 301.70457811141387
leaf_count=14054 2522 20626 10709 25719 15259 2109 4949
internal_value=0.00139632 -0.000511225 0.00650523 -0.00599736 -0.0102891 0.0217954 0.0106421
internal_weight=2945.05 2702.12 1184.88 1517.25 959.514 242.929 810.748
internal_count=95947 91316 36284 55032 40978 4631 15658
is_linear=0
shrinkage=0.04


Tree=191
num_leaves=8
num_cat=0
split_feature=16 15 27 9 16 7 4
split_gain=74.3649 102.314 51.9995 32.5863 30.2534 25.6065 14.4717
threshold=16.500000000000004 2.5000000000000004 1.5000000000000002 1.0000000180025095e-35 4.5000000000000009 15.500000000000002 5.1373315332752938
decision_type=2 2 2 2 2 2 2
left_child=1 2 3 -1 5 -3 -6
right_child=-2 4 -4 -5 6 -7 -8
leaf_value=-0.011420405791307438 -0.036513476000648776 0.023871968637081624 0.0060789634944093916 -0.00067349528705822157 0.0060789634944093916 0.0060789634944093916 0.033173388924766116
leaf_weight=819.61924759723479 73.648527949058916 143.02668011223432 349.62917629629374 993.21071189991198 25.091822237707675 392.96976645756513 153.15299594867975
leaf_count=45101 5395 2289 7293 26700 377 7448 1483
internal_value=0.000669707 0.00174485 -0.0026021 -0.0055684 0.01476 0.00968678 0.0286907
internal_weight=2950.35 2876.7 2162.46 1812.83 714.241 535.996 178.245
internal_count=96086 90691 79094 71801 11597 9737 1860
is_linear=0
shrinkage=0.04


Tree=192
num_leaves=8
num_cat=0
split_feature=17 29 25 2 10 2 23
split_gain=75.1185 53.3561 26.957 26.2534 24.388 18.6665 13.6172
threshold=0.73614003414227946 1.0000000180025095e-35 1.0000000180025095e-35 0.44604154536466689 65.137265509743045 0.46268763530815277 30.500000000000004
decision_type=2 2 2 2 2 2 2
left_child=1 2 -1 -2 -3 -4 -6
right_child=3 4 5 -5 6 -7 -8
leaf_value=-0.014684169540903118 0.0078294414026122243 0.0078294414026122243 -0.0087744080846349874 0.025785779132801123 0.003992736433734074 -0.0006878498394655403 -0.0006878498394655403
leaf_weight=437.02732411894249 161.56118443660671 306.0121272939723 494.97129860689165 229.89820811100071 286.52932087448426 524.99126935302047 517.20629604090936
leaf_count=33266 4051 5694 13125 4650 7404 12262 15779
internal_value=0.00103925 -0.00147186 -0.00648587 0.0171307 0.00511017 -0.00286465 0.000156031
internal_weight=2958.2 2566.74 1456.99 391.459 1109.75 1019.96 803.736
internal_count=96231 87530 58653 8701 28877 25387 23183
is_linear=0
shrinkage=0.04


Tree=193
num_leaves=8
num_cat=0
split_feature=16 16 18 28 17 2 1
split_gain=71.2891 83.8948 58.4807 37.233 30.2348 22.6359 15.4568
threshold=20.500000000000004 5.5000000000000009 134.50061327273639 1.0000000180025095e-35 0.40868520552056381 0.47779888049584113 0.24586083140361789
decision_type=2 2 2 2 2 2 2
left_child=1 2 4 -4 -1 6 -3
right_child=-2 5 3 -5 -6 -7 -8
leaf_value=0.0017336796731061688 -0.036558684111924603 -0.0055487877963503289 0.0017336796731061688 -0.0094871359347815949 0.0163149177368326 0.024095272622727294 0.014599423547548871
leaf_weight=350.86758124339394 67.000582296808716 90.063034842838533 561.6466061550891 1059.7080915400875 377.50353430118412 287.5390324749751 154.13084693346173
leaf_count=8161 5210 2593 14565 52685 6230 4390 2149
internal_value=0.00143505 0.00244187 -0.000826243 -0.00505038 0.00851774 0.0166323 0.00724245
internal_weight=2948.46 2881.46 2349.73 1621.35 728.371 531.733 244.194
internal_count=95983 90773 81641 67250 14391 9132 4742
is_linear=0
shrinkage=0.04


Tree=194
num_leaves=8
num_cat=0
split_feature=30 22 0 1 1 15 19
split_gain=71.54 64.2021 42.6475 32.2057 15.3541 13.7269 8.87389
threshold=1.0000000180025095e-35 0.0029027637344118643 -0.10539174792612542 0.36321014556576287 0.11018899069953987 1.5000000000000002 1.5000000000000002
decision_type=2 2 2 2 2 2 2
left_child=1 2 -1 -4 -2 6 -3
right_child=4 5 3 -5 -6 -7 -8
leaf_value=-0.017749840963951071 0.010811909349023088 0.0024394329017927568 -0.0077770491009198145 0.0024394329017927568 0.028365727862091662 0.010811909349023088 0.0070651184644971426
leaf_weight=329.28596807684517 24.02325979899615 287.86112205561949 857.61537642084295 907.16593072842807 173.41183411679231 220.98838215926662 130.06062228651717
leaf_count=25271 282 6876 36845 20272 1465 2786 1968
internal_value=0.000344586 -0.00136946 -0.0047571 -0.00224647 0.0229933 0.00963597 0.00331833
internal_weight=2930.41 2732.98 2094.07 1764.78 197.435 638.91 417.922
internal_count=95765 94018 82388 57117 1747 11630 8844
is_linear=0
shrinkage=0.04


Tree=195
num_leaves=8
num_cat=0
split_feature=2 17 6 7 1 22 29
split_gain=68.5863 41.4743 31.9002 25.875 18.0179 16.8816 15.0324
threshold=0.51696055237675165 0.46149235596048693 1.0000000180025095e-35 11.500000000000002 0.53017516701693024 0.032389194859690544 1.0000000180025095e-35
decision_type=2 2 2 2 2 2 2
left_child=2 -2 5 -3 -4 -1 -5
right_child=1 3 4 6 -6 -7 -8
leaf_value=-0.011154249658275342 0.0017124977948714088 0.032457349211204141 -0.0034106768645049733 0.0087782035403400158 0.0017124977948714088 -0.0034106768645049733 0.020271906021496248
leaf_weight=915.37763994454872 718.96016395383049 111.96423669799697 353.46574422798585 257.97624775680015 217.22334421484265 155.1841749510495 197.78854986885563
leaf_count=43174 24038 2225 8715 7886 3210 2720 3963
internal_value=0.000976587 0.00785864 -0.00443364 0.0158439 0.0017125 -0.00853385 0.0111534
internal_weight=2927.94 1286.69 1641.25 567.729 570.689 1070.56 455.765
internal_count=95931 38112 57819 14074 11925 45894 11849
is_linear=0
shrinkage=0.04


Tree=196
num_leaves=8
num_cat=0
split_feature=7 14 16 16 6 1 17
split_gain=68.13 54.7097 27.7744 36.5397 27.3033 25.3392 12.1076
threshold=10.500000000000002 1.0000000180025095e-35 15.500000000000002 3.5000000000000004 1.0000000180025095e-35 0.61860870465958206 0.47397877750741596
decision_type=2 2 2 2 2 2 2
left_child=4 2 3 -2 6 -6 -1
right_child=1 -3 -4 -5 5 -7 -8
leaf_value=0.0062222635113213711 -0.0088331484444632204 0.0062222635113213711 -0.033887467051216764 0.00026951526367421041 0.016672616735531737 0.045748118980536899 0.016672616735531737
leaf_weight=172.13883296470158 1224.2802094116923 685.53979516919935 44.428758539113915 495.47200495412108 112.69510288920719 62.682255355641246 134.32014444714878
leaf_count=6446 52605 15506 3965 11132 2158 805 3516
internal_value=0.000788271 -0.00193199 -0.00568323 -0.0047629 0.0143765 0.0265598 0.0067854
internal_weight=2931.56 2449.72 1764.18 1719.75 481.836 175.377 306.459
internal_count=96133 83208 67702 63737 12925 2963 9962
is_linear=0
shrinkage=0.04


Tree=197
num_leaves=8
num_cat=0
split_feature=13 29 6 28 9 1 11
split_gain=66.7957 48.1872 30.1034 26.3354 18.7285 17.7404 17.6515
threshold=2.5000000000000004 1.0000000180025095e-35 1.0000000180025095e-35 1.0000000180025095e-35 1.0000000180025095e-35 0.53017516701693024 258.38016290004515
decision_type=2 2 2 2 2 2 2
left_child=1 2 4 -3 -1 -4 -2
right_child=6 3 5 -5 -6 -7 -8
leaf_value=-0.018149603350733644 0.026211803467247267 0.0063221509968619041 -0.0064637125388539388 -0.0012783919265750587 -0.0064637125388539388 -0.0012783919265750587 0.0088250275057276222
leaf_weight=382.08808928969665 137.23067391617224 408.31876620545518 324.97385043918621 665.86223455326399 469.28432217065711 228.89288644073531 305.58051883173175
leaf_count=29475 1688 7508 9131 21671 16955 4123 5562
internal_value=0.000543413 -0.0020289 -0.00688326 0.00432647 -0.011649 -0.00127839 0.0146732
internal_weight=2922.23 2479.42 1405.24 1074.18 851.372 553.867 442.811
internal_count=96113 88863 59684 29179 46430 13254 7250
is_linear=0
shrinkage=0.04


Tree=198
num_leaves=8
num_cat=0
split_feature=12 19 7 15 1 11 28
split_gain=69.232 46.4053 30.6982 28.6147 19.8533 18.3433 16.9581
threshold=1.0000000180025095e-35 1.5000000000000002 11.500000000000002 2.5000000000000004 0.089689576968304222 103.4136703769375 1.0000000180025095e-35
decision_type=2 2 2 2 2 2 2
left_child=3 2 -2 6 -3 -4 -1
right_child=1 4 5 -5 -6 -7 -8
leaf_value=0.01993297470500496 0.0060062506060447399 -0.012552346752432416 -0.0010173942422926662 0.031387072068933722 0.006829408513169679 -0.010093426957722978 0.006829408513169679
leaf_weight=115.34075764578301 294.84360174025642 77.123851558833849 206.93781725643203 119.1698056308087 727.05729654230527 1187.4844041265897 190.79174925218103
leaf_count=2098 9595 3410 4960 1513 16915 50692 6857
internal_value=0.000750201 -0.00181252 -0.00556831 0.0154713 0.00604839 -0.00804104 0.00847888
internal_weight=2918.75 2493.45 1689.27 425.302 804.181 1394.42 306.133
internal_count=96040 85572 65247 10468 20325 55652 8955
is_linear=0
shrinkage=0.04


Tree=199
num_leaves=8
num_cat=0
split_feature=16 15 16 17 28 2 2
split_gain=64.7363 87.1129 49.7724 30.9213 23.0596 20.2118 14.7321
threshold=20.500000000000004 2.5000000000000004 2.5000000000000004 0.411723429151861 1.0000000180025095e-35 0.43338503445468263 0.52863298688821481
decision_type=2 2 2 2 2 2 2
left_child=1 2 4 -3 -1 -4 -5
right_child=-2 3 5 6 -6 -7 -8
leaf_value=-1.5080927640759817e-05 -0.036287850794459516 0.0056131333691880492 -0.0041332764986106024 0.013621663648373881 -0.011273245811487016 0.0056131333691880492 0.030500672272313331
leaf_weight=444.93820548831718 63.798755394149339 348.71707360446453 336.61227121780394 202.10121621051803 832.05298858840251 513.59977077750955 163.890668779728
leaf_count=12123 5226 6575 10186 3150 43747 12805 2049
internal_value=0.000703509 0.00165827 -0.00241173 0.013638 -0.00738119 0.00505129 0.0216302
internal_weight=2905.71 2841.91 2127.2 714.709 1276.99 850.212 365.992
internal_count=95861 90635 78861 11774 55870 22991 5199
is_linear=0
shrinkage=0.04


Tree=200
num_leaves=8
num_cat=0
split_feature=21 5 18 6 0 11 18
split_gain=73.138 56.5479 30.1903 29.7467 22.461 18.64 9.42245
threshold=1.5000000000000002 1.0000000180025095e-35 148.26503261859889 1.0000000180025095e-35 -0.10539174792612542 299.21896783273053 282.67139950585596
decision_type=2 2 2 2 2 2 2
left_child=1 2 -1 -3 -4 -2 -7
right_child=5 3 4 -5 -6 6 -8
leaf_value=0.00018895053597521138 0.027530426111597995 0.00018895053597521138 -0.023081581057466164 0.0075069034519164189 -0.0072739300473707814 0.018572985904929184 0.0075069034519164189
leaf_weight=526.77756361151114 148.18161543167662 524.88978655356914 167.38293738735956 393.03321036382113 875.76429135206854 127.13831923814723 143.51288396882592
leaf_count=13013 1676 21304 15154 6932 33459 1816 2723
internal_value=0.0011901 -0.00143415 -0.0060321 0.00641 -0.0100055 0.016448 0.00961555
internal_weight=2906.68 2487.85 1569.92 917.923 1043.15 418.833 270.651
internal_count=96077 89862 61626 28236 48613 6215 4539
is_linear=0
shrinkage=0.04


Tree=201
num_leaves=8
num_cat=0
split_feature=27 0 5 29 10 9 4
split_gain=63.8076 49.785 40.9607 23.484 20.8978 15.3261 10.3805
threshold=2.5000000000000004 0.17445425852414306 1.0000000180025095e-35 1.0000000180025095e-35 98.530113376916731 1.0000000180025095e-35 11.982481474761949
decision_type=2 2 2 2 2 2 2
left_child=1 5 4 -2 -3 -1 -4
right_child=3 2 6 -5 -6 -7 -8
leaf_value=-0.019458526174342593 0.0073233266962981205 0.0021315347735623314 0.0021315347735623314 0.026431663512217353 -0.0053828775972022827 -0.0056096320448848673 0.0073233266962981205
leaf_weight=242.46383105253335 200.6366453692317 359.64833592786454 350.61320324399276 174.91645968216471 879.01560858014273 282.63733894051984 410.39963428128976
leaf_count=21540 5057 8518 10778 2712 28439 11820 7091
internal_value=0.000898981 -0.00141015 0.0014827 0.0160568 -0.00306026 -0.0122485 0.00732333
internal_weight=2900.33 2524.78 1999.68 375.553 1238.66 525.101 761.013
internal_count=95955 88186 54826 7769 36957 33360 17869
is_linear=0
shrinkage=0.04


Tree=202
num_leaves=8
num_cat=0
split_feature=11 14 6 4 29 0 4
split_gain=60.1706 54.1657 28.4557 23.0705 19.7401 12.3839 11.8049
threshold=58.223329306782688 1.0000000180025095e-35 1.0000000180025095e-35 18.293545861070388 1.0000000180025095e-35 0.73100471700127223 8.7233406870561456
decision_type=2 2 2 2 2 2 2
left_child=6 2 4 -4 -2 -3 -1
right_child=1 5 3 -5 -6 -7 -8
leaf_value=0.0086589313570658837 -0.012742610958821269 0.0020380577871231464 -0.0030910636791574024 0.0020380577871231464 -0.0030910636791574024 0.0086589313570658837 0.024106090455537417
leaf_weight=106.42641503526829 656.31969502274296 241.0295527895214 454.83187665854348 246.94169825734571 514.36975651414832 481.76424169540405 184.84515213547274
leaf_count=2817 38696 8318 12163 4259 18611 8294 2753
internal_value=0.00117886 -0.000782466 -0.00437124 0.00198228 -0.00816441 0.00844735 0.0181003
internal_weight=2886.53 2595.26 1872.46 701.774 1170.69 722.794 291.272
internal_count=95911 90341 73729 16422 57307 16612 5570
is_linear=0
shrinkage=0.04


Tree=203
num_leaves=8
num_cat=0
split_feature=20 10 28 4 9 20 4
split_gain=73.2955 64.0618 35.1414 24.6985 19.507 18.7822 16.678
threshold=24.369037534918665 54.422472780765425 1.5000000000000002 8.1450832141594134 1.0000000180025095e-35 61.962507220857781 6.6772229640093146
decision_type=2 2 2 2 2 2 2
left_child=1 6 3 -3 -4 -2 -1
right_child=5 2 4 -5 -6 -7 -8
leaf_value=0.0028584177720053462 0.015240505962820408 -0.0057861607519628698 -0.018213676066686751 0.0028584177720053462 -0.0057861607519628698 0.044606613654800766 0.010042333396469837
leaf_weight=174.64862118777819 227.12200096901506 413.39014968767879 338.05846598686185 859.17765024775872 389.13465414906386 37.730474392650649 459.45369033212774
leaf_count=6215 5776 17167 24634 17853 13981 619 9484
internal_value=0.00123814 -0.000810012 -0.0043255 -0.000297375 -0.0112749 0.0208947 0.0100423
internal_weight=2898.72 2633.86 1999.76 1272.57 727.193 264.852 634.102
internal_count=95729 89334 73635 35020 38615 6395 15699
is_linear=0
shrinkage=0.04


Tree=204
num_leaves=8
num_cat=0
split_feature=19 8 29 4 28 16 27
split_gain=72.5482 48.9039 37.1864 36.9438 36.4779 28.3224 26.3443
threshold=2.5000000000000004 1.0000000180025095e-35 1.0000000180025095e-35 20.634516182848404 1.0000000180025095e-35 18.500000000000004 1.5000000000000002
decision_type=2 2 2 2 2 2 2
left_child=1 2 -1 -3 -4 6 -2
right_child=5 3 4 -5 -6 -7 -8
leaf_value=-0.0090676045002049451 0.0098755101201216163 0.0067125858544062394 0.0067125858544062394 0.045213484868279405 -0.0037273577234713364 -0.027217598571478822 0.031313081917865838
leaf_weight=1194.3289697982254 486.49824363971129 115.36103786056628 345.8088649828569 44.448783908388577 569.61196061386727 18.537536019779509 109.11573811434209
leaf_count=53240 8836 4158 6465 1009 19278 1726 1201
internal_value=0.00050576 -0.0028044 -0.00444759 0.0178728 0.00161289 0.0125872 0.014255
internal_weight=2883.71 2269.56 2109.75 159.81 915.421 614.152 595.614
internal_count=95913 84150 78983 5167 25743 11763 10037
is_linear=0
shrinkage=0.04


Tree=205
num_leaves=8
num_cat=0
split_feature=16 15 9 16 20 1 4
split_gain=62.9574 95.2647 43.3771 35.5092 25.531 18.0059 17.7118
threshold=20.500000000000004 1.5000000000000002 1.0000000180025095e-35 4.5000000000000009 1.0000000180025095e-35 0.12269004608075619 5.6163436719131434
decision_type=2 2 2 2 2 2 2
left_child=1 2 -1 4 -3 -4 -5
right_child=-2 3 5 6 -6 -7 -8
leaf_value=-0.0099412458236351822 -0.03615309545253434 0.0045894267558864331 -0.0039228881758639339 0.0045894267558864331 0.022801046950409104 0.0045894267558864331 0.030796908609088805
leaf_weight=852.34227464685682 61.838915723230457 538.2277132969466 155.20839675422758 41.337051091424655 132.23322707228363 916.18496234249324 187.27230867615435
leaf_count=45974 5242 11847 6883 712 2403 20791 2029
internal_value=0.000830899 0.00176587 -0.00326142 0.0124403 0.00758677 0.00209547 0.02576
internal_weight=2884.64 2822.81 1923.74 899.07 670.461 1071.39 228.609
internal_count=95881 90639 73648 16991 14250 27674 2741
is_linear=0
shrinkage=0.04


Tree=206
num_leaves=8
num_cat=0
split_feature=17 6 4 29 16 28 14
split_gain=61.6511 53.3904 64.7004 31.7185 16.0413 12.3284 6.97965
threshold=0.81449982813146515 1.0000000180025095e-35 16.876372816052573 1.0000000180025095e-35 2.5000000000000004 1.0000000180025095e-35 1.0000000180025095e-35
decision_type=2 2 2 2 2 2 2
left_child=1 3 -3 4 -1 -5 -2
right_child=6 2 -4 5 -6 -7 -8
leaf_value=-0.014586085504308543 0.014924134836101215 0.00054059077186975005 0.01057045396551448 0.00054059077186975005 -0.004825805440027516 -0.004825805440027516 0.033310627430625982
leaf_weight=544.37014891038416 131.3405997765949 611.68042969278758 397.28066347644199 293.66638274554862 380.1358579377993 467.26864385709632 59.813545509474352
leaf_count=32212 3287 14629 6005 6066 15716 17200 865
internal_value=0.000685012 -0.000906459 0.00633353 -0.00525235 -0.0101922 0.000540591 0.0220474
internal_weight=2885.56 2694.4 1008.96 1685.44 924.506 760.935 191.154
internal_count=95980 91828 20634 71194 47928 23266 4152
is_linear=0
shrinkage=0.04


Tree=207
num_leaves=8
num_cat=0
split_feature=20 29 21 2 9 0 5
split_gain=60.9665 57.8877 40.2219 32.0501 29.6582 16.0761 12.422
threshold=54.611470519837376 1.0000000180025095e-35 1.5000000000000002 0.59309390662437733 1.0000000180025095e-35 0.82332089913417417 1.0000000180025095e-35
decision_type=2 2 2 2 2 2 2
left_child=1 4 3 -3 5 -1 -6
right_child=-2 2 -4 -5 6 -7 -8
leaf_value=-0.019463036278122209 0.039231745880676044 0.00043740739773770633 0.019500650498660094 0.011246264937175869 -0.0056605333334726416 -0.006646320910558997 0.00043740739773770633
leaf_weight=247.8523680914077 54.060403009294532 724.47405561729101 188.77542715903837 331.83215506153647 542.51279205223545 444.00871926400578 340.11654971691314
leaf_count=22218 938 21283 2236 7978 16069 17713 7583
internal_value=0.000645415 -0.000230445 0.00618744 0.00299188 -0.00531262 -0.0114497 -0.000427637
internal_weight=2873.63 2819.57 1245.08 1056.31 1574.49 691.861 882.629
internal_count=96018 95080 31497 29261 63583 39931 23652
is_linear=0
shrinkage=0.04


Tree=208
num_leaves=8
num_cat=0
split_feature=16 27 17 15 18 18 15
split_gain=61.1449 81.3127 52.908 31.5136 26.0795 11.1421 11.1042
threshold=18.500000000000004 1.5000000000000002 0.57118709373208032 1.5000000000000002 242.98440377674766 361.37432080230707 1.5000000000000002
decision_type=2 2 2 2 2 2 2
left_child=1 2 3 -1 -3 -4 -6
right_child=-2 4 5 -5 6 -7 -8
leaf_value=-0.0092631184596878302 -0.03606492996690279 0.026652670921892673 0.0074089067187096645 0.00093491235631616601 0.0074089067187096645 0.00093491235631616601 0.017074099094219444
leaf_weight=1143.3452801906387 61.377070571295917 209.81974106887355 367.46682777162641 505.27620040287729 171.28557117143646 332.85213040857343 87.491393142263405
leaf_count=52853 5349 2757 7224 11683 4683 10340 1175
internal_value=0.000500721 0.001422 -0.00163322 -0.00553908 0.016451 0.00740891 0.00749553
internal_weight=2878.91 2817.54 2348.94 1648.62 468.597 700.319 258.777
internal_count=96064 90715 82100 64536 8615 17564 5858
is_linear=0
shrinkage=0.04


Tree=209
num_leaves=8
num_cat=0
split_feature=13 25 18 2 22 28 7
split_gain=59.5254 36.342 30.2754 26.0094 15.6902 11.8692 9.99879
threshold=1.5000000000000002 1.0000000180025095e-35 231.49571426892609 0.44604154536466689 0.0096308434330942393 1.5000000000000002 8.5000000000000018
decision_type=2 2 2 2 2 2 2
left_child=1 5 4 -3 -2 -1 -4
right_child=2 3 6 -5 -6 -7 -8
leaf_value=-0.0059421329430698819 0.011406821441236711 -0.0059421329430698819 0.0094848367900470017 0.0025608127133995794 0.029349186286522683 -0.015278680786097643 0.0025608127133995794
leaf_weight=114.56663178428425 323.37845435447525 618.98161333461758 63.653583136387169 730.20493252621964 106.18591610598378 449.61999609100167 464.27643237740267
leaf_count=9595 4772 16852 1098 17670 878 34900 10171
internal_value=0.00055168 -0.00352119 0.00864281 6.52645e-05 0.0164089 -0.0119495 0.00256081
internal_weight=2870.87 1913.37 957.494 1349.19 429.564 564.187 527.93
internal_count=95936 79017 16919 34522 5650 44495 11269
is_linear=0
shrinkage=0.04


Tree=210
num_leaves=8
num_cat=0
split_feature=13 25 5 10 11 9 29
split_gain=62.018 50.2123 34.1278 23.7927 19.4344 19.1384 18.9715
threshold=2.5000000000000004 1.0000000180025095e-35 1.0000000180025095e-35 39.990370779945586 128.95141953913347 1.0000000180025095e-35 1.0000000180025095e-35
decision_type=2 2 2 2 2 2 2
left_child=1 3 6 -1 -2 -5 -3
right_child=4 2 -4 5 -6 -7 -8
leaf_value=-0.0049440545821356945 0.0286307351434755 -0.0049440545821356945 0.0057074722009354088 -0.023083865988571962 0.0087848131309392497 -0.010268183533952769 0.0012109242968765996
leaf_weight=124.35417637130013 99.477540683466941 587.83534238790162 637.4375292508048 284.49265137247858 344.65589380683377 294.37495403538924 479.89726739237085
leaf_count=5888 1075 17815 12397 28317 6258 15411 8854
internal_value=0.000200074 -0.00234755 0.00137245 -0.0112606 0.0137625 -0.0155923 -0.00328562
internal_weight=2852.53 2408.39 1705.17 703.222 444.133 578.868 1067.73
internal_count=96015 88682 39066 49616 7333 43728 26669
is_linear=0
shrinkage=0.04


Tree=211
num_leaves=8
num_cat=0
split_feature=19 30 29 28 16 5 18
split_gain=64.5977 39.3629 37.6204 28.4709 24.6952 21.8844 19.7285
threshold=2.5000000000000004 1.0000000180025095e-35 1.0000000180025095e-35 1.0000000180025095e-35 18.500000000000004 1.0000000180025095e-35 55.5028991829059
decision_type=2 2 2 2 2 2 2
left_child=1 2 5 -4 6 -1 -2
right_child=4 -3 3 -5 -6 -7 -8
leaf_value=-0.013002944071442533 0.027337470929234872 0.016827998127380683 0.0064396303525528741 -0.0033206995200943212 -0.026325788974992003 -0.0033206995200943212 0.0094508633083766475
leaf_weight=727.85825027190731 123.67737500462681 146.85890489653684 353.09701382461935 580.20171668904368 16.84062770739547 447.52926968294196 465.61618739087135
leaf_count=38380 1170 1365 6725 20399 1718 17471 8823
internal_value=0.000597654 -0.00252765 -0.00394874 0.00203853 0.0120798 -0.00867992 0.0135983
internal_weight=2861.68 2255.55 2108.69 933.299 606.134 1175.39 589.294
internal_count=96051 84340 82975 27124 11711 55851 9993
is_linear=0
shrinkage=0.04


Tree=212
num_leaves=8
num_cat=0
split_feature=19 2 23 11 17 7 7
split_gain=59.7653 42.9646 30.9128 28.2789 27.3731 23.0331 21.1362
threshold=1.5000000000000002 0.51696055237675165 513.50000000000011 258.38016290004515 0.46149235596048693 17.500000000000004 21.500000000000004
decision_type=2 2 2 2 2 2 2
left_child=1 -1 3 -2 -3 -5 -6
right_child=2 4 -4 5 6 -7 -8
leaf_value=-0.0080036807700211016 0.022050568895891545 -0.00200882986553558 -0.023826578362662647 0.014222177910813242 0.023905422685936237 0.0012498802691965352 0.0049933095511514635
leaf_weight=1070.4459249248321 257.58994160703151 478.51962512073806 33.30821547441883 182.09791075153043 137.48130075581139 457.63414291068329 233.55154915840831
leaf_count=44249 4195 18807 2611 3937 3441 11937 6877
internal_value=0.00132891 -0.00270536 0.00959237 0.0110818 0.00398602 0.00639379 0.0119954
internal_weight=2850.63 1920 930.63 897.322 849.552 639.732 371.033
internal_count=96054 73374 22680 20069 29125 15874 10318
is_linear=0
shrinkage=0.04


Tree=213
num_leaves=8
num_cat=0
split_feature=30 13 1 10 6 20 1
split_gain=62.684 50.4455 43.5349 22.7506 19.9858 11.2391 11.0972
threshold=1.0000000180025095e-35 1.5000000000000002 0.32214845388558627 394.69067698998907 1.0000000180025095e-35 23.890708873212933 0.09242021451081138
decision_type=2 2 2 2 2 2 2
left_child=1 2 5 -3 -4 -1 -2
right_child=6 3 4 -5 -6 -7 -8
leaf_value=-0.01415979272570269 0.010468967938970517 0.010468967938970517 -0.0058284292296898544 0.00064869869118484077 0.00064869869118484077 -0.0058284292296898544 0.026393498774527121
leaf_weight=706.22239428252215 17.67070378898643 597.84124000021257 532.69770853896625 307.34025415114593 444.57820481527597 69.56265368469758 170.56032371567562
leaf_count=45759 220 10229 21287 6283 7586 3237 1521
internal_value=0.000425713 -0.00118806 -0.00513914 0.00643654 0.000492148 -0.012149 0.022126
internal_weight=2846.47 2658.24 1753.06 905.181 977.276 775.785 188.231
internal_count=96122 94381 77869 16512 28873 48996 1741
is_linear=0
shrinkage=0.04


Tree=214
num_leaves=8
num_cat=0
split_feature=16 15 16 17 28 17 16
split_gain=56.8105 70.6374 41.5216 33.714 22.2447 18.1931 14.436
threshold=17.500000000000004 2.5000000000000004 2.5000000000000004 0.38531790392406412 2.5000000000000004 0.45255866600670042 2.5000000000000004
decision_type=2 2 2 2 2 2 2
left_child=1 2 4 -3 -1 -4 -5
right_child=-2 3 5 6 -6 -7 -8
leaf_value=-0.0040741850440133348 -0.03508856803584625 0.0049804914405613488 -0.0030207577238851348 0.01260693913551532 -0.017099408768435277 0.0049804914405613488 0.028958328028784026
leaf_weight=988.10146674711723 59.974752479640301 316.86622593307402 450.66775393299758 217.38190641161054 260.09587774216197 380.84082707582274 168.43984949227888
leaf_count=35637 5387 6174 14759 3528 20474 8299 1903
internal_value=0.00051204 0.00140232 -0.00231169 0.0122727 -0.00690268 0.00458009 0.0202334
internal_weight=2842.37 2782.39 2079.71 702.688 1248.2 831.509 385.822
internal_count=96161 90774 79169 11605 56111 23058 5431
is_linear=0
shrinkage=0.04


Tree=215
num_leaves=8
num_cat=0
split_feature=20 11 10 20 0 4 17
split_gain=57.113 60.3167 32.6601 18.2024 16.9852 14.942 8.62667
threshold=24.369037534918665 299.21896783273053 86.226119982859061 58.651239893711569 -0.48537743716593229 8.6500566467859432 0.44957478971784198
decision_type=2 2 2 2 2 2 2
left_child=1 5 -3 6 -4 -1 -2
right_child=3 2 4 -5 -6 -7 -8
leaf_value=0.0013586113140520639 0.0086318290762232349 0.0013586113140520639 -0.021878513879020636 0.040143694269830901 -0.006922024200524424 0.0086318290762232349 0.020974792978702732
leaf_weight=302.69333514175378 109.27258706185967 474.49260563252028 129.6305463371682 42.055671206326224 1160.9154211711721 509.62721398408758 107.81323430273915
leaf_count=10762 3429 13930 11418 737 43491 9969 2260
internal_value=0.000778037 -0.00104895 -0.00519401 0.0183126 -0.00858102 0.00791123 0.0125018
internal_weight=2836.5 2577.36 1765.04 259.141 1290.55 812.321 217.086
internal_count=95996 89570 68839 6426 54909 20731 5689
is_linear=0
shrinkage=0.04


Tree=216
num_leaves=8
num_cat=0
split_feature=24 12 16 18 18 22 4
split_gain=70.6139 46.0609 39.4382 40.5365 7.82036 7.79087 6.06504
threshold=1.0000000180025095e-35 1.0000000180025095e-35 15.500000000000002 274.82277493040516 43.746109097745837 0.0016934813157819268 5.2636315935606417
decision_type=2 2 2 2 2 2 2
left_child=1 6 3 -3 -2 -6 -1
right_child=4 2 -4 -5 5 -7 -8
leaf_value=0.003632283423492953 0.036100135062160039 0.003632283423492953 -0.033817285738309402 -0.0069570137266582923 0.010358378997794808 0.02625264632112953 0.010358378997794808
leaf_weight=62.260030643665232 46.164559679105878 943.25559974217322 54.949171564629069 1220.2259602852282 139.60939170763595 49.357610009610653 314.7172755417414
leaf_count=2540 444 24426 5175 52098 3539 618 7269
internal_value=0.00106477 -0.000870153 -0.00309381 -0.00216148 0.0215869 0.0164052 0.0103584
internal_weight=2830.54 2595.41 2218.43 2163.48 235.132 188.967 376.977
internal_count=96109 91508 81699 76524 4601 4157 9809
is_linear=0
shrinkage=0.04


Tree=217
num_leaves=8
num_cat=0
split_feature=21 5 29 4 29 17 28
split_gain=61.5677 53.2166 24.8598 23.7505 18.7725 11.5952 10.9614
threshold=1.5000000000000002 1.0000000180025095e-35 1.0000000180025095e-35 12.292108737414152 1.0000000180025095e-35 0.52558115658442295 1.0000000180025095e-35
decision_type=2 2 2 2 2 2 2
left_child=1 2 5 -3 -2 -1 -4
right_child=4 3 6 -5 -6 -7 -8
leaf_value=-0.014326590481018189 0.0067725635547075122 -9.9721410625580599e-06 -9.9721410625580599e-06 0.0067725635547075122 0.023854782391412536 -0.0055370558378806632 -0.0055370558378806632
leaf_weight=524.04643635672983 219.38243374315789 444.13719243809464 260.81351742858533 465.55839065954206 193.67007678351365 304.49911835716921 409.97588561015436
leaf_count=29506 3996 18151 5121 10217 2269 11696 14885
internal_value=0.000967701 -0.00149786 -0.00611394 0.006094 0.015043 -0.0107054 -0.000368684
internal_weight=2822.08 2409.03 1499.33 909.696 413.053 828.546 670.789
internal_count=95841 89576 61208 28368 6265 41202 20006
is_linear=0
shrinkage=0.04


Tree=218
num_leaves=8
num_cat=0
split_feature=14 16 16 27 4 2 17
split_gain=54.8787 29.9122 38.2745 25.7634 18.3759 18.1106 13.8154
threshold=1.0000000180025095e-35 15.500000000000002 2.5000000000000004 1.5000000000000002 4.860151131994912 0.56600955245833651 0.74210391203689141
decision_type=2 2 2 2 2 2 2
left_child=1 2 6 5 -4 -2 -1
right_child=3 -3 4 -5 -6 -7 -8
leaf_value=-0.008854870763880399 0.0027475032188734412 -0.03347032969911528 -0.013620692377576564 0.023241424983041152 0.0027475032188734412 0.014237036449255424 0.0027475032188734412
leaf_weight=1036.4143265716848 403.6058722382877 41.723645067570033 105.75773824576754 151.64596293552313 704.20369399478659 240.88022989442106 133.77671399165411
leaf_count=48157 10551 4481 4785 2360 16906 5044 3729
internal_value=8.41728e-05 -0.00341969 -0.00262149 0.00891469 0.0027475 0.00524005 -0.00728058
internal_weight=2818.01 2021.88 1980.15 796.132 809.961 644.486 1170.19
internal_count=96013 78058 73577 17955 21691 15595 51886
is_linear=0
shrinkage=0.04


Tree=219
num_leaves=8
num_cat=0
split_feature=24 11 14 0 7 2 14
split_gain=66.3451 50.1314 39.1029 24.4337 10.8442 6.89672 5.99731
threshold=1.0000000180025095e-35 81.64552111910217 1.0000000180025095e-35 1.170472329402765 32.500000000000007 0.3610581725807363 1.0000000180025095e-35
decision_type=2 2 2 2 2 2 2
left_child=1 -1 3 -3 -2 -4 -6
right_child=4 2 5 -5 6 -7 -8
leaf_value=0.010180388298791729 0.029378242549710238 -0.012154558122755663 -0.0013554259479066351 -0.0021456566228988633 0.010180388298791729 0.0036112643098303032 0.02021000035808548
leaf_weight=355.73066848469898 118.49466631643008 662.01197956179385 174.2402482763282 943.60482282860903 84.234862863551825 451.47597216872964 34.248749517835677
leaf_count=7335 2196 41444 4811 27106 1955 10603 452
internal_value=0.00122051 -0.000667925 -0.00295786 -0.00632212 0.0210287 0.00361126 0.0110418
internal_weight=2824.04 2587.06 2231.33 1605.62 236.978 625.716 118.484
internal_count=95902 91299 83964 68550 4603 15414 2407
is_linear=0
shrinkage=0.04


Tree=220
num_leaves=8
num_cat=0
split_feature=4 5 6 4 17 0 2
split_gain=53.6133 51.6919 33.3908 61.0561 22.1131 14.5308 10.7493
threshold=6.7218379554110523 1.0000000180025095e-35 1.0000000180025095e-35 23.830951605313036 0.60796689186975583 0.38621390939431538 0.64244585630453022
decision_type=2 2 2 2 2 2 2
left_child=5 4 6 -4 -2 -1 -3
right_child=1 2 3 -5 -6 -7 -8
leaf_value=-0.016229889963292207 -0.0016543089268302913 0.0060391973972640034 0.013596360911761005 0.044935343528066107 0.0060391973972640034 -0.0040186482526598814 0.013596360911761005
leaf_weight=222.38571028009756 932.48472891803249 336.96902913140366 259.9928404095117 113.65858371253125 350.78928172730957 504.39523607323645 98.071634679625276
leaf_count=18061 31096 10876 3949 1388 7833 20215 2654
internal_value=0.001366 0.00461608 0.0124696 0.0211535 -0.000391161 -0.0079247 0.0060392
internal_weight=2818.75 2091.97 808.692 373.651 1283.27 726.781 435.041
internal_count=96072 57796 18867 5337 38929 38276 13530
is_linear=0
shrinkage=0.04


Tree=221
num_leaves=8
num_cat=0
split_feature=16 15 16 18 28 4 10
split_gain=51.847 66.0237 38.3538 27.3869 22.1143 17.5905 12.4161
threshold=20.500000000000004 2.5000000000000004 2.5000000000000004 186.68413521582349 2.5000000000000004 5.0992893210885049 38.256884818667771
decision_type=2 2 2 2 2 2 2
left_child=1 2 4 -3 -1 -4 -5
right_child=-2 3 5 6 -6 -7 -8
leaf_value=-0.0031162605642956398 -0.035033226656783885 0.022190932068107939 -0.0087357757210847851 0.01409212959290255 -0.016256117643569705 0.0056323425333244682 0.0056323425333244682
leaf_weight=981.00663299742155 51.288675293821143 279.94659379805671 128.9506219268078 91.568997734691948 251.55495258438168 711.35397151892539 327.8321656936314
leaf_count=35599 5164 3269 5675 1351 20355 17383 7099
internal_value=0.00136719 0.00216413 -0.00143392 0.0126986 -0.00590723 0.00511986 0.00599333
internal_weight=2823.5 2772.21 2072.87 699.348 1232.56 840.305 419.401
internal_count=95895 90731 79012 11719 55954 23058 8450
is_linear=0
shrinkage=0.04


Tree=222
num_leaves=8
num_cat=0
split_feature=24 5 6 29 18 22 12
split_gain=53.4492 52.2847 32.5628 27.4362 11.2228 9.76056 8.86106
threshold=1.0000000180025095e-35 1.0000000180025095e-35 1.0000000180025095e-35 1.0000000180025095e-35 60.570574984587076 0.0016934813157819268 1.5000000000000002
decision_type=2 2 2 2 2 2 2
left_child=1 3 -3 4 -1 -2 -5
right_child=5 2 -4 6 -6 -7 -8
leaf_value=-0.0046645955176844505 0.012654541517115012 0.00068262265329095131 0.0090353489213949988 0.00068262265329095131 -0.012453370478099919 0.031832109523745503 -0.0046645955176844505
leaf_weight=186.33291119104251 173.13448307407089 553.5297460037109 422.70504671137314 326.71989628882147 689.04223936711787 62.039711593359243 404.22833828115836
leaf_count=4138 3907 21618 7186 7831 37853 711 12830
internal_value=0.000956691 -0.000734947 0.00652618 -0.00516093 -0.0098963 0.0188056 0.000567108
internal_weight=2817.73 2582.56 976.235 1606.32 875.375 235.174 730.948
internal_count=96074 91456 28804 62652 41991 4618 20661
is_linear=0
shrinkage=0.04


Tree=223
num_leaves=8
num_cat=0
split_feature=20 21 5 6 0 17 20
split_gain=56.5164 50.3406 37.0349 23.6292 21.3937 10.5327 7.45769
threshold=36.456266606353473 1.5000000000000002 1.0000000180025095e-35 1.0000000180025095e-35 -0.3856126946928044 0.34377976378317215 60.043743038515366
decision_type=2 2 2 2 2 2 2
left_child=1 2 4 -4 -1 -3 -2
right_child=6 5 3 -5 -6 -7 -8
leaf_value=-0.019840053681683695 0.016076107169512802 0.004543133095576286 -0.0017415875221332372 0.004543133095576286 -0.0050432522752693089 0.012074697660275671 0.039051380646824937
leaf_weight=171.56165573335602 97.387137967860326 154.47583650785964 488.66118419371196 380.17282954143593 1240.4683860417281 239.24097278062254 38.794023989583366
leaf_count=14174 2255 2603 20699 6758 45361 3451 654
internal_value=0.000625711 -0.000695401 -0.00298843 0.00348477 -0.00696794 0.0120747 0.0248448
internal_weight=2810.76 2674.58 2280.86 868.834 1412.03 393.717 136.181
internal_count=95955 93046 86992 27457 59535 6054 2909
is_linear=0
shrinkage=0.04


Tree=224
num_leaves=8
num_cat=0
split_feature=7 11 0 4 17 6 2
split_gain=50.1311 45.2502 27.9482 22.0158 19.0723 12.7501 10.8521
threshold=8.5000000000000018 299.21896783273053 0.071244563499077443 8.5020151823228307 0.38251813137879542 1.0000000180025095e-35 0.48221518273384367
decision_type=2 2 2 2 2 2 2
left_child=3 6 -3 -1 -4 -5 -2
right_child=1 2 4 5 -6 -7 -8
leaf_value=0.0068894902616084734 0.0010945156185679264 -0.015136788329156837 -0.0072453301936326901 0.014701763510164003 0.0010945156185679264 0.033522607524307108 0.0068894902616084734
leaf_weight=118.15415856635082 360.57091668754583 321.81809759535827 646.65161146345781 135.19279354560422 743.73134321076213 95.093244803487323 391.04098437918583
leaf_count=4798 10204 23798 22933 3314 20817 1170 8985
internal_value=0.000915004 -0.00111402 -0.00470046 0.014893 -0.00219402 0.022514 0.00688949
internal_weight=2812.25 2463.81 1712.2 348.44 1390.38 230.286 751.612
internal_count=96019 86737 67548 9282 43750 4484 19189
is_linear=0
shrinkage=0.04


Tree=225
num_leaves=8
num_cat=0
split_feature=30 1 6 4 13 4 18
split_gain=56.4522 51.7583 48.3177 22.6026 20.647 10.3797 10.3137
threshold=1.0000000180025095e-35 0.2868997320183046 1.0000000180025095e-35 19.575331539145626 1.5000000000000002 9.7441715874789292 50.871120535086568
decision_type=2 2 2 2 2 2 2
left_child=1 4 -3 -4 6 -2 -1
right_child=5 2 3 -5 -6 -7 -8
leaf_value=-0.0066252529803325824 0.010470726123433478 -0.0016322016897561667 0.0044192622168386557 0.010470726123433478 -0.0016322016897561667 0.028179296546432111 -0.014306904100546112
leaf_weight=108.23653063783422 63.197633844101802 874.52872881287476 422.40212846407667 238.49431805335917 397.69966035929974 123.89072694943752 566.31768017006107
leaf_count=3667 731 28324 7337 2898 9475 1033 42468
internal_value=0.000928439 -0.000629293 0.00407112 0.0104707 -0.00733552 0.0215707 -0.0116183
internal_weight=2794.77 2607.68 1535.43 660.896 1072.25 187.088 674.554
internal_count=95933 94169 38559 10235 55610 1764 46135
is_linear=0
shrinkage=0.04


Tree=226
num_leaves=8
num_cat=0
split_feature=7 11 1 18 4 0 9
split_gain=50.5432 36.5199 26.5514 25.9089 20.3603 16.128 11.8519
threshold=15.500000000000002 108.22223188193537 0.24093573435378268 179.95460603557353 18.037654161053933 2.107625253890117 1.0000000180025095e-35
decision_type=2 2 2 2 2 2 2
left_child=2 -2 -1 -3 -4 -6 -5
right_child=1 3 4 6 5 -7 -8
leaf_value=0.0036236895647221512 0.0036236895647221512 -0.0007872341334090832 0.0095621040747766416 -0.013719242910606385 0.018365339580577074 0.040944817178256411 -0.0052070522581141336
leaf_weight=259.38185999929556 340.0501294170972 621.5675290779036 333.47952909203013 479.10313232167391 82.447490090096835 72.267387217143551 607.45207022683462
leaf_count=11433 7057 16737 7736 31747 1689 844 18749
internal_value=0.000835583 -0.0024189 0.00966627 -0.00519816 0.0155005 0.0271686 -0.00905128
internal_weight=2795.75 2048.17 747.576 1708.12 488.194 154.715 1086.56
internal_count=95992 74290 21702 67233 10269 2533 50496
is_linear=0
shrinkage=0.04


Tree=227
num_leaves=8
num_cat=0
split_feature=19 8 16 27 20 11 0
split_gain=56.9811 41.3205 41.2341 29.3738 28.3959 33.0697 23.7587
threshold=1.5000000000000002 1.0000000180025095e-35 16.500000000000004 1.5000000000000002 23.890708873212933 258.38016290004515 1.4341069479701443
decision_type=2 2 2 2 2 2 2
left_child=1 3 4 -1 5 -2 -3
right_child=2 6 -4 -5 -6 -7 -8
leaf_value=-0.00702935862788977 0.018948306637894284 0.0065038754814420608 -0.030758437510579519 0.0065038754814420608 0.029903952171236776 0.00249159221149424 0.032108211729987096
leaf_weight=1447.4885133781063 235.62949338293402 56.651500266947551 30.461003291566158 291.05133446861873 100.45618636178551 552.23553280549822 75.935331901768222
leaf_count=61530 3832 2813 3236 7413 1495 14195 1648
internal_value=0.000979057 -0.0030271 0.00908246 -0.00470069 0.0107758 0.00799266 0.0177084
internal_weight=2789.91 1871.13 918.782 1738.54 888.321 787.865 132.587
internal_count=96162 73404 22758 68943 19522 18027 4461
is_linear=0
shrinkage=0.04


Tree=228
num_leaves=8
num_cat=0
split_feature=19 9 18 12 30 13 0
split_gain=48.7636 33.2005 28.7764 26.248 21.8055 23.4073 20.5824
threshold=1.5000000000000002 1.0000000180025095e-35 22.925229988077493 1.5000000000000002 1.0000000180025095e-35 1.5000000000000002 0.69595379344036956
decision_type=2 2 2 2 2 2 2
left_child=1 6 -2 -4 5 -3 -1
right_child=2 4 3 -5 -6 -7 -8
leaf_value=-0.017941090783032406 0.029110273918083955 -0.0034814771718942386 0.013756755522519927 -0.00048720544926839407 0.02020648941040553 0.0087163278528495768 -0.0043692316602777998
leaf_weight=259.43815668541356 86.657185950898565 638.45101530943066 364.26538610641728 461.66592544919695 84.468061833409593 324.94982940028422 560.14144549571211
leaf_count=23999 928 22171 7584 14145 638 4772 21835
internal_value=0.000853921 -0.00284968 0.00838141 0.00588431 0.00186693 6.79089e-05 -0.00882989
internal_weight=2780.04 1867.45 912.588 825.931 1047.87 963.401 819.58
internal_count=96072 73415 22657 21729 27581 26943 45834
is_linear=0
shrinkage=0.04


Tree=229
num_leaves=8
num_cat=0
split_feature=20 10 25 2 9 20 18
split_gain=54.0588 46.6315 30.0978 25.9583 12.9089 12.0143 8.20027
threshold=24.80104812316495 38.256884818667771 1.0000000180025095e-35 0.51696055237675165 1.0000000180025095e-35 61.962507220857781 274.82277493040516
decision_type=2 2 2 2 2 2 2
left_child=1 -1 4 -4 -3 6 -2
right_child=5 2 3 -5 -6 -7 -8
leaf_value=0.0085259915049906744 0.021370518101573605 -0.017122473126940933 -0.0057275675296936321 0.0023746778709123444 -0.0058795033943146568 0.037341582006679683 0.0085259915049906744
leaf_weight=520.42139595403569 104.9974153895746 292.69205489513115 810.37248038788675 601.09323951724218 307.94473696488421 36.59096761920955 111.36869414936518
leaf_count=13028 2013 28570 19983 12636 15559 610 3595
internal_value=0.000788596 -0.000999942 -0.00377664 -0.000562711 -0.0111963 0.0180519 0.0132842
internal_weight=2785.48 2532.52 2012.1 1411.47 600.637 252.957 216.366
internal_count=95994 89776 76748 32619 44129 6218 5608
is_linear=0
shrinkage=0.04


Tree=230
num_leaves=8
num_cat=0
split_feature=14 0 20 16 7 17 16
split_gain=49.9662 31.3487 26.1103 21.7323 20.8372 15.0418 14.9099
threshold=1.0000000180025095e-35 -0.10539174792612542 29.854429506847605 2.5000000000000004 15.500000000000002 0.57857988154050455 16.500000000000004
decision_type=2 2 2 2 2 2 2
left_child=1 -1 4 5 -2 -3 -5
right_child=2 3 -4 6 -6 -7 -8
leaf_value=-0.013777122338661919 0.017749708040397522 -0.0069193286016539816 0.032282475523145532 0.003671558084512948 0.003671558084512948 0.0036146458511928997 -0.0069193286016539816
leaf_weight=306.57760130116367 204.38621847244212 689.05642443621764 64.407909347210079 686.36039583571255 526.86601277455338 284.22552537213778 30.91892117910902
leaf_count=23823 3965 28852 960 15295 12967 7302 2928
internal_value=0.00115691 -0.00222514 0.00956826 -6.15349e-05 0.00715909 -0.00404867 0.00367156
internal_weight=2792.8 1997.14 795.66 1690.56 731.252 973.282 717.279
internal_count=96092 78200 17892 54377 16932 36154 18223
is_linear=0
shrinkage=0.04


Tree=231
num_leaves=8
num_cat=0
split_feature=16 16 28 2 13 18 18
split_gain=46.92 62.5351 39.2668 37.7739 22.5316 11.8823 10.4551
threshold=20.500000000000004 5.5000000000000009 2.5000000000000004 0.79125188609731001 1.5000000000000002 155.29563481952658 415.3353394382201
decision_type=2 2 2 2 2 2 2
left_child=1 2 3 -1 5 -3 -6
right_child=-2 4 -4 -5 6 -7 -8
leaf_value=-0.00022040439213322669 -0.034623461199017325 0.015916333049537448 -0.011718854522496731 0.023544707820895058 0.032881333031262852 0.0014619749372562385 0.015916333049537448
leaf_weight=1650.8546409329283 48.7465010798187 106.73152993718395 457.69560353676206 104.41670723463176 109.70586279372219 214.25751354225213 78.965031797066331
leaf_count=49772 5216 1587 29475 2457 1056 5519 929
internal_value=0.000750057 0.00150778 -0.00141838 0.00131869 0.0139961 0.00717195 0.0246607
internal_weight=2771.37 2722.63 2212.97 1755.27 509.66 320.989 188.671
internal_count=96011 90795 81704 52229 9091 7106 1985
is_linear=0
shrinkage=0.04


Tree=232
num_leaves=8
num_cat=0
split_feature=17 15 12 1 25 9 7
split_gain=49.1989 29.6247 22.032 21.5575 17.6145 13.3651 8.77022
threshold=0.59280407283884673 1.5000000000000002 1.5000000000000002 0.12685162041818024 1.0000000180025095e-35 1.0000000180025095e-35 14.500000000000002
decision_type=2 2 2 2 2 2 2
left_child=1 3 5 -1 -5 -2 -4
right_child=2 -3 6 4 -6 -7 -8
leaf_value=-0.017450353182430194 0.0094807263661883662 0.0028723674400763385 0.0094807263661883662 -0.010728109875564535 -0.0017478077649144739 0.022759328626645318 0.0028723674400763385
leaf_weight=223.20649319762015 145.586774504598 640.41169425960106 111.14651609965949 304.54371200117748 806.55282749503385 205.91151734185405 347.58569053470274
leaf_count=16707 4312 15528 2687 24617 18329 2928 10923
internal_value=0.000456487 -0.00295079 0.00869553 -0.00636798 -0.00400587 0.0160891 0.00287237
internal_weight=2784.95 1974.71 810.23 1334.3 1111.1 351.498 458.732
internal_count=96031 75181 20850 59653 42946 7240 13610
is_linear=0
shrinkage=0.04


Tree=233
num_leaves=8
num_cat=0
split_feature=14 10 12 0 27 20 18
split_gain=44.0119 29.4264 24.7073 15.865 10.0361 8.01533 7.22966
threshold=1.0000000180025095e-35 38.256884818667771 1.5000000000000002 0.056355574386367659 1.5000000000000002 7.5914049865431315 162.37857381049596
decision_type=2 2 2 2 2 2 2
left_child=1 -1 4 -3 6 -5 -2
right_child=2 3 -4 5 -6 -7 -8
leaf_value=0.0033808726597068755 0.02165035179268365 -0.013330744394393782 0.0033808726597068755 -0.0049715031670570934 0.030558644498181554 -0.00074224097666712708 0.010061898247316424
leaf_weight=391.02591942064464 99.345059727551416 280.39252144136117 446.99549144401681 1062.2005950866733 63.903098672861233 234.29083753778832 187.7041735497769
leaf_count=11046 1377 23270 11091 36963 766 6703 4682
internal_value=0.00105794 -0.00215944 0.00892118 -0.00486535 0.0167429 -0.00294652 0.0127421
internal_weight=2765.86 1967.91 797.948 1576.88 350.952 1296.49 287.049
internal_count=95898 77982 17916 66936 6825 43666 6059
is_linear=0
shrinkage=0.04


Tree=234
num_leaves=8
num_cat=0
split_feature=21 1 7 13 11 0 21
split_gain=48.3329 34.8171 30.259 21.0648 18.8218 10.7388 6.18076
threshold=1.5000000000000002 0.1413071218681039 17.500000000000004 1.5000000000000002 322.20604462994976 0.51284147753290188 3.5000000000000004
decision_type=2 2 2 2 2 2 2
left_child=1 5 -3 -2 -4 -1 -5
right_child=3 2 4 6 -6 -7 -8
leaf_value=-0.020810468525943256 0.005560560668117295 0.005560560668117295 0.0012904815909028184 0.016704649350161686 -0.0057764377849285941 -0.0071957370973732325 0.037112395330625207
leaf_weight=140.49560101807583 241.28696810686961 577.03228201970342 410.63019794414868 119.0640829433687 941.8990806992515 290.67921645153547 41.100613355869427
leaf_count=14258 4774 15885 10313 1145 35025 14122 336
internal_value=0.000332282 -0.0018653 0.000450286 0.0129864 -0.0029796 -0.0120032 0.0238148
internal_weight=2762.19 2360.74 1929.56 401.452 1352.53 431.175 160.165
internal_count=95858 89603 61223 6255 45338 28380 1481
is_linear=0
shrinkage=0.04


Tree=235
num_leaves=8
num_cat=0
split_feature=16 16 28 29 18 18 29
split_gain=48.4863 58.8294 39.4754 42.8233 20.5021 20.1496 16.1567
threshold=18.500000000000004 5.5000000000000009 1.0000000180025095e-35 1.0000000180025095e-35 121.89376185898824 193.89917450352968 1.0000000180025095e-35
decision_type=2 2 2 2 2 2 2
left_child=1 2 3 -1 -3 -4 -6
right_child=-2 4 5 -5 6 -7 -8
leaf_value=0.00065075638365755251 -0.034706019310477669 0.025755731067028456 0.00065075638365755251 0.016386340661942833 1.959102483885925e-05 -0.0085367146078482309 0.016930170821819961
leaf_weight=418.81578127574176 49.144133482172037 155.89610091748182 523.97120715485653 365.97166174242739 185.09183172270423 895.60027360130334 166.734913121094
leaf_count=11828 5370 1759 14889 6156 4764 48714 2437
internal_value=0.00113092 0.00190541 -0.000940258 0.00621105 0.0140398 -0.00490953 0.00828014
internal_weight=2761.23 2712.08 2204.36 784.787 507.723 1419.57 351.827
internal_count=95917 90547 81587 17984 8960 63603 7201
is_linear=0
shrinkage=0.04


Tree=236
num_leaves=8
num_cat=0
split_feature=27 0 28 10 2 22 22
split_gain=44.2024 33.0743 26.7943 17.4808 17.4587 9.3831 9.18732
threshold=1.5000000000000002 -0.043451182515838092 1.5000000000000002 89.229311844689889 0.44604154536466689 0.0080753847491522503 0.004223869546212791
decision_type=2 2 2 2 2 2 2
left_child=1 6 4 -2 -3 -5 -1
right_child=3 2 -4 5 -6 -7 -8
leaf_value=-0.016482950180161861 0.02272649440501642 -0.00094148689239021224 -0.0058598346922998437 0.0049577176589492827 0.0049577176589492827 0.014482120715734834 -0.0059855913951004274
leaf_weight=270.25456253194716 145.6434672359901 544.63820567633957 676.13673469057539 266.65387038554763 696.20541392857558 72.788024821900763 96.542015823302791
leaf_count=23854 2499 12824 30196 8451 14218 863 3075
internal_value=0.000710198 -0.00163199 0.000494963 0.0115474 0.00397686 0.00623775 -0.0124661
internal_weight=2768.86 2283.78 1916.98 485.085 1240.84 339.442 366.797
internal_count=95980 84167 57238 11813 27042 9314 26929
is_linear=0
shrinkage=0.04


Tree=237
num_leaves=8
num_cat=0
split_feature=24 7 11 1 17 14 2
split_gain=49.1848 42.0276 38.7116 20.1289 8.30808 4.29019 2.31196
threshold=1.0000000180025095e-35 8.5000000000000018 299.21896783273053 0.1580409056768225 0.41441485769598524 1.0000000180025095e-35 0.29810140598736218
decision_type=2 2 2 2 2 2 2
left_child=1 -1 6 -4 -2 -6 -3
right_child=4 2 3 -5 5 -7 -8
leaf_value=0.0085797607222216753 0.0085797607222216753 -0.0018185392786795439 -0.01528837985939549 -0.0040594514734132135 0.016561801367673705 0.035991683117813519 0.0028630593148869211
leaf_weight=315.79832951104618 106.50030183419585 120.76099119518767 319.03520749755262 1201.3979108159256 91.681753520329949 38.91254355176352 556.5852946935338
leaf_count=8810 2485 3685 23261 40952 1680 439 14604
internal_value=0.000900559 -0.000770432 -0.00285364 -0.00650014 0.01793 0.0244994 0.00286306
internal_weight=2750.67 2513.58 2197.78 1520.43 237.095 130.594 677.346
internal_count=95916 91312 82502 64213 4604 2119 18289
is_linear=0
shrinkage=0.04


Tree=238
num_leaves=8
num_cat=0
split_feature=16 27 1 7 16 4 6
split_gain=45.4042 53.7649 39.1976 26.9432 19.1094 9.41693 9.15767
threshold=20.500000000000004 1.5000000000000002 0.15477321173071398 18.500000000000004 2.5000000000000004 5.5781324567993993 1.0000000180025095e-35
decision_type=2 2 2 2 2 2 2
left_child=1 2 -1 -4 6 -6 -3
right_child=-2 4 3 -5 5 -7 -8
leaf_value=-0.011114873406262424 -0.034428854338914398 0.0065883589645597141 0.0065883589645597141 -0.0016500525042486692 0.0065883589645597141 0.02669322561331821 0.018372026914930058
leaf_weight=461.70210592760122 46.794295207873802 158.15716239414178 557.22631533729145 1226.1742243360495 32.391891723265871 169.3494762579503 98.716464395052753
leaf_count=28651 5265 4468 14795 38543 741 2207 1389
internal_value=0.000973251 0.00171058 -0.000857982 0.00184458 0.0140347 0.0229945 0.00658836
internal_weight=2750.51 2703.72 2245.1 1783.4 458.615 201.741 256.874
internal_count=96059 90794 81989 53338 8805 2948 5857
is_linear=0
shrinkage=0.04


Tree=239
num_leaves=8
num_cat=0
split_feature=8 18 4 13 1 28 17
split_gain=49.2744 41.2464 30.6123 22.0644 19.2343 18.5884 10.4269
threshold=1.0000000180025095e-35 274.82277493040516 15.149760876685521 1.5000000000000002 0.49054927301474521 1.5000000000000002 0.43796859801519911
decision_type=2 2 2 2 2 2 2
left_child=1 3 -2 -1 -4 6 -3
right_child=2 5 4 -5 -6 -7 -8
leaf_value=0.00034935084687742215 0.0092855594772311388 -0.0064232526310721893 0.023306655468525114 0.0092855594772311388 0.057125785104994671 -0.011500629449512472 -0.00027506231509035335
leaf_weight=733.58197750833642 120.01234553541872 496.35900796021451 43.292921296146233 416.77148596051848 37.213483364437707 497.07291666927631 410.95268797018798
leaf_count=25677 4254 16617 1093 5964 538 31722 10375
internal_value=0.0007497 -0.00078007 0.0193512 0.00481274 0.0373278 -0.00536287 -0.00191156
internal_weight=2755.26 2554.74 200.519 1150.35 80.5064 1404.38 907.312
internal_count=96240 90355 5885 31641 1631 58714 26992
is_linear=0
shrinkage=0.04


Tree=240
num_leaves=8
num_cat=0
split_feature=13 2 25 6 18 4 28
split_gain=53.1964 32.3545 21.7636 16.0525 12.9569 11.5337 11.3134
threshold=2.5000000000000004 0.51696055237675165 1.0000000180025095e-35 1.0000000180025095e-35 183.13225697123184 16.449564128339393 1.0000000180025095e-35
decision_type=2 2 2 2 2 2 2
left_child=1 3 -3 6 -2 -5 -1
right_child=4 2 -4 5 -6 -7 -8
leaf_value=-0.0049137117022679602 0.022073076236782018 -0.00085017274278137878 0.0062343839458387871 -0.0049137117022679602 0.0076364723448467614 -0.00085017274278137878 -0.012742800158523684
leaf_weight=305.03865815445897 172.91258457594085 321.55433929846913 716.05173478735378 284.53718130450579 256.29983229725622 182.47871133161243 512.07667957851663
leaf_count=10755 2108 20045 15147 8030 5180 2915 31766
internal_value=0.00105557 -0.00135378 0.00387867 -0.00557901 0.0138225 -0.000850173 -0.00897725
internal_weight=2750.95 2321.74 1037.61 1284.13 429.212 467.016 817.115
internal_count=95946 88658 35192 53466 7288 10945 42521
is_linear=0
shrinkage=0.04


Tree=241
num_leaves=8
num_cat=0
split_feature=20 29 28 9 1 15 25
split_gain=43.888 42.8387 40.9852 26.4443 16.6803 15.4533 14.0348
threshold=60.043743038515366 1.0000000180025095e-35 1.0000000180025095e-35 1.0000000180025095e-35 0.17762353453559418 1.5000000000000002 1.0000000180025095e-35
decision_type=2 2 2 2 2 2 2
left_child=1 3 4 6 -3 -4 -1
right_child=-2 2 5 -5 -6 -7 -8
leaf_value=-0.018894440251479711 0.037352228871373065 0.0078895263704469396 0.00074070357982700509 0.00036184094424253344 0.018782665465913357 0.0078895263704469396 -0.0061216643041633427
leaf_weight=201.92358676900039 41.896410800050944 101.35752265175688 497.22337248804979 841.36746672884328 361.2577118560439 241.56231998969452 440.53279474645387
leaf_count=23218 692 3119 18544 23849 5073 4737 16638
internal_value=0.000918047 0.000213102 0.00580195 -0.00432054 0.0150383 0.000740704 -0.0103642
internal_weight=2727.12 2685.22 1201.4 1483.82 462.615 738.786 642.456
internal_count=95870 95178 31473 63705 8192 23281 39856
is_linear=0
shrinkage=0.04


Tree=242
num_leaves=8
num_cat=0
split_feature=16 16 17 27 7 14 13
split_gain=44.9835 54.2658 31.9002 27.2657 23.3856 18.7555 11.9864
threshold=16.500000000000004 4.5000000000000009 0.74210391203689141 1.5000000000000002 17.500000000000004 1.5000000000000002 1.5000000000000002
decision_type=2 2 2 2 2 2 2
left_child=1 2 4 5 -1 -3 -4
right_child=-2 3 6 -5 -6 -7 -8
leaf_value=0.0031879918621583944 -0.033720052020403811 0.0038353052942075752 0.0040425109103878962 0.028242948791870039 -0.0066531354552283352 0.017754617232189678 0.021951607155466419
leaf_weight=548.34544934082078 49.727408608887345 464.51503294601571 155.76379299588734 116.18342225940432 1258.843409412395 59.777602641726844 93.339263978530653
leaf_count=19012 5456 9510 4756 1395 53974 760 1111
internal_value=0.000619947 0.0013754 -0.00180189 0.0114472 -0.00366598 0.00726629 0.0113413
internal_weight=2746.5 2696.77 2056.29 640.476 1807.19 524.293 249.103
internal_count=95974 90518 78853 11665 72986 10270 5867
is_linear=0
shrinkage=0.04


Tree=243
num_leaves=8
num_cat=0
split_feature=24 12 16 9 2 15 17
split_gain=43.8959 37.1395 25.5696 22.9064 19.114 8.15669 6.94421
threshold=1.0000000180025095e-35 1.5000000000000002 16.500000000000004 1.0000000180025095e-35 0.51492325533503291 1.5000000000000002 0.52558115658442295
decision_type=2 2 2 2 2 2 2
left_child=1 3 4 -1 -3 6 -2
right_child=5 2 -4 -5 -6 -7 -8
leaf_value=-0.00043474479481734219 0.0078374573172727384 -0.008531654678567261 -0.032930571399763679 0.0078374573172727384 -0.00043474479481734219 0.026405743895894007 0.018224241497246316
leaf_weight=452.53632011702575 89.378430033219047 763.95354464705451 41.991274440981215 632.84992380521726 605.81184909900185 83.240848228742834 59.847752368077636
leaf_count=20893 2440 31255 5030 13143 20842 1202 975
internal_value=0.000499137 -0.00107442 -0.00533533 0.00446584 -0.00425683 0.0167493 0.0100427
internal_weight=2729.61 2497.14 1411.76 1085.39 1369.77 232.467 149.226
internal_count=95780 91163 57127 34036 52097 4617 3415
is_linear=0
shrinkage=0.04


Tree=244
num_leaves=8
num_cat=0
split_feature=10 25 29 2 18 2 18
split_gain=43.1788 35.7503 33.4847 24.9601 13.3833 11.4909 10.1486
threshold=35.164806513762635 1.0000000180025095e-35 1.0000000180025095e-35 0.51696055237675165 274.82277493040516 0.54012009189033072 118.61697977039397
decision_type=2 2 2 2 2 2 2
left_child=2 4 -1 6 -2 -4 -3
right_child=1 3 5 -5 -6 -7 -8
leaf_value=0.0044931354290156092 -0.004160169342007569 0.00060139285835981104 0.012856481402169431 0.0044931354290156092 -0.014889677593450105 0.030382599702395312 -0.004160169342007569
leaf_weight=260.4867624095059 291.37970090792805 274.2104820163222 142.21064363227924 669.6983678797551 353.21885461189959 116.40376197418664 628.41089112058398
leaf_count=8484 15613 4485 2836 13679 31920 1743 17383
internal_value=0.000579588 -0.00186303 0.0108493 0.00139876 -0.0097191 0.0212198 -0.00329035
internal_weight=2736.02 2216.92 519.101 1572.32 644.599 258.614 902.621
internal_count=96143 83080 13063 35547 47533 4579 21868
is_linear=0
shrinkage=0.04


Tree=245
num_leaves=8
num_cat=0
split_feature=30 5 14 29 6 23 2
split_gain=43.4335 41.0509 32.308 21.5955 9.06812 8.39673 6.27097
threshold=1.0000000180025095e-35 1.5000000000000002 1.0000000180025095e-35 1.0000000180025095e-35 1.0000000180025095e-35 99.500000000000014 0.33394714819607496
decision_type=2 2 2 2 2 2 2
left_child=1 2 3 -1 -3 -2 -4
right_child=5 4 6 -5 -6 -7 -8
leaf_value=-0.0095945583018267819 0.024755372601942507 0.0036404487432070767 -0.00089204334483373006 -0.00089204334483373006 0.0096125076566672615 0.0096125076566672615 0.0036404487432070767
leaf_weight=882.08108515467029 133.95691164780874 163.67909402851365 151.84425974954502 714.26197916365345 148.41072068503127 43.961530265165493 489.76271635774174
leaf_count=46705 1309 6824 4083 22603 2420 433 11487
internal_value=0.0010162 -0.000350071 -0.00233161 -0.00542454 0.00961251 0.0195751 0.00364045
internal_weight=2727.96 2550.04 2237.95 1596.34 312.09 177.918 641.607
internal_count=95864 94122 84878 69308 9244 1742 15570
is_linear=0
shrinkage=0.04


Tree=246
num_leaves=8
num_cat=0
split_feature=16 15 6 4 19 16 14
split_gain=41.0832 54.2483 24.1009 23.9526 22.2421 13.8337 13.1319
threshold=20.500000000000004 1.5000000000000002 1.0000000180025095e-35 16.00151695978246 1.5000000000000002 3.5000000000000004 1.5000000000000002
decision_type=2 2 2 2 2 2 2
left_child=1 2 5 -4 6 -1 -3
right_child=-2 4 3 -5 -6 -7 -8
leaf_value=-0.0091244066472918276 -0.033976577213706123 0.0035168726793965831 -0.0014419364535122909 0.0035168726793965831 0.01840948997825393 -0.0014419364535122909 0.02125395604803141
leaf_weight=791.85265393700683 43.681304376004846 508.06205370489624 398.04597705957713 296.87135648378171 290.92008754215203 330.67129033507081 60.353521130804438
leaf_count=47465 5233 12179 11280 5102 4034 9837 889
internal_value=0.000675629 0.00136546 -0.00255296 0.00327245 0.0095867 -0.00615632 0.00483091
internal_weight=2720.46 2676.78 1817.44 694.917 859.336 1122.52 568.416
internal_count=96019 90786 73684 16382 17102 57302 13068
is_linear=0
shrinkage=0.04


Tree=247
num_leaves=8
num_cat=0
split_feature=24 6 1 28 27 21 29
split_gain=38.7159 34.443 44.2718 17.9221 13.5046 12.261 10.1975
threshold=1.0000000180025095e-35 1.0000000180025095e-35 0.61012909710148111 1.0000000180025095e-35 1.0000000180025095e-35 1.5000000000000002 1.0000000180025095e-35
decision_type=2 2 2 2 2 2 2
left_child=1 3 -3 6 -2 -5 -1
right_child=4 2 -4 5 -6 -7 -8
leaf_value=-0.0039285949393214241 0.007788125110224399 0.00014046031498619494 0.0074110584487828302 -0.010515671363431432 0.028086649323252857 -0.0039285949393214241 0.00014046031498619494
leaf_weight=293.19731371321541 150.31448086642195 627.86251744569745 331.08625498251058 817.09461175277829 81.501467356050853 146.21633617859334 280.91849091774202
leaf_count=11903 3219 15150 5405 49812 1384 3134 6025
internal_value=0.000507671 -0.000968896 0.00494941 -0.00466849 0.015791 -0.00799765 0.00014046
internal_weight=2728.19 2496.38 958.949 1537.43 231.816 963.311 574.116
internal_count=96032 91429 20555 70874 4603 52946 17928
is_linear=0
shrinkage=0.04


Tree=248
num_leaves=8
num_cat=0
split_feature=18 16 16 4 4 4 27
split_gain=44.5833 31.2745 36.4074 20.3694 19.1956 7.11743 6.75155
threshold=30.734990725477157 18.500000000000004 2.5000000000000004 31.034355790570213 6.0913503908551894 7.1893318151470567 1.0000000180025095e-35
decision_type=2 2 2 2 2 2 2
left_child=5 2 3 -2 -4 -1 -7
right_child=1 -3 4 -5 -6 6 -8
leaf_value=0.0068632983919808344 -0.0061235997417480982 -0.032764200451352914 -0.0054434140969439248 0.0068632983919808344 0.0068632983919808344 0.012656864580578771 0.028029064837246237
leaf_weight=82.236536833515856 1272.7315867137222 38.809169022060814 208.35358757627546 127.16550572036067 768.0682255733991 152.34005944855744 76.405592174909543
leaf_count=1964 55923 5117 8575 4578 16876 2053 904
internal_value=0.000788401 -0.00106877 -0.000415997 -0.00453834 0.0054803 0.0147954 0.0184504
internal_weight=2726.11 2415.13 2376.32 1399.9 976.422 310.982 228.746
internal_count=95990 91069 85952 60501 25451 4921 2957
is_linear=0
shrinkage=0.04


Tree=249
num_leaves=8
num_cat=0
split_feature=16 16 28 7 18 10 10
split_gain=38.841 50.4907 29.9852 28.1217 17.0547 18.2302 11.4451
threshold=17.500000000000004 5.5000000000000009 2.5000000000000004 15.500000000000002 128.11276896319197 82.940574790674717 65.137265509743045
decision_type=2 2 2 2 2 2 2
left_child=1 2 3 -1 -3 -6 -4
right_child=-2 4 6 -5 5 -7 -8
leaf_value=0.0094478836183444458 -0.033360453234535917 0.02320683441767999 -0.0046794816405005728 -0.0019696298554564297 0.015264224726324613 0.00044895221267454493 -0.014567668695800447
leaf_weight=463.78820392600028 42.38130069784529 159.26460255787242 102.41979152918793 1262.6726434931334 108.12638634612085 234.99789251759648 333.76446763932472
leaf_count=11748 5410 1859 4793 40317 1679 5442 24626
internal_value=0.000755778 0.001421 -0.00124839 0.00113426 0.0127121 0.00732162 -0.0104932
internal_weight=2707.42 2665.03 2162.65 1726.46 502.389 343.124 436.184
internal_count=95874 90464 81484 52065 8980 7121 29419
is_linear=0
shrinkage=0.04


Tree=250
num_leaves=8
num_cat=0
split_feature=30 21 0 12 23 17 10
split_gain=44.7368 37.1489 32.7311 24.1955 7.78835 5.86206 5.78407
threshold=1.0000000180025095e-35 1.5000000000000002 -0.50407031261224267 1.5000000000000002 99.500000000000014 0.35989716136078231 450.0984975068605
decision_type=2 2 2 2 2 2 2
left_child=1 2 -1 -4 5 -2 -3
right_child=4 6 3 -5 -6 -7 -8
leaf_value=-0.017448967278473199 0.016811466223672768 0.0093839494595236456 0.0033425127800970479 -0.0049072318367472875 0.0093839494595236456 0.03227690443328432 0.0033425127800970479
leaf_weight=206.609990071418 62.587226234842092 269.80111569777364 828.98594231074094 1113.8128347063757 43.33373951620888 75.094315734109841 100.94875048304675
leaf_count=18043 611 4086 26021 43840 439 709 1955
internal_value=0.00075793 -0.000654118 -0.00269892 -0.00104899 0.019422 0.024239 0.00938395
internal_weight=2701.17 2520.16 2149.41 1942.8 181.015 137.682 370.75
internal_count=95704 93945 87904 69861 1759 1320 6041
is_linear=0
shrinkage=0.04


Tree=251
num_leaves=8
num_cat=0
split_feature=18 29 28 5 17 21 2
split_gain=40.1149 37.3748 38.956 22.9172 15.6324 8.52993 6.78819
threshold=17.324600825703218 1.0000000180025095e-35 1.0000000180025095e-35 1.5000000000000002 0.51256545177840696 1.5000000000000002 0.4125284953152058
decision_type=2 2 2 2 2 2 2
left_child=6 3 -3 4 -2 -4 -1
right_child=1 2 5 -5 -6 -7 -8
leaf_value=0.010267463586990586 -0.010886681828357694 0.010267463586990586 0.00034227248270816138 0.00034227248270816138 -0.0034080746243850268 0.0053048680348493742 0.026665592662867828
leaf_weight=49.435589565662667 751.78337054804433 452.21011582578649 593.48026438555098 182.77155500355002 480.87812884664163 109.18499847687781 97.62763732514577
leaf_count=887 39382 8102 21392 6131 17313 1514 1377
internal_value=0.00105457 -0.000144058 0.00517155 -0.00448701 -0.00715842 0.000342272 0.020679
internal_weight=2717.37 2570.31 1154.88 1415.43 1232.66 702.665 147.063
internal_count=96098 93834 31008 62826 56695 22906 2264
is_linear=0
shrinkage=0.04


Tree=252
num_leaves=8
num_cat=0
split_feature=14 22 0 28 13 4 0
split_gain=40.8021 32.9619 25.2867 19.336 8.53936 7.64673 7.48963
threshold=1.5000000000000002 0.002406742354031511 -0.80324117744503598 1.5000000000000002 2.5000000000000004 6.4569412860096378 1.0411010018373312
decision_type=2 2 2 2 2 2 2
left_child=1 2 -1 -4 6 -3 -2
right_child=4 5 3 -5 -6 -7 -8
leaf_value=-0.020373376551018216 0.0071825981357583482 0.0019267725798261617 0.0010762980359337998 -0.0077698996125414423 0.029336043192349285 0.0071825981357583482 0.017502046003549907
leaf_weight=119.63938082450477 93.317949789285194 142.74523491677246 1120.7201167457388 599.12312848179135 48.751856366405264 432.60741983953631 141.60422295134049
leaf_count=11151 3173 4024 32491 34636 568 7282 2487
internal_value=0.000997828 -0.000711377 -0.00332905 -0.00203246 0.0150766 0.0071826 0.0110404
internal_weight=2698.51 2414.84 1839.48 1719.84 283.674 575.353 234.922
internal_count=95812 89584 78278 67127 6228 11306 5660
is_linear=0
shrinkage=0.04


Tree=253
num_leaves=8
num_cat=0
split_feature=11 20 1 10 28 13 26
split_gain=39.6938 30.8843 25.8395 23.7574 18.9466 8.12389 7.1655
threshold=81.64552111910217 24.369037534918665 0.13987218831734691 54.422472780765425 2.5000000000000004 2.5000000000000004 0.557553802913903
decision_type=2 2 2 2 2 2 2
left_child=3 2 6 -1 -4 -5 -2
right_child=1 -3 4 5 -6 -7 -8
leaf_value=0.028218090303248514 -0.016117073088168697 0.0055776285532192372 0.0011556691876228248 0.0055776285532192372 -0.0067694783189708955 0.017101965538106712 -0.0067694783189708955
leaf_weight=100.79102262377273 271.69217959912203 231.03741649951553 1378.5200808524096 229.52036630129442 340.28033139748732 48.044120577396825 107.04657129282714
leaf_count=1459 19013 5974 37363 5748 19243 550 6763
internal_value=0.000641862 -0.00132719 -0.00316865 0.0124824 -0.00105587 0.00598584 -0.0124831
internal_weight=2706.93 2328.58 2097.54 378.356 1718.8 277.564 378.739
internal_count=96113 88356 82382 7757 56606 6298 25776
is_linear=0
shrinkage=0.04


Tree=254
num_leaves=8
num_cat=0
split_feature=12 16 17 15 25 2 11
split_gain=38.9498 32.3471 34.9133 18.1561 15.8981 8.17581 4.66267
threshold=1.0000000180025095e-35 16.500000000000004 0.58556721969605363 1.5000000000000002 1.0000000180025095e-35 0.52183145991905733 509.71568034301066
decision_type=2 2 2 2 2 2 2
left_child=3 2 4 5 -2 -1 -5
right_child=1 -3 -4 6 -6 -7 -8
leaf_value=0.0051978401704516931 -0.01028612381303391 -0.032698433366537064 0.0051978401704516931 0.030142565482763863 -0.0014797577378534489 0.01431588968364334 0.01431588968364334
leaf_weight=145.36532243524562 450.06537027345621 41.879758064751513 659.26849086568109 74.436580602719914 1157.7852886104374 121.18610045441892 62.250685792823788
leaf_count=5037 37138 5366 16134 958 26983 3201 1136
internal_value=0.000550942 -0.00146719 -0.000749198 0.0118629 -0.00399316 0.00540779 0.023224
internal_weight=2712.24 2309 2267.12 403.239 1607.85 266.551 136.687
internal_count=95953 85621 80255 10332 64121 8238 2094
is_linear=0
shrinkage=0.04


Tree=255
num_leaves=8
num_cat=0
split_feature=6 4 0 2 30 19 25
split_gain=42.1721 102.477 74.1424 21.9641 15.0424 12.4067 8.50986
threshold=1.0000000180025095e-35 22.014212983867981 2.0495636462703164 0.62785752780635218 1.0000000180025095e-35 1.5000000000000002 1.0000000180025095e-35
decision_type=2 2 2 2 2 2 2
left_child=3 4 -3 5 -2 -1 -4
right_child=1 2 6 -5 -6 -7 -8
leaf_value=-0.0089083851807641411 0.001812689894244274 0.014881254843227365 0.031691749101642894 0.001812689894244274 0.014881254843227365 -0.0021261831397173005 0.056370419513589037
leaf_weight=854.10527772699425 701.2508723413921 130.7704196065315 41.127595785306767 402.68493955515441 55.963052652194165 415.42069465725217 98.079186237184331
leaf_count=45469 16957 2564 884 15261 495 13702 722
internal_value=0.000598647 0.00694037 0.0279498 -0.00331499 0.00181269 -0.00606506 0.0485022
internal_weight=2699.4 1027.19 269.977 1672.21 757.214 1269.53 139.207
internal_count=96054 21622 4170 74432 17452 59171 1606
is_linear=0
shrinkage=0.04


Tree=256
num_leaves=8
num_cat=0
split_feature=16 15 16 27 1 7 11
split_gain=34.6642 52.1048 29.8675 18.5942 15.2635 14.734 14.4467
threshold=16.500000000000004 2.5000000000000004 2.5000000000000004 2.5000000000000004 0.19195824018870192 15.500000000000002 58.223329306782688
decision_type=2 2 2 2 2 2 2
left_child=1 2 6 5 -4 -3 -1
right_child=-2 3 4 -5 -6 -7 -8
leaf_value=0.004331148949774522 -0.031712197577276925 0.017268515630598405 -0.0061326211981504722 0.026709343490304419 0.004331148949774522 0.004331148949774522 -0.0076328442474120134
leaf_weight=111.47184715745971 42.056845249026082 163.42272540280828 216.69762467124383 91.297264240914956 591.83187435282161 424.55826287000673 1050.595556608343
leaf_count=3076 5402 2520 9977 998 13010 8140 52783
internal_value=0.000617244 0.00124765 -0.00205383 0.0107161 0.00382216 0.00782769 -0.00613988
internal_weight=2691.93 2649.88 1970.6 679.278 808.529 587.981 1162.07
internal_count=95906 90504 78846 11658 22987 10660 55859
is_linear=0
shrinkage=0.04


Tree=257
num_leaves=8
num_cat=0
split_feature=13 27 1 7 21 20 0
split_gain=44.3131 28.9948 23.1058 16.2493 11.7777 11.6693 7.31475
threshold=2.5000000000000004 1.5000000000000002 0.15477321173071398 29.500000000000004 3.5000000000000004 9.7897870209260951 0.82332089913417417
decision_type=2 2 2 2 2 2 2
left_child=1 2 6 -4 5 -2 -1
right_child=4 -3 3 -5 -6 -7 -8
leaf_value=-0.018502315186142478 0.0073383087866936529 0.0060059317748120547 0.0014273490522083365 -0.0050988061857359024 0.039149453846134649 0.024672208043843586 -0.006807150143148916
leaf_weight=151.72115845473309 331.8230289585772 397.39008353304234 710.76580696542806 794.83701523039781 17.475624156650156 71.843356126686558 224.03735230176244
leaf_count=15954 6096 10743 22051 28373 154 1077 11566
internal_value=0.00123615 -0.000984585 -0.00315123 -0.000907083 0.0129964 0.0109452 -0.0118866
internal_weight=2699.89 2278.75 1881.36 1505.6 421.142 403.666 375.759
internal_count=96014 88687 77944 50424 7327 7173 27520
is_linear=0
shrinkage=0.04


Tree=258
num_leaves=8
num_cat=0
split_feature=19 10 7 11 16 16 6
split_gain=38.4368 25.0988 24.9161 17.6385 17.5765 15.5987 12.9459
threshold=1.5000000000000002 47.514249551750545 7.5000000000000009 191.73716236368912 12.500000000000002 2.5000000000000004 1.0000000180025095e-35
decision_type=2 2 2 2 2 2 2
left_child=2 -2 6 -4 5 -3 -1
right_child=1 4 3 -5 -6 -7 -8
leaf_value=0.0029660456079404797 0.018788831795590155 -0.00081229071897310795 0.0026521465249926164 -0.0070573803154191086 -0.024754320955216555 0.010956798512140861 0.023146552774176758
leaf_weight=109.73604388354579 208.24027369759278 376.13392001844477 388.42438676967868 1232.9667857211462 24.614403530373238 276.33047738188179 68.440409957664087
leaf_count=4348 3674 11035 10391 57331 3015 4945 1243
internal_value=0.000199734 0.00697789 -0.003155 -0.00472934 0.00312477 0.00453431 0.0106614
internal_weight=2684.89 885.319 1799.57 1621.39 677.079 652.464 178.176
internal_count=95982 22669 73313 67722 18995 15980 5591
is_linear=0
shrinkage=0.04


Tree=259
num_leaves=8
num_cat=0
split_feature=19 0 16 15 17 2 16
split_gain=35.4997 24.3432 24.0426 27.5538 21.0083 18.5837 14.4614
threshold=1.5000000000000002 -0.52206576701478979 16.500000000000004 1.5000000000000002 0.46149235596048693 0.47997722166645779 2.5000000000000004
decision_type=2 2 2 2 2 2 2
left_child=1 -1 3 6 -3 -6 -2
right_child=2 4 -4 -5 5 -7 -8
leaf_value=-0.016739834124339097 -0.0026025764709865927 -0.0051712143946034588 -0.027603761803156459 0.018058837108656928 -0.00061339658327338011 0.010275690921373197 0.010079023411373523
leaf_weight=169.70719695634034 322.14184545475291 920.86770916345995 21.518196281569544 287.4135930040502 339.72123662329977 366.23280237276049 245.49454966321355
leaf_count=14730 10813 37902 3209 3941 11049 9708 4754
internal_value=0.00045234 -0.00276661 0.00700638 0.00818641 -0.00121558 0.00394442 0.00296157
internal_weight=2673.1 1796.53 876.568 855.05 1626.82 705.954 567.636
internal_count=96106 73389 22717 19508 58659 20757 15567
is_linear=0
shrinkage=0.04


Tree=260
num_leaves=8
num_cat=0
split_feature=21 5 28 18 2 10 10
split_gain=41.248 31.2417 26.4395 14.82 14.5135 9.64091 5.86028
threshold=1.5000000000000002 1.5000000000000002 1.5000000000000002 274.82277493040516 0.43338503445468263 54.422472780765425 478.68188967913699
decision_type=2 2 2 2 2 2 2
left_child=1 2 4 6 -1 -4 -2
right_child=3 -3 5 -5 -6 -7 -8
leaf_value=-0.0051255499584619132 0.024869405821765337 0.0052829661976677286 -0.0051255499584619132 0.0052829661976677286 0.00081375957999585196 -0.012778599197634242 0.012766383867279005
leaf_weight=549.06637460940692 139.2127967888955 286.08100463809387 152.11675836035283 210.78779810798005 759.56303406540246 534.71631012734724 44.548158062796574
leaf_count=17873 1850 8849 6445 3656 21055 35412 711
internal_value=0.000436265 -0.0016442 -0.00365545 0.0122101 -0.000301636 -0.00994946 0.0202498
internal_weight=2676.09 2281.54 1995.46 394.549 1308.63 686.833 183.761
internal_count=95851 89634 80785 6217 38928 41857 2561
is_linear=0
shrinkage=0.04


Tree=261
num_leaves=8
num_cat=0
split_feature=8 22 4 1 25 1 17
split_gain=38.5631 30.9074 26.6563 21.4034 17.8367 14.7117 12.681
threshold=1.0000000180025095e-35 0.002406742354031511 15.149760876685521 0.11018899069953987 1.0000000180025095e-35 0.49054927301474521 0.43199877121562541
decision_type=2 2 2 2 2 2 2
left_child=1 3 -2 -1 -5 -4 -3
right_child=2 6 5 4 -6 -7 -8
leaf_value=-0.014025056695038274 0.0083422519347921675 0.0021285715764747309 0.020943907196745642 -0.0077183804540653456 0.0011466048272879613 0.050030217731827975 0.0083422519347921675
leaf_weight=238.16453158621152 116.4137665892049 304.70830957719591 43.823217397672124 447.64520480166539 1199.3429675301013 40.762132138363086 288.10891437804094
leaf_count=18217 4233 6615 1110 33659 26802 564 4841
internal_value=0.000831944 -0.000563619 0.0172481 -0.00307083 -0.0014117 0.0335456 0.00732798
internal_weight=2678.97 2477.97 200.999 1885.15 1646.99 84.5853 592.817
internal_count=96041 90134 5907 78678 60461 1674 11456
is_linear=0
shrinkage=0.04


Tree=262
num_leaves=8
num_cat=0
split_feature=8 18 4 1 7 10 9
split_gain=35.9827 29.9326 19.1924 18.2933 15.7152 13.0414 11.1638
threshold=1.0000000180025095e-35 121.89376185898824 15.149760876685521 0.51029558495457572 14.500000000000002 514.60803368706786 1.0000000180025095e-35
decision_type=2 2 2 2 2 2 2
left_child=1 5 -2 -4 -3 -1 -6
right_child=2 4 3 -5 6 -7 -8
leaf_value=0.0080358192067879145 0.0080358192067879145 0.0012205135738168945 0.019516113514666398 0.050869354775236054 -0.010028194875518877 0.0012205135738168945 -0.0025111406914402339
leaf_weight=567.23284249592689 118.34364650050702 430.01122396004212 43.469030758016743 35.589542343630455 558.36052108620061 183.48248982329096 733.10091674319119
leaf_count=11859 4301 15202 1103 538 36573 4793 21723
internal_value=0.00070396 -0.00063609 0.0167077 0.0309964 -0.00353932 0.00598035 -0.0058132
internal_weight=2669.59 2472.19 197.402 79.0586 1721.47 750.715 1291.46
internal_count=96092 90150 5942 1641 73498 16652 58296
is_linear=0
shrinkage=0.04


Tree=263
num_leaves=8
num_cat=0
split_feature=20 11 0 10 4 15 16
split_gain=39.2419 45.9078 23.4838 21.761 10.5163 6.88727 4.32658
threshold=41.729644899136559 103.4136703769375 -0.52206576701478979 289.03030875250386 7.2983112113901001 1.0000000180025095e-35 3.5000000000000004
decision_type=2 2 2 2 2 2 2
left_child=1 4 6 -4 -1 -2 -3
right_child=5 2 3 -5 -6 -7 -8
leaf_value=0.0038297592089512216 0.011336233651710433 -0.020029708844445944 0.0021416679980754815 -0.0063326820682743203 0.011336233651710433 0.032159773581765257 -0.0088573983391685689
leaf_weight=128.15629362332402 45.985024846217129 135.35035509066074 1035.6185114710097 895.53582324848685 312.9967889059335 56.148705852712737 64.203136151045328
leaf_count=3992 1093 13020 32507 35128 5437 983 3908
internal_value=0.000257611 -0.000749444 -0.00319053 -0.00180053 0.01085 0.0234219 -0.0159143
internal_weight=2673.99 2571.86 2130.71 1931.15 441.153 102.134 199.553
internal_count=96068 93992 84563 67635 9429 2076 16928
is_linear=0
shrinkage=0.04


Tree=264
num_leaves=8
num_cat=0
split_feature=30 24 6 4 0 4 18
split_gain=40.0517 30.6043 26.037 25.3085 17.3851 10.4252 0.968015
threshold=1.0000000180025095e-35 1.0000000180025095e-35 1.0000000180025095e-35 19.575331539145626 -0.84501091872180101 9.7441715874789292 266.49800080353589
decision_type=2 2 2 2 2 2 2
left_child=1 2 4 -4 -1 -2 -7
right_child=5 -3 3 -5 -6 6 -8
leaf_value=-0.021200775224574246 0.0090988009564192552 0.0090988009564192552 -0.00093471200948871817 0.0035860333636256224 -0.0040207918358521324 0.032009634216921726 0.01739778280666008
leaf_weight=92.536703293386381 62.263818690320477 215.49307427997701 591.20929269111366 295.51994195859879 1317.5202108038357 52.093805743614212 63.960631193360314
leaf_count=9592 740 4484 15232 4767 60532 509 522
internal_value=0.000868515 -0.000463345 -0.00192673 0.00342018 -0.0052896 0.0186609 0.0256968
internal_weight=2690.6 2512.28 2296.79 886.729 1410.06 178.318 116.054
internal_count=96378 94607 90123 19999 70124 1771 1031
is_linear=0
shrinkage=0.04


Tree=265
num_leaves=8
num_cat=0
split_feature=30 14 1 4 2 13 1
split_gain=41.9351 31.5874 22.7715 18.716 15.4299 10.1511 8.15685
threshold=1.0000000180025095e-35 1.0000000180025095e-35 0.32214845388558627 21.175349045867502 0.3610581725807363 1.5000000000000002 0.093918637836914828
decision_type=2 2 2 2 2 2 2
left_child=1 2 5 -4 -3 -1 -2
right_child=6 4 3 -5 -6 -7 -8
leaf_value=-0.012152606554460025 0.0088972219048047557 0.0011874348083046732 -0.0041856490188347181 0.0011874348083046732 0.0088972219048047557 -0.0041856490188347181 0.02253806894775166
leaf_weight=511.4059689331043 15.789381288690491 196.03591164620593 722.5230800412246 252.90725860069506 516.19834248485859 290.52278253511759 161.29108120093588
leaf_count=40492 220 5391 22974 5522 11979 8076 1539
internal_value=0.00044896 -0.000919897 -0.00376912 0.000346573 0.00614399 -0.00871787 0.0187143
internal_weight=2666.67 2489.59 1777.36 975.43 712.234 801.929 177.08
internal_count=96193 94434 77064 28496 17370 48568 1759
is_linear=0
shrinkage=0.04


Tree=266
num_leaves=8
num_cat=0
split_feature=5 1 29 0 28 17 27
split_gain=36.8681 54.5215 32.5125 25.7708 18.8706 16.3577 8.11107
threshold=1.5000000000000002 0.69699560875824551 1.0000000180025095e-35 2.0495636462703164 1.0000000180025095e-35 0.58214561148766764 1.5000000000000002
decision_type=2 2 2 2 2 2 2
left_child=2 -2 5 -3 -4 6 -1
right_child=1 3 4 -5 -6 -7 -8
leaf_value=-0.010394142084625921 0.0061224701322886337 0.022600028770354847 0.0061224701322886337 0.057947661652663074 -0.00048353186095729443 -0.00048353186095729443 -0.004401605490138169
leaf_weight=738.50403327400272 244.11779964946618 38.2262299125141 412.33281641590293 47.998908245819621 643.98969403433148 389.97004625170666 144.4300391440629
leaf_count=40050 7638 1160 7476 642 21191 13048 4700
internal_value=0.000869857 0.0131681 -0.000923182 0.0390776 0.00424266 -0.00520973 -0.00831968
internal_weight=2659.57 330.343 2329.23 86.2251 1056.32 1272.9 882.934
internal_count=95905 9440 86465 1802 28667 57798 44750
is_linear=0
shrinkage=0.04


Tree=267
num_leaves=8
num_cat=0
split_feature=20 10 16 18 15 11 4
split_gain=35.5491 34.5717 23.1762 27.5759 14.1497 10.287 1.11682
threshold=60.043743038515366 35.164806513762635 18.500000000000004 179.95460603557353 2.5000000000000004 128.95141953913347 5.420123243311294
decision_type=2 2 2 2 2 2 2
left_child=1 4 3 -3 5 -1 -6
right_child=-2 2 -4 -5 6 -7 -8
leaf_value=0.010503397116190612 0.033395251492620702 0.0032988399697760316 -0.03175876857018875 -0.0053526956885919796 0.010503397116190612 0.0032988399697760316 0.016569725253247555
leaf_weight=76.696284571953584 41.212618804362137 742.98318990450935 32.501222778038937 1333.1761481759022 27.926181712507969 278.72191211170866 116.01033923833165
leaf_count=1299 694 17254 4890 60212 582 9345 1699
internal_value=0.000391304 -0.000255801 -0.00250434 -0.00189634 0.00910202 0.00443707 0.0165697
internal_weight=2649.23 2608.02 2108.66 2076.16 499.355 355.418 143.937
internal_count=95975 95281 82356 77466 12925 10644 2281
is_linear=0
shrinkage=0.04


Tree=268
num_leaves=8
num_cat=0
split_feature=13 16 12 27 16 16 28
split_gain=36.5686 28.6208 20.063 16.6214 13.8249 12.3296 15.0544
threshold=1.5000000000000002 3.5000000000000004 1.5000000000000002 1.5000000000000002 20.500000000000004 12.500000000000002 2.5000000000000004
decision_type=2 2 2 2 2 2 2
left_child=2 3 -1 -2 -3 6 -4
right_child=1 4 5 -5 -6 -7 -8
leaf_value=0.0021703879403298645 0.0022456248956929862 0.019684394466900696 -0.002817556615408159 0.017552349856726018 0.0022456248956929862 -0.028091039496454698 -0.015092860279399061
leaf_weight=766.12245011297637 502.19586847879691 286.66085866634967 767.28580964944558 103.79795628029387 13.162806358537635 30.847421412909171 194.3151193560625
leaf_count=29614 11335 3422 28724 1321 879 4529 16276
internal_value=0.000683993 0.00716952 -0.00267827 0.00224562 0.0170656 -0.00640551 -0.00542789
internal_weight=2664.39 905.817 1758.57 605.994 299.824 992.448 961.601
internal_count=96100 16957 79143 12656 4301 49529 45000
is_linear=0
shrinkage=0.04


Tree=269
num_leaves=8
num_cat=0
split_feature=19 24 16 15 13 5 1
split_gain=40.5541 22.1519 21.8666 22.0188 18.0145 17.2796 16.7682
threshold=1.5000000000000002 1.0000000180025095e-35 18.500000000000004 2.5000000000000004 1.5000000000000002 1.0000000180025095e-35 0.36321014556576287
decision_type=2 2 2 2 2 2 2
left_child=1 5 3 4 -2 -1 -7
right_child=2 -3 -4 -5 -6 6 -8
leaf_value=-0.0078256548447820998 -0.00096806195522577824 0.01112063322993392 -0.027314338932510087 0.018534227240660766 0.011388265361150934 -0.0035861571313736428 0.0032520957637696326
leaf_weight=1004.9315151462361 400.51477162982337 147.38296998705482 18.95775465045881 232.71817948226817 227.04483263596194 290.60280557215447 326.23447076365119
leaf_count=47978 13479 3417 3180 2841 3151 14013 7873
internal_value=0.00023683 -0.00325029 0.00721109 0.00827703 0.0042423 -0.00461644 0.000653341
internal_weight=2648.39 1769.15 879.236 860.278 627.56 1621.77 616.837
internal_count=95932 73281 22651 19471 16630 69864 21886
is_linear=0
shrinkage=0.04


Tree=270
num_leaves=8
num_cat=0
split_feature=13 1 28 17 18 0 11
split_gain=33.8321 26.5575 21.1321 14.0469 11.6371 6.31085 5.18198
threshold=2.5000000000000004 0.25919102415508277 1.5000000000000002 0.48330224184754511 124.95970269120998 0.41834400716447734 58.223329306782688
decision_type=2 2 2 2 2 2 2
left_child=1 3 -3 5 -2 -1 -6
right_child=4 2 -4 -5 6 -7 -8
leaf_value=-0.019232424375125283 0.019508249285924477 0.0044701149517702181 -0.0029365781259269919 -0.0029365781259269919 0.012455723170820526 -0.0085925279486148871 0.0044701149517702181
leaf_weight=135.07132661579817 143.33473724208307 933.86659575118392 487.64444290308165 336.82827398293011 31.275004494469613 330.12919648503885 239.21941118821269
leaf_count=15477 1629 18962 20205 16794 368 17242 5282
internal_value=0.000273666 -0.00169344 0.00159296 -0.00746611 0.0106337 -0.0120215 0.0054032
internal_weight=2637.37 2223.54 1421.51 802.029 413.829 465.201 270.494
internal_count=95959 88680 39167 49513 7279 32719 5650
is_linear=0
shrinkage=0.04


Tree=271
num_leaves=8
num_cat=0
split_feature=20 10 29 28 2 11 17
split_gain=35.7632 38.6925 28.9672 28.5127 17.9924 8.14761 5.44659
threshold=51.566652924349761 86.226119982859061 1.0000000180025095e-35 2.5000000000000004 0.26671902688824561 416.83494882400748 0.33832693059994129
decision_type=2 2 2 2 2 2 2
left_child=1 2 -1 4 -3 -5 -4
right_child=-2 3 6 5 -6 -7 -8
leaf_value=0.0017927386446125429 0.028233250565914837 -0.0071708911300605721 0.007858930038377494 -0.0071708911300605721 0.001094151501214811 -0.017993852507573356 0.013925121432142445
leaf_weight=387.3779868412239 61.815552039362956 217.03111356768932 147.88936557108536 138.86135664762696 1234.9505865780375 228.5150163139333 225.69884070660919
leaf_count=13522 1093 7876 3257 7596 40162 18349 3863
internal_value=0.000390429 -0.000383008 0.00713463 -0.00354915 -0.000996145 -0.0133456 0.0139251
internal_weight=2642.14 2580.32 760.966 1819.36 1451.98 367.376 373.588
internal_count=95718 94625 20642 73983 48038 25945 7120
is_linear=0
shrinkage=0.04


Tree=272
num_leaves=8
num_cat=0
split_feature=20 27 1 28 10 23 12
split_gain=39.3641 36.0964 23.8508 22.9595 15.5306 6.28041 5.20852
threshold=54.611470519837376 1.5000000000000002 0.15029207910663125 1.5000000000000002 232.62093732529394 30.500000000000004 1.5000000000000002
decision_type=2 2 2 2 2 2 2
left_child=1 2 6 -4 -3 -6 -1
right_child=-2 4 3 -5 5 -7 -8
leaf_value=-0.0055376174942497322 0.031983658651571746 0.015919062496243908 0.0031412241435487954 -0.0055376174942497322 0.0098731040531203473 0.0038271456099967867 -0.014796696619431376
leaf_weight=183.92000058997655 52.482554516289383 218.98441461582843 1128.0634488673531 595.71213362226263 82.763263630855363 151.33313119091326 229.43588648468722
leaf_count=10840 923 4714 25818 29133 1569 5482 17542
internal_value=0.000610701 -0.000145534 -0.00232949 -0.000238815 0.00998378 0.00382715 -0.0108364
internal_weight=2642.69 2590.21 2137.13 1723.78 453.081 234.096 413.356
internal_count=96021 95098 83333 54951 11765 7051 28382
is_linear=0
shrinkage=0.04


Tree=273
num_leaves=8
num_cat=0
split_feature=14 2 16 7 20 11 9
split_gain=32.3543 26.8542 14.8131 13.8787 11.7896 9.34696 9.21556
threshold=1.5000000000000002 0.51696055237675165 3.5000000000000004 15.500000000000002 6.7886444974258051 328.01447003488664 1.0000000180025095e-35
decision_type=2 2 2 2 2 2 2
left_child=1 4 -2 -3 6 -5 -1
right_child=2 3 -4 5 -6 -7 -8
leaf_value=-0.010459940282341212 0.0067094864581291429 0.0067094864581291429 0.025616965682861439 0.0036865850701528302 8.4044766027270841e-05 8.4044766027270841e-05 -0.0030699171627357903
leaf_weight=457.51825171918608 183.4451351276366 287.20291936681315 98.225658960262081 250.41038648906397 235.5747065890173 521.53290200015181 607.44483363695326
leaf_count=28567 4666 8026 1561 6402 8465 21139 17171
internal_value=0.00120133 -0.000350702 0.0137697 0.00435533 -0.00418724 0.000663684 -0.00622388
internal_weight=2641.35 2359.68 281.671 1059.15 1300.54 771.943 1064.96
internal_count=95997 89770 6227 35567 54203 27541 45738
is_linear=0
shrinkage=0.04


Tree=274
num_leaves=8
num_cat=0
split_feature=18 10 6 4 13 29 4
split_gain=33.834 28.598 19.3329 20.5365 12.4995 11.436 6.40036
threshold=21.110397819383802 38.256884818667771 1.0000000180025095e-35 16.449564128339393 1.5000000000000002 1.0000000180025095e-35 9.8428284388398879
decision_type=2 2 2 2 2 2 2
left_child=6 5 4 -4 -3 -2 -1
right_child=1 2 3 -5 -6 -7 -8
leaf_value=0.0077059006245074804 0.0024009665051574246 -0.0092111766465291008 -0.0019874381207705648 0.0024009665051574246 -0.0019874381207705648 0.0077059006245074804 0.021781549450021222
leaf_weight=79.973494871053845 250.30193166338722 754.56253313526395 437.94780637888471 316.63894079485908 428.95424117404036 255.43434071558295 118.81120389723219
leaf_count=1620 8694 51365 12346 5441 10551 4676 1460
internal_value=0.000636617 -0.000681072 -0.00289575 0.00209156 -0.00606643 0.00769768 0.0160929
internal_weight=2642.62 2443.84 1938.1 754.587 1183.52 505.736 198.785
internal_count=96153 93073 79703 17787 61916 13370 3080
is_linear=0
shrinkage=0.04


Tree=275
num_leaves=8
num_cat=0
split_feature=19 2 17 9 21 4 18
split_gain=35.4792 24.9516 21.8861 16.7721 15.699 11.3741 9.35533
threshold=3.5000000000000004 0.35438199668269904 0.80664832826236299 1.0000000180025095e-35 1.5000000000000002 7.2983112113901001 405.19389405896538
decision_type=2 2 2 2 2 2 2
left_child=1 6 3 -3 5 -2 -1
right_child=4 2 -4 -5 -6 -7 -8
leaf_value=-0.0035645475512035207 -0.004013458019448508 -0.0035645475512035207 0.017097426074989479 0.0035769335097571194 0.029761462106325562 0.012290966752567025 -0.013592140534873712
leaf_weight=329.93826545740012 89.639705401612446 674.80496986067737 117.14941009010363 871.02014873371809 55.501397255255142 233.02957747830078 275.99350989592494
leaf_count=12425 2691 36815 2789 22324 637 3672 14635
internal_value=0.000510321 -0.00139568 0.00114509 -0.000165966 0.0116871 0.007777 -0.00827419
internal_weight=2647.08 2268.91 1662.97 1545.83 378.171 322.669 605.932
internal_count=95988 88988 61928 59139 7000 6363 27060
is_linear=0
shrinkage=0.04


Tree=276
num_leaves=8
num_cat=0
split_feature=17 5 22 9 2 4 14
split_gain=33.9621 26.8396 27.2121 19.5512 10.8213 7.78137 4.68973
threshold=0.82280975911484056 1.5000000000000002 0.002406742354031511 1.0000000180025095e-35 0.4082682039819599 12.292108737414152 1.0000000180025095e-35
decision_type=2 2 2 2 2 2 2
left_child=1 2 3 -1 -2 -3 -6
right_child=4 5 -4 -5 6 -7 -8
leaf_value=-0.010205200309483672 0.008125603411618984 0.0027414424798742226 0.0027414424798742226 -0.0014134262057554578 0.01655818011517942 0.008125603411618984 0.036735304959666946
leaf_weight=714.86543748386612 59.346559499375871 142.32698585282196 511.93988883521524 924.91138598913676 69.17756977029785 169.15931626054225 35.131092613330111
leaf_count=45512 1522 5660 10481 27155 1750 3366 521
internal_value=0.000176914 -0.00102438 -0.00264272 -0.00528485 0.0172756 0.0081256 0.0249908
internal_weight=2626.86 2463.2 2151.72 1639.78 163.655 311.486 104.309
internal_count=95967 92174 83148 72667 3793 9026 2271
is_linear=0
shrinkage=0.04


Tree=277
num_leaves=8
num_cat=0
split_feature=30 5 29 28 13 1 1
split_gain=37.3846 32.8025 26.3252 14.7186 14.2104 12.5115 8.03786
threshold=1.0000000180025095e-35 1.5000000000000002 1.0000000180025095e-35 1.0000000180025095e-35 1.5000000000000002 0.40215362190943865 0.09242021451081138
decision_type=2 2 2 2 2 2 2
left_child=1 2 4 -4 -1 -3 -2
right_child=6 5 3 -5 -6 -7 -8
leaf_value=-0.0097608124720762 0.0087290646171837606 0.0031458472783039708 0.0031458472783039708 -0.0020221811132436454 -0.0020221811132436454 0.0087290646171837606 0.022061295018164891
leaf_weight=757.84169529547216 16.845678638899699 143.8080897043983 389.30122390892939 585.5090546462161 414.58097099949373 167.80011990375351 157.0419033797225
leaf_count=47435 217 6013 7280 20673 9694 3232 1508
internal_value=0.000679675 -0.000618891 -0.00243737 0.00240789 -0.00645225 0.00872906 0.018077
internal_weight=2632.73 2458.84 2147.23 974.81 1172.42 311.608 173.888
internal_count=96052 94327 85082 27953 57129 9245 1725
is_linear=0
shrinkage=0.04


Tree=278
num_leaves=8
num_cat=0
split_feature=12 16 16 15 1 0 22
split_gain=37.77 28.5059 30.0024 16.7255 15.5135 15.133 7.03979
threshold=1.0000000180025095e-35 15.500000000000002 2.5000000000000004 1.5000000000000002 0.19195824018870192 -0.80324117744503598 0.0039408905247790777
decision_type=2 2 2 2 2 2 2
left_child=3 2 5 6 -4 -2 -1
right_child=1 -3 4 -5 -6 -7 -8
leaf_value=0.0049402137626422529 -0.020498599568690573 -0.032141160115131753 -0.0051653517644827066 0.022432197707850689 0.0049402137626422529 -0.0036733280938213084 0.013817446493167641
leaf_weight=186.55815927367075 82.877678525721421 38.194423149601789 236.66410392549005 136.43121819887892 659.70851234492147 1222.4270960216236 70.385045667935628
leaf_count=7176 7929 5380 10174 2123 13569 48656 1084
internal_value=0.000316168 -0.00170583 -0.0010349 0.0115863 0.00456998 -0.00488934 0.0052027
internal_weight=2633.25 2239.87 2201.68 393.374 896.373 1305.3 256.943
internal_count=96091 85708 80328 10383 23743 56585 8260
is_linear=0
shrinkage=0.04


Tree=279
num_leaves=8
num_cat=0
split_feature=20 12 4 6 29 0 22
split_gain=33.4902 36.3639 22.559 26.7578 13.8944 6.79019 3.31436
threshold=54.611470519837376 1.0000000180025095e-35 6.7218379554110523 1.0000000180025095e-35 1.0000000180025095e-35 -0.029288412543762601 0.015414315414315417
decision_type=2 2 2 2 2 2 2
left_child=1 4 5 -4 6 -3 -1
right_child=-2 2 3 -5 -6 -7 -8
leaf_value=0.0042344068753146103 0.029207846908309514 -0.017727218973171189 -0.0043253362070171464 0.0042344068753146103 0.014448978963632874 -0.0067111082724944518 0.0093416929194737441
leaf_weight=158.8323598151037 53.003313721797895 112.60137028375175 966.36299809336197 660.50200366956415 183.14007698290516 441.40636536720558 46.900448078289628
leaf_count=6158 923 11941 38510 12385 3473 22071 724
internal_value=0.000395312 -0.000309889 -0.00233115 5.83873e-05 0.0108 -0.00922473 0.00423441
internal_weight=2622.75 2569.75 2180.87 1626.87 388.873 554.008 205.733
internal_count=96185 95262 84907 50895 10355 34012 6882
is_linear=0
shrinkage=0.04


Tree=280
num_leaves=8
num_cat=0
split_feature=18 14 28 1 20 22 29
split_gain=35.2049 26.3413 19.0285 15.1531 12.1753 10.5339 6.35344
threshold=274.82277493040516 1.0000000180025095e-35 2.5000000000000004 0.15327639900339576 7.2038861634105436 0.0073665074886042981 1.0000000180025095e-35
decision_type=2 2 2 2 2 2 2
left_child=1 4 3 -2 -1 -3 -5
right_child=2 5 -4 6 -6 -7 -8
leaf_value=0.0014729727690250714 -0.0066263363933457692 0.01064282660975753 -0.012370239575869042 -0.0025766818121603485 0.0086784843448565376 0.027327037948005468 0.0014729727690250714
leaf_weight=672.23846344937192 231.54600137316447 267.58091036711994 278.13292640272994 505.71388365438906 160.8617713288113 81.116924423607998 429.37905273816432
leaf_count=22796 14142 5659 22217 17421 4239 873 8567
internal_value=0.00101609 0.00610973 -0.00316378 -0.000882433 0.00217929 0.0151777 0.00147297
internal_weight=2626.57 1181.8 1444.77 1166.64 833.1 348.698 935.093
internal_count=95914 33567 62347 40130 27035 6532 25988
is_linear=0
shrinkage=0.04


Tree=281
num_leaves=8
num_cat=0
split_feature=19 8 15 0 21 14 9
split_gain=32.2296 31.2298 22.2719 20.7497 14.4604 14.3202 10.2204
threshold=2.5000000000000004 1.0000000180025095e-35 1.5000000000000002 1.6798126528457884 1.5000000000000002 1.0000000180025095e-35 1.0000000180025095e-35
decision_type=2 2 2 2 2 2 2
left_child=1 2 6 -3 5 -2 -1
right_child=4 3 -4 -5 -6 -7 -8
leaf_value=-0.0099523730478553295 0.0014364551764649617 0.0060775811315899736 0.0032256344342041403 0.028741289181336796 0.023660241651976516 0.01494118875731266 -0.002736884400490071
leaf_weight=563.83787611767184 332.23292473696347 74.15675444623048 619.08277158721467 81.799183216702659 83.90640893363161 148.03401106143428 717.87036077835364
leaf_count=38855 8607 3473 17232 1703 1047 2152 22951
internal_value=0.000801399 -0.00153088 -0.00296943 0.0151246 0.00918252 0.00622214 -0.00596353
internal_weight=2620.92 2056.75 1900.79 155.956 564.173 480.267 1281.71
internal_count=96020 84214 79038 5176 11806 10759 61806
is_linear=0
shrinkage=0.04


Tree=282
num_leaves=8
num_cat=0
split_feature=8 14 4 1 0 16 10
split_gain=29.5955 27.5898 22.6341 22.7084 16.2373 12.8839 12.7553
threshold=1.0000000180025095e-35 1.0000000180025095e-35 16.876372816052573 0.49054927301474521 -0.059179117900394103 2.5000000000000004 357.74782228133705
decision_type=2 2 2 2 2 2 2
left_child=1 4 -2 -4 -1 -6 -3
right_child=2 6 3 -5 5 -7 -8
leaf_value=-0.012580187745090411 0.0068914027950963339 0.0068914027950963339 0.019140789927314578 0.052473236206944857 -0.0052643683865387656 0.0010594828259707901 0.0010594828259707901
leaf_weight=264.1272761758737 127.72729008564784 441.90012717727222 35.419015332154231 37.15029117296217 836.01182753840112 616.91661017737351 249.54804279931705
leaf_count=23343 4427 9683 982 502 33338 16781 6976
internal_value=0.000321816 -0.000930938 0.0147137 0.0313902 -0.0036445 -0.00194519 0.00576346
internal_weight=2608.8 2408.5 200.297 72.5693 1717.06 1452.93 691.448
internal_count=96032 90121 5911 1484 73462 50119 16659
is_linear=0
shrinkage=0.04


Tree=283
num_leaves=8
num_cat=0
split_feature=16 27 5 18 19 22 4
split_gain=29.815 33.8224 27.5656 16.2705 16.1354 4.01284 2.92939
threshold=20.500000000000004 2.5000000000000004 1.5000000000000002 212.88988429481492 1.0000000180025095e-35 0.0067377898838573 7.3556490082179371
decision_type=2 2 2 2 2 2 2
left_child=1 2 4 6 -1 -5 -3
right_child=-2 3 -4 5 -6 -7 -8
leaf_value=-0.0065549377031609629 -0.032008520849061244 0.014739543051284824 0.0063456825902664816 0.0063456825902664816 0.00075522359836278615 0.014739543051284824 0.02711307569273962
leaf_weight=823.71486022867612 33.621308682879317 35.626228926936164 291.90767028255505 141.15954968219739 1144.5004796444846 49.045517931343056 103.36924300796818
leaf_count=37315 5220 702 8313 3727 39086 582 1191
internal_value=0.000792096 0.0013395 -0.000426283 0.0131176 -0.00232181 0.00634568 0.0231334
internal_weight=2622.94 2589.32 2260.12 329.201 1968.22 190.205 138.995
internal_count=96136 90916 84714 6202 76401 4309 1893
is_linear=0
shrinkage=0.04


Tree=284
num_leaves=8
num_cat=0
split_feature=16 15 17 16 0 7 17
split_gain=31.1614 40.5729 21.2671 17.328 16.8186 11.4308 7.83056
threshold=15.500000000000002 2.5000000000000004 0.67537156718945435 4.5000000000000009 -0.84501091872180101 15.500000000000002 0.39352525767518531
decision_type=2 2 2 2 2 2 2
left_child=1 2 4 5 -1 -3 -5
right_child=-2 3 -4 6 -6 -7 -8
leaf_value=-0.019168413400745994 -0.031154591903286413 0.016090521050161694 0.0044517757048584475 0.0099486989700843884 -0.0023149913933906601 0.0044517757048584475 0.029174359547054083
leaf_weight=91.712297682694043 37.054065663571237 138.49035985436058 365.29241619998356 76.570045663858764 1464.8743555673864 361.09359236859018 85.364182929159142
leaf_count=9178 5431 2266 9454 931 60596 7452 911
internal_value=0.00111367 0.00169485 -0.00125637 0.0101599 -0.00342399 0.00623867 0.0211909
internal_weight=2620.45 2583.4 1921.88 661.518 1556.59 499.584 161.934
internal_count=96219 90788 79228 11560 69774 9718 1842
is_linear=0
shrinkage=0.04


Tree=285
num_leaves=8
num_cat=0
split_feature=24 5 6 22 22 1 17
split_gain=30.5401 29.7004 24.4408 12.8384 9.58721 8.2385 4.6163
threshold=1.0000000180025095e-35 1.0000000180025095e-35 1.0000000180025095e-35 0.022284295468653015 0.0016934813157819268 0.1036064253364181 0.73006816914032513
decision_type=2 2 2 2 2 2 2
left_child=1 3 -3 5 6 -1 -2
right_child=4 2 -4 -5 -6 -7 -8
leaf_value=-0.01477042418693976 0.0070370273146579086 0.00051928699794544014 0.0070370273146579086 0.00051928699794544014 0.02767511091469357 -0.004659527457100447 0.018247007623564199
leaf_weight=140.70359611001913 139.71804229493137 516.23033599519113 410.6178366469976 253.37144992139656 57.339076502481475 1077.5290894934733 28.583252248528879
leaf_count=12263 3500 21755 7239 4694 709 45572 416
internal_value=0.000840284 -0.000507651 0.00506907 -0.0040305 0.0145817 -0.00593807 0.0088189
internal_weight=2624.09 2398.45 926.848 1471.6 225.64 1218.23 168.301
internal_count=96148 91523 28994 62529 4625 57835 3916
is_linear=0
shrinkage=0.04


Tree=286
num_leaves=8
num_cat=0
split_feature=11 5 27 0 6 10 16
split_gain=31.6528 27.1514 25.4197 19.4965 13.9824 5.42763 1.12292
threshold=25.521615193157832 1.5000000000000002 1.5000000000000002 -0.84501091872180101 1.0000000180025095e-35 86.226119982859061 12.500000000000002
decision_type=2 2 2 2 2 2 2
left_child=5 2 3 -2 -3 -1 -4
right_child=1 4 6 -5 -6 -7 -8
leaf_value=0.036392600938261625 -0.020204080723717852 0.0040600321760315798 0.0040600321760315798 -0.0031296990781502065 0.010914742648355525 0.012903214004910162 -8.4994371906877981e-05
leaf_weight=25.040343031752855 104.85653388198989 165.89696853244095 362.10528947482817 1695.8875677712349 151.84086636948632 65.857783965591807 22.263491379053448
leaf_count=365 9931 6774 7482 64296 2419 1503 2896
internal_value=0.000373427 -0.000510062 -0.0021115 -0.00423002 0.0102316 0.0223395 0.00406003
internal_weight=2593.75 2502.85 2185.11 1800.74 317.738 90.8981 384.369
internal_count=95666 93798 84605 74227 9193 1868 10378
is_linear=0
shrinkage=0.04


Tree=287
num_leaves=8
num_cat=0
split_feature=30 24 12 2 9 0 2
split_gain=29.1727 25.2324 21.6454 14.8669 11.8192 9.9759 3.91177
threshold=1.0000000180025095e-35 1.0000000180025095e-35 1.5000000000000002 0.51696055237675165 1.0000000180025095e-35 0.95841230646311149 0.38463182407711383
decision_type=2 2 2 2 2 2 2
left_child=1 2 5 -4 -2 -1 -6
right_child=4 -3 3 -5 6 -7 -8
leaf_value=-0.0010817589892280952 0.0081084177766199486 0.0081084177766199486 -0.0089685148918211121 -0.0010817589892280952 0.015939472173834374 0.003287239282671712 0.029343374603801729
leaf_weight=359.18280295813747 53.365866583422758 213.81973572162678 686.54607218488673 552.07679534391355 37.264640426612459 626.67821048561018 83.669532915751915
leaf_count=18901 743 4443 34055 22096 305 14808 731
internal_value=0.00101559 -0.000143667 -0.00153394 -0.00503636 0.0163605 0.00287284 0.0237705
internal_weight=2612.6 2438.3 2224.48 1238.62 174.3 985.861 120.934
internal_count=96082 94303 89860 56151 1779 33709 1036
is_linear=0
shrinkage=0.04


Tree=288
num_leaves=8
num_cat=0
split_feature=14 16 15 2 16 29 4
split_gain=27.5977 22.3682 24.5684 15.8224 11.1976 6.59602 5.51807
threshold=1.5000000000000002 16.500000000000004 2.5000000000000004 0.26959246621521243 3.5000000000000004 1.0000000180025095e-35 5.2210084371993277
decision_type=2 2 2 2 2 2 2
left_child=1 2 3 -1 -2 -6 -4
right_child=4 -3 6 -5 5 -7 -8
leaf_value=-0.012027355458500495 0.0057376767174707804 -0.030456774194915832 0.0011997478856558472 -0.0013827041764410241 0.0086557278957872814 0.031819953881580362 0.0054325278961655232
leaf_weight=254.8562198284344 185.629292978585 30.852963299803378 90.072474166518077 1451.8505380298011 44.875898514408618 48.713013009284623 491.99875856260769
leaf_count=12295 4684 5070 2568 61863 930 616 8098
internal_value=0.000330169 -0.00111792 -0.000591655 -0.00303303 0.011983 0.0226205 0.00543253
internal_weight=2598.85 2319.63 2288.78 1706.71 279.218 93.5889 582.071
internal_count=96124 89894 84824 74158 6230 1546 10666
is_linear=0
shrinkage=0.04


Tree=289
num_leaves=8
num_cat=0
split_feature=11 17 10 10 0 4 18
split_gain=33.274 26.503 17.5451 14.8474 10.5516 9.4691 7.34239
threshold=61.763554308392962 0.411723429151861 49.611406238820258 414.9979752125999 -1.032107344086955 21.175349045867502 209.26775614375376
decision_type=2 2 2 2 2 2 2
left_child=2 4 -1 -3 -2 -6 -4
right_child=1 3 6 -5 5 -7 -8
leaf_value=0.029112729955827976 -0.021968837422914524 0.0058097631654921355 0.017142253159109076 -0.0013708711580494326 -0.0070307243953689003 -0.0013708711580494326 0.0058097631654921355
leaf_weight=69.649132333521266 50.750162408148753 791.08487282654096 85.277392238902394 375.51654106151545 842.59997885613848 251.60959709362942 128.60756224265788
leaf_count=1004 5113 24569 1462 14558 37553 8166 3404
internal_value=0.00026841 -0.00133701 0.0129565 0.00289487 -0.00563661 -0.00468702 0.00663011
internal_weight=2595.1 2311.56 283.534 1166.6 1144.96 1094.21 213.885
internal_count=95829 89959 5870 39127 50832 45719 4866
is_linear=0
shrinkage=0.04


Tree=290
num_leaves=8
num_cat=0
split_feature=19 22 18 0 16 16 10
split_gain=32.4988 20.5309 18.489 16.5862 16.1476 15.9565 12.8789
threshold=1.5000000000000002 0.022284295468653015 134.50061327273639 0.82332089913417417 12.500000000000002 2.5000000000000004 282.6102321877533
decision_type=2 2 2 2 2 2 2
left_child=2 4 6 -4 5 -2 -1
right_child=1 -3 3 -5 -6 -7 -8
leaf_value=0.0088504952900277031 -0.00028117119259636283 0.019847264301968631 -0.01244350707513568 -0.0023871879334234655 -0.023738109000185931 0.01174113837332859 -0.0012885659381534839
leaf_weight=295.98606100679899 410.44887536609895 142.77233577304287 384.56765742044081 802.81784621163388 23.232795818039449 294.09761856080149 245.41590638691559
leaf_count=6466 12305 1788 32077 27600 3263 5360 7060
internal_value=0.000228905 0.00648906 -0.00294266 -0.00572093 0.00363501 0.00485724 0.00314379
internal_weight=2599.34 870.552 1728.79 1187.39 727.779 704.546 541.402
internal_count=95919 22716 73203 59677 20928 17665 13526
is_linear=0
shrinkage=0.04


Tree=291
num_leaves=8
num_cat=0
split_feature=13 15 28 2 17 22 17
split_gain=34.0312 20.531 10.792 13.3694 9.00082 8.47414 7.7159
threshold=2.5000000000000004 1.5000000000000002 2.5000000000000004 0.43761354121331569 0.27028703915914842 0.043668954996186123 0.33308781695533285
decision_type=2 2 2 2 2 2 2
left_child=1 2 3 -1 -3 6 -2
right_child=5 4 -4 -5 -6 -7 -8
leaf_value=-0.0069702817834751208 0.0045269649778563945 -0.0002945919621386342 -0.011275161334254132 -0.0002945919621386342 0.0045269649778563945 0.024118241369998041 0.013108393351860519
leaf_weight=501.22310601193749 133.33059889567085 215.57240006251959 283.90497604729899 674.83865783928195 501.58958631847781 56.826578543987125 219.33344879496144
leaf_count=20321 2980 5753 24708 23217 14636 516 3811
internal_value=0.000310913 -0.00169193 -0.00440497 -0.0026654 0.00381578 0.0107459 0.00798548
internal_weight=2586.62 2177.13 1459.97 1176.06 717.162 409.491 352.664
internal_count=95942 88635 68246 43538 20389 7307 6791
is_linear=0
shrinkage=0.04


Tree=292
num_leaves=8
num_cat=0
split_feature=5 1 4 13 10 0 11
split_gain=28.7782 45.6252 31.5174 23.987 11.4958 11.0803 9.66401
threshold=1.5000000000000002 0.69699560875824551 18.528700061932479 1.5000000000000002 394.69067698998907 -0.82368516514955814 334.17429941115591
decision_type=2 2 2 2 2 2 2
left_child=3 -2 -3 5 -5 -1 -7
right_child=1 2 -4 4 -6 6 -8
leaf_value=-0.017494292296089828 0.0048007639086484243 0.019445051040267773 0.05876137850733839 0.0048007639086484243 -0.00012513521813677458 -0.00012513521813677458 -0.0059238101304864748
leaf_weight=87.701690534617228 238.91116933729791 51.73855833595735 39.052524423808791 528.37534029310336 256.8309910268872 471.43557906568458 921.02502842554532
leaf_count=9836 7599 1342 506 9519 5796 15426 46157
internal_value=0.000182154 0.0110414 0.0340893 -0.00143989 0.00417771 -0.00442798 -0.00348615
internal_weight=2595.07 329.702 90.7911 2265.37 785.206 1480.16 1392.46
internal_count=96181 9447 1848 86734 15315 71419 61583
is_linear=0
shrinkage=0.04


Tree=293
num_leaves=8
num_cat=0
split_feature=24 7 11 20 4 15 18
split_gain=28.2593 22.625 22.2738 11.7736 8.33614 7.84693 4.31575
threshold=1.0000000180025095e-35 13.500000000000002 258.38016290004515 4.2097883896987751 6.1329755381493145 1.5000000000000002 39.33144555741638
decision_type=2 2 2 2 2 2 2
left_child=1 4 -3 -4 -1 6 -2
right_child=5 2 3 -5 -6 -7 -8
leaf_value=0.0021151189776890274 0.015757385664380077 0.0021151189776890274 -0.0075723508407118121 -0.0016376336163089408 0.0069789607461423009 0.023733461755609798 0.0069789607461423009
leaf_weight=114.7509658735944 23.76691257301718 504.21713555282622 1049.8288599433799 251.20610781935102 439.3917616972758 80.373612697003409 120.5654836439644
leaf_count=6000 241 13981 50449 9620 11377 1206 3216
internal_value=0.00101822 -0.000297303 -0.00247052 -0.00539039 0.00670075 0.0142552 0.00778131
internal_weight=2584.1 2359.39 1805.25 1301.03 554.143 224.706 144.332
internal_count=96090 91427 74050 60069 17377 4663 3457
is_linear=0
shrinkage=0.04


Tree=294
num_leaves=8
num_cat=0
split_feature=20 22 28 0 14 4 10
split_gain=35.5046 29.3595 24.5175 18.883 9.70057 6.59464 5.18806
threshold=28.743604263541254 0.026385407964355335 3.5000000000000004 1.170472329402765 1.0000000180025095e-35 6.4569412860096378 123.10783679289786
decision_type=2 2 2 2 2 2 2
left_child=1 2 3 -1 -2 -3 -4
right_child=4 5 6 -5 -6 -7 -8
leaf_value=-0.0062419323495680433 0.0091977985766814405 0.0024341336738543094 -0.0080663052223802455 0.0021207857820044595 0.028699378953430825 0.0077558721794775964 -0.018908031835869039
leaf_weight=714.16202329501539 133.39012618918787 97.628536805452313 69.501049534796039 1062.2266006370191 61.213966244540643 287.05851330881706 161.02248422887351
leaf_count=40759 3789 2224 3996 26561 993 4253 13427
internal_value=0.000441167 -0.000923265 -0.0028876 -0.0012574 0.016435 0.00775587 -0.0148752
internal_weight=2586.2 2391.6 2006.91 1776.39 194.604 384.687 230.524
internal_count=96002 91220 84743 67320 4782 6477 17423
is_linear=0
shrinkage=0.04


Tree=295
num_leaves=8
num_cat=0
split_feature=6 1 0 28 30 9 28
split_gain=27.1183 83.1115 64.8025 15.9777 13.4914 11.5274 7.40327
threshold=1.0000000180025095e-35 0.73486714869595304 2.1649691741422257 1.0000000180025095e-35 1.0000000180025095e-35 1.0000000180025095e-35 3.5000000000000004
decision_type=2 2 2 2 2 2 2
left_child=3 4 -3 -1 -2 -5 -4
right_child=1 2 6 5 -6 -7 -8
leaf_value=0.0014498757221938475 0.0014498757221938475 0.013963943437941802 0.053790769002433826 -0.010668854055621568 0.013963943437941802 -0.0022033126455604495 0.030729681665721022
leaf_weight=600.23483429109183 699.66186488591484 112.9733634100412 97.385196026181802 435.98380382027244 60.82485579547938 563.27098958296119 20.049315007403493
leaf_count=18778 17273 2398 933 35227 578 20545 434
internal_value=0.000474207 0.0056425 0.026478 -0.00274275 0.00144988 -0.0058565 0.0474954
internal_weight=2590.38 990.895 230.408 1599.49 760.487 999.255 117.435
internal_count=96166 21616 3765 74550 17851 55772 1367
is_linear=0
shrinkage=0.04


Tree=296
num_leaves=8
num_cat=0
split_feature=30 27 0 7 10 4 18
split_gain=28.0501 22.74 19.2689 13.795 7.55759 3.9442 3.12165
threshold=1.0000000180025095e-35 2.5000000000000004 -0.80324117744503598 15.500000000000002 255.44487855571373 5.0182834057984493 303.35571158131398
decision_type=2 2 2 2 2 2 2
left_child=1 2 -1 -4 6 -3 -2
right_child=4 5 3 -5 -6 -7 -8
leaf_value=-0.01743868707611566 0.029831798399114963 0.0020938582223199182 0.0020938582223199182 -0.0038461792571853619 0.0069327920814554467 0.0069327920814554467 0.014521397744025841
leaf_weight=123.83263579199411 46.581669351609889 43.737294042177382 528.19103336927947 1438.9690812315093 75.479490837140474 273.18168237156351 50.384640367585234
leaf_count=12194 478 1786 16670 57620 824 5812 457
internal_value=-5.87939e-05 -0.00119976 -0.00274508 -0.00173659 0.0150653 0.00693279 0.02211
internal_weight=2580.36 2407.91 2090.99 1967.16 172.446 316.919 96.9663
internal_count=95841 94082 86484 74290 1759 7598 935
is_linear=0
shrinkage=0.04


Tree=297
num_leaves=8
num_cat=0
split_feature=12 0 17 29 29 2 11
split_gain=27.9706 25.2134 19.186 13.5114 11.779 6.80349 4.34343
threshold=1.0000000180025095e-35 -0.48537743716593229 0.45553412119912379 1.0000000180025095e-35 1.0000000180025095e-35 0.46059382133843707 69.553945741317975
decision_type=2 2 2 2 2 2 2
left_child=3 -2 4 6 -3 -4 -1
right_child=1 2 5 -5 -6 -7 -8
leaf_value=0.011515505850884032 -0.014081998562148309 -0.0068040340867165094 0.00082306269741994097 0.018199040105765483 0.00082306269741994097 0.004831971596002578 0.004831971596002578
leaf_weight=33.369200182321947 200.48641705995396 585.30626607305021 399.62842930125771 186.31579431571299 499.59112271913909 505.25002697088348 170.56187959405361
leaf_count=628 17711 28248 12875 3508 13944 12951 6219
internal_value=0.00085637 -0.000916398 0.00047393 0.0105803 -0.00310106 0.00474719 0.00483197
internal_weight=2580.51 2190.26 1989.78 390.247 1084.9 904.878 203.931
internal_count=96084 85729 68018 10355 42192 25826 6847
is_linear=0
shrinkage=0.04


Tree=298
num_leaves=8
num_cat=0
split_feature=29 28 4 10 2 21 4
split_gain=27.9893 43.0717 16.3273 15.5737 12.8118 8.11714 7.84435
threshold=1.0000000180025095e-35 1.0000000180025095e-35 6.4959000772831947 101.7587368750094 0.35438199668269904 1.5000000000000002 18.293545861070388
decision_type=2 2 2 2 2 2 2
left_child=4 2 -2 -4 -1 -3 -6
right_child=1 5 3 -5 6 -7 -8
leaf_value=-0.0099009094717643215 0.0074971472110272556 0.00057667132885904086 0.030762092722156166 0.013309742942125479 -0.0041289158484510927 0.0074971472110272556 0.00057667132885904086
leaf_weight=369.07953741221718 103.62438192630361 596.47734525127453 117.86119934168528 234.86513133434346 722.67295554521843 105.57168897794327 316.11271011421923
leaf_count=19543 2943 21945 1467 3881 34430 1507 10071
internal_value=0.000174082 0.00475739 0.0144176 0.0191223 -0.00360404 0.000576671 -0.0012937
internal_weight=2566.26 1158.4 456.351 352.726 1407.87 702.049 1038.79
internal_count=95787 31743 8291 5348 64044 23452 44501
is_linear=0
shrinkage=0.04


Tree=299
num_leaves=8
num_cat=0
split_feature=17 22 5 4 1 2 7
split_gain=27.6779 20.921 18.4715 11.011 9.03223 7.48996 5.6659
threshold=0.78562848085935111 0.0029027637344118643 1.0000000180025095e-35 12.292108737414152 0.19195824018870192 0.25832931671684295 20.500000000000004
decision_type=2 2 2 2 2 2 2
left_child=1 2 -1 -4 -3 -2 -7
right_child=5 4 3 -5 -6 6 -8
leaf_value=-0.006652921928891887 0.0058023776980080819 0.00097466718187377822 -0.0028391273735090543 0.00097466718187377822 0.0058023776980080819 0.025298468026008374 0.011181087300437547
leaf_weight=1087.9407998974348 31.931784747735946 162.05286335840356 328.22385267706704 360.95386209286517 404.71704093713197 72.540915099787526 129.51322519253881
leaf_count=54189 901 4737 15962 8863 6535 1492 3242
internal_value=5.51439e-05 -0.00127432 -0.00340722 0.000974667 0.00535656 0.0128791 0.0165598
internal_weight=2577.87 2343.89 1777.12 689.178 566.77 233.986 202.054
internal_count=95921 90286 79014 24825 11272 5635 4734
is_linear=0
shrinkage=0.04


Tree=300
num_leaves=8
num_cat=0
split_feature=20 12 16 16 18 16 2
split_gain=28.7747 22.4038 19.0449 16.9623 9.72904 3.549 3.03256
threshold=24.369037534918665 1.0000000180025095e-35 20.500000000000004 5.5000000000000009 137.94713748931841 2.5000000000000004 0.43761354121331569
decision_type=2 2 2 2 2 2 2
left_child=1 6 3 -3 5 -2 -1
right_child=4 2 -4 -5 -6 -7 -8
leaf_value=0.0023750176690255052 0.01510573037160098 -0.003554942678667722 -0.030281096977920641 0.0023750176690255052 0.0068636604263088985 0.031833016105060612 0.0067490935260480943
leaf_weight=141.46228989199153 50.734972324979026 1574.1245673335652 27.401715500520368 367.63823099603178 154.99037421918183 43.838307951024035 216.19369588801055
leaf_count=4393 796 67421 4865 7435 4934 630 5237
internal_value=0.00113695 -0.000271052 -0.00199906 -0.00144685 0.0137692 0.0233478 0.00674909
internal_weight=2576.38 2326.82 1969.16 1941.76 249.564 94.5733 357.656
internal_count=95711 89351 79721 74856 6360 1426 9630
is_linear=0
shrinkage=0.04


Tree=301
num_leaves=8
num_cat=0
split_feature=27 28 2 19 10 19 4
split_gain=28.361 20.107 16.5186 13.697 9.62249 8.99798 7.72905
threshold=1.5000000000000002 4.5000000000000009 0.51696055237675165 3.5000000000000004 38.256884818667771 1.5000000000000002 6.7218379554110523
decision_type=2 2 2 2 2 2 2
left_child=1 2 5 4 -2 -1 -4
right_child=3 -3 6 -5 -6 -7 -8
leaf_value=-0.006143609070541586 0.017764599485920799 -0.015723083175965984 9.0687755541889734e-05 0.025090081087604684 0.0040627024299092727 9.0687755541889734e-05 0.0040627024299092727
leaf_weight=744.74408833072812 83.235801955044735 135.87413012044271 214.3212207974284 66.816060657438356 304.84049063803832 360.03896320427884 660.01072752036271
leaf_count=35401 1480 9647 11416 1172 9185 10039 17622
internal_value=0.000569111 -0.001391 -0.000332949 0.00951641 0.00627212 -0.00356983 0.0037512
internal_weight=2569.88 2114.99 1979.11 454.892 388.076 1104.78 874.332
internal_count=95962 84125 74478 11837 10665 45440 29038
is_linear=0
shrinkage=0.04


Tree=302
num_leaves=8
num_cat=0
split_feature=27 17 13 4 5 2 10
split_gain=28.1466 21.6967 15.7975 12.8624 12.3991 10.6036 4.21187
threshold=2.5000000000000004 0.45255866600670042 1.5000000000000002 5.2210084371993277 1.0000000180025095e-35 0.48221518273384367 440.85780955579907
decision_type=2 2 2 2 2 2 2
left_child=1 3 -2 -1 -5 -3 -4
right_child=2 5 6 4 -6 -7 -8
leaf_value=-0.01421028052912765 0.0045610630616302232 -0.001177831382132338 0.026969015126160813 -0.0073830040525146015 -0.001177831382132338 0.0045610630616302232 0.013189621406716652
leaf_weight=198.19217022977682 217.78369017304067 487.54556074769062 85.32615401444491 620.57941030868096 404.96097450699017 521.99213166324625 33.899132913502399
leaf_count=14521 6255 17821 1056 27775 12996 14913 526
internal_value=8.05581e-05 -0.0015597 0.0106818 -0.00512216 -0.00324556 0.0027665 0.0218182
internal_weight=2570.28 2233.27 337.009 1223.73 1025.54 1009.54 119.225
internal_count=95863 88026 7837 55292 40771 32734 1582
is_linear=0
shrinkage=0.04


Tree=303
num_leaves=8
num_cat=0
split_feature=30 16 16 28 4 9 2
split_gain=26.6974 22.6415 32.7009 21.0865 10.89 7.451 4.40915
threshold=1.0000000180025095e-35 20.500000000000004 4.5000000000000009 3.5000000000000004 5.2996490340653084 1.0000000180025095e-35 0.38463182407711383
decision_type=2 2 2 2 2 2 2
left_child=1 2 3 -1 -4 -2 -7
right_child=5 -3 4 -5 -6 6 -8
leaf_value=-0.0012367200542050471 0.0073504026651437463 -0.030872179613028662 -0.0063511216747960328 -0.014704878171204394 0.0073504026651437463 0.014233605496973969 0.027322120293172585
leaf_weight=1591.4156224130129 52.908004543976858 29.022302945370029 87.572950099536683 200.99822078809666 483.25736610335298 38.372097373474389 77.941088270454202
leaf_count=60528 732 5197 2907 17030 8469 315 724
internal_value=0.000461175 -0.000651714 -0.000152065 -0.00282022 0.0073504 0.0153525 0.0211168
internal_weight=2561.49 2392.27 2363.24 1792.41 570.83 169.221 116.313
internal_count=95902 94131 88934 77558 11376 1771 1039
is_linear=0
shrinkage=0.04


Tree=304
num_leaves=8
num_cat=0
split_feature=16 18 16 21 0 7 4
split_gain=26.3827 27.4711 23.015 17.5703 12.0526 11.0694 10.6774
threshold=18.500000000000004 274.82277493040516 4.5000000000000009 1.5000000000000002 -0.84501091872180101 15.500000000000002 5.420123243311294
decision_type=2 2 2 2 2 2 2
left_child=1 2 3 -1 -3 -6 -4
right_child=-2 4 6 -5 5 -7 -8
leaf_value=0.001747034899918037 -0.031264630785877871 -0.016794480308570094 0.001747034899918037 0.01628864231753397 0.001747034899918037 -0.0039491560457874351 0.019230426590956206
leaf_weight=729.49323863278551 30.409468487065169 77.760067588431411 43.734160642663483 126.22676553286146 358.31087122904137 958.9289301749377 229.50592752976809
leaf_count=23308 5310 8176 998 1712 12001 41391 3080
internal_value=0.000806769 0.00131503 0.00592741 0.00262236 -0.00243334 -0.00146542 0.01582
internal_weight=2554.37 2523.96 1128.96 855.72 1395 1317.24 273.24
internal_count=95976 90666 29098 25020 61568 53392 4078
is_linear=0
shrinkage=0.04


Tree=305
num_leaves=8
num_cat=0
split_feature=8 13 4 16 16 1 4
split_gain=26.8574 22.1259 21.7507 17.1515 18.6484 12.1696 2.91987
threshold=1.0000000180025095e-35 2.5000000000000004 14.144964030890291 12.500000000000002 2.5000000000000004 0.51029558495457572 6.3612544947931449
decision_type=2 2 2 2 2 2 2
left_child=1 3 -2 4 -1 -4 -3
right_child=2 6 5 -5 -6 -7 -8
leaf_value=-0.0051840524556216348 0.0067304433481666058 0.0020980449544386031 0.017693624185456246 -0.025737937017000216 0.0020980449544386031 0.043301855065978632 0.0067304433481666058
leaf_weight=1150.094174253376 106.9865965309873 89.03000313337543 45.252517653483665 39.762935441176523 790.3961323544645 42.355205399508122 286.69540798902744
leaf_count=55377 4126 2342 1187 5046 22802 588 4496
internal_value=0.00038104 -0.000822778 0.0142837 -0.00253435 -0.00192937 0.0286568 0.00673044
internal_weight=2550.57 2355.98 194.594 1980.25 1940.49 87.6077 375.725
internal_count=95964 90063 5901 83225 78179 1775 6838
is_linear=0
shrinkage=0.04


Tree=306
num_leaves=8
num_cat=0
split_feature=18 29 10 0 4 17 11
split_gain=27.5454 20.7774 16.5964 14.7934 11.3237 6.86912 5.96826
threshold=28.778532838004413 1.0000000180025095e-35 65.137265509743045 -0.13449114726470648 22.014212983867981 0.71929021353225697 269.71325959289157
decision_type=2 2 2 2 2 2 2
left_child=5 3 -3 -2 -5 -1 -4
right_child=1 2 6 4 -6 -7 -8
leaf_value=0.0092180027278128979 -0.01414975221605061 0.0062108481962969923 0.0030965362183906567 -0.0051670177467746034 -1.7775759515678559e-05 0.025872204396480983 -1.7775759515678559e-05
leaf_weight=230.04392051667674 179.29284732619999 298.31598403374664 231.82984718437365 831.2635228541476 237.08835422131233 45.880875363684027 503.91921010751685
leaf_count=4007 18326 5951 4956 35667 7298 550 19228
internal_value=0.00109141 -0.000373581 0.00379918 -0.00383473 -0.00198848 0.0127953 -1.77758e-05
internal_weight=2557.63 2281.71 1034.07 1247.64 1068.35 275.925 735.749
internal_count=95983 91426 30135 61291 42965 4557 24184
is_linear=0
shrinkage=0.04


Tree=307
num_leaves=8
num_cat=0
split_feature=1 30 15 4 26 29 4
split_gain=27.1059 30.5673 22.5942 13.7352 9.46832 9.34083 7.22936
threshold=0.11018899069953987 1.0000000180025095e-35 2.5000000000000004 25.475850810809821 0.62447102051807846 1.0000000180025095e-35 9.9360038752719557
decision_type=2 2 2 2 2 2 2
left_child=4 2 3 -2 -1 -4 -3
right_child=1 6 5 -5 -6 -7 -8
leaf_value=-0.014531559066164376 -0.0034978536536166556 0.0099449985912533397 0.0030484041603402756 0.0030484041603402756 -0.0039609412696189391 0.0099449985912533397 0.025494043242030983
leaf_weight=238.26659407314582 1294.0055244293617 53.800453366711736 299.48490913590649 244.07057468811399 82.404426383625832 255.41754625692556 96.40994541865075
leaf_count=16774 52294 602 8331 7547 5157 4458 896
internal_value=0.000604068 0.00217128 0.000877984 -0.00162506 -0.0100932 0.00772187 0.019012
internal_weight=2563.86 2243.19 2092.98 1538.08 320.671 554.902 150.21
internal_count=96059 74128 72630 59841 21931 12789 1498
is_linear=0
shrinkage=0.04


Tree=308
num_leaves=8
num_cat=0
split_feature=19 9 30 28 5 21 1
split_gain=31.5093 23.9201 16.1358 14.0208 13.1305 9.88534 9.70702
threshold=3.5000000000000004 1.0000000180025095e-35 1.0000000180025095e-35 2.5000000000000004 1.5000000000000002 1.5000000000000002 0.32214845388558627
decision_type=2 2 2 2 2 2 2
left_child=1 3 4 -1 -3 6 -2
right_child=5 2 -4 -5 -6 -7 -8
leaf_value=-0.0039786694040848131 -0.00043484215737083501 -0.0012443166348556894 0.016917032869893961 -0.015937646555541769 0.0087036735481896537 0.025020974572959851 0.013677360551434512
leaf_weight=758.53918506696209 138.67919122189778 993.32613578243763 94.520157022809144 191.76589041289117 145.89097012206912 56.522091402250226 166.45094961012364
leaf_count=36066 3924 29408 828 19510 3252 654 2389
internal_value=2.79339e-05 -0.00179659 0.00187471 -0.00653275 0.000490314 0.0107982 0.00745321
internal_weight=2545.69 2184.04 1233.74 950.305 1139.22 361.652 305.13
internal_count=96031 89064 33488 55576 32660 6967 6313
is_linear=0
shrinkage=0.04


Tree=309
num_leaves=8
num_cat=0
split_feature=5 6 4 29 18 7 18
split_gain=24.1795 37.5066 60.121 12.9176 7.17955 5.35173 5.06202
threshold=1.0000000180025095e-35 1.0000000180025095e-35 24.145033333924143 1.0000000180025095e-35 48.375502190342402 13.500000000000002 561.96163733017829
decision_type=2 2 2 2 2 2 2
left_child=3 -2 5 4 -1 -3 -5
right_child=1 2 -4 6 -6 -7 -8
leaf_value=-0.0019421383800004523 0.001769585538986393 0.01997049057301678 0.039789007512786731 0.001769585538986393 -0.0076709063448141303 0.008305247600141976 -0.0019421383800004523
leaf_weight=157.14476490339439 547.74231982679339 74.214487220451701 106.86221530183684 458.91422539655468 681.45069362223148 252.64867637562566 265.03393424674869
leaf_count=3503 22833 1191 1354 12369 40576 5032 9218
internal_value=0.000869059 0.00575814 0.0148409 -0.00221897 -0.00556982 0.00830525 0.00168554
internal_weight=2544.01 981.468 433.725 1562.54 838.595 326.863 723.948
internal_count=96076 30410 7577 65666 44079 6223 21587
is_linear=0
shrinkage=0.04


Tree=310
num_leaves=8
num_cat=0
split_feature=15 9 24 14 25 2 1
split_gain=25.4204 19.3442 17.175 11.742 8.41343 7.72459 6.01412
threshold=1.5000000000000002 1.0000000180025095e-35 1.0000000180025095e-35 1.0000000180025095e-35 1.0000000180025095e-35 0.51696055237675165 0.22029310144292055
decision_type=2 2 2 2 2 2 2
left_child=1 4 3 -2 -1 -6 -3
right_child=2 6 -4 -5 5 -7 -8
leaf_value=-0.013676979080485943 0.001788408051725613 -0.002992601814255212 0.022743896585174651 0.011604945165163132 -0.0090032555076759724 -0.002992601814255212 0.001788408051725613
leaf_weight=220.51850811469194 538.56475141534611 271.54128893942107 78.55679353949381 225.55697264158516 288.37143518708763 225.26101183431456 688.46050992520759
leaf_count=27608 17031 12900 1218 4090 11447 7081 14681
internal_value=0.000381253 -0.00244152 0.00601833 0.00402724 -0.00728331 -0.00432953 0.0012981
internal_weight=2536.83 1694.15 842.679 764.122 734.151 513.632 960.002
internal_count=96056 73717 22339 21121 46136 18528 27581
is_linear=0
shrinkage=0.04


Tree=311
num_leaves=8
num_cat=0
split_feature=24 2 14 28 22 19 0
split_gain=24.9963 21.1333 15.4478 11.895 7.46729 5.56737 5.15795
threshold=1.0000000180025095e-35 0.26959246621521243 1.0000000180025095e-35 1.0000000180025095e-35 0.002406742354031511 3.5000000000000004 0.16031981722512448
decision_type=2 2 2 2 2 2 2
left_child=1 5 3 -3 -2 6 -1
right_child=4 2 -4 -5 -6 -7 -8
leaf_value=-0.02271173671380692 0.0078879883712867447 0.0022707263076442337 0.0060639826849048315 -0.0043720370739548783 0.024901177865513748 -0.0046033028035339279 -0.0091776458639007182
leaf_weight=58.402124866486702 164.965775564051 527.44763908020832 574.99506327335257 886.94397224842396 54.003806517808698 47.770691403318779 233.079219519248
leaf_count=5500 3891 15397 14172 46735 674 1044 8626
internal_value=0.000376198 -0.000860215 0.000729452 -0.00152253 0.0129882 -0.00993606 -0.0125528
internal_weight=2547.61 2328.64 1989.39 1414.39 218.97 339.252 291.481
internal_count=96039 91474 76304 62132 4565 15170 14126
is_linear=0
shrinkage=0.04


Tree=312
num_leaves=8
num_cat=0
split_feature=14 10 9 4 18 1 13
split_gain=26.1815 16.5829 15.9147 10.2043 9.8635 9.40926 9.16605
threshold=1.0000000180025095e-35 289.03030875250386 1.0000000180025095e-35 4.9376313282252182 352.16247948212157 0.20360798287407758 1.5000000000000002
decision_type=2 2 2 2 2 2 2
left_child=2 3 5 -2 -4 -1 -5
right_child=1 -3 4 6 -6 -7 -8
leaf_value=-0.013110047395323732 0.0072467397778026663 0.0023455306587258674 0.0023455306587258674 0.011546501866822103 -0.0026194324376573657 -0.0034446123796194779 0.024344455523660397
leaf_weight=225.45431020524848 63.028345827682642 320.53403979160066 514.84568925052008 228.63572463041055 516.23224360722816 546.78572604422516 129.20134416833753
leaf_count=23410 1966 8963 12405 5443 16990 25471 1522
internal_value=0.000509116 0.00678558 -0.00209452 0.0121479 0.00115908 -0.00639794 0.0158463
internal_weight=2544.72 741.399 1803.32 420.865 1031.08 772.24 357.837
internal_count=96170 17894 78276 8931 29395 48881 6965
is_linear=0
shrinkage=0.04


Tree=313
num_leaves=8
num_cat=0
split_feature=16 16 24 17 10 27 22
split_gain=24.3972 34.2677 16.5681 14.808 13.0001 9.92328 6.73529
threshold=18.500000000000004 5.5000000000000009 1.0000000180025095e-35 0.38251813137879542 531.60890602784536 1.5000000000000002 0.0016934813157819268
decision_type=2 2 2 2 2 2 2
left_child=1 2 3 -1 5 -3 -4
right_child=-2 4 6 -5 -6 -7 -8
leaf_value=-0.0061654868038105619 -0.030845345113410763 0.010251953697917034 0.0048735895890217162 0.00095804527865934021 -0.0017327190664740567 0.027047452321443323 0.02220550864313987
leaf_weight=866.31446178950137 29.018578746254207 303.19949698660639 133.47072053031297 994.44156696843856 105.2842485254514 68.934566802694462 43.756293701007962
leaf_count=43095 5302 5838 3338 34578 2279 826 551
internal_value=0.000546068 0.00102892 -0.00124401 -0.0023737 0.0105579 0.0139896 0.0101102
internal_weight=2544.42 2515.4 2037.98 1860.76 477.418 372.134 177.227
internal_count=95807 90505 81562 77673 8943 6664 3889
is_linear=0
shrinkage=0.04


Tree=314
num_leaves=8
num_cat=0
split_feature=20 11 1 29 17 26 15
split_gain=24.5528 23.9323 19.6006 19.0312 9.64258 7.79986 6.35627
threshold=24.369037534918665 81.64552111910217 0.12269004608075619 1.0000000180025095e-35 0.82280975911484056 0.557553802913903 1.5000000000000002
decision_type=2 2 2 2 2 2 2
left_child=1 -1 5 -4 6 -3 -2
right_child=4 2 3 -5 -6 -7 -8
leaf_value=0.0056331988052210989 0.0056331988052210989 -0.016848612729352244 -0.0051402426100363831 0.0014724830004052554 0.032633728249684767 -0.0066363550253264745 0.017400626117663822
leaf_weight=329.00744772519101 142.01454806624679 202.28903421274299 925.01967684534611 748.91042571311118 23.601007829609443 79.415427398736938 81.415211672603618
leaf_count=7265 4565 16156 40481 19848 340 5637 1523
internal_value=0.000429535 -0.000885387 -0.00268823 -0.00101447 0.0121518 -0.0122582 0.00868294
internal_weight=2531.67 2284.64 1955.63 1673.93 247.031 281.704 223.43
internal_count=95815 89387 82122 60329 6428 21793 6088
is_linear=0
shrinkage=0.04


Tree=315
num_leaves=8
num_cat=0
split_feature=20 7 11 0 7 18 17
split_gain=23.9356 25.0901 23.8581 12.3502 5.18263 3.99964 2.89242
threshold=40.311837829201671 8.5000000000000018 299.21896783273053 -1.032107344086955 36.500000000000007 437.13649620093292 0.28610465879270613
decision_type=2 2 2 2 2 2 2
left_child=1 6 5 -4 -2 -3 -1
right_child=4 2 3 -5 -6 -7 -8
leaf_value=0.0034000479434012701 0.025282008977957036 0.0034000479434012701 -0.021328216274822797 -0.0040057849901182965 0.0087693452311799359 -0.00073448561874870982 0.0087693452311799359
leaf_weight=101.10263124035555 60.087487563316245 365.97932165152451 59.990772324723366 1380.9112047243179 50.416707894473802 296.2571288067702 217.19426147462218
leaf_count=3385 1171 9064 6546 59134 1114 9675 5709
internal_value=0.000501693 -0.000362716 -0.00196925 -0.00486902 0.0179014 0.00340005 0.00876935
internal_weight=2531.94 2421.44 2103.14 1440.9 110.504 662.236 318.297
internal_count=95798 93513 84419 65680 2285 18739 9094
is_linear=0
shrinkage=0.04


Tree=316
num_leaves=8
num_cat=0
split_feature=16 27 17 15 10 0 17
split_gain=23.3718 28.4186 20.7146 14.8801 12.4038 6.95036 5.56506
threshold=20.500000000000004 1.5000000000000002 0.28859471003771769 1.5000000000000002 89.229311844689889 1.0000000180025095e-35 0.73614003414227946
decision_type=2 2 2 2 2 2 2
left_child=1 2 5 -4 -3 -1 -6
right_child=-2 4 3 -5 6 -7 -8
leaf_value=-0.014860217471282577 -0.030405119873026475 0.020343714074613457 -0.0010373391295319108 0.005018486583215364 0.005018486583215364 -0.0042321305583777145 0.013021363444153652
leaf_weight=112.41061532619642 27.602250007657858 133.54765666008461 932.4321233251394 447.2902523917146 254.58077883932856 591.57282065565232 41.060336656548316
leaf_count=11402 5274 2126 39387 9105 6062 22373 610
internal_value=0.000904875 0.00136795 -0.000578383 0.00226953 0.0106154 -0.00611356 0.00569901
internal_weight=2540.5 2512.89 2083.71 1379.72 429.189 703.983 295.641
internal_count=96339 91065 82267 48492 8798 33775 6672
is_linear=0
shrinkage=0.04


Tree=317
num_leaves=8
num_cat=0
split_feature=17 10 25 2 29 29 2
split_gain=22.8221 22.3442 20.0339 14.779 6.76145 6.628 6.10381
threshold=0.82280975911484056 35.164806513762635 1.0000000180025095e-35 0.6170615026124795 1.0000000180025095e-35 1.0000000180025095e-35 0.23978401912406735
decision_type=2 2 2 2 2 2 2
left_child=1 4 5 -4 -1 -3 -2
right_child=6 2 3 -5 -6 -7 -8
leaf_value=0.0027713239365372857 0.0075733888867647514 -0.012348922096277293 -0.0026955227647801495 0.0027713239365372857 0.0075733888867647514 -0.0039613858306892617 0.019258457045118957
leaf_weight=237.17140849596763 19.133441520578344 302.60527327947057 1007.4713230981433 354.73033236427 235.48475752183003 235.75799138966249 137.26818758418085
leaf_count=8286 510 31041 26232 7488 4439 14662 3219
internal_value=0.000915221 -8.84742e-05 -0.00203074 0.00056406 0.00757339 -0.00848683 0.0152353
internal_weight=2529.62 2373.22 1900.56 1362.2 472.656 538.363 156.402
internal_count=95877 92148 79423 33720 12725 45703 3729
is_linear=0
shrinkage=0.04


Tree=318
num_leaves=8
num_cat=0
split_feature=8 27 4 0 1 18 4
split_gain=23.7452 21.1314 17.7408 15.08 13.1383 11.198 4.67666
threshold=1.0000000180025095e-35 1.5000000000000002 15.149760876685521 -1.032107344086955 0.49054927301474521 148.26503261859889 5.5363099688831303
decision_type=2 2 2 2 2 2 2
left_child=1 3 -2 -1 -4 -5 -3
right_child=2 6 4 5 -6 -7 -8
leaf_value=-0.018099622367879237 0.0068969611479689939 0.0024494612095071239 0.017163951636243385 0.0024494612095071239 0.042618015475727314 -0.0034290192108561595 0.0068969611479689939
leaf_weight=78.844997862688615 111.00080249014718 66.693190711506759 40.826119739213027 613.8442468546782 42.112395891046617 1231.863845332824 344.60373869178875
leaf_count=7860 4237 3167 1119 14390 565 56811 7973
internal_value=0.000923147 -0.000218741 0.0140127 -0.00199804 0.0274309 -0.00121638 0.00689696
internal_weight=2529.79 2335.85 193.939 1924.55 82.9385 1845.71 411.297
internal_count=96122 90201 5921 79061 1684 71201 11140
is_linear=0
shrinkage=0.04


Tree=319
num_leaves=8
num_cat=0
split_feature=17 28 6 4 1 1 9
split_gain=24.3755 14.6471 14.2257 14.775 12.7307 10.586 7.9834
threshold=0.58556721969605363 1.5000000000000002 1.0000000180025095e-35 13.563493553560415 0.25919102415508277 0.75125672536814669 1.0000000180025095e-35
decision_type=2 2 2 2 2 2 2
left_child=1 4 -2 -4 -1 -5 -3
right_child=2 6 3 5 -6 -7 -8
leaf_value=-0.0030335055097949564 0.0024483344036162658 -0.011903942494722389 0.0080377865570813931 0.015407505581034476 0.0024483344036162658 0.040136821279293848 -0.0030335055097949564
leaf_weight=412.43018702208792 473.54520457702893 266.51401497348706 140.37840994566795 108.87328162253834 751.6923753968149 35.268265840131789 328.8303458505834
leaf_count=19532 16473 25205 3138 1532 15547 363 14149
internal_value=0.000767438 -0.00181869 0.00671535 0.0136272 0.000799127 0.0227772 -0.00686614
internal_weight=2517.53 1759.47 758.065 284.52 1164.12 144.142 595.344
internal_count=95939 74433 21506 5033 35079 1895 39354
is_linear=0
shrinkage=0.04


Tree=320
num_leaves=8
num_cat=0
split_feature=16 15 18 17 7 28 10
split_gain=22.9741 25.7668 14.3869 13.9475 13.0098 9.47357 7.77619
threshold=16.500000000000004 2.5000000000000004 274.82277493040516 0.41441485769598524 40.500000000000007 1.0000000180025095e-35 483.68792407301606
decision_type=2 2 2 2 2 2 2
left_child=1 2 6 -3 -5 -4 -1
right_child=-2 3 5 4 -6 -7 -8
leaf_value=0.0031506836478152767 -0.029668650127845222 0.0031506836478152767 -0.0010718102781881839 0.020607100425976001 0.0083522270645989792 -0.0076469816680926174 -0.0010718102781881839
leaf_weight=596.78123361288453 29.950172090830165 310.7382527962327 391.61555986682652 193.67727969022235 131.74851125851274 641.89245658571599 221.8772284216102
leaf_count=17266 5457 6623 11806 2838 2140 42195 7747
internal_value=0.000427432 0.00090698 -0.00148502 0.00778638 0.0135538 -0.00460329 0.00245967
internal_weight=2518.28 2488.33 1852.17 636.164 325.426 1033.51 818.658
internal_count=96072 90615 79014 11601 4978 54001 25013
is_linear=0
shrinkage=0.04


Tree=321
num_leaves=8
num_cat=0
split_feature=21 5 17 1 14 17 26
split_gain=19.9414 20.0132 11.4118 11.2067 8.70881 5.49825 5.08915
threshold=1.5000000000000002 1.0000000180025095e-35 0.44667394388316217 0.38801146221002775 1.0000000180025095e-35 0.41441485769598524 0.23673392899275333
decision_type=2 2 2 2 2 2 2
left_child=1 4 -2 -3 5 -1 -4
right_child=2 3 6 -5 -6 -7 -8
leaf_value=-0.0092190629267828571 0.0040712594083341944 -5.9710411649342152e-05 0.010127254269979432 0.0040712594083341944 -5.9710411649342152e-05 -0.0030866636691472995 0.023084438725037827
leaf_weight=454.07032185286516 191.01145569769142 409.82372703954024 93.534932777460199 436.19817911315477 380.37769826799922 470.12368010325736 86.016419386869529
leaf_count=28685 3519 18471 1482 9895 11243 21277 1222
internal_value=0.000595484 -0.000894073 0.00903659 0.00387033 -0.00398975 -0.00611362 0.0161832
internal_weight=2521.16 2150.59 370.563 846.022 1304.57 924.194 179.551
internal_count=95794 89571 6223 28366 61205 49962 2704
is_linear=0
shrinkage=0.04


Tree=322
num_leaves=8
num_cat=0
split_feature=19 2 7 21 0 4 1
split_gain=24.015 19.2528 11.7222 11.0452 10.4235 8.89638 8.43533
threshold=3.5000000000000004 0.51696055237675165 7.5000000000000009 1.5000000000000002 -0.52206576701478979 8.6500566467859432 0.095272922473644786
decision_type=2 2 2 2 2 2 2
left_child=1 4 -3 5 -1 -2 -6
right_child=3 2 -4 -5 6 -7 -8
leaf_value=-0.015677209170477619 -0.0028914471412608621 0.015264328777459304 0.0015480345566952895 0.025092609991387245 -0.0094090488089783927 0.011167436454630092 -0.0017658106096446382
leaf_weight=109.26128165527916 102.57503130225086 102.92776585886895 879.37856853241101 55.421601245048805 105.98831660232099 207.07872988838062 959.51433387645375
leaf_count=11264 3179 2740 32661 646 7973 3165 34404
internal_value=0.000629168 -0.000990814 0.00312459 0.00997215 -0.00442934 0.00656557 -0.00314089
internal_weight=2522.15 2157.07 982.306 365.075 1174.76 309.654 1065.5
internal_count=96032 89042 35401 6990 53641 6344 42377
is_linear=0
shrinkage=0.04


Tree=323
num_leaves=8
num_cat=0
split_feature=11 7 9 26 12 4 1
split_gain=26.4114 22.9261 19.0134 13.6977 10.7335 7.9262 4.2075
threshold=25.521615193157832 8.5000000000000018 1.0000000180025095e-35 0.34891152587310742 1.5000000000000002 6.0504095344407922 0.22029310144292055
decision_type=2 2 2 2 2 2 2
left_child=6 5 3 -3 -4 -2 -1
right_child=1 2 4 -5 -6 -7 -8
leaf_value=0.010260377668742826 0.0037934146565689547 -0.01039532625562596 0.0037934146565689547 -0.0023871061925282355 -0.0021607908563996987 0.010260377668742826 0.026419772702480256
leaf_weight=25.663085322681582 64.639757861470571 541.72402851100924 529.64215285395039 367.94257733729319 668.60992859027465 254.82103470766742 61.891456179670058
leaf_count=864 3079 33275 11981 19565 19960 6066 1008
internal_value=0.000466149 -0.000352546 -0.00187807 -0.00620561 0.0014314 0.0094649 0.0208733
internal_weight=2514.93 2427.38 2107.92 909.667 1198.25 319.461 87.5545
internal_count=95798 93926 84781 52840 31941 9145 1872
is_linear=0
shrinkage=0.04


Tree=324
num_leaves=8
num_cat=0
split_feature=6 1 0 16 16 30 18
split_gain=21.625 85.0526 62.7398 14.185 11.8454 10.185 8.75008
threshold=1.0000000180025095e-35 0.7457432160373163 2.0192733495526478 3.5000000000000004 20.500000000000004 1.0000000180025095e-35 706.66325060923657
decision_type=2 2 2 2 2 2 2
left_child=3 5 -3 6 -5 -2 -1
right_child=1 2 -4 4 -6 -7 -8
leaf_value=-0.0026347906208537869 0.0014223764464869598 0.014214971727011302 0.047462242255483365 0.0014223764464869598 -0.026238555527209523 0.014214971727011302 -0.010552975914948094
leaf_weight=743.99764460965525 696.23556016615476 102.86102846064023 116.61547265737318 469.18699978601944 17.589852784512914 56.657673613459338 315.50879387550231
leaf_count=35914 17589 2239 1362 12495 4234 561 21768
internal_value=0.00056779 0.00521245 0.0270076 -0.0023677 0.00142238 0.00142238 -0.00506936
internal_weight=2518.65 972.37 219.477 1546.28 486.777 752.893 1059.51
internal_count=96162 21751 3601 74411 16729 18150 57682
is_linear=0
shrinkage=0.04


Tree=325
num_leaves=8
num_cat=0
split_feature=16 16 17 15 13 16 10
split_gain=21.8999 25.2525 16.9012 14.5698 14.2937 9.58379 6.76478
threshold=20.500000000000004 5.5000000000000009 0.82280975911484056 2.5000000000000004 1.5000000000000002 7.5000000000000009 488.66575126426261
decision_type=2 2 2 2 2 2 2
left_child=1 2 3 -1 5 -3 -6
right_child=-2 4 -4 -5 6 -7 -8
leaf_value=-0.0034752907704798425 -0.029982338829717743 0.011356455981465164 0.013416545581371134 0.0044897773244988084 0.023686792425869983 -0.0023002893829440828 0.011356455981465164
leaf_weight=1406.9007504260517 25.856238847722125 134.54634918711963 121.42398212771513 486.67560539356782 132.03505364916055 164.74858511876664 41.613696065265685
leaf_count=69068 5299 3090 2823 9767 1454 4009 537
internal_value=0.00106558 0.00150699 -0.000459715 -0.00141533 0.00972225 0.00417125 0.0185417
internal_weight=2513.8 2487.94 2015 1893.58 472.944 299.295 173.649
internal_count=96047 90748 81658 78835 9090 7099 1991
is_linear=0
shrinkage=0.04


Tree=326
num_leaves=8
num_cat=0
split_feature=20 11 14 10 9 10 13
split_gain=22.6439 22.9122 14.1027 10.8158 10.0123 6.17587 4.78042
threshold=61.962507220857781 81.64552111910217 1.0000000180025095e-35 54.422472780765425 1.0000000180025095e-35 398.82357016040095 2.5000000000000004
decision_type=2 2 2 2 2 2 2
left_child=1 3 4 -1 -3 -4 -5
right_child=-2 2 5 6 -6 -7 -8
leaf_value=0.014214438548888708 0.028673624969328206 -0.0075707414073219407 0.0036290729662542169 0.0036290729662542169 -0.0010416046957761075 -0.00028362303872105701 0.0090563566750149517
leaf_weight=90.237266704119975 34.087436635629274 652.13829276186152 411.85372481067316 216.8632109194441 877.70526199278538 199.44505492108874 44.775043825851753
leaf_count=1426 591 44927 9921 5752 26712 6192 551
internal_value=0.000256804 -0.000244748 -0.00181032 0.00906847 -0.00385592 0.00328868 0.00389827
internal_weight=2527.11 2493.02 2141.14 351.876 1529.84 611.299 261.638
internal_count=96072 95481 87752 7729 71639 16113 6303
is_linear=0
shrinkage=0.04


Tree=327
num_leaves=8
num_cat=0
split_feature=10 0 25 17 11 26 12
split_gain=25.1889 22.0514 18.4031 15.3374 13.6112 12.6386 5.82341
threshold=19.436415393067211 -0.84501091872180101 1.0000000180025095e-35 0.27781884147019448 123.34118522996634 0.39700246893912911 1.5000000000000002
decision_type=2 2 2 2 2 2 2
left_child=4 -2 5 -4 -1 -3 -6
right_child=1 2 3 -5 6 -7 -8
leaf_value=0.025175236406418493 -0.017983339197809638 -0.0094653409486993179 -0.0028059216618433647 0.0041243060643968753 0.013095830129831003 -0.0028059216618433647 0.0041243060643968753
leaf_weight=64.749051283142762 119.17491204195539 378.83445450473664 489.10094067669706 1028.7473840926104 111.79983697304851 195.84852662589401 125.730113136
leaf_count=930 11546 28604 11845 21960 2646 14344 4280
internal_value=-0.000448681 -0.00194212 -0.000947343 0.00136703 0.0101907 -0.00697887 0.00525401
internal_weight=2513.99 2211.71 2092.53 1517.85 302.279 574.683 237.53
internal_count=96155 88299 76753 33805 7856 42948 6926
is_linear=0
shrinkage=0.04


Tree=328
num_leaves=8
num_cat=0
split_feature=1 28 2 7 26 5 0
split_gain=20.2089 19.9586 14.843 11.3811 8.60522 8.41792 5.72029
threshold=0.13987218831734691 1.0000000180025095e-35 0.72591728390633337 13.500000000000002 0.38929386396226878 1.0000000180025095e-35 0.67794260774735926
decision_type=2 2 2 2 2 2 2
left_child=4 2 5 -3 6 -2 -1
right_child=1 3 -4 -5 -6 -7 -8
leaf_value=-0.018909981577081358 0.0031127726489410478 0.0031127726489410478 0.020926475483700448 -0.0025628497358986735 -0.0025628497358986735 0.010670894878826888 -0.0071258773831177806
leaf_weight=102.07499514417577 424.43387299957976 311.9309126061562 98.861687143944437 982.44614162602375 155.16832601605711 265.8840865580205 171.43661599452025
leaf_count=10914 10422 9435 1648 39764 10069 4886 8856
internal_value=0.00052466 0.00215838 0.00712942 -0.00090387 -0.00728408 0.00488291 -0.0116889
internal_weight=2512.24 2083.56 789.18 1294.38 428.68 690.318 273.512
internal_count=95994 66155 16956 49199 29839 15308 19770
is_linear=0
shrinkage=0.04


Tree=329
num_leaves=8
num_cat=0
split_feature=14 20 12 6 11 13 28
split_gain=21.6928 17.947 12.6609 8.52664 7.05412 5.16528 2.98777
threshold=1.5000000000000002 7.5914049865431315 1.0000000180025095e-35 1.0000000180025095e-35 339.72781805788884 1.5000000000000002 1.5000000000000002
decision_type=2 2 2 2 2 2 2
left_child=1 2 -1 -4 -2 -6 -3
right_child=4 6 3 -5 5 -7 -8
leaf_value=0.0010954084775219874 0.019114278518961962 0.0049203427147191678 -0.0068354059249374245 -0.0016580468848699551 0.0049203427147191678 0.012320273295187206 0.0010954084775219874
leaf_weight=277.16766707073839 95.350688142847503 275.95518417594576 938.30658013913489 601.42223908488813 113.52382426957774 62.381371804163791 142.55594482632296
leaf_count=8104 1741 6832 52582 15060 3675 837 7088
internal_value=0.00034135 -0.000971762 -0.00272953 -0.0044115 0.0108124 0.00552627 0.00492034
internal_weight=2506.66 2235.41 1816.9 1539.73 271.256 175.905 418.511
internal_count=95919 89666 75746 67642 6253 4512 13920
is_linear=0
shrinkage=0.04


Tree=330
num_leaves=8
num_cat=0
split_feature=29 28 5 17 22 4 27
split_gain=22.7931 25.322 16.3285 12.7314 9.24683 6.21413 6.13822
threshold=1.0000000180025095e-35 1.0000000180025095e-35 1.0000000180025095e-35 0.34377976378317215 0.0013080450330219351 6.6322487286473626 1.0000000180025095e-35
decision_type=2 2 2 2 2 2 2
left_child=3 2 -2 6 -3 -4 -1
right_child=1 4 5 -5 -6 -7 -8
leaf_value=-0.010536470921735435 0.0065379404006359063 0.0010060454519700073 0.014073613285510409 0.00031531302396888158 0.0065379404006359063 0.026490079860003683 -0.0036163521115402694
leaf_weight=374.17581996544322 288.04926216996682 513.20931855900562 36.327739825908793 827.89738878603384 170.66751690476667 133.62157417408889 162.17580900718895
leaf_count=22814 5687 20187 960 34199 3097 1787 7337
internal_value=0.000672911 0.00482066 0.0120698 -0.00280857 0.00100605 0.0216093 -0.00754802
internal_weight=2506.12 1141.88 457.999 1364.25 683.877 169.949 536.352
internal_count=96068 31718 8434 64350 23284 2747 30151
is_linear=0
shrinkage=0.04


Tree=331
num_leaves=8
num_cat=0
split_feature=24 2 25 17 2 4 1
split_gain=22.5998 18.2116 12.7788 9.31297 5.72319 5.51105 5.24277
threshold=1.0000000180025095e-35 0.51696055237675165 1.0000000180025095e-35 0.28859471003771769 0.30051644774127989 6.7218379554110523 0.15029207910663125
decision_type=2 2 2 2 2 2 2
left_child=1 3 -3 -1 -5 -4 -2
right_child=6 2 5 4 -6 -7 -8
leaf_value=-0.0084885274212732741 0.0061350002425359486 -0.00012020046357868963 0.0030073998894786292 -0.0048309102809666353 -0.00012020046357868963 0.0061350002425359486 0.016057292037793068
leaf_weight=415.43533400156593 42.916461682747467 322.49338444341993 178.34530833801546 276.56597497573966 540.88207996253914 551.33000259936671 180.19158154819161
leaf_count=21379 1522 20693 5986 11916 21804 9707 3109
internal_value=0.000807038 -0.000401555 0.00344632 -0.00368672 -0.00117329 0.006135 0.0126716
internal_weight=2508.16 2285.05 1052.17 1232.88 817.448 729.675 223.108
internal_count=96116 91485 36386 55099 33720 15693 4631
is_linear=0
shrinkage=0.04


Tree=332
num_leaves=8
num_cat=0
split_feature=12 16 28 2 16 28 2
split_gain=23.6346 17.8389 19.2559 19.0077 13.2918 5.37767 4.40702
threshold=1.0000000180025095e-35 12.500000000000002 3.5000000000000004 0.29810140598736218 4.5000000000000009 1.0000000180025095e-35 0.43761354121331569
decision_type=2 2 2 2 2 2 2
left_child=4 2 3 -2 5 6 -1
right_child=1 -3 -4 -5 -6 -7 -8
leaf_value=0.0082910821657472648 -0.005389585843022948 -0.024697364119469489 -0.011344588395307071 0.0025895931873184288 0.020654244052354557 0.0039142471328443354 0.020010759418861913
leaf_weight=42.555422582372557 340.13725083414465 41.38117912580492 236.04290080859209 1506.2007959584007 106.24774967925623 173.94268368906341 62.371414715715218
leaf_count=912 13212 5639 17403 49273 1520 6822 1120
internal_value=0.000254094 -0.00141095 -0.000832378 0.000565417 0.00923944 0.00432602 0.0126679
internal_weight=2508.88 2123.76 2082.38 1846.34 385.117 278.87 104.927
internal_count=95901 85527 79888 62485 10374 8854 2032
is_linear=0
shrinkage=0.04


Tree=333
num_leaves=8
num_cat=0
split_feature=0 24 2 28 18 27 27
split_gain=21.2844 21.5825 20.5078 14.3457 9.32298 6.25054 3.81508
threshold=-1.032107344086955 1.0000000180025095e-35 0.51696055237675165 1.5000000000000002 274.82277493040516 1.0000000180025095e-35 3.5000000000000004
decision_type=2 2 2 2 2 2 2
left_child=6 2 4 -4 -2 -3 -1
right_child=1 5 3 -5 -6 -7 -8
leaf_value=-0.020323524840073763 0.00030688969145287794 0.0072268643868960408 0.0065495588558010243 0.00030688969145287794 -0.0067566927842743719 0.021997626989987168 -0.0077412987863729457
leaf_weight=88.597955040422676 539.57093695703225 138.61855061980896 641.5146162772071 369.99974961555563 645.7869970620668 73.248143186036032 12.673113579541676
leaf_count=9066 17314 2927 15622 17386 32154 1272 482
internal_value=0.000419802 0.00120507 4.28287e-06 0.00416601 -0.00355223 0.0130948 -0.0166877
internal_weight=2510.01 2408.74 2196.87 1011.51 1185.36 211.867 101.271
internal_count=96223 86675 82476 33008 49468 4199 9548
is_linear=0
shrinkage=0.04


Tree=334
num_leaves=8
num_cat=0
split_feature=19 21 7 1 2 11 17
split_gain=21.1917 16.1682 14.2484 12.4873 11.2585 10.7924 10.1877
threshold=1.5000000000000002 2.5000000000000004 7.5000000000000009 0.056982069294624176 0.26671902688824561 258.38016290004515 0.60796689186975583
decision_type=2 2 2 2 2 2 2
left_child=2 3 -1 -2 -4 -5 -6
right_child=1 -3 4 5 6 -7 -8
leaf_value=0.0080499269676070021 -0.01779494512821593 0.023175473165652768 -0.012054920938817817 0.012337194620475517 -0.0044050808285124995 0.0016536242537284007 0.0022017473950943951
leaf_weight=177.8981334080454 31.654380618449068 65.154950568132335 208.40567621761875 205.09890705962607 940.8257071077096 523.21702792288124 346.10657892811287
leaf_count=5711 1835 789 11005 4080 46057 16046 10599
internal_value=0.000223024 0.00543149 -0.00236244 0.003629 -0.00364643 0.00478854 -0.00220231
internal_weight=2498.36 825.125 1673.24 759.97 1495.34 728.316 1286.93
internal_count=96122 22750 73372 21961 67661 20126 56656
is_linear=0
shrinkage=0.04


Tree=335
num_leaves=8
num_cat=0
split_feature=30 5 22 28 1 9 10
split_gain=26.6985 17.0341 17.1367 13.4031 10.6417 7.81531 2.80732
threshold=1.0000000180025095e-35 1.5000000000000002 0.0029027637344118643 1.5000000000000002 0.40215362190943865 1.0000000180025095e-35 473.8887777924935
decision_type=2 2 2 2 2 2 2
left_child=1 2 3 -1 -3 -2 -4
right_child=5 4 6 -5 -6 -7 -8
leaf_value=-0.0015259435859292009 0.0075058383793573128 0.0027180023495088053 0.0027180023495088053 -0.0094206077080184764 0.0075058383793573128 0.021912484994432366 -0.00075325260714543759
leaf_weight=1015.2830209551685 51.010791956388857 142.94607507935871 368.51744033079012 514.34454229393305 168.75478345324518 108.12221399554983 129.73636906559113
leaf_count=35871 729 6045 7307 38476 3270 999 3168
internal_value=0.000384937 -0.000721536 -0.00206983 -0.00422451 0.00750584 0.0157332 0.002718
internal_weight=2498.72 2339.58 2027.88 1529.63 311.701 159.133 498.254
internal_count=95865 94137 84822 74347 9315 1728 10475
is_linear=0
shrinkage=0.04


Tree=336
num_leaves=8
num_cat=0
split_feature=4 11 18 7 17 9 18
split_gain=26.0385 20.5775 18.4079 10.4555 8.35803 6.31168 3.73884
threshold=6.5870021482391978 35.216564838464222 134.50061327273639 8.5000000000000018 0.25722258049251134 1.0000000180025095e-35 1153.9232066076672
decision_type=2 2 2 2 2 2 2
left_child=5 -2 4 -4 -3 -1 -7
right_child=1 2 3 -5 -6 6 -8
leaf_value=-0.011986917364662975 0.018110105983504435 0.0023125256434790749 0.0023125256434790749 -0.0028607267334359553 0.0094612072169576334 -0.0028607267334359553 -0.007826112098690793
leaf_weight=275.04675179819606 107.40440692839911 158.90337506544893 160.07937272248091 1038.971685016244 415.77641246362327 268.5283751807583 56.744459230249049
leaf_count=23861 1894 3344 4298 41020 8239 10591 2701
internal_value=-0.000429694 0.00189048 0.000812308 -0.0020104 0.00663545 -0.00761193 -0.00366531
internal_weight=2481.45 1881.14 1773.73 1199.05 574.68 600.32 325.273
internal_count=95948 58795 56901 45318 11583 37153 13292
is_linear=0
shrinkage=0.04


Tree=337
num_leaves=7
num_cat=0
split_feature=20 16 14 18 16 23
split_gain=24.4599 18.5214 18.8851 15.5378 9.43814 1.87418
threshold=61.962507220857781 15.500000000000002 1.5000000000000002 274.82277493040516 3.5000000000000004 69.500000000000014
decision_type=2 2 2 2 2 2
left_child=1 2 3 -1 -4 -3
right_child=-2 5 4 -5 -6 -7
leaf_value=0.0023888200244843176 0.028559044470817758 0.0034595971900853702 0.0042282775333191613 -0.0043892604322255478 0.013998981438830006 -0.030051813642282609
leaf_weight=968.83701079567254 37.030556086683646 0.80148569447919982 176.41106865787879 1202.1095209463965 84.861810363829136 26.806051911727991
leaf_count=26887 632 19 4727 57373 1187 5383
internal_value=-1.7004e-05 -0.000561082 -0.000129822 -0.0013673 0.00982385 -0.0284177
internal_weight=2496.86 2459.83 2432.22 2170.95 261.273 27.6075
internal_count=96208 95576 90174 84260 5914 5402
is_linear=0
shrinkage=0.04


Tree=338
num_leaves=8
num_cat=0
split_feature=30 5 13 28 1 10 10
split_gain=21.7122 18.6746 20.5528 11.1026 10.0147 6.82343 5.17229
threshold=1.0000000180025095e-35 1.5000000000000002 1.5000000000000002 1.5000000000000002 0.38801146221002775 65.137265509743045 394.69067698998907
decision_type=2 2 2 2 2 2 2
left_child=1 2 3 -1 -3 -2 -4
right_child=5 4 6 -5 -6 -7 -8
leaf_value=-0.0021091927921511023 0.025382211100458827 0.0026190938417782745 0.0026190938417782745 -0.0098705335997418472 0.0070185875717511947 0.0075976703199711806 -0.0010651062270032995
leaf_weight=879.81390299418126 51.371942564670462 139.72343990645459 469.43470505074947 439.44629508627986 169.20699756461545 110.79021160490811 227.43854868444032
leaf_count=33828 526 6006 9115 36504 3314 1231 5653
internal_value=0.00067188 -0.000341594 -0.0017804 -0.00474931 0.00701859 0.0143788 0.00261909
internal_weight=2487.23 2325.06 2016.13 1319.26 308.93 162.162 696.873
internal_count=96177 94420 85100 70332 9320 1757 14768
is_linear=0
shrinkage=0.04


Tree=339
num_leaves=8
num_cat=0
split_feature=20 13 29 20 4 28 3
split_gain=24.2953 19.446 14.0665 9.60331 8.86184 5.67857 4.83855
threshold=24.369037534918665 2.5000000000000004 1.0000000180025095e-35 61.962507220857781 21.729400632934787 1.0000000180025095e-35 7.4981161060783856
decision_type=2 2 2 2 2 2 2
left_child=1 2 4 6 -1 -4 -2
right_child=3 -3 5 -5 -6 -7 -8
leaf_value=-0.0081680092691137698 0.014716266571566 0.0054457062773699263 0.0013591688473521258 0.0288220304330918 -0.0024019381780103566 -0.0024019381780103566 0.0054457062773699263
leaf_weight=791.36785484682332 98.456864050749573 352.64022269303678 342.86633306994918 36.119450035097543 237.0883151777598 514.08605280757183 110.99663084375788
leaf_count=46128 2716 6748 7001 616 9605 20099 3124
internal_value=0.000267806 -0.00106187 -0.00272737 0.0119533 -0.00585845 0.00105457 0.00786353
internal_weight=2483.62 2238.05 1885.41 245.573 1028.46 856.952 209.453
internal_count=96037 89581 82833 6456 55733 27100 5840
is_linear=0
shrinkage=0.04


Tree=340
num_leaves=8
num_cat=0
split_feature=18 10 16 16 29 2 17
split_gain=21.5027 17.5115 12.9232 12.6602 6.81998 5.13363 3.06454
threshold=24.780498167848965 35.164806513762635 13.500000000000002 5.5000000000000009 1.0000000180025095e-35 0.37805161701143752 0.35989716136078231
decision_type=2 2 2 2 2 2 2
left_child=5 4 3 -3 -2 -1 -7
right_child=1 2 -4 -5 -6 6 -8
leaf_value=0.0055474379191092736 0.0014982694246558376 -0.003899326348987678 -0.025349466981964618 0.0014982694246558376 0.0055474379191092736 0.010659761272373631 0.020457174577962187
leaf_weight=64.403005190746626 218.49394289757765 1452.9222598757333 29.004552298290946 322.99422098704963 226.92862010572571 62.546615499406471 99.862486835452728
leaf_count=1289 8102 67634 5071 7002 4324 1136 1385
internal_value=0.000415935 -0.000787191 -0.0025509 -0.00203869 0.00554744 0.0118821 0.0157721
internal_weight=2477.16 2250.34 1804.92 1775.92 445.423 226.812 162.409
internal_count=95943 92133 79707 74636 12426 3810 2521
is_linear=0
shrinkage=0.04


Tree=341
num_leaves=8
num_cat=0
split_feature=28 6 1 0 2 29 30
split_gain=18.9111 23.5194 80.164 65.5349 15.8135 8.94824 7.47006
threshold=4.5000000000000009 1.0000000180025095e-35 0.6774666375794044 2.1948017763120498 0.66087183771750746 1.0000000180025095e-35 1.0000000180025095e-35
decision_type=2 2 2 2 2 2 2
left_child=1 4 6 -4 5 -1 -3
right_child=-2 2 3 -5 -6 -7 -8
leaf_value=-0.0058152942009017774 -0.012831394661256891 0.0022165790851134911 0.013968298199477902 0.046776329215450135 0.0022165790851134911 -0.001058168295905575 0.013968298199477902
leaf_weight=608.14621934484967 154.53102240692533 567.85818878464488 127.07042314260616 122.53817152848933 284.21880739727931 555.25768114952371 53.479005369241349
leaf_count=37507 10751 14213 2526 1323 10669 18391 538
internal_value=0.000275864 0.00120081 0.00635661 0.02572 -0.00192346 -0.00433292 0.00221658
internal_weight=2473.1 2318.57 870.946 249.609 1447.62 1163.4 621.337
internal_count=95918 85167 18600 3849 66567 55898 14751
is_linear=0
shrinkage=0.04


Tree=342
num_leaves=8
num_cat=0
split_feature=13 22 4 6 6 11 20
split_gain=20.4179 14.8468 10.8089 10.6243 8.23501 8.1352 7.18495
threshold=1.5000000000000002 0.0021563348584607376 19.575331539145626 1.0000000180025095e-35 1.0000000180025095e-35 263.92385605559963 21.154073763940183
decision_type=2 2 2 2 2 2 2
left_child=2 4 6 -4 -2 -3 -1
right_child=1 5 3 -5 -6 -7 -8
leaf_value=-0.0063293023396411557 0.0011850169732542015 0.023160779015043157 -0.0017632995968962419 0.0011850169732542015 0.007496768065407217 0.007496768065407217 -0.0017632995968962419
leaf_weight=1035.921012599847 394.10607537528267 79.361925751611125 229.03836916024011 229.66080981958658 219.12997936131433 154.44189757551067 136.55351547282044
leaf_count=57906 10929 792 11889 4144 3371 1898 5013
internal_value=-1.04791e-05 0.00499368 -0.00262364 0.00118502 0.00164535 0.0133482 -0.00471162
internal_weight=2478.21 847.04 1631.17 458.699 613.236 233.804 1172.47
internal_count=95942 16990 78952 16033 14300 2690 62919
is_linear=0
shrinkage=0.04


Tree=343
num_leaves=8
num_cat=0
split_feature=10 18 23 17 14 1 0
split_gain=17.3287 18.9293 12.6433 11.6119 7.08362 6.85199 6.49072
threshold=394.69067698998907 231.49571426892609 20.500000000000004 0.38251813137879542 1.0000000180025095e-35 0.22251261699673697 0.80392597987167036
decision_type=2 2 2 2 2 2 2
left_child=1 3 -2 -1 -3 -5 -4
right_child=2 4 6 5 -6 -7 -8
leaf_value=0.0037312247516974664 -0.00053697070548165086 -0.00053697070548165086 -0.013075406703653049 0.0081762441540810336 0.0037312247516974664 0.01661595650506003 -0.0044646345811554184
leaf_weight=300.09463832790789 175.40518761036947 676.82332221679098 205.9599852432475 124.06889129687625 283.08638075350609 263.61415479379502 452.07869830950222
leaf_count=8407 6655 33360 16261 4595 7500 4798 14316
internal_value=0.00061191 0.00298456 -0.0040585 0.00799942 -0.000536971 0.0126213 -0.00731511
internal_weight=2481.13 1647.69 833.444 687.778 959.91 387.683 658.039
internal_count=95892 58660 37232 17800 40860 9393 30577
is_linear=0
shrinkage=0.04


Tree=344
num_leaves=8
num_cat=0
split_feature=0 18 29 28 4 20 13
split_gain=18.8773 17.2869 13.7411 14.1517 13.527 4.69819 4.04287
threshold=-1.032107344086955 28.778532838004413 1.0000000180025095e-35 1.0000000180025095e-35 21.175349045867502 30.923555437337459 1.5000000000000002
decision_type=2 2 2 2 2 2 2
left_child=-1 5 4 -4 -3 6 -2
right_child=1 2 3 -5 -6 -7 -8
leaf_value=-0.015702304424063368 0.0055713190240454539 -0.0058049377055834333 0.0055713190240454539 0.00038508300862675208 0.00038508300862675208 0.025223355347307228 0.015054444867861446
leaf_weight=98.726729711648659 141.08277493501373 865.69118034040366 387.42778823491244 587.87544201877608 273.75348396706249 25.366394740063697 87.021705029066652
leaf_count=9563 2937 45027 7059 20165 9949 272 881
internal_value=0.000599853 0.00134263 0.00013824 0.00360384 -0.00283367 0.0110044 0.00843025
internal_weight=2466.95 2368.22 2114.75 975.303 1139.44 253.471 228.104
internal_count=95853 86290 82200 27224 54976 4090 3818
is_linear=0
shrinkage=0.04


Tree=345
num_leaves=8
num_cat=0
split_feature=20 30 1 4 26 1 10
split_gain=19.7963 18.7382 14.9288 17.316 11.6779 4.29493 1.94726
threshold=54.611470519837376 1.0000000180025095e-35 0.21184007522304013 25.817945571856018 -0.57550774051998055 0.11018899069953987 643.59518252893554
decision_type=2 2 2 2 2 2 2
left_child=1 2 4 -4 -1 -3 -2
right_child=6 5 3 -5 -6 -7 -8
leaf_value=-0.018224457890844325 0.026429109497359098 0.0046492756606299323 -0.0018046397258820405 0.0046492756606299323 -0.0041502574595979874 0.010935504434577324 0.010935504434577324
leaf_weight=107.78895323239703 41.765179518377408 19.756501962896436 1366.0769050604285 257.03023411816685 527.47264981808985 140.39029302503332 8.4316800370579568
leaf_count=8249 724 289 42794 6024 36436 1457 190
internal_value=-0.000113845 -0.00067506 -0.00163695 0.000406634 -0.00678374 0.0109355 0.0225461
internal_weight=2468.71 2418.52 2258.37 1623.11 635.262 160.147 50.1969
internal_count=96163 95249 93503 48818 44685 1746 914
is_linear=0
shrinkage=0.04


Tree=346
num_leaves=8
num_cat=0
split_feature=21 15 19 28 14 13 11
split_gain=19.7168 18.0767 9.40051 9.5054 8.72367 7.82731 5.96735
threshold=3.5000000000000004 1.5000000000000002 2.5000000000000004 4.5000000000000009 1.0000000180025095e-35 1.5000000000000002 94.310502473344087
decision_type=2 2 2 2 2 2 2
left_child=1 2 3 -1 6 -2 -3
right_child=5 4 -4 -5 -6 -7 -8
leaf_value=-0.003740441797582279 0.0088838825733888044 0.0051775804215327074 0.00066371886674370609 -0.017369594307411966 0.0088838825733888044 0.02985690349377737 0.00066371886674370609
leaf_weight=1181.6157771481667 42.323972234822577 83.908960820641369 337.37427363722236 79.29374863972771 228.52377537193388 38.879337052610936 470.80957068446514
leaf_count=57396 806 1662 7868 7893 4214 351 15960
internal_value=0.000105616 -0.000590925 -0.00302585 -0.00472745 0.00435329 0.0183587 0.00147128
internal_weight=2462.73 2381.53 1598.28 1260.91 783.242 81.2033 554.719
internal_count=96150 94993 73157 65289 21836 1157 17622
is_linear=0
shrinkage=0.04


Tree=347
num_leaves=8
num_cat=0
split_feature=17 11 7 1 14 0 2
split_gain=20.4991 15.8501 14.335 8.33494 7.59251 6.59744 2.86131
threshold=0.82280975911484056 81.64552111910217 43.500000000000007 0.19770565309231086 1.0000000180025095e-35 0.95841230646311149 0.33863108560518701
decision_type=2 2 2 2 2 2 2
left_child=1 -1 3 -3 -2 -4 -6
right_child=4 2 5 -5 6 -7 -8
leaf_value=0.006570743613017265 0.006630439444571313 -0.0027748881109521564 -0.011144509823346938 0.002289256959151097 0.0159042960860361 -0.003361303188647859 0.031611111571110045
leaf_weight=325.44468505207624 107.8606694317059 323.43846386926816 272.90760413024691 894.76197315237368 11.412466532608958 489.62521161614859 40.336678675754229
leaf_count=7415 2967 22456 19795 27260 201 15364 623
internal_value=0.000351927 -0.000632465 -0.00199223 0.000705309 0.013774 -0.00625508 0.0251782
internal_weight=2465.79 2306.18 1980.73 1218.2 159.61 762.533 51.7491
internal_count=96081 92290 84875 49716 3791 35159 824
is_linear=0
shrinkage=0.04


Tree=348
num_leaves=8
num_cat=0
split_feature=16 16 11 20 17 4 8
split_gain=18.8162 22.8402 14.9632 15.9883 8.83767 8.6562 2.92183
threshold=20.500000000000004 5.5000000000000009 35.216564838464222 24.369037534918665 0.67537156718945435 6.4959000772831947 1.0000000180025095e-35
decision_type=2 2 2 2 2 2 2
left_child=1 2 6 -4 5 -3 -1
right_child=-2 4 3 -5 -6 -7 -8
leaf_value=0.0088576327125203802 -0.029163311544268711 -0.0052675207502803955 -0.003184606954827572 0.0053940501031309639 0.019095488892800449 0.0088770698732050651 0.028243833626508841
leaf_weight=102.82393802716979 23.685898946416273 82.584664108158904 1672.9011351644731 190.79611987590033 95.809964849642711 290.99166034092195 9.1332472439389658
leaf_count=2280 5242 2814 73993 5247 1298 5049 172
internal_value=0.000532401 0.000937691 -0.000958201 -0.00183723 0.00877106 0.00569439 0.0126253
internal_weight=2468.73 2445.04 1975.65 1863.7 469.386 373.576 111.957
internal_count=96095 90853 81692 79240 9161 7863 2452
is_linear=0
shrinkage=0.04


Tree=349
num_leaves=8
num_cat=0
split_feature=16 15 0 21 16 16 12
split_gain=18.1891 20.5248 11.6608 10.3503 10.0612 7.74014 5.81265
threshold=15.500000000000002 2.5000000000000004 -1.032107344086955 1.0000000180025095e-35 2.5000000000000004 4.5000000000000009 1.0000000180025095e-35
decision_type=2 2 2 2 2 2 2
left_child=1 2 -1 5 -4 -3 -5
right_child=-2 3 4 6 -6 -7 -8
leaf_value=-0.016284686805284183 -0.027603924789295992 0.0025480581726428004 -0.0034550135722666215 0.030031647023902128 0.0025480581726428004 0.0094837277949770902 0.010265482729774652
leaf_weight=72.773468226907426 27.237556648859027 359.91742749116383 1014.7596556669159 27.466747293947265 714.32716831125435 115.60614862968214 128.49762173078489
leaf_count=7890 5466 8340 50225 308 20641 1442 1586
internal_value=0.000142084 0.000564362 -0.00161501 0.00671113 -0.000907507 0.00362119 0.0153463
internal_weight=2460.59 2433.35 1801.86 631.488 1729.09 475.524 155.964
internal_count=95898 90432 78756 11676 70866 9782 1894
is_linear=0
shrinkage=0.04


Tree=350
num_leaves=8
num_cat=0
split_feature=8 22 6 1 5 18 10
split_gain=19.1749 17.359 14.8235 13.5219 9.34309 7.64283 6.02313
threshold=1.0000000180025095e-35 0.0015540024921998012 1.0000000180025095e-35 0.51029558495457572 1.5000000000000002 216.66222849037555 202.59239246933009
decision_type=2 2 2 2 2 2 2
left_child=1 4 -2 -4 5 -1 -3
right_child=2 6 3 -5 -6 -7 -8
leaf_value=-0.001455761084868522 0.0056222730942790634 0.0056222730942790634 0.014996298852235676 0.040042652334771188 0.0012406762322469029 -0.0065704999434621526 0.0012406762322469029
leaf_weight=602.29088097046042 109.31153143967822 256.10325206861307 41.160770818503806 40.979542430693982 230.39719510536088 870.30882395175649 294.84698428217234
leaf_count=20225 4482 4588 908 500 7587 50234 7363
internal_value=0.000236424 -0.000816836 0.0120614 0.0243703 -0.00281342 -0.0041522 0.00529477
internal_weight=2445.4 2253.95 191.452 82.1403 1703 1472.6 550.95
internal_count=95887 89997 5890 1408 78046 70459 11951
is_linear=0
shrinkage=0.04


Tree=351
num_leaves=8
num_cat=0
split_feature=20 11 7 9 20 9 19
split_gain=21.3334 18.0739 13.6879 8.04827 7.59181 4.48182 3.78877
threshold=24.369037534918665 191.73716236368912 14.500000000000002 1.0000000180025095e-35 60.043743038515366 1.0000000180025095e-35 3.5000000000000004
decision_type=2 2 2 2 2 2 2
left_child=1 5 -3 -4 6 -1 -2
right_child=4 2 3 -5 -6 -7 -8
leaf_value=0.0014733571064299072 0.00557487706147748 0.0014733571064299072 -0.0085227647533769341 -0.0020116858187707639 0.02593743113519106 0.00557487706147748 0.016867181277642841
leaf_weight=236.37840671402955 175.68886362941703 404.45318974979455 529.63495359261287 714.1409486685734 40.434874402999412 324.56929188204231 30.453722736507189
leaf_count=8730 5317 14641 37792 22658 675 5709 460
internal_value=0.000748782 -0.000516898 -0.00262816 -0.00483015 0.0116667 0.00557488 0.00779693
internal_weight=2455.75 2209.18 1648.23 1243.78 246.577 560.948 206.143
internal_count=95982 89530 75091 60450 6452 14439 5777
is_linear=0
shrinkage=0.04


Tree=352
num_leaves=8
num_cat=0
split_feature=7 19 9 4 4 10 28
split_gain=21.3327 15.9753 9.14713 8.55885 7.78241 7.54432 6.97762
threshold=7.5000000000000009 2.5000000000000004 1.0000000180025095e-35 6.0504095344407922 25.130508107983005 685.82880177482605 3.5000000000000004
decision_type=2 2 2 2 2 2 2
left_child=3 2 6 -1 -4 -3 -2
right_child=1 5 4 -5 -6 -7 -8
leaf_value=0.0048968657264303389 -0.0046081990302331852 0.0048968657264303389 -0.001965655434152782 0.015300479202853153 0.0048968657264303389 -0.0071008472878899597 -0.016225520744482264
leaf_weight=52.114605752110947 650.35190006446282 400.59792570897116 838.60761411809654 207.16650798553019 149.85427620922565 76.243021984846564 88.251819960445573
leaf_count=2564 38024 8808 25562 4924 3654 2087 10486
internal_value=0.000228997 -0.00106494 -0.00285897 0.0108587 -0.000329497 0.00489687 -0.00619449
internal_weight=2463.19 2203.91 1727.07 259.281 988.462 476.841 738.604
internal_count=96109 88621 77726 7488 29216 10895 48510
is_linear=0
shrinkage=0.04


Tree=353
num_leaves=8
num_cat=0
split_feature=5 1 0 22 28 1 16
split_gain=18.6007 40.4603 24.0102 15.5342 11.489 7.90084 5.53312
threshold=1.5000000000000002 0.69699560875824551 2.0495636462703164 0.002406742354031511 1.5000000000000002 0.1413071218681039 2.5000000000000004
decision_type=2 2 2 2 2 2 2
left_child=3 -2 -3 4 5 -1 -6
right_child=1 2 -4 -5 6 -7 -8
leaf_value=-0.0039074182985770062 0.0043217832265455289 0.017841960357217034 0.04962575547343194 0.0043217832265455289 -0.010991963464707351 0.00079452290183372801 -0.0039074182985770062
leaf_weight=179.38943493280749 230.98997677127045 41.175313755331445 49.373230671160854 520.15659169363062 307.31723212925863 894.81799151873565 224.66701316026956
leaf_count=11549 7657 1202 631 10995 27755 24961 11292
internal_value=0.000600411 0.00941369 0.0313621 -0.000770128 -0.00273274 -0.000334012 -0.00748082
internal_weight=2447.89 321.539 90.5485 2126.35 1606.19 1074.21 531.984
internal_count=96042 9490 1833 86552 75557 36510 39047
is_linear=0
shrinkage=0.04


Tree=354
num_leaves=8
num_cat=0
split_feature=21 16 16 6 10 18 10
split_gain=21.0809 15.4754 17.5715 14.3821 8.37356 3.76276 3.37003
threshold=2.5000000000000004 20.500000000000004 5.5000000000000009 1.0000000180025095e-35 95.444410329280785 290.72179995435113 531.60890602784536
decision_type=2 2 2 2 2 2 2
left_child=1 2 3 -1 -2 -6 -4
right_child=4 -3 6 -5 5 -7 -8
leaf_value=-0.004961723450481805 0.022987870531071646 -0.028475912893541455 0.0059595003182213759 0.0022956399065192537 0.014473685424646511 0.0059595003182213759 -0.0016757324225680984
leaf_weight=1090.2311745650368 69.141119584790431 21.742854377967888 328.99467388587072 716.93007101703552 61.881950697454158 63.688556852401234 95.646174987952691
leaf_count=61171 855 5141 6413 17712 873 1344 2289
internal_value=0.000370596 -0.000742624 -0.000346621 -0.00208582 0.0126616 0.0059595 0.0059595
internal_weight=2448.26 2253.54 2231.8 1807.16 194.712 125.571 424.641
internal_count=95798 92726 87585 78883 3072 2217 8702
is_linear=0
shrinkage=0.04


Tree=355
num_leaves=8
num_cat=0
split_feature=24 13 2 0 20 10 17
split_gain=19.0337 15.0408 12.657 10.1598 9.36462 3.4322 2.75489
threshold=1.0000000180025095e-35 2.5000000000000004 0.20131420325771057 -0.28938531329997669 34.529416456813102 364.71793629095652 0.38531790392406412
decision_type=2 2 2 2 2 2 2
left_child=1 2 -1 -4 5 6 -2
right_child=4 -3 3 -5 -6 -7 -8
leaf_value=-0.014352836867218647 0.0083203792633800323 0.0047254423452592464 -0.0081241024802495843 -0.00074022774241543727 0.032363763486448524 0.0047254423452592464 0.017582399881869392
leaf_weight=131.5799030922426 55.814932480629068 351.32407021324616 195.89670870986447 1549.0911895919489 19.168942285468802 69.057399571247515 69.897305691847578
leaf_count=7049 1296 6850 19886 57640 228 1787 1290
internal_value=-0.000278717 -0.00139019 -0.0028403 -0.00189537 0.0108411 0.0072458 0.0119153
internal_weight=2441.83 2227.89 1876.57 1744.99 213.939 194.77 125.712
internal_count=96026 91425 84575 77526 4601 4373 2586
is_linear=0
shrinkage=0.04


Tree=356
num_leaves=8
num_cat=0
split_feature=27 13 11 0 1 19 4
split_gain=17.8499 12.9881 12.3401 10.1545 8.49844 4.05438 3.36764
threshold=2.5000000000000004 2.5000000000000004 373.4086569617694 -0.80324117744503598 0.1413071218681039 2.5000000000000004 10.448994974512633
decision_type=2 2 2 2 2 2 2
left_child=1 3 -2 6 -5 -4 -1
right_child=2 -3 5 4 -6 -7 -8
leaf_value=-0.021074601990675818 0.018627662185175163 0.0041173544103318303 0.0041173544103318303 -0.0078228964149114448 -0.00027964494759654144 0.011372508297753497 -0.0079401083740658282
leaf_weight=49.996485419273085 123.71375067824556 337.34533762669889 150.12270489637012 278.10218312255529 1406.0793607100641 43.775125843712885 46.551621883867483
leaf_count=7393 2277 6594 4576 21954 48051 1002 4016
internal_value=0.000442211 -0.000897701 0.00913241 -0.00233154 -0.00156405 0.00411735 -0.0143162
internal_weight=2435.69 2118.07 317.612 1780.73 1684.18 193.898 96.5481
internal_count=95863 88008 7855 81414 70005 5578 11409
is_linear=0
shrinkage=0.04


Tree=357
num_leaves=8
num_cat=0
split_feature=16 19 28 1 15 13 7
split_gain=17.9489 18.1011 13.8574 13.1321 10.7785 9.34846 5.49775
threshold=16.500000000000004 1.5000000000000002 3.5000000000000004 0.13987218831734691 2.5000000000000004 1.5000000000000002 27.500000000000004
decision_type=2 2 2 2 2 2 2
left_child=1 2 3 -1 5 -3 -6
right_child=-2 4 -4 -5 6 -7 -8
leaf_value=-0.0060522610509868135 -0.028306663695904663 -0.00099372281362696295 -0.011861813557655873 0.0015851599779071262 0.02030525077435804 0.0081431212872471685 0.0081431212872471685
leaf_weight=246.38175714871613 24.252061956434773 372.54397433290433 175.3652830603387 1198.0604254599893 94.608126350678504 207.57519382052124 112.91687215917045
leaf_count=17438 5394 13472 15518 38191 1189 3092 1590
internal_value=0.000448991 0.000854563 -0.00156569 -0.000242709 0.0057891 0.00288511 0.0134011
internal_weight=2431.7 2407.45 1619.81 1444.44 787.644 580.119 207.525
internal_count=95884 90490 71147 55629 19343 16564 2779
is_linear=0
shrinkage=0.04


Tree=358
num_leaves=8
num_cat=0
split_feature=17 15 9 0 29 17 20
split_gain=18.4889 14.8362 13.3138 8.35148 7.40579 6.12281 5.04241
threshold=0.81449982813146515 2.5000000000000004 1.0000000180025095e-35 0.71304004042978419 1.0000000180025095e-35 0.23692437223249571 4.2097883896987751
decision_type=2 2 2 2 2 2 2
left_child=1 2 3 -1 -3 -4 -2
right_child=6 4 5 -5 -6 -7 -8
leaf_value=-0.013275324222953749 0.0075157149460657749 0.00087429621149703093 -0.0032762488739498524 -0.0038618692004941187 0.005814198018385397 0.00087429621149703093 0.023433804205895008
leaf_weight=216.17968470603228 129.89489849365782 328.7508390175899 276.75585927127395 493.33607102461974 273.95063611985097 681.33845887592179 41.488951531719067
leaf_count=25076 3403 10324 9614 22417 5383 18800 768
internal_value=0.000158036 -0.000820299 -0.00276259 -0.00687466 0.00451118 0.000322163 0.0124487
internal_weight=2441.7 2270.31 1667.61 709.516 602.701 958.094 171.384
internal_count=95785 91614 75907 47493 15707 28414 4171
is_linear=0
shrinkage=0.04


Tree=359
num_leaves=8
num_cat=0
split_feature=8 4 28 29 1 18 15
split_gain=19.5568 15.9767 14.8354 14.4888 13.7636 8.00107 3.53071
threshold=1.0000000180025095e-35 18.293545861070388 1.0000000180025095e-35 1.0000000180025095e-35 0.49054927301474521 205.63429403978697 2.5000000000000004
decision_type=2 2 2 2 2 2 2
left_child=2 -2 3 -1 -3 -4 -7
right_child=1 4 5 -5 -6 6 -8
leaf_value=-2.3710828398233465e-05 0.0056692357809151111 0.016461941563601371 -2.3710828398233465e-05 0.0056692357809151111 0.044126531193520731 -0.0073890746819772462 -0.0029029313460596168
leaf_weight=439.00903123716125 127.40016750285577 30.28554203400563 551.13097213123547 409.92616901495057 33.553441416152054 628.6923422494292 220.25446538827237
leaf_count=14882 4576 874 17341 7812 470 43815 6280
internal_value=0.000227957 0.0121759 -0.000837406 0.00331102 0.0272546 -0.00335844 -0.00578215
internal_weight=2440.25 191.239 2249.01 848.935 63.839 1400.08 848.947
internal_count=96050 5920 90130 22694 1344 67436 50095
is_linear=0
shrinkage=0.04


Tree=360
num_leaves=8
num_cat=0
split_feature=27 0 6 9 13 1 18
split_gain=15.5134 12.9043 12.2085 10.444 8.58234 4.52779 4.33884
threshold=1.5000000000000002 0.95841230646311149 1.0000000180025095e-35 1.0000000180025095e-35 1.5000000000000002 0.61012909710148111 197.64871826417126
decision_type=2 2 2 2 2 2 2
left_child=1 3 -3 -1 -2 -4 -6
right_child=4 2 5 -5 6 -7 -8
leaf_value=-0.011353517413802193 0.0025583904803914621 -0.0025530096647873785 2.6904078020417721e-06 -0.0025530096647873785 0.021145014265954633 0.0025583904803914621 0.0083067589817835234
leaf_weight=309.88305875686274 278.03520315227797 750.11474341370922 348.18181629363971 399.92323443182977 68.690030404541176 205.71172242285684 82.840953474922571
leaf_count=30423 9542 27249 6533 16974 1042 2850 1323
internal_value=-0.000107948 -0.00158687 0.000780556 -0.00588658 0.00670365 0.00255839 0.0140551
internal_weight=2443.38 2013.81 1304.01 709.806 429.566 553.894 151.531
internal_count=95936 84029 36632 47397 11907 9383 2365
is_linear=0
shrinkage=0.04


Tree=361
num_leaves=8
num_cat=0
split_feature=19 2 14 22 10 11 25
split_gain=19.3806 13.6144 12.6828 9.50552 8.88919 8.31127 9.63158
threshold=3.5000000000000004 0.30540092649792316 1.0000000180025095e-35 0.022284295468653015 357.74782228133705 428.83443049676418 1.0000000180025095e-35
decision_type=2 2 2 2 2 2 2
left_child=1 -1 -3 5 -4 -2 -7
right_child=3 2 4 -5 -6 6 -8
leaf_value=-0.0078176948829783363 0.013342801640469755 -0.0017938060167714451 0.010190624189169167 0.022439450728532821 0.0019994364563823775 -0.013791797764016296 0.0056471888506604848
leaf_weight=387.48095414616546 116.48560349737818 1207.3388880484308 309.02248509103083 58.439618442062056 177.36149389301863 47.851078521438467 128.2242310928923
leaf_count=19690 2033 56337 7367 668 5394 2223 2052
internal_value=0.000323669 -0.00115515 0.000406007 0.00888123 0.00579268 0.00552081 -9.29303e-05
internal_weight=2432.2 2081.2 1693.72 351.001 486.384 292.561 176.075
internal_count=95764 88788 69098 6976 12761 6308 4275
is_linear=0
shrinkage=0.04


Tree=362
num_leaves=8
num_cat=0
split_feature=16 16 20 6 13 1 26
split_gain=16.4895 16.8108 13.9365 12.4745 12.313 9.99775 5.36688
threshold=20.500000000000004 5.5000000000000009 58.651239893711569 1.0000000180025095e-35 1.5000000000000002 0.31795732194532084 0.2288445061940689
decision_type=2 2 2 2 2 2 2
left_child=1 2 3 -1 5 -3 -6
right_child=-2 4 -4 -5 6 -7 -8
leaf_value=-0.0035653593370355975 -0.028110038827793105 -0.0056034140002910928 0.021276358531257585 0.0030117620300401564 0.0094862087138514965 0.0088918218233105858 0.023226944078650891
leaf_weight=1162.4043226119611 21.166157387597195 123.73922275965742 36.095576386491302 751.40869254959398 86.74796181358397 168.67471715007559 83.156317158485763
leaf_count=62822 5124 4373 633 18128 1078 2728 933
internal_value=0.000806684 0.00117542 -0.000462325 -0.000980792 0.00794643 0.00277549 0.0161969
internal_weight=2433.39 2412.23 1949.91 1913.81 462.318 292.414 169.904
internal_count=95819 90695 81583 80950 9112 7101 2011
is_linear=0
shrinkage=0.04


Tree=363
num_leaves=8
num_cat=0
split_feature=19 29 10 14 13 17 4
split_gain=19.0967 15.2361 18.1777 10.4794 9.89156 7.38939 8.61603
threshold=1.5000000000000002 1.0000000180025095e-35 38.256884818667771 1.5000000000000002 1.5000000000000002 0.22179716391276663 11.55352867794066
decision_type=2 2 2 2 2 2 2
left_child=3 4 -3 5 -2 -1 -7
right_child=1 2 -4 -5 -6 6 -8
leaf_value=-0.0081505408679659972 -0.004368237000945914 0.026283796030491646 0.0058683213520086324 0.0067785539130189119 0.0057535139569580987 -0.0048669240093020373 0.00176132285405172
leaf_weight=359.41594388789235 278.9041330418404 86.804535355302505 282.47585830404569 178.5263032837538 158.62896176206414 532.63831600054255 557.87182809338628
leaf_count=20277 12135 1239 6601 4697 2726 30995 17384
internal_value=0.000371164 0.00536603 0.0112337 -0.00212118 0.000273299 -0.00325591 -0.00158331
internal_weight=2435.27 806.813 369.28 1628.45 437.533 1449.93 1090.51
internal_count=96054 22701 7840 73353 14861 68656 48379
is_linear=0
shrinkage=0.04


Tree=364
num_leaves=8
num_cat=0
split_feature=20 11 7 0 17 18 17
split_gain=18.1945 22.0283 16.9764 9.37194 6.61221 4.27541 4.05417
threshold=39.866699571306391 108.22223188193537 21.500000000000004 1.2388945958291797 0.2754239711220508 867.05638159222008 0.49589590629508518
decision_type=2 2 2 2 2 2 2
left_child=1 5 4 -4 -3 -1 -2
right_child=6 2 3 -5 -6 -7 -8
leaf_value=0.0075743929511945 0.0075743929511945 -0.0013995463596766942 -0.0094364719697878716 -0.0022597247194912915 0.0025482782602935785 0.0025482782602935785 0.023098722326369794
leaf_weight=322.45880094661698 53.834592817380326 220.2453817644855 499.72226757718818 699.10718367075606 477.17405415709436 103.76779448168236 50.980180382059189
leaf_count=7012 1442 9758 35520 22049 16733 2799 865
internal_value=0.000185096 -0.000580869 -0.00243406 -0.00530461 0.00250552 0.00753061 0.0157297
internal_weight=2427.29 2322.48 1896.25 1198.83 697.419 426.227 104.815
internal_count=96178 93871 84060 57569 26491 9811 2307
is_linear=0
shrinkage=0.04


Tree=365
num_leaves=8
num_cat=0
split_feature=4 27 7 22 26 18 11
split_gain=16.6854 19.6618 13.8114 7.85081 6.80244 6.65791 5.63513
threshold=6.6772229640093146 1.5000000000000002 12.500000000000002 0.096006144393241177 0.24474038770736398 32.773539184691224 258.38016290004515
decision_type=2 2 2 2 2 2 2
left_child=4 2 -2 5 -1 -3 -4
right_child=1 3 6 -5 -6 -7 -8
leaf_value=-0.0094423663446982758 0.0053447335638873309 0.019104465646922617 0.0017403761286812287 0.029851460102180073 -0.0018639813065248734 0.0055053872573849706 -0.0018639813065248734
leaf_weight=334.44097840650647 330.05707108756178 41.04873352102004 326.79082952324097 22.65212004352361 261.64670372806359 264.25559304891067 853.07991760343793
leaf_count=22153 8739 507 8017 232 15713 6487 34131
internal_value=7.1438e-05 0.00196012 8.03075e-06 0.0106814 -0.00568808 0.00835747 -0.00186398
internal_weight=2433.97 1837.88 1509.93 327.956 596.088 305.304 1179.87
internal_count=95979 58113 50887 7226 37866 6994 42148
is_linear=0
shrinkage=0.04


Tree=366
num_leaves=8
num_cat=0
split_feature=7 27 10 6 2 4 9
split_gain=22.656 11.2 10.6844 11.529 9.18251 8.66298 5.91919
threshold=13.500000000000002 1.5000000000000002 13.94302225967046 1.0000000180025095e-35 0.26124480646570797 16.449564128339393 1.0000000180025095e-35
decision_type=2 2 2 2 2 2 2
left_child=2 4 -1 -4 -2 -5 -6
right_child=1 -3 3 5 6 -7 -8
leaf_value=0.024076412279693586 -0.011043268106406609 0.0027516550986327291 0.0027516550986327291 0.0077857370447918803 -0.0051005241932591573 0.014741154255140892 -0.00024865458576955299
leaf_weight=45.565297328692395 199.23444966617535 322.66733094460506 334.17356231842859 122.07149119727546 564.06491950861528 89.257799769402482 752.01556253011222
leaf_count=913 10506 9557 13377 2824 35999 1211 21672
internal_value=0.000477659 -0.00171851 0.00722182 0.0054059 -0.00324896 0.0128198 -0.00199465
internal_weight=2429.05 1837.98 591.068 545.503 1515.31 211.329 1316.08
internal_count=96059 77734 18325 17412 68177 4035 57671
is_linear=0
shrinkage=0.04


Tree=367
num_leaves=8
num_cat=0
split_feature=30 24 2 25 16 2 19
split_gain=17.182 15.7562 13.1585 6.66272 6.45986 6.20099 2.82313
threshold=1.0000000180025095e-35 1.0000000180025095e-35 0.51696055237675165 1.0000000180025095e-35 11.500000000000002 0.4125284953152058 1.5000000000000002
decision_type=2 2 2 2 2 2 2
left_child=1 2 4 -4 -1 -2 -7
right_child=5 -3 3 -5 -6 6 -8
leaf_value=-0.0043769895970701992 0.0057782597072094264 0.0057782597072094264 -0.0017824337733065181 0.0018668970134073858 -0.021617047002506121 0.012065115619610788 0.027776295965399215
leaf_weight=1079.9117571833121 54.669582600996364 204.7186160988349 285.97777324237177 657.6947750955369 26.805664177300059 69.474495758244302 32.054668333032168
leaf_count=50814 623 4500 20319 15082 3565 716 384
internal_value=2.68492e-05 -0.000884111 -0.00204447 0.00141953 -0.0049844 0.0124406 0.018352
internal_weight=2411.31 2255.11 2050.39 943.673 1106.72 156.199 101.529
internal_count=96003 94280 89780 35401 54379 1723 1100
is_linear=0
shrinkage=0.04


Tree=368
num_leaves=8
num_cat=0
split_feature=30 16 15 5 10 7 12
split_gain=17.3872 15.0472 15.2554 8.00419 7.20447 5.95812 2.50661
threshold=1.0000000180025095e-35 18.500000000000004 2.5000000000000004 1.0000000180025095e-35 67.79109343839967 44.500000000000007 1.0000000180025095e-35
decision_type=2 2 2 2 2 2 2
left_child=1 2 3 -1 -2 -4 -6
right_child=4 -3 5 -5 6 -7 -8
leaf_value=-0.0041817826599923544 0.024157579154319306 -0.02803281651769756 0.006219290962583399 0.0014604914626644477 0.015188435058451352 0.0017699576125445621 0.006219290962583399
leaf_weight=1011.6828432026014 50.257114089181414 21.101568874830264 369.68335520566325 656.83467445186398 19.720752543711569 211.86318165194825 90.609385637711966
leaf_count=53337 529 5334 6805 24471 208 4376 1042
internal_value=0.000522698 -0.000400632 -1.86027e-05 -0.00196516 0.0128392 0.00550507 0.00621929
internal_weight=2431.75 2271.17 2250.06 1668.52 160.587 581.547 110.33
internal_count=96102 94323 88989 77808 1779 11181 1250
is_linear=0
shrinkage=0.04


Tree=369
num_leaves=8
num_cat=0
split_feature=19 4 18 12 22 6 2
split_gain=16.0841 13.2972 12.1827 12.3256 10.3093 7.74948 5.09469
threshold=3.5000000000000004 4.8246182065668579 17.324600825703218 1.0000000180025095e-35 0.022284295468653015 1.0000000180025095e-35 0.59598610863237245
decision_type=2 2 2 2 2 2 2
left_child=1 -1 -3 -4 5 6 -2
right_child=4 2 3 -5 -6 -7 -8
leaf_value=-0.0092418981718097332 -0.0052313079358525449 0.012833117487764709 0.0060373802682037424 -0.0022135153260164171 0.022204827515254339 0.012406565119016626 0.0058339738311871045
leaf_weight=273.25229412570479 125.19448275520699 102.45116350891476 255.51612888422096 1446.2877705225837 57.404074803198455 109.67113806794805 51.416935702505725
leaf_count=19662 3610 1656 7170 60284 659 1503 1199
internal_value=0.000152485 -0.00118459 7.98899e-05 -0.000758357 0.0080398 0.00454591 -0.000738617
internal_weight=2421.19 2077.51 1804.26 1701.8 343.687 286.283 176.611
internal_count=95743 88772 69110 67454 6971 6312 4809
is_linear=0
shrinkage=0.04


Tree=370
num_leaves=8
num_cat=0
split_feature=13 21 16 15 11 10 18
split_gain=16.1654 13.7757 11.3429 11.231 7.7798 6.2493 3.17383
threshold=2.5000000000000004 3.5000000000000004 16.500000000000004 2.5000000000000004 103.4136703769375 1124.4497842918004 60.570574984587076
decision_type=2 2 2 2 2 2 2
left_child=2 4 3 5 -2 -1 -6
right_child=1 -3 -4 -5 6 -7 -8
leaf_value=-0.00202415541202337 0.016747575296944785 0.035397407280401152 -0.026129087087536848 0.0030887214511960649 0.0099181483740704238 -0.012111732924961103 0.0030887214511960649
leaf_weight=1391.5450286954292 67.476157997443806 16.77529513425543 19.116144868501578 510.63625544149545 66.223009589943103 96.525858529814286 234.02341449444066
leaf_count=67842 875 157 5091 10396 761 5456 5533
internal_value=0.000105532 0.00751362 -0.00133618 -0.000970152 0.00533813 -0.00275498 0.00308872
internal_weight=2402.32 384.498 2017.82 1998.71 367.723 1488.07 300.246
internal_count=96111 7326 88785 83694 7169 73298 6294
is_linear=0
shrinkage=0.04


Tree=371
num_leaves=8
num_cat=0
split_feature=24 27 1 17 7 4 1
split_gain=16.4887 11.2122 8.9391 7.98865 7.29156 2.96827 2.5473
threshold=1.0000000180025095e-35 1.5000000000000002 0.034771724018914069 0.2754239711220508 32.500000000000007 5.5363099688831303 0.15029207910663125
decision_type=2 2 2 2 2 2 2
left_child=1 2 -1 -4 6 -3 -2
right_child=4 5 3 -5 -6 -7 -8
leaf_value=-0.020006078756731039 0.011268317244873774 0.0014635086923257829 -0.0054460882632865019 0.00025436950027228741 0.0049733420978116403 0.0049733420978116403 0.021375647402938465
leaf_weight=33.365253671356186 21.734564407961443 61.877775142769678 572.78800782933831 1207.5008718468052 102.29724393080687 317.63292869128054 89.25734979682602
leaf_count=2836 714 3222 29465 47910 2398 8009 1549
internal_value=0.000320667 -0.000730404 -0.00204632 -0.00159986 0.0106771 0.00497334 0.0175633
internal_weight=2406.45 2193.16 1813.65 1780.29 213.289 379.511 110.992
internal_count=96103 91442 80211 77375 4661 11231 2263
is_linear=0
shrinkage=0.04


Tree=372
num_leaves=8
num_cat=0
split_feature=16 16 14 17 20 2 27
split_gain=17.9023 22.5557 12.8138 13.3982 12.448 11.4468 9.62302
threshold=4.5000000000000009 20.500000000000004 1.5000000000000002 0.39078829518672276 24.055365852986601 0.26671902688824561 1.5000000000000002
decision_type=2 2 2 2 2 2 2
left_child=4 2 3 -2 5 -1 -7
right_child=1 -3 -4 -5 -6 6 -8
leaf_value=-0.010751710188697345 -0.0013686296881688907 -0.027622197223903432 0.023176401543737693 0.011478296221044638 0.0081035468279777329 -0.0028700673327701895 0.0027770607505716422
leaf_weight=223.72947440630378 234.48528754655854 20.029785369632009 69.494949927437119 275.92952310713008 186.68168076776783 1174.0340064588454 237.26826468284708
leaf_count=11917 5871 5259 950 4991 5313 56097 5681
internal_value=0.000559383 0.00649293 0.00811951 0.00566351 -0.00141947 -0.00254943 -0.00118264
internal_weight=2421.65 599.94 579.91 510.415 1821.71 1635.03 1411.3
internal_count=96079 17071 11812 10862 79008 73695 61778
is_linear=0
shrinkage=0.04


Tree=373
num_leaves=8
num_cat=0
split_feature=8 1 4 20 10 16 4
split_gain=16.5953 18.0925 16.4867 13.8001 12.4277 7.2689 1.29874
threshold=1.0000000180025095e-35 0.49054927301474521 16.876372816052573 24.369037534918665 52.065313947839094 14.500000000000002 6.0913503908551894
decision_type=2 2 2 2 2 2 2
left_child=3 -2 -3 4 6 -6 -1
right_child=1 2 -4 -5 5 -7 -8
leaf_value=-0.0015298872575158599 0.0047756316885458391 0.01474127330544707 0.042260270796423818 0.0047756316885458391 -0.003856894713710526 -0.024429079354566469 0.0012103210935357788
leaf_weight=117.34381935664715 110.98695332757779 41.952669462130871 39.725312298629433 221.40148738102289 1480.9088298728529 18.441111605228798 374.19971488919691
leaf_count=5084 4156 1201 527 5991 65321 4366 9373
internal_value=-0.000204359 0.0107541 0.0247069 -0.00120281 -0.00235499 -0.0042701 0.00121032
internal_weight=2404.96 192.665 81.678 2212.29 1990.89 1499.35 491.544
internal_count=96019 5884 1728 90135 84144 69687 14457
is_linear=0
shrinkage=0.04


Tree=374
num_leaves=8
num_cat=0
split_feature=17 13 28 0 26 10 17
split_gain=19.858 14.0829 12.3157 8.82142 4.79534 4.06065 3.41969
threshold=0.82280975911484056 2.5000000000000004 3.5000000000000004 0.30696231341497798 0.39700246893912911 704.86314823683995 0.33040097067646884
decision_type=2 2 2 2 2 2 2
left_child=1 2 3 -1 -4 -2 -3
right_child=5 6 4 -5 -6 -7 -8
leaf_value=-0.0062761266225066382 0.016520811963362119 0.0019131801489491859 -0.01601413140613716 0.00031947152707862715 -0.0062761266225066382 0.0061823279136012359 0.0061823279136012359
leaf_weight=356.23551267488438 134.15646054716854 142.77986859582597 133.78969855071045 1329.1395479408166 72.030271683644969 22.437637872742926 215.75224461432663
leaf_count=28127 3069 3139 11762 39420 5882 718 3765
internal_value=9.84613e-06 -0.000972746 -0.00235597 -0.00119639 -0.0113559 0.0133374 0.00618233
internal_weight=2406.32 2249.73 1891.2 1685.38 205.82 156.594 358.532
internal_count=95882 92095 85191 67547 17644 3787 6904
is_linear=0
shrinkage=0.04


Tree=375
num_leaves=7
num_cat=0
split_feature=20 11 5 4 0 10
split_gain=16.0689 15.6759 12.1833 13.3422 6.58804 3.02232
threshold=61.962507220857781 35.216564838464222 1.0000000180025095e-35 12.904585004226417 -0.50407031261224267 304.82379060822808
decision_type=2 2 2 2 2 2
left_child=1 5 4 -4 -3 -1
right_child=-2 2 3 -5 -6 -7
leaf_value=0.011843478280985783 0.023686028288924656 -0.011717384016569608 -0.0001880536501860336 0.0055061856391623995 -0.002268497596813746 0.0055061856391623995
leaf_weight=79.720491312502418 36.72935941797914 121.74660327957463 446.64879293896229 434.38771680124046 1241.2248994967122 59.289977338747121
leaf_count=1511 619 13258 19190 10086 50047 1474
internal_value=0.000456448 9.28273e-07 -0.000831107 0.0028156 -0.00319171 0.0118435
internal_weight=2419.75 2383.02 2244.01 881.037 1362.97 139.01
internal_count=96185 95566 92581 29276 63305 2985
is_linear=0
shrinkage=0.04


Tree=376
num_leaves=8
num_cat=0
split_feature=11 9 11 7 0 28 27
split_gain=13.9217 13.2837 9.77362 9.47195 8.57182 4.38415 4.25991
threshold=25.521615193157832 1.0000000180025095e-35 299.21896783273053 25.500000000000004 1.2388945958291797 2.5000000000000004 1.0000000180025095e-35
decision_type=2 2 2 2 2 2 2
left_child=-1 4 -3 -4 6 -6 -2
right_child=1 2 3 -5 5 -7 -8
leaf_value=0.014970116431772287 -0.011232247861995042 0.0072309772417522167 0.0035428436006603582 -0.00094692462427913991 -0.00094692462427913991 -0.0046050077468909713 -0.0046050077468909713
leaf_weight=86.84187582906452 280.98252443996171 393.84785290752188 384.51580430955801 550.20465392462938 452.25905661760044 118.00729249700089 138.87183806415123
leaf_count=1859 26564 7824 10226 17610 13756 7856 10379
internal_value=0.000110279 -0.000508162 0.00209996 -0.00014529 -0.00399381 -0.000946925 -0.00826309
internal_weight=2405.53 2318.69 1328.57 934.72 990.121 570.266 419.854
internal_count=96074 94215 35660 27836 58555 21612 36943
is_linear=0
shrinkage=0.04


Tree=377
num_leaves=8
num_cat=0
split_feature=30 5 13 28 1 9 17
split_gain=16.3505 16.3681 12.6322 10.1168 7.82821 4.92766 4.35263
threshold=1.0000000180025095e-35 1.5000000000000002 1.5000000000000002 1.5000000000000002 0.40215362190943865 1.0000000180025095e-35 0.28610465879270613
decision_type=2 2 2 2 2 2 2
left_child=1 2 3 -1 -3 -2 -4
right_child=5 4 6 -5 -6 -7 -8
leaf_value=-0.0014974408011002216 0.0062721498661996479 0.0023031301455775201 -0.00086453744814560403 -0.0090766983176951872 0.0062721498661996479 0.017776754322332583 0.0023031301455775201
leaf_weight=851.60783027687648 48.125080078636529 141.23058035878057 208.40843216757639 414.9486618617957 163.46469905933191 105.52312802080996 481.12009081705764
leaf_count=33895 747 6072 5424 36407 3230 1010 9372
internal_value=0.000608658 -0.000273929 -0.00166589 -0.00403221 0.00627215 0.0128182 0.00230313
internal_weight=2414.43 2260.78 1956.09 1266.56 304.695 153.648 689.529
internal_count=96157 94400 85098 70302 9302 1757 14796
is_linear=0
shrinkage=0.04


Tree=378
num_leaves=8
num_cat=0
split_feature=21 5 6 29 13 1 10
split_gain=14.8742 15.5026 17.8223 9.14926 7.90336 5.99091 5.72733
threshold=3.5000000000000004 1.0000000180025095e-35 1.0000000180025095e-35 1.0000000180025095e-35 1.5000000000000002 0.61012909710148111 917.64145481892558
decision_type=2 2 2 2 2 2 2
left_child=1 3 -3 6 -2 -4 -1
right_child=4 2 5 -5 -6 -7 -8
leaf_value=-0.0045756400705698327 0.0079766415147043829 0.00044782283508223915 0.0042122321748933114 0.00044782283508223915 0.028309398704088704 0.0079766415147043829 -0.01592155968276103
leaf_weight=678.37274808686198 44.126234450843185 501.53931272735645 244.11319593789813 656.33870812915848 37.08157195878448 167.41242368522217 72.695292675980454
leaf_count=38566 834 22492 5236 21212 350 2285 4951
internal_value=0.000364945 -0.000256751 0.00377845 -0.0028828 0.01621 0.00797664 -0.00586857
internal_weight=2401.68 2320.47 913.065 1407.41 81.2078 411.526 751.068
internal_count=95926 94742 30013 64729 1184 7521 43517
is_linear=0
shrinkage=0.04


Tree=379
num_leaves=8
num_cat=0
split_feature=24 7 18 0 13 4 7
split_gain=17.3531 12.9711 10.7472 7.33485 5.59009 3.86416 2.79475
threshold=1.0000000180025095e-35 7.5000000000000009 179.95460603557353 1.2388945958291797 1.5000000000000002 5.2210084371993277 32.500000000000007
decision_type=2 2 2 2 2 2 2
left_child=1 -1 5 -4 6 -3 -2
right_child=4 2 3 -5 -6 -7 -8
leaf_value=0.0052471550177863556 0.012470236718354311 -0.0011645445367058532 -0.0076892923309999544 -0.0014248075450922599 0.019343167747888725 0.0017282727784742153 0.0052471550177863556
leaf_weight=235.36404569203296 69.895107632386498 113.31366196362433 508.34895800313461 720.53801509219193 74.759853473864496 605.76569448010559 65.97994428590755
leaf_count=7064 1699 5468 39078 24307 957 15633 1913
internal_value=0.000440159 -0.000637343 -0.00179061 -0.00405736 0.0111317 0.00172827 0.00559731
internal_weight=2393.97 2183.33 1947.97 1228.89 210.635 719.079 135.875
internal_count=96119 91550 84486 63385 4569 21101 3612
is_linear=0
shrinkage=0.04


Tree=380
num_leaves=8
num_cat=0
split_feature=19 21 1 11 29 0 7
split_gain=14.7789 12.9936 10.0714 8.96286 8.02512 7.05151 7.02516
threshold=1.5000000000000002 2.5000000000000004 0.17762353453559418 61.763554308392962 1.0000000180025095e-35 -0.82368516514955814 21.500000000000004
decision_type=2 2 2 2 2 2 2
left_child=3 2 -2 -1 -4 -5 -7
right_child=1 -3 4 5 -6 6 -8
leaf_value=0.0059845648962750502 -0.0054774802822227242 0.020121871517432107 0.00086923737691289372 -0.014416935976785108 0.01041756026099641 0.0012063853838373934 -0.0047292085348422776
leaf_weight=182.29791440963163 171.25766686216593 67.156037966429722 301.46876527392305 75.227112059259525 257.65189788150019 506.26644895256322 837.32185927796672
leaf_count=4505 8888 829 8476 9469 4596 19044 40276
internal_value=6.49612e-05 0.00448118 0.00279071 -0.00214897 0.00537499 -0.00322859 -0.00250028
internal_weight=2398.65 797.534 730.378 1601.11 559.121 1418.82 1343.59
internal_count=96083 22789 21960 73294 13072 68789 59320
is_linear=0
shrinkage=0.04


Tree=381
num_leaves=8
num_cat=0
split_feature=1 19 20 24 5 26 10
split_gain=15.1577 15.0645 10.1931 10.1728 9.7045 7.20322 6.05108
threshold=0.11018899069953987 3.5000000000000004 24.055365852986601 1.0000000180025095e-35 1.5000000000000002 0.64474337018360883 525.91357862610721
decision_type=2 2 2 2 2 2 2
left_child=5 3 6 4 -2 -1 -3
right_child=1 2 -4 -5 -6 -7 -8
leaf_value=-0.012303779424733416 -0.0019611912606917067 0.009798131303777699 0.028346810903983929 0.0096351992344705355 0.0044811861969230602 -0.0031583756011623956 -0.0031583756011623956
leaf_weight=211.61840629529615 1435.034429547537 206.84073897607959 32.240455119230319 158.70512433940894 220.65112557400425 75.035487088804075 59.718352769505145
leaf_count=16964 58990 3643 429 3272 6424 4980 1304
internal_value=0.00048684 0.00166824 0.00983549 0.000276689 -0.000672827 -0.00798499 0.00665252
internal_weight=2399.84 2113.19 298.8 1814.39 1655.69 286.654 266.559
internal_count=96006 74062 5376 68686 65414 21944 4947
is_linear=0
shrinkage=0.04


Tree=382
num_leaves=7
num_cat=0
split_feature=30 24 16 15 23 17
split_gain=16.2745 13.2702 10.2142 10.892 6.40098 5.69859
threshold=1.0000000180025095e-35 1.0000000180025095e-35 18.500000000000004 2.5000000000000004 96.500000000000014 0.3880758453548257
decision_type=2 2 2 2 2 2
left_child=1 2 3 -1 5 -2
right_child=4 -3 -4 -5 -6 -7
leaf_value=-0.0029603760430511358 0.011907946342674024 0.006030387169349719 -0.025897191554450884 0.0022728159428486434 0.006030387169349719 0.026385866345801871
leaf_weight=1496.0044757725918 56.11794773535803 204.3817814094873 17.080941385946062 520.97030966309831 40.231751794344746 61.255838155964739
leaf_count=74007 640 4458 5073 10535 448 691
internal_value=0.000468136 -0.000430163 -0.00148476 -0.00115127 0.0124909 0.0177855
internal_weight=2396.04 2238.44 2034.06 2016.97 157.606 117.374
internal_count=95852 94073 89615 84542 1779 1331
is_linear=0
shrinkage=0.04


Tree=383
num_leaves=8
num_cat=0
split_feature=21 6 1 13 14 2 2
split_gain=13.248 12.9357 38.3635 9.02536 7.80484 5.28213 1.06087
threshold=3.5000000000000004 1.0000000180025095e-35 0.61012909710148111 1.5000000000000002 1.0000000180025095e-35 0.64244585630453022 0.35438199668269904
decision_type=2 2 2 2 2 2 2
left_child=1 4 -3 -2 5 -1 -6
right_child=3 2 -4 -5 6 -7 -8
leaf_value=-0.0064848447472798413 0.007516232915400811 0.00042776444076251835 0.007516232915400811 0.028108030453239209 -0.0021073388022601592 -0.0021073388022601592 0.00042776444076251835
leaf_weight=767.73553981943405 43.631160211807583 576.60062894094881 327.54057617786748 38.384319912467618 110.78914674731641 219.28367774800427 299.58776622936421
leaf_count=49088 816 15577 5653 354 4143 11058 9265
internal_value=0.000371643 -0.000222423 0.00348341 0.0152549 -0.00262788 -0.00464244 0.000427764
internal_weight=2383.55 2301.54 904.141 82.0155 1397.4 987.019 410.377
internal_count=95954 94784 21230 1170 73554 60146 13408
is_linear=0
shrinkage=0.04


Tree=384
num_leaves=8
num_cat=0
split_feature=4 27 7 0 10 16 1
split_gain=16.3102 15.9105 14.2814 9.33831 8.5349 5.27196 4.61972
threshold=6.0913503908551894 1.5000000000000002 15.500000000000002 1.170472329402765 436.21838379420223 4.5000000000000009 0.30535941657975346
decision_type=2 2 2 2 2 2 2
left_child=3 2 -2 -1 6 -4 -3
right_child=1 4 5 -5 -6 -7 -8
leaf_value=-0.012091479268775898 0.0046028310363427586 0.0092519941456256308 -0.0024353372735747827 -0.0024353372735747827 0.0046028310363427586 0.0010837468813839882 0.018916169835529573
leaf_weight=239.33574741956545 434.51611302348465 104.30911076778648 835.9575193798446 252.21588731623342 99.140939900597004 278.15857650972612 136.30714533710852
leaf_count=21255 12455 2915 36358 11655 2748 6352 2165
internal_value=-7.54198e-05 0.00161983 -0.000119673 -0.00649051 0.00932534 -0.00243534 0.0139012
internal_weight=2379.94 1888.39 1548.63 491.552 339.757 1114.12 240.616
internal_count=95903 62993 55165 32910 7828 42710 5080
is_linear=0
shrinkage=0.04


Tree=385
num_leaves=8
num_cat=0
split_feature=17 28 1 4 16 1 18
split_gain=16.8141 11.3531 11.1038 13.136 4.50498 5.98743 4.33857
threshold=0.76691511589265493 3.5000000000000004 0.19396980217441781 19.328176785026887 1.5000000000000002 0.12977035504323017 347.71461114237997
decision_type=2 2 2 2 2 2 2
left_child=1 2 -1 -4 -2 -6 -7
right_child=4 -3 3 -5 5 6 -8
leaf_value=-0.0045953768071879363 0.004307610716418663 -0.0092250012994716073 -0.0010666568717374631 0.004307610716418663 0.004307610716418663 0.023481097544574309 0.010744483733203834
leaf_weight=493.00107776852019 98.097717854660004 228.35566854188801 1022.9062740098634 390.67511469229794 21.969283456463018 78.018141364773328 61.191689652128844
leaf_count=31740 2606 18508 31077 8174 1106 1738 1308
internal_value=0.000189038 -0.000994524 3.42477e-05 0.00184545 0.00960975 0.0136572 0.0171814
internal_weight=2394.21 2134.94 1906.58 1413.58 259.277 161.179 139.21
internal_count=96257 89499 70991 39251 6758 4152 3046
is_linear=0
shrinkage=0.04


Tree=386
num_leaves=8
num_cat=0
split_feature=27 17 0 2 18 21 17
split_gain=12.7459 11.2091 10.966 7.49671 7.4621 5.59099 2.65225
threshold=1.5000000000000002 0.73006816914032513 -0.84501091872180101 0.20131420325771057 274.82277493040516 1.5000000000000002 0.62853612911551082
decision_type=2 2 2 2 2 2 2
left_child=2 5 6 -4 -5 -2 -1
right_child=1 -3 3 4 -6 -7 -8
leaf_value=-0.017564305227691975 0.0028008994789172478 0.020608988650969166 -0.0068693545561139225 0.0028008994789172478 -0.0019097068292653876 0.012058054013611392 -0.0068693545561139225
leaf_weight=71.780363626719918 296.96576494234978 65.812655851732416 129.69471841531049 775.50732351945408 962.33435234283024 58.065128982467286 25.098343806392222
leaf_count=9207 9189 1746 6103 22274 44788 903 1863
internal_value=0.00036575 0.00659782 -0.000996023 -0.000281357 0.000462413 0.00350712 -0.0134574
internal_weight=2385.26 420.844 1964.42 1867.54 1737.84 355.031 96.8787
internal_count=96073 11838 84235 73165 67062 10092 11070
is_linear=0
shrinkage=0.04


Tree=387
num_leaves=8
num_cat=0
split_feature=4 7 18 6 0 0 5
split_gain=16.2007 16.1488 13.8427 7.18465 9.33626 5.13269 5.07385
threshold=6.6772229640093146 8.5000000000000018 118.61697977039397 1.0000000180025095e-35 2.7179960613256413 0.51284147753290188 1.0000000180025095e-35
decision_type=2 2 2 2 2 2 2
left_child=5 3 -3 -2 -5 -1 -4
right_child=1 2 6 4 -6 -7 -8
leaf_value=-0.010617168941623109 0.0063249972954409241 0.0063249972954409241 -0.0013646916073992066 0.012974862103502269 0.035242510570330635 -0.0025085603600170903 0.0024801528440208586
leaf_weight=179.83383277893518 149.31343269201898 478.98499200788501 636.39580023891176 66.551986515492899 33.319923879113048 391.98278818930703 451.37787957518958
leaf_count=19067 4262 9709 28873 1058 335 18764 13926
internal_value=0.000618263 0.00246795 0.00093175 0.0117182 0.0196247 -0.00519734 -0.00136469
internal_weight=2387.76 1815.94 1566.76 249.185 99.8719 571.817 1087.77
internal_count=95994 58163 52508 5655 1393 37831 42799
is_linear=0
shrinkage=0.04


Tree=388
num_leaves=8
num_cat=0
split_feature=16 15 18 1 9 11 19
split_gain=14.3176 18.5495 12.6839 10.2474 7.57335 5.22951 5.0761
threshold=20.500000000000004 1.5000000000000002 193.89917450352968 0.060028232215016776 1.0000000180025095e-35 89.89522959507056 1.5000000000000002
decision_type=2 2 2 2 2 2 2
left_child=1 3 5 -1 -5 -3 -4
right_child=-2 2 6 4 -6 -7 -8
leaf_value=-0.015449375184638479 -0.027278860747789846 0.024136710093705875 0.0022519792974439812 -0.0040273239976156699 0.0016359620498944709 0.0093864450524760064 0.0072158544733756224
leaf_weight=70.130012190216803 19.086621313705109 43.923716788485763 308.04085017439502 645.60109424379334 882.65578894788632 264.43036935509008 155.89081181230722
leaf_count=6614 5202 532 9647 41750 25394 4142 2707
internal_value=0.000620077 0.000958336 0.00600728 -0.00150332 -0.000767081 0.0121797 0.00225198
internal_weight=2389.76 2370.67 772.286 1598.39 1528.26 308.354 463.932
internal_count=95988 90786 17028 73758 67144 4674 12354
is_linear=0
shrinkage=0.04


Tree=389
num_leaves=7
num_cat=0
split_feature=11 16 20 27 1 28
split_gain=14.7821 13.1031 12.5355 11.6908 2.45355 2.24355
threshold=25.521615193157832 18.500000000000004 24.369037534918665 2.5000000000000004 0.24586083140361789 1.5000000000000002
decision_type=2 2 2 2 2 2
left_child=4 2 3 -2 -1 -4
right_child=1 -3 5 -5 -6 -7
leaf_value=0.008014051138284406 -0.0019698380954863612 -0.026891824522553023 0.008014051138284406 0.0036855991519187019 0.020464910456309961 0.0036855991519187019
leaf_weight=27.646868994735996 1789.9330782876277 18.553503164719586 153.52696077356813 267.15367012149363 59.209575188986491 77.944502081838436
leaf_count=929 77313 5276 2842 5575 951 3143
internal_value=0.000681199 3.83538e-05 0.000372723 -0.000642853 0.0159897 0.00801405
internal_weight=2393.97 2307.11 2288.56 2057.09 86.8564 231.471
internal_count=96029 94149 88873 82888 1880 5985
is_linear=0
shrinkage=0.04


Tree=390
num_leaves=8
num_cat=0
split_feature=10 16 18 16 0 29 23
split_gain=17.6497 12.9131 13.1838 9.71498 7.63597 5.81857 1.74932
threshold=11.022083504578907 15.500000000000002 274.82277493040516 4.5000000000000009 -0.82368516514955814 1.0000000180025095e-35 61.500000000000007
decision_type=2 2 2 2 2 2 2
left_child=5 2 3 -2 -4 -1 -3
right_child=1 6 4 -5 -6 -7 -8
leaf_value=0.0068959290100420977 0.00099988266654422661 0.0038888750066485168 -0.015185379246226918 0.0068959290100420977 -0.0017485329277038622 0.021402448469193352 -0.027701096764815344
leaf_weight=70.490710936734104 764.26706793726044 0.60319362900918605 62.222296296538843 236.584787898988 1160.8431662379007 72.328680340549909 20.26140208196739
leaf_count=2409 24119 14 8053 3785 51149 1337 5255
internal_value=0.000766657 -0.000128226 0.000227366 0.00361269 -0.00254973 0.0139201 -0.0258237
internal_weight=2387.6 2244.78 2223.92 1000.85 1223.07 142.819 20.8646
internal_count=96121 92375 87106 27904 59202 3746 5269
is_linear=0
shrinkage=0.04


Tree=391
num_leaves=8
num_cat=0
split_feature=12 16 22 20 0 5 4
split_gain=14.679 12.3146 11.5606 10.4132 7.5317 4.56573 3.20401
threshold=1.0000000180025095e-35 12.500000000000002 0.0021563348584607376 7.4309460159629479 -0.76202156900542584 1.5000000000000002 6.3147617902798094
decision_type=2 2 2 2 2 2 2
left_child=2 3 5 4 -2 -1 -4
right_child=1 -3 6 -5 -6 -7 -8
leaf_value=0.0029845488731865661 -0.012803459376006784 -0.022320557203214252 0.010649630722702292 0.0029845488731865661 -0.0016410065515583489 0.010649630722702292 0.022767107170426678
leaf_weight=228.51116740511497 93.876829421635193 33.738404283183627 22.581157204491319 383.11834839569929 1493.9337295733931 38.013130493258359 76.140997296985006
leaf_count=7955 9925 5647 460 12452 57288 856 1048
internal_value=2.92594e-05 -0.00132379 0.00729289 -0.000853503 -0.00237697 0.00298455 0.0183147
internal_weight=2369.91 2004.67 365.246 1970.93 1587.81 266.524 98.7222
internal_count=95631 85312 10319 79665 67213 8811 1508
is_linear=0
shrinkage=0.04


Tree=392
num_leaves=8
num_cat=0
split_feature=20 27 9 25 13 29 11
split_gain=13.1327 12.5151 11.2911 13.5655 8.84799 6.89134 0.984103
threshold=61.962507220857781 2.5000000000000004 1.0000000180025095e-35 1.0000000180025095e-35 1.5000000000000002 1.0000000180025095e-35 394.73051345094774
decision_type=2 2 2 2 2 2 2
left_child=1 2 3 -1 6 -4 -3
right_child=-2 4 5 -5 -6 -7 -8
leaf_value=-0.011907623024347938 0.02198249928501567 0.0073387777805022951 -0.0012285484585878275 -0.0012285484585878275 0.011190252084087473 0.0034873034769171175 0.0034873034769171175
leaf_weight=248.88989745933213 35.997141153959092 81.816352882029605 642.60378240415594 605.55798792683345 108.31708733980486 535.6655513492733 121.33206783489368
leaf_count=31942 603 1878 21839 22611 1574 11193 4312
internal_value=0.000815047 0.000398005 -0.000758239 -0.00423328 0.00773285 0.00177618 0.0034873
internal_weight=2380.18 2344.18 2032.72 854.448 311.466 1178.27 203.148
internal_count=95952 95349 87585 54553 7764 33032 6190
is_linear=0
shrinkage=0.04


Tree=393
num_leaves=8
num_cat=0
split_feature=24 5 29 22 17 1 15
split_gain=12.6688 11.9891 13.1935 5.79016 4.76976 4.19178 3.54808
threshold=1.0000000180025095e-35 1.5000000000000002 1.0000000180025095e-35 0.0016934813157819268 0.58556721969605363 0.40215362190943865 4.5000000000000009
decision_type=2 2 2 2 2 2 2
left_child=1 2 4 6 -1 -3 -2
right_child=3 5 -4 -5 -6 -7 -8
leaf_value=-0.0066489273046004592 0.0046315258741411128 0.0014997656961312799 0.0014997656961312799 0.019907818911970687 -0.0016448500805347039 0.0046315258741411128 0.012527600861477662
leaf_weight=690.89394570015429 128.70341172866756 136.81280017964673 879.43959244631696 54.377296272781678 299.47537599743373 153.18190407851944 30.066235795849934
leaf_count=43179 3380 5804 27372 708 11979 3086 516
internal_value=0.000562428 -0.00037335 -0.00163199 0.0096364 -0.00478947 0.00463153 0.00514738
internal_weight=2372.95 2159.8 1869.81 213.147 990.369 289.995 158.77
internal_count=96024 91420 82530 4604 55158 8890 3896
is_linear=0
shrinkage=0.04


Tree=394
num_leaves=8
num_cat=0
split_feature=13 10 14 28 22 14 12
split_gain=12.3879 9.27209 9.82391 9.2982 7.45432 4.87946 3.7926
threshold=2.5000000000000004 1096.4631790247238 1.0000000180025095e-35 1.5000000000000002 0.043668954996186123 1.5000000000000002 1.5000000000000002
decision_type=2 2 2 2 2 2 2
left_child=1 2 3 -1 5 -2 -3
right_child=4 6 -4 -5 -6 -7 -8
leaf_value=-0.00035611596905056532 0.002215172053070502 -0.0062703902011073624 0.002215172053070502 -0.0062703902011073624 0.018688339879152891 0.011122841306253684 -0.017422816751716072
leaf_weight=874.31036177816713 293.17049439583207 55.152027091673517 541.26893899005518 449.75924482297705 53.724781877201167 37.241611120931339 74.041910116960935
leaf_count=32253 6260 2426 14995 34572 529 518 4578
internal_value=-0.000390591 -0.00166366 -0.000915399 -0.00284405 0.00609401 0.00355734 -0.0116254
internal_weight=2378.67 1994.53 1865.34 1324.07 384.137 330.412 129.194
internal_count=96131 88824 81820 66825 7307 6778 7004
is_linear=0
shrinkage=0.04


Tree=395
num_leaves=8
num_cat=0
split_feature=4 28 2 20 0 1 10
split_gain=14.1595 13.8623 26.1129 9.6068 6.22445 5.8862 5.32958
threshold=3.9821164541979139 2.5000000000000004 0.70978747168541345 7.9533688028307674 1.1493105453796426 0.12555406671795036 54.422472780765425
decision_type=2 2 2 2 2 2 2
left_child=4 2 3 -2 -1 -4 -3
right_child=1 6 5 -5 -6 -7 -8
leaf_value=-0.017042374709410123 -0.00056445612922317954 -0.0006274544502586838 0.0078665921337104389 0.0074855673079917522 -0.0042165206457069225 0.017809445568278331 -0.0042165206457069225
leaf_weight=89.113622041455528 1241.9207802889614 97.205027230695123 31.61057940543833 282.85793039154669 95.531796471186681 215.1108784146636 312.65342524147127
leaf_count=8522 41164 4117 1504 7565 4758 4523 23714
internal_value=0.000496178 0.00141251 0.00296161 0.000967927 -0.00984555 0.0147653 -0.00421652
internal_weight=2366 2181.36 1771.5 1524.78 184.645 246.721 409.858
internal_count=95867 82587 54756 48729 13280 6027 27831
is_linear=0
shrinkage=0.04


Tree=396
num_leaves=8
num_cat=0
split_feature=10 27 23 14 2 11 28
split_gain=13.3529 14.5433 9.74019 9.10603 8.15574 5.40216 4.56492
threshold=402.57889703060187 1.5000000000000002 43.500000000000007 1.0000000180025095e-35 0.44177004538623238 316.42627456382678 1.0000000180025095e-35
decision_type=2 2 2 2 2 2 2
left_child=1 3 -2 6 -3 -4 -1
right_child=2 4 5 -5 -6 -7 -8
leaf_value=0.0022640918915692808 -0.00090823284357503266 0.0054364166267135937 -0.0045991600532004984 0.0054364166267135937 0.016080240738778319 -0.011508164418610424 -0.00090823284357503266
leaf_weight=356.56878510504248 354.00306159096363 109.12995905246134 123.30031037276785 386.10061593874707 170.48642094022216 298.83182851893434 574.1296346041272
leaf_count=10099 14753 3207 4374 9722 3895 17378 32543
internal_value=0.000183157 0.00227284 -0.00408931 0.000484176 0.0103887 -0.00829009 -0.000908233
internal_weight=2372.55 1596.42 776.135 1316.8 279.616 422.132 930.698
internal_count=95971 59466 36505 52364 7102 21752 42642
is_linear=0
shrinkage=0.04


Tree=397
num_leaves=8
num_cat=0
split_feature=17 1 4 7 22 13 2
split_gain=18.0104 9.80033 14.6561 7.37462 7.27272 4.94563 3.82969
threshold=0.57118709373208032 0.32214845388558627 19.575331539145626 7.5000000000000009 0.0015071598611641139 2.5000000000000004 0.62785752780635218
decision_type=2 2 2 2 2 2 2
left_child=1 5 -3 -2 -5 6 -1
right_child=3 2 -4 4 -6 -7 -8
leaf_value=-0.0093189830259945809 0.016211957037400714 -0.0021373649809453754 0.0019094544535395103 0.0019094544535395103 0.010154790571118139 -0.0021373649809453754 -0.0046332102841456129
leaf_weight=449.86409938256475 83.71080299699679 629.01891099152999 269.98073049746745 516.54454462110516 164.62978117380408 122.09723601298174 142.90978897987588
leaf_count=33929 1854 21209 5953 18117 3112 3299 8544
internal_value=0.000600267 -0.00179664 0.000983614 0.00561555 0.00409762 -0.00525834 -0.00712906
internal_weight=2378.76 1613.87 899 764.885 681.174 714.871 592.774
internal_count=96017 72934 27162 23083 21229 45772 42473
is_linear=0
shrinkage=0.04


Tree=398
num_leaves=8
num_cat=0
split_feature=10 29 8 20 28 28 0
split_gain=15.0927 15.2102 9.18785 7.62101 6.09419 6.01192 4.30622
threshold=35.164806513762635 1.0000000180025095e-35 1.0000000180025095e-35 1.0000000180025095e-35 1.0000000180025095e-35 5.5000000000000009 -0.014299314820060201
decision_type=2 2 2 2 2 2 2
left_child=1 -1 3 5 6 -2 -3
right_child=2 4 -4 -5 -6 -7 -8
leaf_value=0.0024116532599156339 -0.0036180842417755993 0.014640818621787594 0.0024116532599156339 -0.00011523692689751398 0.0080913670787961557 -0.016868227698584422 0.026979604947026208
leaf_weight=228.70972839284514 1356.1882410595208 17.639827966311714 150.72592260098099 351.02488981599527 140.29312749575183 48.155537347367499 79.530118254828267
leaf_count=8469 61448 424 5039 12658 3201 3713 969
internal_value=1.69915e-05 0.00639023 -0.00156692 -0.00264213 0.0137711 -0.00418849 0.0211903
internal_weight=2372.27 466.173 1906.09 1755.37 237.463 1404.34 97.1699
internal_count=95921 13063 82858 77819 4594 65161 1393
is_linear=0
shrinkage=0.04


Tree=399
num_leaves=8
num_cat=0
split_feature=12 16 16 22 18 1 17
split_gain=16.3657 10.9176 10.5817 9.53959 9.34502 4.96537 3.5826
threshold=1.0000000180025095e-35 13.500000000000002 5.5000000000000009 0.00041788579127189734 26.678569210724973 0.30937795150726316 0.37669893861569459
decision_type=2 2 2 2 2 2 2
left_child=3 2 4 5 -2 -1 -5
right_child=1 -3 -4 6 -6 -7 -8
leaf_value=0.0032163034259421685 0.0032163034259421685 -0.022928198207971519 0.0032163034259421685 0.010641177366141497 -0.0035031026983060399 0.010189133110610146 0.024343618911136053
leaf_weight=111.98271184672194 165.11351747759909 26.748653901333455 363.0283050542057 43.544054881378543 1453.512618236251 156.12769272789592 55.973736438114429
leaf_count=5386 3148 5568 7676 760 69370 3474 803
internal_value=0.000110312 -0.00132006 -0.000914736 0.00775267 -0.0023809 0.00354007 0.0177423
internal_weight=2376.03 2008.4 1981.65 367.628 1618.63 268.11 99.5178
internal_count=96185 85762 80194 10423 72518 8860 1563
is_linear=0
shrinkage=0.04


Tree=400
num_leaves=8
num_cat=0
split_feature=18 6 1 7 12 10 28
split_gain=19.0211 18.8398 15.6162 8.50738 7.77251 8.52523 6.14541
threshold=148.26503261859889 1.0000000180025095e-35 0.59368503291710717 8.5000000000000018 1.5000000000000002 1124.4497842918004 4.5000000000000009
decision_type=2 2 2 2 2 2 2
left_child=1 -1 -3 -2 -5 -6 -4
right_child=3 2 6 4 5 -7 -8
leaf_value=0.0013306271765574031 0.0013306271765574031 0.0072177209098211216 0.029824907882639633 -0.0012329777050734672 -0.0052663068238129789 -0.021888291133318943 0.015825032618956663
leaf_weight=513.29065653110592 213.76008716408614 179.3927638009045 98.76936253317399 603.56089502268151 713.35618716137833 44.73920726761753 12.460833028948398
leaf_count=15950 7162 3562 1172 25730 39065 3281 239
internal_value=0.000121705 0.00509188 0.0131048 -0.00243063 -0.00379658 -0.00651945 0.0244323
internal_weight=2379.33 803.914 290.623 1575.42 1361.66 758.095 111.23
internal_count=96161 20923 4973 75238 68076 42346 1411
is_linear=0
shrinkage=0.04


Tree=401
num_leaves=8
num_cat=0
split_feature=30 29 28 4 18 4 21
split_gain=14.2357 14.1485 13.9129 7.11983 6.69094 5.33535 3.22754
threshold=1.0000000180025095e-35 1.0000000180025095e-35 1.0000000180025095e-35 11.838835861388704 24.780498167848965 22.30419924176115 1.5000000000000002
decision_type=2 2 2 2 2 2 2
left_child=1 4 -3 -2 -1 -6 -4
right_child=3 2 6 -5 5 -7 -8
leaf_value=-0.00077951526329942235 0.0051021514026227286 0.0051021514026227286 -0.00077951526329942235 0.019206583233806373 -0.0072069741317454866 -0.0030827949927828323 0.0021613180696616534
leaf_weight=119.22728295490379 73.361212755495217 418.33266119020846 508.56682679242658 79.29052014714398 835.08245184175576 237.32605096542102 94.661177300120471
leaf_count=2420 921 8098 21405 845 50875 9853 1462
internal_value=-0.000192419 -0.00102735 0.00241434 0.0112317 -0.00397337 -0.00538607 -0.000779515
internal_weight=2365.85 2213.2 1021.56 152.652 1191.64 1072.41 603.228
internal_count=95879 94113 30965 1766 63148 60728 22867
is_linear=0
shrinkage=0.04


Tree=402
num_leaves=8
num_cat=0
split_feature=5 1 4 15 28 0 29
split_gain=13.8371 32.0648 20.405 10.9176 5.51551 4.59473 4.55789
threshold=1.5000000000000002 0.69699560875824551 19.575331539145626 1.5000000000000002 1.0000000180025095e-35 -0.21108320063021371 1.0000000180025095e-35
decision_type=2 2 2 2 2 2 2
left_child=3 -2 -3 4 6 -6 -1
right_child=1 2 -4 -5 5 -7 -8
leaf_value=-0.0025361603496642372 0.0034361210703495806 0.015432246568208994 0.047686160414915496 0.0030941255243601019 -0.012732694962211785 -0.0038573186297913165 1.5425517780392752e-05
leaf_weight=262.81029771783506 228.91565541550153 52.92084804053593 37.573465301247779 687.44329478419968 101.23970768487925 722.50903599060257 263.16206560091814
leaf_count=9673 7621 1363 470 20076 14500 37258 5027
internal_value=0.000244888 0.00785273 0.0274284 -0.000980489 -0.00306327 -0.00508775 1.54255e-05
internal_weight=2356.57 319.41 90.4943 2037.16 1349.72 823.749 525.972
internal_count=95988 9454 1833 86534 66458 51758 14700
is_linear=0
shrinkage=0.04


Tree=403
num_leaves=8
num_cat=0
split_feature=5 6 4 1 4 13 1
split_gain=13.3991 20.0827 39.5977 13.438 7.39135 6.93942 5.15147
threshold=1.0000000180025095e-35 1.0000000180025095e-35 24.145033333924143 0.53017516701693024 3.7273065026228624 1.5000000000000002 0.86322398929363697
decision_type=2 2 2 2 2 2 2
left_child=4 -2 6 -4 -1 -6 -3
right_child=1 2 3 -5 5 -7 -8
leaf_value=-0.012272807192340845 0.00091350577116619276 0.0058199397362983267 0.01855450335003175 0.042641080273135248 -0.0036259157400706232 0.00091350577116619276 0.01855450335003175
leaf_weight=97.207800277512433 509.48852278587947 286.07706298680569 39.127383836021181 64.854572445736267 860.83605280379561 476.35601835204579 25.413961802551057
leaf_count=7692 22872 5845 695 663 47770 10210 394
internal_value=0.000256632 0.00398651 0.0107264 0.0312891 -0.0021595 -0.00133867 0.00581994
internal_weight=2359.36 924.962 415.473 103.982 1434.4 1337.19 311.491
internal_count=96141 30469 7597 1358 65672 57980 6239
is_linear=0
shrinkage=0.04


Tree=404
num_leaves=8
num_cat=0
split_feature=16 16 24 13 2 10 17
split_gain=13.4688 18.105 12.0532 11.5808 10.4823 6.2913 5.74718
threshold=16.500000000000004 5.5000000000000009 1.0000000180025095e-35 1.5000000000000002 0.26671902688824561 469.0314550601413 0.57118709373208032
decision_type=2 2 2 2 2 2 2
left_child=1 2 4 6 -1 -5 -3
right_child=-2 3 -4 5 -6 -7 -8
leaf_value=-0.0097390273150550349 -0.026187910503505371 -0.0011828649736035665 0.0088885579715049165 0.021153580007860769 -0.00079323642256191851 0.0093373999461751275 0.0093373999461751275
leaf_weight=234.25617646925093 20.251723594650684 197.0648167883628 167.56271668916452 122.88432059492334 1492.5052035035042 41.235863634676207 86.725255866535008
leaf_count=12606 5460 5434 3889 1432 65327 544 1485
internal_value=0.000334257 0.000673934 -0.00104624 0.00781296 -0.00205593 0.0159509 0.00272394
internal_weight=2362.49 2342.23 1894.32 447.91 1726.76 164.12 283.79
internal_count=96177 90717 81822 8895 77933 1976 6919
is_linear=0
shrinkage=0.04


Tree=405
num_leaves=8
num_cat=0
split_feature=16 27 16 28 2 22 15
split_gain=12.0698 12.4486 12.2036 8.36386 8.43651 5.35876 3.43858
threshold=15.500000000000002 1.5000000000000002 4.5000000000000009 6.5000000000000009 0.6090684749522538 0.055867665418227221 1.5000000000000002
decision_type=2 2 2 2 2 2 2
left_child=1 3 5 4 -1 -3 -4
right_child=-2 2 6 -5 -6 -7 -8
leaf_value=-0.0025612872089020157 -0.025479444532859913 0.0025860034130980769 0.009853022739024761 -0.019147963687166109 0.0025860034130980769 0.016918582603564405 0.02715390919838578
leaf_weight=1340.4446654593703 19.801350276437006 277.36329572244722 64.691747376346029 30.752544038878113 559.41453716257092 32.250725958059775 35.184745735023171
leaf_count=60500 5436 6945 966 2117 19437 371 391
internal_value=-0.000183808 0.000137744 0.00638552 -0.00121351 -0.00082447 0.002586 0.0178644
internal_weight=2359.9 2340.1 409.491 1930.61 1899.86 309.614 99.8765
internal_count=96163 90727 8673 82054 79937 7316 1357
is_linear=0
shrinkage=0.04


Tree=406
num_leaves=8
num_cat=0
split_feature=11 18 17 10 25 10 28
split_gain=14.4032 13.4237 11.3247 8.8205 7.49344 5.31862 2.18166
threshold=35.216564838464222 43.746109097745837 0.23692437223249571 89.229311844689889 1.0000000180025095e-35 22.072103480608199 3.5000000000000004
decision_type=2 2 2 2 2 2 2
left_child=3 6 5 -1 -4 -3 -2
right_child=1 2 4 -5 -6 -7 -8
leaf_value=0.026642531684824455 0.0057364878421696987 -0.0037304971538545712 -0.0037304971538545712 0.0057364878421696987 0.0016152578009547137 -0.0095677942176388801 0.0018051071431223335
leaf_weight=37.079781910433667 320.15770693300146 72.694213245733408 368.38603655375482 98.231008133210707 1005.5713438981365 426.09623970669054 37.535254116432043
leaf_count=616 5634 2463 32860 2333 26570 24307 1240
internal_value=3.04791e-05 -0.000761163 -0.00212627 0.0122341 -0.000236703 -0.00722429 0.00573649
internal_weight=2365.75 2230.44 1872.75 135.311 1373.96 498.79 357.693
internal_count=96023 93074 86200 2949 59430 26770 6874
is_linear=0
shrinkage=0.04


Tree=407
num_leaves=8
num_cat=0
split_feature=18 16 15 7 0 17 16
split_gain=13.905 12.5402 17.4341 7.42803 6.67925 4.08911 2.9515
threshold=17.324600825703218 12.500000000000002 1.5000000000000002 44.500000000000007 -0.84501091872180101 0.31734103064470343 2.5000000000000004
decision_type=2 2 2 2 2 2 2
left_child=5 2 4 -4 -2 -1 -7
right_child=1 -3 3 -5 -6 6 -8
leaf_value=0.0060048992119392805 -0.013688425776960875 -0.021642772199088577 0.0060048992119392805 0.0012262155337440582 -0.0019007769982530764 0.011830327829962534 0.025987581776503291
leaf_weight=45.147640397131909 71.90330031515623 34.010548182655839 451.04011146604898 260.13010621847934 1392.2710319663456 47.878319512208691 36.529176018259022
leaf_count=960 9411 5665 9864 6491 62470 821 501
internal_value=0.000267483 -0.000503768 -7.57453e-05 0.00502101 -0.00256858 0.0125136 0.0176558
internal_weight=2338.91 2209.36 2175.34 711.17 1464.17 129.555 84.4075
internal_count=96183 93901 88236 16355 71881 2282 1322
is_linear=0
shrinkage=0.04


Tree=408
num_leaves=8
num_cat=0
split_feature=19 8 1 22 18 16 15
split_gain=18.794 11.5325 8.92258 7.72681 7.00306 6.87579 9.41343
threshold=3.5000000000000004 1.0000000180025095e-35 0.31375170899927585 0.022284295468653015 128.11276896319197 20.500000000000004 1.5000000000000002
decision_type=2 2 2 2 2 2 2
left_child=1 5 -3 4 -2 6 -1
right_child=3 2 -4 -5 -6 -7 -8
leaf_value=-0.0035570218395055814 0.01384995700452313 0.003557161090287534 0.017069140984380213 0.021697368505325391 0.0014631638567336425 -0.023577963412285418 0.0025106508781053824
leaf_weight=1236.0907584182278 88.691676240880042 65.870158347042889 96.508530239138054 55.531615811749361 192.33810922063276 13.068911272046533 600.52326973942399
leaf_count=64603 1535 3366 2094 657 4810 4189 14615
internal_value=0.000538809 -0.000938615 0.00896597 0.0091435 0.00600255 -0.00185165 -0.0015702
internal_weight=2348.62 2012.06 162.379 336.561 281.03 1849.68 1836.61
internal_count=95869 88867 5460 7002 6345 83407 79218
is_linear=0
shrinkage=0.04


Tree=409
num_leaves=8
num_cat=0
split_feature=8 13 6 19 17 4 19
split_gain=14.8344 14.2413 12.538 8.20822 5.86166 5.43648 1.83372
threshold=1.0000000180025095e-35 2.5000000000000004 1.0000000180025095e-35 3.5000000000000004 0.63623746146588178 17.105529532891858 1.0000000180025095e-35
decision_type=2 2 2 2 2 2 2
left_child=1 3 -2 4 -1 -4 -3
right_child=2 6 5 -5 -6 -7 -8
leaf_value=-0.004910271157498685 0.0049341512726556683 0.0013135201287121246 0.013700772186121273 0.0013135201287121246 0.00090289574546589986 0.032769370417095732 0.0049341512726556683
leaf_weight=1182.0592124015166 107.26369775214334 139.06228719669161 39.599130967035308 257.04605223921681 358.11969231404873 37.492420880502323 208.91934027677053
leaf_count=64359 4486 3077 943 5841 12885 436 3700
internal_value=0.000119892 -0.000835077 0.0107034 -0.00230711 -0.0035615 0.0224674 0.00493415
internal_weight=2329.56 2145.21 184.355 1797.22 1540.18 77.0916 347.982
internal_count=95727 89862 5865 83085 77244 1379 6777
is_linear=0
shrinkage=0.04


Tree=410
num_leaves=8
num_cat=0
split_feature=20 14 0 12 26 2 4
split_gain=13.3892 12.7907 8.38879 8.26089 4.78946 2.50524 1.50609
threshold=61.962507220857781 1.5000000000000002 -1.032107344086955 1.5000000000000002 0.24474038770736398 0.46059382133843707 14.345227555694269
decision_type=2 2 2 2 2 2 2
left_child=1 2 6 -4 -3 -2 -1
right_child=5 4 3 -5 -6 -7 -8
leaf_value=-0.017223530535968697 0.011200792177984044 0.0038543595976623965 0.002582325018739195 -0.0025850509925015386 0.011200792177984044 0.029736603298406262 -0.0066575508750513022
leaf_weight=46.926520285036531 14.283887664321808 131.46563565103861 883.19454806524664 1100.4998138369247 123.17931502965803 21.21456632722402 29.26254745958795
leaf_count=6510 293 3474 30227 50203 2712 325 2447
internal_value=0.00066801 0.000244527 -0.000815218 -0.000282982 0.00852394 0.0221571 -0.0130321
internal_weight=2350.03 2314.53 2059.88 1983.69 254.645 35.4985 76.1891
internal_count=96191 95573 89387 80430 6186 618 8957
is_linear=0
shrinkage=0.04


Tree=411
num_leaves=8
num_cat=0
split_feature=16 16 17 4 11 19 7
split_gain=14.4342 14.9451 16.0523 10.9561 7.19638 7.29613 6.51609
threshold=2.5000000000000004 18.500000000000004 0.62038116032167534 3.9821164541979139 299.21896783273053 2.5000000000000004 21.500000000000004
decision_type=2 2 2 2 2 2 2
left_child=4 2 3 -2 5 -1 -6
right_child=1 -3 -4 -5 6 -7 -8
leaf_value=-0.00080319397038560174 -0.014797575586406684 -0.025742876089421728 0.013201649667457569 0.0030517580747472829 -0.0012411076808658029 0.011628684675271304 -0.0069113593698813041
leaf_weight=349.45334975577134 49.983033487136709 16.595729406564715 253.07308947938145 667.31075297406642 327.8957070213728 85.978331888574758 592.6249336709152
leaf_count=13089 2981 5410 4849 19095 14862 1563 34154
internal_value=0.000321697 0.00397982 0.00474555 0.00162161 -0.0023506 0.0018575 -0.00433972
internal_weight=2342.91 986.963 970.367 717.294 1355.95 435.432 920.521
internal_count=96003 32335 26925 22076 63668 14652 49016
is_linear=0
shrinkage=0.04


Tree=412
num_leaves=8
num_cat=0
split_feature=28 1 30 20 9 10 26
split_gain=13.8534 11.7592 17.2403 11.3975 5.49171 4.86952 1.50409
threshold=4.5000000000000009 0.095272922473644786 1.0000000180025095e-35 36.456266606353473 1.0000000180025095e-35 285.88983844808268 0.48353291506920149
decision_type=2 2 2 2 2 2 2
left_child=1 6 3 -3 -4 -2 -1
right_child=5 2 4 -5 -6 -7 -8
leaf_value=-0.0053212424404357481 -0.0053212424404357481 0.00011447687046956735 0.0083083183797076753 0.0083083183797076753 0.021370926222372168 -0.019003876055935769 -0.0016551558314917697
leaf_weight=141.32331800956854 72.641176525074115 1773.1777555023291 39.798544876248343 103.66147634683875 88.991968221816933 64.687833061689162 68.946851456234072
leaf_count=11187 4955 66226 551 2114 891 5677 4676
internal_value=0.000226101 0.0010114 0.00201093 0.000999435 0.0156172 -0.0116539 -0.00532124
internal_weight=2353.23 2215.9 2005.63 1876.84 128.791 137.329 210.27
internal_count=96277 85645 69782 68340 1442 10632 15863
is_linear=0
shrinkage=0.04


Tree=413
num_leaves=8
num_cat=0
split_feature=16 27 2 1 18 17 26
split_gain=11.235 12.7428 9.20596 8.98484 8.31288 6.66216 3.81963
threshold=20.500000000000004 1.5000000000000002 0.72591728390633337 0.1036064253364181 148.26503261859889 0.73006816914032513 0.74320856810271174
decision_type=2 2 2 2 2 2 2
left_child=1 3 5 6 -5 -3 -1
right_child=-2 2 -4 4 -6 -7 -8
leaf_value=-0.011959419306654237 -0.025645985468800838 0.0031886666590986712 0.021020978647251685 0.0031886666590986712 -0.0017320747519269334 0.012691364184384171 -0.0040867261159103028
leaf_weight=156.34517666869215 16.175181146940304 301.37956028491317 54.5613155123865 578.62935401805589 1146.7250589078103 51.855140411302273 44.358581247550319
leaf_count=13851 5214 7047 934 12499 52336 774 3282
internal_value=0.000417926 0.000707214 0.00704047 -0.000663138 0.000287478 0.00436175 -0.00846093
internal_weight=2350.03 2333.85 407.796 1926.06 1725.35 353.235 200.704
internal_count=95937 90723 8755 81968 64835 7821 17133
is_linear=0
shrinkage=0.04


Tree=414
num_leaves=8
num_cat=0
split_feature=24 9 0 30 20 1 15
split_gain=13.0765 10.8597 8.01685 6.417 5.02794 4.93013 4.65795
threshold=1.0000000180025095e-35 1.0000000180025095e-35 0.78482640291139216 1.0000000180025095e-35 32.274078822226578 0.53017516701693024 1.5000000000000002
decision_type=2 2 2 2 2 2 2
left_child=1 2 -1 5 6 -3 -2
right_child=4 3 -4 -5 -6 -7 -8
leaf_value=-0.0092884944721799804 0.0045667879920271784 -0.0010032267775730015 -0.0012202669827434418 0.0045667879920271784 0.025678813985087801 0.0025092681722238249 0.015150846725550582
leaf_weight=285.51336237381838 124.31656538657262 737.44089473906934 602.5468901291315 96.74658247474872 18.989715847885236 401.19706649680302 68.266763335406722
leaf_count=31004 3216 24723 25821 927 252 8888 1118
internal_value=0.000424241 -0.000538164 -0.00388876 0.00188231 0.00967174 0.000451748 0.0069037
internal_weight=2335.02 2123.44 888.06 1235.38 211.573 1138.64 192.583
internal_count=95949 91363 56825 34538 4586 33611 4334
is_linear=0
shrinkage=0.04


Tree=415
num_leaves=8
num_cat=0
split_feature=21 20 7 12 18 1 18
split_gain=13.3428 12.4686 9.18492 9.95568 5.84338 3.28516 2.12953
threshold=2.5000000000000004 12.685827202016428 17.500000000000004 1.5000000000000002 352.16247948212157 0.23624221609003584 633.41403561092181
decision_type=2 2 2 2 2 2 2
left_child=1 2 5 -4 -2 -1 -3
right_child=4 6 3 -5 -6 -7 -8
leaf_value=-0.0017126898530483161 0.016272614922163683 0.0043810284730762322 -0.0017126898530483161 -0.007671910513057989 0.0043810284730762322 0.00098047658628149371 0.00098047658628149371
leaf_weight=185.61814001583843 98.69380383961834 247.36483594843958 525.75002055074583 689.65861872390815 90.539736031729262 391.74256047065865 111.56195295543876
leaf_count=10871 1415 7384 21517 38207 1672 10077 4659
internal_value=-0.000115556 -0.00102797 -0.00242008 -0.00440586 0.00979003 0.000980477 0.00438103
internal_weight=2340.93 2151.7 1792.77 1215.41 189.234 577.361 358.927
internal_count=95802 92715 80672 59724 3087 20948 12043
is_linear=0
shrinkage=0.04


Tree=416
num_leaves=8
num_cat=0
split_feature=14 19 16 20 16 29 1
split_gain=11.7761 9.62795 6.9591 6.56125 5.96433 4.93872 4.12162
threshold=1.5000000000000002 1.5000000000000002 3.5000000000000004 36.456266606353473 12.500000000000002 1.0000000180025095e-35 0.19195824018870192
decision_type=2 2 2 2 2 2 2
left_child=1 3 -2 -1 6 -4 -3
right_child=2 4 5 -5 -6 -7 -8
leaf_value=-0.0029669941438339505 0.0041641347393957476 -0.0019204701510708167 0.0054569015148354149 0.0041641347393957476 -0.017000342094935141 0.025460658782512177 0.0041641347393957476
leaf_weight=1318.1299645731287 171.17308158667583 172.82697759613075 41.912314987428545 69.533401398337446 12.340680549659735 44.262719080114039 509.19191297530779
leaf_count=66516 4746 7719 934 1988 3113 615 10357
internal_value=0.000719275 -0.000294136 0.00862241 -0.00221457 0.00352077 0.0173106 0.00413238
internal_weight=2339.37 2082.02 257.348 1387.66 694.36 86.175 682.019
internal_count=95988 89693 6295 68504 21189 1549 18076
is_linear=0
shrinkage=0.04


Tree=417
num_leaves=8
num_cat=0
split_feature=12 0 29 20 9 21 5
split_gain=12.2643 9.27114 8.63162 8.04848 5.10181 4.3653 2.32304
threshold=1.0000000180025095e-35 -1.0084884724098702 1.0000000180025095e-35 1.0000000180025095e-35 1.0000000180025095e-35 1.0000000180025095e-35 1.0000000180025095e-35
decision_type=2 2 2 2 2 2 2
left_child=2 -2 -1 4 -3 6 -4
right_child=1 3 5 -5 -6 -7 -8
leaf_value=0.0032457361331786985 -0.013714914050689595 -0.0042199648729902362 0.0084351032528153774 0.0032457361331786985 0.00044622637970965075 0.023262665127703301 0.015903185381320427
leaf_weight=187.18682641588384 74.106429750718235 641.01159182727861 79.115261805360205 384.75301659573233 879.95120214666531 47.438895218481775 46.661928835470462
leaf_count=6844 8874 39965 2027 12486 24384 584 926
internal_value=0.000528273 -0.000718097 0.00720957 -0.000143744 -0.00153506 0.0136245 0.00854371
internal_weight=2340.23 1979.82 360.403 1905.72 1520.96 173.216 125.777
internal_count=96090 85709 10381 76835 64349 3537 2953
is_linear=0
shrinkage=0.04


Tree=418
num_leaves=8
num_cat=0
split_feature=14 18 16 18 9 7 23
split_gain=11.8356 8.811 7.80601 5.88316 5.26504 3.91039 3.73158
threshold=1.5000000000000002 274.82277493040516 3.5000000000000004 48.375502190342402 1.0000000180025095e-35 17.500000000000004 60.500000000000007
decision_type=2 2 2 2 2 2 2
left_child=1 4 3 -2 -1 -3 -4
right_child=2 5 6 -5 -6 -7 -8
leaf_value=-0.0005014564320264829 0.019008463056515847 -0.0005014564320264829 0.023878128783118773 0.0037637897132530942 0.0037637897132530942 -0.0047285230732302804 0.0051727744512258958
leaf_weight=403.78065386352137 31.618908121658023 360.14516885906414 49.287804453546414 138.40819653688231 541.58329399825743 773.91258348013071 33.589367848464462
leaf_count=19273 416 15092 741 4294 12022 43304 787
internal_value=0.000268736 -0.000738873 0.00826645 0.00376379 0.0021009 -0.00310382 0.0176702
internal_weight=2332.33 2079.42 252.904 170.027 945.364 1134.06 82.8772
internal_count=95929 89691 6238 4710 31295 58396 1528
is_linear=0
shrinkage=0.04


Tree=419
num_leaves=8
num_cat=0
split_feature=17 0 14 16 16 28 11
split_gain=10.6152 9.71915 8.1683 6.87717 7.7765 6.38437 3.6019
threshold=0.80664832826236299 -1.032107344086955 1.0000000180025095e-35 5.5000000000000009 12.500000000000002 2.5000000000000004 191.73716236368912
decision_type=2 2 2 2 2 2 2
left_child=1 6 -2 5 -5 -3 -1
right_child=2 3 -4 4 -6 -7 -8
leaf_value=-0.0060903169418684792 0.0049612911925363077 0.00062706810055928068 0.021609176356030439 0.0049612911925363077 -0.0060903169418684792 -0.0056263571113062084 -0.018357030392672544
leaf_weight=23.649103665928124 123.99278395583315 1358.8041633350367 54.702958920024685 377.89825920968724 28.540920391520558 312.95018380614783 57.731707545393874
leaf_count=1438 3585 45081 932 7395 4448 25446 7737
internal_value=0.000809739 1.47091e-05 0.00990787 0.000573408 0.00496129 -0.000570059 -0.012754
internal_weight=2338.27 2159.57 178.696 2078.19 406.439 1671.75 81.3808
internal_count=96062 91545 4517 82370 11843 70527 9175
is_linear=0
shrinkage=0.04


Tree=420
num_leaves=8
num_cat=0
split_feature=29 10 2 23 6 16 0
split_gain=11.3952 18.3233 8.28506 6.75169 6.66264 6.09517 5.41713
threshold=1.0000000180025095e-35 52.065313947839094 0.54012009189033072 28.500000000000004 1.0000000180025095e-35 2.5000000000000004 3.0175107708504885
decision_type=2 2 2 2 2 2 2
left_child=4 2 -2 -3 5 -1 -6
right_child=1 3 -4 -5 6 -7 -8
leaf_value=-0.0074741543864121421 0.0066643137739370219 0.0066643137739370219 0.019683850046301965 0.001012399192440328 -0.0016035288613484465 -0.0016035288613484465 0.001012399192440328
leaf_weight=423.31466269303928 158.8865901868121 270.53180514356063 126.48694074367813 510.45615166203788 396.90843520097405 320.12978900164126 122.86019807908451
leaf_count=33342 3578 7757 2161 18213 11943 16591 2347
internal_value=0.000781476 0.00380834 0.0123162 0.0010124 -0.00178354 -0.00421946 0.0010124
internal_weight=2329.57 1066.36 285.374 780.988 1263.21 743.444 519.769
internal_count=95932 31709 5739 25970 64223 49933 14290
is_linear=0
shrinkage=0.04


Tree=421
num_leaves=8
num_cat=0
split_feature=30 16 15 28 4 17 23
split_gain=11.5159 9.88036 12.1815 6.53044 5.57626 5.19316 3.12259
threshold=1.0000000180025095e-35 12.500000000000002 2.5000000000000004 1.0000000180025095e-35 8.6500566467859432 0.2754239711220508 98.500000000000014
decision_type=2 2 2 2 2 2 2
left_child=1 2 3 -1 -2 -4 -6
right_child=4 -3 5 -5 6 -7 -8
leaf_value=0.0014238024029138514 0.0052082155459575443 -0.019459925203498121 0.0016232283252968036 -0.0037989176076291833 0.021185775312345986 0.0052082155459575443 0.010747607490369253
leaf_weight=618.10418400018534 43.075059861381305 32.578027498044321 171.48714453959838 979.51954711678991 78.881351620657369 387.42439215276681 26.251783058687579
leaf_count=17024 622 5693 4069 60396 841 6985 273
internal_value=0.000372871 -0.000378615 -1.87044e-06 -0.00178201 0.010795 0.00502847 0.016287
internal_weight=2337.32 2189.11 2156.54 1597.62 148.208 558.912 105.133
internal_count=95903 94167 88474 77420 1736 11054 1114
is_linear=0
shrinkage=0.04


Tree=422
num_leaves=8
num_cat=0
split_feature=11 9 28 12 1 10 4
split_gain=11.8735 10.3311 8.74567 8.47915 6.3816 5.99519 5.06786
threshold=25.521615193157832 1.0000000180025095e-35 2.5000000000000004 1.0000000180025095e-35 0.26206516295173454 101.7587368750094 29.046776962627685
decision_type=2 2 2 2 2 2 2
left_child=-1 2 4 -3 -2 -4 -5
right_child=1 3 5 6 -6 -7 -8
leaf_value=0.014254943663248929 -0.0062965380603957066 0.0069712932310049061 -0.0062965380603957066 -0.00071480343234527966 -0.00071480343234527966 -0.016458495180958013 0.003731641043341942
leaf_weight=83.248423939374334 288.11732117424617 204.2721621216042 53.507117420820578 962.7968170025124 479.66566749686172 129.36263096593757 115.94936908250384
leaf_count=1869 22323 4031 4186 28704 15694 16252 2819
internal_value=0.000270067 -0.000312357 -0.00345307 0.00202346 -0.00151882 -0.0110743 0.000491989
internal_weight=2316.92 2233.67 950.653 1283.02 767.783 182.87 1078.75
internal_count=95878 94009 58455 35554 38017 20438 31523
is_linear=0
shrinkage=0.04


Tree=423
num_leaves=8
num_cat=0
split_feature=19 21 1 28 20 8 1
split_gain=12.8299 9.61676 10.5669 8.76413 7.83464 6.86973 5.62096
threshold=1.5000000000000002 1.5000000000000002 0.056982069294624176 1.5000000000000002 58.651239893711569 1.0000000180025095e-35 0.53017516701693024
decision_type=2 2 2 2 2 2 2
left_child=4 2 -2 -4 5 -1 -7
right_child=1 -3 3 -5 -6 6 -8
leaf_value=-0.0029992555430963185 -0.018972982964615265 0.014472803598407944 0.0069018895537949652 -0.0028960540557988381 0.017461430928837899 0.0016946205999025478 0.0076363774256203278
leaf_weight=1416.0749825295425 25.122192927425203 118.93463394993887 419.88045655275164 214.30679118506669 23.243353343743365 76.533080182132835 50.788841915724333
leaf_count=68499 1736 1819 10257 8904 478 3246 1227
internal_value=0.000296256 0.00446189 0.00246674 0.00359737 -0.00178824 -0.00218868 0.0063885
internal_weight=2344.88 778.244 659.309 634.187 1566.64 1543.4 127.322
internal_count=96166 22716 20897 19161 73450 72972 4473
is_linear=0
shrinkage=0.04


Tree=424
num_leaves=8
num_cat=0
split_feature=11 10 19 2 10 4 22
split_gain=9.95487 8.66346 9.34877 7.42632 3.92057 3.39109 1.42884
threshold=25.521615193157832 1658.6630366094334 3.5000000000000004 0.20517752679099924 59.664143542197998 8.6500566467859432 0.023715785526809152
decision_type=2 2 2 2 2 2 2
left_child=4 2 3 -2 -1 -4 -6
right_child=1 -3 5 -5 6 -7 -8
leaf_value=0.025064750350662336 -0.0075367273237689084 -0.015231281660393949 -0.00083494367099071513 -0.00016217026165828496 0.0062868022680918371 0.0062868022680918371 0.015675776309377085
leaf_weight=20.695122072545928 138.45222700929298 50.146820160909556 104.96403502505564 1722.5598822600223 56.328494470195437 206.34514945080809 10.041796564240938
leaf_count=326 7421 2659 3284 77253 1443 3306 107
internal_value=0.000290418 -0.000256077 0.000157827 -0.000925712 0.0128297 0.0062868 0.0062868
internal_weight=2309.53 2222.47 2172.32 1861.01 87.0654 311.309 66.3703
internal_count=95799 93923 91264 84674 1876 6590 1550
is_linear=0
shrinkage=0.04


Tree=425
num_leaves=8
num_cat=0
split_feature=11 10 20 10 23 18 11
split_gain=12.404 12.477 7.50648 6.4371 10.3774 4.50669 3.82416
threshold=85.870251931559665 52.065313947839094 28.972392831733373 143.63066687014174 47.500000000000007 68.814143735520361 35.216564838464222
decision_type=2 2 2 2 2 2 2
left_child=1 6 3 -2 -5 -3 -1
right_child=2 5 -4 4 -6 -7 -8
leaf_value=0.030797750364269193 0.0010506113408582393 0.011756884840864488 0.0035320969487070411 -0.0011189822087343455 -0.0072151139448528691 0.0035320969487070411 0.011756884840864488
leaf_weight=28.572475264867535 680.72898993223134 54.978653649464832 165.24360742276622 552.44305173304019 582.09372798361983 203.7500276381179 57.273756015565596
leaf_count=462 24296 834 4337 26018 33338 5837 1001
internal_value=0.000702295 0.00759286 -0.000528669 -0.00143087 -0.00328858 0.0035321 0.0199817
internal_weight=2325.08 344.575 1980.51 1815.27 1134.54 258.729 85.8462
internal_count=96123 8134 87989 83652 59356 6671 1463
is_linear=0
shrinkage=0.04


Tree=426
num_leaves=8
num_cat=0
split_feature=30 21 5 9 15 11 15
split_gain=11.1225 8.0801 8.19423 6.52433 5.38811 2.37218 0.348624
threshold=1.0000000180025095e-35 2.5000000000000004 1.5000000000000002 1.0000000180025095e-35 2.5000000000000004 992.14852278573096 1.0000000180025095e-35
decision_type=2 2 2 2 2 2 2
left_child=1 2 4 -2 -1 6 -5
right_child=3 -3 -4 5 -6 -7 -8
leaf_value=-0.0040720049640658165 0.0048517736057849042 0.0048517736057849042 0.0017354617211645974 0.015950032091839185 -0.0004385972478298758 0.010715101491105239 0.026669329841532977
leaf_weight=1259.6419535893656 48.924119470932055 177.70552271342603 277.12256482343582 34.184948340523988 452.22801203620475 32.032611241389532 36.156659010899602
leaf_count=68141 738 2951 8926 310 14220 292 431
internal_value=0.000160444 -0.000591273 -0.00138085 0.0102948 -0.00261266 0.0165784 0.021185
internal_weight=2318 2166.7 1988.99 151.298 1711.87 102.374 70.3416
internal_count=96009 94238 91287 1771 82361 1033 741
is_linear=0
shrinkage=0.04


Tree=427
num_leaves=8
num_cat=0
split_feature=19 18 29 17 13 18 7
split_gain=12.1007 9.08158 9.02403 6.97124 7.18034 5.84044 5.12241
threshold=1.5000000000000002 55.5028991829059 1.0000000180025095e-35 0.22179716391276663 1.5000000000000002 231.49571426892609 13.500000000000002
decision_type=2 2 2 2 2 2 2
left_child=3 -2 6 -1 -5 -6 -3
right_child=1 2 -4 4 5 -7 -8
leaf_value=-0.0061899322080157474 0.012901550550998087 0.00254471809192662 0.00733277039373589 -0.002202030570254262 0.0097223953535454481 0.0010630963290319576 -0.0053785142486200465
leaf_weight=372.31484226708562 156.61062309025874 80.887154385702161 289.36892440649535 779.75057731868765 172.90925411996432 225.97735928415204 243.81256743026097
leaf_count=21533 2625 2445 6921 42859 2862 6136 10713
internal_value=0.000539575 0.00460355 0.00231443 -0.0014964 2.58259e-05 0.00432822 -0.00224333
internal_weight=2321.63 770.679 614.069 1550.95 1178.64 398.887 324.7
internal_count=96094 22704 20079 73390 51857 8998 13158
is_linear=0
shrinkage=0.04


Tree=428
num_leaves=8
num_cat=0
split_feature=24 7 16 16 28 4 7
split_gain=11.6286 8.62094 5.92769 6.64508 3.76034 3.41581 3.21724
threshold=1.0000000180025095e-35 8.5000000000000018 20.500000000000004 5.5000000000000009 1.5000000000000002 6.0504095344407922 32.500000000000007
decision_type=2 2 2 2 2 2 2
left_child=1 5 3 -3 6 -1 -2
right_child=4 2 -4 -5 -6 -7 -8
leaf_value=0.0016114668529940003 0.019836483088178126 -0.0024301886604591472 -0.022183576417380526 0.0016114668529940003 0.0045698287500763324 0.0045698287500763324 0.0090296389401437992
leaf_weight=55.710259822655644 65.366866625670809 1453.6446214762291 11.613452023491844 350.38637169746653 74.507836626260541 231.91089142796409 67.369536237398279
leaf_count=3019 1084 70095 4555 7702 2283 5801 1210
internal_value=0.00061877 -0.000289911 -0.0013469 -0.00109121 0.00942957 0.00456983 0.0134894
internal_weight=2310.51 2103.27 1815.64 1804.03 207.244 287.621 132.736
internal_count=95749 91172 82352 77797 4577 8820 2294
is_linear=0
shrinkage=0.04


Tree=429
num_leaves=8
num_cat=0
split_feature=2 5 25 1 1 18 16
split_gain=11.0702 10.4683 14.7135 11.4799 7.07079 6.45652 3.35937
threshold=0.51696055237675165 1.0000000180025095e-35 1.0000000180025095e-35 0.38801146221002775 0.066369488972749427 307.90305190936994 5.5000000000000009
decision_type=2 2 2 2 2 2 2
left_child=4 6 -3 -4 -1 -6 -2
right_child=1 2 3 -5 5 -7 -8
leaf_value=-0.013996449853824424 0.00072823398459489672 0.0045021573243858096 0.0095525330371691534 0.022625155462708286 0.00072823398459489672 -0.0042212771880789984 0.0045021573243858096
leaf_weight=64.470102703578959 509.52769822403206 144.36596933610053 137.22408352047933 146.68804470832401 580.02243070532495 607.11950276440621 130.56124551453831
leaf_count=6389 21874 7248 3410 1827 19874 31705 3784
internal_value=0.0005143 0.00348817 0.00827608 0.0146029 -0.0020317 -0.00127045 0.000728234
internal_weight=2319.98 1068.37 428.278 283.912 1251.61 1187.14 640.089
internal_count=96111 38143 12485 5237 57968 51579 25658
is_linear=0
shrinkage=0.04


Tree=430
num_leaves=8
num_cat=0
split_feature=8 13 4 1 0 15 7
split_gain=10.2781 10.9678 10.0108 10.4447 9.54689 5.41768 2.29792
threshold=1.0000000180025095e-35 2.5000000000000004 17.105529532891858 0.49054927301474521 -1.032107344086955 1.5000000000000002 13.500000000000002
decision_type=2 2 2 2 2 2 2
left_child=1 4 6 -4 -1 -6 -2
right_child=2 -3 3 -5 5 -7 -8
leaf_value=-0.016244227305538324 0.011926663791366405 0.0038927189876874057 0.011926663791366405 0.03436064996173583 -0.0031822445056027479 0.00084765134185902594 0.0038927189876874057
leaf_weight=64.324047619167686 28.742101673356956 350.90103445334535 33.725133064443071 36.293399688322097 1150.6831362946323 565.7133753897815 88.628738372877706
leaf_count=8313 850 6939 952 488 57747 17075 3558
internal_value=-7.20678e-05 -0.000876752 0.00866219 0.0199606 -0.00219742 -0.00157995 0.00389272
internal_weight=2319.01 2131.62 187.389 70.0185 1780.72 1716.4 117.371
internal_count=95922 90074 5848 1440 83135 74822 4408
is_linear=0
shrinkage=0.04


Tree=431
num_leaves=8
num_cat=0
split_feature=20 27 0 18 2 19 2
split_gain=10.2024 10.0694 8.04103 6.7279 6.70078 1.97816 1.79613
threshold=61.962507220857781 2.5000000000000004 -0.95922453774143868 212.88988429481492 0.26404737199743317 1.5000000000000002 0.46059382133843707
decision_type=2 2 2 2 2 2 2
left_child=1 2 5 -3 -4 -1 -2
right_child=6 3 4 -5 -6 -7 -8
leaf_value=-0.01732746732500037 0.0093880661710003272 0.0093880661710003272 -0.0064140405677369739 0.0028803128871012396 0.00047863050963853988 -0.0066628914759214695 0.024801339615695847
leaf_weight=51.327015730725179 14.280261461739427 124.25094693636493 251.13811975612771 173.6906659007509 1653.8196994848477 26.120789111309932 23.343647295580013
leaf_count=7705 272 3006 12278 4699 65604 2117 334
internal_value=0.000417696 3.48647e-05 -0.00100571 0.00676634 -0.000458807 -0.012867 0.0187413
internal_weight=2317.97 2280.35 1982.41 297.942 1904.96 77.4478 37.6239
internal_count=96015 95409 87704 7705 77882 9822 606
is_linear=0
shrinkage=0.04


Tree=432
num_leaves=7
num_cat=0
split_feature=16 28 6 4 17 10
split_gain=10.6532 10.1787 10.1343 65.2569 7.38213 2.0873
threshold=18.500000000000004 6.5000000000000009 1.0000000180025095e-35 19.575331539145626 0.43796859801519911 169.17971271004672
decision_type=2 2 2 2 2 2
left_child=1 2 4 -4 -1 -3
right_child=-2 5 3 -5 -6 -7
leaf_value=-0.0037229561337824447 -0.025172232229078304 -0.0083256252776589355 0.0017928808061030482 0.020819559004450268 0.0017928808061030482 -0.023658298882323008
leaf_weight=721.46451429827721 15.507036037930446 11.008918818748496 583.50634814427758 296.87011927488493 662.8301489955229 24.829560394115106
leaf_count=43077 5400 655 15053 4669 25371 1717
internal_value=0.000541284 0.000822807 0.00119541 0.00452542 -0.000939656 -0.0178467
internal_weight=2316.02 2300.51 2264.67 880.376 1384.29 35.8385
internal_count=95942 90542 88170 19722 68448 2372
is_linear=0
shrinkage=0.04


Tree=433
num_leaves=8
num_cat=0
split_feature=16 17 16 27 5 17 13
split_gain=10.0065 10.888 9.02298 7.5222 6.98362 5.51672 4.31322
threshold=20.500000000000004 0.59280407283884673 2.5000000000000004 1.5000000000000002 1.5000000000000002 0.11275042334129326 1.5000000000000002
decision_type=2 2 2 2 2 2 2
left_child=1 4 6 -4 5 -1 -3
right_child=-2 2 3 -5 -6 -7 -8
leaf_value=-0.0082722972061926685 -0.024735025631001575 0.002047724739320409 0.0067409020167492643 0.023009582567036418 0.002047724739320409 -0.001202898693757485 0.0091265728684664215
leaf_weight=197.9921933003352 14.834950624466726 247.1712831397308 226.82239477422263 52.569911190847051 220.76839276479586 1206.5940902556067 137.76926112409274
leaf_count=10225 5218 9774 4841 750 7073 55738 2243
internal_value=0.000523779 0.000794278 0.00506848 0.0104913 -0.000973032 -0.00225084 0.00204772
internal_weight=2304.52 2289.69 664.333 279.392 1625.35 1404.59 384.941
internal_count=95862 90644 17608 5591 73036 65963 12017
is_linear=0
shrinkage=0.04


Tree=434
num_leaves=8
num_cat=0
split_feature=14 19 1 13 2 5 26
split_gain=10.7071 8.5886 7.04528 5.61156 5.6369 5.1529 4.78238
threshold=1.0000000180025095e-35 4.5000000000000009 0.22029310144292055 1.5000000000000002 0.48427539212826437 1.0000000180025095e-35 -0.51207977501840019
decision_type=2 2 2 2 2 2 2
left_child=2 3 6 -2 -5 -4 -1
right_child=1 -3 5 4 -6 -7 -8
leaf_value=-0.01372738921845151 0.0011828755254567902 0.01753319394678611 -0.0026471235593492448 0.0045249367124526006 0.013994960414062549 0.0011828755254567902 -0.003705357497971708
leaf_weight=89.90326893661404 398.50821998581523 59.360577274943353 688.44878437331499 98.42816326286993 121.48540069087176 483.29432099781116 380.2291651440737
leaf_count=8041 13773 813 26589 1657 1710 12991 30571
internal_value=-4.10573e-05 0.00415269 -0.00178693 0.00260976 0.007867 -0.000113767 -0.00586786
internal_weight=2319.66 677.782 1641.88 618.422 219.914 1171.74 470.132
internal_count=96145 17953 78192 17140 3367 39580 38612
is_linear=0
shrinkage=0.04


Tree=435
num_leaves=8
num_cat=0
split_feature=1 19 4 0 8 22 28
split_gain=10.2728 8.63583 7.95627 16.6519 7.24202 6.12189 5.52799
threshold=0.034771724018914069 3.5000000000000004 42.033102012018055 2.107625253890117 1.0000000180025095e-35 0.013590051405177458 1.0000000180025095e-35
decision_type=2 2 2 2 2 2 2
left_child=-1 2 4 -4 -2 6 -3
right_child=1 5 3 -5 -6 -7 -8
leaf_value=-0.017668588917176417 -0.0020864584213795439 0.0095811355620475189 0.0057687664325298113 0.035643073221683662 0.0057687664325298113 0.016126275329398303 -0.0014256246004299385
leaf_weight=42.953177457169659 1741.9116112661104 95.703697221451876 31.411130242762738 23.91607716967701 155.90691718096059 65.676631015958264 167.0223018580582
leaf_count=3408 78812 1790 1488 531 5115 787 4156
internal_value=-0.000251373 0.000152201 -0.000865753 0.0128691 -0.00133152 0.00605308 0.003036
internal_weight=2324.5 2281.55 1953.15 55.3272 1897.82 328.403 262.726
internal_count=96087 92679 85946 2019 83927 6733 5946
is_linear=0
shrinkage=0.04


Tree=436
num_leaves=8
num_cat=0
split_feature=13 7 29 22 3 28 16
split_gain=10.5019 8.159 7.37855 6.55946 4.17191 5.44519 3.40443
threshold=2.5000000000000004 43.500000000000007 1.0000000180025095e-35 0.016161682120935095 7.0575820970576979 4.5000000000000009 5.5000000000000009
decision_type=2 2 2 2 2 2 2
left_child=1 2 -1 6 -3 -6 -2
right_child=3 4 -4 -5 5 -7 -8
leaf_value=-0.0015347464647031751 0.0027388751735865973 -0.0015347464647031751 0.0027388751735865973 0.015756911233389338 -0.0051837740760838141 -0.021563873392361127 0.0095240450962282858
leaf_weight=651.68579762260561 230.30366677741404 269.84441221718225 550.73103905072639 81.486867104555131 432.45297805604241 26.891406430193456 59.261775421080529
leaf_count=34959 5394 13054 17183 874 20681 2650 1056
internal_value=0.000300177 -0.000892698 0.00113194 0.00637045 -0.00420144 -0.00658173 0.00329118
internal_weight=2302.66 1931.61 1202.42 371.052 729.189 459.344 289.565
internal_count=95851 88527 52142 7324 36385 23331 6450
is_linear=0
shrinkage=0.04


Tree=437
num_leaves=8
num_cat=0
split_feature=17 14 26 13 26 28 4
split_gain=11.1314 10.8771 6.73643 5.25705 3.70401 3.17481 1.40045
threshold=0.88444960268455286 1.5000000000000002 -1.2763379747320542 2.5000000000000004 0.17434838224455143 1.5000000000000002 23.496723405845035
decision_type=2 2 2 2 2 2 2
left_child=1 2 6 -4 -3 -2 -1
right_child=5 4 3 -5 -6 -7 -8
leaf_value=-0.018715776153542564 0.02205528506532355 0.0030361116646773511 -0.0018331796949023959 0.0030361116646773511 0.0077891830729896749 0.0077891830729896749 -0.0078608481059914848
leaf_weight=37.837321533159411 40.489104506159492 118.69568755152068 1650.7333641429504 309.22590082560782 129.4567142099695 19.018269179883646 9.8706444555791659
leaf_count=2067 813 3259 79381 6375 2920 683 383
internal_value=0.000147935 -0.000336389 -0.00132409 -0.000922632 0.00739631 0.0159148 -0.0147991
internal_weight=2315.33 2255.82 2007.67 1959.96 248.152 59.5074 47.708
internal_count=95881 94385 88206 85756 6179 1496 2450
is_linear=0
shrinkage=0.04


Tree=438
num_leaves=8
num_cat=0
split_feature=14 17 22 2 28 22 2
split_gain=8.63345 10.9399 7.54938 5.21266 5.83805 5.24415 4.29815
threshold=1.0000000180025095e-35 0.81449982813146515 0.0021563348584607376 0.12558539162862489 1.5000000000000002 0.0013080450330219351 0.62268558121886997
decision_type=2 2 2 2 2 2 2
left_child=3 2 -2 -1 6 -6 -5
right_child=1 -3 -4 4 5 -7 -8
leaf_value=-0.015055917782701617 0.0015394843112884957 0.020618870541231456 0.010420715376747514 -0.0014917429811200104 -0.0069560085400912379 -0.0015728771035253216 0.0015394843112884957
leaf_weight=31.96745984766676 472.46431866778221 49.620054871586035 152.64596668323793 778.6904236294049 402.58087447631806 135.33240362704237 274.888247912917
leaf_count=1880 14565 842 2421 28801 34551 4858 8053
internal_value=0.000446427 0.00421504 0.00260879 -0.00113607 -0.000764205 -0.00411486 0.000969103
internal_weight=2298.19 674.73 625.11 1623.46 1591.49 537.913 1053.58
internal_count=95971 17828 16986 78143 76263 39409 36854
is_linear=0
shrinkage=0.04


Tree=439
num_leaves=8
num_cat=0
split_feature=5 4 6 28 4 4 13
split_gain=11.721 18.7807 16.8799 9.24223 5.87961 5.82373 7.42173
threshold=1.0000000180025095e-35 32.115547874962715 1.0000000180025095e-35 1.0000000180025095e-35 10.035986122498464 3.7273065026228624 1.5000000000000002
decision_type=2 2 2 2 2 2 2
left_child=5 3 -3 4 -2 -1 -7
right_child=1 2 -4 -5 -6 6 -8
leaf_value=-0.011787129488571718 0.003803391043855252 0.010874139961296084 0.036098192798643042 0.00033045948254010224 0.010874139961296084 -0.0042752718132335618 0.00033045948254010224
leaf_weight=92.28244692962835 133.58763130863917 34.031181859689241 47.457176496303873 509.08257670294915 179.52903593541123 842.10900081684485 460.79970600145316
leaf_count=7642 4372 1456 614 21024 2757 47806 10150
internal_value=-0.000287579 0.00324047 0.0204373 0.00131099 0.00727632 -0.00257955 -0.00184259
internal_weight=2298.88 903.688 81.4884 822.199 313.117 1395.19 1302.91
internal_count=95821 30223 2070 28153 7129 65598 57956
is_linear=0
shrinkage=0.04


Tree=440
num_leaves=8
num_cat=0
split_feature=18 29 10 9 3 4 11
split_gain=9.40493 10.0612 11.2321 6.10348 5.31402 4.0826 3.05648
threshold=17.324600825703218 1.0000000180025095e-35 56.875930176440541 1.0000000180025095e-35 6.7843335712421515 11.55352867794066 275.91359619252358
decision_type=2 2 2 2 2 2 2
left_child=5 3 -3 4 -2 -1 -4
right_child=1 2 6 -5 -6 -7 -8
leaf_value=0.0050286175657258203 -0.0033161901897757178 0.0050286175657258203 0.0024526860762170283 -0.00038820082528689135 -0.0093794018075808311 0.01685485876768875 -0.00012324541329176376
leaf_weight=62.767381430050591 142.16571672726241 277.43198017062969 233.57559370480885 681.56814366908657 338.75521398129058 67.141750148090068 493.63990149651363
leaf_count=1371 11474 5788 5297 23392 27882 904 19988
internal_value=0.000326436 -0.000321022 0.00259692 -0.00284341 -0.00624418 0.0103783 -0.000123245
internal_weight=2297.05 2167.14 1004.65 1162.49 480.921 129.909 727.215
internal_count=96096 93821 31073 62748 39356 2275 25285
is_linear=0
shrinkage=0.04


Tree=441
num_leaves=8
num_cat=0
split_feature=11 7 12 10 10 29 1
split_gain=11.2028 9.62191 8.57053 9.15185 5.0493 4.43224 3.78841
threshold=25.521615193157832 8.5000000000000018 1.5000000000000002 1124.4497842918004 59.664143542197998 1.0000000180025095e-35 0.31375170899927585
decision_type=2 2 2 2 2 2 2
left_child=4 6 5 -4 -1 -3 -2
right_child=1 2 3 -5 -6 -7 -8
leaf_value=0.026843914720604319 0.0020782760619782225 -0.0013532411111343197 -0.0030042585750537812 -0.017665559087901597 0.0063375848321663587 0.0020782760619782225 0.0063375848321663587
leaf_weight=21.282377869822085 134.73884822358377 446.70272308439962 1013.0956139597656 63.839835272492564 65.368417805453646 403.51730077804677 173.76920518808765
leaf_count=323 5558 21045 49619 4185 1571 10487 3521
internal_value=-4.28171e-05 -0.000616529 -0.00167326 -0.0040279 0.0132917 0.00132142 0.00582981
internal_weight=2322.31 2235.66 1927.16 1076.94 86.6508 850.22 308.508
internal_count=96309 94415 85336 53804 1894 31532 9079
is_linear=0
shrinkage=0.04


Tree=442
num_leaves=8
num_cat=0
split_feature=30 0 18 28 1 11 18
split_gain=13.5145 12.946 7.65474 8.955 5.15679 4.19321 3.85684
threshold=1.0000000180025095e-35 -0.50407031261224267 26.678569210724973 1.0000000180025095e-35 0.09242021451081138 405.63626353144338 278.72799251514408
decision_type=2 2 2 2 2 2 2
left_child=1 5 -3 -4 -2 -1 -6
right_child=4 2 3 -5 6 -7 -8
leaf_value=-0.0052775538739912933 0.0053066652819300951 0.0053066652819300951 0.0023014364880489311 -0.0029701169296295501 0.023010254258092996 -0.015972829407698806 0.010337971337204398
leaf_weight=79.387664729962125 15.410828458960166 198.16825085913297 689.68802975978542 1088.7282910201502 57.391231771529419 100.70308365615347 74.129177496652119
leaf_count=5775 233 3230 18097 53655 717 13397 814
internal_value=4.98818e-05 -0.00077132 0.000186601 -0.000703792 0.0113847 -0.0107417 0.0153693
internal_weight=2303.61 2156.68 1976.58 1778.42 146.931 180.091 131.52
internal_count=95918 94154 74982 71752 1764 19172 1531
is_linear=0
shrinkage=0.04


Tree=443
num_leaves=8
num_cat=0
split_feature=21 14 13 16 18 16 1
split_gain=10.5413 11.0514 8.0744 7.45882 7.65819 2.37304 1.1579
threshold=3.5000000000000004 1.5000000000000002 1.5000000000000002 12.500000000000002 121.89376185898824 1.5000000000000002 0.78926230145437615
decision_type=2 2 2 2 2 2 2
left_child=1 3 -2 4 -1 -3 -5
right_child=2 5 -4 6 -6 -7 -8
leaf_value=0.0026574292564348879 0.0067116931459852659 0.0026574292564348879 0.026588997505198469 -0.022173133754321478 -0.0027100196950391128 0.0067116931459852659 -0.00059285545714353937
leaf_weight=594.93056115591025 41.879094732095837 94.362595166210667 34.925015341897961 21.47711279641408 1356.0248277351748 148.21023653502925 5.1953560143592759
leaf_count=13625 838 2682 334 4770 69632 3428 629
internal_value=0.000140611 -0.000392281 0.0138157 -0.00139683 -0.00105532 0.00671169 -0.0192775
internal_weight=2297 2220.2 76.8041 1977.63 1950.96 242.573 26.6725
internal_count=95938 94766 1172 88656 83257 6110 5399
is_linear=0
shrinkage=0.04


Tree=444
num_leaves=8
num_cat=0
split_feature=21 20 13 17 16 16 16
split_gain=9.18026 8.10875 7.02885 6.88263 7.16608 3.34718 0.099655
threshold=3.5000000000000004 36.456266606353473 1.5000000000000002 0.34377976378317215 1.5000000000000002 1.0000000180025095e-35 1.0000000180025095e-35
decision_type=2 2 2 2 2 2 2
left_child=1 3 -2 5 -5 -1 -3
right_child=2 6 -4 4 -6 -7 -8
leaf_value=-0.0017270807867744143 0.005953405707514417 0.0023329116702383774 0.024536685564502215 -0.0017270807867744143 0.0023329116702383774 -0.0054473895325921765 0.005953405707514417
leaf_weight=134.85800987487164 42.912938202687656 19.965081602043938 34.641607549012406 490.55174670223278 765.27737497037197 713.36230806927415 103.46415392664494
leaf_count=8328 819 593 342 21029 27651 34908 2346
internal_value=-0.000151756 -0.000648309 0.0125551 -0.00128758 0.000594734 -0.0040489 0.00595341
internal_weight=2305.03 2227.48 77.5545 2104.05 1255.83 848.22 123.429
internal_count=96016 94855 1161 91916 48680 43236 2939
is_linear=0
shrinkage=0.04


Tree=445
num_leaves=8
num_cat=0
split_feature=16 16 17 10 18 10 23
split_gain=9.0411 9.50895 9.27165 6.66748 6.24842 8.40877 5.23825
threshold=20.500000000000004 5.5000000000000009 0.82280975911484056 11.022083504578907 158.7516229695313 82.940574790674717 47.500000000000007
decision_type=2 2 2 2 2 2 2
left_child=1 2 3 -1 6 -6 -3
right_child=-2 4 -4 -5 5 -7 -8
leaf_value=0.0039741041017437445 -0.024251953964980283 0.018768851382923109 0.0095728450557237988 -0.0023405585632030007 0.0069711403100370687 -0.0032495574080142696 0.0069711403100370687
leaf_weight=100.09843552060192 14.057163448598656 82.314796715072589 117.02899315023387 1627.176290637326 92.561996231423109 193.36335461524141 69.011305708692817
leaf_count=3081 5208 1158 2833 75759 1572 5258 1058
internal_value=0.000142706 0.000398183 -0.000866315 -0.00162464 0.00563189 0.0020031 0.0119392
internal_weight=2295.61 2281.56 1844.3 1727.27 437.251 285.925 151.326
internal_count=95927 90719 81673 78840 9046 6830 2216
is_linear=0
shrinkage=0.04


Tree=446
num_leaves=8
num_cat=0
split_feature=28 2 6 1 25 2 3
split_gain=10.7437 19.8034 10.0922 24.8116 7.61916 9.79176 5.27291
threshold=4.5000000000000009 0.70187366602362744 1.0000000180025095e-35 0.53017516701693024 1.0000000180025095e-35 0.78524268294910959 8.2271077694679899
decision_type=2 2 2 2 2 2 2
left_child=1 2 -1 -4 -3 -6 -2
right_child=6 4 3 -5 5 -7 -8
leaf_value=-0.0026880381629104263 -0.0043526497270255527 0.0048165207525379403 0.00036640489878321829 0.0048165207525379403 0.0094584803880780575 0.023011045963169243 -0.02001049350919485
leaf_weight=1141.3921312423208 91.175475287047448 93.63796113558783 402.99906174359057 280.30848389546736 133.571333753418 109.90568029321003 43.88756580584959
leaf_count=59063 7025 5547 11402 4400 2892 2062 3736
internal_value=0.000568014 0.0012696 -0.000394226 0.00342085 0.0100273 0.0141004 -0.0099749
internal_weight=2296.88 2161.81 1824.7 683.308 337.115 243.477 135.063
internal_count=96127 85366 74865 15802 10501 4954 10761
is_linear=0
shrinkage=0.04


Tree=447
num_leaves=8
num_cat=0
split_feature=8 4 20 9 26 11 11
split_gain=9.06014 12.6319 8.93853 8.21585 7.35756 3.27744 0.628283
threshold=1.0000000180025095e-35 18.293545861070388 21.154073763940183 1.0000000180025095e-35 0.15106058015858267 334.17429941115591 526.98166901428306
decision_type=2 2 2 2 2 2 2
left_child=2 -2 3 4 -1 -5 -3
right_child=1 6 -4 5 -6 -7 -8
leaf_value=-0.0079579288510827871 0.0046977171877431514 0.028699956261632315 0.0046977171877431514 0.0019212742381249665 -0.0012710850824270991 -0.00087876374222998078 0.01368361058109374
leaf_weight=380.75639663381662 118.40768658470188 29.803686995292082 242.96644752653629 377.31993075572245 401.64508258007845 700.21605427193572 35.713031684921589
leaf_count=27503 4524 513 7316 8131 24115 23123 823
internal_value=0.000943113 0.00921609 0.000179348 -0.000855169 -0.00394935 0.00140718 0.0226695
internal_weight=2286.83 183.924 2102.9 1859.94 782.401 1077.54 65.5167
internal_count=96048 5860 90188 82872 51618 31254 1336
is_linear=0
shrinkage=0.04


Tree=448
num_leaves=8
num_cat=0
split_feature=1 28 12 4 11 26 18
split_gain=9.91076 11.4794 8.86644 7.6796 4.94855 4.75732 3.42204
threshold=0.11149573353522131 1.0000000180025095e-35 1.5000000000000002 23.496723405845035 180.32451431987116 0.58540085856372337 88.190383446888731
decision_type=2 2 2 2 2 2 2
left_child=5 2 4 6 -2 -1 -3
right_child=1 3 -4 -5 -6 -7 -8
leaf_value=-0.010260025496565215 0.01800316853633931 -0.00021550434556069143 0.0021323128446591407 0.0021323128446591407 0.0067514500921216046 -0.0025633215357805236 -0.0025633215357805236
leaf_weight=195.89823100798276 85.134578107885318 253.9963474502656 430.91231837887608 257.43848493287078 257.64045476327556 77.41908752200834 728.73171885784177
leaf_count=16812 1236 6038 12271 8336 5217 5551 40470
internal_value=0.000451841 0.00143084 0.00522143 -0.000956807 0.00997714 -0.00655748 -0.00256332
internal_weight=2287.17 2013.85 773.687 1240.17 342.775 273.317 982.728
internal_count=95931 73568 18724 54844 6453 22363 46508
is_linear=0
shrinkage=0.04


Tree=449
num_leaves=8
num_cat=0
split_feature=28 20 29 19 9 4 22
split_gain=10.4755 9.08019 9.9645 10.3167 6.8412 4.41463 2.78436
threshold=2.5000000000000004 58.651239893711569 1.0000000180025095e-35 1.5000000000000002 1.0000000180025095e-35 18.293545861070388 0.01670153417015342
decision_type=2 2 2 2 2 2 2
left_child=1 2 5 -4 6 -1 -2
right_child=4 -3 3 -5 -6 -7 -8
leaf_value=-0.0015010703740296616 -0.013441488053901945 0.019470168716292018 0.0016552421686838793 0.010476677988985734 -0.0015010703740296616 0.0016552421686838793 -0.0060236916051533227
leaf_weight=675.2856403747337 150.89100499368942 36.151172885263804 572.70460240946704 284.5244919148754 240.96306325121259 294.90281584298282 36.379905318317469
leaf_count=32700 19181 511 15635 5598 11614 9100 1706
internal_value=0.000634522 0.00193417 0.00148319 0.00460045 -0.00493631 -0.00128997 -0.0105463
internal_weight=2291.8 1863.57 1827.42 857.229 428.234 970.188 187.271
internal_count=96045 63544 63033 21233 32501 41800 20887
is_linear=0
shrinkage=0.04


end of trees

feature_importances:
r_inflow_count_24h=297
s_hesitation_secs=205
s_balance_share=194
r_median_hold_mins=172
s_amount_zscore=170
r_outflow_ratio_24h=159
r_age_days=128
s_on_call=115
r_sim_age_days=112
i_geo_mismatch=111
i_mutual_contacts=110
r_wallets_per_nid=108
r_first_time_senders_24h=106
s_hour_unusual=100
s_round_amount=100
r_dormant_days=94
i_first_time_recipient=90
r_cashout_agents_7d=85
r_report_rate=85
i_same_amount_inflows_24h=84
s_history_count=79
r_shared_device_wallets=76
s_amount_edits=72
i_sms_claim_mismatch=68
r_kyc_level=54
r_report_count=53
r_sim_swap_recent=44
r_prior_txns=28
s_new_device=22
i_amount_vs_recipient_typical=20
s_log_mins_since_credit=4

parameters:
[boosting: gbdt]
[objective: binary]
[metric: binary_logloss]
[tree_learner: serial]
[device_type: cpu]
[data_sample_strategy: bagging]
[data: ]
[valid: ]
[num_iterations: 450]
[learning_rate: 0.04]
[num_leaves: 8]
[num_threads: 2]
[seed: 11]
[deterministic: 0]
[force_col_wise: 0]
[force_row_wise: 0]
[histogram_pool_size: -1]
[max_depth: 4]
[min_data_in_leaf: 150]
[min_sum_hessian_in_leaf: 0.001]
[bagging_fraction: 0.8]
[pos_bagging_fraction: 1]
[neg_bagging_fraction: 1]
[bagging_freq: 1]
[bagging_seed: 27648]
[bagging_by_query: 0]
[feature_fraction: 0.7]
[feature_fraction_bynode: 1]
[feature_fraction_seed: 4989]
[extra_trees: 0]
[extra_seed: 22223]
[early_stopping_round: 0]
[early_stopping_min_delta: 0]
[first_metric_only: 0]
[max_delta_step: 0]
[lambda_l1: 0]
[lambda_l2: 10]
[linear_lambda: 0]
[min_gain_to_split: 0]
[drop_rate: 0.1]
[max_drop: 50]
[skip_drop: 0.5]
[xgboost_dart_mode: 0]
[uniform_drop: 0]
[drop_seed: 21136]
[top_rate: 0.2]
[other_rate: 0.1]
[min_data_per_group: 100]
[max_cat_threshold: 32]
[cat_l2: 10]
[cat_smooth: 10]
[max_cat_to_onehot: 4]
[top_k: 20]
[monotone_constraints: 1,1,1,-1,1,1,1,-1,1,1,-1,-1,-1,1,1,1,0,1,-1,0,1,1,1,-1,1,1,1,1,-1,1,1]
[monotone_constraints_method: basic]
[monotone_penalty: 0]
[feature_contri: ]
[forcedsplits_filename: ]
[refit_decay_rate: 0.9]
[cegb_tradeoff: 1]
[cegb_penalty_split: 0]
[cegb_penalty_feature_lazy: ]
[cegb_penalty_feature_coupled: ]
[path_smooth: 0]
[interaction_constraints: ]
[verbosity: -1]
[saved_feature_importance_type: 0]
[use_quantized_grad: 0]
[num_grad_quant_bins: 4]
[quant_train_renew_leaf: 0]
[stochastic_rounding: 1]
[linear_tree: 0]
[max_bin: 255]
[max_bin_by_feature: ]
[min_data_in_bin: 3]
[bin_construct_sample_cnt: 200000]
[data_random_seed: 74]
[is_enable_sparse: 1]
[enable_bundle: 1]
[use_missing: 1]
[zero_as_missing: 0]
[feature_pre_filter: 1]
[pre_partition: 0]
[two_round: 0]
[header: 0]
[label_column: ]
[weight_column: ]
[group_column: ]
[ignore_column: ]
[categorical_feature: ]
[forcedbins_filename: ]
[precise_float_parser: 0]
[parser_config_file: ]
[objective_seed: 24011]
[num_class: 1]
[is_unbalance: 0]
[scale_pos_weight: 1]
[sigmoid: 1]
[boost_from_average: 1]
[reg_sqrt: 0]
[alpha: 0.9]
[fair_c: 1]
[poisson_max_delta_step: 0.7]
[tweedie_variance_power: 1.5]
[lambdarank_truncation_level: 30]
[lambdarank_norm: 1]
[label_gain: ]
[lambdarank_position_bias_regularization: 0]
[eval_at: ]
[multi_error_top_k: 1]
[auc_mu_weights: ]
[num_machines: 1]
[local_listen_port: 12400]
[time_out: 120]
[machine_list_filename: ]
[machines: ]
[gpu_platform_id: -1]
[gpu_device_id: -1]
[gpu_device_id_list: ]
[gpu_use_dp: 0]
[num_gpu: 1]

end of parameters

pandas_categorical:[]
